AREA;PROBLEMA_OBJETIVO;ALIAS;RIESGO_PROBLEMA;TECNICA_METODO;TAREA_PAUTA;DESCRIPCION_TAREA;OBJETIVO;RIESGO_TAREA;DURACION;PRIORIDAD;FUENTE_IDS;NOTA_PROFESIONAL
Planificación del temario;No sabe por dónde empezar;Inicio desorganizado;bajo;Diagnóstico inicial del opositor;Ficha inicial del opositor;Registrar oposición, convocatoria, temario, formato, tiempo disponible y disponibilidad semanal.;Definir punto de partida.;bajo;30 min;media;"OPO_SRC001;OPO_SRC002";El preparador debe adaptar la pauta a oposición, convocatoria, formato de examen, nivel real, disponibilidad y estado del alumno.
Planificación del temario;No sabe por dónde empezar;Inicio desorganizado;bajo;Diagnóstico inicial del opositor;Test diagnóstico inicial;Realizar prueba breve o simulacro parcial para estimar nivel.;Detectar base real.;medio;30-90 min;media;"OPO_SRC001;OPO_SRC002";El preparador debe adaptar la pauta a oposición, convocatoria, formato de examen, nivel real, disponibilidad y estado del alumno.
Planificación del temario;No sabe por dónde empezar;Inicio desorganizado;bajo;Diagnóstico inicial del opositor;Mapa completo del temario;Listar bloques, temas, peso estimado, dificultad y estado.;Visualizar carga total.;bajo;60 min;media;"OPO_SRC001;OPO_SRC002";El preparador debe adaptar la pauta a oposición, convocatoria, formato de examen, nivel real, disponibilidad y estado del alumno.
Planificación del temario;No sabe por dónde empezar;Inicio desorganizado;bajo;Planificación inversa;Calendario inverso hasta examen;Crear calendario desde la fecha de examen hacia atrás.;Asegurar cobertura y repasos.;bajo;45 min;alta;"OPO_SRC001;OPO_SRC002";El preparador debe adaptar la pauta a oposición, convocatoria, formato de examen, nivel real, disponibilidad y estado del alumno.
Planificación del temario;No sabe por dónde empezar;Inicio desorganizado;bajo;Planificación inversa;Plan semanal de estudio;Asignar bloques concretos por día con tema, técnica y objetivo.;Ejecutar planificación.;bajo;semanal;media;"OPO_SRC001;OPO_SRC002";El preparador debe adaptar la pauta a oposición, convocatoria, formato de examen, nivel real, disponibilidad y estado del alumno.
Planificación del temario;No sabe por dónde empezar;Inicio desorganizado;bajo;Priorización por impacto/riesgo;Tabla de prioridad de temas;Puntuar cada tema por peso, dificultad, dominio y urgencia.;Priorizar con criterio.;bajo;30 min;media;"OPO_SRC001;OPO_SRC002";El preparador debe adaptar la pauta a oposición, convocatoria, formato de examen, nivel real, disponibilidad y estado del alumno.
Planificación del temario;No sabe por dónde empezar;Inicio desorganizado;bajo;Priorización por impacto/riesgo;Semáforo de temas;Marcar tema en rojo/ámbar/verde según dominio.;Control visual de avance.;bajo;semanal;media;"OPO_SRC001;OPO_SRC002";El preparador debe adaptar la pauta a oposición, convocatoria, formato de examen, nivel real, disponibilidad y estado del alumno.
Planificación del temario;No sabe por dónde empezar;Inicio desorganizado;bajo;Sistema de vueltas;Plan de primera vuelta;Dividir temario en bloques de primera lectura/comprensión.;Completar base inicial.;bajo;variable;media;"OPO_SRC001;OPO_SRC002";El preparador debe adaptar la pauta a oposición, convocatoria, formato de examen, nivel real, disponibilidad y estado del alumno.
Planificación del temario;No sabe por dónde empezar;Inicio desorganizado;bajo;Sistema de vueltas;Plan de segunda vuelta;Programar recuperación y repasos por bloques ya vistos.;Consolidar contenido.;bajo;variable;media;"OPO_SRC001;OPO_SRC002";El preparador debe adaptar la pauta a oposición, convocatoria, formato de examen, nivel real, disponibilidad y estado del alumno.
Planificación del temario;No sabe por dónde empezar;Inicio desorganizado;bajo;Objetivos SMART;Objetivo SMART semanal;Definir objetivo concreto de avance/repaso/simulacro.;Aumentar foco.;bajo;semanal;media;"OPO_SRC001;OPO_SRC002";El preparador debe adaptar la pauta a oposición, convocatoria, formato de examen, nivel real, disponibilidad y estado del alumno.
Planificación del temario;No sabe por dónde empezar;Inicio desorganizado;bajo;Seguimiento de métricas;Registro real de horas útiles;Registrar tiempo efectivo, no solo tiempo sentado.;Medir dedicación real.;bajo;diario;media;"OPO_SRC001;OPO_SRC002";El preparador debe adaptar la pauta a oposición, convocatoria, formato de examen, nivel real, disponibilidad y estado del alumno.
Planificación del temario;No sabe por dónde empezar;Inicio desorganizado;bajo;Seguimiento de métricas;Dashboard de métricas;Registrar temas vistos, repasos, simulacros, nota y cumplimiento.;Visualizar evolución.;bajo;continuo;media;"OPO_SRC001;OPO_SRC002";El preparador debe adaptar la pauta a oposición, convocatoria, formato de examen, nivel real, disponibilidad y estado del alumno.
Planificación del temario;Temario demasiado amplio;Sobrecarga de temario;medio;Diagnóstico inicial del opositor;Ficha inicial del opositor;Registrar oposición, convocatoria, temario, formato, tiempo disponible y disponibilidad semanal.;Definir punto de partida.;bajo;30 min;media;OPO_SRC002;El preparador debe adaptar la pauta a oposición, convocatoria, formato de examen, nivel real, disponibilidad y estado del alumno.
Planificación del temario;Temario demasiado amplio;Sobrecarga de temario;medio;Diagnóstico inicial del opositor;Test diagnóstico inicial;Realizar prueba breve o simulacro parcial para estimar nivel.;Detectar base real.;medio;30-90 min;media;OPO_SRC002;El preparador debe adaptar la pauta a oposición, convocatoria, formato de examen, nivel real, disponibilidad y estado del alumno.
Planificación del temario;Temario demasiado amplio;Sobrecarga de temario;medio;Diagnóstico inicial del opositor;Mapa completo del temario;Listar bloques, temas, peso estimado, dificultad y estado.;Visualizar carga total.;bajo;60 min;media;OPO_SRC002;El preparador debe adaptar la pauta a oposición, convocatoria, formato de examen, nivel real, disponibilidad y estado del alumno.
Planificación del temario;Temario demasiado amplio;Sobrecarga de temario;medio;Planificación inversa;Calendario inverso hasta examen;Crear calendario desde la fecha de examen hacia atrás.;Asegurar cobertura y repasos.;bajo;45 min;alta;OPO_SRC002;El preparador debe adaptar la pauta a oposición, convocatoria, formato de examen, nivel real, disponibilidad y estado del alumno.
Planificación del temario;Temario demasiado amplio;Sobrecarga de temario;medio;Planificación inversa;Plan semanal de estudio;Asignar bloques concretos por día con tema, técnica y objetivo.;Ejecutar planificación.;bajo;semanal;media;OPO_SRC002;El preparador debe adaptar la pauta a oposición, convocatoria, formato de examen, nivel real, disponibilidad y estado del alumno.
Planificación del temario;Temario demasiado amplio;Sobrecarga de temario;medio;Priorización por impacto/riesgo;Tabla de prioridad de temas;Puntuar cada tema por peso, dificultad, dominio y urgencia.;Priorizar con criterio.;bajo;30 min;media;OPO_SRC002;El preparador debe adaptar la pauta a oposición, convocatoria, formato de examen, nivel real, disponibilidad y estado del alumno.
Planificación del temario;Temario demasiado amplio;Sobrecarga de temario;medio;Priorización por impacto/riesgo;Semáforo de temas;Marcar tema en rojo/ámbar/verde según dominio.;Control visual de avance.;bajo;semanal;media;OPO_SRC002;El preparador debe adaptar la pauta a oposición, convocatoria, formato de examen, nivel real, disponibilidad y estado del alumno.
Planificación del temario;Temario demasiado amplio;Sobrecarga de temario;medio;Sistema de vueltas;Plan de primera vuelta;Dividir temario en bloques de primera lectura/comprensión.;Completar base inicial.;bajo;variable;media;OPO_SRC002;El preparador debe adaptar la pauta a oposición, convocatoria, formato de examen, nivel real, disponibilidad y estado del alumno.
Planificación del temario;Temario demasiado amplio;Sobrecarga de temario;medio;Sistema de vueltas;Plan de segunda vuelta;Programar recuperación y repasos por bloques ya vistos.;Consolidar contenido.;bajo;variable;media;OPO_SRC002;El preparador debe adaptar la pauta a oposición, convocatoria, formato de examen, nivel real, disponibilidad y estado del alumno.
Planificación del temario;Temario demasiado amplio;Sobrecarga de temario;medio;Objetivos SMART;Objetivo SMART semanal;Definir objetivo concreto de avance/repaso/simulacro.;Aumentar foco.;bajo;semanal;media;OPO_SRC002;El preparador debe adaptar la pauta a oposición, convocatoria, formato de examen, nivel real, disponibilidad y estado del alumno.
Planificación del temario;Temario demasiado amplio;Sobrecarga de temario;medio;Seguimiento de métricas;Registro real de horas útiles;Registrar tiempo efectivo, no solo tiempo sentado.;Medir dedicación real.;bajo;diario;media;OPO_SRC002;El preparador debe adaptar la pauta a oposición, convocatoria, formato de examen, nivel real, disponibilidad y estado del alumno.
Planificación del temario;Temario demasiado amplio;Sobrecarga de temario;medio;Seguimiento de métricas;Dashboard de métricas;Registrar temas vistos, repasos, simulacros, nota y cumplimiento.;Visualizar evolución.;bajo;continuo;media;OPO_SRC002;El preparador debe adaptar la pauta a oposición, convocatoria, formato de examen, nivel real, disponibilidad y estado del alumno.
Planificación del temario;No llega a la fecha de examen;Planificación insuficiente;medio;Diagnóstico inicial del opositor;Ficha inicial del opositor;Registrar oposición, convocatoria, temario, formato, tiempo disponible y disponibilidad semanal.;Definir punto de partida.;bajo;30 min;media;OPO_SRC002;El preparador debe adaptar la pauta a oposición, convocatoria, formato de examen, nivel real, disponibilidad y estado del alumno.
Planificación del temario;No llega a la fecha de examen;Planificación insuficiente;medio;Diagnóstico inicial del opositor;Test diagnóstico inicial;Realizar prueba breve o simulacro parcial para estimar nivel.;Detectar base real.;medio;30-90 min;media;OPO_SRC002;El preparador debe adaptar la pauta a oposición, convocatoria, formato de examen, nivel real, disponibilidad y estado del alumno.
Planificación del temario;No llega a la fecha de examen;Planificación insuficiente;medio;Diagnóstico inicial del opositor;Mapa completo del temario;Listar bloques, temas, peso estimado, dificultad y estado.;Visualizar carga total.;bajo;60 min;media;OPO_SRC002;El preparador debe adaptar la pauta a oposición, convocatoria, formato de examen, nivel real, disponibilidad y estado del alumno.
Planificación del temario;No llega a la fecha de examen;Planificación insuficiente;medio;Planificación inversa;Calendario inverso hasta examen;Crear calendario desde la fecha de examen hacia atrás.;Asegurar cobertura y repasos.;bajo;45 min;alta;OPO_SRC002;El preparador debe adaptar la pauta a oposición, convocatoria, formato de examen, nivel real, disponibilidad y estado del alumno.
Planificación del temario;No llega a la fecha de examen;Planificación insuficiente;medio;Planificación inversa;Plan semanal de estudio;Asignar bloques concretos por día con tema, técnica y objetivo.;Ejecutar planificación.;bajo;semanal;media;OPO_SRC002;El preparador debe adaptar la pauta a oposición, convocatoria, formato de examen, nivel real, disponibilidad y estado del alumno.
Planificación del temario;No llega a la fecha de examen;Planificación insuficiente;medio;Priorización por impacto/riesgo;Tabla de prioridad de temas;Puntuar cada tema por peso, dificultad, dominio y urgencia.;Priorizar con criterio.;bajo;30 min;media;OPO_SRC002;El preparador debe adaptar la pauta a oposición, convocatoria, formato de examen, nivel real, disponibilidad y estado del alumno.
Planificación del temario;No llega a la fecha de examen;Planificación insuficiente;medio;Priorización por impacto/riesgo;Semáforo de temas;Marcar tema en rojo/ámbar/verde según dominio.;Control visual de avance.;bajo;semanal;media;OPO_SRC002;El preparador debe adaptar la pauta a oposición, convocatoria, formato de examen, nivel real, disponibilidad y estado del alumno.
Planificación del temario;No llega a la fecha de examen;Planificación insuficiente;medio;Sistema de vueltas;Plan de primera vuelta;Dividir temario en bloques de primera lectura/comprensión.;Completar base inicial.;bajo;variable;media;OPO_SRC002;El preparador debe adaptar la pauta a oposición, convocatoria, formato de examen, nivel real, disponibilidad y estado del alumno.
Planificación del temario;No llega a la fecha de examen;Planificación insuficiente;medio;Sistema de vueltas;Plan de segunda vuelta;Programar recuperación y repasos por bloques ya vistos.;Consolidar contenido.;bajo;variable;media;OPO_SRC002;El preparador debe adaptar la pauta a oposición, convocatoria, formato de examen, nivel real, disponibilidad y estado del alumno.
Planificación del temario;No llega a la fecha de examen;Planificación insuficiente;medio;Objetivos SMART;Objetivo SMART semanal;Definir objetivo concreto de avance/repaso/simulacro.;Aumentar foco.;bajo;semanal;media;OPO_SRC002;El preparador debe adaptar la pauta a oposición, convocatoria, formato de examen, nivel real, disponibilidad y estado del alumno.
Planificación del temario;No llega a la fecha de examen;Planificación insuficiente;medio;Seguimiento de métricas;Registro real de horas útiles;Registrar tiempo efectivo, no solo tiempo sentado.;Medir dedicación real.;bajo;diario;media;OPO_SRC002;El preparador debe adaptar la pauta a oposición, convocatoria, formato de examen, nivel real, disponibilidad y estado del alumno.
Planificación del temario;No llega a la fecha de examen;Planificación insuficiente;medio;Seguimiento de métricas;Dashboard de métricas;Registrar temas vistos, repasos, simulacros, nota y cumplimiento.;Visualizar evolución.;bajo;continuo;media;OPO_SRC002;El preparador debe adaptar la pauta a oposición, convocatoria, formato de examen, nivel real, disponibilidad y estado del alumno.
Planificación del temario;No controla vueltas de repaso;Vueltas desordenadas;bajo;Diagnóstico inicial del opositor;Ficha inicial del opositor;Registrar oposición, convocatoria, temario, formato, tiempo disponible y disponibilidad semanal.;Definir punto de partida.;bajo;30 min;media;"OPO_SRC002;OPO_SRC003";El preparador debe adaptar la pauta a oposición, convocatoria, formato de examen, nivel real, disponibilidad y estado del alumno.
Planificación del temario;No controla vueltas de repaso;Vueltas desordenadas;bajo;Diagnóstico inicial del opositor;Test diagnóstico inicial;Realizar prueba breve o simulacro parcial para estimar nivel.;Detectar base real.;medio;30-90 min;media;"OPO_SRC002;OPO_SRC003";El preparador debe adaptar la pauta a oposición, convocatoria, formato de examen, nivel real, disponibilidad y estado del alumno.
Planificación del temario;No controla vueltas de repaso;Vueltas desordenadas;bajo;Diagnóstico inicial del opositor;Mapa completo del temario;Listar bloques, temas, peso estimado, dificultad y estado.;Visualizar carga total.;bajo;60 min;media;"OPO_SRC002;OPO_SRC003";El preparador debe adaptar la pauta a oposición, convocatoria, formato de examen, nivel real, disponibilidad y estado del alumno.
Planificación del temario;No controla vueltas de repaso;Vueltas desordenadas;bajo;Planificación inversa;Calendario inverso hasta examen;Crear calendario desde la fecha de examen hacia atrás.;Asegurar cobertura y repasos.;bajo;45 min;alta;"OPO_SRC002;OPO_SRC003";El preparador debe adaptar la pauta a oposición, convocatoria, formato de examen, nivel real, disponibilidad y estado del alumno.
Planificación del temario;No controla vueltas de repaso;Vueltas desordenadas;bajo;Planificación inversa;Plan semanal de estudio;Asignar bloques concretos por día con tema, técnica y objetivo.;Ejecutar planificación.;bajo;semanal;media;"OPO_SRC002;OPO_SRC003";El preparador debe adaptar la pauta a oposición, convocatoria, formato de examen, nivel real, disponibilidad y estado del alumno.
Planificación del temario;No controla vueltas de repaso;Vueltas desordenadas;bajo;Priorización por impacto/riesgo;Tabla de prioridad de temas;Puntuar cada tema por peso, dificultad, dominio y urgencia.;Priorizar con criterio.;bajo;30 min;media;"OPO_SRC002;OPO_SRC003";El preparador debe adaptar la pauta a oposición, convocatoria, formato de examen, nivel real, disponibilidad y estado del alumno.
Planificación del temario;No controla vueltas de repaso;Vueltas desordenadas;bajo;Priorización por impacto/riesgo;Semáforo de temas;Marcar tema en rojo/ámbar/verde según dominio.;Control visual de avance.;bajo;semanal;media;"OPO_SRC002;OPO_SRC003";El preparador debe adaptar la pauta a oposición, convocatoria, formato de examen, nivel real, disponibilidad y estado del alumno.
Planificación del temario;No controla vueltas de repaso;Vueltas desordenadas;bajo;Sistema de vueltas;Plan de primera vuelta;Dividir temario en bloques de primera lectura/comprensión.;Completar base inicial.;bajo;variable;media;"OPO_SRC002;OPO_SRC003";El preparador debe adaptar la pauta a oposición, convocatoria, formato de examen, nivel real, disponibilidad y estado del alumno.
Planificación del temario;No controla vueltas de repaso;Vueltas desordenadas;bajo;Sistema de vueltas;Plan de segunda vuelta;Programar recuperación y repasos por bloques ya vistos.;Consolidar contenido.;bajo;variable;media;"OPO_SRC002;OPO_SRC003";El preparador debe adaptar la pauta a oposición, convocatoria, formato de examen, nivel real, disponibilidad y estado del alumno.
Planificación del temario;No controla vueltas de repaso;Vueltas desordenadas;bajo;Objetivos SMART;Objetivo SMART semanal;Definir objetivo concreto de avance/repaso/simulacro.;Aumentar foco.;bajo;semanal;media;"OPO_SRC002;OPO_SRC003";El preparador debe adaptar la pauta a oposición, convocatoria, formato de examen, nivel real, disponibilidad y estado del alumno.
Planificación del temario;No controla vueltas de repaso;Vueltas desordenadas;bajo;Seguimiento de métricas;Registro real de horas útiles;Registrar tiempo efectivo, no solo tiempo sentado.;Medir dedicación real.;bajo;diario;media;"OPO_SRC002;OPO_SRC003";El preparador debe adaptar la pauta a oposición, convocatoria, formato de examen, nivel real, disponibilidad y estado del alumno.
Planificación del temario;No controla vueltas de repaso;Vueltas desordenadas;bajo;Seguimiento de métricas;Dashboard de métricas;Registrar temas vistos, repasos, simulacros, nota y cumplimiento.;Visualizar evolución.;bajo;continuo;media;"OPO_SRC002;OPO_SRC003";El preparador debe adaptar la pauta a oposición, convocatoria, formato de examen, nivel real, disponibilidad y estado del alumno.
Planificación del temario;Priorización incorrecta;Estudia sin ponderar;medio;Diagnóstico inicial del opositor;Ficha inicial del opositor;Registrar oposición, convocatoria, temario, formato, tiempo disponible y disponibilidad semanal.;Definir punto de partida.;bajo;30 min;media;OPO_SRC002;El preparador debe adaptar la pauta a oposición, convocatoria, formato de examen, nivel real, disponibilidad y estado del alumno.
Planificación del temario;Priorización incorrecta;Estudia sin ponderar;medio;Diagnóstico inicial del opositor;Test diagnóstico inicial;Realizar prueba breve o simulacro parcial para estimar nivel.;Detectar base real.;medio;30-90 min;media;OPO_SRC002;El preparador debe adaptar la pauta a oposición, convocatoria, formato de examen, nivel real, disponibilidad y estado del alumno.
Planificación del temario;Priorización incorrecta;Estudia sin ponderar;medio;Diagnóstico inicial del opositor;Mapa completo del temario;Listar bloques, temas, peso estimado, dificultad y estado.;Visualizar carga total.;bajo;60 min;media;OPO_SRC002;El preparador debe adaptar la pauta a oposición, convocatoria, formato de examen, nivel real, disponibilidad y estado del alumno.
Planificación del temario;Priorización incorrecta;Estudia sin ponderar;medio;Planificación inversa;Calendario inverso hasta examen;Crear calendario desde la fecha de examen hacia atrás.;Asegurar cobertura y repasos.;bajo;45 min;alta;OPO_SRC002;El preparador debe adaptar la pauta a oposición, convocatoria, formato de examen, nivel real, disponibilidad y estado del alumno.
Planificación del temario;Priorización incorrecta;Estudia sin ponderar;medio;Planificación inversa;Plan semanal de estudio;Asignar bloques concretos por día con tema, técnica y objetivo.;Ejecutar planificación.;bajo;semanal;media;OPO_SRC002;El preparador debe adaptar la pauta a oposición, convocatoria, formato de examen, nivel real, disponibilidad y estado del alumno.
Planificación del temario;Priorización incorrecta;Estudia sin ponderar;medio;Priorización por impacto/riesgo;Tabla de prioridad de temas;Puntuar cada tema por peso, dificultad, dominio y urgencia.;Priorizar con criterio.;bajo;30 min;media;OPO_SRC002;El preparador debe adaptar la pauta a oposición, convocatoria, formato de examen, nivel real, disponibilidad y estado del alumno.
Planificación del temario;Priorización incorrecta;Estudia sin ponderar;medio;Priorización por impacto/riesgo;Semáforo de temas;Marcar tema en rojo/ámbar/verde según dominio.;Control visual de avance.;bajo;semanal;media;OPO_SRC002;El preparador debe adaptar la pauta a oposición, convocatoria, formato de examen, nivel real, disponibilidad y estado del alumno.
Planificación del temario;Priorización incorrecta;Estudia sin ponderar;medio;Sistema de vueltas;Plan de primera vuelta;Dividir temario en bloques de primera lectura/comprensión.;Completar base inicial.;bajo;variable;media;OPO_SRC002;El preparador debe adaptar la pauta a oposición, convocatoria, formato de examen, nivel real, disponibilidad y estado del alumno.
Planificación del temario;Priorización incorrecta;Estudia sin ponderar;medio;Sistema de vueltas;Plan de segunda vuelta;Programar recuperación y repasos por bloques ya vistos.;Consolidar contenido.;bajo;variable;media;OPO_SRC002;El preparador debe adaptar la pauta a oposición, convocatoria, formato de examen, nivel real, disponibilidad y estado del alumno.
Planificación del temario;Priorización incorrecta;Estudia sin ponderar;medio;Objetivos SMART;Objetivo SMART semanal;Definir objetivo concreto de avance/repaso/simulacro.;Aumentar foco.;bajo;semanal;media;OPO_SRC002;El preparador debe adaptar la pauta a oposición, convocatoria, formato de examen, nivel real, disponibilidad y estado del alumno.
Planificación del temario;Priorización incorrecta;Estudia sin ponderar;medio;Seguimiento de métricas;Registro real de horas útiles;Registrar tiempo efectivo, no solo tiempo sentado.;Medir dedicación real.;bajo;diario;media;OPO_SRC002;El preparador debe adaptar la pauta a oposición, convocatoria, formato de examen, nivel real, disponibilidad y estado del alumno.
Planificación del temario;Priorización incorrecta;Estudia sin ponderar;medio;Seguimiento de métricas;Dashboard de métricas;Registrar temas vistos, repasos, simulacros, nota y cumplimiento.;Visualizar evolución.;bajo;continuo;media;OPO_SRC002;El preparador debe adaptar la pauta a oposición, convocatoria, formato de examen, nivel real, disponibilidad y estado del alumno.
Técnicas de estudio;Estudio pasivo;Leer/subrayar sin comprobar;bajo;Lectura activa;Lectura con preguntas previas;Antes de leer, formular 3 preguntas del tema.;Activar lectura activa.;bajo;por tema;media;"OPO_SRC003;OPO_SRC004;OPO_SRC006";El preparador debe adaptar la pauta a oposición, convocatoria, formato de examen, nivel real, disponibilidad y estado del alumno.
Técnicas de estudio;Estudio pasivo;Leer/subrayar sin comprobar;bajo;Lectura activa;Convertir epígrafes en preguntas;Transformar títulos en preguntas de examen.;Preparar recuperación activa.;bajo;por tema;media;"OPO_SRC003;OPO_SRC004;OPO_SRC006";El preparador debe adaptar la pauta a oposición, convocatoria, formato de examen, nivel real, disponibilidad y estado del alumno.
Técnicas de estudio;Estudio pasivo;Leer/subrayar sin comprobar;bajo;Recuperación activa;Recitar tema sin mirar;Intentar explicar o escribir esquema del tema en blanco.;Comprobar recuerdo real.;medio;10-20 min;media;"OPO_SRC003;OPO_SRC004;OPO_SRC006";El preparador debe adaptar la pauta a oposición, convocatoria, formato de examen, nivel real, disponibilidad y estado del alumno.
Técnicas de estudio;Estudio pasivo;Leer/subrayar sin comprobar;bajo;Recuperación activa;Mini-test de recuperación;Responder 10-20 preguntas sin apuntes antes de revisar.;Fortalecer memoria.;bajo;diario;media;"OPO_SRC003;OPO_SRC004;OPO_SRC006";El preparador debe adaptar la pauta a oposición, convocatoria, formato de examen, nivel real, disponibilidad y estado del alumno.
Técnicas de estudio;Estudio pasivo;Leer/subrayar sin comprobar;bajo;Elaboración;Explicar tema en voz alta;Explicar tema como si enseñaras a otra persona.;Profundizar comprensión.;bajo;10-15 min;media;"OPO_SRC003;OPO_SRC004;OPO_SRC006";El preparador debe adaptar la pauta a oposición, convocatoria, formato de examen, nivel real, disponibilidad y estado del alumno.
Técnicas de estudio;Estudio pasivo;Leer/subrayar sin comprobar;bajo;Elaboración;Crear ejemplo propio;Asociar cada concepto difícil a ejemplo práctico.;Mejorar elaboración.;bajo;por concepto;media;"OPO_SRC003;OPO_SRC004;OPO_SRC006";El preparador debe adaptar la pauta a oposición, convocatoria, formato de examen, nivel real, disponibilidad y estado del alumno.
Técnicas de estudio;Estudio pasivo;Leer/subrayar sin comprobar;bajo;Codificación dual;Esquema visual del tema;Crear mapa, tabla o diagrama de estructura del tema.;Mejorar organización.;bajo;por tema;media;"OPO_SRC003;OPO_SRC004;OPO_SRC006";El preparador debe adaptar la pauta a oposición, convocatoria, formato de examen, nivel real, disponibilidad y estado del alumno.
Técnicas de estudio;Estudio pasivo;Leer/subrayar sin comprobar;bajo;Esquemas y mapas funcionales;Resumen de una página;Reducir tema a una hoja de estructura clave.;Facilitar repaso final.;bajo;por tema;media;"OPO_SRC003;OPO_SRC004;OPO_SRC006";El preparador debe adaptar la pauta a oposición, convocatoria, formato de examen, nivel real, disponibilidad y estado del alumno.
Técnicas de estudio;Estudio pasivo;Leer/subrayar sin comprobar;bajo;Metacognición;Autoevaluación al cerrar sesión;Responder: qué hice, qué recuerdo, qué toca después.;Mejorar metacognición.;bajo;diario;media;"OPO_SRC003;OPO_SRC004;OPO_SRC006";El preparador debe adaptar la pauta a oposición, convocatoria, formato de examen, nivel real, disponibilidad y estado del alumno.
Técnicas de estudio;No entiende el tema;Comprensión superficial;medio;Lectura activa;Lectura con preguntas previas;Antes de leer, formular 3 preguntas del tema.;Activar lectura activa.;bajo;por tema;media;OPO_SRC004;El preparador debe adaptar la pauta a oposición, convocatoria, formato de examen, nivel real, disponibilidad y estado del alumno.
Técnicas de estudio;No entiende el tema;Comprensión superficial;medio;Lectura activa;Convertir epígrafes en preguntas;Transformar títulos en preguntas de examen.;Preparar recuperación activa.;bajo;por tema;media;OPO_SRC004;El preparador debe adaptar la pauta a oposición, convocatoria, formato de examen, nivel real, disponibilidad y estado del alumno.
Técnicas de estudio;No entiende el tema;Comprensión superficial;medio;Recuperación activa;Recitar tema sin mirar;Intentar explicar o escribir esquema del tema en blanco.;Comprobar recuerdo real.;medio;10-20 min;media;OPO_SRC004;El preparador debe adaptar la pauta a oposición, convocatoria, formato de examen, nivel real, disponibilidad y estado del alumno.
Técnicas de estudio;No entiende el tema;Comprensión superficial;medio;Recuperación activa;Mini-test de recuperación;Responder 10-20 preguntas sin apuntes antes de revisar.;Fortalecer memoria.;bajo;diario;media;OPO_SRC004;El preparador debe adaptar la pauta a oposición, convocatoria, formato de examen, nivel real, disponibilidad y estado del alumno.
Técnicas de estudio;No entiende el tema;Comprensión superficial;medio;Elaboración;Explicar tema en voz alta;Explicar tema como si enseñaras a otra persona.;Profundizar comprensión.;bajo;10-15 min;media;OPO_SRC004;El preparador debe adaptar la pauta a oposición, convocatoria, formato de examen, nivel real, disponibilidad y estado del alumno.
Técnicas de estudio;No entiende el tema;Comprensión superficial;medio;Elaboración;Crear ejemplo propio;Asociar cada concepto difícil a ejemplo práctico.;Mejorar elaboración.;bajo;por concepto;media;OPO_SRC004;El preparador debe adaptar la pauta a oposición, convocatoria, formato de examen, nivel real, disponibilidad y estado del alumno.
Técnicas de estudio;No entiende el tema;Comprensión superficial;medio;Codificación dual;Esquema visual del tema;Crear mapa, tabla o diagrama de estructura del tema.;Mejorar organización.;bajo;por tema;media;OPO_SRC004;El preparador debe adaptar la pauta a oposición, convocatoria, formato de examen, nivel real, disponibilidad y estado del alumno.
Técnicas de estudio;No entiende el tema;Comprensión superficial;medio;Esquemas y mapas funcionales;Resumen de una página;Reducir tema a una hoja de estructura clave.;Facilitar repaso final.;bajo;por tema;media;OPO_SRC004;El preparador debe adaptar la pauta a oposición, convocatoria, formato de examen, nivel real, disponibilidad y estado del alumno.
Técnicas de estudio;No entiende el tema;Comprensión superficial;medio;Metacognición;Autoevaluación al cerrar sesión;Responder: qué hice, qué recuerdo, qué toca después.;Mejorar metacognición.;bajo;diario;media;OPO_SRC004;El preparador debe adaptar la pauta a oposición, convocatoria, formato de examen, nivel real, disponibilidad y estado del alumno.
Técnicas de estudio;Apuntes poco útiles;Material desorganizado;bajo;Lectura activa;Lectura con preguntas previas;Antes de leer, formular 3 preguntas del tema.;Activar lectura activa.;bajo;por tema;media;"OPO_SRC002;OPO_SRC009";El preparador debe adaptar la pauta a oposición, convocatoria, formato de examen, nivel real, disponibilidad y estado del alumno.
Técnicas de estudio;Apuntes poco útiles;Material desorganizado;bajo;Lectura activa;Convertir epígrafes en preguntas;Transformar títulos en preguntas de examen.;Preparar recuperación activa.;bajo;por tema;media;"OPO_SRC002;OPO_SRC009";El preparador debe adaptar la pauta a oposición, convocatoria, formato de examen, nivel real, disponibilidad y estado del alumno.
Técnicas de estudio;Apuntes poco útiles;Material desorganizado;bajo;Recuperación activa;Recitar tema sin mirar;Intentar explicar o escribir esquema del tema en blanco.;Comprobar recuerdo real.;medio;10-20 min;media;"OPO_SRC002;OPO_SRC009";El preparador debe adaptar la pauta a oposición, convocatoria, formato de examen, nivel real, disponibilidad y estado del alumno.
Técnicas de estudio;Apuntes poco útiles;Material desorganizado;bajo;Recuperación activa;Mini-test de recuperación;Responder 10-20 preguntas sin apuntes antes de revisar.;Fortalecer memoria.;bajo;diario;media;"OPO_SRC002;OPO_SRC009";El preparador debe adaptar la pauta a oposición, convocatoria, formato de examen, nivel real, disponibilidad y estado del alumno.
Técnicas de estudio;Apuntes poco útiles;Material desorganizado;bajo;Elaboración;Explicar tema en voz alta;Explicar tema como si enseñaras a otra persona.;Profundizar comprensión.;bajo;10-15 min;media;"OPO_SRC002;OPO_SRC009";El preparador debe adaptar la pauta a oposición, convocatoria, formato de examen, nivel real, disponibilidad y estado del alumno.
Técnicas de estudio;Apuntes poco útiles;Material desorganizado;bajo;Elaboración;Crear ejemplo propio;Asociar cada concepto difícil a ejemplo práctico.;Mejorar elaboración.;bajo;por concepto;media;"OPO_SRC002;OPO_SRC009";El preparador debe adaptar la pauta a oposición, convocatoria, formato de examen, nivel real, disponibilidad y estado del alumno.
Técnicas de estudio;Apuntes poco útiles;Material desorganizado;bajo;Codificación dual;Esquema visual del tema;Crear mapa, tabla o diagrama de estructura del tema.;Mejorar organización.;bajo;por tema;media;"OPO_SRC002;OPO_SRC009";El preparador debe adaptar la pauta a oposición, convocatoria, formato de examen, nivel real, disponibilidad y estado del alumno.
Técnicas de estudio;Apuntes poco útiles;Material desorganizado;bajo;Esquemas y mapas funcionales;Resumen de una página;Reducir tema a una hoja de estructura clave.;Facilitar repaso final.;bajo;por tema;media;"OPO_SRC002;OPO_SRC009";El preparador debe adaptar la pauta a oposición, convocatoria, formato de examen, nivel real, disponibilidad y estado del alumno.
Técnicas de estudio;Apuntes poco útiles;Material desorganizado;bajo;Metacognición;Autoevaluación al cerrar sesión;Responder: qué hice, qué recuerdo, qué toca después.;Mejorar metacognición.;bajo;diario;media;"OPO_SRC002;OPO_SRC009";El preparador debe adaptar la pauta a oposición, convocatoria, formato de examen, nivel real, disponibilidad y estado del alumno.
Técnicas de estudio;Subrayado excesivo;Todo parece importante;bajo;Lectura activa;Lectura con preguntas previas;Antes de leer, formular 3 preguntas del tema.;Activar lectura activa.;bajo;por tema;media;OPO_SRC004;El preparador debe adaptar la pauta a oposición, convocatoria, formato de examen, nivel real, disponibilidad y estado del alumno.
Técnicas de estudio;Subrayado excesivo;Todo parece importante;bajo;Lectura activa;Convertir epígrafes en preguntas;Transformar títulos en preguntas de examen.;Preparar recuperación activa.;bajo;por tema;media;OPO_SRC004;El preparador debe adaptar la pauta a oposición, convocatoria, formato de examen, nivel real, disponibilidad y estado del alumno.
Técnicas de estudio;Subrayado excesivo;Todo parece importante;bajo;Recuperación activa;Recitar tema sin mirar;Intentar explicar o escribir esquema del tema en blanco.;Comprobar recuerdo real.;medio;10-20 min;media;OPO_SRC004;El preparador debe adaptar la pauta a oposición, convocatoria, formato de examen, nivel real, disponibilidad y estado del alumno.
Técnicas de estudio;Subrayado excesivo;Todo parece importante;bajo;Recuperación activa;Mini-test de recuperación;Responder 10-20 preguntas sin apuntes antes de revisar.;Fortalecer memoria.;bajo;diario;media;OPO_SRC004;El preparador debe adaptar la pauta a oposición, convocatoria, formato de examen, nivel real, disponibilidad y estado del alumno.
Técnicas de estudio;Subrayado excesivo;Todo parece importante;bajo;Elaboración;Explicar tema en voz alta;Explicar tema como si enseñaras a otra persona.;Profundizar comprensión.;bajo;10-15 min;media;OPO_SRC004;El preparador debe adaptar la pauta a oposición, convocatoria, formato de examen, nivel real, disponibilidad y estado del alumno.
Técnicas de estudio;Subrayado excesivo;Todo parece importante;bajo;Elaboración;Crear ejemplo propio;Asociar cada concepto difícil a ejemplo práctico.;Mejorar elaboración.;bajo;por concepto;media;OPO_SRC004;El preparador debe adaptar la pauta a oposición, convocatoria, formato de examen, nivel real, disponibilidad y estado del alumno.
Técnicas de estudio;Subrayado excesivo;Todo parece importante;bajo;Codificación dual;Esquema visual del tema;Crear mapa, tabla o diagrama de estructura del tema.;Mejorar organización.;bajo;por tema;media;OPO_SRC004;El preparador debe adaptar la pauta a oposición, convocatoria, formato de examen, nivel real, disponibilidad y estado del alumno.
Técnicas de estudio;Subrayado excesivo;Todo parece importante;bajo;Esquemas y mapas funcionales;Resumen de una página;Reducir tema a una hoja de estructura clave.;Facilitar repaso final.;bajo;por tema;media;OPO_SRC004;El preparador debe adaptar la pauta a oposición, convocatoria, formato de examen, nivel real, disponibilidad y estado del alumno.
Técnicas de estudio;Subrayado excesivo;Todo parece importante;bajo;Metacognición;Autoevaluación al cerrar sesión;Responder: qué hice, qué recuerdo, qué toca después.;Mejorar metacognición.;bajo;diario;media;OPO_SRC004;El preparador debe adaptar la pauta a oposición, convocatoria, formato de examen, nivel real, disponibilidad y estado del alumno.
Memorización y retención;Olvida lo estudiado;Baja retención;medio;Recuperación activa;Recitar tema sin mirar;Intentar explicar o escribir esquema del tema en blanco.;Comprobar recuerdo real.;medio;10-20 min;media;"OPO_SRC003;OPO_SRC004;OPO_SRC005";El preparador debe adaptar la pauta a oposición, convocatoria, formato de examen, nivel real, disponibilidad y estado del alumno.
Memorización y retención;Olvida lo estudiado;Baja retención;medio;Recuperación activa;Mini-test de recuperación;Responder 10-20 preguntas sin apuntes antes de revisar.;Fortalecer memoria.;bajo;diario;media;"OPO_SRC003;OPO_SRC004;OPO_SRC005";El preparador debe adaptar la pauta a oposición, convocatoria, formato de examen, nivel real, disponibilidad y estado del alumno.
Memorización y retención;Olvida lo estudiado;Baja retención;medio;Repaso espaciado;Programar repasos 1-3-7-14;Agendar repasos tras estudiar cada tema.;Evitar olvido.;bajo;continuo;alta;"OPO_SRC003;OPO_SRC004;OPO_SRC005";El preparador debe adaptar la pauta a oposición, convocatoria, formato de examen, nivel real, disponibilidad y estado del alumno.
Memorización y retención;Olvida lo estudiado;Baja retención;medio;Repaso espaciado;Repaso acumulativo semanal;Repasar temas antiguos junto a temas nuevos.;Consolidar vueltas.;bajo;semanal;media;"OPO_SRC003;OPO_SRC004;OPO_SRC005";El preparador debe adaptar la pauta a oposición, convocatoria, formato de examen, nivel real, disponibilidad y estado del alumno.
Memorización y retención;Olvida lo estudiado;Baja retención;medio;Intercalado;Intercalar temas similares;Estudiar temas parecidos alternándolos con comparación explícita.;Reducir confusiones.;bajo;semanal;media;"OPO_SRC003;OPO_SRC004;OPO_SRC005";El preparador debe adaptar la pauta a oposición, convocatoria, formato de examen, nivel real, disponibilidad y estado del alumno.
Memorización y retención;Olvida lo estudiado;Baja retención;medio;Intercalado;Tabla de diferencias;Crear tabla comparativa de conceptos/plazos/normas similares.;Evitar interferencias.;bajo;30 min;media;"OPO_SRC003;OPO_SRC004;OPO_SRC005";El preparador debe adaptar la pauta a oposición, convocatoria, formato de examen, nivel real, disponibilidad y estado del alumno.
Memorización y retención;Olvida lo estudiado;Baja retención;medio;Tarjetas tipo Anki;Tarjetas pregunta-respuesta;Crear tarjetas con conceptos, plazos, artículos o definiciones.;Facilitar repaso espaciado.;bajo;por tema;media;"OPO_SRC003;OPO_SRC004;OPO_SRC005";El preparador debe adaptar la pauta a oposición, convocatoria, formato de examen, nivel real, disponibilidad y estado del alumno.
Memorización y retención;Olvida lo estudiado;Baja retención;medio;Banco de errores;Banco de errores semanal;Registrar fallo, causa, respuesta correcta y próximo repaso.;Corregir patrones.;bajo;semanal;media;"OPO_SRC003;OPO_SRC004;OPO_SRC005";El preparador debe adaptar la pauta a oposición, convocatoria, formato de examen, nivel real, disponibilidad y estado del alumno.
Memorización y retención;Olvida lo estudiado;Baja retención;medio;Metacognición;Autoevaluación al cerrar sesión;Responder: qué hice, qué recuerdo, qué toca después.;Mejorar metacognición.;bajo;diario;media;"OPO_SRC003;OPO_SRC004;OPO_SRC005";El preparador debe adaptar la pauta a oposición, convocatoria, formato de examen, nivel real, disponibilidad y estado del alumno.
Memorización y retención;No usa repaso espaciado;Repasos concentrados;bajo;Recuperación activa;Recitar tema sin mirar;Intentar explicar o escribir esquema del tema en blanco.;Comprobar recuerdo real.;medio;10-20 min;media;"OPO_SRC003;OPO_SRC004;OPO_SRC005";El preparador debe adaptar la pauta a oposición, convocatoria, formato de examen, nivel real, disponibilidad y estado del alumno.
Memorización y retención;No usa repaso espaciado;Repasos concentrados;bajo;Recuperación activa;Mini-test de recuperación;Responder 10-20 preguntas sin apuntes antes de revisar.;Fortalecer memoria.;bajo;diario;media;"OPO_SRC003;OPO_SRC004;OPO_SRC005";El preparador debe adaptar la pauta a oposición, convocatoria, formato de examen, nivel real, disponibilidad y estado del alumno.
Memorización y retención;No usa repaso espaciado;Repasos concentrados;bajo;Repaso espaciado;Programar repasos 1-3-7-14;Agendar repasos tras estudiar cada tema.;Evitar olvido.;bajo;continuo;alta;"OPO_SRC003;OPO_SRC004;OPO_SRC005";El preparador debe adaptar la pauta a oposición, convocatoria, formato de examen, nivel real, disponibilidad y estado del alumno.
Memorización y retención;No usa repaso espaciado;Repasos concentrados;bajo;Repaso espaciado;Repaso acumulativo semanal;Repasar temas antiguos junto a temas nuevos.;Consolidar vueltas.;bajo;semanal;media;"OPO_SRC003;OPO_SRC004;OPO_SRC005";El preparador debe adaptar la pauta a oposición, convocatoria, formato de examen, nivel real, disponibilidad y estado del alumno.
Memorización y retención;No usa repaso espaciado;Repasos concentrados;bajo;Intercalado;Intercalar temas similares;Estudiar temas parecidos alternándolos con comparación explícita.;Reducir confusiones.;bajo;semanal;media;"OPO_SRC003;OPO_SRC004;OPO_SRC005";El preparador debe adaptar la pauta a oposición, convocatoria, formato de examen, nivel real, disponibilidad y estado del alumno.
Memorización y retención;No usa repaso espaciado;Repasos concentrados;bajo;Intercalado;Tabla de diferencias;Crear tabla comparativa de conceptos/plazos/normas similares.;Evitar interferencias.;bajo;30 min;media;"OPO_SRC003;OPO_SRC004;OPO_SRC005";El preparador debe adaptar la pauta a oposición, convocatoria, formato de examen, nivel real, disponibilidad y estado del alumno.
Memorización y retención;No usa repaso espaciado;Repasos concentrados;bajo;Tarjetas tipo Anki;Tarjetas pregunta-respuesta;Crear tarjetas con conceptos, plazos, artículos o definiciones.;Facilitar repaso espaciado.;bajo;por tema;media;"OPO_SRC003;OPO_SRC004;OPO_SRC005";El preparador debe adaptar la pauta a oposición, convocatoria, formato de examen, nivel real, disponibilidad y estado del alumno.
Memorización y retención;No usa repaso espaciado;Repasos concentrados;bajo;Banco de errores;Banco de errores semanal;Registrar fallo, causa, respuesta correcta y próximo repaso.;Corregir patrones.;bajo;semanal;media;"OPO_SRC003;OPO_SRC004;OPO_SRC005";El preparador debe adaptar la pauta a oposición, convocatoria, formato de examen, nivel real, disponibilidad y estado del alumno.
Memorización y retención;No usa repaso espaciado;Repasos concentrados;bajo;Metacognición;Autoevaluación al cerrar sesión;Responder: qué hice, qué recuerdo, qué toca después.;Mejorar metacognición.;bajo;diario;media;"OPO_SRC003;OPO_SRC004;OPO_SRC005";El preparador debe adaptar la pauta a oposición, convocatoria, formato de examen, nivel real, disponibilidad y estado del alumno.
Memorización y retención;Falla al recordar sin mirar;Recuperación débil;medio;Recuperación activa;Recitar tema sin mirar;Intentar explicar o escribir esquema del tema en blanco.;Comprobar recuerdo real.;medio;10-20 min;media;"OPO_SRC003;OPO_SRC004";El preparador debe adaptar la pauta a oposición, convocatoria, formato de examen, nivel real, disponibilidad y estado del alumno.
Memorización y retención;Falla al recordar sin mirar;Recuperación débil;medio;Recuperación activa;Mini-test de recuperación;Responder 10-20 preguntas sin apuntes antes de revisar.;Fortalecer memoria.;bajo;diario;media;"OPO_SRC003;OPO_SRC004";El preparador debe adaptar la pauta a oposición, convocatoria, formato de examen, nivel real, disponibilidad y estado del alumno.
Memorización y retención;Falla al recordar sin mirar;Recuperación débil;medio;Repaso espaciado;Programar repasos 1-3-7-14;Agendar repasos tras estudiar cada tema.;Evitar olvido.;bajo;continuo;alta;"OPO_SRC003;OPO_SRC004";El preparador debe adaptar la pauta a oposición, convocatoria, formato de examen, nivel real, disponibilidad y estado del alumno.
Memorización y retención;Falla al recordar sin mirar;Recuperación débil;medio;Repaso espaciado;Repaso acumulativo semanal;Repasar temas antiguos junto a temas nuevos.;Consolidar vueltas.;bajo;semanal;media;"OPO_SRC003;OPO_SRC004";El preparador debe adaptar la pauta a oposición, convocatoria, formato de examen, nivel real, disponibilidad y estado del alumno.
Memorización y retención;Falla al recordar sin mirar;Recuperación débil;medio;Intercalado;Intercalar temas similares;Estudiar temas parecidos alternándolos con comparación explícita.;Reducir confusiones.;bajo;semanal;media;"OPO_SRC003;OPO_SRC004";El preparador debe adaptar la pauta a oposición, convocatoria, formato de examen, nivel real, disponibilidad y estado del alumno.
Memorización y retención;Falla al recordar sin mirar;Recuperación débil;medio;Intercalado;Tabla de diferencias;Crear tabla comparativa de conceptos/plazos/normas similares.;Evitar interferencias.;bajo;30 min;media;"OPO_SRC003;OPO_SRC004";El preparador debe adaptar la pauta a oposición, convocatoria, formato de examen, nivel real, disponibilidad y estado del alumno.
Memorización y retención;Falla al recordar sin mirar;Recuperación débil;medio;Tarjetas tipo Anki;Tarjetas pregunta-respuesta;Crear tarjetas con conceptos, plazos, artículos o definiciones.;Facilitar repaso espaciado.;bajo;por tema;media;"OPO_SRC003;OPO_SRC004";El preparador debe adaptar la pauta a oposición, convocatoria, formato de examen, nivel real, disponibilidad y estado del alumno.
Memorización y retención;Falla al recordar sin mirar;Recuperación débil;medio;Banco de errores;Banco de errores semanal;Registrar fallo, causa, respuesta correcta y próximo repaso.;Corregir patrones.;bajo;semanal;media;"OPO_SRC003;OPO_SRC004";El preparador debe adaptar la pauta a oposición, convocatoria, formato de examen, nivel real, disponibilidad y estado del alumno.
Memorización y retención;Falla al recordar sin mirar;Recuperación débil;medio;Metacognición;Autoevaluación al cerrar sesión;Responder: qué hice, qué recuerdo, qué toca después.;Mejorar metacognición.;bajo;diario;media;"OPO_SRC003;OPO_SRC004";El preparador debe adaptar la pauta a oposición, convocatoria, formato de examen, nivel real, disponibilidad y estado del alumno.
Memorización y retención;Confunde temas similares;Interferencia;medio;Recuperación activa;Recitar tema sin mirar;Intentar explicar o escribir esquema del tema en blanco.;Comprobar recuerdo real.;medio;10-20 min;media;"OPO_SRC003;OPO_SRC004";El preparador debe adaptar la pauta a oposición, convocatoria, formato de examen, nivel real, disponibilidad y estado del alumno.
Memorización y retención;Confunde temas similares;Interferencia;medio;Recuperación activa;Mini-test de recuperación;Responder 10-20 preguntas sin apuntes antes de revisar.;Fortalecer memoria.;bajo;diario;media;"OPO_SRC003;OPO_SRC004";El preparador debe adaptar la pauta a oposición, convocatoria, formato de examen, nivel real, disponibilidad y estado del alumno.
Memorización y retención;Confunde temas similares;Interferencia;medio;Repaso espaciado;Programar repasos 1-3-7-14;Agendar repasos tras estudiar cada tema.;Evitar olvido.;bajo;continuo;alta;"OPO_SRC003;OPO_SRC004";El preparador debe adaptar la pauta a oposición, convocatoria, formato de examen, nivel real, disponibilidad y estado del alumno.
Memorización y retención;Confunde temas similares;Interferencia;medio;Repaso espaciado;Repaso acumulativo semanal;Repasar temas antiguos junto a temas nuevos.;Consolidar vueltas.;bajo;semanal;media;"OPO_SRC003;OPO_SRC004";El preparador debe adaptar la pauta a oposición, convocatoria, formato de examen, nivel real, disponibilidad y estado del alumno.
Memorización y retención;Confunde temas similares;Interferencia;medio;Intercalado;Intercalar temas similares;Estudiar temas parecidos alternándolos con comparación explícita.;Reducir confusiones.;bajo;semanal;media;"OPO_SRC003;OPO_SRC004";El preparador debe adaptar la pauta a oposición, convocatoria, formato de examen, nivel real, disponibilidad y estado del alumno.
Memorización y retención;Confunde temas similares;Interferencia;medio;Intercalado;Tabla de diferencias;Crear tabla comparativa de conceptos/plazos/normas similares.;Evitar interferencias.;bajo;30 min;media;"OPO_SRC003;OPO_SRC004";El preparador debe adaptar la pauta a oposición, convocatoria, formato de examen, nivel real, disponibilidad y estado del alumno.
Memorización y retención;Confunde temas similares;Interferencia;medio;Tarjetas tipo Anki;Tarjetas pregunta-respuesta;Crear tarjetas con conceptos, plazos, artículos o definiciones.;Facilitar repaso espaciado.;bajo;por tema;media;"OPO_SRC003;OPO_SRC004";El preparador debe adaptar la pauta a oposición, convocatoria, formato de examen, nivel real, disponibilidad y estado del alumno.
Memorización y retención;Confunde temas similares;Interferencia;medio;Banco de errores;Banco de errores semanal;Registrar fallo, causa, respuesta correcta y próximo repaso.;Corregir patrones.;bajo;semanal;media;"OPO_SRC003;OPO_SRC004";El preparador debe adaptar la pauta a oposición, convocatoria, formato de examen, nivel real, disponibilidad y estado del alumno.
Memorización y retención;Confunde temas similares;Interferencia;medio;Metacognición;Autoevaluación al cerrar sesión;Responder: qué hice, qué recuerdo, qué toca después.;Mejorar metacognición.;bajo;diario;media;"OPO_SRC003;OPO_SRC004";El preparador debe adaptar la pauta a oposición, convocatoria, formato de examen, nivel real, disponibilidad y estado del alumno.
Simulacros y exámenes tipo test;Mal resultado en test;Test bajo;medio;Simulacros periódicos;Simulacro parcial;Hacer prueba de bloque con tiempo y corrección.;Medir dominio por bloques.;medio;semanal;media;OPO_SRC007;El preparador debe adaptar la pauta a oposición, convocatoria, formato de examen, nivel real, disponibilidad y estado del alumno.
Simulacros y exámenes tipo test;Mal resultado en test;Test bajo;medio;Simulacros periódicos;Simulacro completo;Realizar examen completo en condiciones reales.;Entrenar rendimiento real.;medio;quincenal/mensual;alta;OPO_SRC007;El preparador debe adaptar la pauta a oposición, convocatoria, formato de examen, nivel real, disponibilidad y estado del alumno.
Simulacros y exámenes tipo test;Mal resultado en test;Test bajo;medio;Estrategia de test;Entrenar descarte de opciones;Practicar razonamiento de descarte y justificación.;Mejorar estrategia test.;bajo;semanal;media;OPO_SRC007;El preparador debe adaptar la pauta a oposición, convocatoria, formato de examen, nivel real, disponibilidad y estado del alumno.
Simulacros y exámenes tipo test;Mal resultado en test;Test bajo;medio;Estrategia de test;Calcular umbral de riesgo;Definir cuándo responder o dejar blanco según penalización.;Optimizar nota esperada.;medio;antes de simulacro;alta;OPO_SRC007;El preparador debe adaptar la pauta a oposición, convocatoria, formato de examen, nivel real, disponibilidad y estado del alumno.
Simulacros y exámenes tipo test;Mal resultado en test;Test bajo;medio;Gestión del tiempo;Cronometrar bloques de test;Practicar ritmo por pregunta y reserva de revisión.;Mejorar tiempo de examen.;bajo;semanal;media;OPO_SRC007;El preparador debe adaptar la pauta a oposición, convocatoria, formato de examen, nivel real, disponibilidad y estado del alumno.
Simulacros y exámenes tipo test;Mal resultado en test;Test bajo;medio;Gestión del tiempo;Bloques Pomodoro adaptados;Trabajar 25-50 min con descanso programado.;Mejorar adherencia.;bajo;diario;media;OPO_SRC007;El preparador debe adaptar la pauta a oposición, convocatoria, formato de examen, nivel real, disponibilidad y estado del alumno.
Simulacros y exámenes tipo test;Mal resultado en test;Test bajo;medio;Análisis post-simulacro;Plantilla de análisis de test;Clasificar errores: contenido, despiste, tiempo, duda, estrategia.;Mejorar test.;bajo;tras simulacro;media;OPO_SRC007;El preparador debe adaptar la pauta a oposición, convocatoria, formato de examen, nivel real, disponibilidad y estado del alumno.
Simulacros y exámenes tipo test;Mal resultado en test;Test bajo;medio;Análisis post-simulacro;Revisión de meseta;Comparar últimas notas y tipos de error para decidir intervención.;Superar estancamiento.;bajo;mensual;media;OPO_SRC007;El preparador debe adaptar la pauta a oposición, convocatoria, formato de examen, nivel real, disponibilidad y estado del alumno.
Simulacros y exámenes tipo test;Mal resultado en test;Test bajo;medio;Seguimiento de métricas;Registro real de horas útiles;Registrar tiempo efectivo, no solo tiempo sentado.;Medir dedicación real.;bajo;diario;media;OPO_SRC007;El preparador debe adaptar la pauta a oposición, convocatoria, formato de examen, nivel real, disponibilidad y estado del alumno.
Simulacros y exámenes tipo test;Mal resultado en test;Test bajo;medio;Seguimiento de métricas;Dashboard de métricas;Registrar temas vistos, repasos, simulacros, nota y cumplimiento.;Visualizar evolución.;bajo;continuo;media;OPO_SRC007;El preparador debe adaptar la pauta a oposición, convocatoria, formato de examen, nivel real, disponibilidad y estado del alumno.
Simulacros y exámenes tipo test;Muchos errores por despiste;Despistes en test;bajo;Simulacros periódicos;Simulacro parcial;Hacer prueba de bloque con tiempo y corrección.;Medir dominio por bloques.;medio;semanal;media;OPO_SRC002;El preparador debe adaptar la pauta a oposición, convocatoria, formato de examen, nivel real, disponibilidad y estado del alumno.
Simulacros y exámenes tipo test;Muchos errores por despiste;Despistes en test;bajo;Simulacros periódicos;Simulacro completo;Realizar examen completo en condiciones reales.;Entrenar rendimiento real.;medio;quincenal/mensual;alta;OPO_SRC002;El preparador debe adaptar la pauta a oposición, convocatoria, formato de examen, nivel real, disponibilidad y estado del alumno.
Simulacros y exámenes tipo test;Muchos errores por despiste;Despistes en test;bajo;Estrategia de test;Entrenar descarte de opciones;Practicar razonamiento de descarte y justificación.;Mejorar estrategia test.;bajo;semanal;media;OPO_SRC002;El preparador debe adaptar la pauta a oposición, convocatoria, formato de examen, nivel real, disponibilidad y estado del alumno.
Simulacros y exámenes tipo test;Muchos errores por despiste;Despistes en test;bajo;Estrategia de test;Calcular umbral de riesgo;Definir cuándo responder o dejar blanco según penalización.;Optimizar nota esperada.;medio;antes de simulacro;alta;OPO_SRC002;El preparador debe adaptar la pauta a oposición, convocatoria, formato de examen, nivel real, disponibilidad y estado del alumno.
Simulacros y exámenes tipo test;Muchos errores por despiste;Despistes en test;bajo;Gestión del tiempo;Cronometrar bloques de test;Practicar ritmo por pregunta y reserva de revisión.;Mejorar tiempo de examen.;bajo;semanal;media;OPO_SRC002;El preparador debe adaptar la pauta a oposición, convocatoria, formato de examen, nivel real, disponibilidad y estado del alumno.
Simulacros y exámenes tipo test;Muchos errores por despiste;Despistes en test;bajo;Gestión del tiempo;Bloques Pomodoro adaptados;Trabajar 25-50 min con descanso programado.;Mejorar adherencia.;bajo;diario;media;OPO_SRC002;El preparador debe adaptar la pauta a oposición, convocatoria, formato de examen, nivel real, disponibilidad y estado del alumno.
Simulacros y exámenes tipo test;Muchos errores por despiste;Despistes en test;bajo;Análisis post-simulacro;Plantilla de análisis de test;Clasificar errores: contenido, despiste, tiempo, duda, estrategia.;Mejorar test.;bajo;tras simulacro;media;OPO_SRC002;El preparador debe adaptar la pauta a oposición, convocatoria, formato de examen, nivel real, disponibilidad y estado del alumno.
Simulacros y exámenes tipo test;Muchos errores por despiste;Despistes en test;bajo;Análisis post-simulacro;Revisión de meseta;Comparar últimas notas y tipos de error para decidir intervención.;Superar estancamiento.;bajo;mensual;media;OPO_SRC002;El preparador debe adaptar la pauta a oposición, convocatoria, formato de examen, nivel real, disponibilidad y estado del alumno.
Simulacros y exámenes tipo test;Muchos errores por despiste;Despistes en test;bajo;Seguimiento de métricas;Registro real de horas útiles;Registrar tiempo efectivo, no solo tiempo sentado.;Medir dedicación real.;bajo;diario;media;OPO_SRC002;El preparador debe adaptar la pauta a oposición, convocatoria, formato de examen, nivel real, disponibilidad y estado del alumno.
Simulacros y exámenes tipo test;Muchos errores por despiste;Despistes en test;bajo;Seguimiento de métricas;Dashboard de métricas;Registrar temas vistos, repasos, simulacros, nota y cumplimiento.;Visualizar evolución.;bajo;continuo;media;OPO_SRC002;El preparador debe adaptar la pauta a oposición, convocatoria, formato de examen, nivel real, disponibilidad y estado del alumno.
Simulacros y exámenes tipo test;Duda demasiado en test;Inseguridad en opciones;medio;Simulacros periódicos;Simulacro parcial;Hacer prueba de bloque con tiempo y corrección.;Medir dominio por bloques.;medio;semanal;media;"OPO_SRC007;OPO_SRC008";El preparador debe adaptar la pauta a oposición, convocatoria, formato de examen, nivel real, disponibilidad y estado del alumno.
Simulacros y exámenes tipo test;Duda demasiado en test;Inseguridad en opciones;medio;Simulacros periódicos;Simulacro completo;Realizar examen completo en condiciones reales.;Entrenar rendimiento real.;medio;quincenal/mensual;alta;"OPO_SRC007;OPO_SRC008";El preparador debe adaptar la pauta a oposición, convocatoria, formato de examen, nivel real, disponibilidad y estado del alumno.
Simulacros y exámenes tipo test;Duda demasiado en test;Inseguridad en opciones;medio;Estrategia de test;Entrenar descarte de opciones;Practicar razonamiento de descarte y justificación.;Mejorar estrategia test.;bajo;semanal;media;"OPO_SRC007;OPO_SRC008";El preparador debe adaptar la pauta a oposición, convocatoria, formato de examen, nivel real, disponibilidad y estado del alumno.
Simulacros y exámenes tipo test;Duda demasiado en test;Inseguridad en opciones;medio;Estrategia de test;Calcular umbral de riesgo;Definir cuándo responder o dejar blanco según penalización.;Optimizar nota esperada.;medio;antes de simulacro;alta;"OPO_SRC007;OPO_SRC008";El preparador debe adaptar la pauta a oposición, convocatoria, formato de examen, nivel real, disponibilidad y estado del alumno.
Simulacros y exámenes tipo test;Duda demasiado en test;Inseguridad en opciones;medio;Gestión del tiempo;Cronometrar bloques de test;Practicar ritmo por pregunta y reserva de revisión.;Mejorar tiempo de examen.;bajo;semanal;media;"OPO_SRC007;OPO_SRC008";El preparador debe adaptar la pauta a oposición, convocatoria, formato de examen, nivel real, disponibilidad y estado del alumno.
Simulacros y exámenes tipo test;Duda demasiado en test;Inseguridad en opciones;medio;Gestión del tiempo;Bloques Pomodoro adaptados;Trabajar 25-50 min con descanso programado.;Mejorar adherencia.;bajo;diario;media;"OPO_SRC007;OPO_SRC008";El preparador debe adaptar la pauta a oposición, convocatoria, formato de examen, nivel real, disponibilidad y estado del alumno.
Simulacros y exámenes tipo test;Duda demasiado en test;Inseguridad en opciones;medio;Análisis post-simulacro;Plantilla de análisis de test;Clasificar errores: contenido, despiste, tiempo, duda, estrategia.;Mejorar test.;bajo;tras simulacro;media;"OPO_SRC007;OPO_SRC008";El preparador debe adaptar la pauta a oposición, convocatoria, formato de examen, nivel real, disponibilidad y estado del alumno.
Simulacros y exámenes tipo test;Duda demasiado en test;Inseguridad en opciones;medio;Análisis post-simulacro;Revisión de meseta;Comparar últimas notas y tipos de error para decidir intervención.;Superar estancamiento.;bajo;mensual;media;"OPO_SRC007;OPO_SRC008";El preparador debe adaptar la pauta a oposición, convocatoria, formato de examen, nivel real, disponibilidad y estado del alumno.
Simulacros y exámenes tipo test;Duda demasiado en test;Inseguridad en opciones;medio;Seguimiento de métricas;Registro real de horas útiles;Registrar tiempo efectivo, no solo tiempo sentado.;Medir dedicación real.;bajo;diario;media;"OPO_SRC007;OPO_SRC008";El preparador debe adaptar la pauta a oposición, convocatoria, formato de examen, nivel real, disponibilidad y estado del alumno.
Simulacros y exámenes tipo test;Duda demasiado en test;Inseguridad en opciones;medio;Seguimiento de métricas;Dashboard de métricas;Registrar temas vistos, repasos, simulacros, nota y cumplimiento.;Visualizar evolución.;bajo;continuo;media;"OPO_SRC007;OPO_SRC008";El preparador debe adaptar la pauta a oposición, convocatoria, formato de examen, nivel real, disponibilidad y estado del alumno.
Simulacros y exámenes tipo test;No controla penalización;Estrategia de riesgo;medio;Simulacros periódicos;Simulacro parcial;Hacer prueba de bloque con tiempo y corrección.;Medir dominio por bloques.;medio;semanal;media;OPO_SRC007;El preparador debe adaptar la pauta a oposición, convocatoria, formato de examen, nivel real, disponibilidad y estado del alumno.
Simulacros y exámenes tipo test;No controla penalización;Estrategia de riesgo;medio;Simulacros periódicos;Simulacro completo;Realizar examen completo en condiciones reales.;Entrenar rendimiento real.;medio;quincenal/mensual;alta;OPO_SRC007;El preparador debe adaptar la pauta a oposición, convocatoria, formato de examen, nivel real, disponibilidad y estado del alumno.
Simulacros y exámenes tipo test;No controla penalización;Estrategia de riesgo;medio;Estrategia de test;Entrenar descarte de opciones;Practicar razonamiento de descarte y justificación.;Mejorar estrategia test.;bajo;semanal;media;OPO_SRC007;El preparador debe adaptar la pauta a oposición, convocatoria, formato de examen, nivel real, disponibilidad y estado del alumno.
Simulacros y exámenes tipo test;No controla penalización;Estrategia de riesgo;medio;Estrategia de test;Calcular umbral de riesgo;Definir cuándo responder o dejar blanco según penalización.;Optimizar nota esperada.;medio;antes de simulacro;alta;OPO_SRC007;El preparador debe adaptar la pauta a oposición, convocatoria, formato de examen, nivel real, disponibilidad y estado del alumno.
Simulacros y exámenes tipo test;No controla penalización;Estrategia de riesgo;medio;Gestión del tiempo;Cronometrar bloques de test;Practicar ritmo por pregunta y reserva de revisión.;Mejorar tiempo de examen.;bajo;semanal;media;OPO_SRC007;El preparador debe adaptar la pauta a oposición, convocatoria, formato de examen, nivel real, disponibilidad y estado del alumno.
Simulacros y exámenes tipo test;No controla penalización;Estrategia de riesgo;medio;Gestión del tiempo;Bloques Pomodoro adaptados;Trabajar 25-50 min con descanso programado.;Mejorar adherencia.;bajo;diario;media;OPO_SRC007;El preparador debe adaptar la pauta a oposición, convocatoria, formato de examen, nivel real, disponibilidad y estado del alumno.
Simulacros y exámenes tipo test;No controla penalización;Estrategia de riesgo;medio;Análisis post-simulacro;Plantilla de análisis de test;Clasificar errores: contenido, despiste, tiempo, duda, estrategia.;Mejorar test.;bajo;tras simulacro;media;OPO_SRC007;El preparador debe adaptar la pauta a oposición, convocatoria, formato de examen, nivel real, disponibilidad y estado del alumno.
Simulacros y exámenes tipo test;No controla penalización;Estrategia de riesgo;medio;Análisis post-simulacro;Revisión de meseta;Comparar últimas notas y tipos de error para decidir intervención.;Superar estancamiento.;bajo;mensual;media;OPO_SRC007;El preparador debe adaptar la pauta a oposición, convocatoria, formato de examen, nivel real, disponibilidad y estado del alumno.
Simulacros y exámenes tipo test;No controla penalización;Estrategia de riesgo;medio;Seguimiento de métricas;Registro real de horas útiles;Registrar tiempo efectivo, no solo tiempo sentado.;Medir dedicación real.;bajo;diario;media;OPO_SRC007;El preparador debe adaptar la pauta a oposición, convocatoria, formato de examen, nivel real, disponibilidad y estado del alumno.
Simulacros y exámenes tipo test;No controla penalización;Estrategia de riesgo;medio;Seguimiento de métricas;Dashboard de métricas;Registrar temas vistos, repasos, simulacros, nota y cumplimiento.;Visualizar evolución.;bajo;continuo;media;OPO_SRC007;El preparador debe adaptar la pauta a oposición, convocatoria, formato de examen, nivel real, disponibilidad y estado del alumno.
Simulacros y exámenes tipo test;No entrena con tiempo real;Falta de simulacro;medio;Simulacros periódicos;Simulacro parcial;Hacer prueba de bloque con tiempo y corrección.;Medir dominio por bloques.;medio;semanal;media;OPO_SRC007;El preparador debe adaptar la pauta a oposición, convocatoria, formato de examen, nivel real, disponibilidad y estado del alumno.
Simulacros y exámenes tipo test;No entrena con tiempo real;Falta de simulacro;medio;Simulacros periódicos;Simulacro completo;Realizar examen completo en condiciones reales.;Entrenar rendimiento real.;medio;quincenal/mensual;alta;OPO_SRC007;El preparador debe adaptar la pauta a oposición, convocatoria, formato de examen, nivel real, disponibilidad y estado del alumno.
Simulacros y exámenes tipo test;No entrena con tiempo real;Falta de simulacro;medio;Estrategia de test;Entrenar descarte de opciones;Practicar razonamiento de descarte y justificación.;Mejorar estrategia test.;bajo;semanal;media;OPO_SRC007;El preparador debe adaptar la pauta a oposición, convocatoria, formato de examen, nivel real, disponibilidad y estado del alumno.
Simulacros y exámenes tipo test;No entrena con tiempo real;Falta de simulacro;medio;Estrategia de test;Calcular umbral de riesgo;Definir cuándo responder o dejar blanco según penalización.;Optimizar nota esperada.;medio;antes de simulacro;alta;OPO_SRC007;El preparador debe adaptar la pauta a oposición, convocatoria, formato de examen, nivel real, disponibilidad y estado del alumno.
Simulacros y exámenes tipo test;No entrena con tiempo real;Falta de simulacro;medio;Gestión del tiempo;Cronometrar bloques de test;Practicar ritmo por pregunta y reserva de revisión.;Mejorar tiempo de examen.;bajo;semanal;media;OPO_SRC007;El preparador debe adaptar la pauta a oposición, convocatoria, formato de examen, nivel real, disponibilidad y estado del alumno.
Simulacros y exámenes tipo test;No entrena con tiempo real;Falta de simulacro;medio;Gestión del tiempo;Bloques Pomodoro adaptados;Trabajar 25-50 min con descanso programado.;Mejorar adherencia.;bajo;diario;media;OPO_SRC007;El preparador debe adaptar la pauta a oposición, convocatoria, formato de examen, nivel real, disponibilidad y estado del alumno.
Simulacros y exámenes tipo test;No entrena con tiempo real;Falta de simulacro;medio;Análisis post-simulacro;Plantilla de análisis de test;Clasificar errores: contenido, despiste, tiempo, duda, estrategia.;Mejorar test.;bajo;tras simulacro;media;OPO_SRC007;El preparador debe adaptar la pauta a oposición, convocatoria, formato de examen, nivel real, disponibilidad y estado del alumno.
Simulacros y exámenes tipo test;No entrena con tiempo real;Falta de simulacro;medio;Análisis post-simulacro;Revisión de meseta;Comparar últimas notas y tipos de error para decidir intervención.;Superar estancamiento.;bajo;mensual;media;OPO_SRC007;El preparador debe adaptar la pauta a oposición, convocatoria, formato de examen, nivel real, disponibilidad y estado del alumno.
Simulacros y exámenes tipo test;No entrena con tiempo real;Falta de simulacro;medio;Seguimiento de métricas;Registro real de horas útiles;Registrar tiempo efectivo, no solo tiempo sentado.;Medir dedicación real.;bajo;diario;media;OPO_SRC007;El preparador debe adaptar la pauta a oposición, convocatoria, formato de examen, nivel real, disponibilidad y estado del alumno.
Simulacros y exámenes tipo test;No entrena con tiempo real;Falta de simulacro;medio;Seguimiento de métricas;Dashboard de métricas;Registrar temas vistos, repasos, simulacros, nota y cumplimiento.;Visualizar evolución.;bajo;continuo;media;OPO_SRC007;El preparador debe adaptar la pauta a oposición, convocatoria, formato de examen, nivel real, disponibilidad y estado del alumno.
Exámenes de desarrollo / temas;No sabe desarrollar temas;Desarrollo escrito débil;medio;Estrategia de desarrollo escrito;Esquema de desarrollo en 5 minutos;Antes de escribir tema, hacer esquema rápido.;Ordenar respuesta.;bajo;por práctica;media;OPO_SRC002;El preparador debe adaptar la pauta a oposición, convocatoria, formato de examen, nivel real, disponibilidad y estado del alumno.
Exámenes de desarrollo / temas;No sabe desarrollar temas;Desarrollo escrito débil;medio;Estrategia de desarrollo escrito;Redactar introducción y cierre tipo;Preparar fórmulas adaptables para temas de desarrollo.;Mejorar estructura.;bajo;por bloque;media;OPO_SRC002;El preparador debe adaptar la pauta a oposición, convocatoria, formato de examen, nivel real, disponibilidad y estado del alumno.
Exámenes de desarrollo / temas;No sabe desarrollar temas;Desarrollo escrito débil;medio;Estrategia de desarrollo escrito;Simulacro de tema escrito;Escribir tema completo con tiempo real.;Entrenar desarrollo.;medio;semanal;media;OPO_SRC002;El preparador debe adaptar la pauta a oposición, convocatoria, formato de examen, nivel real, disponibilidad y estado del alumno.
Exámenes de desarrollo / temas;No sabe desarrollar temas;Desarrollo escrito débil;medio;Estrategia de desarrollo escrito;Rúbrica de desarrollo;Valorar estructura, precisión, normativa, claridad y tiempo.;Mejorar redacción.;bajo;tras tema;media;OPO_SRC002;El preparador debe adaptar la pauta a oposición, convocatoria, formato de examen, nivel real, disponibilidad y estado del alumno.
Exámenes de desarrollo / temas;No sabe desarrollar temas;Desarrollo escrito débil;medio;Gestión del tiempo;Cronometrar bloques de test;Practicar ritmo por pregunta y reserva de revisión.;Mejorar tiempo de examen.;bajo;semanal;media;OPO_SRC002;El preparador debe adaptar la pauta a oposición, convocatoria, formato de examen, nivel real, disponibilidad y estado del alumno.
Exámenes de desarrollo / temas;No sabe desarrollar temas;Desarrollo escrito débil;medio;Gestión del tiempo;Bloques Pomodoro adaptados;Trabajar 25-50 min con descanso programado.;Mejorar adherencia.;bajo;diario;media;OPO_SRC002;El preparador debe adaptar la pauta a oposición, convocatoria, formato de examen, nivel real, disponibilidad y estado del alumno.
Exámenes de desarrollo / temas;No sabe desarrollar temas;Desarrollo escrito débil;medio;Análisis post-simulacro;Plantilla de análisis de test;Clasificar errores: contenido, despiste, tiempo, duda, estrategia.;Mejorar test.;bajo;tras simulacro;media;OPO_SRC002;El preparador debe adaptar la pauta a oposición, convocatoria, formato de examen, nivel real, disponibilidad y estado del alumno.
Exámenes de desarrollo / temas;No sabe desarrollar temas;Desarrollo escrito débil;medio;Análisis post-simulacro;Revisión de meseta;Comparar últimas notas y tipos de error para decidir intervención.;Superar estancamiento.;bajo;mensual;media;OPO_SRC002;El preparador debe adaptar la pauta a oposición, convocatoria, formato de examen, nivel real, disponibilidad y estado del alumno.
Exámenes de desarrollo / temas;No sabe desarrollar temas;Desarrollo escrito débil;medio;Seguimiento de métricas;Registro real de horas útiles;Registrar tiempo efectivo, no solo tiempo sentado.;Medir dedicación real.;bajo;diario;media;OPO_SRC002;El preparador debe adaptar la pauta a oposición, convocatoria, formato de examen, nivel real, disponibilidad y estado del alumno.
Exámenes de desarrollo / temas;No sabe desarrollar temas;Desarrollo escrito débil;medio;Seguimiento de métricas;Dashboard de métricas;Registrar temas vistos, repasos, simulacros, nota y cumplimiento.;Visualizar evolución.;bajo;continuo;media;OPO_SRC002;El preparador debe adaptar la pauta a oposición, convocatoria, formato de examen, nivel real, disponibilidad y estado del alumno.
Exámenes de desarrollo / temas;Redacción lenta;No termina examen;medio;Estrategia de desarrollo escrito;Esquema de desarrollo en 5 minutos;Antes de escribir tema, hacer esquema rápido.;Ordenar respuesta.;bajo;por práctica;media;OPO_SRC002;El preparador debe adaptar la pauta a oposición, convocatoria, formato de examen, nivel real, disponibilidad y estado del alumno.
Exámenes de desarrollo / temas;Redacción lenta;No termina examen;medio;Estrategia de desarrollo escrito;Redactar introducción y cierre tipo;Preparar fórmulas adaptables para temas de desarrollo.;Mejorar estructura.;bajo;por bloque;media;OPO_SRC002;El preparador debe adaptar la pauta a oposición, convocatoria, formato de examen, nivel real, disponibilidad y estado del alumno.
Exámenes de desarrollo / temas;Redacción lenta;No termina examen;medio;Estrategia de desarrollo escrito;Simulacro de tema escrito;Escribir tema completo con tiempo real.;Entrenar desarrollo.;medio;semanal;media;OPO_SRC002;El preparador debe adaptar la pauta a oposición, convocatoria, formato de examen, nivel real, disponibilidad y estado del alumno.
Exámenes de desarrollo / temas;Redacción lenta;No termina examen;medio;Estrategia de desarrollo escrito;Rúbrica de desarrollo;Valorar estructura, precisión, normativa, claridad y tiempo.;Mejorar redacción.;bajo;tras tema;media;OPO_SRC002;El preparador debe adaptar la pauta a oposición, convocatoria, formato de examen, nivel real, disponibilidad y estado del alumno.
Exámenes de desarrollo / temas;Redacción lenta;No termina examen;medio;Gestión del tiempo;Cronometrar bloques de test;Practicar ritmo por pregunta y reserva de revisión.;Mejorar tiempo de examen.;bajo;semanal;media;OPO_SRC002;El preparador debe adaptar la pauta a oposición, convocatoria, formato de examen, nivel real, disponibilidad y estado del alumno.
Exámenes de desarrollo / temas;Redacción lenta;No termina examen;medio;Gestión del tiempo;Bloques Pomodoro adaptados;Trabajar 25-50 min con descanso programado.;Mejorar adherencia.;bajo;diario;media;OPO_SRC002;El preparador debe adaptar la pauta a oposición, convocatoria, formato de examen, nivel real, disponibilidad y estado del alumno.
Exámenes de desarrollo / temas;Redacción lenta;No termina examen;medio;Análisis post-simulacro;Plantilla de análisis de test;Clasificar errores: contenido, despiste, tiempo, duda, estrategia.;Mejorar test.;bajo;tras simulacro;media;OPO_SRC002;El preparador debe adaptar la pauta a oposición, convocatoria, formato de examen, nivel real, disponibilidad y estado del alumno.
Exámenes de desarrollo / temas;Redacción lenta;No termina examen;medio;Análisis post-simulacro;Revisión de meseta;Comparar últimas notas y tipos de error para decidir intervención.;Superar estancamiento.;bajo;mensual;media;OPO_SRC002;El preparador debe adaptar la pauta a oposición, convocatoria, formato de examen, nivel real, disponibilidad y estado del alumno.
Exámenes de desarrollo / temas;Redacción lenta;No termina examen;medio;Seguimiento de métricas;Registro real de horas útiles;Registrar tiempo efectivo, no solo tiempo sentado.;Medir dedicación real.;bajo;diario;media;OPO_SRC002;El preparador debe adaptar la pauta a oposición, convocatoria, formato de examen, nivel real, disponibilidad y estado del alumno.
Exámenes de desarrollo / temas;Redacción lenta;No termina examen;medio;Seguimiento de métricas;Dashboard de métricas;Registrar temas vistos, repasos, simulacros, nota y cumplimiento.;Visualizar evolución.;bajo;continuo;media;OPO_SRC002;El preparador debe adaptar la pauta a oposición, convocatoria, formato de examen, nivel real, disponibilidad y estado del alumno.
Exámenes de desarrollo / temas;Respuesta sin estructura;Desarrollo desordenado;bajo;Estrategia de desarrollo escrito;Esquema de desarrollo en 5 minutos;Antes de escribir tema, hacer esquema rápido.;Ordenar respuesta.;bajo;por práctica;media;OPO_SRC002;El preparador debe adaptar la pauta a oposición, convocatoria, formato de examen, nivel real, disponibilidad y estado del alumno.
Exámenes de desarrollo / temas;Respuesta sin estructura;Desarrollo desordenado;bajo;Estrategia de desarrollo escrito;Redactar introducción y cierre tipo;Preparar fórmulas adaptables para temas de desarrollo.;Mejorar estructura.;bajo;por bloque;media;OPO_SRC002;El preparador debe adaptar la pauta a oposición, convocatoria, formato de examen, nivel real, disponibilidad y estado del alumno.
Exámenes de desarrollo / temas;Respuesta sin estructura;Desarrollo desordenado;bajo;Estrategia de desarrollo escrito;Simulacro de tema escrito;Escribir tema completo con tiempo real.;Entrenar desarrollo.;medio;semanal;media;OPO_SRC002;El preparador debe adaptar la pauta a oposición, convocatoria, formato de examen, nivel real, disponibilidad y estado del alumno.
Exámenes de desarrollo / temas;Respuesta sin estructura;Desarrollo desordenado;bajo;Estrategia de desarrollo escrito;Rúbrica de desarrollo;Valorar estructura, precisión, normativa, claridad y tiempo.;Mejorar redacción.;bajo;tras tema;media;OPO_SRC002;El preparador debe adaptar la pauta a oposición, convocatoria, formato de examen, nivel real, disponibilidad y estado del alumno.
Exámenes de desarrollo / temas;Respuesta sin estructura;Desarrollo desordenado;bajo;Gestión del tiempo;Cronometrar bloques de test;Practicar ritmo por pregunta y reserva de revisión.;Mejorar tiempo de examen.;bajo;semanal;media;OPO_SRC002;El preparador debe adaptar la pauta a oposición, convocatoria, formato de examen, nivel real, disponibilidad y estado del alumno.
Exámenes de desarrollo / temas;Respuesta sin estructura;Desarrollo desordenado;bajo;Gestión del tiempo;Bloques Pomodoro adaptados;Trabajar 25-50 min con descanso programado.;Mejorar adherencia.;bajo;diario;media;OPO_SRC002;El preparador debe adaptar la pauta a oposición, convocatoria, formato de examen, nivel real, disponibilidad y estado del alumno.
Exámenes de desarrollo / temas;Respuesta sin estructura;Desarrollo desordenado;bajo;Análisis post-simulacro;Plantilla de análisis de test;Clasificar errores: contenido, despiste, tiempo, duda, estrategia.;Mejorar test.;bajo;tras simulacro;media;OPO_SRC002;El preparador debe adaptar la pauta a oposición, convocatoria, formato de examen, nivel real, disponibilidad y estado del alumno.
Exámenes de desarrollo / temas;Respuesta sin estructura;Desarrollo desordenado;bajo;Análisis post-simulacro;Revisión de meseta;Comparar últimas notas y tipos de error para decidir intervención.;Superar estancamiento.;bajo;mensual;media;OPO_SRC002;El preparador debe adaptar la pauta a oposición, convocatoria, formato de examen, nivel real, disponibilidad y estado del alumno.
Exámenes de desarrollo / temas;Respuesta sin estructura;Desarrollo desordenado;bajo;Seguimiento de métricas;Registro real de horas útiles;Registrar tiempo efectivo, no solo tiempo sentado.;Medir dedicación real.;bajo;diario;media;OPO_SRC002;El preparador debe adaptar la pauta a oposición, convocatoria, formato de examen, nivel real, disponibilidad y estado del alumno.
Exámenes de desarrollo / temas;Respuesta sin estructura;Desarrollo desordenado;bajo;Seguimiento de métricas;Dashboard de métricas;Registrar temas vistos, repasos, simulacros, nota y cumplimiento.;Visualizar evolución.;bajo;continuo;media;OPO_SRC002;El preparador debe adaptar la pauta a oposición, convocatoria, formato de examen, nivel real, disponibilidad y estado del alumno.
Supuestos prácticos / casos;Dificultad en supuestos prácticos;Caso práctico;medio;Estrategia de supuesto práctico;Lectura guiada del supuesto;Subrayar hechos, pregunta, norma y criterio antes de responder.;Mejorar casos prácticos.;medio;por supuesto;media;OPO_SRC002;El preparador debe adaptar la pauta a oposición, convocatoria, formato de examen, nivel real, disponibilidad y estado del alumno.
Supuestos prácticos / casos;Dificultad en supuestos prácticos;Caso práctico;medio;Estrategia de supuesto práctico;Plantilla de supuesto práctico;Usar estructura fija: hechos, norma, aplicación, conclusión.;Ordenar respuesta aplicada.;medio;por supuesto;media;OPO_SRC002;El preparador debe adaptar la pauta a oposición, convocatoria, formato de examen, nivel real, disponibilidad y estado del alumno.
Supuestos prácticos / casos;Dificultad en supuestos prácticos;Caso práctico;medio;Análisis post-simulacro;Plantilla de análisis de test;Clasificar errores: contenido, despiste, tiempo, duda, estrategia.;Mejorar test.;bajo;tras simulacro;media;OPO_SRC002;El preparador debe adaptar la pauta a oposición, convocatoria, formato de examen, nivel real, disponibilidad y estado del alumno.
Supuestos prácticos / casos;Dificultad en supuestos prácticos;Caso práctico;medio;Análisis post-simulacro;Revisión de meseta;Comparar últimas notas y tipos de error para decidir intervención.;Superar estancamiento.;bajo;mensual;media;OPO_SRC002;El preparador debe adaptar la pauta a oposición, convocatoria, formato de examen, nivel real, disponibilidad y estado del alumno.
Supuestos prácticos / casos;Dificultad en supuestos prácticos;Caso práctico;medio;Seguimiento de métricas;Registro real de horas útiles;Registrar tiempo efectivo, no solo tiempo sentado.;Medir dedicación real.;bajo;diario;media;OPO_SRC002;El preparador debe adaptar la pauta a oposición, convocatoria, formato de examen, nivel real, disponibilidad y estado del alumno.
Supuestos prácticos / casos;Dificultad en supuestos prácticos;Caso práctico;medio;Seguimiento de métricas;Dashboard de métricas;Registrar temas vistos, repasos, simulacros, nota y cumplimiento.;Visualizar evolución.;bajo;continuo;media;OPO_SRC002;El preparador debe adaptar la pauta a oposición, convocatoria, formato de examen, nivel real, disponibilidad y estado del alumno.
Supuestos prácticos / casos;No justifica respuestas;Falta argumentación;medio;Estrategia de supuesto práctico;Lectura guiada del supuesto;Subrayar hechos, pregunta, norma y criterio antes de responder.;Mejorar casos prácticos.;medio;por supuesto;media;OPO_SRC002;El preparador debe adaptar la pauta a oposición, convocatoria, formato de examen, nivel real, disponibilidad y estado del alumno.
Supuestos prácticos / casos;No justifica respuestas;Falta argumentación;medio;Estrategia de supuesto práctico;Plantilla de supuesto práctico;Usar estructura fija: hechos, norma, aplicación, conclusión.;Ordenar respuesta aplicada.;medio;por supuesto;media;OPO_SRC002;El preparador debe adaptar la pauta a oposición, convocatoria, formato de examen, nivel real, disponibilidad y estado del alumno.
Supuestos prácticos / casos;No justifica respuestas;Falta argumentación;medio;Análisis post-simulacro;Plantilla de análisis de test;Clasificar errores: contenido, despiste, tiempo, duda, estrategia.;Mejorar test.;bajo;tras simulacro;media;OPO_SRC002;El preparador debe adaptar la pauta a oposición, convocatoria, formato de examen, nivel real, disponibilidad y estado del alumno.
Supuestos prácticos / casos;No justifica respuestas;Falta argumentación;medio;Análisis post-simulacro;Revisión de meseta;Comparar últimas notas y tipos de error para decidir intervención.;Superar estancamiento.;bajo;mensual;media;OPO_SRC002;El preparador debe adaptar la pauta a oposición, convocatoria, formato de examen, nivel real, disponibilidad y estado del alumno.
Supuestos prácticos / casos;No justifica respuestas;Falta argumentación;medio;Seguimiento de métricas;Registro real de horas útiles;Registrar tiempo efectivo, no solo tiempo sentado.;Medir dedicación real.;bajo;diario;media;OPO_SRC002;El preparador debe adaptar la pauta a oposición, convocatoria, formato de examen, nivel real, disponibilidad y estado del alumno.
Supuestos prácticos / casos;No justifica respuestas;Falta argumentación;medio;Seguimiento de métricas;Dashboard de métricas;Registrar temas vistos, repasos, simulacros, nota y cumplimiento.;Visualizar evolución.;bajo;continuo;media;OPO_SRC002;El preparador debe adaptar la pauta a oposición, convocatoria, formato de examen, nivel real, disponibilidad y estado del alumno.
Organización diaria y hábitos;Rutina irregular;Hábito inestable;bajo;Gestión del tiempo;Cronometrar bloques de test;Practicar ritmo por pregunta y reserva de revisión.;Mejorar tiempo de examen.;bajo;semanal;media;OPO_SRC002;El preparador debe adaptar la pauta a oposición, convocatoria, formato de examen, nivel real, disponibilidad y estado del alumno.
Organización diaria y hábitos;Rutina irregular;Hábito inestable;bajo;Gestión del tiempo;Bloques Pomodoro adaptados;Trabajar 25-50 min con descanso programado.;Mejorar adherencia.;bajo;diario;media;OPO_SRC002;El preparador debe adaptar la pauta a oposición, convocatoria, formato de examen, nivel real, disponibilidad y estado del alumno.
Organización diaria y hábitos;Rutina irregular;Hábito inestable;bajo;Objetivos SMART;Objetivo SMART semanal;Definir objetivo concreto de avance/repaso/simulacro.;Aumentar foco.;bajo;semanal;media;OPO_SRC002;El preparador debe adaptar la pauta a oposición, convocatoria, formato de examen, nivel real, disponibilidad y estado del alumno.
Organización diaria y hábitos;Rutina irregular;Hábito inestable;bajo;Gestión de procrastinación;Primer paso de 5 minutos;Iniciar tarea difícil con solo 5 minutos obligatorios.;Romper procrastinación.;bajo;cuando haya bloqueo;media;OPO_SRC002;El preparador debe adaptar la pauta a oposición, convocatoria, formato de examen, nivel real, disponibilidad y estado del alumno.
Organización diaria y hábitos;Rutina irregular;Hábito inestable;bajo;Gestión de procrastinación;Eliminar fricción de inicio;Dejar material preparado y tarea exacta definida el día anterior.;Facilitar hábito.;bajo;diario;media;OPO_SRC002;El preparador debe adaptar la pauta a oposición, convocatoria, formato de examen, nivel real, disponibilidad y estado del alumno.
Organización diaria y hábitos;Rutina irregular;Hábito inestable;bajo;Pacing y descanso;Plan de descanso semanal;Programar descanso real y sueño suficiente.;Prevenir fatiga.;bajo;semanal;media;OPO_SRC002;El preparador debe adaptar la pauta a oposición, convocatoria, formato de examen, nivel real, disponibilidad y estado del alumno.
Organización diaria y hábitos;Rutina irregular;Hábito inestable;bajo;Pacing y descanso;Registro de fatiga y rendimiento;Valorar energía, sueño, horas útiles y resultado.;Ajustar carga.;bajo;diario/semanal;media;OPO_SRC002;El preparador debe adaptar la pauta a oposición, convocatoria, formato de examen, nivel real, disponibilidad y estado del alumno.
Organización diaria y hábitos;Rutina irregular;Hábito inestable;bajo;Coaching académico / adherencia;Revisión post-suspenso;Analizar resultado, errores, plan, estado emocional y siguiente ciclo.;Reformular estrategia.;medio;tras convocatoria;media;OPO_SRC002;El preparador debe adaptar la pauta a oposición, convocatoria, formato de examen, nivel real, disponibilidad y estado del alumno.
Organización diaria y hábitos;Rutina irregular;Hábito inestable;bajo;Coaching académico / adherencia;Contrato de adherencia;Acordar tareas mínimas, reporte y revisión semanal.;Mejorar compromiso.;bajo;semanal;media;OPO_SRC002;El preparador debe adaptar la pauta a oposición, convocatoria, formato de examen, nivel real, disponibilidad y estado del alumno.
Organización diaria y hábitos;Rutina irregular;Hábito inestable;bajo;Seguimiento de métricas;Registro real de horas útiles;Registrar tiempo efectivo, no solo tiempo sentado.;Medir dedicación real.;bajo;diario;media;OPO_SRC002;El preparador debe adaptar la pauta a oposición, convocatoria, formato de examen, nivel real, disponibilidad y estado del alumno.
Organización diaria y hábitos;Rutina irregular;Hábito inestable;bajo;Seguimiento de métricas;Dashboard de métricas;Registrar temas vistos, repasos, simulacros, nota y cumplimiento.;Visualizar evolución.;bajo;continuo;media;OPO_SRC002;El preparador debe adaptar la pauta a oposición, convocatoria, formato de examen, nivel real, disponibilidad y estado del alumno.
Organización diaria y hábitos;Procrastinación;Posposición;medio;Gestión del tiempo;Cronometrar bloques de test;Practicar ritmo por pregunta y reserva de revisión.;Mejorar tiempo de examen.;bajo;semanal;media;"OPO_SRC002;OPO_SRC006";El preparador debe adaptar la pauta a oposición, convocatoria, formato de examen, nivel real, disponibilidad y estado del alumno.
Organización diaria y hábitos;Procrastinación;Posposición;medio;Gestión del tiempo;Bloques Pomodoro adaptados;Trabajar 25-50 min con descanso programado.;Mejorar adherencia.;bajo;diario;media;"OPO_SRC002;OPO_SRC006";El preparador debe adaptar la pauta a oposición, convocatoria, formato de examen, nivel real, disponibilidad y estado del alumno.
Organización diaria y hábitos;Procrastinación;Posposición;medio;Objetivos SMART;Objetivo SMART semanal;Definir objetivo concreto de avance/repaso/simulacro.;Aumentar foco.;bajo;semanal;media;"OPO_SRC002;OPO_SRC006";El preparador debe adaptar la pauta a oposición, convocatoria, formato de examen, nivel real, disponibilidad y estado del alumno.
Organización diaria y hábitos;Procrastinación;Posposición;medio;Gestión de procrastinación;Primer paso de 5 minutos;Iniciar tarea difícil con solo 5 minutos obligatorios.;Romper procrastinación.;bajo;cuando haya bloqueo;media;"OPO_SRC002;OPO_SRC006";El preparador debe adaptar la pauta a oposición, convocatoria, formato de examen, nivel real, disponibilidad y estado del alumno.
Organización diaria y hábitos;Procrastinación;Posposición;medio;Gestión de procrastinación;Eliminar fricción de inicio;Dejar material preparado y tarea exacta definida el día anterior.;Facilitar hábito.;bajo;diario;media;"OPO_SRC002;OPO_SRC006";El preparador debe adaptar la pauta a oposición, convocatoria, formato de examen, nivel real, disponibilidad y estado del alumno.
Organización diaria y hábitos;Procrastinación;Posposición;medio;Pacing y descanso;Plan de descanso semanal;Programar descanso real y sueño suficiente.;Prevenir fatiga.;bajo;semanal;media;"OPO_SRC002;OPO_SRC006";El preparador debe adaptar la pauta a oposición, convocatoria, formato de examen, nivel real, disponibilidad y estado del alumno.
Organización diaria y hábitos;Procrastinación;Posposición;medio;Pacing y descanso;Registro de fatiga y rendimiento;Valorar energía, sueño, horas útiles y resultado.;Ajustar carga.;bajo;diario/semanal;media;"OPO_SRC002;OPO_SRC006";El preparador debe adaptar la pauta a oposición, convocatoria, formato de examen, nivel real, disponibilidad y estado del alumno.
Organización diaria y hábitos;Procrastinación;Posposición;medio;Coaching académico / adherencia;Revisión post-suspenso;Analizar resultado, errores, plan, estado emocional y siguiente ciclo.;Reformular estrategia.;medio;tras convocatoria;media;"OPO_SRC002;OPO_SRC006";El preparador debe adaptar la pauta a oposición, convocatoria, formato de examen, nivel real, disponibilidad y estado del alumno.
Organización diaria y hábitos;Procrastinación;Posposición;medio;Coaching académico / adherencia;Contrato de adherencia;Acordar tareas mínimas, reporte y revisión semanal.;Mejorar compromiso.;bajo;semanal;media;"OPO_SRC002;OPO_SRC006";El preparador debe adaptar la pauta a oposición, convocatoria, formato de examen, nivel real, disponibilidad y estado del alumno.
Organización diaria y hábitos;Procrastinación;Posposición;medio;Seguimiento de métricas;Registro real de horas útiles;Registrar tiempo efectivo, no solo tiempo sentado.;Medir dedicación real.;bajo;diario;media;"OPO_SRC002;OPO_SRC006";El preparador debe adaptar la pauta a oposición, convocatoria, formato de examen, nivel real, disponibilidad y estado del alumno.
Organización diaria y hábitos;Procrastinación;Posposición;medio;Seguimiento de métricas;Dashboard de métricas;Registrar temas vistos, repasos, simulacros, nota y cumplimiento.;Visualizar evolución.;bajo;continuo;media;"OPO_SRC002;OPO_SRC006";El preparador debe adaptar la pauta a oposición, convocatoria, formato de examen, nivel real, disponibilidad y estado del alumno.
Organización diaria y hábitos;Cansancio acumulado;Fatiga de estudio;medio;Gestión del tiempo;Cronometrar bloques de test;Practicar ritmo por pregunta y reserva de revisión.;Mejorar tiempo de examen.;bajo;semanal;media;OPO_SRC002;El preparador debe adaptar la pauta a oposición, convocatoria, formato de examen, nivel real, disponibilidad y estado del alumno.
Organización diaria y hábitos;Cansancio acumulado;Fatiga de estudio;medio;Gestión del tiempo;Bloques Pomodoro adaptados;Trabajar 25-50 min con descanso programado.;Mejorar adherencia.;bajo;diario;media;OPO_SRC002;El preparador debe adaptar la pauta a oposición, convocatoria, formato de examen, nivel real, disponibilidad y estado del alumno.
Organización diaria y hábitos;Cansancio acumulado;Fatiga de estudio;medio;Objetivos SMART;Objetivo SMART semanal;Definir objetivo concreto de avance/repaso/simulacro.;Aumentar foco.;bajo;semanal;media;OPO_SRC002;El preparador debe adaptar la pauta a oposición, convocatoria, formato de examen, nivel real, disponibilidad y estado del alumno.
Organización diaria y hábitos;Cansancio acumulado;Fatiga de estudio;medio;Gestión de procrastinación;Primer paso de 5 minutos;Iniciar tarea difícil con solo 5 minutos obligatorios.;Romper procrastinación.;bajo;cuando haya bloqueo;media;OPO_SRC002;El preparador debe adaptar la pauta a oposición, convocatoria, formato de examen, nivel real, disponibilidad y estado del alumno.
Organización diaria y hábitos;Cansancio acumulado;Fatiga de estudio;medio;Gestión de procrastinación;Eliminar fricción de inicio;Dejar material preparado y tarea exacta definida el día anterior.;Facilitar hábito.;bajo;diario;media;OPO_SRC002;El preparador debe adaptar la pauta a oposición, convocatoria, formato de examen, nivel real, disponibilidad y estado del alumno.
Organización diaria y hábitos;Cansancio acumulado;Fatiga de estudio;medio;Pacing y descanso;Plan de descanso semanal;Programar descanso real y sueño suficiente.;Prevenir fatiga.;bajo;semanal;media;OPO_SRC002;El preparador debe adaptar la pauta a oposición, convocatoria, formato de examen, nivel real, disponibilidad y estado del alumno.
Organización diaria y hábitos;Cansancio acumulado;Fatiga de estudio;medio;Pacing y descanso;Registro de fatiga y rendimiento;Valorar energía, sueño, horas útiles y resultado.;Ajustar carga.;bajo;diario/semanal;media;OPO_SRC002;El preparador debe adaptar la pauta a oposición, convocatoria, formato de examen, nivel real, disponibilidad y estado del alumno.
Organización diaria y hábitos;Cansancio acumulado;Fatiga de estudio;medio;Coaching académico / adherencia;Revisión post-suspenso;Analizar resultado, errores, plan, estado emocional y siguiente ciclo.;Reformular estrategia.;medio;tras convocatoria;media;OPO_SRC002;El preparador debe adaptar la pauta a oposición, convocatoria, formato de examen, nivel real, disponibilidad y estado del alumno.
Organización diaria y hábitos;Cansancio acumulado;Fatiga de estudio;medio;Coaching académico / adherencia;Contrato de adherencia;Acordar tareas mínimas, reporte y revisión semanal.;Mejorar compromiso.;bajo;semanal;media;OPO_SRC002;El preparador debe adaptar la pauta a oposición, convocatoria, formato de examen, nivel real, disponibilidad y estado del alumno.
Organización diaria y hábitos;Cansancio acumulado;Fatiga de estudio;medio;Seguimiento de métricas;Registro real de horas útiles;Registrar tiempo efectivo, no solo tiempo sentado.;Medir dedicación real.;bajo;diario;media;OPO_SRC002;El preparador debe adaptar la pauta a oposición, convocatoria, formato de examen, nivel real, disponibilidad y estado del alumno.
Organización diaria y hábitos;Cansancio acumulado;Fatiga de estudio;medio;Seguimiento de métricas;Dashboard de métricas;Registrar temas vistos, repasos, simulacros, nota y cumplimiento.;Visualizar evolución.;bajo;continuo;media;OPO_SRC002;El preparador debe adaptar la pauta a oposición, convocatoria, formato de examen, nivel real, disponibilidad y estado del alumno.
Seguimiento del alumno;No entrega tareas al preparador;Baja adherencia;bajo;Seguimiento de métricas;Registro real de horas útiles;Registrar tiempo efectivo, no solo tiempo sentado.;Medir dedicación real.;bajo;diario;media;OPO_SRC002;El preparador debe adaptar la pauta a oposición, convocatoria, formato de examen, nivel real, disponibilidad y estado del alumno.
Seguimiento del alumno;No entrega tareas al preparador;Baja adherencia;bajo;Seguimiento de métricas;Dashboard de métricas;Registrar temas vistos, repasos, simulacros, nota y cumplimiento.;Visualizar evolución.;bajo;continuo;media;OPO_SRC002;El preparador debe adaptar la pauta a oposición, convocatoria, formato de examen, nivel real, disponibilidad y estado del alumno.
Seguimiento del alumno;No entrega tareas al preparador;Baja adherencia;bajo;Coaching académico / adherencia;Revisión post-suspenso;Analizar resultado, errores, plan, estado emocional y siguiente ciclo.;Reformular estrategia.;medio;tras convocatoria;media;OPO_SRC002;El preparador debe adaptar la pauta a oposición, convocatoria, formato de examen, nivel real, disponibilidad y estado del alumno.
Seguimiento del alumno;No entrega tareas al preparador;Baja adherencia;bajo;Coaching académico / adherencia;Contrato de adherencia;Acordar tareas mínimas, reporte y revisión semanal.;Mejorar compromiso.;bajo;semanal;media;OPO_SRC002;El preparador debe adaptar la pauta a oposición, convocatoria, formato de examen, nivel real, disponibilidad y estado del alumno.
Seguimiento del alumno;No entrega tareas al preparador;Baja adherencia;bajo;Informe de evolución del opositor;Informe semanal del preparador;Resumen de avance, tareas cumplidas, fallos y próximos objetivos.;Mejorar seguimiento.;bajo;semanal;media;OPO_SRC002;El preparador debe adaptar la pauta a oposición, convocatoria, formato de examen, nivel real, disponibilidad y estado del alumno.
Seguimiento del alumno;No entrega tareas al preparador;Baja adherencia;bajo;Análisis post-simulacro;Plantilla de análisis de test;Clasificar errores: contenido, despiste, tiempo, duda, estrategia.;Mejorar test.;bajo;tras simulacro;media;OPO_SRC002;El preparador debe adaptar la pauta a oposición, convocatoria, formato de examen, nivel real, disponibilidad y estado del alumno.
Seguimiento del alumno;No entrega tareas al preparador;Baja adherencia;bajo;Análisis post-simulacro;Revisión de meseta;Comparar últimas notas y tipos de error para decidir intervención.;Superar estancamiento.;bajo;mensual;media;OPO_SRC002;El preparador debe adaptar la pauta a oposición, convocatoria, formato de examen, nivel real, disponibilidad y estado del alumno.
Seguimiento del alumno;No hay datos de progreso;Seguimiento insuficiente;bajo;Seguimiento de métricas;Registro real de horas útiles;Registrar tiempo efectivo, no solo tiempo sentado.;Medir dedicación real.;bajo;diario;media;OPO_SRC002;El preparador debe adaptar la pauta a oposición, convocatoria, formato de examen, nivel real, disponibilidad y estado del alumno.
Seguimiento del alumno;No hay datos de progreso;Seguimiento insuficiente;bajo;Seguimiento de métricas;Dashboard de métricas;Registrar temas vistos, repasos, simulacros, nota y cumplimiento.;Visualizar evolución.;bajo;continuo;media;OPO_SRC002;El preparador debe adaptar la pauta a oposición, convocatoria, formato de examen, nivel real, disponibilidad y estado del alumno.
Seguimiento del alumno;No hay datos de progreso;Seguimiento insuficiente;bajo;Coaching académico / adherencia;Revisión post-suspenso;Analizar resultado, errores, plan, estado emocional y siguiente ciclo.;Reformular estrategia.;medio;tras convocatoria;media;OPO_SRC002;El preparador debe adaptar la pauta a oposición, convocatoria, formato de examen, nivel real, disponibilidad y estado del alumno.
Seguimiento del alumno;No hay datos de progreso;Seguimiento insuficiente;bajo;Coaching académico / adherencia;Contrato de adherencia;Acordar tareas mínimas, reporte y revisión semanal.;Mejorar compromiso.;bajo;semanal;media;OPO_SRC002;El preparador debe adaptar la pauta a oposición, convocatoria, formato de examen, nivel real, disponibilidad y estado del alumno.
Seguimiento del alumno;No hay datos de progreso;Seguimiento insuficiente;bajo;Informe de evolución del opositor;Informe semanal del preparador;Resumen de avance, tareas cumplidas, fallos y próximos objetivos.;Mejorar seguimiento.;bajo;semanal;media;OPO_SRC002;El preparador debe adaptar la pauta a oposición, convocatoria, formato de examen, nivel real, disponibilidad y estado del alumno.
Seguimiento del alumno;No hay datos de progreso;Seguimiento insuficiente;bajo;Análisis post-simulacro;Plantilla de análisis de test;Clasificar errores: contenido, despiste, tiempo, duda, estrategia.;Mejorar test.;bajo;tras simulacro;media;OPO_SRC002;El preparador debe adaptar la pauta a oposición, convocatoria, formato de examen, nivel real, disponibilidad y estado del alumno.
Seguimiento del alumno;No hay datos de progreso;Seguimiento insuficiente;bajo;Análisis post-simulacro;Revisión de meseta;Comparar últimas notas y tipos de error para decidir intervención.;Superar estancamiento.;bajo;mensual;media;OPO_SRC002;El preparador debe adaptar la pauta a oposición, convocatoria, formato de examen, nivel real, disponibilidad y estado del alumno.
Seguimiento del alumno;Estancamiento de rendimiento;Meseta;medio;Seguimiento de métricas;Registro real de horas útiles;Registrar tiempo efectivo, no solo tiempo sentado.;Medir dedicación real.;bajo;diario;media;"OPO_SRC002;OPO_SRC004";El preparador debe adaptar la pauta a oposición, convocatoria, formato de examen, nivel real, disponibilidad y estado del alumno.
Seguimiento del alumno;Estancamiento de rendimiento;Meseta;medio;Seguimiento de métricas;Dashboard de métricas;Registrar temas vistos, repasos, simulacros, nota y cumplimiento.;Visualizar evolución.;bajo;continuo;media;"OPO_SRC002;OPO_SRC004";El preparador debe adaptar la pauta a oposición, convocatoria, formato de examen, nivel real, disponibilidad y estado del alumno.
Seguimiento del alumno;Estancamiento de rendimiento;Meseta;medio;Coaching académico / adherencia;Revisión post-suspenso;Analizar resultado, errores, plan, estado emocional y siguiente ciclo.;Reformular estrategia.;medio;tras convocatoria;media;"OPO_SRC002;OPO_SRC004";El preparador debe adaptar la pauta a oposición, convocatoria, formato de examen, nivel real, disponibilidad y estado del alumno.
Seguimiento del alumno;Estancamiento de rendimiento;Meseta;medio;Coaching académico / adherencia;Contrato de adherencia;Acordar tareas mínimas, reporte y revisión semanal.;Mejorar compromiso.;bajo;semanal;media;"OPO_SRC002;OPO_SRC004";El preparador debe adaptar la pauta a oposición, convocatoria, formato de examen, nivel real, disponibilidad y estado del alumno.
Seguimiento del alumno;Estancamiento de rendimiento;Meseta;medio;Informe de evolución del opositor;Informe semanal del preparador;Resumen de avance, tareas cumplidas, fallos y próximos objetivos.;Mejorar seguimiento.;bajo;semanal;media;"OPO_SRC002;OPO_SRC004";El preparador debe adaptar la pauta a oposición, convocatoria, formato de examen, nivel real, disponibilidad y estado del alumno.
Seguimiento del alumno;Estancamiento de rendimiento;Meseta;medio;Análisis post-simulacro;Plantilla de análisis de test;Clasificar errores: contenido, despiste, tiempo, duda, estrategia.;Mejorar test.;bajo;tras simulacro;media;"OPO_SRC002;OPO_SRC004";El preparador debe adaptar la pauta a oposición, convocatoria, formato de examen, nivel real, disponibilidad y estado del alumno.
Seguimiento del alumno;Estancamiento de rendimiento;Meseta;medio;Análisis post-simulacro;Revisión de meseta;Comparar últimas notas y tipos de error para decidir intervención.;Superar estancamiento.;bajo;mensual;media;"OPO_SRC002;OPO_SRC004";El preparador debe adaptar la pauta a oposición, convocatoria, formato de examen, nivel real, disponibilidad y estado del alumno.
Motivación y disciplina;Pérdida de motivación;Desgaste;medio;Objetivos SMART;Objetivo SMART semanal;Definir objetivo concreto de avance/repaso/simulacro.;Aumentar foco.;bajo;semanal;media;OPO_SRC002;El preparador debe adaptar la pauta a oposición, convocatoria, formato de examen, nivel real, disponibilidad y estado del alumno.
Motivación y disciplina;Pérdida de motivación;Desgaste;medio;Gestión de procrastinación;Primer paso de 5 minutos;Iniciar tarea difícil con solo 5 minutos obligatorios.;Romper procrastinación.;bajo;cuando haya bloqueo;media;OPO_SRC002;El preparador debe adaptar la pauta a oposición, convocatoria, formato de examen, nivel real, disponibilidad y estado del alumno.
Motivación y disciplina;Pérdida de motivación;Desgaste;medio;Gestión de procrastinación;Eliminar fricción de inicio;Dejar material preparado y tarea exacta definida el día anterior.;Facilitar hábito.;bajo;diario;media;OPO_SRC002;El preparador debe adaptar la pauta a oposición, convocatoria, formato de examen, nivel real, disponibilidad y estado del alumno.
Motivación y disciplina;Pérdida de motivación;Desgaste;medio;Pacing y descanso;Plan de descanso semanal;Programar descanso real y sueño suficiente.;Prevenir fatiga.;bajo;semanal;media;OPO_SRC002;El preparador debe adaptar la pauta a oposición, convocatoria, formato de examen, nivel real, disponibilidad y estado del alumno.
Motivación y disciplina;Pérdida de motivación;Desgaste;medio;Pacing y descanso;Registro de fatiga y rendimiento;Valorar energía, sueño, horas útiles y resultado.;Ajustar carga.;bajo;diario/semanal;media;OPO_SRC002;El preparador debe adaptar la pauta a oposición, convocatoria, formato de examen, nivel real, disponibilidad y estado del alumno.
Motivación y disciplina;Pérdida de motivación;Desgaste;medio;Coaching académico / adherencia;Revisión post-suspenso;Analizar resultado, errores, plan, estado emocional y siguiente ciclo.;Reformular estrategia.;medio;tras convocatoria;media;OPO_SRC002;El preparador debe adaptar la pauta a oposición, convocatoria, formato de examen, nivel real, disponibilidad y estado del alumno.
Motivación y disciplina;Pérdida de motivación;Desgaste;medio;Coaching académico / adherencia;Contrato de adherencia;Acordar tareas mínimas, reporte y revisión semanal.;Mejorar compromiso.;bajo;semanal;media;OPO_SRC002;El preparador debe adaptar la pauta a oposición, convocatoria, formato de examen, nivel real, disponibilidad y estado del alumno.
Motivación y disciplina;Pérdida de motivación;Desgaste;medio;Metacognición;Autoevaluación al cerrar sesión;Responder: qué hice, qué recuerdo, qué toca después.;Mejorar metacognición.;bajo;diario;media;OPO_SRC002;El preparador debe adaptar la pauta a oposición, convocatoria, formato de examen, nivel real, disponibilidad y estado del alumno.
Motivación y disciplina;Frustración tras suspender;Post-suspenso;medio;Objetivos SMART;Objetivo SMART semanal;Definir objetivo concreto de avance/repaso/simulacro.;Aumentar foco.;bajo;semanal;media;"OPO_SRC002;OPO_SRC008";El preparador debe adaptar la pauta a oposición, convocatoria, formato de examen, nivel real, disponibilidad y estado del alumno.
Motivación y disciplina;Frustración tras suspender;Post-suspenso;medio;Gestión de procrastinación;Primer paso de 5 minutos;Iniciar tarea difícil con solo 5 minutos obligatorios.;Romper procrastinación.;bajo;cuando haya bloqueo;media;"OPO_SRC002;OPO_SRC008";El preparador debe adaptar la pauta a oposición, convocatoria, formato de examen, nivel real, disponibilidad y estado del alumno.
Motivación y disciplina;Frustración tras suspender;Post-suspenso;medio;Gestión de procrastinación;Eliminar fricción de inicio;Dejar material preparado y tarea exacta definida el día anterior.;Facilitar hábito.;bajo;diario;media;"OPO_SRC002;OPO_SRC008";El preparador debe adaptar la pauta a oposición, convocatoria, formato de examen, nivel real, disponibilidad y estado del alumno.
Motivación y disciplina;Frustración tras suspender;Post-suspenso;medio;Pacing y descanso;Plan de descanso semanal;Programar descanso real y sueño suficiente.;Prevenir fatiga.;bajo;semanal;media;"OPO_SRC002;OPO_SRC008";El preparador debe adaptar la pauta a oposición, convocatoria, formato de examen, nivel real, disponibilidad y estado del alumno.
Motivación y disciplina;Frustración tras suspender;Post-suspenso;medio;Pacing y descanso;Registro de fatiga y rendimiento;Valorar energía, sueño, horas útiles y resultado.;Ajustar carga.;bajo;diario/semanal;media;"OPO_SRC002;OPO_SRC008";El preparador debe adaptar la pauta a oposición, convocatoria, formato de examen, nivel real, disponibilidad y estado del alumno.
Motivación y disciplina;Frustración tras suspender;Post-suspenso;medio;Coaching académico / adherencia;Revisión post-suspenso;Analizar resultado, errores, plan, estado emocional y siguiente ciclo.;Reformular estrategia.;medio;tras convocatoria;media;"OPO_SRC002;OPO_SRC008";El preparador debe adaptar la pauta a oposición, convocatoria, formato de examen, nivel real, disponibilidad y estado del alumno.
Motivación y disciplina;Frustración tras suspender;Post-suspenso;medio;Coaching académico / adherencia;Contrato de adherencia;Acordar tareas mínimas, reporte y revisión semanal.;Mejorar compromiso.;bajo;semanal;media;"OPO_SRC002;OPO_SRC008";El preparador debe adaptar la pauta a oposición, convocatoria, formato de examen, nivel real, disponibilidad y estado del alumno.
Motivación y disciplina;Frustración tras suspender;Post-suspenso;medio;Metacognición;Autoevaluación al cerrar sesión;Responder: qué hice, qué recuerdo, qué toca después.;Mejorar metacognición.;bajo;diario;media;"OPO_SRC002;OPO_SRC008";El preparador debe adaptar la pauta a oposición, convocatoria, formato de examen, nivel real, disponibilidad y estado del alumno.
Motivación y disciplina;Objetivos poco realistas;Expectativas mal calibradas;bajo;Objetivos SMART;Objetivo SMART semanal;Definir objetivo concreto de avance/repaso/simulacro.;Aumentar foco.;bajo;semanal;media;OPO_SRC002;El preparador debe adaptar la pauta a oposición, convocatoria, formato de examen, nivel real, disponibilidad y estado del alumno.
Motivación y disciplina;Objetivos poco realistas;Expectativas mal calibradas;bajo;Gestión de procrastinación;Primer paso de 5 minutos;Iniciar tarea difícil con solo 5 minutos obligatorios.;Romper procrastinación.;bajo;cuando haya bloqueo;media;OPO_SRC002;El preparador debe adaptar la pauta a oposición, convocatoria, formato de examen, nivel real, disponibilidad y estado del alumno.
Motivación y disciplina;Objetivos poco realistas;Expectativas mal calibradas;bajo;Gestión de procrastinación;Eliminar fricción de inicio;Dejar material preparado y tarea exacta definida el día anterior.;Facilitar hábito.;bajo;diario;media;OPO_SRC002;El preparador debe adaptar la pauta a oposición, convocatoria, formato de examen, nivel real, disponibilidad y estado del alumno.
Motivación y disciplina;Objetivos poco realistas;Expectativas mal calibradas;bajo;Pacing y descanso;Plan de descanso semanal;Programar descanso real y sueño suficiente.;Prevenir fatiga.;bajo;semanal;media;OPO_SRC002;El preparador debe adaptar la pauta a oposición, convocatoria, formato de examen, nivel real, disponibilidad y estado del alumno.
Motivación y disciplina;Objetivos poco realistas;Expectativas mal calibradas;bajo;Pacing y descanso;Registro de fatiga y rendimiento;Valorar energía, sueño, horas útiles y resultado.;Ajustar carga.;bajo;diario/semanal;media;OPO_SRC002;El preparador debe adaptar la pauta a oposición, convocatoria, formato de examen, nivel real, disponibilidad y estado del alumno.
Motivación y disciplina;Objetivos poco realistas;Expectativas mal calibradas;bajo;Coaching académico / adherencia;Revisión post-suspenso;Analizar resultado, errores, plan, estado emocional y siguiente ciclo.;Reformular estrategia.;medio;tras convocatoria;media;OPO_SRC002;El preparador debe adaptar la pauta a oposición, convocatoria, formato de examen, nivel real, disponibilidad y estado del alumno.
Motivación y disciplina;Objetivos poco realistas;Expectativas mal calibradas;bajo;Coaching académico / adherencia;Contrato de adherencia;Acordar tareas mínimas, reporte y revisión semanal.;Mejorar compromiso.;bajo;semanal;media;OPO_SRC002;El preparador debe adaptar la pauta a oposición, convocatoria, formato de examen, nivel real, disponibilidad y estado del alumno.
Motivación y disciplina;Objetivos poco realistas;Expectativas mal calibradas;bajo;Metacognición;Autoevaluación al cerrar sesión;Responder: qué hice, qué recuerdo, qué toca después.;Mejorar metacognición.;bajo;diario;media;OPO_SRC002;El preparador debe adaptar la pauta a oposición, convocatoria, formato de examen, nivel real, disponibilidad y estado del alumno.
Ansiedad ante examen;Ansiedad ante examen;Ansiedad evaluativa;medio;Afrontamiento de ansiedad ante examen;Respiración previa a simulacro;Practicar 2-3 minutos de respiración antes de prueba.;Reducir activación.;bajo;antes de prueba;media;"OPO_SRC006;OPO_SRC007;OPO_SRC008";El preparador debe adaptar la pauta a oposición, convocatoria, formato de examen, nivel real, disponibilidad y estado del alumno.
Ansiedad ante examen;Ansiedad ante examen;Ansiedad evaluativa;medio;Afrontamiento de ansiedad ante examen;Exposición gradual a simulacros;Empezar por mini-simulacros y subir a prueba completa.;Reducir evitación.;medio;semanal;alta;"OPO_SRC006;OPO_SRC007;OPO_SRC008";El preparador debe adaptar la pauta a oposición, convocatoria, formato de examen, nivel real, disponibilidad y estado del alumno.
Ansiedad ante examen;Ansiedad ante examen;Ansiedad evaluativa;medio;Afrontamiento de ansiedad ante examen;Plan anti-bloqueo;Definir protocolo: parar, respirar, pregunta fácil, volver.;Gestionar bloqueo.;medio;antes de examen;media;"OPO_SRC006;OPO_SRC007;OPO_SRC008";El preparador debe adaptar la pauta a oposición, convocatoria, formato de examen, nivel real, disponibilidad y estado del alumno.
Ansiedad ante examen;Ansiedad ante examen;Ansiedad evaluativa;medio;Simulacros periódicos;Simulacro parcial;Hacer prueba de bloque con tiempo y corrección.;Medir dominio por bloques.;medio;semanal;media;"OPO_SRC006;OPO_SRC007;OPO_SRC008";El preparador debe adaptar la pauta a oposición, convocatoria, formato de examen, nivel real, disponibilidad y estado del alumno.
Ansiedad ante examen;Ansiedad ante examen;Ansiedad evaluativa;medio;Simulacros periódicos;Simulacro completo;Realizar examen completo en condiciones reales.;Entrenar rendimiento real.;medio;quincenal/mensual;alta;"OPO_SRC006;OPO_SRC007;OPO_SRC008";El preparador debe adaptar la pauta a oposición, convocatoria, formato de examen, nivel real, disponibilidad y estado del alumno.
Ansiedad ante examen;Ansiedad ante examen;Ansiedad evaluativa;medio;Preparación fase final;Plan fase final 30 días;Definir repasos, simulacros, descanso y logística del último mes.;Llegar afinado.;medio;último mes;alta;"OPO_SRC006;OPO_SRC007;OPO_SRC008";El preparador debe adaptar la pauta a oposición, convocatoria, formato de examen, nivel real, disponibilidad y estado del alumno.
Ansiedad ante examen;Ansiedad ante examen;Ansiedad evaluativa;medio;Preparación fase final;Checklist día de examen;Documentación, horario, ruta, material, comida, sueño y estrategia.;Reducir imprevistos.;bajo;semana examen;media;"OPO_SRC006;OPO_SRC007;OPO_SRC008";El preparador debe adaptar la pauta a oposición, convocatoria, formato de examen, nivel real, disponibilidad y estado del alumno.
Ansiedad ante examen;Ansiedad ante examen;Ansiedad evaluativa;medio;Derivación / límites profesionales;Checklist de derivación;Valorar ansiedad intensa, insomnio severo, crisis, abandono funcional o ánimo muy bajo.;Cuidar límites profesionales.;alto;cuando proceda;alta;"OPO_SRC006;OPO_SRC007;OPO_SRC008";El preparador debe adaptar la pauta a oposición, convocatoria, formato de examen, nivel real, disponibilidad y estado del alumno.
Ansiedad ante examen;Bloqueo en simulacros;Quedarse en blanco;medio;Afrontamiento de ansiedad ante examen;Respiración previa a simulacro;Practicar 2-3 minutos de respiración antes de prueba.;Reducir activación.;bajo;antes de prueba;media;"OPO_SRC007;OPO_SRC008";El preparador debe adaptar la pauta a oposición, convocatoria, formato de examen, nivel real, disponibilidad y estado del alumno.
Ansiedad ante examen;Bloqueo en simulacros;Quedarse en blanco;medio;Afrontamiento de ansiedad ante examen;Exposición gradual a simulacros;Empezar por mini-simulacros y subir a prueba completa.;Reducir evitación.;medio;semanal;alta;"OPO_SRC007;OPO_SRC008";El preparador debe adaptar la pauta a oposición, convocatoria, formato de examen, nivel real, disponibilidad y estado del alumno.
Ansiedad ante examen;Bloqueo en simulacros;Quedarse en blanco;medio;Afrontamiento de ansiedad ante examen;Plan anti-bloqueo;Definir protocolo: parar, respirar, pregunta fácil, volver.;Gestionar bloqueo.;medio;antes de examen;media;"OPO_SRC007;OPO_SRC008";El preparador debe adaptar la pauta a oposición, convocatoria, formato de examen, nivel real, disponibilidad y estado del alumno.
Ansiedad ante examen;Bloqueo en simulacros;Quedarse en blanco;medio;Simulacros periódicos;Simulacro parcial;Hacer prueba de bloque con tiempo y corrección.;Medir dominio por bloques.;medio;semanal;media;"OPO_SRC007;OPO_SRC008";El preparador debe adaptar la pauta a oposición, convocatoria, formato de examen, nivel real, disponibilidad y estado del alumno.
Ansiedad ante examen;Bloqueo en simulacros;Quedarse en blanco;medio;Simulacros periódicos;Simulacro completo;Realizar examen completo en condiciones reales.;Entrenar rendimiento real.;medio;quincenal/mensual;alta;"OPO_SRC007;OPO_SRC008";El preparador debe adaptar la pauta a oposición, convocatoria, formato de examen, nivel real, disponibilidad y estado del alumno.
Ansiedad ante examen;Bloqueo en simulacros;Quedarse en blanco;medio;Preparación fase final;Plan fase final 30 días;Definir repasos, simulacros, descanso y logística del último mes.;Llegar afinado.;medio;último mes;alta;"OPO_SRC007;OPO_SRC008";El preparador debe adaptar la pauta a oposición, convocatoria, formato de examen, nivel real, disponibilidad y estado del alumno.
Ansiedad ante examen;Bloqueo en simulacros;Quedarse en blanco;medio;Preparación fase final;Checklist día de examen;Documentación, horario, ruta, material, comida, sueño y estrategia.;Reducir imprevistos.;bajo;semana examen;media;"OPO_SRC007;OPO_SRC008";El preparador debe adaptar la pauta a oposición, convocatoria, formato de examen, nivel real, disponibilidad y estado del alumno.
Ansiedad ante examen;Bloqueo en simulacros;Quedarse en blanco;medio;Derivación / límites profesionales;Checklist de derivación;Valorar ansiedad intensa, insomnio severo, crisis, abandono funcional o ánimo muy bajo.;Cuidar límites profesionales.;alto;cuando proceda;alta;"OPO_SRC007;OPO_SRC008";El preparador debe adaptar la pauta a oposición, convocatoria, formato de examen, nivel real, disponibilidad y estado del alumno.
Ansiedad ante examen;Evita hacer simulacros;Evitación;medio;Afrontamiento de ansiedad ante examen;Respiración previa a simulacro;Practicar 2-3 minutos de respiración antes de prueba.;Reducir activación.;bajo;antes de prueba;media;"OPO_SRC006;OPO_SRC007";El preparador debe adaptar la pauta a oposición, convocatoria, formato de examen, nivel real, disponibilidad y estado del alumno.
Ansiedad ante examen;Evita hacer simulacros;Evitación;medio;Afrontamiento de ansiedad ante examen;Exposición gradual a simulacros;Empezar por mini-simulacros y subir a prueba completa.;Reducir evitación.;medio;semanal;alta;"OPO_SRC006;OPO_SRC007";El preparador debe adaptar la pauta a oposición, convocatoria, formato de examen, nivel real, disponibilidad y estado del alumno.
Ansiedad ante examen;Evita hacer simulacros;Evitación;medio;Afrontamiento de ansiedad ante examen;Plan anti-bloqueo;Definir protocolo: parar, respirar, pregunta fácil, volver.;Gestionar bloqueo.;medio;antes de examen;media;"OPO_SRC006;OPO_SRC007";El preparador debe adaptar la pauta a oposición, convocatoria, formato de examen, nivel real, disponibilidad y estado del alumno.
Ansiedad ante examen;Evita hacer simulacros;Evitación;medio;Simulacros periódicos;Simulacro parcial;Hacer prueba de bloque con tiempo y corrección.;Medir dominio por bloques.;medio;semanal;media;"OPO_SRC006;OPO_SRC007";El preparador debe adaptar la pauta a oposición, convocatoria, formato de examen, nivel real, disponibilidad y estado del alumno.
Ansiedad ante examen;Evita hacer simulacros;Evitación;medio;Simulacros periódicos;Simulacro completo;Realizar examen completo en condiciones reales.;Entrenar rendimiento real.;medio;quincenal/mensual;alta;"OPO_SRC006;OPO_SRC007";El preparador debe adaptar la pauta a oposición, convocatoria, formato de examen, nivel real, disponibilidad y estado del alumno.
Ansiedad ante examen;Evita hacer simulacros;Evitación;medio;Preparación fase final;Plan fase final 30 días;Definir repasos, simulacros, descanso y logística del último mes.;Llegar afinado.;medio;último mes;alta;"OPO_SRC006;OPO_SRC007";El preparador debe adaptar la pauta a oposición, convocatoria, formato de examen, nivel real, disponibilidad y estado del alumno.
Ansiedad ante examen;Evita hacer simulacros;Evitación;medio;Preparación fase final;Checklist día de examen;Documentación, horario, ruta, material, comida, sueño y estrategia.;Reducir imprevistos.;bajo;semana examen;media;"OPO_SRC006;OPO_SRC007";El preparador debe adaptar la pauta a oposición, convocatoria, formato de examen, nivel real, disponibilidad y estado del alumno.
Ansiedad ante examen;Evita hacer simulacros;Evitación;medio;Derivación / límites profesionales;Checklist de derivación;Valorar ansiedad intensa, insomnio severo, crisis, abandono funcional o ánimo muy bajo.;Cuidar límites profesionales.;alto;cuando proceda;alta;"OPO_SRC006;OPO_SRC007";El preparador debe adaptar la pauta a oposición, convocatoria, formato de examen, nivel real, disponibilidad y estado del alumno.
Gestión del tiempo;Mala gestión del tiempo de estudio;Tiempo mal distribuido;bajo;Planificación inversa;Calendario inverso hasta examen;Crear calendario desde la fecha de examen hacia atrás.;Asegurar cobertura y repasos.;bajo;45 min;alta;OPO_SRC002;El preparador debe adaptar la pauta a oposición, convocatoria, formato de examen, nivel real, disponibilidad y estado del alumno.
Gestión del tiempo;Mala gestión del tiempo de estudio;Tiempo mal distribuido;bajo;Planificación inversa;Plan semanal de estudio;Asignar bloques concretos por día con tema, técnica y objetivo.;Ejecutar planificación.;bajo;semanal;media;OPO_SRC002;El preparador debe adaptar la pauta a oposición, convocatoria, formato de examen, nivel real, disponibilidad y estado del alumno.
Gestión del tiempo;Mala gestión del tiempo de estudio;Tiempo mal distribuido;bajo;Gestión del tiempo;Cronometrar bloques de test;Practicar ritmo por pregunta y reserva de revisión.;Mejorar tiempo de examen.;bajo;semanal;media;OPO_SRC002;El preparador debe adaptar la pauta a oposición, convocatoria, formato de examen, nivel real, disponibilidad y estado del alumno.
Gestión del tiempo;Mala gestión del tiempo de estudio;Tiempo mal distribuido;bajo;Gestión del tiempo;Bloques Pomodoro adaptados;Trabajar 25-50 min con descanso programado.;Mejorar adherencia.;bajo;diario;media;OPO_SRC002;El preparador debe adaptar la pauta a oposición, convocatoria, formato de examen, nivel real, disponibilidad y estado del alumno.
Gestión del tiempo;Mala gestión del tiempo de estudio;Tiempo mal distribuido;bajo;Simulacros periódicos;Simulacro parcial;Hacer prueba de bloque con tiempo y corrección.;Medir dominio por bloques.;medio;semanal;media;OPO_SRC002;El preparador debe adaptar la pauta a oposición, convocatoria, formato de examen, nivel real, disponibilidad y estado del alumno.
Gestión del tiempo;Mala gestión del tiempo de estudio;Tiempo mal distribuido;bajo;Simulacros periódicos;Simulacro completo;Realizar examen completo en condiciones reales.;Entrenar rendimiento real.;medio;quincenal/mensual;alta;OPO_SRC002;El preparador debe adaptar la pauta a oposición, convocatoria, formato de examen, nivel real, disponibilidad y estado del alumno.
Gestión del tiempo;Mala gestión del tiempo de estudio;Tiempo mal distribuido;bajo;Preparación fase final;Plan fase final 30 días;Definir repasos, simulacros, descanso y logística del último mes.;Llegar afinado.;medio;último mes;alta;OPO_SRC002;El preparador debe adaptar la pauta a oposición, convocatoria, formato de examen, nivel real, disponibilidad y estado del alumno.
Gestión del tiempo;Mala gestión del tiempo de estudio;Tiempo mal distribuido;bajo;Preparación fase final;Checklist día de examen;Documentación, horario, ruta, material, comida, sueño y estrategia.;Reducir imprevistos.;bajo;semana examen;media;OPO_SRC002;El preparador debe adaptar la pauta a oposición, convocatoria, formato de examen, nivel real, disponibilidad y estado del alumno.
Gestión del tiempo;Mala gestión del tiempo de estudio;Tiempo mal distribuido;bajo;Seguimiento de métricas;Registro real de horas útiles;Registrar tiempo efectivo, no solo tiempo sentado.;Medir dedicación real.;bajo;diario;media;OPO_SRC002;El preparador debe adaptar la pauta a oposición, convocatoria, formato de examen, nivel real, disponibilidad y estado del alumno.
Gestión del tiempo;Mala gestión del tiempo de estudio;Tiempo mal distribuido;bajo;Seguimiento de métricas;Dashboard de métricas;Registrar temas vistos, repasos, simulacros, nota y cumplimiento.;Visualizar evolución.;bajo;continuo;media;OPO_SRC002;El preparador debe adaptar la pauta a oposición, convocatoria, formato de examen, nivel real, disponibilidad y estado del alumno.
Gestión del tiempo;Mala gestión del tiempo en examen;Ritmo de examen;medio;Planificación inversa;Calendario inverso hasta examen;Crear calendario desde la fecha de examen hacia atrás.;Asegurar cobertura y repasos.;bajo;45 min;alta;OPO_SRC007;El preparador debe adaptar la pauta a oposición, convocatoria, formato de examen, nivel real, disponibilidad y estado del alumno.
Gestión del tiempo;Mala gestión del tiempo en examen;Ritmo de examen;medio;Planificación inversa;Plan semanal de estudio;Asignar bloques concretos por día con tema, técnica y objetivo.;Ejecutar planificación.;bajo;semanal;media;OPO_SRC007;El preparador debe adaptar la pauta a oposición, convocatoria, formato de examen, nivel real, disponibilidad y estado del alumno.
Gestión del tiempo;Mala gestión del tiempo en examen;Ritmo de examen;medio;Gestión del tiempo;Cronometrar bloques de test;Practicar ritmo por pregunta y reserva de revisión.;Mejorar tiempo de examen.;bajo;semanal;media;OPO_SRC007;El preparador debe adaptar la pauta a oposición, convocatoria, formato de examen, nivel real, disponibilidad y estado del alumno.
Gestión del tiempo;Mala gestión del tiempo en examen;Ritmo de examen;medio;Gestión del tiempo;Bloques Pomodoro adaptados;Trabajar 25-50 min con descanso programado.;Mejorar adherencia.;bajo;diario;media;OPO_SRC007;El preparador debe adaptar la pauta a oposición, convocatoria, formato de examen, nivel real, disponibilidad y estado del alumno.
Gestión del tiempo;Mala gestión del tiempo en examen;Ritmo de examen;medio;Simulacros periódicos;Simulacro parcial;Hacer prueba de bloque con tiempo y corrección.;Medir dominio por bloques.;medio;semanal;media;OPO_SRC007;El preparador debe adaptar la pauta a oposición, convocatoria, formato de examen, nivel real, disponibilidad y estado del alumno.
Gestión del tiempo;Mala gestión del tiempo en examen;Ritmo de examen;medio;Simulacros periódicos;Simulacro completo;Realizar examen completo en condiciones reales.;Entrenar rendimiento real.;medio;quincenal/mensual;alta;OPO_SRC007;El preparador debe adaptar la pauta a oposición, convocatoria, formato de examen, nivel real, disponibilidad y estado del alumno.
Gestión del tiempo;Mala gestión del tiempo en examen;Ritmo de examen;medio;Preparación fase final;Plan fase final 30 días;Definir repasos, simulacros, descanso y logística del último mes.;Llegar afinado.;medio;último mes;alta;OPO_SRC007;El preparador debe adaptar la pauta a oposición, convocatoria, formato de examen, nivel real, disponibilidad y estado del alumno.
Gestión del tiempo;Mala gestión del tiempo en examen;Ritmo de examen;medio;Preparación fase final;Checklist día de examen;Documentación, horario, ruta, material, comida, sueño y estrategia.;Reducir imprevistos.;bajo;semana examen;media;OPO_SRC007;El preparador debe adaptar la pauta a oposición, convocatoria, formato de examen, nivel real, disponibilidad y estado del alumno.
Gestión del tiempo;Mala gestión del tiempo en examen;Ritmo de examen;medio;Seguimiento de métricas;Registro real de horas útiles;Registrar tiempo efectivo, no solo tiempo sentado.;Medir dedicación real.;bajo;diario;media;OPO_SRC007;El preparador debe adaptar la pauta a oposición, convocatoria, formato de examen, nivel real, disponibilidad y estado del alumno.
Gestión del tiempo;Mala gestión del tiempo en examen;Ritmo de examen;medio;Seguimiento de métricas;Dashboard de métricas;Registrar temas vistos, repasos, simulacros, nota y cumplimiento.;Visualizar evolución.;bajo;continuo;media;OPO_SRC007;El preparador debe adaptar la pauta a oposición, convocatoria, formato de examen, nivel real, disponibilidad y estado del alumno.
Gestión del tiempo;No reserva tiempo de repaso;Sin consolidación;bajo;Planificación inversa;Calendario inverso hasta examen;Crear calendario desde la fecha de examen hacia atrás.;Asegurar cobertura y repasos.;bajo;45 min;alta;"OPO_SRC003;OPO_SRC005";El preparador debe adaptar la pauta a oposición, convocatoria, formato de examen, nivel real, disponibilidad y estado del alumno.
Gestión del tiempo;No reserva tiempo de repaso;Sin consolidación;bajo;Planificación inversa;Plan semanal de estudio;Asignar bloques concretos por día con tema, técnica y objetivo.;Ejecutar planificación.;bajo;semanal;media;"OPO_SRC003;OPO_SRC005";El preparador debe adaptar la pauta a oposición, convocatoria, formato de examen, nivel real, disponibilidad y estado del alumno.
Gestión del tiempo;No reserva tiempo de repaso;Sin consolidación;bajo;Gestión del tiempo;Cronometrar bloques de test;Practicar ritmo por pregunta y reserva de revisión.;Mejorar tiempo de examen.;bajo;semanal;media;"OPO_SRC003;OPO_SRC005";El preparador debe adaptar la pauta a oposición, convocatoria, formato de examen, nivel real, disponibilidad y estado del alumno.
Gestión del tiempo;No reserva tiempo de repaso;Sin consolidación;bajo;Gestión del tiempo;Bloques Pomodoro adaptados;Trabajar 25-50 min con descanso programado.;Mejorar adherencia.;bajo;diario;media;"OPO_SRC003;OPO_SRC005";El preparador debe adaptar la pauta a oposición, convocatoria, formato de examen, nivel real, disponibilidad y estado del alumno.
Gestión del tiempo;No reserva tiempo de repaso;Sin consolidación;bajo;Simulacros periódicos;Simulacro parcial;Hacer prueba de bloque con tiempo y corrección.;Medir dominio por bloques.;medio;semanal;media;"OPO_SRC003;OPO_SRC005";El preparador debe adaptar la pauta a oposición, convocatoria, formato de examen, nivel real, disponibilidad y estado del alumno.
Gestión del tiempo;No reserva tiempo de repaso;Sin consolidación;bajo;Simulacros periódicos;Simulacro completo;Realizar examen completo en condiciones reales.;Entrenar rendimiento real.;medio;quincenal/mensual;alta;"OPO_SRC003;OPO_SRC005";El preparador debe adaptar la pauta a oposición, convocatoria, formato de examen, nivel real, disponibilidad y estado del alumno.
Gestión del tiempo;No reserva tiempo de repaso;Sin consolidación;bajo;Preparación fase final;Plan fase final 30 días;Definir repasos, simulacros, descanso y logística del último mes.;Llegar afinado.;medio;último mes;alta;"OPO_SRC003;OPO_SRC005";El preparador debe adaptar la pauta a oposición, convocatoria, formato de examen, nivel real, disponibilidad y estado del alumno.
Gestión del tiempo;No reserva tiempo de repaso;Sin consolidación;bajo;Preparación fase final;Checklist día de examen;Documentación, horario, ruta, material, comida, sueño y estrategia.;Reducir imprevistos.;bajo;semana examen;media;"OPO_SRC003;OPO_SRC005";El preparador debe adaptar la pauta a oposición, convocatoria, formato de examen, nivel real, disponibilidad y estado del alumno.
Gestión del tiempo;No reserva tiempo de repaso;Sin consolidación;bajo;Seguimiento de métricas;Registro real de horas útiles;Registrar tiempo efectivo, no solo tiempo sentado.;Medir dedicación real.;bajo;diario;media;"OPO_SRC003;OPO_SRC005";El preparador debe adaptar la pauta a oposición, convocatoria, formato de examen, nivel real, disponibilidad y estado del alumno.
Gestión del tiempo;No reserva tiempo de repaso;Sin consolidación;bajo;Seguimiento de métricas;Dashboard de métricas;Registrar temas vistos, repasos, simulacros, nota y cumplimiento.;Visualizar evolución.;bajo;continuo;media;"OPO_SRC003;OPO_SRC005";El preparador debe adaptar la pauta a oposición, convocatoria, formato de examen, nivel real, disponibilidad y estado del alumno.
Materiales y actualización normativa;Material desactualizado;Cambios normativos;alto;Control de materiales y versiones;Control de versiones del temario;Guardar fecha, fuente y cambios de cada tema actualizado.;Evitar material obsoleto.;medio;cuando cambie;alta;OPO_SRC001;El preparador debe adaptar la pauta a oposición, convocatoria, formato de examen, nivel real, disponibilidad y estado del alumno.
Materiales y actualización normativa;Material desactualizado;Cambios normativos;alto;Control de materiales y versiones;Fuente única de verdad;Elegir temario principal y registrar fuentes complementarias.;Reducir dispersión.;bajo;inicial;media;OPO_SRC001;El preparador debe adaptar la pauta a oposición, convocatoria, formato de examen, nivel real, disponibilidad y estado del alumno.
Materiales y actualización normativa;Material desactualizado;Cambios normativos;alto;Control de materiales y versiones;Alerta de actualización normativa;Revisar cambios normativos en calendario fijo.;Mantener actualizado.;medio;semanal/mensual;media;OPO_SRC001;El preparador debe adaptar la pauta a oposición, convocatoria, formato de examen, nivel real, disponibilidad y estado del alumno.
Materiales y actualización normativa;Material desactualizado;Cambios normativos;alto;Priorización por impacto/riesgo;Tabla de prioridad de temas;Puntuar cada tema por peso, dificultad, dominio y urgencia.;Priorizar con criterio.;bajo;30 min;media;OPO_SRC001;El preparador debe adaptar la pauta a oposición, convocatoria, formato de examen, nivel real, disponibilidad y estado del alumno.
Materiales y actualización normativa;Material desactualizado;Cambios normativos;alto;Priorización por impacto/riesgo;Semáforo de temas;Marcar tema en rojo/ámbar/verde según dominio.;Control visual de avance.;bajo;semanal;media;OPO_SRC001;El preparador debe adaptar la pauta a oposición, convocatoria, formato de examen, nivel real, disponibilidad y estado del alumno.
Materiales y actualización normativa;Material desactualizado;Cambios normativos;alto;Seguimiento de métricas;Registro real de horas útiles;Registrar tiempo efectivo, no solo tiempo sentado.;Medir dedicación real.;bajo;diario;media;OPO_SRC001;El preparador debe adaptar la pauta a oposición, convocatoria, formato de examen, nivel real, disponibilidad y estado del alumno.
Materiales y actualización normativa;Material desactualizado;Cambios normativos;alto;Seguimiento de métricas;Dashboard de métricas;Registrar temas vistos, repasos, simulacros, nota y cumplimiento.;Visualizar evolución.;bajo;continuo;media;OPO_SRC001;El preparador debe adaptar la pauta a oposición, convocatoria, formato de examen, nivel real, disponibilidad y estado del alumno.
Materiales y actualización normativa;Demasiadas fuentes;Fuentes dispersas;bajo;Control de materiales y versiones;Control de versiones del temario;Guardar fecha, fuente y cambios de cada tema actualizado.;Evitar material obsoleto.;medio;cuando cambie;alta;OPO_SRC002;El preparador debe adaptar la pauta a oposición, convocatoria, formato de examen, nivel real, disponibilidad y estado del alumno.
Materiales y actualización normativa;Demasiadas fuentes;Fuentes dispersas;bajo;Control de materiales y versiones;Fuente única de verdad;Elegir temario principal y registrar fuentes complementarias.;Reducir dispersión.;bajo;inicial;media;OPO_SRC002;El preparador debe adaptar la pauta a oposición, convocatoria, formato de examen, nivel real, disponibilidad y estado del alumno.
Materiales y actualización normativa;Demasiadas fuentes;Fuentes dispersas;bajo;Control de materiales y versiones;Alerta de actualización normativa;Revisar cambios normativos en calendario fijo.;Mantener actualizado.;medio;semanal/mensual;media;OPO_SRC002;El preparador debe adaptar la pauta a oposición, convocatoria, formato de examen, nivel real, disponibilidad y estado del alumno.
Materiales y actualización normativa;Demasiadas fuentes;Fuentes dispersas;bajo;Priorización por impacto/riesgo;Tabla de prioridad de temas;Puntuar cada tema por peso, dificultad, dominio y urgencia.;Priorizar con criterio.;bajo;30 min;media;OPO_SRC002;El preparador debe adaptar la pauta a oposición, convocatoria, formato de examen, nivel real, disponibilidad y estado del alumno.
Materiales y actualización normativa;Demasiadas fuentes;Fuentes dispersas;bajo;Priorización por impacto/riesgo;Semáforo de temas;Marcar tema en rojo/ámbar/verde según dominio.;Control visual de avance.;bajo;semanal;media;OPO_SRC002;El preparador debe adaptar la pauta a oposición, convocatoria, formato de examen, nivel real, disponibilidad y estado del alumno.
Materiales y actualización normativa;Demasiadas fuentes;Fuentes dispersas;bajo;Seguimiento de métricas;Registro real de horas útiles;Registrar tiempo efectivo, no solo tiempo sentado.;Medir dedicación real.;bajo;diario;media;OPO_SRC002;El preparador debe adaptar la pauta a oposición, convocatoria, formato de examen, nivel real, disponibilidad y estado del alumno.
Materiales y actualización normativa;Demasiadas fuentes;Fuentes dispersas;bajo;Seguimiento de métricas;Dashboard de métricas;Registrar temas vistos, repasos, simulacros, nota y cumplimiento.;Visualizar evolución.;bajo;continuo;media;OPO_SRC002;El preparador debe adaptar la pauta a oposición, convocatoria, formato de examen, nivel real, disponibilidad y estado del alumno.
Materiales y actualización normativa;No registra cambios de temario;Versionado débil;medio;Control de materiales y versiones;Control de versiones del temario;Guardar fecha, fuente y cambios de cada tema actualizado.;Evitar material obsoleto.;medio;cuando cambie;alta;OPO_SRC001;El preparador debe adaptar la pauta a oposición, convocatoria, formato de examen, nivel real, disponibilidad y estado del alumno.
Materiales y actualización normativa;No registra cambios de temario;Versionado débil;medio;Control de materiales y versiones;Fuente única de verdad;Elegir temario principal y registrar fuentes complementarias.;Reducir dispersión.;bajo;inicial;media;OPO_SRC001;El preparador debe adaptar la pauta a oposición, convocatoria, formato de examen, nivel real, disponibilidad y estado del alumno.
Materiales y actualización normativa;No registra cambios de temario;Versionado débil;medio;Control de materiales y versiones;Alerta de actualización normativa;Revisar cambios normativos en calendario fijo.;Mantener actualizado.;medio;semanal/mensual;media;OPO_SRC001;El preparador debe adaptar la pauta a oposición, convocatoria, formato de examen, nivel real, disponibilidad y estado del alumno.
Materiales y actualización normativa;No registra cambios de temario;Versionado débil;medio;Priorización por impacto/riesgo;Tabla de prioridad de temas;Puntuar cada tema por peso, dificultad, dominio y urgencia.;Priorizar con criterio.;bajo;30 min;media;OPO_SRC001;El preparador debe adaptar la pauta a oposición, convocatoria, formato de examen, nivel real, disponibilidad y estado del alumno.
Materiales y actualización normativa;No registra cambios de temario;Versionado débil;medio;Priorización por impacto/riesgo;Semáforo de temas;Marcar tema en rojo/ámbar/verde según dominio.;Control visual de avance.;bajo;semanal;media;OPO_SRC001;El preparador debe adaptar la pauta a oposición, convocatoria, formato de examen, nivel real, disponibilidad y estado del alumno.
Materiales y actualización normativa;No registra cambios de temario;Versionado débil;medio;Seguimiento de métricas;Registro real de horas útiles;Registrar tiempo efectivo, no solo tiempo sentado.;Medir dedicación real.;bajo;diario;media;OPO_SRC001;El preparador debe adaptar la pauta a oposición, convocatoria, formato de examen, nivel real, disponibilidad y estado del alumno.
Materiales y actualización normativa;No registra cambios de temario;Versionado débil;medio;Seguimiento de métricas;Dashboard de métricas;Registrar temas vistos, repasos, simulacros, nota y cumplimiento.;Visualizar evolución.;bajo;continuo;media;OPO_SRC001;El preparador debe adaptar la pauta a oposición, convocatoria, formato de examen, nivel real, disponibilidad y estado del alumno.
