recomendacion_id;problema_id;tecnica_id;tarea_id;prioridad;nota_profesional
TO_R0001;TO_P001;TO_T001;TO_TA001;media;El terapeuta ocupacional debe adaptar la actividad a evaluación, contexto, seguridad, entorno, preferencias y objetivos funcionales.
TO_R0002;TO_P001;TO_T001;TO_TA002;media;El terapeuta ocupacional debe adaptar la actividad a evaluación, contexto, seguridad, entorno, preferencias y objetivos funcionales.
TO_R0003;TO_P001;TO_T001;TO_TA003;media;El terapeuta ocupacional debe adaptar la actividad a evaluación, contexto, seguridad, entorno, preferencias y objetivos funcionales.
TO_R0004;TO_P001;TO_T002;TO_TA004;media;El terapeuta ocupacional debe adaptar la actividad a evaluación, contexto, seguridad, entorno, preferencias y objetivos funcionales.
TO_R0005;TO_P001;TO_T003;TO_TA005;media;El terapeuta ocupacional debe adaptar la actividad a evaluación, contexto, seguridad, entorno, preferencias y objetivos funcionales.
TO_R0006;TO_P001;TO_T003;TO_TA006;media;El terapeuta ocupacional debe adaptar la actividad a evaluación, contexto, seguridad, entorno, preferencias y objetivos funcionales.
TO_R0007;TO_P001;TO_T003;TO_TA007;alta;El terapeuta ocupacional debe adaptar la actividad a evaluación, contexto, seguridad, entorno, preferencias y objetivos funcionales.
TO_R0008;TO_P001;TO_T003;TO_TA008;media;El terapeuta ocupacional debe adaptar la actividad a evaluación, contexto, seguridad, entorno, preferencias y objetivos funcionales.
TO_R0009;TO_P001;TO_T003;TO_TA009;media;El terapeuta ocupacional debe adaptar la actividad a evaluación, contexto, seguridad, entorno, preferencias y objetivos funcionales.
TO_R0010;TO_P001;TO_T003;TO_TA010;alta;El terapeuta ocupacional debe adaptar la actividad a evaluación, contexto, seguridad, entorno, preferencias y objetivos funcionales.
TO_R0011;TO_P001;TO_T005;TO_TA016;media;El terapeuta ocupacional debe adaptar la actividad a evaluación, contexto, seguridad, entorno, preferencias y objetivos funcionales.
TO_R0012;TO_P001;TO_T005;TO_TA017;media;El terapeuta ocupacional debe adaptar la actividad a evaluación, contexto, seguridad, entorno, preferencias y objetivos funcionales.
TO_R0013;TO_P001;TO_T006;TO_TA018;media;El terapeuta ocupacional debe adaptar la actividad a evaluación, contexto, seguridad, entorno, preferencias y objetivos funcionales.
TO_R0014;TO_P001;TO_T007;TO_TA019;media;El terapeuta ocupacional debe adaptar la actividad a evaluación, contexto, seguridad, entorno, preferencias y objetivos funcionales.
TO_R0015;TO_P001;TO_T029;TO_TA061;media;El terapeuta ocupacional debe adaptar la actividad a evaluación, contexto, seguridad, entorno, preferencias y objetivos funcionales.
TO_R0016;TO_P001;TO_T029;TO_TA062;media;El terapeuta ocupacional debe adaptar la actividad a evaluación, contexto, seguridad, entorno, preferencias y objetivos funcionales.
TO_R0017;TO_P002;TO_T001;TO_TA001;media;El terapeuta ocupacional debe adaptar la actividad a evaluación, contexto, seguridad, entorno, preferencias y objetivos funcionales.
TO_R0018;TO_P002;TO_T001;TO_TA002;media;El terapeuta ocupacional debe adaptar la actividad a evaluación, contexto, seguridad, entorno, preferencias y objetivos funcionales.
TO_R0019;TO_P002;TO_T001;TO_TA003;media;El terapeuta ocupacional debe adaptar la actividad a evaluación, contexto, seguridad, entorno, preferencias y objetivos funcionales.
TO_R0020;TO_P002;TO_T002;TO_TA004;media;El terapeuta ocupacional debe adaptar la actividad a evaluación, contexto, seguridad, entorno, preferencias y objetivos funcionales.
TO_R0021;TO_P002;TO_T003;TO_TA005;media;El terapeuta ocupacional debe adaptar la actividad a evaluación, contexto, seguridad, entorno, preferencias y objetivos funcionales.
TO_R0022;TO_P002;TO_T003;TO_TA006;media;El terapeuta ocupacional debe adaptar la actividad a evaluación, contexto, seguridad, entorno, preferencias y objetivos funcionales.
TO_R0023;TO_P002;TO_T003;TO_TA007;alta;El terapeuta ocupacional debe adaptar la actividad a evaluación, contexto, seguridad, entorno, preferencias y objetivos funcionales.
TO_R0024;TO_P002;TO_T003;TO_TA008;media;El terapeuta ocupacional debe adaptar la actividad a evaluación, contexto, seguridad, entorno, preferencias y objetivos funcionales.
TO_R0025;TO_P002;TO_T003;TO_TA009;media;El terapeuta ocupacional debe adaptar la actividad a evaluación, contexto, seguridad, entorno, preferencias y objetivos funcionales.
TO_R0026;TO_P002;TO_T003;TO_TA010;alta;El terapeuta ocupacional debe adaptar la actividad a evaluación, contexto, seguridad, entorno, preferencias y objetivos funcionales.
TO_R0027;TO_P002;TO_T005;TO_TA016;media;El terapeuta ocupacional debe adaptar la actividad a evaluación, contexto, seguridad, entorno, preferencias y objetivos funcionales.
TO_R0028;TO_P002;TO_T005;TO_TA017;media;El terapeuta ocupacional debe adaptar la actividad a evaluación, contexto, seguridad, entorno, preferencias y objetivos funcionales.
TO_R0029;TO_P002;TO_T006;TO_TA018;media;El terapeuta ocupacional debe adaptar la actividad a evaluación, contexto, seguridad, entorno, preferencias y objetivos funcionales.
TO_R0030;TO_P002;TO_T007;TO_TA019;media;El terapeuta ocupacional debe adaptar la actividad a evaluación, contexto, seguridad, entorno, preferencias y objetivos funcionales.
TO_R0031;TO_P002;TO_T029;TO_TA061;media;El terapeuta ocupacional debe adaptar la actividad a evaluación, contexto, seguridad, entorno, preferencias y objetivos funcionales.
TO_R0032;TO_P002;TO_T029;TO_TA062;media;El terapeuta ocupacional debe adaptar la actividad a evaluación, contexto, seguridad, entorno, preferencias y objetivos funcionales.
TO_R0033;TO_P003;TO_T001;TO_TA001;media;El terapeuta ocupacional debe adaptar la actividad a evaluación, contexto, seguridad, entorno, preferencias y objetivos funcionales.
TO_R0034;TO_P003;TO_T001;TO_TA002;media;El terapeuta ocupacional debe adaptar la actividad a evaluación, contexto, seguridad, entorno, preferencias y objetivos funcionales.
TO_R0035;TO_P003;TO_T001;TO_TA003;media;El terapeuta ocupacional debe adaptar la actividad a evaluación, contexto, seguridad, entorno, preferencias y objetivos funcionales.
TO_R0036;TO_P003;TO_T002;TO_TA004;media;El terapeuta ocupacional debe adaptar la actividad a evaluación, contexto, seguridad, entorno, preferencias y objetivos funcionales.
TO_R0037;TO_P003;TO_T003;TO_TA005;media;El terapeuta ocupacional debe adaptar la actividad a evaluación, contexto, seguridad, entorno, preferencias y objetivos funcionales.
TO_R0038;TO_P003;TO_T003;TO_TA006;media;El terapeuta ocupacional debe adaptar la actividad a evaluación, contexto, seguridad, entorno, preferencias y objetivos funcionales.
TO_R0039;TO_P003;TO_T003;TO_TA007;alta;El terapeuta ocupacional debe adaptar la actividad a evaluación, contexto, seguridad, entorno, preferencias y objetivos funcionales.
TO_R0040;TO_P003;TO_T003;TO_TA008;media;El terapeuta ocupacional debe adaptar la actividad a evaluación, contexto, seguridad, entorno, preferencias y objetivos funcionales.
TO_R0041;TO_P003;TO_T003;TO_TA009;media;El terapeuta ocupacional debe adaptar la actividad a evaluación, contexto, seguridad, entorno, preferencias y objetivos funcionales.
TO_R0042;TO_P003;TO_T003;TO_TA010;alta;El terapeuta ocupacional debe adaptar la actividad a evaluación, contexto, seguridad, entorno, preferencias y objetivos funcionales.
TO_R0043;TO_P003;TO_T005;TO_TA016;media;El terapeuta ocupacional debe adaptar la actividad a evaluación, contexto, seguridad, entorno, preferencias y objetivos funcionales.
TO_R0044;TO_P003;TO_T005;TO_TA017;media;El terapeuta ocupacional debe adaptar la actividad a evaluación, contexto, seguridad, entorno, preferencias y objetivos funcionales.
TO_R0045;TO_P003;TO_T006;TO_TA018;media;El terapeuta ocupacional debe adaptar la actividad a evaluación, contexto, seguridad, entorno, preferencias y objetivos funcionales.
TO_R0046;TO_P003;TO_T007;TO_TA019;media;El terapeuta ocupacional debe adaptar la actividad a evaluación, contexto, seguridad, entorno, preferencias y objetivos funcionales.
TO_R0047;TO_P003;TO_T029;TO_TA061;media;El terapeuta ocupacional debe adaptar la actividad a evaluación, contexto, seguridad, entorno, preferencias y objetivos funcionales.
TO_R0048;TO_P003;TO_T029;TO_TA062;media;El terapeuta ocupacional debe adaptar la actividad a evaluación, contexto, seguridad, entorno, preferencias y objetivos funcionales.
TO_R0049;TO_P004;TO_T001;TO_TA001;media;El terapeuta ocupacional debe adaptar la actividad a evaluación, contexto, seguridad, entorno, preferencias y objetivos funcionales.
TO_R0050;TO_P004;TO_T001;TO_TA002;media;El terapeuta ocupacional debe adaptar la actividad a evaluación, contexto, seguridad, entorno, preferencias y objetivos funcionales.
TO_R0051;TO_P004;TO_T001;TO_TA003;media;El terapeuta ocupacional debe adaptar la actividad a evaluación, contexto, seguridad, entorno, preferencias y objetivos funcionales.
TO_R0052;TO_P004;TO_T002;TO_TA004;media;El terapeuta ocupacional debe adaptar la actividad a evaluación, contexto, seguridad, entorno, preferencias y objetivos funcionales.
TO_R0053;TO_P004;TO_T003;TO_TA005;media;El terapeuta ocupacional debe adaptar la actividad a evaluación, contexto, seguridad, entorno, preferencias y objetivos funcionales.
TO_R0054;TO_P004;TO_T003;TO_TA006;media;El terapeuta ocupacional debe adaptar la actividad a evaluación, contexto, seguridad, entorno, preferencias y objetivos funcionales.
TO_R0055;TO_P004;TO_T003;TO_TA007;alta;El terapeuta ocupacional debe adaptar la actividad a evaluación, contexto, seguridad, entorno, preferencias y objetivos funcionales.
TO_R0056;TO_P004;TO_T003;TO_TA008;media;El terapeuta ocupacional debe adaptar la actividad a evaluación, contexto, seguridad, entorno, preferencias y objetivos funcionales.
TO_R0057;TO_P004;TO_T003;TO_TA009;media;El terapeuta ocupacional debe adaptar la actividad a evaluación, contexto, seguridad, entorno, preferencias y objetivos funcionales.
TO_R0058;TO_P004;TO_T003;TO_TA010;alta;El terapeuta ocupacional debe adaptar la actividad a evaluación, contexto, seguridad, entorno, preferencias y objetivos funcionales.
TO_R0059;TO_P004;TO_T005;TO_TA016;media;El terapeuta ocupacional debe adaptar la actividad a evaluación, contexto, seguridad, entorno, preferencias y objetivos funcionales.
TO_R0060;TO_P004;TO_T005;TO_TA017;media;El terapeuta ocupacional debe adaptar la actividad a evaluación, contexto, seguridad, entorno, preferencias y objetivos funcionales.
TO_R0061;TO_P004;TO_T006;TO_TA018;media;El terapeuta ocupacional debe adaptar la actividad a evaluación, contexto, seguridad, entorno, preferencias y objetivos funcionales.
TO_R0062;TO_P004;TO_T007;TO_TA019;media;El terapeuta ocupacional debe adaptar la actividad a evaluación, contexto, seguridad, entorno, preferencias y objetivos funcionales.
TO_R0063;TO_P004;TO_T029;TO_TA061;media;El terapeuta ocupacional debe adaptar la actividad a evaluación, contexto, seguridad, entorno, preferencias y objetivos funcionales.
TO_R0064;TO_P004;TO_T029;TO_TA062;media;El terapeuta ocupacional debe adaptar la actividad a evaluación, contexto, seguridad, entorno, preferencias y objetivos funcionales.
TO_R0065;TO_P005;TO_T001;TO_TA001;media;El terapeuta ocupacional debe adaptar la actividad a evaluación, contexto, seguridad, entorno, preferencias y objetivos funcionales.
TO_R0066;TO_P005;TO_T001;TO_TA002;media;El terapeuta ocupacional debe adaptar la actividad a evaluación, contexto, seguridad, entorno, preferencias y objetivos funcionales.
TO_R0067;TO_P005;TO_T001;TO_TA003;media;El terapeuta ocupacional debe adaptar la actividad a evaluación, contexto, seguridad, entorno, preferencias y objetivos funcionales.
TO_R0068;TO_P005;TO_T002;TO_TA004;media;El terapeuta ocupacional debe adaptar la actividad a evaluación, contexto, seguridad, entorno, preferencias y objetivos funcionales.
TO_R0069;TO_P005;TO_T003;TO_TA005;media;El terapeuta ocupacional debe adaptar la actividad a evaluación, contexto, seguridad, entorno, preferencias y objetivos funcionales.
TO_R0070;TO_P005;TO_T003;TO_TA006;media;El terapeuta ocupacional debe adaptar la actividad a evaluación, contexto, seguridad, entorno, preferencias y objetivos funcionales.
TO_R0071;TO_P005;TO_T003;TO_TA007;alta;El terapeuta ocupacional debe adaptar la actividad a evaluación, contexto, seguridad, entorno, preferencias y objetivos funcionales.
TO_R0072;TO_P005;TO_T003;TO_TA008;media;El terapeuta ocupacional debe adaptar la actividad a evaluación, contexto, seguridad, entorno, preferencias y objetivos funcionales.
TO_R0073;TO_P005;TO_T003;TO_TA009;media;El terapeuta ocupacional debe adaptar la actividad a evaluación, contexto, seguridad, entorno, preferencias y objetivos funcionales.
TO_R0074;TO_P005;TO_T003;TO_TA010;alta;El terapeuta ocupacional debe adaptar la actividad a evaluación, contexto, seguridad, entorno, preferencias y objetivos funcionales.
TO_R0075;TO_P005;TO_T005;TO_TA016;media;El terapeuta ocupacional debe adaptar la actividad a evaluación, contexto, seguridad, entorno, preferencias y objetivos funcionales.
TO_R0076;TO_P005;TO_T005;TO_TA017;media;El terapeuta ocupacional debe adaptar la actividad a evaluación, contexto, seguridad, entorno, preferencias y objetivos funcionales.
TO_R0077;TO_P005;TO_T006;TO_TA018;media;El terapeuta ocupacional debe adaptar la actividad a evaluación, contexto, seguridad, entorno, preferencias y objetivos funcionales.
TO_R0078;TO_P005;TO_T007;TO_TA019;media;El terapeuta ocupacional debe adaptar la actividad a evaluación, contexto, seguridad, entorno, preferencias y objetivos funcionales.
TO_R0079;TO_P005;TO_T029;TO_TA061;media;El terapeuta ocupacional debe adaptar la actividad a evaluación, contexto, seguridad, entorno, preferencias y objetivos funcionales.
TO_R0080;TO_P005;TO_T029;TO_TA062;media;El terapeuta ocupacional debe adaptar la actividad a evaluación, contexto, seguridad, entorno, preferencias y objetivos funcionales.
TO_R0081;TO_P006;TO_T001;TO_TA001;media;El terapeuta ocupacional debe adaptar la actividad a evaluación, contexto, seguridad, entorno, preferencias y objetivos funcionales.
TO_R0082;TO_P006;TO_T001;TO_TA002;media;El terapeuta ocupacional debe adaptar la actividad a evaluación, contexto, seguridad, entorno, preferencias y objetivos funcionales.
TO_R0083;TO_P006;TO_T001;TO_TA003;media;El terapeuta ocupacional debe adaptar la actividad a evaluación, contexto, seguridad, entorno, preferencias y objetivos funcionales.
TO_R0084;TO_P006;TO_T002;TO_TA004;media;El terapeuta ocupacional debe adaptar la actividad a evaluación, contexto, seguridad, entorno, preferencias y objetivos funcionales.
TO_R0085;TO_P006;TO_T004;TO_TA011;media;El terapeuta ocupacional debe adaptar la actividad a evaluación, contexto, seguridad, entorno, preferencias y objetivos funcionales.
TO_R0086;TO_P006;TO_T004;TO_TA012;media;El terapeuta ocupacional debe adaptar la actividad a evaluación, contexto, seguridad, entorno, preferencias y objetivos funcionales.
TO_R0087;TO_P006;TO_T004;TO_TA013;alta;El terapeuta ocupacional debe adaptar la actividad a evaluación, contexto, seguridad, entorno, preferencias y objetivos funcionales.
TO_R0088;TO_P006;TO_T004;TO_TA014;media;El terapeuta ocupacional debe adaptar la actividad a evaluación, contexto, seguridad, entorno, preferencias y objetivos funcionales.
TO_R0089;TO_P006;TO_T004;TO_TA015;media;El terapeuta ocupacional debe adaptar la actividad a evaluación, contexto, seguridad, entorno, preferencias y objetivos funcionales.
TO_R0090;TO_P006;TO_T005;TO_TA016;media;El terapeuta ocupacional debe adaptar la actividad a evaluación, contexto, seguridad, entorno, preferencias y objetivos funcionales.
TO_R0091;TO_P006;TO_T005;TO_TA017;media;El terapeuta ocupacional debe adaptar la actividad a evaluación, contexto, seguridad, entorno, preferencias y objetivos funcionales.
TO_R0092;TO_P006;TO_T008;TO_TA020;alta;El terapeuta ocupacional debe adaptar la actividad a evaluación, contexto, seguridad, entorno, preferencias y objetivos funcionales.
TO_R0093;TO_P006;TO_T008;TO_TA021;media;El terapeuta ocupacional debe adaptar la actividad a evaluación, contexto, seguridad, entorno, preferencias y objetivos funcionales.
TO_R0094;TO_P006;TO_T015;TO_TA035;media;El terapeuta ocupacional debe adaptar la actividad a evaluación, contexto, seguridad, entorno, preferencias y objetivos funcionales.
TO_R0095;TO_P006;TO_T016;TO_TA036;media;El terapeuta ocupacional debe adaptar la actividad a evaluación, contexto, seguridad, entorno, preferencias y objetivos funcionales.
TO_R0096;TO_P006;TO_T016;TO_TA037;media;El terapeuta ocupacional debe adaptar la actividad a evaluación, contexto, seguridad, entorno, preferencias y objetivos funcionales.
TO_R0097;TO_P006;TO_T029;TO_TA061;media;El terapeuta ocupacional debe adaptar la actividad a evaluación, contexto, seguridad, entorno, preferencias y objetivos funcionales.
TO_R0098;TO_P006;TO_T029;TO_TA062;media;El terapeuta ocupacional debe adaptar la actividad a evaluación, contexto, seguridad, entorno, preferencias y objetivos funcionales.
TO_R0099;TO_P007;TO_T001;TO_TA001;media;El terapeuta ocupacional debe adaptar la actividad a evaluación, contexto, seguridad, entorno, preferencias y objetivos funcionales.
TO_R0100;TO_P007;TO_T001;TO_TA002;media;El terapeuta ocupacional debe adaptar la actividad a evaluación, contexto, seguridad, entorno, preferencias y objetivos funcionales.
TO_R0101;TO_P007;TO_T001;TO_TA003;media;El terapeuta ocupacional debe adaptar la actividad a evaluación, contexto, seguridad, entorno, preferencias y objetivos funcionales.
TO_R0102;TO_P007;TO_T002;TO_TA004;media;El terapeuta ocupacional debe adaptar la actividad a evaluación, contexto, seguridad, entorno, preferencias y objetivos funcionales.
TO_R0103;TO_P007;TO_T004;TO_TA011;media;El terapeuta ocupacional debe adaptar la actividad a evaluación, contexto, seguridad, entorno, preferencias y objetivos funcionales.
TO_R0104;TO_P007;TO_T004;TO_TA012;media;El terapeuta ocupacional debe adaptar la actividad a evaluación, contexto, seguridad, entorno, preferencias y objetivos funcionales.
TO_R0105;TO_P007;TO_T004;TO_TA013;alta;El terapeuta ocupacional debe adaptar la actividad a evaluación, contexto, seguridad, entorno, preferencias y objetivos funcionales.
TO_R0106;TO_P007;TO_T004;TO_TA014;media;El terapeuta ocupacional debe adaptar la actividad a evaluación, contexto, seguridad, entorno, preferencias y objetivos funcionales.
TO_R0107;TO_P007;TO_T004;TO_TA015;media;El terapeuta ocupacional debe adaptar la actividad a evaluación, contexto, seguridad, entorno, preferencias y objetivos funcionales.
TO_R0108;TO_P007;TO_T005;TO_TA016;media;El terapeuta ocupacional debe adaptar la actividad a evaluación, contexto, seguridad, entorno, preferencias y objetivos funcionales.
TO_R0109;TO_P007;TO_T005;TO_TA017;media;El terapeuta ocupacional debe adaptar la actividad a evaluación, contexto, seguridad, entorno, preferencias y objetivos funcionales.
TO_R0110;TO_P007;TO_T008;TO_TA020;alta;El terapeuta ocupacional debe adaptar la actividad a evaluación, contexto, seguridad, entorno, preferencias y objetivos funcionales.
TO_R0111;TO_P007;TO_T008;TO_TA021;media;El terapeuta ocupacional debe adaptar la actividad a evaluación, contexto, seguridad, entorno, preferencias y objetivos funcionales.
TO_R0112;TO_P007;TO_T015;TO_TA035;media;El terapeuta ocupacional debe adaptar la actividad a evaluación, contexto, seguridad, entorno, preferencias y objetivos funcionales.
TO_R0113;TO_P007;TO_T016;TO_TA036;media;El terapeuta ocupacional debe adaptar la actividad a evaluación, contexto, seguridad, entorno, preferencias y objetivos funcionales.
TO_R0114;TO_P007;TO_T016;TO_TA037;media;El terapeuta ocupacional debe adaptar la actividad a evaluación, contexto, seguridad, entorno, preferencias y objetivos funcionales.
TO_R0115;TO_P007;TO_T029;TO_TA061;media;El terapeuta ocupacional debe adaptar la actividad a evaluación, contexto, seguridad, entorno, preferencias y objetivos funcionales.
TO_R0116;TO_P007;TO_T029;TO_TA062;media;El terapeuta ocupacional debe adaptar la actividad a evaluación, contexto, seguridad, entorno, preferencias y objetivos funcionales.
TO_R0117;TO_P008;TO_T001;TO_TA001;media;El terapeuta ocupacional debe adaptar la actividad a evaluación, contexto, seguridad, entorno, preferencias y objetivos funcionales.
TO_R0118;TO_P008;TO_T001;TO_TA002;media;El terapeuta ocupacional debe adaptar la actividad a evaluación, contexto, seguridad, entorno, preferencias y objetivos funcionales.
TO_R0119;TO_P008;TO_T001;TO_TA003;media;El terapeuta ocupacional debe adaptar la actividad a evaluación, contexto, seguridad, entorno, preferencias y objetivos funcionales.
TO_R0120;TO_P008;TO_T002;TO_TA004;media;El terapeuta ocupacional debe adaptar la actividad a evaluación, contexto, seguridad, entorno, preferencias y objetivos funcionales.
TO_R0121;TO_P008;TO_T004;TO_TA011;media;El terapeuta ocupacional debe adaptar la actividad a evaluación, contexto, seguridad, entorno, preferencias y objetivos funcionales.
TO_R0122;TO_P008;TO_T004;TO_TA012;media;El terapeuta ocupacional debe adaptar la actividad a evaluación, contexto, seguridad, entorno, preferencias y objetivos funcionales.
TO_R0123;TO_P008;TO_T004;TO_TA013;alta;El terapeuta ocupacional debe adaptar la actividad a evaluación, contexto, seguridad, entorno, preferencias y objetivos funcionales.
TO_R0124;TO_P008;TO_T004;TO_TA014;media;El terapeuta ocupacional debe adaptar la actividad a evaluación, contexto, seguridad, entorno, preferencias y objetivos funcionales.
TO_R0125;TO_P008;TO_T004;TO_TA015;media;El terapeuta ocupacional debe adaptar la actividad a evaluación, contexto, seguridad, entorno, preferencias y objetivos funcionales.
TO_R0126;TO_P008;TO_T005;TO_TA016;media;El terapeuta ocupacional debe adaptar la actividad a evaluación, contexto, seguridad, entorno, preferencias y objetivos funcionales.
TO_R0127;TO_P008;TO_T005;TO_TA017;media;El terapeuta ocupacional debe adaptar la actividad a evaluación, contexto, seguridad, entorno, preferencias y objetivos funcionales.
TO_R0128;TO_P008;TO_T008;TO_TA020;alta;El terapeuta ocupacional debe adaptar la actividad a evaluación, contexto, seguridad, entorno, preferencias y objetivos funcionales.
TO_R0129;TO_P008;TO_T008;TO_TA021;media;El terapeuta ocupacional debe adaptar la actividad a evaluación, contexto, seguridad, entorno, preferencias y objetivos funcionales.
TO_R0130;TO_P008;TO_T015;TO_TA035;media;El terapeuta ocupacional debe adaptar la actividad a evaluación, contexto, seguridad, entorno, preferencias y objetivos funcionales.
TO_R0131;TO_P008;TO_T016;TO_TA036;media;El terapeuta ocupacional debe adaptar la actividad a evaluación, contexto, seguridad, entorno, preferencias y objetivos funcionales.
TO_R0132;TO_P008;TO_T016;TO_TA037;media;El terapeuta ocupacional debe adaptar la actividad a evaluación, contexto, seguridad, entorno, preferencias y objetivos funcionales.
TO_R0133;TO_P008;TO_T029;TO_TA061;media;El terapeuta ocupacional debe adaptar la actividad a evaluación, contexto, seguridad, entorno, preferencias y objetivos funcionales.
TO_R0134;TO_P008;TO_T029;TO_TA062;media;El terapeuta ocupacional debe adaptar la actividad a evaluación, contexto, seguridad, entorno, preferencias y objetivos funcionales.
TO_R0135;TO_P009;TO_T001;TO_TA001;media;El terapeuta ocupacional debe adaptar la actividad a evaluación, contexto, seguridad, entorno, preferencias y objetivos funcionales.
TO_R0136;TO_P009;TO_T001;TO_TA002;media;El terapeuta ocupacional debe adaptar la actividad a evaluación, contexto, seguridad, entorno, preferencias y objetivos funcionales.
TO_R0137;TO_P009;TO_T001;TO_TA003;media;El terapeuta ocupacional debe adaptar la actividad a evaluación, contexto, seguridad, entorno, preferencias y objetivos funcionales.
TO_R0138;TO_P009;TO_T002;TO_TA004;media;El terapeuta ocupacional debe adaptar la actividad a evaluación, contexto, seguridad, entorno, preferencias y objetivos funcionales.
TO_R0139;TO_P009;TO_T004;TO_TA011;media;El terapeuta ocupacional debe adaptar la actividad a evaluación, contexto, seguridad, entorno, preferencias y objetivos funcionales.
TO_R0140;TO_P009;TO_T004;TO_TA012;media;El terapeuta ocupacional debe adaptar la actividad a evaluación, contexto, seguridad, entorno, preferencias y objetivos funcionales.
TO_R0141;TO_P009;TO_T004;TO_TA013;alta;El terapeuta ocupacional debe adaptar la actividad a evaluación, contexto, seguridad, entorno, preferencias y objetivos funcionales.
TO_R0142;TO_P009;TO_T004;TO_TA014;media;El terapeuta ocupacional debe adaptar la actividad a evaluación, contexto, seguridad, entorno, preferencias y objetivos funcionales.
TO_R0143;TO_P009;TO_T004;TO_TA015;media;El terapeuta ocupacional debe adaptar la actividad a evaluación, contexto, seguridad, entorno, preferencias y objetivos funcionales.
TO_R0144;TO_P009;TO_T005;TO_TA016;media;El terapeuta ocupacional debe adaptar la actividad a evaluación, contexto, seguridad, entorno, preferencias y objetivos funcionales.
TO_R0145;TO_P009;TO_T005;TO_TA017;media;El terapeuta ocupacional debe adaptar la actividad a evaluación, contexto, seguridad, entorno, preferencias y objetivos funcionales.
TO_R0146;TO_P009;TO_T008;TO_TA020;alta;El terapeuta ocupacional debe adaptar la actividad a evaluación, contexto, seguridad, entorno, preferencias y objetivos funcionales.
TO_R0147;TO_P009;TO_T008;TO_TA021;media;El terapeuta ocupacional debe adaptar la actividad a evaluación, contexto, seguridad, entorno, preferencias y objetivos funcionales.
TO_R0148;TO_P009;TO_T015;TO_TA035;media;El terapeuta ocupacional debe adaptar la actividad a evaluación, contexto, seguridad, entorno, preferencias y objetivos funcionales.
TO_R0149;TO_P009;TO_T016;TO_TA036;media;El terapeuta ocupacional debe adaptar la actividad a evaluación, contexto, seguridad, entorno, preferencias y objetivos funcionales.
TO_R0150;TO_P009;TO_T016;TO_TA037;media;El terapeuta ocupacional debe adaptar la actividad a evaluación, contexto, seguridad, entorno, preferencias y objetivos funcionales.
TO_R0151;TO_P009;TO_T029;TO_TA061;media;El terapeuta ocupacional debe adaptar la actividad a evaluación, contexto, seguridad, entorno, preferencias y objetivos funcionales.
TO_R0152;TO_P009;TO_T029;TO_TA062;media;El terapeuta ocupacional debe adaptar la actividad a evaluación, contexto, seguridad, entorno, preferencias y objetivos funcionales.
TO_R0153;TO_P010;TO_T001;TO_TA001;media;El terapeuta ocupacional debe adaptar la actividad a evaluación, contexto, seguridad, entorno, preferencias y objetivos funcionales.
TO_R0154;TO_P010;TO_T001;TO_TA002;media;El terapeuta ocupacional debe adaptar la actividad a evaluación, contexto, seguridad, entorno, preferencias y objetivos funcionales.
TO_R0155;TO_P010;TO_T001;TO_TA003;media;El terapeuta ocupacional debe adaptar la actividad a evaluación, contexto, seguridad, entorno, preferencias y objetivos funcionales.
TO_R0156;TO_P010;TO_T002;TO_TA004;media;El terapeuta ocupacional debe adaptar la actividad a evaluación, contexto, seguridad, entorno, preferencias y objetivos funcionales.
TO_R0157;TO_P010;TO_T004;TO_TA011;media;El terapeuta ocupacional debe adaptar la actividad a evaluación, contexto, seguridad, entorno, preferencias y objetivos funcionales.
TO_R0158;TO_P010;TO_T004;TO_TA012;media;El terapeuta ocupacional debe adaptar la actividad a evaluación, contexto, seguridad, entorno, preferencias y objetivos funcionales.
TO_R0159;TO_P010;TO_T004;TO_TA013;alta;El terapeuta ocupacional debe adaptar la actividad a evaluación, contexto, seguridad, entorno, preferencias y objetivos funcionales.
TO_R0160;TO_P010;TO_T004;TO_TA014;media;El terapeuta ocupacional debe adaptar la actividad a evaluación, contexto, seguridad, entorno, preferencias y objetivos funcionales.
TO_R0161;TO_P010;TO_T004;TO_TA015;media;El terapeuta ocupacional debe adaptar la actividad a evaluación, contexto, seguridad, entorno, preferencias y objetivos funcionales.
TO_R0162;TO_P010;TO_T005;TO_TA016;media;El terapeuta ocupacional debe adaptar la actividad a evaluación, contexto, seguridad, entorno, preferencias y objetivos funcionales.
TO_R0163;TO_P010;TO_T005;TO_TA017;media;El terapeuta ocupacional debe adaptar la actividad a evaluación, contexto, seguridad, entorno, preferencias y objetivos funcionales.
TO_R0164;TO_P010;TO_T008;TO_TA020;alta;El terapeuta ocupacional debe adaptar la actividad a evaluación, contexto, seguridad, entorno, preferencias y objetivos funcionales.
TO_R0165;TO_P010;TO_T008;TO_TA021;media;El terapeuta ocupacional debe adaptar la actividad a evaluación, contexto, seguridad, entorno, preferencias y objetivos funcionales.
TO_R0166;TO_P010;TO_T015;TO_TA035;media;El terapeuta ocupacional debe adaptar la actividad a evaluación, contexto, seguridad, entorno, preferencias y objetivos funcionales.
TO_R0167;TO_P010;TO_T016;TO_TA036;media;El terapeuta ocupacional debe adaptar la actividad a evaluación, contexto, seguridad, entorno, preferencias y objetivos funcionales.
TO_R0168;TO_P010;TO_T016;TO_TA037;media;El terapeuta ocupacional debe adaptar la actividad a evaluación, contexto, seguridad, entorno, preferencias y objetivos funcionales.
TO_R0169;TO_P010;TO_T029;TO_TA061;media;El terapeuta ocupacional debe adaptar la actividad a evaluación, contexto, seguridad, entorno, preferencias y objetivos funcionales.
TO_R0170;TO_P010;TO_T029;TO_TA062;media;El terapeuta ocupacional debe adaptar la actividad a evaluación, contexto, seguridad, entorno, preferencias y objetivos funcionales.
TO_R0171;TO_P011;TO_T001;TO_TA001;media;El terapeuta ocupacional debe adaptar la actividad a evaluación, contexto, seguridad, entorno, preferencias y objetivos funcionales.
TO_R0172;TO_P011;TO_T001;TO_TA002;media;El terapeuta ocupacional debe adaptar la actividad a evaluación, contexto, seguridad, entorno, preferencias y objetivos funcionales.
TO_R0173;TO_P011;TO_T001;TO_TA003;media;El terapeuta ocupacional debe adaptar la actividad a evaluación, contexto, seguridad, entorno, preferencias y objetivos funcionales.
TO_R0174;TO_P011;TO_T007;TO_TA019;media;El terapeuta ocupacional debe adaptar la actividad a evaluación, contexto, seguridad, entorno, preferencias y objetivos funcionales.
TO_R0175;TO_P011;TO_T008;TO_TA020;alta;El terapeuta ocupacional debe adaptar la actividad a evaluación, contexto, seguridad, entorno, preferencias y objetivos funcionales.
TO_R0176;TO_P011;TO_T008;TO_TA021;media;El terapeuta ocupacional debe adaptar la actividad a evaluación, contexto, seguridad, entorno, preferencias y objetivos funcionales.
TO_R0177;TO_P011;TO_T009;TO_TA022;alta;El terapeuta ocupacional debe adaptar la actividad a evaluación, contexto, seguridad, entorno, preferencias y objetivos funcionales.
TO_R0178;TO_P011;TO_T009;TO_TA023;alta;El terapeuta ocupacional debe adaptar la actividad a evaluación, contexto, seguridad, entorno, preferencias y objetivos funcionales.
TO_R0179;TO_P011;TO_T010;TO_TA024;alta;El terapeuta ocupacional debe adaptar la actividad a evaluación, contexto, seguridad, entorno, preferencias y objetivos funcionales.
TO_R0180;TO_P011;TO_T010;TO_TA025;alta;El terapeuta ocupacional debe adaptar la actividad a evaluación, contexto, seguridad, entorno, preferencias y objetivos funcionales.
TO_R0181;TO_P011;TO_T030;TO_TA063;alta;El terapeuta ocupacional debe adaptar la actividad a evaluación, contexto, seguridad, entorno, preferencias y objetivos funcionales.
TO_R0182;TO_P011;TO_T030;TO_TA064;alta;El terapeuta ocupacional debe adaptar la actividad a evaluación, contexto, seguridad, entorno, preferencias y objetivos funcionales.
TO_R0183;TO_P012;TO_T001;TO_TA001;media;El terapeuta ocupacional debe adaptar la actividad a evaluación, contexto, seguridad, entorno, preferencias y objetivos funcionales.
TO_R0184;TO_P012;TO_T001;TO_TA002;media;El terapeuta ocupacional debe adaptar la actividad a evaluación, contexto, seguridad, entorno, preferencias y objetivos funcionales.
TO_R0185;TO_P012;TO_T001;TO_TA003;media;El terapeuta ocupacional debe adaptar la actividad a evaluación, contexto, seguridad, entorno, preferencias y objetivos funcionales.
TO_R0186;TO_P012;TO_T007;TO_TA019;media;El terapeuta ocupacional debe adaptar la actividad a evaluación, contexto, seguridad, entorno, preferencias y objetivos funcionales.
TO_R0187;TO_P012;TO_T008;TO_TA020;alta;El terapeuta ocupacional debe adaptar la actividad a evaluación, contexto, seguridad, entorno, preferencias y objetivos funcionales.
TO_R0188;TO_P012;TO_T008;TO_TA021;media;El terapeuta ocupacional debe adaptar la actividad a evaluación, contexto, seguridad, entorno, preferencias y objetivos funcionales.
TO_R0189;TO_P012;TO_T009;TO_TA022;alta;El terapeuta ocupacional debe adaptar la actividad a evaluación, contexto, seguridad, entorno, preferencias y objetivos funcionales.
TO_R0190;TO_P012;TO_T009;TO_TA023;alta;El terapeuta ocupacional debe adaptar la actividad a evaluación, contexto, seguridad, entorno, preferencias y objetivos funcionales.
TO_R0191;TO_P012;TO_T010;TO_TA024;alta;El terapeuta ocupacional debe adaptar la actividad a evaluación, contexto, seguridad, entorno, preferencias y objetivos funcionales.
TO_R0192;TO_P012;TO_T010;TO_TA025;alta;El terapeuta ocupacional debe adaptar la actividad a evaluación, contexto, seguridad, entorno, preferencias y objetivos funcionales.
TO_R0193;TO_P012;TO_T030;TO_TA063;alta;El terapeuta ocupacional debe adaptar la actividad a evaluación, contexto, seguridad, entorno, preferencias y objetivos funcionales.
TO_R0194;TO_P012;TO_T030;TO_TA064;alta;El terapeuta ocupacional debe adaptar la actividad a evaluación, contexto, seguridad, entorno, preferencias y objetivos funcionales.
TO_R0195;TO_P013;TO_T001;TO_TA001;media;El terapeuta ocupacional debe adaptar la actividad a evaluación, contexto, seguridad, entorno, preferencias y objetivos funcionales.
TO_R0196;TO_P013;TO_T001;TO_TA002;media;El terapeuta ocupacional debe adaptar la actividad a evaluación, contexto, seguridad, entorno, preferencias y objetivos funcionales.
TO_R0197;TO_P013;TO_T001;TO_TA003;media;El terapeuta ocupacional debe adaptar la actividad a evaluación, contexto, seguridad, entorno, preferencias y objetivos funcionales.
TO_R0198;TO_P013;TO_T007;TO_TA019;media;El terapeuta ocupacional debe adaptar la actividad a evaluación, contexto, seguridad, entorno, preferencias y objetivos funcionales.
TO_R0199;TO_P013;TO_T008;TO_TA020;alta;El terapeuta ocupacional debe adaptar la actividad a evaluación, contexto, seguridad, entorno, preferencias y objetivos funcionales.
TO_R0200;TO_P013;TO_T008;TO_TA021;media;El terapeuta ocupacional debe adaptar la actividad a evaluación, contexto, seguridad, entorno, preferencias y objetivos funcionales.
TO_R0201;TO_P013;TO_T009;TO_TA022;alta;El terapeuta ocupacional debe adaptar la actividad a evaluación, contexto, seguridad, entorno, preferencias y objetivos funcionales.
TO_R0202;TO_P013;TO_T009;TO_TA023;alta;El terapeuta ocupacional debe adaptar la actividad a evaluación, contexto, seguridad, entorno, preferencias y objetivos funcionales.
TO_R0203;TO_P013;TO_T010;TO_TA024;alta;El terapeuta ocupacional debe adaptar la actividad a evaluación, contexto, seguridad, entorno, preferencias y objetivos funcionales.
TO_R0204;TO_P013;TO_T010;TO_TA025;alta;El terapeuta ocupacional debe adaptar la actividad a evaluación, contexto, seguridad, entorno, preferencias y objetivos funcionales.
TO_R0205;TO_P013;TO_T030;TO_TA063;alta;El terapeuta ocupacional debe adaptar la actividad a evaluación, contexto, seguridad, entorno, preferencias y objetivos funcionales.
TO_R0206;TO_P013;TO_T030;TO_TA064;alta;El terapeuta ocupacional debe adaptar la actividad a evaluación, contexto, seguridad, entorno, preferencias y objetivos funcionales.
TO_R0207;TO_P014;TO_T001;TO_TA001;media;El terapeuta ocupacional debe adaptar la actividad a evaluación, contexto, seguridad, entorno, preferencias y objetivos funcionales.
TO_R0208;TO_P014;TO_T001;TO_TA002;media;El terapeuta ocupacional debe adaptar la actividad a evaluación, contexto, seguridad, entorno, preferencias y objetivos funcionales.
TO_R0209;TO_P014;TO_T001;TO_TA003;media;El terapeuta ocupacional debe adaptar la actividad a evaluación, contexto, seguridad, entorno, preferencias y objetivos funcionales.
TO_R0210;TO_P014;TO_T002;TO_TA004;media;El terapeuta ocupacional debe adaptar la actividad a evaluación, contexto, seguridad, entorno, preferencias y objetivos funcionales.
TO_R0211;TO_P014;TO_T013;TO_TA031;media;El terapeuta ocupacional debe adaptar la actividad a evaluación, contexto, seguridad, entorno, preferencias y objetivos funcionales.
TO_R0212;TO_P014;TO_T014;TO_TA032;media;El terapeuta ocupacional debe adaptar la actividad a evaluación, contexto, seguridad, entorno, preferencias y objetivos funcionales.
TO_R0213;TO_P014;TO_T014;TO_TA033;media;El terapeuta ocupacional debe adaptar la actividad a evaluación, contexto, seguridad, entorno, preferencias y objetivos funcionales.
TO_R0214;TO_P014;TO_T014;TO_TA034;media;El terapeuta ocupacional debe adaptar la actividad a evaluación, contexto, seguridad, entorno, preferencias y objetivos funcionales.
TO_R0215;TO_P014;TO_T005;TO_TA016;media;El terapeuta ocupacional debe adaptar la actividad a evaluación, contexto, seguridad, entorno, preferencias y objetivos funcionales.
TO_R0216;TO_P014;TO_T005;TO_TA017;media;El terapeuta ocupacional debe adaptar la actividad a evaluación, contexto, seguridad, entorno, preferencias y objetivos funcionales.
TO_R0217;TO_P014;TO_T029;TO_TA061;media;El terapeuta ocupacional debe adaptar la actividad a evaluación, contexto, seguridad, entorno, preferencias y objetivos funcionales.
TO_R0218;TO_P014;TO_T029;TO_TA062;media;El terapeuta ocupacional debe adaptar la actividad a evaluación, contexto, seguridad, entorno, preferencias y objetivos funcionales.
TO_R0219;TO_P015;TO_T001;TO_TA001;media;El terapeuta ocupacional debe adaptar la actividad a evaluación, contexto, seguridad, entorno, preferencias y objetivos funcionales.
TO_R0220;TO_P015;TO_T001;TO_TA002;media;El terapeuta ocupacional debe adaptar la actividad a evaluación, contexto, seguridad, entorno, preferencias y objetivos funcionales.
TO_R0221;TO_P015;TO_T001;TO_TA003;media;El terapeuta ocupacional debe adaptar la actividad a evaluación, contexto, seguridad, entorno, preferencias y objetivos funcionales.
TO_R0222;TO_P015;TO_T002;TO_TA004;media;El terapeuta ocupacional debe adaptar la actividad a evaluación, contexto, seguridad, entorno, preferencias y objetivos funcionales.
TO_R0223;TO_P015;TO_T013;TO_TA031;media;El terapeuta ocupacional debe adaptar la actividad a evaluación, contexto, seguridad, entorno, preferencias y objetivos funcionales.
TO_R0224;TO_P015;TO_T014;TO_TA032;media;El terapeuta ocupacional debe adaptar la actividad a evaluación, contexto, seguridad, entorno, preferencias y objetivos funcionales.
TO_R0225;TO_P015;TO_T014;TO_TA033;media;El terapeuta ocupacional debe adaptar la actividad a evaluación, contexto, seguridad, entorno, preferencias y objetivos funcionales.
TO_R0226;TO_P015;TO_T014;TO_TA034;media;El terapeuta ocupacional debe adaptar la actividad a evaluación, contexto, seguridad, entorno, preferencias y objetivos funcionales.
TO_R0227;TO_P015;TO_T005;TO_TA016;media;El terapeuta ocupacional debe adaptar la actividad a evaluación, contexto, seguridad, entorno, preferencias y objetivos funcionales.
TO_R0228;TO_P015;TO_T005;TO_TA017;media;El terapeuta ocupacional debe adaptar la actividad a evaluación, contexto, seguridad, entorno, preferencias y objetivos funcionales.
TO_R0229;TO_P015;TO_T029;TO_TA061;media;El terapeuta ocupacional debe adaptar la actividad a evaluación, contexto, seguridad, entorno, preferencias y objetivos funcionales.
TO_R0230;TO_P015;TO_T029;TO_TA062;media;El terapeuta ocupacional debe adaptar la actividad a evaluación, contexto, seguridad, entorno, preferencias y objetivos funcionales.
TO_R0231;TO_P016;TO_T001;TO_TA001;media;El terapeuta ocupacional debe adaptar la actividad a evaluación, contexto, seguridad, entorno, preferencias y objetivos funcionales.
TO_R0232;TO_P016;TO_T001;TO_TA002;media;El terapeuta ocupacional debe adaptar la actividad a evaluación, contexto, seguridad, entorno, preferencias y objetivos funcionales.
TO_R0233;TO_P016;TO_T001;TO_TA003;media;El terapeuta ocupacional debe adaptar la actividad a evaluación, contexto, seguridad, entorno, preferencias y objetivos funcionales.
TO_R0234;TO_P016;TO_T002;TO_TA004;media;El terapeuta ocupacional debe adaptar la actividad a evaluación, contexto, seguridad, entorno, preferencias y objetivos funcionales.
TO_R0235;TO_P016;TO_T013;TO_TA031;media;El terapeuta ocupacional debe adaptar la actividad a evaluación, contexto, seguridad, entorno, preferencias y objetivos funcionales.
TO_R0236;TO_P016;TO_T014;TO_TA032;media;El terapeuta ocupacional debe adaptar la actividad a evaluación, contexto, seguridad, entorno, preferencias y objetivos funcionales.
TO_R0237;TO_P016;TO_T014;TO_TA033;media;El terapeuta ocupacional debe adaptar la actividad a evaluación, contexto, seguridad, entorno, preferencias y objetivos funcionales.
TO_R0238;TO_P016;TO_T014;TO_TA034;media;El terapeuta ocupacional debe adaptar la actividad a evaluación, contexto, seguridad, entorno, preferencias y objetivos funcionales.
TO_R0239;TO_P016;TO_T005;TO_TA016;media;El terapeuta ocupacional debe adaptar la actividad a evaluación, contexto, seguridad, entorno, preferencias y objetivos funcionales.
TO_R0240;TO_P016;TO_T005;TO_TA017;media;El terapeuta ocupacional debe adaptar la actividad a evaluación, contexto, seguridad, entorno, preferencias y objetivos funcionales.
TO_R0241;TO_P016;TO_T029;TO_TA061;media;El terapeuta ocupacional debe adaptar la actividad a evaluación, contexto, seguridad, entorno, preferencias y objetivos funcionales.
TO_R0242;TO_P016;TO_T029;TO_TA062;media;El terapeuta ocupacional debe adaptar la actividad a evaluación, contexto, seguridad, entorno, preferencias y objetivos funcionales.
TO_R0243;TO_P017;TO_T001;TO_TA001;media;El terapeuta ocupacional debe adaptar la actividad a evaluación, contexto, seguridad, entorno, preferencias y objetivos funcionales.
TO_R0244;TO_P017;TO_T001;TO_TA002;media;El terapeuta ocupacional debe adaptar la actividad a evaluación, contexto, seguridad, entorno, preferencias y objetivos funcionales.
TO_R0245;TO_P017;TO_T001;TO_TA003;media;El terapeuta ocupacional debe adaptar la actividad a evaluación, contexto, seguridad, entorno, preferencias y objetivos funcionales.
TO_R0246;TO_P017;TO_T002;TO_TA004;media;El terapeuta ocupacional debe adaptar la actividad a evaluación, contexto, seguridad, entorno, preferencias y objetivos funcionales.
TO_R0247;TO_P017;TO_T013;TO_TA031;media;El terapeuta ocupacional debe adaptar la actividad a evaluación, contexto, seguridad, entorno, preferencias y objetivos funcionales.
TO_R0248;TO_P017;TO_T014;TO_TA032;media;El terapeuta ocupacional debe adaptar la actividad a evaluación, contexto, seguridad, entorno, preferencias y objetivos funcionales.
TO_R0249;TO_P017;TO_T014;TO_TA033;media;El terapeuta ocupacional debe adaptar la actividad a evaluación, contexto, seguridad, entorno, preferencias y objetivos funcionales.
TO_R0250;TO_P017;TO_T014;TO_TA034;media;El terapeuta ocupacional debe adaptar la actividad a evaluación, contexto, seguridad, entorno, preferencias y objetivos funcionales.
TO_R0251;TO_P017;TO_T005;TO_TA016;media;El terapeuta ocupacional debe adaptar la actividad a evaluación, contexto, seguridad, entorno, preferencias y objetivos funcionales.
TO_R0252;TO_P017;TO_T005;TO_TA017;media;El terapeuta ocupacional debe adaptar la actividad a evaluación, contexto, seguridad, entorno, preferencias y objetivos funcionales.
TO_R0253;TO_P017;TO_T029;TO_TA061;media;El terapeuta ocupacional debe adaptar la actividad a evaluación, contexto, seguridad, entorno, preferencias y objetivos funcionales.
TO_R0254;TO_P017;TO_T029;TO_TA062;media;El terapeuta ocupacional debe adaptar la actividad a evaluación, contexto, seguridad, entorno, preferencias y objetivos funcionales.
TO_R0255;TO_P018;TO_T001;TO_TA001;media;El terapeuta ocupacional debe adaptar la actividad a evaluación, contexto, seguridad, entorno, preferencias y objetivos funcionales.
TO_R0256;TO_P018;TO_T001;TO_TA002;media;El terapeuta ocupacional debe adaptar la actividad a evaluación, contexto, seguridad, entorno, preferencias y objetivos funcionales.
TO_R0257;TO_P018;TO_T001;TO_TA003;media;El terapeuta ocupacional debe adaptar la actividad a evaluación, contexto, seguridad, entorno, preferencias y objetivos funcionales.
TO_R0258;TO_P018;TO_T015;TO_TA035;media;El terapeuta ocupacional debe adaptar la actividad a evaluación, contexto, seguridad, entorno, preferencias y objetivos funcionales.
TO_R0259;TO_P018;TO_T016;TO_TA036;media;El terapeuta ocupacional debe adaptar la actividad a evaluación, contexto, seguridad, entorno, preferencias y objetivos funcionales.
TO_R0260;TO_P018;TO_T016;TO_TA037;media;El terapeuta ocupacional debe adaptar la actividad a evaluación, contexto, seguridad, entorno, preferencias y objetivos funcionales.
TO_R0261;TO_P018;TO_T017;TO_TA038;media;El terapeuta ocupacional debe adaptar la actividad a evaluación, contexto, seguridad, entorno, preferencias y objetivos funcionales.
TO_R0262;TO_P018;TO_T017;TO_TA039;media;El terapeuta ocupacional debe adaptar la actividad a evaluación, contexto, seguridad, entorno, preferencias y objetivos funcionales.
TO_R0263;TO_P018;TO_T029;TO_TA061;media;El terapeuta ocupacional debe adaptar la actividad a evaluación, contexto, seguridad, entorno, preferencias y objetivos funcionales.
TO_R0264;TO_P018;TO_T029;TO_TA062;media;El terapeuta ocupacional debe adaptar la actividad a evaluación, contexto, seguridad, entorno, preferencias y objetivos funcionales.
TO_R0265;TO_P019;TO_T001;TO_TA001;media;El terapeuta ocupacional debe adaptar la actividad a evaluación, contexto, seguridad, entorno, preferencias y objetivos funcionales.
TO_R0266;TO_P019;TO_T001;TO_TA002;media;El terapeuta ocupacional debe adaptar la actividad a evaluación, contexto, seguridad, entorno, preferencias y objetivos funcionales.
TO_R0267;TO_P019;TO_T001;TO_TA003;media;El terapeuta ocupacional debe adaptar la actividad a evaluación, contexto, seguridad, entorno, preferencias y objetivos funcionales.
TO_R0268;TO_P019;TO_T015;TO_TA035;media;El terapeuta ocupacional debe adaptar la actividad a evaluación, contexto, seguridad, entorno, preferencias y objetivos funcionales.
TO_R0269;TO_P019;TO_T016;TO_TA036;media;El terapeuta ocupacional debe adaptar la actividad a evaluación, contexto, seguridad, entorno, preferencias y objetivos funcionales.
TO_R0270;TO_P019;TO_T016;TO_TA037;media;El terapeuta ocupacional debe adaptar la actividad a evaluación, contexto, seguridad, entorno, preferencias y objetivos funcionales.
TO_R0271;TO_P019;TO_T017;TO_TA038;media;El terapeuta ocupacional debe adaptar la actividad a evaluación, contexto, seguridad, entorno, preferencias y objetivos funcionales.
TO_R0272;TO_P019;TO_T017;TO_TA039;media;El terapeuta ocupacional debe adaptar la actividad a evaluación, contexto, seguridad, entorno, preferencias y objetivos funcionales.
TO_R0273;TO_P019;TO_T029;TO_TA061;media;El terapeuta ocupacional debe adaptar la actividad a evaluación, contexto, seguridad, entorno, preferencias y objetivos funcionales.
TO_R0274;TO_P019;TO_T029;TO_TA062;media;El terapeuta ocupacional debe adaptar la actividad a evaluación, contexto, seguridad, entorno, preferencias y objetivos funcionales.
TO_R0275;TO_P020;TO_T001;TO_TA001;media;El terapeuta ocupacional debe adaptar la actividad a evaluación, contexto, seguridad, entorno, preferencias y objetivos funcionales.
TO_R0276;TO_P020;TO_T001;TO_TA002;media;El terapeuta ocupacional debe adaptar la actividad a evaluación, contexto, seguridad, entorno, preferencias y objetivos funcionales.
TO_R0277;TO_P020;TO_T001;TO_TA003;media;El terapeuta ocupacional debe adaptar la actividad a evaluación, contexto, seguridad, entorno, preferencias y objetivos funcionales.
TO_R0278;TO_P020;TO_T015;TO_TA035;media;El terapeuta ocupacional debe adaptar la actividad a evaluación, contexto, seguridad, entorno, preferencias y objetivos funcionales.
TO_R0279;TO_P020;TO_T016;TO_TA036;media;El terapeuta ocupacional debe adaptar la actividad a evaluación, contexto, seguridad, entorno, preferencias y objetivos funcionales.
TO_R0280;TO_P020;TO_T016;TO_TA037;media;El terapeuta ocupacional debe adaptar la actividad a evaluación, contexto, seguridad, entorno, preferencias y objetivos funcionales.
TO_R0281;TO_P020;TO_T017;TO_TA038;media;El terapeuta ocupacional debe adaptar la actividad a evaluación, contexto, seguridad, entorno, preferencias y objetivos funcionales.
TO_R0282;TO_P020;TO_T017;TO_TA039;media;El terapeuta ocupacional debe adaptar la actividad a evaluación, contexto, seguridad, entorno, preferencias y objetivos funcionales.
TO_R0283;TO_P020;TO_T029;TO_TA061;media;El terapeuta ocupacional debe adaptar la actividad a evaluación, contexto, seguridad, entorno, preferencias y objetivos funcionales.
TO_R0284;TO_P020;TO_T029;TO_TA062;media;El terapeuta ocupacional debe adaptar la actividad a evaluación, contexto, seguridad, entorno, preferencias y objetivos funcionales.
TO_R0285;TO_P021;TO_T001;TO_TA001;media;El terapeuta ocupacional debe adaptar la actividad a evaluación, contexto, seguridad, entorno, preferencias y objetivos funcionales.
TO_R0286;TO_P021;TO_T001;TO_TA002;media;El terapeuta ocupacional debe adaptar la actividad a evaluación, contexto, seguridad, entorno, preferencias y objetivos funcionales.
TO_R0287;TO_P021;TO_T001;TO_TA003;media;El terapeuta ocupacional debe adaptar la actividad a evaluación, contexto, seguridad, entorno, preferencias y objetivos funcionales.
TO_R0288;TO_P021;TO_T016;TO_TA036;media;El terapeuta ocupacional debe adaptar la actividad a evaluación, contexto, seguridad, entorno, preferencias y objetivos funcionales.
TO_R0289;TO_P021;TO_T016;TO_TA037;media;El terapeuta ocupacional debe adaptar la actividad a evaluación, contexto, seguridad, entorno, preferencias y objetivos funcionales.
TO_R0290;TO_P021;TO_T017;TO_TA038;media;El terapeuta ocupacional debe adaptar la actividad a evaluación, contexto, seguridad, entorno, preferencias y objetivos funcionales.
TO_R0291;TO_P021;TO_T017;TO_TA039;media;El terapeuta ocupacional debe adaptar la actividad a evaluación, contexto, seguridad, entorno, preferencias y objetivos funcionales.
TO_R0292;TO_P021;TO_T018;TO_TA040;media;El terapeuta ocupacional debe adaptar la actividad a evaluación, contexto, seguridad, entorno, preferencias y objetivos funcionales.
TO_R0293;TO_P021;TO_T018;TO_TA041;media;El terapeuta ocupacional debe adaptar la actividad a evaluación, contexto, seguridad, entorno, preferencias y objetivos funcionales.
TO_R0294;TO_P021;TO_T019;TO_TA042;media;El terapeuta ocupacional debe adaptar la actividad a evaluación, contexto, seguridad, entorno, preferencias y objetivos funcionales.
TO_R0295;TO_P021;TO_T019;TO_TA043;media;El terapeuta ocupacional debe adaptar la actividad a evaluación, contexto, seguridad, entorno, preferencias y objetivos funcionales.
TO_R0296;TO_P021;TO_T030;TO_TA063;alta;El terapeuta ocupacional debe adaptar la actividad a evaluación, contexto, seguridad, entorno, preferencias y objetivos funcionales.
TO_R0297;TO_P021;TO_T030;TO_TA064;alta;El terapeuta ocupacional debe adaptar la actividad a evaluación, contexto, seguridad, entorno, preferencias y objetivos funcionales.
TO_R0298;TO_P022;TO_T001;TO_TA001;media;El terapeuta ocupacional debe adaptar la actividad a evaluación, contexto, seguridad, entorno, preferencias y objetivos funcionales.
TO_R0299;TO_P022;TO_T001;TO_TA002;media;El terapeuta ocupacional debe adaptar la actividad a evaluación, contexto, seguridad, entorno, preferencias y objetivos funcionales.
TO_R0300;TO_P022;TO_T001;TO_TA003;media;El terapeuta ocupacional debe adaptar la actividad a evaluación, contexto, seguridad, entorno, preferencias y objetivos funcionales.
TO_R0301;TO_P022;TO_T016;TO_TA036;media;El terapeuta ocupacional debe adaptar la actividad a evaluación, contexto, seguridad, entorno, preferencias y objetivos funcionales.
TO_R0302;TO_P022;TO_T016;TO_TA037;media;El terapeuta ocupacional debe adaptar la actividad a evaluación, contexto, seguridad, entorno, preferencias y objetivos funcionales.
TO_R0303;TO_P022;TO_T017;TO_TA038;media;El terapeuta ocupacional debe adaptar la actividad a evaluación, contexto, seguridad, entorno, preferencias y objetivos funcionales.
TO_R0304;TO_P022;TO_T017;TO_TA039;media;El terapeuta ocupacional debe adaptar la actividad a evaluación, contexto, seguridad, entorno, preferencias y objetivos funcionales.
TO_R0305;TO_P022;TO_T018;TO_TA040;media;El terapeuta ocupacional debe adaptar la actividad a evaluación, contexto, seguridad, entorno, preferencias y objetivos funcionales.
TO_R0306;TO_P022;TO_T018;TO_TA041;media;El terapeuta ocupacional debe adaptar la actividad a evaluación, contexto, seguridad, entorno, preferencias y objetivos funcionales.
TO_R0307;TO_P022;TO_T019;TO_TA042;media;El terapeuta ocupacional debe adaptar la actividad a evaluación, contexto, seguridad, entorno, preferencias y objetivos funcionales.
TO_R0308;TO_P022;TO_T019;TO_TA043;media;El terapeuta ocupacional debe adaptar la actividad a evaluación, contexto, seguridad, entorno, preferencias y objetivos funcionales.
TO_R0309;TO_P022;TO_T030;TO_TA063;alta;El terapeuta ocupacional debe adaptar la actividad a evaluación, contexto, seguridad, entorno, preferencias y objetivos funcionales.
TO_R0310;TO_P022;TO_T030;TO_TA064;alta;El terapeuta ocupacional debe adaptar la actividad a evaluación, contexto, seguridad, entorno, preferencias y objetivos funcionales.
TO_R0311;TO_P023;TO_T001;TO_TA001;media;El terapeuta ocupacional debe adaptar la actividad a evaluación, contexto, seguridad, entorno, preferencias y objetivos funcionales.
TO_R0312;TO_P023;TO_T001;TO_TA002;media;El terapeuta ocupacional debe adaptar la actividad a evaluación, contexto, seguridad, entorno, preferencias y objetivos funcionales.
TO_R0313;TO_P023;TO_T001;TO_TA003;media;El terapeuta ocupacional debe adaptar la actividad a evaluación, contexto, seguridad, entorno, preferencias y objetivos funcionales.
TO_R0314;TO_P023;TO_T016;TO_TA036;media;El terapeuta ocupacional debe adaptar la actividad a evaluación, contexto, seguridad, entorno, preferencias y objetivos funcionales.
TO_R0315;TO_P023;TO_T016;TO_TA037;media;El terapeuta ocupacional debe adaptar la actividad a evaluación, contexto, seguridad, entorno, preferencias y objetivos funcionales.
TO_R0316;TO_P023;TO_T017;TO_TA038;media;El terapeuta ocupacional debe adaptar la actividad a evaluación, contexto, seguridad, entorno, preferencias y objetivos funcionales.
TO_R0317;TO_P023;TO_T017;TO_TA039;media;El terapeuta ocupacional debe adaptar la actividad a evaluación, contexto, seguridad, entorno, preferencias y objetivos funcionales.
TO_R0318;TO_P023;TO_T018;TO_TA040;media;El terapeuta ocupacional debe adaptar la actividad a evaluación, contexto, seguridad, entorno, preferencias y objetivos funcionales.
TO_R0319;TO_P023;TO_T018;TO_TA041;media;El terapeuta ocupacional debe adaptar la actividad a evaluación, contexto, seguridad, entorno, preferencias y objetivos funcionales.
TO_R0320;TO_P023;TO_T019;TO_TA042;media;El terapeuta ocupacional debe adaptar la actividad a evaluación, contexto, seguridad, entorno, preferencias y objetivos funcionales.
TO_R0321;TO_P023;TO_T019;TO_TA043;media;El terapeuta ocupacional debe adaptar la actividad a evaluación, contexto, seguridad, entorno, preferencias y objetivos funcionales.
TO_R0322;TO_P023;TO_T030;TO_TA063;alta;El terapeuta ocupacional debe adaptar la actividad a evaluación, contexto, seguridad, entorno, preferencias y objetivos funcionales.
TO_R0323;TO_P023;TO_T030;TO_TA064;alta;El terapeuta ocupacional debe adaptar la actividad a evaluación, contexto, seguridad, entorno, preferencias y objetivos funcionales.
TO_R0324;TO_P024;TO_T001;TO_TA001;media;El terapeuta ocupacional debe adaptar la actividad a evaluación, contexto, seguridad, entorno, preferencias y objetivos funcionales.
TO_R0325;TO_P024;TO_T001;TO_TA002;media;El terapeuta ocupacional debe adaptar la actividad a evaluación, contexto, seguridad, entorno, preferencias y objetivos funcionales.
TO_R0326;TO_P024;TO_T001;TO_TA003;media;El terapeuta ocupacional debe adaptar la actividad a evaluación, contexto, seguridad, entorno, preferencias y objetivos funcionales.
TO_R0327;TO_P024;TO_T020;TO_TA046;alta;El terapeuta ocupacional debe adaptar la actividad a evaluación, contexto, seguridad, entorno, preferencias y objetivos funcionales.
TO_R0328;TO_P024;TO_T021;TO_TA044;media;El terapeuta ocupacional debe adaptar la actividad a evaluación, contexto, seguridad, entorno, preferencias y objetivos funcionales.
TO_R0329;TO_P024;TO_T021;TO_TA045;media;El terapeuta ocupacional debe adaptar la actividad a evaluación, contexto, seguridad, entorno, preferencias y objetivos funcionales.
TO_R0330;TO_P024;TO_T005;TO_TA016;media;El terapeuta ocupacional debe adaptar la actividad a evaluación, contexto, seguridad, entorno, preferencias y objetivos funcionales.
TO_R0331;TO_P024;TO_T005;TO_TA017;media;El terapeuta ocupacional debe adaptar la actividad a evaluación, contexto, seguridad, entorno, preferencias y objetivos funcionales.
TO_R0332;TO_P024;TO_T016;TO_TA036;media;El terapeuta ocupacional debe adaptar la actividad a evaluación, contexto, seguridad, entorno, preferencias y objetivos funcionales.
TO_R0333;TO_P024;TO_T016;TO_TA037;media;El terapeuta ocupacional debe adaptar la actividad a evaluación, contexto, seguridad, entorno, preferencias y objetivos funcionales.
TO_R0334;TO_P024;TO_T029;TO_TA061;media;El terapeuta ocupacional debe adaptar la actividad a evaluación, contexto, seguridad, entorno, preferencias y objetivos funcionales.
TO_R0335;TO_P024;TO_T029;TO_TA062;media;El terapeuta ocupacional debe adaptar la actividad a evaluación, contexto, seguridad, entorno, preferencias y objetivos funcionales.
TO_R0336;TO_P024;TO_T030;TO_TA063;alta;El terapeuta ocupacional debe adaptar la actividad a evaluación, contexto, seguridad, entorno, preferencias y objetivos funcionales.
TO_R0337;TO_P024;TO_T030;TO_TA064;alta;El terapeuta ocupacional debe adaptar la actividad a evaluación, contexto, seguridad, entorno, preferencias y objetivos funcionales.
TO_R0338;TO_P025;TO_T001;TO_TA001;media;El terapeuta ocupacional debe adaptar la actividad a evaluación, contexto, seguridad, entorno, preferencias y objetivos funcionales.
TO_R0339;TO_P025;TO_T001;TO_TA002;media;El terapeuta ocupacional debe adaptar la actividad a evaluación, contexto, seguridad, entorno, preferencias y objetivos funcionales.
TO_R0340;TO_P025;TO_T001;TO_TA003;media;El terapeuta ocupacional debe adaptar la actividad a evaluación, contexto, seguridad, entorno, preferencias y objetivos funcionales.
TO_R0341;TO_P025;TO_T020;TO_TA046;alta;El terapeuta ocupacional debe adaptar la actividad a evaluación, contexto, seguridad, entorno, preferencias y objetivos funcionales.
TO_R0342;TO_P025;TO_T021;TO_TA044;media;El terapeuta ocupacional debe adaptar la actividad a evaluación, contexto, seguridad, entorno, preferencias y objetivos funcionales.
TO_R0343;TO_P025;TO_T021;TO_TA045;media;El terapeuta ocupacional debe adaptar la actividad a evaluación, contexto, seguridad, entorno, preferencias y objetivos funcionales.
TO_R0344;TO_P025;TO_T005;TO_TA016;media;El terapeuta ocupacional debe adaptar la actividad a evaluación, contexto, seguridad, entorno, preferencias y objetivos funcionales.
TO_R0345;TO_P025;TO_T005;TO_TA017;media;El terapeuta ocupacional debe adaptar la actividad a evaluación, contexto, seguridad, entorno, preferencias y objetivos funcionales.
TO_R0346;TO_P025;TO_T016;TO_TA036;media;El terapeuta ocupacional debe adaptar la actividad a evaluación, contexto, seguridad, entorno, preferencias y objetivos funcionales.
TO_R0347;TO_P025;TO_T016;TO_TA037;media;El terapeuta ocupacional debe adaptar la actividad a evaluación, contexto, seguridad, entorno, preferencias y objetivos funcionales.
TO_R0348;TO_P025;TO_T029;TO_TA061;media;El terapeuta ocupacional debe adaptar la actividad a evaluación, contexto, seguridad, entorno, preferencias y objetivos funcionales.
TO_R0349;TO_P025;TO_T029;TO_TA062;media;El terapeuta ocupacional debe adaptar la actividad a evaluación, contexto, seguridad, entorno, preferencias y objetivos funcionales.
TO_R0350;TO_P025;TO_T030;TO_TA063;alta;El terapeuta ocupacional debe adaptar la actividad a evaluación, contexto, seguridad, entorno, preferencias y objetivos funcionales.
TO_R0351;TO_P025;TO_T030;TO_TA064;alta;El terapeuta ocupacional debe adaptar la actividad a evaluación, contexto, seguridad, entorno, preferencias y objetivos funcionales.
TO_R0352;TO_P026;TO_T001;TO_TA001;media;El terapeuta ocupacional debe adaptar la actividad a evaluación, contexto, seguridad, entorno, preferencias y objetivos funcionales.
TO_R0353;TO_P026;TO_T001;TO_TA002;media;El terapeuta ocupacional debe adaptar la actividad a evaluación, contexto, seguridad, entorno, preferencias y objetivos funcionales.
TO_R0354;TO_P026;TO_T001;TO_TA003;media;El terapeuta ocupacional debe adaptar la actividad a evaluación, contexto, seguridad, entorno, preferencias y objetivos funcionales.
TO_R0355;TO_P026;TO_T020;TO_TA046;alta;El terapeuta ocupacional debe adaptar la actividad a evaluación, contexto, seguridad, entorno, preferencias y objetivos funcionales.
TO_R0356;TO_P026;TO_T021;TO_TA044;media;El terapeuta ocupacional debe adaptar la actividad a evaluación, contexto, seguridad, entorno, preferencias y objetivos funcionales.
TO_R0357;TO_P026;TO_T021;TO_TA045;media;El terapeuta ocupacional debe adaptar la actividad a evaluación, contexto, seguridad, entorno, preferencias y objetivos funcionales.
TO_R0358;TO_P026;TO_T005;TO_TA016;media;El terapeuta ocupacional debe adaptar la actividad a evaluación, contexto, seguridad, entorno, preferencias y objetivos funcionales.
TO_R0359;TO_P026;TO_T005;TO_TA017;media;El terapeuta ocupacional debe adaptar la actividad a evaluación, contexto, seguridad, entorno, preferencias y objetivos funcionales.
TO_R0360;TO_P026;TO_T016;TO_TA036;media;El terapeuta ocupacional debe adaptar la actividad a evaluación, contexto, seguridad, entorno, preferencias y objetivos funcionales.
TO_R0361;TO_P026;TO_T016;TO_TA037;media;El terapeuta ocupacional debe adaptar la actividad a evaluación, contexto, seguridad, entorno, preferencias y objetivos funcionales.
TO_R0362;TO_P026;TO_T029;TO_TA061;media;El terapeuta ocupacional debe adaptar la actividad a evaluación, contexto, seguridad, entorno, preferencias y objetivos funcionales.
TO_R0363;TO_P026;TO_T029;TO_TA062;media;El terapeuta ocupacional debe adaptar la actividad a evaluación, contexto, seguridad, entorno, preferencias y objetivos funcionales.
TO_R0364;TO_P026;TO_T030;TO_TA063;alta;El terapeuta ocupacional debe adaptar la actividad a evaluación, contexto, seguridad, entorno, preferencias y objetivos funcionales.
TO_R0365;TO_P026;TO_T030;TO_TA064;alta;El terapeuta ocupacional debe adaptar la actividad a evaluación, contexto, seguridad, entorno, preferencias y objetivos funcionales.
TO_R0366;TO_P027;TO_T001;TO_TA001;media;El terapeuta ocupacional debe adaptar la actividad a evaluación, contexto, seguridad, entorno, preferencias y objetivos funcionales.
TO_R0367;TO_P027;TO_T001;TO_TA002;media;El terapeuta ocupacional debe adaptar la actividad a evaluación, contexto, seguridad, entorno, preferencias y objetivos funcionales.
TO_R0368;TO_P027;TO_T001;TO_TA003;media;El terapeuta ocupacional debe adaptar la actividad a evaluación, contexto, seguridad, entorno, preferencias y objetivos funcionales.
TO_R0369;TO_P027;TO_T022;TO_TA047;media;El terapeuta ocupacional debe adaptar la actividad a evaluación, contexto, seguridad, entorno, preferencias y objetivos funcionales.
TO_R0370;TO_P027;TO_T022;TO_TA048;media;El terapeuta ocupacional debe adaptar la actividad a evaluación, contexto, seguridad, entorno, preferencias y objetivos funcionales.
TO_R0371;TO_P027;TO_T023;TO_TA049;media;El terapeuta ocupacional debe adaptar la actividad a evaluación, contexto, seguridad, entorno, preferencias y objetivos funcionales.
TO_R0372;TO_P027;TO_T023;TO_TA050;media;El terapeuta ocupacional debe adaptar la actividad a evaluación, contexto, seguridad, entorno, preferencias y objetivos funcionales.
TO_R0373;TO_P027;TO_T024;TO_TA051;media;El terapeuta ocupacional debe adaptar la actividad a evaluación, contexto, seguridad, entorno, preferencias y objetivos funcionales.
TO_R0374;TO_P027;TO_T024;TO_TA052;media;El terapeuta ocupacional debe adaptar la actividad a evaluación, contexto, seguridad, entorno, preferencias y objetivos funcionales.
TO_R0375;TO_P027;TO_T029;TO_TA061;media;El terapeuta ocupacional debe adaptar la actividad a evaluación, contexto, seguridad, entorno, preferencias y objetivos funcionales.
TO_R0376;TO_P027;TO_T029;TO_TA062;media;El terapeuta ocupacional debe adaptar la actividad a evaluación, contexto, seguridad, entorno, preferencias y objetivos funcionales.
TO_R0377;TO_P028;TO_T001;TO_TA001;media;El terapeuta ocupacional debe adaptar la actividad a evaluación, contexto, seguridad, entorno, preferencias y objetivos funcionales.
TO_R0378;TO_P028;TO_T001;TO_TA002;media;El terapeuta ocupacional debe adaptar la actividad a evaluación, contexto, seguridad, entorno, preferencias y objetivos funcionales.
TO_R0379;TO_P028;TO_T001;TO_TA003;media;El terapeuta ocupacional debe adaptar la actividad a evaluación, contexto, seguridad, entorno, preferencias y objetivos funcionales.
TO_R0380;TO_P028;TO_T022;TO_TA047;media;El terapeuta ocupacional debe adaptar la actividad a evaluación, contexto, seguridad, entorno, preferencias y objetivos funcionales.
TO_R0381;TO_P028;TO_T022;TO_TA048;media;El terapeuta ocupacional debe adaptar la actividad a evaluación, contexto, seguridad, entorno, preferencias y objetivos funcionales.
TO_R0382;TO_P028;TO_T023;TO_TA049;media;El terapeuta ocupacional debe adaptar la actividad a evaluación, contexto, seguridad, entorno, preferencias y objetivos funcionales.
TO_R0383;TO_P028;TO_T023;TO_TA050;media;El terapeuta ocupacional debe adaptar la actividad a evaluación, contexto, seguridad, entorno, preferencias y objetivos funcionales.
TO_R0384;TO_P028;TO_T024;TO_TA051;media;El terapeuta ocupacional debe adaptar la actividad a evaluación, contexto, seguridad, entorno, preferencias y objetivos funcionales.
TO_R0385;TO_P028;TO_T024;TO_TA052;media;El terapeuta ocupacional debe adaptar la actividad a evaluación, contexto, seguridad, entorno, preferencias y objetivos funcionales.
TO_R0386;TO_P028;TO_T029;TO_TA061;media;El terapeuta ocupacional debe adaptar la actividad a evaluación, contexto, seguridad, entorno, preferencias y objetivos funcionales.
TO_R0387;TO_P028;TO_T029;TO_TA062;media;El terapeuta ocupacional debe adaptar la actividad a evaluación, contexto, seguridad, entorno, preferencias y objetivos funcionales.
TO_R0388;TO_P029;TO_T001;TO_TA001;media;El terapeuta ocupacional debe adaptar la actividad a evaluación, contexto, seguridad, entorno, preferencias y objetivos funcionales.
TO_R0389;TO_P029;TO_T001;TO_TA002;media;El terapeuta ocupacional debe adaptar la actividad a evaluación, contexto, seguridad, entorno, preferencias y objetivos funcionales.
TO_R0390;TO_P029;TO_T001;TO_TA003;media;El terapeuta ocupacional debe adaptar la actividad a evaluación, contexto, seguridad, entorno, preferencias y objetivos funcionales.
TO_R0391;TO_P029;TO_T022;TO_TA047;media;El terapeuta ocupacional debe adaptar la actividad a evaluación, contexto, seguridad, entorno, preferencias y objetivos funcionales.
TO_R0392;TO_P029;TO_T022;TO_TA048;media;El terapeuta ocupacional debe adaptar la actividad a evaluación, contexto, seguridad, entorno, preferencias y objetivos funcionales.
TO_R0393;TO_P029;TO_T023;TO_TA049;media;El terapeuta ocupacional debe adaptar la actividad a evaluación, contexto, seguridad, entorno, preferencias y objetivos funcionales.
TO_R0394;TO_P029;TO_T023;TO_TA050;media;El terapeuta ocupacional debe adaptar la actividad a evaluación, contexto, seguridad, entorno, preferencias y objetivos funcionales.
TO_R0395;TO_P029;TO_T024;TO_TA051;media;El terapeuta ocupacional debe adaptar la actividad a evaluación, contexto, seguridad, entorno, preferencias y objetivos funcionales.
TO_R0396;TO_P029;TO_T024;TO_TA052;media;El terapeuta ocupacional debe adaptar la actividad a evaluación, contexto, seguridad, entorno, preferencias y objetivos funcionales.
TO_R0397;TO_P029;TO_T029;TO_TA061;media;El terapeuta ocupacional debe adaptar la actividad a evaluación, contexto, seguridad, entorno, preferencias y objetivos funcionales.
TO_R0398;TO_P029;TO_T029;TO_TA062;media;El terapeuta ocupacional debe adaptar la actividad a evaluación, contexto, seguridad, entorno, preferencias y objetivos funcionales.
TO_R0399;TO_P030;TO_T001;TO_TA001;media;El terapeuta ocupacional debe adaptar la actividad a evaluación, contexto, seguridad, entorno, preferencias y objetivos funcionales.
TO_R0400;TO_P030;TO_T001;TO_TA002;media;El terapeuta ocupacional debe adaptar la actividad a evaluación, contexto, seguridad, entorno, preferencias y objetivos funcionales.
TO_R0401;TO_P030;TO_T001;TO_TA003;media;El terapeuta ocupacional debe adaptar la actividad a evaluación, contexto, seguridad, entorno, preferencias y objetivos funcionales.
TO_R0402;TO_P030;TO_T023;TO_TA049;media;El terapeuta ocupacional debe adaptar la actividad a evaluación, contexto, seguridad, entorno, preferencias y objetivos funcionales.
TO_R0403;TO_P030;TO_T023;TO_TA050;media;El terapeuta ocupacional debe adaptar la actividad a evaluación, contexto, seguridad, entorno, preferencias y objetivos funcionales.
TO_R0404;TO_P030;TO_T005;TO_TA016;media;El terapeuta ocupacional debe adaptar la actividad a evaluación, contexto, seguridad, entorno, preferencias y objetivos funcionales.
TO_R0405;TO_P030;TO_T005;TO_TA017;media;El terapeuta ocupacional debe adaptar la actividad a evaluación, contexto, seguridad, entorno, preferencias y objetivos funcionales.
TO_R0406;TO_P030;TO_T024;TO_TA051;media;El terapeuta ocupacional debe adaptar la actividad a evaluación, contexto, seguridad, entorno, preferencias y objetivos funcionales.
TO_R0407;TO_P030;TO_T024;TO_TA052;media;El terapeuta ocupacional debe adaptar la actividad a evaluación, contexto, seguridad, entorno, preferencias y objetivos funcionales.
TO_R0408;TO_P030;TO_T029;TO_TA061;media;El terapeuta ocupacional debe adaptar la actividad a evaluación, contexto, seguridad, entorno, preferencias y objetivos funcionales.
TO_R0409;TO_P030;TO_T029;TO_TA062;media;El terapeuta ocupacional debe adaptar la actividad a evaluación, contexto, seguridad, entorno, preferencias y objetivos funcionales.
TO_R0410;TO_P031;TO_T001;TO_TA001;media;El terapeuta ocupacional debe adaptar la actividad a evaluación, contexto, seguridad, entorno, preferencias y objetivos funcionales.
TO_R0411;TO_P031;TO_T001;TO_TA002;media;El terapeuta ocupacional debe adaptar la actividad a evaluación, contexto, seguridad, entorno, preferencias y objetivos funcionales.
TO_R0412;TO_P031;TO_T001;TO_TA003;media;El terapeuta ocupacional debe adaptar la actividad a evaluación, contexto, seguridad, entorno, preferencias y objetivos funcionales.
TO_R0413;TO_P031;TO_T023;TO_TA049;media;El terapeuta ocupacional debe adaptar la actividad a evaluación, contexto, seguridad, entorno, preferencias y objetivos funcionales.
TO_R0414;TO_P031;TO_T023;TO_TA050;media;El terapeuta ocupacional debe adaptar la actividad a evaluación, contexto, seguridad, entorno, preferencias y objetivos funcionales.
TO_R0415;TO_P031;TO_T005;TO_TA016;media;El terapeuta ocupacional debe adaptar la actividad a evaluación, contexto, seguridad, entorno, preferencias y objetivos funcionales.
TO_R0416;TO_P031;TO_T005;TO_TA017;media;El terapeuta ocupacional debe adaptar la actividad a evaluación, contexto, seguridad, entorno, preferencias y objetivos funcionales.
TO_R0417;TO_P031;TO_T024;TO_TA051;media;El terapeuta ocupacional debe adaptar la actividad a evaluación, contexto, seguridad, entorno, preferencias y objetivos funcionales.
TO_R0418;TO_P031;TO_T024;TO_TA052;media;El terapeuta ocupacional debe adaptar la actividad a evaluación, contexto, seguridad, entorno, preferencias y objetivos funcionales.
TO_R0419;TO_P031;TO_T029;TO_TA061;media;El terapeuta ocupacional debe adaptar la actividad a evaluación, contexto, seguridad, entorno, preferencias y objetivos funcionales.
TO_R0420;TO_P031;TO_T029;TO_TA062;media;El terapeuta ocupacional debe adaptar la actividad a evaluación, contexto, seguridad, entorno, preferencias y objetivos funcionales.
TO_R0421;TO_P032;TO_T001;TO_TA001;media;El terapeuta ocupacional debe adaptar la actividad a evaluación, contexto, seguridad, entorno, preferencias y objetivos funcionales.
TO_R0422;TO_P032;TO_T001;TO_TA002;media;El terapeuta ocupacional debe adaptar la actividad a evaluación, contexto, seguridad, entorno, preferencias y objetivos funcionales.
TO_R0423;TO_P032;TO_T001;TO_TA003;media;El terapeuta ocupacional debe adaptar la actividad a evaluación, contexto, seguridad, entorno, preferencias y objetivos funcionales.
TO_R0424;TO_P032;TO_T023;TO_TA049;media;El terapeuta ocupacional debe adaptar la actividad a evaluación, contexto, seguridad, entorno, preferencias y objetivos funcionales.
TO_R0425;TO_P032;TO_T023;TO_TA050;media;El terapeuta ocupacional debe adaptar la actividad a evaluación, contexto, seguridad, entorno, preferencias y objetivos funcionales.
TO_R0426;TO_P032;TO_T005;TO_TA016;media;El terapeuta ocupacional debe adaptar la actividad a evaluación, contexto, seguridad, entorno, preferencias y objetivos funcionales.
TO_R0427;TO_P032;TO_T005;TO_TA017;media;El terapeuta ocupacional debe adaptar la actividad a evaluación, contexto, seguridad, entorno, preferencias y objetivos funcionales.
TO_R0428;TO_P032;TO_T024;TO_TA051;media;El terapeuta ocupacional debe adaptar la actividad a evaluación, contexto, seguridad, entorno, preferencias y objetivos funcionales.
TO_R0429;TO_P032;TO_T024;TO_TA052;media;El terapeuta ocupacional debe adaptar la actividad a evaluación, contexto, seguridad, entorno, preferencias y objetivos funcionales.
TO_R0430;TO_P032;TO_T029;TO_TA061;media;El terapeuta ocupacional debe adaptar la actividad a evaluación, contexto, seguridad, entorno, preferencias y objetivos funcionales.
TO_R0431;TO_P032;TO_T029;TO_TA062;media;El terapeuta ocupacional debe adaptar la actividad a evaluación, contexto, seguridad, entorno, preferencias y objetivos funcionales.
TO_R0432;TO_P033;TO_T001;TO_TA001;media;El terapeuta ocupacional debe adaptar la actividad a evaluación, contexto, seguridad, entorno, preferencias y objetivos funcionales.
TO_R0433;TO_P033;TO_T001;TO_TA002;media;El terapeuta ocupacional debe adaptar la actividad a evaluación, contexto, seguridad, entorno, preferencias y objetivos funcionales.
TO_R0434;TO_P033;TO_T001;TO_TA003;media;El terapeuta ocupacional debe adaptar la actividad a evaluación, contexto, seguridad, entorno, preferencias y objetivos funcionales.
TO_R0435;TO_P033;TO_T017;TO_TA038;media;El terapeuta ocupacional debe adaptar la actividad a evaluación, contexto, seguridad, entorno, preferencias y objetivos funcionales.
TO_R0436;TO_P033;TO_T017;TO_TA039;media;El terapeuta ocupacional debe adaptar la actividad a evaluación, contexto, seguridad, entorno, preferencias y objetivos funcionales.
TO_R0437;TO_P033;TO_T026;TO_TA055;media;El terapeuta ocupacional debe adaptar la actividad a evaluación, contexto, seguridad, entorno, preferencias y objetivos funcionales.
TO_R0438;TO_P033;TO_T026;TO_TA056;media;El terapeuta ocupacional debe adaptar la actividad a evaluación, contexto, seguridad, entorno, preferencias y objetivos funcionales.
TO_R0439;TO_P033;TO_T027;TO_TA057;media;El terapeuta ocupacional debe adaptar la actividad a evaluación, contexto, seguridad, entorno, preferencias y objetivos funcionales.
TO_R0440;TO_P033;TO_T027;TO_TA058;media;El terapeuta ocupacional debe adaptar la actividad a evaluación, contexto, seguridad, entorno, preferencias y objetivos funcionales.
TO_R0441;TO_P033;TO_T029;TO_TA061;media;El terapeuta ocupacional debe adaptar la actividad a evaluación, contexto, seguridad, entorno, preferencias y objetivos funcionales.
TO_R0442;TO_P033;TO_T029;TO_TA062;media;El terapeuta ocupacional debe adaptar la actividad a evaluación, contexto, seguridad, entorno, preferencias y objetivos funcionales.
TO_R0443;TO_P034;TO_T001;TO_TA001;media;El terapeuta ocupacional debe adaptar la actividad a evaluación, contexto, seguridad, entorno, preferencias y objetivos funcionales.
TO_R0444;TO_P034;TO_T001;TO_TA002;media;El terapeuta ocupacional debe adaptar la actividad a evaluación, contexto, seguridad, entorno, preferencias y objetivos funcionales.
TO_R0445;TO_P034;TO_T001;TO_TA003;media;El terapeuta ocupacional debe adaptar la actividad a evaluación, contexto, seguridad, entorno, preferencias y objetivos funcionales.
TO_R0446;TO_P034;TO_T017;TO_TA038;media;El terapeuta ocupacional debe adaptar la actividad a evaluación, contexto, seguridad, entorno, preferencias y objetivos funcionales.
TO_R0447;TO_P034;TO_T017;TO_TA039;media;El terapeuta ocupacional debe adaptar la actividad a evaluación, contexto, seguridad, entorno, preferencias y objetivos funcionales.
TO_R0448;TO_P034;TO_T026;TO_TA055;media;El terapeuta ocupacional debe adaptar la actividad a evaluación, contexto, seguridad, entorno, preferencias y objetivos funcionales.
TO_R0449;TO_P034;TO_T026;TO_TA056;media;El terapeuta ocupacional debe adaptar la actividad a evaluación, contexto, seguridad, entorno, preferencias y objetivos funcionales.
TO_R0450;TO_P034;TO_T027;TO_TA057;media;El terapeuta ocupacional debe adaptar la actividad a evaluación, contexto, seguridad, entorno, preferencias y objetivos funcionales.
TO_R0451;TO_P034;TO_T027;TO_TA058;media;El terapeuta ocupacional debe adaptar la actividad a evaluación, contexto, seguridad, entorno, preferencias y objetivos funcionales.
TO_R0452;TO_P034;TO_T029;TO_TA061;media;El terapeuta ocupacional debe adaptar la actividad a evaluación, contexto, seguridad, entorno, preferencias y objetivos funcionales.
TO_R0453;TO_P034;TO_T029;TO_TA062;media;El terapeuta ocupacional debe adaptar la actividad a evaluación, contexto, seguridad, entorno, preferencias y objetivos funcionales.
TO_R0454;TO_P035;TO_T001;TO_TA001;media;El terapeuta ocupacional debe adaptar la actividad a evaluación, contexto, seguridad, entorno, preferencias y objetivos funcionales.
TO_R0455;TO_P035;TO_T001;TO_TA002;media;El terapeuta ocupacional debe adaptar la actividad a evaluación, contexto, seguridad, entorno, preferencias y objetivos funcionales.
TO_R0456;TO_P035;TO_T001;TO_TA003;media;El terapeuta ocupacional debe adaptar la actividad a evaluación, contexto, seguridad, entorno, preferencias y objetivos funcionales.
TO_R0457;TO_P035;TO_T017;TO_TA038;media;El terapeuta ocupacional debe adaptar la actividad a evaluación, contexto, seguridad, entorno, preferencias y objetivos funcionales.
TO_R0458;TO_P035;TO_T017;TO_TA039;media;El terapeuta ocupacional debe adaptar la actividad a evaluación, contexto, seguridad, entorno, preferencias y objetivos funcionales.
TO_R0459;TO_P035;TO_T026;TO_TA055;media;El terapeuta ocupacional debe adaptar la actividad a evaluación, contexto, seguridad, entorno, preferencias y objetivos funcionales.
TO_R0460;TO_P035;TO_T026;TO_TA056;media;El terapeuta ocupacional debe adaptar la actividad a evaluación, contexto, seguridad, entorno, preferencias y objetivos funcionales.
TO_R0461;TO_P035;TO_T027;TO_TA057;media;El terapeuta ocupacional debe adaptar la actividad a evaluación, contexto, seguridad, entorno, preferencias y objetivos funcionales.
TO_R0462;TO_P035;TO_T027;TO_TA058;media;El terapeuta ocupacional debe adaptar la actividad a evaluación, contexto, seguridad, entorno, preferencias y objetivos funcionales.
TO_R0463;TO_P035;TO_T029;TO_TA061;media;El terapeuta ocupacional debe adaptar la actividad a evaluación, contexto, seguridad, entorno, preferencias y objetivos funcionales.
TO_R0464;TO_P035;TO_T029;TO_TA062;media;El terapeuta ocupacional debe adaptar la actividad a evaluación, contexto, seguridad, entorno, preferencias y objetivos funcionales.
TO_R0465;TO_P036;TO_T001;TO_TA001;media;El terapeuta ocupacional debe adaptar la actividad a evaluación, contexto, seguridad, entorno, preferencias y objetivos funcionales.
TO_R0466;TO_P036;TO_T001;TO_TA002;media;El terapeuta ocupacional debe adaptar la actividad a evaluación, contexto, seguridad, entorno, preferencias y objetivos funcionales.
TO_R0467;TO_P036;TO_T001;TO_TA003;media;El terapeuta ocupacional debe adaptar la actividad a evaluación, contexto, seguridad, entorno, preferencias y objetivos funcionales.
TO_R0468;TO_P036;TO_T025;TO_TA053;media;El terapeuta ocupacional debe adaptar la actividad a evaluación, contexto, seguridad, entorno, preferencias y objetivos funcionales.
TO_R0469;TO_P036;TO_T025;TO_TA054;media;El terapeuta ocupacional debe adaptar la actividad a evaluación, contexto, seguridad, entorno, preferencias y objetivos funcionales.
TO_R0470;TO_P036;TO_T011;TO_TA026;media;El terapeuta ocupacional debe adaptar la actividad a evaluación, contexto, seguridad, entorno, preferencias y objetivos funcionales.
TO_R0471;TO_P036;TO_T011;TO_TA027;media;El terapeuta ocupacional debe adaptar la actividad a evaluación, contexto, seguridad, entorno, preferencias y objetivos funcionales.
TO_R0472;TO_P036;TO_T011;TO_TA028;media;El terapeuta ocupacional debe adaptar la actividad a evaluación, contexto, seguridad, entorno, preferencias y objetivos funcionales.
TO_R0473;TO_P036;TO_T028;TO_TA059;media;El terapeuta ocupacional debe adaptar la actividad a evaluación, contexto, seguridad, entorno, preferencias y objetivos funcionales.
TO_R0474;TO_P036;TO_T028;TO_TA060;media;El terapeuta ocupacional debe adaptar la actividad a evaluación, contexto, seguridad, entorno, preferencias y objetivos funcionales.
TO_R0475;TO_P036;TO_T029;TO_TA061;media;El terapeuta ocupacional debe adaptar la actividad a evaluación, contexto, seguridad, entorno, preferencias y objetivos funcionales.
TO_R0476;TO_P036;TO_T029;TO_TA062;media;El terapeuta ocupacional debe adaptar la actividad a evaluación, contexto, seguridad, entorno, preferencias y objetivos funcionales.
TO_R0477;TO_P037;TO_T001;TO_TA001;media;El terapeuta ocupacional debe adaptar la actividad a evaluación, contexto, seguridad, entorno, preferencias y objetivos funcionales.
TO_R0478;TO_P037;TO_T001;TO_TA002;media;El terapeuta ocupacional debe adaptar la actividad a evaluación, contexto, seguridad, entorno, preferencias y objetivos funcionales.
TO_R0479;TO_P037;TO_T001;TO_TA003;media;El terapeuta ocupacional debe adaptar la actividad a evaluación, contexto, seguridad, entorno, preferencias y objetivos funcionales.
TO_R0480;TO_P037;TO_T025;TO_TA053;media;El terapeuta ocupacional debe adaptar la actividad a evaluación, contexto, seguridad, entorno, preferencias y objetivos funcionales.
TO_R0481;TO_P037;TO_T025;TO_TA054;media;El terapeuta ocupacional debe adaptar la actividad a evaluación, contexto, seguridad, entorno, preferencias y objetivos funcionales.
TO_R0482;TO_P037;TO_T011;TO_TA026;media;El terapeuta ocupacional debe adaptar la actividad a evaluación, contexto, seguridad, entorno, preferencias y objetivos funcionales.
TO_R0483;TO_P037;TO_T011;TO_TA027;media;El terapeuta ocupacional debe adaptar la actividad a evaluación, contexto, seguridad, entorno, preferencias y objetivos funcionales.
TO_R0484;TO_P037;TO_T011;TO_TA028;media;El terapeuta ocupacional debe adaptar la actividad a evaluación, contexto, seguridad, entorno, preferencias y objetivos funcionales.
TO_R0485;TO_P037;TO_T028;TO_TA059;media;El terapeuta ocupacional debe adaptar la actividad a evaluación, contexto, seguridad, entorno, preferencias y objetivos funcionales.
TO_R0486;TO_P037;TO_T028;TO_TA060;media;El terapeuta ocupacional debe adaptar la actividad a evaluación, contexto, seguridad, entorno, preferencias y objetivos funcionales.
TO_R0487;TO_P037;TO_T029;TO_TA061;media;El terapeuta ocupacional debe adaptar la actividad a evaluación, contexto, seguridad, entorno, preferencias y objetivos funcionales.
TO_R0488;TO_P037;TO_T029;TO_TA062;media;El terapeuta ocupacional debe adaptar la actividad a evaluación, contexto, seguridad, entorno, preferencias y objetivos funcionales.
TO_R0489;TO_P038;TO_T001;TO_TA001;media;El terapeuta ocupacional debe adaptar la actividad a evaluación, contexto, seguridad, entorno, preferencias y objetivos funcionales.
TO_R0490;TO_P038;TO_T001;TO_TA002;media;El terapeuta ocupacional debe adaptar la actividad a evaluación, contexto, seguridad, entorno, preferencias y objetivos funcionales.
TO_R0491;TO_P038;TO_T001;TO_TA003;media;El terapeuta ocupacional debe adaptar la actividad a evaluación, contexto, seguridad, entorno, preferencias y objetivos funcionales.
TO_R0492;TO_P038;TO_T025;TO_TA053;media;El terapeuta ocupacional debe adaptar la actividad a evaluación, contexto, seguridad, entorno, preferencias y objetivos funcionales.
TO_R0493;TO_P038;TO_T025;TO_TA054;media;El terapeuta ocupacional debe adaptar la actividad a evaluación, contexto, seguridad, entorno, preferencias y objetivos funcionales.
TO_R0494;TO_P038;TO_T011;TO_TA026;media;El terapeuta ocupacional debe adaptar la actividad a evaluación, contexto, seguridad, entorno, preferencias y objetivos funcionales.
TO_R0495;TO_P038;TO_T011;TO_TA027;media;El terapeuta ocupacional debe adaptar la actividad a evaluación, contexto, seguridad, entorno, preferencias y objetivos funcionales.
TO_R0496;TO_P038;TO_T011;TO_TA028;media;El terapeuta ocupacional debe adaptar la actividad a evaluación, contexto, seguridad, entorno, preferencias y objetivos funcionales.
TO_R0497;TO_P038;TO_T028;TO_TA059;media;El terapeuta ocupacional debe adaptar la actividad a evaluación, contexto, seguridad, entorno, preferencias y objetivos funcionales.
TO_R0498;TO_P038;TO_T028;TO_TA060;media;El terapeuta ocupacional debe adaptar la actividad a evaluación, contexto, seguridad, entorno, preferencias y objetivos funcionales.
TO_R0499;TO_P038;TO_T029;TO_TA061;media;El terapeuta ocupacional debe adaptar la actividad a evaluación, contexto, seguridad, entorno, preferencias y objetivos funcionales.
TO_R0500;TO_P038;TO_T029;TO_TA062;media;El terapeuta ocupacional debe adaptar la actividad a evaluación, contexto, seguridad, entorno, preferencias y objetivos funcionales.
TO_R0501;TO_P039;TO_T001;TO_TA001;media;El terapeuta ocupacional debe adaptar la actividad a evaluación, contexto, seguridad, entorno, preferencias y objetivos funcionales.
TO_R0502;TO_P039;TO_T001;TO_TA002;media;El terapeuta ocupacional debe adaptar la actividad a evaluación, contexto, seguridad, entorno, preferencias y objetivos funcionales.
TO_R0503;TO_P039;TO_T001;TO_TA003;media;El terapeuta ocupacional debe adaptar la actividad a evaluación, contexto, seguridad, entorno, preferencias y objetivos funcionales.
TO_R0504;TO_P039;TO_T007;TO_TA019;media;El terapeuta ocupacional debe adaptar la actividad a evaluación, contexto, seguridad, entorno, preferencias y objetivos funcionales.
TO_R0505;TO_P039;TO_T008;TO_TA020;alta;El terapeuta ocupacional debe adaptar la actividad a evaluación, contexto, seguridad, entorno, preferencias y objetivos funcionales.
TO_R0506;TO_P039;TO_T008;TO_TA021;media;El terapeuta ocupacional debe adaptar la actividad a evaluación, contexto, seguridad, entorno, preferencias y objetivos funcionales.
TO_R0507;TO_P039;TO_T009;TO_TA022;alta;El terapeuta ocupacional debe adaptar la actividad a evaluación, contexto, seguridad, entorno, preferencias y objetivos funcionales.
TO_R0508;TO_P039;TO_T009;TO_TA023;alta;El terapeuta ocupacional debe adaptar la actividad a evaluación, contexto, seguridad, entorno, preferencias y objetivos funcionales.
TO_R0509;TO_P039;TO_T030;TO_TA063;alta;El terapeuta ocupacional debe adaptar la actividad a evaluación, contexto, seguridad, entorno, preferencias y objetivos funcionales.
TO_R0510;TO_P039;TO_T030;TO_TA064;alta;El terapeuta ocupacional debe adaptar la actividad a evaluación, contexto, seguridad, entorno, preferencias y objetivos funcionales.
TO_R0511;TO_P040;TO_T001;TO_TA001;media;El terapeuta ocupacional debe adaptar la actividad a evaluación, contexto, seguridad, entorno, preferencias y objetivos funcionales.
TO_R0512;TO_P040;TO_T001;TO_TA002;media;El terapeuta ocupacional debe adaptar la actividad a evaluación, contexto, seguridad, entorno, preferencias y objetivos funcionales.
TO_R0513;TO_P040;TO_T001;TO_TA003;media;El terapeuta ocupacional debe adaptar la actividad a evaluación, contexto, seguridad, entorno, preferencias y objetivos funcionales.
TO_R0514;TO_P040;TO_T007;TO_TA019;media;El terapeuta ocupacional debe adaptar la actividad a evaluación, contexto, seguridad, entorno, preferencias y objetivos funcionales.
TO_R0515;TO_P040;TO_T008;TO_TA020;alta;El terapeuta ocupacional debe adaptar la actividad a evaluación, contexto, seguridad, entorno, preferencias y objetivos funcionales.
TO_R0516;TO_P040;TO_T008;TO_TA021;media;El terapeuta ocupacional debe adaptar la actividad a evaluación, contexto, seguridad, entorno, preferencias y objetivos funcionales.
TO_R0517;TO_P040;TO_T009;TO_TA022;alta;El terapeuta ocupacional debe adaptar la actividad a evaluación, contexto, seguridad, entorno, preferencias y objetivos funcionales.
TO_R0518;TO_P040;TO_T009;TO_TA023;alta;El terapeuta ocupacional debe adaptar la actividad a evaluación, contexto, seguridad, entorno, preferencias y objetivos funcionales.
TO_R0519;TO_P040;TO_T030;TO_TA063;alta;El terapeuta ocupacional debe adaptar la actividad a evaluación, contexto, seguridad, entorno, preferencias y objetivos funcionales.
TO_R0520;TO_P040;TO_T030;TO_TA064;alta;El terapeuta ocupacional debe adaptar la actividad a evaluación, contexto, seguridad, entorno, preferencias y objetivos funcionales.
TO_R0521;TO_P041;TO_T001;TO_TA001;media;El terapeuta ocupacional debe adaptar la actividad a evaluación, contexto, seguridad, entorno, preferencias y objetivos funcionales.
TO_R0522;TO_P041;TO_T001;TO_TA002;media;El terapeuta ocupacional debe adaptar la actividad a evaluación, contexto, seguridad, entorno, preferencias y objetivos funcionales.
TO_R0523;TO_P041;TO_T001;TO_TA003;media;El terapeuta ocupacional debe adaptar la actividad a evaluación, contexto, seguridad, entorno, preferencias y objetivos funcionales.
TO_R0524;TO_P041;TO_T007;TO_TA019;media;El terapeuta ocupacional debe adaptar la actividad a evaluación, contexto, seguridad, entorno, preferencias y objetivos funcionales.
TO_R0525;TO_P041;TO_T008;TO_TA020;alta;El terapeuta ocupacional debe adaptar la actividad a evaluación, contexto, seguridad, entorno, preferencias y objetivos funcionales.
TO_R0526;TO_P041;TO_T008;TO_TA021;media;El terapeuta ocupacional debe adaptar la actividad a evaluación, contexto, seguridad, entorno, preferencias y objetivos funcionales.
TO_R0527;TO_P041;TO_T009;TO_TA022;alta;El terapeuta ocupacional debe adaptar la actividad a evaluación, contexto, seguridad, entorno, preferencias y objetivos funcionales.
TO_R0528;TO_P041;TO_T009;TO_TA023;alta;El terapeuta ocupacional debe adaptar la actividad a evaluación, contexto, seguridad, entorno, preferencias y objetivos funcionales.
TO_R0529;TO_P041;TO_T030;TO_TA063;alta;El terapeuta ocupacional debe adaptar la actividad a evaluación, contexto, seguridad, entorno, preferencias y objetivos funcionales.
TO_R0530;TO_P041;TO_T030;TO_TA064;alta;El terapeuta ocupacional debe adaptar la actividad a evaluación, contexto, seguridad, entorno, preferencias y objetivos funcionales.
TO_R0531;TO_P042;TO_T001;TO_TA001;media;El terapeuta ocupacional debe adaptar la actividad a evaluación, contexto, seguridad, entorno, preferencias y objetivos funcionales.
TO_R0532;TO_P042;TO_T001;TO_TA002;media;El terapeuta ocupacional debe adaptar la actividad a evaluación, contexto, seguridad, entorno, preferencias y objetivos funcionales.
TO_R0533;TO_P042;TO_T001;TO_TA003;media;El terapeuta ocupacional debe adaptar la actividad a evaluación, contexto, seguridad, entorno, preferencias y objetivos funcionales.
TO_R0534;TO_P042;TO_T011;TO_TA026;media;El terapeuta ocupacional debe adaptar la actividad a evaluación, contexto, seguridad, entorno, preferencias y objetivos funcionales.
TO_R0535;TO_P042;TO_T011;TO_TA027;media;El terapeuta ocupacional debe adaptar la actividad a evaluación, contexto, seguridad, entorno, preferencias y objetivos funcionales.
TO_R0536;TO_P042;TO_T011;TO_TA028;media;El terapeuta ocupacional debe adaptar la actividad a evaluación, contexto, seguridad, entorno, preferencias y objetivos funcionales.
TO_R0537;TO_P042;TO_T012;TO_TA029;media;El terapeuta ocupacional debe adaptar la actividad a evaluación, contexto, seguridad, entorno, preferencias y objetivos funcionales.
TO_R0538;TO_P042;TO_T012;TO_TA030;media;El terapeuta ocupacional debe adaptar la actividad a evaluación, contexto, seguridad, entorno, preferencias y objetivos funcionales.
TO_R0539;TO_P042;TO_T026;TO_TA055;media;El terapeuta ocupacional debe adaptar la actividad a evaluación, contexto, seguridad, entorno, preferencias y objetivos funcionales.
TO_R0540;TO_P042;TO_T026;TO_TA056;media;El terapeuta ocupacional debe adaptar la actividad a evaluación, contexto, seguridad, entorno, preferencias y objetivos funcionales.
TO_R0541;TO_P042;TO_T029;TO_TA061;media;El terapeuta ocupacional debe adaptar la actividad a evaluación, contexto, seguridad, entorno, preferencias y objetivos funcionales.
TO_R0542;TO_P042;TO_T029;TO_TA062;media;El terapeuta ocupacional debe adaptar la actividad a evaluación, contexto, seguridad, entorno, preferencias y objetivos funcionales.
TO_R0543;TO_P043;TO_T001;TO_TA001;media;El terapeuta ocupacional debe adaptar la actividad a evaluación, contexto, seguridad, entorno, preferencias y objetivos funcionales.
TO_R0544;TO_P043;TO_T001;TO_TA002;media;El terapeuta ocupacional debe adaptar la actividad a evaluación, contexto, seguridad, entorno, preferencias y objetivos funcionales.
TO_R0545;TO_P043;TO_T001;TO_TA003;media;El terapeuta ocupacional debe adaptar la actividad a evaluación, contexto, seguridad, entorno, preferencias y objetivos funcionales.
TO_R0546;TO_P043;TO_T011;TO_TA026;media;El terapeuta ocupacional debe adaptar la actividad a evaluación, contexto, seguridad, entorno, preferencias y objetivos funcionales.
TO_R0547;TO_P043;TO_T011;TO_TA027;media;El terapeuta ocupacional debe adaptar la actividad a evaluación, contexto, seguridad, entorno, preferencias y objetivos funcionales.
TO_R0548;TO_P043;TO_T011;TO_TA028;media;El terapeuta ocupacional debe adaptar la actividad a evaluación, contexto, seguridad, entorno, preferencias y objetivos funcionales.
TO_R0549;TO_P043;TO_T012;TO_TA029;media;El terapeuta ocupacional debe adaptar la actividad a evaluación, contexto, seguridad, entorno, preferencias y objetivos funcionales.
TO_R0550;TO_P043;TO_T012;TO_TA030;media;El terapeuta ocupacional debe adaptar la actividad a evaluación, contexto, seguridad, entorno, preferencias y objetivos funcionales.
TO_R0551;TO_P043;TO_T026;TO_TA055;media;El terapeuta ocupacional debe adaptar la actividad a evaluación, contexto, seguridad, entorno, preferencias y objetivos funcionales.
TO_R0552;TO_P043;TO_T026;TO_TA056;media;El terapeuta ocupacional debe adaptar la actividad a evaluación, contexto, seguridad, entorno, preferencias y objetivos funcionales.
TO_R0553;TO_P043;TO_T029;TO_TA061;media;El terapeuta ocupacional debe adaptar la actividad a evaluación, contexto, seguridad, entorno, preferencias y objetivos funcionales.
TO_R0554;TO_P043;TO_T029;TO_TA062;media;El terapeuta ocupacional debe adaptar la actividad a evaluación, contexto, seguridad, entorno, preferencias y objetivos funcionales.
TO_R0555;TO_P044;TO_T001;TO_TA001;media;El terapeuta ocupacional debe adaptar la actividad a evaluación, contexto, seguridad, entorno, preferencias y objetivos funcionales.
TO_R0556;TO_P044;TO_T001;TO_TA002;media;El terapeuta ocupacional debe adaptar la actividad a evaluación, contexto, seguridad, entorno, preferencias y objetivos funcionales.
TO_R0557;TO_P044;TO_T001;TO_TA003;media;El terapeuta ocupacional debe adaptar la actividad a evaluación, contexto, seguridad, entorno, preferencias y objetivos funcionales.
TO_R0558;TO_P044;TO_T011;TO_TA026;media;El terapeuta ocupacional debe adaptar la actividad a evaluación, contexto, seguridad, entorno, preferencias y objetivos funcionales.
TO_R0559;TO_P044;TO_T011;TO_TA027;media;El terapeuta ocupacional debe adaptar la actividad a evaluación, contexto, seguridad, entorno, preferencias y objetivos funcionales.
TO_R0560;TO_P044;TO_T011;TO_TA028;media;El terapeuta ocupacional debe adaptar la actividad a evaluación, contexto, seguridad, entorno, preferencias y objetivos funcionales.
TO_R0561;TO_P044;TO_T012;TO_TA029;media;El terapeuta ocupacional debe adaptar la actividad a evaluación, contexto, seguridad, entorno, preferencias y objetivos funcionales.
TO_R0562;TO_P044;TO_T012;TO_TA030;media;El terapeuta ocupacional debe adaptar la actividad a evaluación, contexto, seguridad, entorno, preferencias y objetivos funcionales.
TO_R0563;TO_P044;TO_T026;TO_TA055;media;El terapeuta ocupacional debe adaptar la actividad a evaluación, contexto, seguridad, entorno, preferencias y objetivos funcionales.
TO_R0564;TO_P044;TO_T026;TO_TA056;media;El terapeuta ocupacional debe adaptar la actividad a evaluación, contexto, seguridad, entorno, preferencias y objetivos funcionales.
TO_R0565;TO_P044;TO_T029;TO_TA061;media;El terapeuta ocupacional debe adaptar la actividad a evaluación, contexto, seguridad, entorno, preferencias y objetivos funcionales.
TO_R0566;TO_P044;TO_T029;TO_TA062;media;El terapeuta ocupacional debe adaptar la actividad a evaluación, contexto, seguridad, entorno, preferencias y objetivos funcionales.
TO_R0567;TO_P045;TO_T001;TO_TA001;media;El terapeuta ocupacional debe adaptar la actividad a evaluación, contexto, seguridad, entorno, preferencias y objetivos funcionales.
TO_R0568;TO_P045;TO_T001;TO_TA002;media;El terapeuta ocupacional debe adaptar la actividad a evaluación, contexto, seguridad, entorno, preferencias y objetivos funcionales.
TO_R0569;TO_P045;TO_T001;TO_TA003;media;El terapeuta ocupacional debe adaptar la actividad a evaluación, contexto, seguridad, entorno, preferencias y objetivos funcionales.
TO_R0570;TO_P045;TO_T026;TO_TA055;media;El terapeuta ocupacional debe adaptar la actividad a evaluación, contexto, seguridad, entorno, preferencias y objetivos funcionales.
TO_R0571;TO_P045;TO_T026;TO_TA056;media;El terapeuta ocupacional debe adaptar la actividad a evaluación, contexto, seguridad, entorno, preferencias y objetivos funcionales.
TO_R0572;TO_P045;TO_T027;TO_TA057;media;El terapeuta ocupacional debe adaptar la actividad a evaluación, contexto, seguridad, entorno, preferencias y objetivos funcionales.
TO_R0573;TO_P045;TO_T027;TO_TA058;media;El terapeuta ocupacional debe adaptar la actividad a evaluación, contexto, seguridad, entorno, preferencias y objetivos funcionales.
TO_R0574;TO_P045;TO_T029;TO_TA061;media;El terapeuta ocupacional debe adaptar la actividad a evaluación, contexto, seguridad, entorno, preferencias y objetivos funcionales.
TO_R0575;TO_P045;TO_T029;TO_TA062;media;El terapeuta ocupacional debe adaptar la actividad a evaluación, contexto, seguridad, entorno, preferencias y objetivos funcionales.
TO_R0576;TO_P046;TO_T001;TO_TA001;media;El terapeuta ocupacional debe adaptar la actividad a evaluación, contexto, seguridad, entorno, preferencias y objetivos funcionales.
TO_R0577;TO_P046;TO_T001;TO_TA002;media;El terapeuta ocupacional debe adaptar la actividad a evaluación, contexto, seguridad, entorno, preferencias y objetivos funcionales.
TO_R0578;TO_P046;TO_T001;TO_TA003;media;El terapeuta ocupacional debe adaptar la actividad a evaluación, contexto, seguridad, entorno, preferencias y objetivos funcionales.
TO_R0579;TO_P046;TO_T026;TO_TA055;media;El terapeuta ocupacional debe adaptar la actividad a evaluación, contexto, seguridad, entorno, preferencias y objetivos funcionales.
TO_R0580;TO_P046;TO_T026;TO_TA056;media;El terapeuta ocupacional debe adaptar la actividad a evaluación, contexto, seguridad, entorno, preferencias y objetivos funcionales.
TO_R0581;TO_P046;TO_T027;TO_TA057;media;El terapeuta ocupacional debe adaptar la actividad a evaluación, contexto, seguridad, entorno, preferencias y objetivos funcionales.
TO_R0582;TO_P046;TO_T027;TO_TA058;media;El terapeuta ocupacional debe adaptar la actividad a evaluación, contexto, seguridad, entorno, preferencias y objetivos funcionales.
TO_R0583;TO_P046;TO_T029;TO_TA061;media;El terapeuta ocupacional debe adaptar la actividad a evaluación, contexto, seguridad, entorno, preferencias y objetivos funcionales.
TO_R0584;TO_P046;TO_T029;TO_TA062;media;El terapeuta ocupacional debe adaptar la actividad a evaluación, contexto, seguridad, entorno, preferencias y objetivos funcionales.
TO_R0585;TO_P047;TO_T001;TO_TA001;media;El terapeuta ocupacional debe adaptar la actividad a evaluación, contexto, seguridad, entorno, preferencias y objetivos funcionales.
TO_R0586;TO_P047;TO_T001;TO_TA002;media;El terapeuta ocupacional debe adaptar la actividad a evaluación, contexto, seguridad, entorno, preferencias y objetivos funcionales.
TO_R0587;TO_P047;TO_T001;TO_TA003;media;El terapeuta ocupacional debe adaptar la actividad a evaluación, contexto, seguridad, entorno, preferencias y objetivos funcionales.
TO_R0588;TO_P047;TO_T026;TO_TA055;media;El terapeuta ocupacional debe adaptar la actividad a evaluación, contexto, seguridad, entorno, preferencias y objetivos funcionales.
TO_R0589;TO_P047;TO_T026;TO_TA056;media;El terapeuta ocupacional debe adaptar la actividad a evaluación, contexto, seguridad, entorno, preferencias y objetivos funcionales.
TO_R0590;TO_P047;TO_T027;TO_TA057;media;El terapeuta ocupacional debe adaptar la actividad a evaluación, contexto, seguridad, entorno, preferencias y objetivos funcionales.
TO_R0591;TO_P047;TO_T027;TO_TA058;media;El terapeuta ocupacional debe adaptar la actividad a evaluación, contexto, seguridad, entorno, preferencias y objetivos funcionales.
TO_R0592;TO_P047;TO_T029;TO_TA061;media;El terapeuta ocupacional debe adaptar la actividad a evaluación, contexto, seguridad, entorno, preferencias y objetivos funcionales.
TO_R0593;TO_P047;TO_T029;TO_TA062;media;El terapeuta ocupacional debe adaptar la actividad a evaluación, contexto, seguridad, entorno, preferencias y objetivos funcionales.
