AREA;PROBLEMA_OBJETIVO;DESCRIPCION_PROBLEMA;POBLACION;TIPO_INTERVENCION_PROBLEMA;RIESGO_PROBLEMA;FUENTE_IDS;TECNICA_METODO;DESCRIPCION_TECNICA;RIESGO_TECNICA;TIPO_INTERVENCION_TECNICA;TAREA_PAUTA;DESCRIPCION_TAREA;OBJETIVO_TAREA;RIESGO_TAREA;DURACION;TIPO_INTERVENCION_TAREA;PRIORIDAD;NOTA_PROFESIONAL
Condición física general;Mejorar condición física general;Objetivo global de aumentar energía, resistencia, fuerza básica y bienestar.;general;entrenamiento;bajo;"FIT2_SRC001;FIT2_SRC002;FIT2_SRC003";Entrevista inicial fitness;Recoger objetivo, historial, nivel, disponibilidad, material, preferencias, limitaciones y señales de derivación.;bajo;evaluación;Ficha inicial fitness;Registrar objetivo, nivel, historial, material, tiempo, preferencias y señales de derivación.;Personalizar el plan.;bajo;15-30 min;evaluación;media;Adaptar carga, volumen, frecuencia, rango, descansos y tareas al nivel, historial, molestias, material, preferencias y disponibilidad. No sustituye valoración médica/fisioterapéutica si hay dolor, lesión o señales de alarma.
Condición física general;Mejorar condición física general;Objetivo global de aumentar energía, resistencia, fuerza básica y bienestar.;general;entrenamiento;bajo;"FIT2_SRC001;FIT2_SRC002;FIT2_SRC003";Objetivos SMART fitness;Convertir metas genéricas en objetivos específicos, medibles y revisables.;bajo;planificación;Objetivo SMART semanal;Definir objetivo concreto con indicador y fecha de revisión.;Clarificar dirección y medir progreso.;bajo;10 min semanal;planificación;media;Adaptar carga, volumen, frecuencia, rango, descansos y tareas al nivel, historial, molestias, material, preferencias y disponibilidad. No sustituye valoración médica/fisioterapéutica si hay dolor, lesión o señales de alarma.
Condición física general;Mejorar condición física general;Objetivo global de aumentar energía, resistencia, fuerza básica y bienestar.;general;entrenamiento;bajo;"FIT2_SRC001;FIT2_SRC002;FIT2_SRC003";Programación semanal multicomponente;Combinar fuerza, cardio, movilidad, descanso y actividad diaria.;bajo;programación;Plan semanal fuerza-cardio-movilidad;Programar días de fuerza, cardio, movilidad y descanso.;Crear estructura equilibrada.;bajo;15 min semanal;programación;media;Adaptar carga, volumen, frecuencia, rango, descansos y tareas al nivel, historial, molestias, material, preferencias y disponibilidad. No sustituye valoración médica/fisioterapéutica si hay dolor, lesión o señales de alarma.
Condición física general;Mejorar condición física general;Objetivo global de aumentar energía, resistencia, fuerza básica y bienestar.;general;entrenamiento;bajo;"FIT2_SRC001;FIT2_SRC002;FIT2_SRC003";Calentamiento RAMP;Elevar temperatura, activar, movilizar y potenciar antes de entrenar.;bajo;preparación;Calentamiento RAMP;Realizar 5-10 min de elevar, activar, movilizar y preparar patrón.;Preparar sesión.;bajo;cada sesión;preparación;media;Adaptar carga, volumen, frecuencia, rango, descansos y tareas al nivel, historial, molestias, material, preferencias y disponibilidad. No sustituye valoración médica/fisioterapéutica si hay dolor, lesión o señales de alarma.
Condición física general;Mejorar condición física general;Objetivo global de aumentar energía, resistencia, fuerza básica y bienestar.;general;entrenamiento;bajo;"FIT2_SRC001;FIT2_SRC002;FIT2_SRC003";Calentamiento RAMP;Elevar temperatura, activar, movilizar y potenciar antes de entrenar.;bajo;preparación;Plan de calentamiento específico;Elegir movilidad y series de aproximación según ejercicio principal.;Preparar básicos.;bajo;cada sesión;preparación;media;Adaptar carga, volumen, frecuencia, rango, descansos y tareas al nivel, historial, molestias, material, preferencias y disponibilidad. No sustituye valoración médica/fisioterapéutica si hay dolor, lesión o señales de alarma.
Condición física general;Mejorar condición física general;Objetivo global de aumentar energía, resistencia, fuerza básica y bienestar.;general;entrenamiento;bajo;"FIT2_SRC001;FIT2_SRC002;FIT2_SRC003";NEAT y pasos diarios;Aumentar movimiento cotidiano y reducir sedentarismo.;bajo;hábitos;Meta de pasos diarios;Definir meta realista de pasos y revisar media semanal.;Aumentar NEAT.;bajo;diario;hábitos;alta;Adaptar carga, volumen, frecuencia, rango, descansos y tareas al nivel, historial, molestias, material, preferencias y disponibilidad. No sustituye valoración médica/fisioterapéutica si hay dolor, lesión o señales de alarma.
Condición física general;Mejorar condición física general;Objetivo global de aumentar energía, resistencia, fuerza básica y bienestar.;general;entrenamiento;bajo;"FIT2_SRC001;FIT2_SRC002;FIT2_SRC003";NEAT y pasos diarios;Aumentar movimiento cotidiano y reducir sedentarismo.;bajo;hábitos;Pausas activas;Levantarme y moverme 2-5 minutos cada cierto tiempo.;Reducir sedentarismo.;bajo;diario;hábitos;alta;Adaptar carga, volumen, frecuencia, rango, descansos y tareas al nivel, historial, molestias, material, preferencias y disponibilidad. No sustituye valoración médica/fisioterapéutica si hay dolor, lesión o señales de alarma.
Condición física general;Mejorar condición física general;Objetivo global de aumentar energía, resistencia, fuerza básica y bienestar.;general;entrenamiento;bajo;"FIT2_SRC001;FIT2_SRC002;FIT2_SRC003";NEAT y pasos diarios;Aumentar movimiento cotidiano y reducir sedentarismo.;bajo;hábitos;Reto de pasos progresivo;Subir 500-1000 pasos/día cada 1-2 semanas según tolerancia.;Aumentar gasto y salud.;bajo;semanal;hábitos;alta;Adaptar carga, volumen, frecuencia, rango, descansos y tareas al nivel, historial, molestias, material, preferencias y disponibilidad. No sustituye valoración médica/fisioterapéutica si hay dolor, lesión o señales de alarma.
Condición física general;Mejorar condición física general;Objetivo global de aumentar energía, resistencia, fuerza básica y bienestar.;general;entrenamiento;bajo;"FIT2_SRC001;FIT2_SRC002;FIT2_SRC003";NEAT y pasos diarios;Aumentar movimiento cotidiano y reducir sedentarismo.;bajo;hábitos;Plan de salida de sedentarismo;Añadir caminatas cortas, pausas activas y fuerza básica gradual.;Reducir sedentarismo.;bajo;2-4 semanas;hábitos;alta;Adaptar carga, volumen, frecuencia, rango, descansos y tareas al nivel, historial, molestias, material, preferencias y disponibilidad. No sustituye valoración médica/fisioterapéutica si hay dolor, lesión o señales de alarma.
Condición física general;Mejorar condición física general;Objetivo global de aumentar energía, resistencia, fuerza básica y bienestar.;general;entrenamiento;bajo;"FIT2_SRC001;FIT2_SRC002;FIT2_SRC003";Cardio zona 2;Trabajo aeróbico moderado y sostenible.;bajo;cardio;Cardio zona 2;Realizar cardio conversacional 20-40 minutos.;Mejorar base aeróbica.;bajo;2-4 días/semana;cardio;media;Adaptar carga, volumen, frecuencia, rango, descansos y tareas al nivel, historial, molestias, material, preferencias y disponibilidad. No sustituye valoración médica/fisioterapéutica si hay dolor, lesión o señales de alarma.
Condición física general;Mejorar condición física general;Objetivo global de aumentar energía, resistencia, fuerza básica y bienestar.;general;entrenamiento;bajo;"FIT2_SRC001;FIT2_SRC002;FIT2_SRC003";Seguimiento de cargas;Registrar ejercicios, series, repeticiones, peso y notas.;bajo;seguimiento;Registro de entrenamiento;Anotar ejercicio, series, repeticiones, peso, RIR/RPE y notas.;Medir progreso real.;bajo;cada sesión;seguimiento;alta;Adaptar carga, volumen, frecuencia, rango, descansos y tareas al nivel, historial, molestias, material, preferencias y disponibilidad. No sustituye valoración médica/fisioterapéutica si hay dolor, lesión o señales de alarma.
Condición física general;Mejorar condición física general;Objetivo global de aumentar energía, resistencia, fuerza básica y bienestar.;general;entrenamiento;bajo;"FIT2_SRC001;FIT2_SRC002;FIT2_SRC003";Plan de adherencia mínima;Crear versión mínima viable del entrenamiento para semanas difíciles.;bajo;hábitos;Registro de adherencia;Marcar sesiones, pasos, sueño, proteína/hidratación y barreras.;Detectar obstáculos.;bajo;semanal;hábitos;alta;Adaptar carga, volumen, frecuencia, rango, descansos y tareas al nivel, historial, molestias, material, preferencias y disponibilidad. No sustituye valoración médica/fisioterapéutica si hay dolor, lesión o señales de alarma.
Condición física general;Mejorar condición física general;Objetivo global de aumentar energía, resistencia, fuerza básica y bienestar.;general;entrenamiento;bajo;"FIT2_SRC001;FIT2_SRC002;FIT2_SRC003";Plan de adherencia mínima;Crear versión mínima viable del entrenamiento para semanas difíciles.;bajo;hábitos;Versión mínima viable;Definir entrenamiento mínimo de 10-15 min para días difíciles.;Evitar abandono.;bajo;cuando proceda;hábitos;alta;Adaptar carga, volumen, frecuencia, rango, descansos y tareas al nivel, historial, molestias, material, preferencias y disponibilidad. No sustituye valoración médica/fisioterapéutica si hay dolor, lesión o señales de alarma.
Condición física general;Mejorar condición física general;Objetivo global de aumentar energía, resistencia, fuerza básica y bienestar.;general;entrenamiento;bajo;"FIT2_SRC001;FIT2_SRC002;FIT2_SRC003";Gestión de barreras;Identificar obstáculos y planificar alternativas concretas.;bajo;hábitos;Plan de barreras;Listar barrera probable y alternativa concreta.;Mejorar continuidad.;bajo;semanal;hábitos;media;Adaptar carga, volumen, frecuencia, rango, descansos y tareas al nivel, historial, molestias, material, preferencias y disponibilidad. No sustituye valoración médica/fisioterapéutica si hay dolor, lesión o señales de alarma.
Condición física general;Mejorar condición física general;Objetivo global de aumentar energía, resistencia, fuerza básica y bienestar.;general;entrenamiento;bajo;"FIT2_SRC001;FIT2_SRC002;FIT2_SRC003";Prevención de recaídas fitness;Plan para mantener avances ante viajes, estrés, lesión leve o falta de tiempo.;bajo;hábitos;Plan viaje/vacaciones;Definir rutina mínima, pasos y expectativas realistas fuera de casa.;Prevenir abandono.;bajo;antes del viaje;hábitos;media;Adaptar carga, volumen, frecuencia, rango, descansos y tareas al nivel, historial, molestias, material, preferencias y disponibilidad. No sustituye valoración médica/fisioterapéutica si hay dolor, lesión o señales de alarma.
Condición física general;Mejorar condición física general;Objetivo global de aumentar energía, resistencia, fuerza básica y bienestar.;general;entrenamiento;bajo;"FIT2_SRC001;FIT2_SRC002;FIT2_SRC003";Prevención de recaídas fitness;Plan para mantener avances ante viajes, estrés, lesión leve o falta de tiempo.;bajo;hábitos;Revisión mensual de progreso;Analizar datos, ajustar plan y fijar siguiente bloque.;Mantener dirección.;bajo;mensual;seguimiento;media;Adaptar carga, volumen, frecuencia, rango, descansos y tareas al nivel, historial, molestias, material, preferencias y disponibilidad. No sustituye valoración médica/fisioterapéutica si hay dolor, lesión o señales de alarma.
Condición física general;Sedentarismo elevado;Muchas horas sentado/a y baja actividad diaria.;adultos;hábitos;medio;"FIT2_SRC001;FIT2_SRC003";Entrevista inicial fitness;Recoger objetivo, historial, nivel, disponibilidad, material, preferencias, limitaciones y señales de derivación.;bajo;evaluación;Ficha inicial fitness;Registrar objetivo, nivel, historial, material, tiempo, preferencias y señales de derivación.;Personalizar el plan.;bajo;15-30 min;evaluación;media;Adaptar carga, volumen, frecuencia, rango, descansos y tareas al nivel, historial, molestias, material, preferencias y disponibilidad. No sustituye valoración médica/fisioterapéutica si hay dolor, lesión o señales de alarma.
Condición física general;Sedentarismo elevado;Muchas horas sentado/a y baja actividad diaria.;adultos;hábitos;medio;"FIT2_SRC001;FIT2_SRC003";Objetivos SMART fitness;Convertir metas genéricas en objetivos específicos, medibles y revisables.;bajo;planificación;Objetivo SMART semanal;Definir objetivo concreto con indicador y fecha de revisión.;Clarificar dirección y medir progreso.;bajo;10 min semanal;planificación;media;Adaptar carga, volumen, frecuencia, rango, descansos y tareas al nivel, historial, molestias, material, preferencias y disponibilidad. No sustituye valoración médica/fisioterapéutica si hay dolor, lesión o señales de alarma.
Condición física general;Sedentarismo elevado;Muchas horas sentado/a y baja actividad diaria.;adultos;hábitos;medio;"FIT2_SRC001;FIT2_SRC003";Programación semanal multicomponente;Combinar fuerza, cardio, movilidad, descanso y actividad diaria.;bajo;programación;Plan semanal fuerza-cardio-movilidad;Programar días de fuerza, cardio, movilidad y descanso.;Crear estructura equilibrada.;bajo;15 min semanal;programación;media;Adaptar carga, volumen, frecuencia, rango, descansos y tareas al nivel, historial, molestias, material, preferencias y disponibilidad. No sustituye valoración médica/fisioterapéutica si hay dolor, lesión o señales de alarma.
Condición física general;Sedentarismo elevado;Muchas horas sentado/a y baja actividad diaria.;adultos;hábitos;medio;"FIT2_SRC001;FIT2_SRC003";Calentamiento RAMP;Elevar temperatura, activar, movilizar y potenciar antes de entrenar.;bajo;preparación;Calentamiento RAMP;Realizar 5-10 min de elevar, activar, movilizar y preparar patrón.;Preparar sesión.;bajo;cada sesión;preparación;media;Adaptar carga, volumen, frecuencia, rango, descansos y tareas al nivel, historial, molestias, material, preferencias y disponibilidad. No sustituye valoración médica/fisioterapéutica si hay dolor, lesión o señales de alarma.
Condición física general;Sedentarismo elevado;Muchas horas sentado/a y baja actividad diaria.;adultos;hábitos;medio;"FIT2_SRC001;FIT2_SRC003";Calentamiento RAMP;Elevar temperatura, activar, movilizar y potenciar antes de entrenar.;bajo;preparación;Plan de calentamiento específico;Elegir movilidad y series de aproximación según ejercicio principal.;Preparar básicos.;bajo;cada sesión;preparación;media;Adaptar carga, volumen, frecuencia, rango, descansos y tareas al nivel, historial, molestias, material, preferencias y disponibilidad. No sustituye valoración médica/fisioterapéutica si hay dolor, lesión o señales de alarma.
Condición física general;Sedentarismo elevado;Muchas horas sentado/a y baja actividad diaria.;adultos;hábitos;medio;"FIT2_SRC001;FIT2_SRC003";NEAT y pasos diarios;Aumentar movimiento cotidiano y reducir sedentarismo.;bajo;hábitos;Meta de pasos diarios;Definir meta realista de pasos y revisar media semanal.;Aumentar NEAT.;bajo;diario;hábitos;alta;Adaptar carga, volumen, frecuencia, rango, descansos y tareas al nivel, historial, molestias, material, preferencias y disponibilidad. No sustituye valoración médica/fisioterapéutica si hay dolor, lesión o señales de alarma.
Condición física general;Sedentarismo elevado;Muchas horas sentado/a y baja actividad diaria.;adultos;hábitos;medio;"FIT2_SRC001;FIT2_SRC003";NEAT y pasos diarios;Aumentar movimiento cotidiano y reducir sedentarismo.;bajo;hábitos;Pausas activas;Levantarme y moverme 2-5 minutos cada cierto tiempo.;Reducir sedentarismo.;bajo;diario;hábitos;alta;Adaptar carga, volumen, frecuencia, rango, descansos y tareas al nivel, historial, molestias, material, preferencias y disponibilidad. No sustituye valoración médica/fisioterapéutica si hay dolor, lesión o señales de alarma.
Condición física general;Sedentarismo elevado;Muchas horas sentado/a y baja actividad diaria.;adultos;hábitos;medio;"FIT2_SRC001;FIT2_SRC003";NEAT y pasos diarios;Aumentar movimiento cotidiano y reducir sedentarismo.;bajo;hábitos;Reto de pasos progresivo;Subir 500-1000 pasos/día cada 1-2 semanas según tolerancia.;Aumentar gasto y salud.;bajo;semanal;hábitos;alta;Adaptar carga, volumen, frecuencia, rango, descansos y tareas al nivel, historial, molestias, material, preferencias y disponibilidad. No sustituye valoración médica/fisioterapéutica si hay dolor, lesión o señales de alarma.
Condición física general;Sedentarismo elevado;Muchas horas sentado/a y baja actividad diaria.;adultos;hábitos;medio;"FIT2_SRC001;FIT2_SRC003";NEAT y pasos diarios;Aumentar movimiento cotidiano y reducir sedentarismo.;bajo;hábitos;Plan de salida de sedentarismo;Añadir caminatas cortas, pausas activas y fuerza básica gradual.;Reducir sedentarismo.;bajo;2-4 semanas;hábitos;alta;Adaptar carga, volumen, frecuencia, rango, descansos y tareas al nivel, historial, molestias, material, preferencias y disponibilidad. No sustituye valoración médica/fisioterapéutica si hay dolor, lesión o señales de alarma.
Condición física general;Sedentarismo elevado;Muchas horas sentado/a y baja actividad diaria.;adultos;hábitos;medio;"FIT2_SRC001;FIT2_SRC003";Cardio zona 2;Trabajo aeróbico moderado y sostenible.;bajo;cardio;Cardio zona 2;Realizar cardio conversacional 20-40 minutos.;Mejorar base aeróbica.;bajo;2-4 días/semana;cardio;media;Adaptar carga, volumen, frecuencia, rango, descansos y tareas al nivel, historial, molestias, material, preferencias y disponibilidad. No sustituye valoración médica/fisioterapéutica si hay dolor, lesión o señales de alarma.
Condición física general;Sedentarismo elevado;Muchas horas sentado/a y baja actividad diaria.;adultos;hábitos;medio;"FIT2_SRC001;FIT2_SRC003";Seguimiento de cargas;Registrar ejercicios, series, repeticiones, peso y notas.;bajo;seguimiento;Registro de entrenamiento;Anotar ejercicio, series, repeticiones, peso, RIR/RPE y notas.;Medir progreso real.;bajo;cada sesión;seguimiento;alta;Adaptar carga, volumen, frecuencia, rango, descansos y tareas al nivel, historial, molestias, material, preferencias y disponibilidad. No sustituye valoración médica/fisioterapéutica si hay dolor, lesión o señales de alarma.
Condición física general;Sedentarismo elevado;Muchas horas sentado/a y baja actividad diaria.;adultos;hábitos;medio;"FIT2_SRC001;FIT2_SRC003";Plan de adherencia mínima;Crear versión mínima viable del entrenamiento para semanas difíciles.;bajo;hábitos;Registro de adherencia;Marcar sesiones, pasos, sueño, proteína/hidratación y barreras.;Detectar obstáculos.;bajo;semanal;hábitos;alta;Adaptar carga, volumen, frecuencia, rango, descansos y tareas al nivel, historial, molestias, material, preferencias y disponibilidad. No sustituye valoración médica/fisioterapéutica si hay dolor, lesión o señales de alarma.
Condición física general;Sedentarismo elevado;Muchas horas sentado/a y baja actividad diaria.;adultos;hábitos;medio;"FIT2_SRC001;FIT2_SRC003";Plan de adherencia mínima;Crear versión mínima viable del entrenamiento para semanas difíciles.;bajo;hábitos;Versión mínima viable;Definir entrenamiento mínimo de 10-15 min para días difíciles.;Evitar abandono.;bajo;cuando proceda;hábitos;alta;Adaptar carga, volumen, frecuencia, rango, descansos y tareas al nivel, historial, molestias, material, preferencias y disponibilidad. No sustituye valoración médica/fisioterapéutica si hay dolor, lesión o señales de alarma.
Condición física general;Sedentarismo elevado;Muchas horas sentado/a y baja actividad diaria.;adultos;hábitos;medio;"FIT2_SRC001;FIT2_SRC003";Gestión de barreras;Identificar obstáculos y planificar alternativas concretas.;bajo;hábitos;Plan de barreras;Listar barrera probable y alternativa concreta.;Mejorar continuidad.;bajo;semanal;hábitos;media;Adaptar carga, volumen, frecuencia, rango, descansos y tareas al nivel, historial, molestias, material, preferencias y disponibilidad. No sustituye valoración médica/fisioterapéutica si hay dolor, lesión o señales de alarma.
Condición física general;Sedentarismo elevado;Muchas horas sentado/a y baja actividad diaria.;adultos;hábitos;medio;"FIT2_SRC001;FIT2_SRC003";Prevención de recaídas fitness;Plan para mantener avances ante viajes, estrés, lesión leve o falta de tiempo.;bajo;hábitos;Plan viaje/vacaciones;Definir rutina mínima, pasos y expectativas realistas fuera de casa.;Prevenir abandono.;bajo;antes del viaje;hábitos;media;Adaptar carga, volumen, frecuencia, rango, descansos y tareas al nivel, historial, molestias, material, preferencias y disponibilidad. No sustituye valoración médica/fisioterapéutica si hay dolor, lesión o señales de alarma.
Condición física general;Sedentarismo elevado;Muchas horas sentado/a y baja actividad diaria.;adultos;hábitos;medio;"FIT2_SRC001;FIT2_SRC003";Prevención de recaídas fitness;Plan para mantener avances ante viajes, estrés, lesión leve o falta de tiempo.;bajo;hábitos;Revisión mensual de progreso;Analizar datos, ajustar plan y fijar siguiente bloque.;Mantener dirección.;bajo;mensual;seguimiento;media;Adaptar carga, volumen, frecuencia, rango, descansos y tareas al nivel, historial, molestias, material, preferencias y disponibilidad. No sustituye valoración médica/fisioterapéutica si hay dolor, lesión o señales de alarma.
Condición física general;Baja tolerancia al esfuerzo;Fatiga rápida ante actividad moderada o tareas cotidianas.;principiante;entrenamiento;medio;"FIT2_SRC002;FIT2_SRC008";Entrevista inicial fitness;Recoger objetivo, historial, nivel, disponibilidad, material, preferencias, limitaciones y señales de derivación.;bajo;evaluación;Ficha inicial fitness;Registrar objetivo, nivel, historial, material, tiempo, preferencias y señales de derivación.;Personalizar el plan.;bajo;15-30 min;evaluación;media;Adaptar carga, volumen, frecuencia, rango, descansos y tareas al nivel, historial, molestias, material, preferencias y disponibilidad. No sustituye valoración médica/fisioterapéutica si hay dolor, lesión o señales de alarma.
Condición física general;Baja tolerancia al esfuerzo;Fatiga rápida ante actividad moderada o tareas cotidianas.;principiante;entrenamiento;medio;"FIT2_SRC002;FIT2_SRC008";Objetivos SMART fitness;Convertir metas genéricas en objetivos específicos, medibles y revisables.;bajo;planificación;Objetivo SMART semanal;Definir objetivo concreto con indicador y fecha de revisión.;Clarificar dirección y medir progreso.;bajo;10 min semanal;planificación;media;Adaptar carga, volumen, frecuencia, rango, descansos y tareas al nivel, historial, molestias, material, preferencias y disponibilidad. No sustituye valoración médica/fisioterapéutica si hay dolor, lesión o señales de alarma.
Condición física general;Baja tolerancia al esfuerzo;Fatiga rápida ante actividad moderada o tareas cotidianas.;principiante;entrenamiento;medio;"FIT2_SRC002;FIT2_SRC008";Programación semanal multicomponente;Combinar fuerza, cardio, movilidad, descanso y actividad diaria.;bajo;programación;Plan semanal fuerza-cardio-movilidad;Programar días de fuerza, cardio, movilidad y descanso.;Crear estructura equilibrada.;bajo;15 min semanal;programación;media;Adaptar carga, volumen, frecuencia, rango, descansos y tareas al nivel, historial, molestias, material, preferencias y disponibilidad. No sustituye valoración médica/fisioterapéutica si hay dolor, lesión o señales de alarma.
Condición física general;Baja tolerancia al esfuerzo;Fatiga rápida ante actividad moderada o tareas cotidianas.;principiante;entrenamiento;medio;"FIT2_SRC002;FIT2_SRC008";Calentamiento RAMP;Elevar temperatura, activar, movilizar y potenciar antes de entrenar.;bajo;preparación;Calentamiento RAMP;Realizar 5-10 min de elevar, activar, movilizar y preparar patrón.;Preparar sesión.;bajo;cada sesión;preparación;media;Adaptar carga, volumen, frecuencia, rango, descansos y tareas al nivel, historial, molestias, material, preferencias y disponibilidad. No sustituye valoración médica/fisioterapéutica si hay dolor, lesión o señales de alarma.
Condición física general;Baja tolerancia al esfuerzo;Fatiga rápida ante actividad moderada o tareas cotidianas.;principiante;entrenamiento;medio;"FIT2_SRC002;FIT2_SRC008";Calentamiento RAMP;Elevar temperatura, activar, movilizar y potenciar antes de entrenar.;bajo;preparación;Plan de calentamiento específico;Elegir movilidad y series de aproximación según ejercicio principal.;Preparar básicos.;bajo;cada sesión;preparación;media;Adaptar carga, volumen, frecuencia, rango, descansos y tareas al nivel, historial, molestias, material, preferencias y disponibilidad. No sustituye valoración médica/fisioterapéutica si hay dolor, lesión o señales de alarma.
Condición física general;Baja tolerancia al esfuerzo;Fatiga rápida ante actividad moderada o tareas cotidianas.;principiante;entrenamiento;medio;"FIT2_SRC002;FIT2_SRC008";NEAT y pasos diarios;Aumentar movimiento cotidiano y reducir sedentarismo.;bajo;hábitos;Meta de pasos diarios;Definir meta realista de pasos y revisar media semanal.;Aumentar NEAT.;bajo;diario;hábitos;alta;Adaptar carga, volumen, frecuencia, rango, descansos y tareas al nivel, historial, molestias, material, preferencias y disponibilidad. No sustituye valoración médica/fisioterapéutica si hay dolor, lesión o señales de alarma.
Condición física general;Baja tolerancia al esfuerzo;Fatiga rápida ante actividad moderada o tareas cotidianas.;principiante;entrenamiento;medio;"FIT2_SRC002;FIT2_SRC008";NEAT y pasos diarios;Aumentar movimiento cotidiano y reducir sedentarismo.;bajo;hábitos;Pausas activas;Levantarme y moverme 2-5 minutos cada cierto tiempo.;Reducir sedentarismo.;bajo;diario;hábitos;alta;Adaptar carga, volumen, frecuencia, rango, descansos y tareas al nivel, historial, molestias, material, preferencias y disponibilidad. No sustituye valoración médica/fisioterapéutica si hay dolor, lesión o señales de alarma.
Condición física general;Baja tolerancia al esfuerzo;Fatiga rápida ante actividad moderada o tareas cotidianas.;principiante;entrenamiento;medio;"FIT2_SRC002;FIT2_SRC008";NEAT y pasos diarios;Aumentar movimiento cotidiano y reducir sedentarismo.;bajo;hábitos;Reto de pasos progresivo;Subir 500-1000 pasos/día cada 1-2 semanas según tolerancia.;Aumentar gasto y salud.;bajo;semanal;hábitos;alta;Adaptar carga, volumen, frecuencia, rango, descansos y tareas al nivel, historial, molestias, material, preferencias y disponibilidad. No sustituye valoración médica/fisioterapéutica si hay dolor, lesión o señales de alarma.
Condición física general;Baja tolerancia al esfuerzo;Fatiga rápida ante actividad moderada o tareas cotidianas.;principiante;entrenamiento;medio;"FIT2_SRC002;FIT2_SRC008";NEAT y pasos diarios;Aumentar movimiento cotidiano y reducir sedentarismo.;bajo;hábitos;Plan de salida de sedentarismo;Añadir caminatas cortas, pausas activas y fuerza básica gradual.;Reducir sedentarismo.;bajo;2-4 semanas;hábitos;alta;Adaptar carga, volumen, frecuencia, rango, descansos y tareas al nivel, historial, molestias, material, preferencias y disponibilidad. No sustituye valoración médica/fisioterapéutica si hay dolor, lesión o señales de alarma.
Condición física general;Baja tolerancia al esfuerzo;Fatiga rápida ante actividad moderada o tareas cotidianas.;principiante;entrenamiento;medio;"FIT2_SRC002;FIT2_SRC008";Cardio zona 2;Trabajo aeróbico moderado y sostenible.;bajo;cardio;Cardio zona 2;Realizar cardio conversacional 20-40 minutos.;Mejorar base aeróbica.;bajo;2-4 días/semana;cardio;media;Adaptar carga, volumen, frecuencia, rango, descansos y tareas al nivel, historial, molestias, material, preferencias y disponibilidad. No sustituye valoración médica/fisioterapéutica si hay dolor, lesión o señales de alarma.
Condición física general;Baja tolerancia al esfuerzo;Fatiga rápida ante actividad moderada o tareas cotidianas.;principiante;entrenamiento;medio;"FIT2_SRC002;FIT2_SRC008";Seguimiento de cargas;Registrar ejercicios, series, repeticiones, peso y notas.;bajo;seguimiento;Registro de entrenamiento;Anotar ejercicio, series, repeticiones, peso, RIR/RPE y notas.;Medir progreso real.;bajo;cada sesión;seguimiento;alta;Adaptar carga, volumen, frecuencia, rango, descansos y tareas al nivel, historial, molestias, material, preferencias y disponibilidad. No sustituye valoración médica/fisioterapéutica si hay dolor, lesión o señales de alarma.
Condición física general;Baja tolerancia al esfuerzo;Fatiga rápida ante actividad moderada o tareas cotidianas.;principiante;entrenamiento;medio;"FIT2_SRC002;FIT2_SRC008";Plan de adherencia mínima;Crear versión mínima viable del entrenamiento para semanas difíciles.;bajo;hábitos;Registro de adherencia;Marcar sesiones, pasos, sueño, proteína/hidratación y barreras.;Detectar obstáculos.;bajo;semanal;hábitos;alta;Adaptar carga, volumen, frecuencia, rango, descansos y tareas al nivel, historial, molestias, material, preferencias y disponibilidad. No sustituye valoración médica/fisioterapéutica si hay dolor, lesión o señales de alarma.
Condición física general;Baja tolerancia al esfuerzo;Fatiga rápida ante actividad moderada o tareas cotidianas.;principiante;entrenamiento;medio;"FIT2_SRC002;FIT2_SRC008";Plan de adherencia mínima;Crear versión mínima viable del entrenamiento para semanas difíciles.;bajo;hábitos;Versión mínima viable;Definir entrenamiento mínimo de 10-15 min para días difíciles.;Evitar abandono.;bajo;cuando proceda;hábitos;alta;Adaptar carga, volumen, frecuencia, rango, descansos y tareas al nivel, historial, molestias, material, preferencias y disponibilidad. No sustituye valoración médica/fisioterapéutica si hay dolor, lesión o señales de alarma.
Condición física general;Baja tolerancia al esfuerzo;Fatiga rápida ante actividad moderada o tareas cotidianas.;principiante;entrenamiento;medio;"FIT2_SRC002;FIT2_SRC008";Gestión de barreras;Identificar obstáculos y planificar alternativas concretas.;bajo;hábitos;Plan de barreras;Listar barrera probable y alternativa concreta.;Mejorar continuidad.;bajo;semanal;hábitos;media;Adaptar carga, volumen, frecuencia, rango, descansos y tareas al nivel, historial, molestias, material, preferencias y disponibilidad. No sustituye valoración médica/fisioterapéutica si hay dolor, lesión o señales de alarma.
Condición física general;Baja tolerancia al esfuerzo;Fatiga rápida ante actividad moderada o tareas cotidianas.;principiante;entrenamiento;medio;"FIT2_SRC002;FIT2_SRC008";Prevención de recaídas fitness;Plan para mantener avances ante viajes, estrés, lesión leve o falta de tiempo.;bajo;hábitos;Plan viaje/vacaciones;Definir rutina mínima, pasos y expectativas realistas fuera de casa.;Prevenir abandono.;bajo;antes del viaje;hábitos;media;Adaptar carga, volumen, frecuencia, rango, descansos y tareas al nivel, historial, molestias, material, preferencias y disponibilidad. No sustituye valoración médica/fisioterapéutica si hay dolor, lesión o señales de alarma.
Condición física general;Baja tolerancia al esfuerzo;Fatiga rápida ante actividad moderada o tareas cotidianas.;principiante;entrenamiento;medio;"FIT2_SRC002;FIT2_SRC008";Prevención de recaídas fitness;Plan para mantener avances ante viajes, estrés, lesión leve o falta de tiempo.;bajo;hábitos;Revisión mensual de progreso;Analizar datos, ajustar plan y fijar siguiente bloque.;Mantener dirección.;bajo;mensual;seguimiento;media;Adaptar carga, volumen, frecuencia, rango, descansos y tareas al nivel, historial, molestias, material, preferencias y disponibilidad. No sustituye valoración médica/fisioterapéutica si hay dolor, lesión o señales de alarma.
Condición física general;Retomar ejercicio tras mucho tiempo;Necesidad de reiniciar ejercicio con prudencia y progresión.;principiante;entrenamiento;medio;"FIT2_SRC002;FIT2_SRC011";Entrevista inicial fitness;Recoger objetivo, historial, nivel, disponibilidad, material, preferencias, limitaciones y señales de derivación.;bajo;evaluación;Ficha inicial fitness;Registrar objetivo, nivel, historial, material, tiempo, preferencias y señales de derivación.;Personalizar el plan.;bajo;15-30 min;evaluación;media;Adaptar carga, volumen, frecuencia, rango, descansos y tareas al nivel, historial, molestias, material, preferencias y disponibilidad. No sustituye valoración médica/fisioterapéutica si hay dolor, lesión o señales de alarma.
Condición física general;Retomar ejercicio tras mucho tiempo;Necesidad de reiniciar ejercicio con prudencia y progresión.;principiante;entrenamiento;medio;"FIT2_SRC002;FIT2_SRC011";Objetivos SMART fitness;Convertir metas genéricas en objetivos específicos, medibles y revisables.;bajo;planificación;Objetivo SMART semanal;Definir objetivo concreto con indicador y fecha de revisión.;Clarificar dirección y medir progreso.;bajo;10 min semanal;planificación;media;Adaptar carga, volumen, frecuencia, rango, descansos y tareas al nivel, historial, molestias, material, preferencias y disponibilidad. No sustituye valoración médica/fisioterapéutica si hay dolor, lesión o señales de alarma.
Condición física general;Retomar ejercicio tras mucho tiempo;Necesidad de reiniciar ejercicio con prudencia y progresión.;principiante;entrenamiento;medio;"FIT2_SRC002;FIT2_SRC011";Programación semanal multicomponente;Combinar fuerza, cardio, movilidad, descanso y actividad diaria.;bajo;programación;Plan semanal fuerza-cardio-movilidad;Programar días de fuerza, cardio, movilidad y descanso.;Crear estructura equilibrada.;bajo;15 min semanal;programación;media;Adaptar carga, volumen, frecuencia, rango, descansos y tareas al nivel, historial, molestias, material, preferencias y disponibilidad. No sustituye valoración médica/fisioterapéutica si hay dolor, lesión o señales de alarma.
Condición física general;Retomar ejercicio tras mucho tiempo;Necesidad de reiniciar ejercicio con prudencia y progresión.;principiante;entrenamiento;medio;"FIT2_SRC002;FIT2_SRC011";Calentamiento RAMP;Elevar temperatura, activar, movilizar y potenciar antes de entrenar.;bajo;preparación;Calentamiento RAMP;Realizar 5-10 min de elevar, activar, movilizar y preparar patrón.;Preparar sesión.;bajo;cada sesión;preparación;media;Adaptar carga, volumen, frecuencia, rango, descansos y tareas al nivel, historial, molestias, material, preferencias y disponibilidad. No sustituye valoración médica/fisioterapéutica si hay dolor, lesión o señales de alarma.
Condición física general;Retomar ejercicio tras mucho tiempo;Necesidad de reiniciar ejercicio con prudencia y progresión.;principiante;entrenamiento;medio;"FIT2_SRC002;FIT2_SRC011";Calentamiento RAMP;Elevar temperatura, activar, movilizar y potenciar antes de entrenar.;bajo;preparación;Plan de calentamiento específico;Elegir movilidad y series de aproximación según ejercicio principal.;Preparar básicos.;bajo;cada sesión;preparación;media;Adaptar carga, volumen, frecuencia, rango, descansos y tareas al nivel, historial, molestias, material, preferencias y disponibilidad. No sustituye valoración médica/fisioterapéutica si hay dolor, lesión o señales de alarma.
Condición física general;Retomar ejercicio tras mucho tiempo;Necesidad de reiniciar ejercicio con prudencia y progresión.;principiante;entrenamiento;medio;"FIT2_SRC002;FIT2_SRC011";NEAT y pasos diarios;Aumentar movimiento cotidiano y reducir sedentarismo.;bajo;hábitos;Meta de pasos diarios;Definir meta realista de pasos y revisar media semanal.;Aumentar NEAT.;bajo;diario;hábitos;alta;Adaptar carga, volumen, frecuencia, rango, descansos y tareas al nivel, historial, molestias, material, preferencias y disponibilidad. No sustituye valoración médica/fisioterapéutica si hay dolor, lesión o señales de alarma.
Condición física general;Retomar ejercicio tras mucho tiempo;Necesidad de reiniciar ejercicio con prudencia y progresión.;principiante;entrenamiento;medio;"FIT2_SRC002;FIT2_SRC011";NEAT y pasos diarios;Aumentar movimiento cotidiano y reducir sedentarismo.;bajo;hábitos;Pausas activas;Levantarme y moverme 2-5 minutos cada cierto tiempo.;Reducir sedentarismo.;bajo;diario;hábitos;alta;Adaptar carga, volumen, frecuencia, rango, descansos y tareas al nivel, historial, molestias, material, preferencias y disponibilidad. No sustituye valoración médica/fisioterapéutica si hay dolor, lesión o señales de alarma.
Condición física general;Retomar ejercicio tras mucho tiempo;Necesidad de reiniciar ejercicio con prudencia y progresión.;principiante;entrenamiento;medio;"FIT2_SRC002;FIT2_SRC011";NEAT y pasos diarios;Aumentar movimiento cotidiano y reducir sedentarismo.;bajo;hábitos;Reto de pasos progresivo;Subir 500-1000 pasos/día cada 1-2 semanas según tolerancia.;Aumentar gasto y salud.;bajo;semanal;hábitos;alta;Adaptar carga, volumen, frecuencia, rango, descansos y tareas al nivel, historial, molestias, material, preferencias y disponibilidad. No sustituye valoración médica/fisioterapéutica si hay dolor, lesión o señales de alarma.
Condición física general;Retomar ejercicio tras mucho tiempo;Necesidad de reiniciar ejercicio con prudencia y progresión.;principiante;entrenamiento;medio;"FIT2_SRC002;FIT2_SRC011";NEAT y pasos diarios;Aumentar movimiento cotidiano y reducir sedentarismo.;bajo;hábitos;Plan de salida de sedentarismo;Añadir caminatas cortas, pausas activas y fuerza básica gradual.;Reducir sedentarismo.;bajo;2-4 semanas;hábitos;alta;Adaptar carga, volumen, frecuencia, rango, descansos y tareas al nivel, historial, molestias, material, preferencias y disponibilidad. No sustituye valoración médica/fisioterapéutica si hay dolor, lesión o señales de alarma.
Condición física general;Retomar ejercicio tras mucho tiempo;Necesidad de reiniciar ejercicio con prudencia y progresión.;principiante;entrenamiento;medio;"FIT2_SRC002;FIT2_SRC011";Cardio zona 2;Trabajo aeróbico moderado y sostenible.;bajo;cardio;Cardio zona 2;Realizar cardio conversacional 20-40 minutos.;Mejorar base aeróbica.;bajo;2-4 días/semana;cardio;media;Adaptar carga, volumen, frecuencia, rango, descansos y tareas al nivel, historial, molestias, material, preferencias y disponibilidad. No sustituye valoración médica/fisioterapéutica si hay dolor, lesión o señales de alarma.
Condición física general;Retomar ejercicio tras mucho tiempo;Necesidad de reiniciar ejercicio con prudencia y progresión.;principiante;entrenamiento;medio;"FIT2_SRC002;FIT2_SRC011";Seguimiento de cargas;Registrar ejercicios, series, repeticiones, peso y notas.;bajo;seguimiento;Registro de entrenamiento;Anotar ejercicio, series, repeticiones, peso, RIR/RPE y notas.;Medir progreso real.;bajo;cada sesión;seguimiento;alta;Adaptar carga, volumen, frecuencia, rango, descansos y tareas al nivel, historial, molestias, material, preferencias y disponibilidad. No sustituye valoración médica/fisioterapéutica si hay dolor, lesión o señales de alarma.
Condición física general;Retomar ejercicio tras mucho tiempo;Necesidad de reiniciar ejercicio con prudencia y progresión.;principiante;entrenamiento;medio;"FIT2_SRC002;FIT2_SRC011";Plan de adherencia mínima;Crear versión mínima viable del entrenamiento para semanas difíciles.;bajo;hábitos;Registro de adherencia;Marcar sesiones, pasos, sueño, proteína/hidratación y barreras.;Detectar obstáculos.;bajo;semanal;hábitos;alta;Adaptar carga, volumen, frecuencia, rango, descansos y tareas al nivel, historial, molestias, material, preferencias y disponibilidad. No sustituye valoración médica/fisioterapéutica si hay dolor, lesión o señales de alarma.
Condición física general;Retomar ejercicio tras mucho tiempo;Necesidad de reiniciar ejercicio con prudencia y progresión.;principiante;entrenamiento;medio;"FIT2_SRC002;FIT2_SRC011";Plan de adherencia mínima;Crear versión mínima viable del entrenamiento para semanas difíciles.;bajo;hábitos;Versión mínima viable;Definir entrenamiento mínimo de 10-15 min para días difíciles.;Evitar abandono.;bajo;cuando proceda;hábitos;alta;Adaptar carga, volumen, frecuencia, rango, descansos y tareas al nivel, historial, molestias, material, preferencias y disponibilidad. No sustituye valoración médica/fisioterapéutica si hay dolor, lesión o señales de alarma.
Condición física general;Retomar ejercicio tras mucho tiempo;Necesidad de reiniciar ejercicio con prudencia y progresión.;principiante;entrenamiento;medio;"FIT2_SRC002;FIT2_SRC011";Gestión de barreras;Identificar obstáculos y planificar alternativas concretas.;bajo;hábitos;Plan de barreras;Listar barrera probable y alternativa concreta.;Mejorar continuidad.;bajo;semanal;hábitos;media;Adaptar carga, volumen, frecuencia, rango, descansos y tareas al nivel, historial, molestias, material, preferencias y disponibilidad. No sustituye valoración médica/fisioterapéutica si hay dolor, lesión o señales de alarma.
Condición física general;Retomar ejercicio tras mucho tiempo;Necesidad de reiniciar ejercicio con prudencia y progresión.;principiante;entrenamiento;medio;"FIT2_SRC002;FIT2_SRC011";Prevención de recaídas fitness;Plan para mantener avances ante viajes, estrés, lesión leve o falta de tiempo.;bajo;hábitos;Plan viaje/vacaciones;Definir rutina mínima, pasos y expectativas realistas fuera de casa.;Prevenir abandono.;bajo;antes del viaje;hábitos;media;Adaptar carga, volumen, frecuencia, rango, descansos y tareas al nivel, historial, molestias, material, preferencias y disponibilidad. No sustituye valoración médica/fisioterapéutica si hay dolor, lesión o señales de alarma.
Condición física general;Retomar ejercicio tras mucho tiempo;Necesidad de reiniciar ejercicio con prudencia y progresión.;principiante;entrenamiento;medio;"FIT2_SRC002;FIT2_SRC011";Prevención de recaídas fitness;Plan para mantener avances ante viajes, estrés, lesión leve o falta de tiempo.;bajo;hábitos;Revisión mensual de progreso;Analizar datos, ajustar plan y fijar siguiente bloque.;Mantener dirección.;bajo;mensual;seguimiento;media;Adaptar carga, volumen, frecuencia, rango, descansos y tareas al nivel, historial, molestias, material, preferencias y disponibilidad. No sustituye valoración médica/fisioterapéutica si hay dolor, lesión o señales de alarma.
Condición física general;Crear rutina semanal equilibrada;Objetivo de combinar fuerza, cardio, movilidad y descanso.;general;programación;bajo;"FIT2_SRC001;FIT2_SRC002";Entrevista inicial fitness;Recoger objetivo, historial, nivel, disponibilidad, material, preferencias, limitaciones y señales de derivación.;bajo;evaluación;Ficha inicial fitness;Registrar objetivo, nivel, historial, material, tiempo, preferencias y señales de derivación.;Personalizar el plan.;bajo;15-30 min;evaluación;media;Adaptar carga, volumen, frecuencia, rango, descansos y tareas al nivel, historial, molestias, material, preferencias y disponibilidad. No sustituye valoración médica/fisioterapéutica si hay dolor, lesión o señales de alarma.
Condición física general;Crear rutina semanal equilibrada;Objetivo de combinar fuerza, cardio, movilidad y descanso.;general;programación;bajo;"FIT2_SRC001;FIT2_SRC002";Objetivos SMART fitness;Convertir metas genéricas en objetivos específicos, medibles y revisables.;bajo;planificación;Objetivo SMART semanal;Definir objetivo concreto con indicador y fecha de revisión.;Clarificar dirección y medir progreso.;bajo;10 min semanal;planificación;media;Adaptar carga, volumen, frecuencia, rango, descansos y tareas al nivel, historial, molestias, material, preferencias y disponibilidad. No sustituye valoración médica/fisioterapéutica si hay dolor, lesión o señales de alarma.
Condición física general;Crear rutina semanal equilibrada;Objetivo de combinar fuerza, cardio, movilidad y descanso.;general;programación;bajo;"FIT2_SRC001;FIT2_SRC002";Programación semanal multicomponente;Combinar fuerza, cardio, movilidad, descanso y actividad diaria.;bajo;programación;Plan semanal fuerza-cardio-movilidad;Programar días de fuerza, cardio, movilidad y descanso.;Crear estructura equilibrada.;bajo;15 min semanal;programación;media;Adaptar carga, volumen, frecuencia, rango, descansos y tareas al nivel, historial, molestias, material, preferencias y disponibilidad. No sustituye valoración médica/fisioterapéutica si hay dolor, lesión o señales de alarma.
Condición física general;Crear rutina semanal equilibrada;Objetivo de combinar fuerza, cardio, movilidad y descanso.;general;programación;bajo;"FIT2_SRC001;FIT2_SRC002";Calentamiento RAMP;Elevar temperatura, activar, movilizar y potenciar antes de entrenar.;bajo;preparación;Calentamiento RAMP;Realizar 5-10 min de elevar, activar, movilizar y preparar patrón.;Preparar sesión.;bajo;cada sesión;preparación;media;Adaptar carga, volumen, frecuencia, rango, descansos y tareas al nivel, historial, molestias, material, preferencias y disponibilidad. No sustituye valoración médica/fisioterapéutica si hay dolor, lesión o señales de alarma.
Condición física general;Crear rutina semanal equilibrada;Objetivo de combinar fuerza, cardio, movilidad y descanso.;general;programación;bajo;"FIT2_SRC001;FIT2_SRC002";Calentamiento RAMP;Elevar temperatura, activar, movilizar y potenciar antes de entrenar.;bajo;preparación;Plan de calentamiento específico;Elegir movilidad y series de aproximación según ejercicio principal.;Preparar básicos.;bajo;cada sesión;preparación;media;Adaptar carga, volumen, frecuencia, rango, descansos y tareas al nivel, historial, molestias, material, preferencias y disponibilidad. No sustituye valoración médica/fisioterapéutica si hay dolor, lesión o señales de alarma.
Condición física general;Crear rutina semanal equilibrada;Objetivo de combinar fuerza, cardio, movilidad y descanso.;general;programación;bajo;"FIT2_SRC001;FIT2_SRC002";NEAT y pasos diarios;Aumentar movimiento cotidiano y reducir sedentarismo.;bajo;hábitos;Meta de pasos diarios;Definir meta realista de pasos y revisar media semanal.;Aumentar NEAT.;bajo;diario;hábitos;alta;Adaptar carga, volumen, frecuencia, rango, descansos y tareas al nivel, historial, molestias, material, preferencias y disponibilidad. No sustituye valoración médica/fisioterapéutica si hay dolor, lesión o señales de alarma.
Condición física general;Crear rutina semanal equilibrada;Objetivo de combinar fuerza, cardio, movilidad y descanso.;general;programación;bajo;"FIT2_SRC001;FIT2_SRC002";NEAT y pasos diarios;Aumentar movimiento cotidiano y reducir sedentarismo.;bajo;hábitos;Pausas activas;Levantarme y moverme 2-5 minutos cada cierto tiempo.;Reducir sedentarismo.;bajo;diario;hábitos;alta;Adaptar carga, volumen, frecuencia, rango, descansos y tareas al nivel, historial, molestias, material, preferencias y disponibilidad. No sustituye valoración médica/fisioterapéutica si hay dolor, lesión o señales de alarma.
Condición física general;Crear rutina semanal equilibrada;Objetivo de combinar fuerza, cardio, movilidad y descanso.;general;programación;bajo;"FIT2_SRC001;FIT2_SRC002";NEAT y pasos diarios;Aumentar movimiento cotidiano y reducir sedentarismo.;bajo;hábitos;Reto de pasos progresivo;Subir 500-1000 pasos/día cada 1-2 semanas según tolerancia.;Aumentar gasto y salud.;bajo;semanal;hábitos;alta;Adaptar carga, volumen, frecuencia, rango, descansos y tareas al nivel, historial, molestias, material, preferencias y disponibilidad. No sustituye valoración médica/fisioterapéutica si hay dolor, lesión o señales de alarma.
Condición física general;Crear rutina semanal equilibrada;Objetivo de combinar fuerza, cardio, movilidad y descanso.;general;programación;bajo;"FIT2_SRC001;FIT2_SRC002";NEAT y pasos diarios;Aumentar movimiento cotidiano y reducir sedentarismo.;bajo;hábitos;Plan de salida de sedentarismo;Añadir caminatas cortas, pausas activas y fuerza básica gradual.;Reducir sedentarismo.;bajo;2-4 semanas;hábitos;alta;Adaptar carga, volumen, frecuencia, rango, descansos y tareas al nivel, historial, molestias, material, preferencias y disponibilidad. No sustituye valoración médica/fisioterapéutica si hay dolor, lesión o señales de alarma.
Condición física general;Crear rutina semanal equilibrada;Objetivo de combinar fuerza, cardio, movilidad y descanso.;general;programación;bajo;"FIT2_SRC001;FIT2_SRC002";Cardio zona 2;Trabajo aeróbico moderado y sostenible.;bajo;cardio;Cardio zona 2;Realizar cardio conversacional 20-40 minutos.;Mejorar base aeróbica.;bajo;2-4 días/semana;cardio;media;Adaptar carga, volumen, frecuencia, rango, descansos y tareas al nivel, historial, molestias, material, preferencias y disponibilidad. No sustituye valoración médica/fisioterapéutica si hay dolor, lesión o señales de alarma.
Condición física general;Crear rutina semanal equilibrada;Objetivo de combinar fuerza, cardio, movilidad y descanso.;general;programación;bajo;"FIT2_SRC001;FIT2_SRC002";Seguimiento de cargas;Registrar ejercicios, series, repeticiones, peso y notas.;bajo;seguimiento;Registro de entrenamiento;Anotar ejercicio, series, repeticiones, peso, RIR/RPE y notas.;Medir progreso real.;bajo;cada sesión;seguimiento;alta;Adaptar carga, volumen, frecuencia, rango, descansos y tareas al nivel, historial, molestias, material, preferencias y disponibilidad. No sustituye valoración médica/fisioterapéutica si hay dolor, lesión o señales de alarma.
Condición física general;Crear rutina semanal equilibrada;Objetivo de combinar fuerza, cardio, movilidad y descanso.;general;programación;bajo;"FIT2_SRC001;FIT2_SRC002";Plan de adherencia mínima;Crear versión mínima viable del entrenamiento para semanas difíciles.;bajo;hábitos;Registro de adherencia;Marcar sesiones, pasos, sueño, proteína/hidratación y barreras.;Detectar obstáculos.;bajo;semanal;hábitos;alta;Adaptar carga, volumen, frecuencia, rango, descansos y tareas al nivel, historial, molestias, material, preferencias y disponibilidad. No sustituye valoración médica/fisioterapéutica si hay dolor, lesión o señales de alarma.
Condición física general;Crear rutina semanal equilibrada;Objetivo de combinar fuerza, cardio, movilidad y descanso.;general;programación;bajo;"FIT2_SRC001;FIT2_SRC002";Plan de adherencia mínima;Crear versión mínima viable del entrenamiento para semanas difíciles.;bajo;hábitos;Versión mínima viable;Definir entrenamiento mínimo de 10-15 min para días difíciles.;Evitar abandono.;bajo;cuando proceda;hábitos;alta;Adaptar carga, volumen, frecuencia, rango, descansos y tareas al nivel, historial, molestias, material, preferencias y disponibilidad. No sustituye valoración médica/fisioterapéutica si hay dolor, lesión o señales de alarma.
Condición física general;Crear rutina semanal equilibrada;Objetivo de combinar fuerza, cardio, movilidad y descanso.;general;programación;bajo;"FIT2_SRC001;FIT2_SRC002";Gestión de barreras;Identificar obstáculos y planificar alternativas concretas.;bajo;hábitos;Plan de barreras;Listar barrera probable y alternativa concreta.;Mejorar continuidad.;bajo;semanal;hábitos;media;Adaptar carga, volumen, frecuencia, rango, descansos y tareas al nivel, historial, molestias, material, preferencias y disponibilidad. No sustituye valoración médica/fisioterapéutica si hay dolor, lesión o señales de alarma.
Condición física general;Crear rutina semanal equilibrada;Objetivo de combinar fuerza, cardio, movilidad y descanso.;general;programación;bajo;"FIT2_SRC001;FIT2_SRC002";Prevención de recaídas fitness;Plan para mantener avances ante viajes, estrés, lesión leve o falta de tiempo.;bajo;hábitos;Plan viaje/vacaciones;Definir rutina mínima, pasos y expectativas realistas fuera de casa.;Prevenir abandono.;bajo;antes del viaje;hábitos;media;Adaptar carga, volumen, frecuencia, rango, descansos y tareas al nivel, historial, molestias, material, preferencias y disponibilidad. No sustituye valoración médica/fisioterapéutica si hay dolor, lesión o señales de alarma.
Condición física general;Crear rutina semanal equilibrada;Objetivo de combinar fuerza, cardio, movilidad y descanso.;general;programación;bajo;"FIT2_SRC001;FIT2_SRC002";Prevención de recaídas fitness;Plan para mantener avances ante viajes, estrés, lesión leve o falta de tiempo.;bajo;hábitos;Revisión mensual de progreso;Analizar datos, ajustar plan y fijar siguiente bloque.;Mantener dirección.;bajo;mensual;seguimiento;media;Adaptar carga, volumen, frecuencia, rango, descansos y tareas al nivel, historial, molestias, material, preferencias y disponibilidad. No sustituye valoración médica/fisioterapéutica si hay dolor, lesión o señales de alarma.
Condición física general;Mejorar bienestar y energía diaria;Objetivo de usar el ejercicio para mejorar estado general y vitalidad.;general;hábitos;bajo;"FIT2_SRC001;FIT2_SRC008";Entrevista inicial fitness;Recoger objetivo, historial, nivel, disponibilidad, material, preferencias, limitaciones y señales de derivación.;bajo;evaluación;Ficha inicial fitness;Registrar objetivo, nivel, historial, material, tiempo, preferencias y señales de derivación.;Personalizar el plan.;bajo;15-30 min;evaluación;media;Adaptar carga, volumen, frecuencia, rango, descansos y tareas al nivel, historial, molestias, material, preferencias y disponibilidad. No sustituye valoración médica/fisioterapéutica si hay dolor, lesión o señales de alarma.
Condición física general;Mejorar bienestar y energía diaria;Objetivo de usar el ejercicio para mejorar estado general y vitalidad.;general;hábitos;bajo;"FIT2_SRC001;FIT2_SRC008";Objetivos SMART fitness;Convertir metas genéricas en objetivos específicos, medibles y revisables.;bajo;planificación;Objetivo SMART semanal;Definir objetivo concreto con indicador y fecha de revisión.;Clarificar dirección y medir progreso.;bajo;10 min semanal;planificación;media;Adaptar carga, volumen, frecuencia, rango, descansos y tareas al nivel, historial, molestias, material, preferencias y disponibilidad. No sustituye valoración médica/fisioterapéutica si hay dolor, lesión o señales de alarma.
Condición física general;Mejorar bienestar y energía diaria;Objetivo de usar el ejercicio para mejorar estado general y vitalidad.;general;hábitos;bajo;"FIT2_SRC001;FIT2_SRC008";Programación semanal multicomponente;Combinar fuerza, cardio, movilidad, descanso y actividad diaria.;bajo;programación;Plan semanal fuerza-cardio-movilidad;Programar días de fuerza, cardio, movilidad y descanso.;Crear estructura equilibrada.;bajo;15 min semanal;programación;media;Adaptar carga, volumen, frecuencia, rango, descansos y tareas al nivel, historial, molestias, material, preferencias y disponibilidad. No sustituye valoración médica/fisioterapéutica si hay dolor, lesión o señales de alarma.
Condición física general;Mejorar bienestar y energía diaria;Objetivo de usar el ejercicio para mejorar estado general y vitalidad.;general;hábitos;bajo;"FIT2_SRC001;FIT2_SRC008";Calentamiento RAMP;Elevar temperatura, activar, movilizar y potenciar antes de entrenar.;bajo;preparación;Calentamiento RAMP;Realizar 5-10 min de elevar, activar, movilizar y preparar patrón.;Preparar sesión.;bajo;cada sesión;preparación;media;Adaptar carga, volumen, frecuencia, rango, descansos y tareas al nivel, historial, molestias, material, preferencias y disponibilidad. No sustituye valoración médica/fisioterapéutica si hay dolor, lesión o señales de alarma.
Condición física general;Mejorar bienestar y energía diaria;Objetivo de usar el ejercicio para mejorar estado general y vitalidad.;general;hábitos;bajo;"FIT2_SRC001;FIT2_SRC008";Calentamiento RAMP;Elevar temperatura, activar, movilizar y potenciar antes de entrenar.;bajo;preparación;Plan de calentamiento específico;Elegir movilidad y series de aproximación según ejercicio principal.;Preparar básicos.;bajo;cada sesión;preparación;media;Adaptar carga, volumen, frecuencia, rango, descansos y tareas al nivel, historial, molestias, material, preferencias y disponibilidad. No sustituye valoración médica/fisioterapéutica si hay dolor, lesión o señales de alarma.
Condición física general;Mejorar bienestar y energía diaria;Objetivo de usar el ejercicio para mejorar estado general y vitalidad.;general;hábitos;bajo;"FIT2_SRC001;FIT2_SRC008";NEAT y pasos diarios;Aumentar movimiento cotidiano y reducir sedentarismo.;bajo;hábitos;Meta de pasos diarios;Definir meta realista de pasos y revisar media semanal.;Aumentar NEAT.;bajo;diario;hábitos;alta;Adaptar carga, volumen, frecuencia, rango, descansos y tareas al nivel, historial, molestias, material, preferencias y disponibilidad. No sustituye valoración médica/fisioterapéutica si hay dolor, lesión o señales de alarma.
Condición física general;Mejorar bienestar y energía diaria;Objetivo de usar el ejercicio para mejorar estado general y vitalidad.;general;hábitos;bajo;"FIT2_SRC001;FIT2_SRC008";NEAT y pasos diarios;Aumentar movimiento cotidiano y reducir sedentarismo.;bajo;hábitos;Pausas activas;Levantarme y moverme 2-5 minutos cada cierto tiempo.;Reducir sedentarismo.;bajo;diario;hábitos;alta;Adaptar carga, volumen, frecuencia, rango, descansos y tareas al nivel, historial, molestias, material, preferencias y disponibilidad. No sustituye valoración médica/fisioterapéutica si hay dolor, lesión o señales de alarma.
Condición física general;Mejorar bienestar y energía diaria;Objetivo de usar el ejercicio para mejorar estado general y vitalidad.;general;hábitos;bajo;"FIT2_SRC001;FIT2_SRC008";NEAT y pasos diarios;Aumentar movimiento cotidiano y reducir sedentarismo.;bajo;hábitos;Reto de pasos progresivo;Subir 500-1000 pasos/día cada 1-2 semanas según tolerancia.;Aumentar gasto y salud.;bajo;semanal;hábitos;alta;Adaptar carga, volumen, frecuencia, rango, descansos y tareas al nivel, historial, molestias, material, preferencias y disponibilidad. No sustituye valoración médica/fisioterapéutica si hay dolor, lesión o señales de alarma.
Condición física general;Mejorar bienestar y energía diaria;Objetivo de usar el ejercicio para mejorar estado general y vitalidad.;general;hábitos;bajo;"FIT2_SRC001;FIT2_SRC008";NEAT y pasos diarios;Aumentar movimiento cotidiano y reducir sedentarismo.;bajo;hábitos;Plan de salida de sedentarismo;Añadir caminatas cortas, pausas activas y fuerza básica gradual.;Reducir sedentarismo.;bajo;2-4 semanas;hábitos;alta;Adaptar carga, volumen, frecuencia, rango, descansos y tareas al nivel, historial, molestias, material, preferencias y disponibilidad. No sustituye valoración médica/fisioterapéutica si hay dolor, lesión o señales de alarma.
Condición física general;Mejorar bienestar y energía diaria;Objetivo de usar el ejercicio para mejorar estado general y vitalidad.;general;hábitos;bajo;"FIT2_SRC001;FIT2_SRC008";Cardio zona 2;Trabajo aeróbico moderado y sostenible.;bajo;cardio;Cardio zona 2;Realizar cardio conversacional 20-40 minutos.;Mejorar base aeróbica.;bajo;2-4 días/semana;cardio;media;Adaptar carga, volumen, frecuencia, rango, descansos y tareas al nivel, historial, molestias, material, preferencias y disponibilidad. No sustituye valoración médica/fisioterapéutica si hay dolor, lesión o señales de alarma.
Condición física general;Mejorar bienestar y energía diaria;Objetivo de usar el ejercicio para mejorar estado general y vitalidad.;general;hábitos;bajo;"FIT2_SRC001;FIT2_SRC008";Seguimiento de cargas;Registrar ejercicios, series, repeticiones, peso y notas.;bajo;seguimiento;Registro de entrenamiento;Anotar ejercicio, series, repeticiones, peso, RIR/RPE y notas.;Medir progreso real.;bajo;cada sesión;seguimiento;alta;Adaptar carga, volumen, frecuencia, rango, descansos y tareas al nivel, historial, molestias, material, preferencias y disponibilidad. No sustituye valoración médica/fisioterapéutica si hay dolor, lesión o señales de alarma.
Condición física general;Mejorar bienestar y energía diaria;Objetivo de usar el ejercicio para mejorar estado general y vitalidad.;general;hábitos;bajo;"FIT2_SRC001;FIT2_SRC008";Plan de adherencia mínima;Crear versión mínima viable del entrenamiento para semanas difíciles.;bajo;hábitos;Registro de adherencia;Marcar sesiones, pasos, sueño, proteína/hidratación y barreras.;Detectar obstáculos.;bajo;semanal;hábitos;alta;Adaptar carga, volumen, frecuencia, rango, descansos y tareas al nivel, historial, molestias, material, preferencias y disponibilidad. No sustituye valoración médica/fisioterapéutica si hay dolor, lesión o señales de alarma.
Condición física general;Mejorar bienestar y energía diaria;Objetivo de usar el ejercicio para mejorar estado general y vitalidad.;general;hábitos;bajo;"FIT2_SRC001;FIT2_SRC008";Plan de adherencia mínima;Crear versión mínima viable del entrenamiento para semanas difíciles.;bajo;hábitos;Versión mínima viable;Definir entrenamiento mínimo de 10-15 min para días difíciles.;Evitar abandono.;bajo;cuando proceda;hábitos;alta;Adaptar carga, volumen, frecuencia, rango, descansos y tareas al nivel, historial, molestias, material, preferencias y disponibilidad. No sustituye valoración médica/fisioterapéutica si hay dolor, lesión o señales de alarma.
Condición física general;Mejorar bienestar y energía diaria;Objetivo de usar el ejercicio para mejorar estado general y vitalidad.;general;hábitos;bajo;"FIT2_SRC001;FIT2_SRC008";Gestión de barreras;Identificar obstáculos y planificar alternativas concretas.;bajo;hábitos;Plan de barreras;Listar barrera probable y alternativa concreta.;Mejorar continuidad.;bajo;semanal;hábitos;media;Adaptar carga, volumen, frecuencia, rango, descansos y tareas al nivel, historial, molestias, material, preferencias y disponibilidad. No sustituye valoración médica/fisioterapéutica si hay dolor, lesión o señales de alarma.
Condición física general;Mejorar bienestar y energía diaria;Objetivo de usar el ejercicio para mejorar estado general y vitalidad.;general;hábitos;bajo;"FIT2_SRC001;FIT2_SRC008";Prevención de recaídas fitness;Plan para mantener avances ante viajes, estrés, lesión leve o falta de tiempo.;bajo;hábitos;Plan viaje/vacaciones;Definir rutina mínima, pasos y expectativas realistas fuera de casa.;Prevenir abandono.;bajo;antes del viaje;hábitos;media;Adaptar carga, volumen, frecuencia, rango, descansos y tareas al nivel, historial, molestias, material, preferencias y disponibilidad. No sustituye valoración médica/fisioterapéutica si hay dolor, lesión o señales de alarma.
Condición física general;Mejorar bienestar y energía diaria;Objetivo de usar el ejercicio para mejorar estado general y vitalidad.;general;hábitos;bajo;"FIT2_SRC001;FIT2_SRC008";Prevención de recaídas fitness;Plan para mantener avances ante viajes, estrés, lesión leve o falta de tiempo.;bajo;hábitos;Revisión mensual de progreso;Analizar datos, ajustar plan y fijar siguiente bloque.;Mantener dirección.;bajo;mensual;seguimiento;media;Adaptar carga, volumen, frecuencia, rango, descansos y tareas al nivel, historial, molestias, material, preferencias y disponibilidad. No sustituye valoración médica/fisioterapéutica si hay dolor, lesión o señales de alarma.
Hipertrofia;Ganar masa muscular general;Aumentar músculo de forma progresiva y sostenible.;general;entrenamiento;bajo;"FIT2_SRC004;FIT2_SRC005;FIT2_SRC007";Doble progresión;Progresar repeticiones dentro de un rango antes de subir carga.;bajo;entrenamiento;Doble progresión por rango;Mantener rango objetivo y subir peso al completar repeticiones con técnica.;Progresar sin precipitar carga.;bajo;semanal;entrenamiento;media;Adaptar carga, volumen, frecuencia, rango, descansos y tareas al nivel, historial, molestias, material, preferencias y disponibilidad. No sustituye valoración médica/fisioterapéutica si hay dolor, lesión o señales de alarma.
Hipertrofia;Ganar masa muscular general;Aumentar músculo de forma progresiva y sostenible.;general;entrenamiento;bajo;"FIT2_SRC004;FIT2_SRC005;FIT2_SRC007";Control de volumen semanal;Gestionar series efectivas por grupo muscular y objetivo.;bajo;programación;Revisión de series efectivas;Contar series semanales por grupo muscular y ajustar.;Optimizar volumen.;bajo;semanal;programación;media;Adaptar carga, volumen, frecuencia, rango, descansos y tareas al nivel, historial, molestias, material, preferencias y disponibilidad. No sustituye valoración médica/fisioterapéutica si hay dolor, lesión o señales de alarma.
Hipertrofia;Ganar masa muscular general;Aumentar músculo de forma progresiva y sostenible.;general;entrenamiento;bajo;"FIT2_SRC004;FIT2_SRC005;FIT2_SRC007";Frecuencia muscular;Distribuir estímulos de cada grupo muscular durante la semana.;bajo;programación;Distribución muscular semanal;Repartir estímulos por grupo muscular 2 veces/semana si procede.;Mejorar frecuencia y recuperación.;bajo;semanal;programación;media;Adaptar carga, volumen, frecuencia, rango, descansos y tareas al nivel, historial, molestias, material, preferencias y disponibilidad. No sustituye valoración médica/fisioterapéutica si hay dolor, lesión o señales de alarma.
Hipertrofia;Ganar masa muscular general;Aumentar músculo de forma progresiva y sostenible.;general;entrenamiento;bajo;"FIT2_SRC004;FIT2_SRC005;FIT2_SRC007";RIR/RPE;Usar repeticiones en reserva o esfuerzo percibido para ajustar intensidad.;medio;entrenamiento;Registro RIR/RPE;Valorar esfuerzo en series principales y ajustar siguiente sesión.;Controlar intensidad.;medio;cada sesión;entrenamiento;media;Adaptar carga, volumen, frecuencia, rango, descansos y tareas al nivel, historial, molestias, material, preferencias y disponibilidad. No sustituye valoración médica/fisioterapéutica si hay dolor, lesión o señales de alarma.
Hipertrofia;Ganar masa muscular general;Aumentar músculo de forma progresiva y sostenible.;general;entrenamiento;bajo;"FIT2_SRC004;FIT2_SRC005;FIT2_SRC007";Cercanía al fallo técnico;Acercarse al fallo manteniendo técnica segura según objetivo y nivel.;medio;entrenamiento;Serie cercana al fallo técnico;Aplicar una serie exigente sin perder técnica en ejercicio seleccionado.;Estimular adaptación.;medio;según plan;entrenamiento;media;Adaptar carga, volumen, frecuencia, rango, descansos y tareas al nivel, historial, molestias, material, preferencias y disponibilidad. No sustituye valoración médica/fisioterapéutica si hay dolor, lesión o señales de alarma.
Hipertrofia;Ganar masa muscular general;Aumentar músculo de forma progresiva y sostenible.;general;entrenamiento;bajo;"FIT2_SRC004;FIT2_SRC005;FIT2_SRC007";Proteína objetivo;Asegurar proteína suficiente para mantenimiento/ganancia muscular.;bajo;nutrición básica;Objetivo de proteína;Definir meta de proteína diaria aproximada según profesional.;Apoyar músculo y saciedad.;bajo;diario;nutrición básica;media;Adaptar carga, volumen, frecuencia, rango, descansos y tareas al nivel, historial, molestias, material, preferencias y disponibilidad. No sustituye valoración médica/fisioterapéutica si hay dolor, lesión o señales de alarma.
Hipertrofia;Ganar masa muscular general;Aumentar músculo de forma progresiva y sostenible.;general;entrenamiento;bajo;"FIT2_SRC004;FIT2_SRC005;FIT2_SRC007";Proteína objetivo;Asegurar proteína suficiente para mantenimiento/ganancia muscular.;bajo;nutrición básica;Plan de cenas/proteína simple;Preparar opciones sencillas de cena alta en proteína si el objetivo lo requiere.;Apoyar recuperación/adherencia.;bajo;semanal;nutrición básica;media;Adaptar carga, volumen, frecuencia, rango, descansos y tareas al nivel, historial, molestias, material, preferencias y disponibilidad. No sustituye valoración médica/fisioterapéutica si hay dolor, lesión o señales de alarma.
Hipertrofia;Ganar masa muscular general;Aumentar músculo de forma progresiva y sostenible.;general;entrenamiento;bajo;"FIT2_SRC004;FIT2_SRC005;FIT2_SRC007";Seguimiento de cargas;Registrar ejercicios, series, repeticiones, peso y notas.;bajo;seguimiento;Registro de entrenamiento;Anotar ejercicio, series, repeticiones, peso, RIR/RPE y notas.;Medir progreso real.;bajo;cada sesión;seguimiento;alta;Adaptar carga, volumen, frecuencia, rango, descansos y tareas al nivel, historial, molestias, material, preferencias y disponibilidad. No sustituye valoración médica/fisioterapéutica si hay dolor, lesión o señales de alarma.
Hipertrofia;Ganar masa muscular general;Aumentar músculo de forma progresiva y sostenible.;general;entrenamiento;bajo;"FIT2_SRC004;FIT2_SRC005;FIT2_SRC007";Seguimiento de medidas;Registrar peso, perímetros, fotos y adherencia según objetivo.;bajo;seguimiento;Registro de peso y cintura;Anotar peso medio semanal y perímetro de cintura.;Seguir composición corporal.;bajo;semanal;seguimiento;media;Adaptar carga, volumen, frecuencia, rango, descansos y tareas al nivel, historial, molestias, material, preferencias y disponibilidad. No sustituye valoración médica/fisioterapéutica si hay dolor, lesión o señales de alarma.
Hipertrofia;Ganar masa muscular general;Aumentar músculo de forma progresiva y sostenible.;general;entrenamiento;bajo;"FIT2_SRC004;FIT2_SRC005;FIT2_SRC007";Seguimiento de medidas;Registrar peso, perímetros, fotos y adherencia según objetivo.;bajo;seguimiento;Fotos comparativas;Tomar fotos con misma luz, postura y distancia.;Evaluar cambios visuales.;bajo;mensual;seguimiento;media;Adaptar carga, volumen, frecuencia, rango, descansos y tareas al nivel, historial, molestias, material, preferencias y disponibilidad. No sustituye valoración médica/fisioterapéutica si hay dolor, lesión o señales de alarma.
Hipertrofia;Ganar masa muscular general;Aumentar músculo de forma progresiva y sostenible.;general;entrenamiento;bajo;"FIT2_SRC004;FIT2_SRC005;FIT2_SRC007";Sueño y recuperación;Educar sobre descanso, días de recuperación y señales de fatiga.;bajo;recuperación;Registro de sueño y energía;Anotar sueño, energía y rendimiento de entrenamiento.;Ajustar recuperación.;bajo;7-14 días;recuperación;media;Adaptar carga, volumen, frecuencia, rango, descansos y tareas al nivel, historial, molestias, material, preferencias y disponibilidad. No sustituye valoración médica/fisioterapéutica si hay dolor, lesión o señales de alarma.
Hipertrofia;Ganar masa muscular general;Aumentar músculo de forma progresiva y sostenible.;general;entrenamiento;bajo;"FIT2_SRC004;FIT2_SRC005;FIT2_SRC007";Sueño y recuperación;Educar sobre descanso, días de recuperación y señales de fatiga.;bajo;recuperación;Día de recuperación activa;Programar paseo, movilidad o descanso en lugar de intensidad.;Mejorar recuperación.;bajo;semanal;recuperación;media;Adaptar carga, volumen, frecuencia, rango, descansos y tareas al nivel, historial, molestias, material, preferencias y disponibilidad. No sustituye valoración médica/fisioterapéutica si hay dolor, lesión o señales de alarma.
Hipertrofia;Ganar masa muscular general;Aumentar músculo de forma progresiva y sostenible.;general;entrenamiento;bajo;"FIT2_SRC004;FIT2_SRC005;FIT2_SRC007";Selección de ejercicios por Body Muscles;Elegir ejercicios según región muscular y objetivo visual/anatómico.;bajo;programación;Selección por grupo muscular;Elegir 2-4 ejercicios por región Body Muscles objetivo.;Conectar objetivo visual/anatómico.;bajo;según rutina;programación;media;Adaptar carga, volumen, frecuencia, rango, descansos y tareas al nivel, historial, molestias, material, preferencias y disponibilidad. No sustituye valoración médica/fisioterapéutica si hay dolor, lesión o señales de alarma.
Hipertrofia;Ganar masa muscular general;Aumentar músculo de forma progresiva y sostenible.;general;entrenamiento;bajo;"FIT2_SRC004;FIT2_SRC005;FIT2_SRC007";Autoregulación de entrenamiento;Ajustar carga y volumen según energía, sueño, dolor y rendimiento.;medio;programación;Plan post-estancamiento;Revisar sueño, nutrición, volumen, intensidad y técnica antes de cambiar todo.;Resolver estancamiento.;medio;cuando proceda;programación;media;Adaptar carga, volumen, frecuencia, rango, descansos y tareas al nivel, historial, molestias, material, preferencias y disponibilidad. No sustituye valoración médica/fisioterapéutica si hay dolor, lesión o señales de alarma.
Hipertrofia;Ganar masa muscular general;Aumentar músculo de forma progresiva y sostenible.;general;entrenamiento;bajo;"FIT2_SRC004;FIT2_SRC005;FIT2_SRC007";Autoregulación de entrenamiento;Ajustar carga y volumen según energía, sueño, dolor y rendimiento.;medio;programación;Reducción de carga por fatiga;Aplicar autoregulación si sueño/energía/rendimiento están bajos.;Evitar exceso.;medio;cada sesión;programación;media;Adaptar carga, volumen, frecuencia, rango, descansos y tareas al nivel, historial, molestias, material, preferencias y disponibilidad. No sustituye valoración médica/fisioterapéutica si hay dolor, lesión o señales de alarma.
Hipertrofia;Hipertrofia de tren superior;Priorizar pecho, espalda, hombros y brazos.;general;entrenamiento;bajo;"FIT2_SRC004;FIT2_SRC007";Doble progresión;Progresar repeticiones dentro de un rango antes de subir carga.;bajo;entrenamiento;Doble progresión por rango;Mantener rango objetivo y subir peso al completar repeticiones con técnica.;Progresar sin precipitar carga.;bajo;semanal;entrenamiento;media;Adaptar carga, volumen, frecuencia, rango, descansos y tareas al nivel, historial, molestias, material, preferencias y disponibilidad. No sustituye valoración médica/fisioterapéutica si hay dolor, lesión o señales de alarma.
Hipertrofia;Hipertrofia de tren superior;Priorizar pecho, espalda, hombros y brazos.;general;entrenamiento;bajo;"FIT2_SRC004;FIT2_SRC007";Control de volumen semanal;Gestionar series efectivas por grupo muscular y objetivo.;bajo;programación;Revisión de series efectivas;Contar series semanales por grupo muscular y ajustar.;Optimizar volumen.;bajo;semanal;programación;media;Adaptar carga, volumen, frecuencia, rango, descansos y tareas al nivel, historial, molestias, material, preferencias y disponibilidad. No sustituye valoración médica/fisioterapéutica si hay dolor, lesión o señales de alarma.
Hipertrofia;Hipertrofia de tren superior;Priorizar pecho, espalda, hombros y brazos.;general;entrenamiento;bajo;"FIT2_SRC004;FIT2_SRC007";Frecuencia muscular;Distribuir estímulos de cada grupo muscular durante la semana.;bajo;programación;Distribución muscular semanal;Repartir estímulos por grupo muscular 2 veces/semana si procede.;Mejorar frecuencia y recuperación.;bajo;semanal;programación;media;Adaptar carga, volumen, frecuencia, rango, descansos y tareas al nivel, historial, molestias, material, preferencias y disponibilidad. No sustituye valoración médica/fisioterapéutica si hay dolor, lesión o señales de alarma.
Hipertrofia;Hipertrofia de tren superior;Priorizar pecho, espalda, hombros y brazos.;general;entrenamiento;bajo;"FIT2_SRC004;FIT2_SRC007";RIR/RPE;Usar repeticiones en reserva o esfuerzo percibido para ajustar intensidad.;medio;entrenamiento;Registro RIR/RPE;Valorar esfuerzo en series principales y ajustar siguiente sesión.;Controlar intensidad.;medio;cada sesión;entrenamiento;media;Adaptar carga, volumen, frecuencia, rango, descansos y tareas al nivel, historial, molestias, material, preferencias y disponibilidad. No sustituye valoración médica/fisioterapéutica si hay dolor, lesión o señales de alarma.
Hipertrofia;Hipertrofia de tren superior;Priorizar pecho, espalda, hombros y brazos.;general;entrenamiento;bajo;"FIT2_SRC004;FIT2_SRC007";Cercanía al fallo técnico;Acercarse al fallo manteniendo técnica segura según objetivo y nivel.;medio;entrenamiento;Serie cercana al fallo técnico;Aplicar una serie exigente sin perder técnica en ejercicio seleccionado.;Estimular adaptación.;medio;según plan;entrenamiento;media;Adaptar carga, volumen, frecuencia, rango, descansos y tareas al nivel, historial, molestias, material, preferencias y disponibilidad. No sustituye valoración médica/fisioterapéutica si hay dolor, lesión o señales de alarma.
Hipertrofia;Hipertrofia de tren superior;Priorizar pecho, espalda, hombros y brazos.;general;entrenamiento;bajo;"FIT2_SRC004;FIT2_SRC007";Proteína objetivo;Asegurar proteína suficiente para mantenimiento/ganancia muscular.;bajo;nutrición básica;Objetivo de proteína;Definir meta de proteína diaria aproximada según profesional.;Apoyar músculo y saciedad.;bajo;diario;nutrición básica;media;Adaptar carga, volumen, frecuencia, rango, descansos y tareas al nivel, historial, molestias, material, preferencias y disponibilidad. No sustituye valoración médica/fisioterapéutica si hay dolor, lesión o señales de alarma.
Hipertrofia;Hipertrofia de tren superior;Priorizar pecho, espalda, hombros y brazos.;general;entrenamiento;bajo;"FIT2_SRC004;FIT2_SRC007";Proteína objetivo;Asegurar proteína suficiente para mantenimiento/ganancia muscular.;bajo;nutrición básica;Plan de cenas/proteína simple;Preparar opciones sencillas de cena alta en proteína si el objetivo lo requiere.;Apoyar recuperación/adherencia.;bajo;semanal;nutrición básica;media;Adaptar carga, volumen, frecuencia, rango, descansos y tareas al nivel, historial, molestias, material, preferencias y disponibilidad. No sustituye valoración médica/fisioterapéutica si hay dolor, lesión o señales de alarma.
Hipertrofia;Hipertrofia de tren superior;Priorizar pecho, espalda, hombros y brazos.;general;entrenamiento;bajo;"FIT2_SRC004;FIT2_SRC007";Seguimiento de cargas;Registrar ejercicios, series, repeticiones, peso y notas.;bajo;seguimiento;Registro de entrenamiento;Anotar ejercicio, series, repeticiones, peso, RIR/RPE y notas.;Medir progreso real.;bajo;cada sesión;seguimiento;alta;Adaptar carga, volumen, frecuencia, rango, descansos y tareas al nivel, historial, molestias, material, preferencias y disponibilidad. No sustituye valoración médica/fisioterapéutica si hay dolor, lesión o señales de alarma.
Hipertrofia;Hipertrofia de tren superior;Priorizar pecho, espalda, hombros y brazos.;general;entrenamiento;bajo;"FIT2_SRC004;FIT2_SRC007";Seguimiento de medidas;Registrar peso, perímetros, fotos y adherencia según objetivo.;bajo;seguimiento;Registro de peso y cintura;Anotar peso medio semanal y perímetro de cintura.;Seguir composición corporal.;bajo;semanal;seguimiento;media;Adaptar carga, volumen, frecuencia, rango, descansos y tareas al nivel, historial, molestias, material, preferencias y disponibilidad. No sustituye valoración médica/fisioterapéutica si hay dolor, lesión o señales de alarma.
Hipertrofia;Hipertrofia de tren superior;Priorizar pecho, espalda, hombros y brazos.;general;entrenamiento;bajo;"FIT2_SRC004;FIT2_SRC007";Seguimiento de medidas;Registrar peso, perímetros, fotos y adherencia según objetivo.;bajo;seguimiento;Fotos comparativas;Tomar fotos con misma luz, postura y distancia.;Evaluar cambios visuales.;bajo;mensual;seguimiento;media;Adaptar carga, volumen, frecuencia, rango, descansos y tareas al nivel, historial, molestias, material, preferencias y disponibilidad. No sustituye valoración médica/fisioterapéutica si hay dolor, lesión o señales de alarma.
Hipertrofia;Hipertrofia de tren superior;Priorizar pecho, espalda, hombros y brazos.;general;entrenamiento;bajo;"FIT2_SRC004;FIT2_SRC007";Sueño y recuperación;Educar sobre descanso, días de recuperación y señales de fatiga.;bajo;recuperación;Registro de sueño y energía;Anotar sueño, energía y rendimiento de entrenamiento.;Ajustar recuperación.;bajo;7-14 días;recuperación;media;Adaptar carga, volumen, frecuencia, rango, descansos y tareas al nivel, historial, molestias, material, preferencias y disponibilidad. No sustituye valoración médica/fisioterapéutica si hay dolor, lesión o señales de alarma.
Hipertrofia;Hipertrofia de tren superior;Priorizar pecho, espalda, hombros y brazos.;general;entrenamiento;bajo;"FIT2_SRC004;FIT2_SRC007";Sueño y recuperación;Educar sobre descanso, días de recuperación y señales de fatiga.;bajo;recuperación;Día de recuperación activa;Programar paseo, movilidad o descanso en lugar de intensidad.;Mejorar recuperación.;bajo;semanal;recuperación;media;Adaptar carga, volumen, frecuencia, rango, descansos y tareas al nivel, historial, molestias, material, preferencias y disponibilidad. No sustituye valoración médica/fisioterapéutica si hay dolor, lesión o señales de alarma.
Hipertrofia;Hipertrofia de tren superior;Priorizar pecho, espalda, hombros y brazos.;general;entrenamiento;bajo;"FIT2_SRC004;FIT2_SRC007";Selección de ejercicios por Body Muscles;Elegir ejercicios según región muscular y objetivo visual/anatómico.;bajo;programación;Selección por grupo muscular;Elegir 2-4 ejercicios por región Body Muscles objetivo.;Conectar objetivo visual/anatómico.;bajo;según rutina;programación;media;Adaptar carga, volumen, frecuencia, rango, descansos y tareas al nivel, historial, molestias, material, preferencias y disponibilidad. No sustituye valoración médica/fisioterapéutica si hay dolor, lesión o señales de alarma.
Hipertrofia;Hipertrofia de tren superior;Priorizar pecho, espalda, hombros y brazos.;general;entrenamiento;bajo;"FIT2_SRC004;FIT2_SRC007";Autoregulación de entrenamiento;Ajustar carga y volumen según energía, sueño, dolor y rendimiento.;medio;programación;Plan post-estancamiento;Revisar sueño, nutrición, volumen, intensidad y técnica antes de cambiar todo.;Resolver estancamiento.;medio;cuando proceda;programación;media;Adaptar carga, volumen, frecuencia, rango, descansos y tareas al nivel, historial, molestias, material, preferencias y disponibilidad. No sustituye valoración médica/fisioterapéutica si hay dolor, lesión o señales de alarma.
Hipertrofia;Hipertrofia de tren superior;Priorizar pecho, espalda, hombros y brazos.;general;entrenamiento;bajo;"FIT2_SRC004;FIT2_SRC007";Autoregulación de entrenamiento;Ajustar carga y volumen según energía, sueño, dolor y rendimiento.;medio;programación;Reducción de carga por fatiga;Aplicar autoregulación si sueño/energía/rendimiento están bajos.;Evitar exceso.;medio;cada sesión;programación;media;Adaptar carga, volumen, frecuencia, rango, descansos y tareas al nivel, historial, molestias, material, preferencias y disponibilidad. No sustituye valoración médica/fisioterapéutica si hay dolor, lesión o señales de alarma.
Hipertrofia;Hipertrofia de tren inferior;Priorizar glúteos, cuádriceps, isquiosurales y gemelos.;general;entrenamiento;bajo;"FIT2_SRC004;FIT2_SRC007";Doble progresión;Progresar repeticiones dentro de un rango antes de subir carga.;bajo;entrenamiento;Doble progresión por rango;Mantener rango objetivo y subir peso al completar repeticiones con técnica.;Progresar sin precipitar carga.;bajo;semanal;entrenamiento;media;Adaptar carga, volumen, frecuencia, rango, descansos y tareas al nivel, historial, molestias, material, preferencias y disponibilidad. No sustituye valoración médica/fisioterapéutica si hay dolor, lesión o señales de alarma.
Hipertrofia;Hipertrofia de tren inferior;Priorizar glúteos, cuádriceps, isquiosurales y gemelos.;general;entrenamiento;bajo;"FIT2_SRC004;FIT2_SRC007";Control de volumen semanal;Gestionar series efectivas por grupo muscular y objetivo.;bajo;programación;Revisión de series efectivas;Contar series semanales por grupo muscular y ajustar.;Optimizar volumen.;bajo;semanal;programación;media;Adaptar carga, volumen, frecuencia, rango, descansos y tareas al nivel, historial, molestias, material, preferencias y disponibilidad. No sustituye valoración médica/fisioterapéutica si hay dolor, lesión o señales de alarma.
Hipertrofia;Hipertrofia de tren inferior;Priorizar glúteos, cuádriceps, isquiosurales y gemelos.;general;entrenamiento;bajo;"FIT2_SRC004;FIT2_SRC007";Frecuencia muscular;Distribuir estímulos de cada grupo muscular durante la semana.;bajo;programación;Distribución muscular semanal;Repartir estímulos por grupo muscular 2 veces/semana si procede.;Mejorar frecuencia y recuperación.;bajo;semanal;programación;media;Adaptar carga, volumen, frecuencia, rango, descansos y tareas al nivel, historial, molestias, material, preferencias y disponibilidad. No sustituye valoración médica/fisioterapéutica si hay dolor, lesión o señales de alarma.
Hipertrofia;Hipertrofia de tren inferior;Priorizar glúteos, cuádriceps, isquiosurales y gemelos.;general;entrenamiento;bajo;"FIT2_SRC004;FIT2_SRC007";RIR/RPE;Usar repeticiones en reserva o esfuerzo percibido para ajustar intensidad.;medio;entrenamiento;Registro RIR/RPE;Valorar esfuerzo en series principales y ajustar siguiente sesión.;Controlar intensidad.;medio;cada sesión;entrenamiento;media;Adaptar carga, volumen, frecuencia, rango, descansos y tareas al nivel, historial, molestias, material, preferencias y disponibilidad. No sustituye valoración médica/fisioterapéutica si hay dolor, lesión o señales de alarma.
Hipertrofia;Hipertrofia de tren inferior;Priorizar glúteos, cuádriceps, isquiosurales y gemelos.;general;entrenamiento;bajo;"FIT2_SRC004;FIT2_SRC007";Cercanía al fallo técnico;Acercarse al fallo manteniendo técnica segura según objetivo y nivel.;medio;entrenamiento;Serie cercana al fallo técnico;Aplicar una serie exigente sin perder técnica en ejercicio seleccionado.;Estimular adaptación.;medio;según plan;entrenamiento;media;Adaptar carga, volumen, frecuencia, rango, descansos y tareas al nivel, historial, molestias, material, preferencias y disponibilidad. No sustituye valoración médica/fisioterapéutica si hay dolor, lesión o señales de alarma.
Hipertrofia;Hipertrofia de tren inferior;Priorizar glúteos, cuádriceps, isquiosurales y gemelos.;general;entrenamiento;bajo;"FIT2_SRC004;FIT2_SRC007";Proteína objetivo;Asegurar proteína suficiente para mantenimiento/ganancia muscular.;bajo;nutrición básica;Objetivo de proteína;Definir meta de proteína diaria aproximada según profesional.;Apoyar músculo y saciedad.;bajo;diario;nutrición básica;media;Adaptar carga, volumen, frecuencia, rango, descansos y tareas al nivel, historial, molestias, material, preferencias y disponibilidad. No sustituye valoración médica/fisioterapéutica si hay dolor, lesión o señales de alarma.
Hipertrofia;Hipertrofia de tren inferior;Priorizar glúteos, cuádriceps, isquiosurales y gemelos.;general;entrenamiento;bajo;"FIT2_SRC004;FIT2_SRC007";Proteína objetivo;Asegurar proteína suficiente para mantenimiento/ganancia muscular.;bajo;nutrición básica;Plan de cenas/proteína simple;Preparar opciones sencillas de cena alta en proteína si el objetivo lo requiere.;Apoyar recuperación/adherencia.;bajo;semanal;nutrición básica;media;Adaptar carga, volumen, frecuencia, rango, descansos y tareas al nivel, historial, molestias, material, preferencias y disponibilidad. No sustituye valoración médica/fisioterapéutica si hay dolor, lesión o señales de alarma.
Hipertrofia;Hipertrofia de tren inferior;Priorizar glúteos, cuádriceps, isquiosurales y gemelos.;general;entrenamiento;bajo;"FIT2_SRC004;FIT2_SRC007";Seguimiento de cargas;Registrar ejercicios, series, repeticiones, peso y notas.;bajo;seguimiento;Registro de entrenamiento;Anotar ejercicio, series, repeticiones, peso, RIR/RPE y notas.;Medir progreso real.;bajo;cada sesión;seguimiento;alta;Adaptar carga, volumen, frecuencia, rango, descansos y tareas al nivel, historial, molestias, material, preferencias y disponibilidad. No sustituye valoración médica/fisioterapéutica si hay dolor, lesión o señales de alarma.
Hipertrofia;Hipertrofia de tren inferior;Priorizar glúteos, cuádriceps, isquiosurales y gemelos.;general;entrenamiento;bajo;"FIT2_SRC004;FIT2_SRC007";Seguimiento de medidas;Registrar peso, perímetros, fotos y adherencia según objetivo.;bajo;seguimiento;Registro de peso y cintura;Anotar peso medio semanal y perímetro de cintura.;Seguir composición corporal.;bajo;semanal;seguimiento;media;Adaptar carga, volumen, frecuencia, rango, descansos y tareas al nivel, historial, molestias, material, preferencias y disponibilidad. No sustituye valoración médica/fisioterapéutica si hay dolor, lesión o señales de alarma.
Hipertrofia;Hipertrofia de tren inferior;Priorizar glúteos, cuádriceps, isquiosurales y gemelos.;general;entrenamiento;bajo;"FIT2_SRC004;FIT2_SRC007";Seguimiento de medidas;Registrar peso, perímetros, fotos y adherencia según objetivo.;bajo;seguimiento;Fotos comparativas;Tomar fotos con misma luz, postura y distancia.;Evaluar cambios visuales.;bajo;mensual;seguimiento;media;Adaptar carga, volumen, frecuencia, rango, descansos y tareas al nivel, historial, molestias, material, preferencias y disponibilidad. No sustituye valoración médica/fisioterapéutica si hay dolor, lesión o señales de alarma.
Hipertrofia;Hipertrofia de tren inferior;Priorizar glúteos, cuádriceps, isquiosurales y gemelos.;general;entrenamiento;bajo;"FIT2_SRC004;FIT2_SRC007";Sueño y recuperación;Educar sobre descanso, días de recuperación y señales de fatiga.;bajo;recuperación;Registro de sueño y energía;Anotar sueño, energía y rendimiento de entrenamiento.;Ajustar recuperación.;bajo;7-14 días;recuperación;media;Adaptar carga, volumen, frecuencia, rango, descansos y tareas al nivel, historial, molestias, material, preferencias y disponibilidad. No sustituye valoración médica/fisioterapéutica si hay dolor, lesión o señales de alarma.
Hipertrofia;Hipertrofia de tren inferior;Priorizar glúteos, cuádriceps, isquiosurales y gemelos.;general;entrenamiento;bajo;"FIT2_SRC004;FIT2_SRC007";Sueño y recuperación;Educar sobre descanso, días de recuperación y señales de fatiga.;bajo;recuperación;Día de recuperación activa;Programar paseo, movilidad o descanso en lugar de intensidad.;Mejorar recuperación.;bajo;semanal;recuperación;media;Adaptar carga, volumen, frecuencia, rango, descansos y tareas al nivel, historial, molestias, material, preferencias y disponibilidad. No sustituye valoración médica/fisioterapéutica si hay dolor, lesión o señales de alarma.
Hipertrofia;Hipertrofia de tren inferior;Priorizar glúteos, cuádriceps, isquiosurales y gemelos.;general;entrenamiento;bajo;"FIT2_SRC004;FIT2_SRC007";Selección de ejercicios por Body Muscles;Elegir ejercicios según región muscular y objetivo visual/anatómico.;bajo;programación;Selección por grupo muscular;Elegir 2-4 ejercicios por región Body Muscles objetivo.;Conectar objetivo visual/anatómico.;bajo;según rutina;programación;media;Adaptar carga, volumen, frecuencia, rango, descansos y tareas al nivel, historial, molestias, material, preferencias y disponibilidad. No sustituye valoración médica/fisioterapéutica si hay dolor, lesión o señales de alarma.
Hipertrofia;Hipertrofia de tren inferior;Priorizar glúteos, cuádriceps, isquiosurales y gemelos.;general;entrenamiento;bajo;"FIT2_SRC004;FIT2_SRC007";Autoregulación de entrenamiento;Ajustar carga y volumen según energía, sueño, dolor y rendimiento.;medio;programación;Plan post-estancamiento;Revisar sueño, nutrición, volumen, intensidad y técnica antes de cambiar todo.;Resolver estancamiento.;medio;cuando proceda;programación;media;Adaptar carga, volumen, frecuencia, rango, descansos y tareas al nivel, historial, molestias, material, preferencias y disponibilidad. No sustituye valoración médica/fisioterapéutica si hay dolor, lesión o señales de alarma.
Hipertrofia;Hipertrofia de tren inferior;Priorizar glúteos, cuádriceps, isquiosurales y gemelos.;general;entrenamiento;bajo;"FIT2_SRC004;FIT2_SRC007";Autoregulación de entrenamiento;Ajustar carga y volumen según energía, sueño, dolor y rendimiento.;medio;programación;Reducción de carga por fatiga;Aplicar autoregulación si sueño/energía/rendimiento están bajos.;Evitar exceso.;medio;cada sesión;programación;media;Adaptar carga, volumen, frecuencia, rango, descansos y tareas al nivel, historial, molestias, material, preferencias y disponibilidad. No sustituye valoración médica/fisioterapéutica si hay dolor, lesión o señales de alarma.
Hipertrofia;Brazos poco desarrollados;Objetivo estético de mejorar bíceps, tríceps y antebrazo.;general;entrenamiento;bajo;"FIT2_SRC004;FIT2_SRC007";Doble progresión;Progresar repeticiones dentro de un rango antes de subir carga.;bajo;entrenamiento;Doble progresión por rango;Mantener rango objetivo y subir peso al completar repeticiones con técnica.;Progresar sin precipitar carga.;bajo;semanal;entrenamiento;media;Adaptar carga, volumen, frecuencia, rango, descansos y tareas al nivel, historial, molestias, material, preferencias y disponibilidad. No sustituye valoración médica/fisioterapéutica si hay dolor, lesión o señales de alarma.
Hipertrofia;Brazos poco desarrollados;Objetivo estético de mejorar bíceps, tríceps y antebrazo.;general;entrenamiento;bajo;"FIT2_SRC004;FIT2_SRC007";Control de volumen semanal;Gestionar series efectivas por grupo muscular y objetivo.;bajo;programación;Revisión de series efectivas;Contar series semanales por grupo muscular y ajustar.;Optimizar volumen.;bajo;semanal;programación;media;Adaptar carga, volumen, frecuencia, rango, descansos y tareas al nivel, historial, molestias, material, preferencias y disponibilidad. No sustituye valoración médica/fisioterapéutica si hay dolor, lesión o señales de alarma.
Hipertrofia;Brazos poco desarrollados;Objetivo estético de mejorar bíceps, tríceps y antebrazo.;general;entrenamiento;bajo;"FIT2_SRC004;FIT2_SRC007";Frecuencia muscular;Distribuir estímulos de cada grupo muscular durante la semana.;bajo;programación;Distribución muscular semanal;Repartir estímulos por grupo muscular 2 veces/semana si procede.;Mejorar frecuencia y recuperación.;bajo;semanal;programación;media;Adaptar carga, volumen, frecuencia, rango, descansos y tareas al nivel, historial, molestias, material, preferencias y disponibilidad. No sustituye valoración médica/fisioterapéutica si hay dolor, lesión o señales de alarma.
Hipertrofia;Brazos poco desarrollados;Objetivo estético de mejorar bíceps, tríceps y antebrazo.;general;entrenamiento;bajo;"FIT2_SRC004;FIT2_SRC007";RIR/RPE;Usar repeticiones en reserva o esfuerzo percibido para ajustar intensidad.;medio;entrenamiento;Registro RIR/RPE;Valorar esfuerzo en series principales y ajustar siguiente sesión.;Controlar intensidad.;medio;cada sesión;entrenamiento;media;Adaptar carga, volumen, frecuencia, rango, descansos y tareas al nivel, historial, molestias, material, preferencias y disponibilidad. No sustituye valoración médica/fisioterapéutica si hay dolor, lesión o señales de alarma.
Hipertrofia;Brazos poco desarrollados;Objetivo estético de mejorar bíceps, tríceps y antebrazo.;general;entrenamiento;bajo;"FIT2_SRC004;FIT2_SRC007";Cercanía al fallo técnico;Acercarse al fallo manteniendo técnica segura según objetivo y nivel.;medio;entrenamiento;Serie cercana al fallo técnico;Aplicar una serie exigente sin perder técnica en ejercicio seleccionado.;Estimular adaptación.;medio;según plan;entrenamiento;media;Adaptar carga, volumen, frecuencia, rango, descansos y tareas al nivel, historial, molestias, material, preferencias y disponibilidad. No sustituye valoración médica/fisioterapéutica si hay dolor, lesión o señales de alarma.
Hipertrofia;Brazos poco desarrollados;Objetivo estético de mejorar bíceps, tríceps y antebrazo.;general;entrenamiento;bajo;"FIT2_SRC004;FIT2_SRC007";Proteína objetivo;Asegurar proteína suficiente para mantenimiento/ganancia muscular.;bajo;nutrición básica;Objetivo de proteína;Definir meta de proteína diaria aproximada según profesional.;Apoyar músculo y saciedad.;bajo;diario;nutrición básica;media;Adaptar carga, volumen, frecuencia, rango, descansos y tareas al nivel, historial, molestias, material, preferencias y disponibilidad. No sustituye valoración médica/fisioterapéutica si hay dolor, lesión o señales de alarma.
Hipertrofia;Brazos poco desarrollados;Objetivo estético de mejorar bíceps, tríceps y antebrazo.;general;entrenamiento;bajo;"FIT2_SRC004;FIT2_SRC007";Proteína objetivo;Asegurar proteína suficiente para mantenimiento/ganancia muscular.;bajo;nutrición básica;Plan de cenas/proteína simple;Preparar opciones sencillas de cena alta en proteína si el objetivo lo requiere.;Apoyar recuperación/adherencia.;bajo;semanal;nutrición básica;media;Adaptar carga, volumen, frecuencia, rango, descansos y tareas al nivel, historial, molestias, material, preferencias y disponibilidad. No sustituye valoración médica/fisioterapéutica si hay dolor, lesión o señales de alarma.
Hipertrofia;Brazos poco desarrollados;Objetivo estético de mejorar bíceps, tríceps y antebrazo.;general;entrenamiento;bajo;"FIT2_SRC004;FIT2_SRC007";Seguimiento de cargas;Registrar ejercicios, series, repeticiones, peso y notas.;bajo;seguimiento;Registro de entrenamiento;Anotar ejercicio, series, repeticiones, peso, RIR/RPE y notas.;Medir progreso real.;bajo;cada sesión;seguimiento;alta;Adaptar carga, volumen, frecuencia, rango, descansos y tareas al nivel, historial, molestias, material, preferencias y disponibilidad. No sustituye valoración médica/fisioterapéutica si hay dolor, lesión o señales de alarma.
Hipertrofia;Brazos poco desarrollados;Objetivo estético de mejorar bíceps, tríceps y antebrazo.;general;entrenamiento;bajo;"FIT2_SRC004;FIT2_SRC007";Seguimiento de medidas;Registrar peso, perímetros, fotos y adherencia según objetivo.;bajo;seguimiento;Registro de peso y cintura;Anotar peso medio semanal y perímetro de cintura.;Seguir composición corporal.;bajo;semanal;seguimiento;media;Adaptar carga, volumen, frecuencia, rango, descansos y tareas al nivel, historial, molestias, material, preferencias y disponibilidad. No sustituye valoración médica/fisioterapéutica si hay dolor, lesión o señales de alarma.
Hipertrofia;Brazos poco desarrollados;Objetivo estético de mejorar bíceps, tríceps y antebrazo.;general;entrenamiento;bajo;"FIT2_SRC004;FIT2_SRC007";Seguimiento de medidas;Registrar peso, perímetros, fotos y adherencia según objetivo.;bajo;seguimiento;Fotos comparativas;Tomar fotos con misma luz, postura y distancia.;Evaluar cambios visuales.;bajo;mensual;seguimiento;media;Adaptar carga, volumen, frecuencia, rango, descansos y tareas al nivel, historial, molestias, material, preferencias y disponibilidad. No sustituye valoración médica/fisioterapéutica si hay dolor, lesión o señales de alarma.
Hipertrofia;Brazos poco desarrollados;Objetivo estético de mejorar bíceps, tríceps y antebrazo.;general;entrenamiento;bajo;"FIT2_SRC004;FIT2_SRC007";Sueño y recuperación;Educar sobre descanso, días de recuperación y señales de fatiga.;bajo;recuperación;Registro de sueño y energía;Anotar sueño, energía y rendimiento de entrenamiento.;Ajustar recuperación.;bajo;7-14 días;recuperación;media;Adaptar carga, volumen, frecuencia, rango, descansos y tareas al nivel, historial, molestias, material, preferencias y disponibilidad. No sustituye valoración médica/fisioterapéutica si hay dolor, lesión o señales de alarma.
Hipertrofia;Brazos poco desarrollados;Objetivo estético de mejorar bíceps, tríceps y antebrazo.;general;entrenamiento;bajo;"FIT2_SRC004;FIT2_SRC007";Sueño y recuperación;Educar sobre descanso, días de recuperación y señales de fatiga.;bajo;recuperación;Día de recuperación activa;Programar paseo, movilidad o descanso en lugar de intensidad.;Mejorar recuperación.;bajo;semanal;recuperación;media;Adaptar carga, volumen, frecuencia, rango, descansos y tareas al nivel, historial, molestias, material, preferencias y disponibilidad. No sustituye valoración médica/fisioterapéutica si hay dolor, lesión o señales de alarma.
Hipertrofia;Brazos poco desarrollados;Objetivo estético de mejorar bíceps, tríceps y antebrazo.;general;entrenamiento;bajo;"FIT2_SRC004;FIT2_SRC007";Selección de ejercicios por Body Muscles;Elegir ejercicios según región muscular y objetivo visual/anatómico.;bajo;programación;Selección por grupo muscular;Elegir 2-4 ejercicios por región Body Muscles objetivo.;Conectar objetivo visual/anatómico.;bajo;según rutina;programación;media;Adaptar carga, volumen, frecuencia, rango, descansos y tareas al nivel, historial, molestias, material, preferencias y disponibilidad. No sustituye valoración médica/fisioterapéutica si hay dolor, lesión o señales de alarma.
Hipertrofia;Brazos poco desarrollados;Objetivo estético de mejorar bíceps, tríceps y antebrazo.;general;entrenamiento;bajo;"FIT2_SRC004;FIT2_SRC007";Autoregulación de entrenamiento;Ajustar carga y volumen según energía, sueño, dolor y rendimiento.;medio;programación;Plan post-estancamiento;Revisar sueño, nutrición, volumen, intensidad y técnica antes de cambiar todo.;Resolver estancamiento.;medio;cuando proceda;programación;media;Adaptar carga, volumen, frecuencia, rango, descansos y tareas al nivel, historial, molestias, material, preferencias y disponibilidad. No sustituye valoración médica/fisioterapéutica si hay dolor, lesión o señales de alarma.
Hipertrofia;Brazos poco desarrollados;Objetivo estético de mejorar bíceps, tríceps y antebrazo.;general;entrenamiento;bajo;"FIT2_SRC004;FIT2_SRC007";Autoregulación de entrenamiento;Ajustar carga y volumen según energía, sueño, dolor y rendimiento.;medio;programación;Reducción de carga por fatiga;Aplicar autoregulación si sueño/energía/rendimiento están bajos.;Evitar exceso.;medio;cada sesión;programación;media;Adaptar carga, volumen, frecuencia, rango, descansos y tareas al nivel, historial, molestias, material, preferencias y disponibilidad. No sustituye valoración médica/fisioterapéutica si hay dolor, lesión o señales de alarma.
Hipertrofia;Espalda poco desarrollada;Objetivo de mejorar dorsales, trapecios y musculatura escapular.;general;entrenamiento;bajo;"FIT2_SRC004;FIT2_SRC007";Doble progresión;Progresar repeticiones dentro de un rango antes de subir carga.;bajo;entrenamiento;Doble progresión por rango;Mantener rango objetivo y subir peso al completar repeticiones con técnica.;Progresar sin precipitar carga.;bajo;semanal;entrenamiento;media;Adaptar carga, volumen, frecuencia, rango, descansos y tareas al nivel, historial, molestias, material, preferencias y disponibilidad. No sustituye valoración médica/fisioterapéutica si hay dolor, lesión o señales de alarma.
Hipertrofia;Espalda poco desarrollada;Objetivo de mejorar dorsales, trapecios y musculatura escapular.;general;entrenamiento;bajo;"FIT2_SRC004;FIT2_SRC007";Control de volumen semanal;Gestionar series efectivas por grupo muscular y objetivo.;bajo;programación;Revisión de series efectivas;Contar series semanales por grupo muscular y ajustar.;Optimizar volumen.;bajo;semanal;programación;media;Adaptar carga, volumen, frecuencia, rango, descansos y tareas al nivel, historial, molestias, material, preferencias y disponibilidad. No sustituye valoración médica/fisioterapéutica si hay dolor, lesión o señales de alarma.
Hipertrofia;Espalda poco desarrollada;Objetivo de mejorar dorsales, trapecios y musculatura escapular.;general;entrenamiento;bajo;"FIT2_SRC004;FIT2_SRC007";Frecuencia muscular;Distribuir estímulos de cada grupo muscular durante la semana.;bajo;programación;Distribución muscular semanal;Repartir estímulos por grupo muscular 2 veces/semana si procede.;Mejorar frecuencia y recuperación.;bajo;semanal;programación;media;Adaptar carga, volumen, frecuencia, rango, descansos y tareas al nivel, historial, molestias, material, preferencias y disponibilidad. No sustituye valoración médica/fisioterapéutica si hay dolor, lesión o señales de alarma.
Hipertrofia;Espalda poco desarrollada;Objetivo de mejorar dorsales, trapecios y musculatura escapular.;general;entrenamiento;bajo;"FIT2_SRC004;FIT2_SRC007";RIR/RPE;Usar repeticiones en reserva o esfuerzo percibido para ajustar intensidad.;medio;entrenamiento;Registro RIR/RPE;Valorar esfuerzo en series principales y ajustar siguiente sesión.;Controlar intensidad.;medio;cada sesión;entrenamiento;media;Adaptar carga, volumen, frecuencia, rango, descansos y tareas al nivel, historial, molestias, material, preferencias y disponibilidad. No sustituye valoración médica/fisioterapéutica si hay dolor, lesión o señales de alarma.
Hipertrofia;Espalda poco desarrollada;Objetivo de mejorar dorsales, trapecios y musculatura escapular.;general;entrenamiento;bajo;"FIT2_SRC004;FIT2_SRC007";Cercanía al fallo técnico;Acercarse al fallo manteniendo técnica segura según objetivo y nivel.;medio;entrenamiento;Serie cercana al fallo técnico;Aplicar una serie exigente sin perder técnica en ejercicio seleccionado.;Estimular adaptación.;medio;según plan;entrenamiento;media;Adaptar carga, volumen, frecuencia, rango, descansos y tareas al nivel, historial, molestias, material, preferencias y disponibilidad. No sustituye valoración médica/fisioterapéutica si hay dolor, lesión o señales de alarma.
Hipertrofia;Espalda poco desarrollada;Objetivo de mejorar dorsales, trapecios y musculatura escapular.;general;entrenamiento;bajo;"FIT2_SRC004;FIT2_SRC007";Proteína objetivo;Asegurar proteína suficiente para mantenimiento/ganancia muscular.;bajo;nutrición básica;Objetivo de proteína;Definir meta de proteína diaria aproximada según profesional.;Apoyar músculo y saciedad.;bajo;diario;nutrición básica;media;Adaptar carga, volumen, frecuencia, rango, descansos y tareas al nivel, historial, molestias, material, preferencias y disponibilidad. No sustituye valoración médica/fisioterapéutica si hay dolor, lesión o señales de alarma.
Hipertrofia;Espalda poco desarrollada;Objetivo de mejorar dorsales, trapecios y musculatura escapular.;general;entrenamiento;bajo;"FIT2_SRC004;FIT2_SRC007";Proteína objetivo;Asegurar proteína suficiente para mantenimiento/ganancia muscular.;bajo;nutrición básica;Plan de cenas/proteína simple;Preparar opciones sencillas de cena alta en proteína si el objetivo lo requiere.;Apoyar recuperación/adherencia.;bajo;semanal;nutrición básica;media;Adaptar carga, volumen, frecuencia, rango, descansos y tareas al nivel, historial, molestias, material, preferencias y disponibilidad. No sustituye valoración médica/fisioterapéutica si hay dolor, lesión o señales de alarma.
Hipertrofia;Espalda poco desarrollada;Objetivo de mejorar dorsales, trapecios y musculatura escapular.;general;entrenamiento;bajo;"FIT2_SRC004;FIT2_SRC007";Seguimiento de cargas;Registrar ejercicios, series, repeticiones, peso y notas.;bajo;seguimiento;Registro de entrenamiento;Anotar ejercicio, series, repeticiones, peso, RIR/RPE y notas.;Medir progreso real.;bajo;cada sesión;seguimiento;alta;Adaptar carga, volumen, frecuencia, rango, descansos y tareas al nivel, historial, molestias, material, preferencias y disponibilidad. No sustituye valoración médica/fisioterapéutica si hay dolor, lesión o señales de alarma.
Hipertrofia;Espalda poco desarrollada;Objetivo de mejorar dorsales, trapecios y musculatura escapular.;general;entrenamiento;bajo;"FIT2_SRC004;FIT2_SRC007";Seguimiento de medidas;Registrar peso, perímetros, fotos y adherencia según objetivo.;bajo;seguimiento;Registro de peso y cintura;Anotar peso medio semanal y perímetro de cintura.;Seguir composición corporal.;bajo;semanal;seguimiento;media;Adaptar carga, volumen, frecuencia, rango, descansos y tareas al nivel, historial, molestias, material, preferencias y disponibilidad. No sustituye valoración médica/fisioterapéutica si hay dolor, lesión o señales de alarma.
Hipertrofia;Espalda poco desarrollada;Objetivo de mejorar dorsales, trapecios y musculatura escapular.;general;entrenamiento;bajo;"FIT2_SRC004;FIT2_SRC007";Seguimiento de medidas;Registrar peso, perímetros, fotos y adherencia según objetivo.;bajo;seguimiento;Fotos comparativas;Tomar fotos con misma luz, postura y distancia.;Evaluar cambios visuales.;bajo;mensual;seguimiento;media;Adaptar carga, volumen, frecuencia, rango, descansos y tareas al nivel, historial, molestias, material, preferencias y disponibilidad. No sustituye valoración médica/fisioterapéutica si hay dolor, lesión o señales de alarma.
Hipertrofia;Espalda poco desarrollada;Objetivo de mejorar dorsales, trapecios y musculatura escapular.;general;entrenamiento;bajo;"FIT2_SRC004;FIT2_SRC007";Sueño y recuperación;Educar sobre descanso, días de recuperación y señales de fatiga.;bajo;recuperación;Registro de sueño y energía;Anotar sueño, energía y rendimiento de entrenamiento.;Ajustar recuperación.;bajo;7-14 días;recuperación;media;Adaptar carga, volumen, frecuencia, rango, descansos y tareas al nivel, historial, molestias, material, preferencias y disponibilidad. No sustituye valoración médica/fisioterapéutica si hay dolor, lesión o señales de alarma.
Hipertrofia;Espalda poco desarrollada;Objetivo de mejorar dorsales, trapecios y musculatura escapular.;general;entrenamiento;bajo;"FIT2_SRC004;FIT2_SRC007";Sueño y recuperación;Educar sobre descanso, días de recuperación y señales de fatiga.;bajo;recuperación;Día de recuperación activa;Programar paseo, movilidad o descanso en lugar de intensidad.;Mejorar recuperación.;bajo;semanal;recuperación;media;Adaptar carga, volumen, frecuencia, rango, descansos y tareas al nivel, historial, molestias, material, preferencias y disponibilidad. No sustituye valoración médica/fisioterapéutica si hay dolor, lesión o señales de alarma.
Hipertrofia;Espalda poco desarrollada;Objetivo de mejorar dorsales, trapecios y musculatura escapular.;general;entrenamiento;bajo;"FIT2_SRC004;FIT2_SRC007";Selección de ejercicios por Body Muscles;Elegir ejercicios según región muscular y objetivo visual/anatómico.;bajo;programación;Selección por grupo muscular;Elegir 2-4 ejercicios por región Body Muscles objetivo.;Conectar objetivo visual/anatómico.;bajo;según rutina;programación;media;Adaptar carga, volumen, frecuencia, rango, descansos y tareas al nivel, historial, molestias, material, preferencias y disponibilidad. No sustituye valoración médica/fisioterapéutica si hay dolor, lesión o señales de alarma.
Hipertrofia;Espalda poco desarrollada;Objetivo de mejorar dorsales, trapecios y musculatura escapular.;general;entrenamiento;bajo;"FIT2_SRC004;FIT2_SRC007";Autoregulación de entrenamiento;Ajustar carga y volumen según energía, sueño, dolor y rendimiento.;medio;programación;Plan post-estancamiento;Revisar sueño, nutrición, volumen, intensidad y técnica antes de cambiar todo.;Resolver estancamiento.;medio;cuando proceda;programación;media;Adaptar carga, volumen, frecuencia, rango, descansos y tareas al nivel, historial, molestias, material, preferencias y disponibilidad. No sustituye valoración médica/fisioterapéutica si hay dolor, lesión o señales de alarma.
Hipertrofia;Espalda poco desarrollada;Objetivo de mejorar dorsales, trapecios y musculatura escapular.;general;entrenamiento;bajo;"FIT2_SRC004;FIT2_SRC007";Autoregulación de entrenamiento;Ajustar carga y volumen según energía, sueño, dolor y rendimiento.;medio;programación;Reducción de carga por fatiga;Aplicar autoregulación si sueño/energía/rendimiento están bajos.;Evitar exceso.;medio;cada sesión;programación;media;Adaptar carga, volumen, frecuencia, rango, descansos y tareas al nivel, historial, molestias, material, preferencias y disponibilidad. No sustituye valoración médica/fisioterapéutica si hay dolor, lesión o señales de alarma.
Hipertrofia;Estancamiento en hipertrofia;Falta de progreso visible o de cargas tras varias semanas.;intermedio;programación;medio;"FIT2_SRC004;FIT2_SRC005";Doble progresión;Progresar repeticiones dentro de un rango antes de subir carga.;bajo;entrenamiento;Doble progresión por rango;Mantener rango objetivo y subir peso al completar repeticiones con técnica.;Progresar sin precipitar carga.;bajo;semanal;entrenamiento;media;Adaptar carga, volumen, frecuencia, rango, descansos y tareas al nivel, historial, molestias, material, preferencias y disponibilidad. No sustituye valoración médica/fisioterapéutica si hay dolor, lesión o señales de alarma.
Hipertrofia;Estancamiento en hipertrofia;Falta de progreso visible o de cargas tras varias semanas.;intermedio;programación;medio;"FIT2_SRC004;FIT2_SRC005";Control de volumen semanal;Gestionar series efectivas por grupo muscular y objetivo.;bajo;programación;Revisión de series efectivas;Contar series semanales por grupo muscular y ajustar.;Optimizar volumen.;bajo;semanal;programación;media;Adaptar carga, volumen, frecuencia, rango, descansos y tareas al nivel, historial, molestias, material, preferencias y disponibilidad. No sustituye valoración médica/fisioterapéutica si hay dolor, lesión o señales de alarma.
Hipertrofia;Estancamiento en hipertrofia;Falta de progreso visible o de cargas tras varias semanas.;intermedio;programación;medio;"FIT2_SRC004;FIT2_SRC005";Frecuencia muscular;Distribuir estímulos de cada grupo muscular durante la semana.;bajo;programación;Distribución muscular semanal;Repartir estímulos por grupo muscular 2 veces/semana si procede.;Mejorar frecuencia y recuperación.;bajo;semanal;programación;media;Adaptar carga, volumen, frecuencia, rango, descansos y tareas al nivel, historial, molestias, material, preferencias y disponibilidad. No sustituye valoración médica/fisioterapéutica si hay dolor, lesión o señales de alarma.
Hipertrofia;Estancamiento en hipertrofia;Falta de progreso visible o de cargas tras varias semanas.;intermedio;programación;medio;"FIT2_SRC004;FIT2_SRC005";RIR/RPE;Usar repeticiones en reserva o esfuerzo percibido para ajustar intensidad.;medio;entrenamiento;Registro RIR/RPE;Valorar esfuerzo en series principales y ajustar siguiente sesión.;Controlar intensidad.;medio;cada sesión;entrenamiento;media;Adaptar carga, volumen, frecuencia, rango, descansos y tareas al nivel, historial, molestias, material, preferencias y disponibilidad. No sustituye valoración médica/fisioterapéutica si hay dolor, lesión o señales de alarma.
Hipertrofia;Estancamiento en hipertrofia;Falta de progreso visible o de cargas tras varias semanas.;intermedio;programación;medio;"FIT2_SRC004;FIT2_SRC005";Cercanía al fallo técnico;Acercarse al fallo manteniendo técnica segura según objetivo y nivel.;medio;entrenamiento;Serie cercana al fallo técnico;Aplicar una serie exigente sin perder técnica en ejercicio seleccionado.;Estimular adaptación.;medio;según plan;entrenamiento;media;Adaptar carga, volumen, frecuencia, rango, descansos y tareas al nivel, historial, molestias, material, preferencias y disponibilidad. No sustituye valoración médica/fisioterapéutica si hay dolor, lesión o señales de alarma.
Hipertrofia;Estancamiento en hipertrofia;Falta de progreso visible o de cargas tras varias semanas.;intermedio;programación;medio;"FIT2_SRC004;FIT2_SRC005";Proteína objetivo;Asegurar proteína suficiente para mantenimiento/ganancia muscular.;bajo;nutrición básica;Objetivo de proteína;Definir meta de proteína diaria aproximada según profesional.;Apoyar músculo y saciedad.;bajo;diario;nutrición básica;media;Adaptar carga, volumen, frecuencia, rango, descansos y tareas al nivel, historial, molestias, material, preferencias y disponibilidad. No sustituye valoración médica/fisioterapéutica si hay dolor, lesión o señales de alarma.
Hipertrofia;Estancamiento en hipertrofia;Falta de progreso visible o de cargas tras varias semanas.;intermedio;programación;medio;"FIT2_SRC004;FIT2_SRC005";Proteína objetivo;Asegurar proteína suficiente para mantenimiento/ganancia muscular.;bajo;nutrición básica;Plan de cenas/proteína simple;Preparar opciones sencillas de cena alta en proteína si el objetivo lo requiere.;Apoyar recuperación/adherencia.;bajo;semanal;nutrición básica;media;Adaptar carga, volumen, frecuencia, rango, descansos y tareas al nivel, historial, molestias, material, preferencias y disponibilidad. No sustituye valoración médica/fisioterapéutica si hay dolor, lesión o señales de alarma.
Hipertrofia;Estancamiento en hipertrofia;Falta de progreso visible o de cargas tras varias semanas.;intermedio;programación;medio;"FIT2_SRC004;FIT2_SRC005";Seguimiento de cargas;Registrar ejercicios, series, repeticiones, peso y notas.;bajo;seguimiento;Registro de entrenamiento;Anotar ejercicio, series, repeticiones, peso, RIR/RPE y notas.;Medir progreso real.;bajo;cada sesión;seguimiento;alta;Adaptar carga, volumen, frecuencia, rango, descansos y tareas al nivel, historial, molestias, material, preferencias y disponibilidad. No sustituye valoración médica/fisioterapéutica si hay dolor, lesión o señales de alarma.
Hipertrofia;Estancamiento en hipertrofia;Falta de progreso visible o de cargas tras varias semanas.;intermedio;programación;medio;"FIT2_SRC004;FIT2_SRC005";Seguimiento de medidas;Registrar peso, perímetros, fotos y adherencia según objetivo.;bajo;seguimiento;Registro de peso y cintura;Anotar peso medio semanal y perímetro de cintura.;Seguir composición corporal.;bajo;semanal;seguimiento;media;Adaptar carga, volumen, frecuencia, rango, descansos y tareas al nivel, historial, molestias, material, preferencias y disponibilidad. No sustituye valoración médica/fisioterapéutica si hay dolor, lesión o señales de alarma.
Hipertrofia;Estancamiento en hipertrofia;Falta de progreso visible o de cargas tras varias semanas.;intermedio;programación;medio;"FIT2_SRC004;FIT2_SRC005";Seguimiento de medidas;Registrar peso, perímetros, fotos y adherencia según objetivo.;bajo;seguimiento;Fotos comparativas;Tomar fotos con misma luz, postura y distancia.;Evaluar cambios visuales.;bajo;mensual;seguimiento;media;Adaptar carga, volumen, frecuencia, rango, descansos y tareas al nivel, historial, molestias, material, preferencias y disponibilidad. No sustituye valoración médica/fisioterapéutica si hay dolor, lesión o señales de alarma.
Hipertrofia;Estancamiento en hipertrofia;Falta de progreso visible o de cargas tras varias semanas.;intermedio;programación;medio;"FIT2_SRC004;FIT2_SRC005";Sueño y recuperación;Educar sobre descanso, días de recuperación y señales de fatiga.;bajo;recuperación;Registro de sueño y energía;Anotar sueño, energía y rendimiento de entrenamiento.;Ajustar recuperación.;bajo;7-14 días;recuperación;media;Adaptar carga, volumen, frecuencia, rango, descansos y tareas al nivel, historial, molestias, material, preferencias y disponibilidad. No sustituye valoración médica/fisioterapéutica si hay dolor, lesión o señales de alarma.
Hipertrofia;Estancamiento en hipertrofia;Falta de progreso visible o de cargas tras varias semanas.;intermedio;programación;medio;"FIT2_SRC004;FIT2_SRC005";Sueño y recuperación;Educar sobre descanso, días de recuperación y señales de fatiga.;bajo;recuperación;Día de recuperación activa;Programar paseo, movilidad o descanso en lugar de intensidad.;Mejorar recuperación.;bajo;semanal;recuperación;media;Adaptar carga, volumen, frecuencia, rango, descansos y tareas al nivel, historial, molestias, material, preferencias y disponibilidad. No sustituye valoración médica/fisioterapéutica si hay dolor, lesión o señales de alarma.
Hipertrofia;Estancamiento en hipertrofia;Falta de progreso visible o de cargas tras varias semanas.;intermedio;programación;medio;"FIT2_SRC004;FIT2_SRC005";Selección de ejercicios por Body Muscles;Elegir ejercicios según región muscular y objetivo visual/anatómico.;bajo;programación;Selección por grupo muscular;Elegir 2-4 ejercicios por región Body Muscles objetivo.;Conectar objetivo visual/anatómico.;bajo;según rutina;programación;media;Adaptar carga, volumen, frecuencia, rango, descansos y tareas al nivel, historial, molestias, material, preferencias y disponibilidad. No sustituye valoración médica/fisioterapéutica si hay dolor, lesión o señales de alarma.
Hipertrofia;Estancamiento en hipertrofia;Falta de progreso visible o de cargas tras varias semanas.;intermedio;programación;medio;"FIT2_SRC004;FIT2_SRC005";Autoregulación de entrenamiento;Ajustar carga y volumen según energía, sueño, dolor y rendimiento.;medio;programación;Plan post-estancamiento;Revisar sueño, nutrición, volumen, intensidad y técnica antes de cambiar todo.;Resolver estancamiento.;medio;cuando proceda;programación;media;Adaptar carga, volumen, frecuencia, rango, descansos y tareas al nivel, historial, molestias, material, preferencias y disponibilidad. No sustituye valoración médica/fisioterapéutica si hay dolor, lesión o señales de alarma.
Hipertrofia;Estancamiento en hipertrofia;Falta de progreso visible o de cargas tras varias semanas.;intermedio;programación;medio;"FIT2_SRC004;FIT2_SRC005";Autoregulación de entrenamiento;Ajustar carga y volumen según energía, sueño, dolor y rendimiento.;medio;programación;Reducción de carga por fatiga;Aplicar autoregulación si sueño/energía/rendimiento están bajos.;Evitar exceso.;medio;cada sesión;programación;media;Adaptar carga, volumen, frecuencia, rango, descansos y tareas al nivel, historial, molestias, material, preferencias y disponibilidad. No sustituye valoración médica/fisioterapéutica si hay dolor, lesión o señales de alarma.
Hipertrofia;Volumen insuficiente;Pocas series efectivas o baja frecuencia para estimular crecimiento.;general;programación;bajo;"FIT2_SRC004;FIT2_SRC007";Doble progresión;Progresar repeticiones dentro de un rango antes de subir carga.;bajo;entrenamiento;Doble progresión por rango;Mantener rango objetivo y subir peso al completar repeticiones con técnica.;Progresar sin precipitar carga.;bajo;semanal;entrenamiento;media;Adaptar carga, volumen, frecuencia, rango, descansos y tareas al nivel, historial, molestias, material, preferencias y disponibilidad. No sustituye valoración médica/fisioterapéutica si hay dolor, lesión o señales de alarma.
Hipertrofia;Volumen insuficiente;Pocas series efectivas o baja frecuencia para estimular crecimiento.;general;programación;bajo;"FIT2_SRC004;FIT2_SRC007";Control de volumen semanal;Gestionar series efectivas por grupo muscular y objetivo.;bajo;programación;Revisión de series efectivas;Contar series semanales por grupo muscular y ajustar.;Optimizar volumen.;bajo;semanal;programación;media;Adaptar carga, volumen, frecuencia, rango, descansos y tareas al nivel, historial, molestias, material, preferencias y disponibilidad. No sustituye valoración médica/fisioterapéutica si hay dolor, lesión o señales de alarma.
Hipertrofia;Volumen insuficiente;Pocas series efectivas o baja frecuencia para estimular crecimiento.;general;programación;bajo;"FIT2_SRC004;FIT2_SRC007";Frecuencia muscular;Distribuir estímulos de cada grupo muscular durante la semana.;bajo;programación;Distribución muscular semanal;Repartir estímulos por grupo muscular 2 veces/semana si procede.;Mejorar frecuencia y recuperación.;bajo;semanal;programación;media;Adaptar carga, volumen, frecuencia, rango, descansos y tareas al nivel, historial, molestias, material, preferencias y disponibilidad. No sustituye valoración médica/fisioterapéutica si hay dolor, lesión o señales de alarma.
Hipertrofia;Volumen insuficiente;Pocas series efectivas o baja frecuencia para estimular crecimiento.;general;programación;bajo;"FIT2_SRC004;FIT2_SRC007";RIR/RPE;Usar repeticiones en reserva o esfuerzo percibido para ajustar intensidad.;medio;entrenamiento;Registro RIR/RPE;Valorar esfuerzo en series principales y ajustar siguiente sesión.;Controlar intensidad.;medio;cada sesión;entrenamiento;media;Adaptar carga, volumen, frecuencia, rango, descansos y tareas al nivel, historial, molestias, material, preferencias y disponibilidad. No sustituye valoración médica/fisioterapéutica si hay dolor, lesión o señales de alarma.
Hipertrofia;Volumen insuficiente;Pocas series efectivas o baja frecuencia para estimular crecimiento.;general;programación;bajo;"FIT2_SRC004;FIT2_SRC007";Cercanía al fallo técnico;Acercarse al fallo manteniendo técnica segura según objetivo y nivel.;medio;entrenamiento;Serie cercana al fallo técnico;Aplicar una serie exigente sin perder técnica en ejercicio seleccionado.;Estimular adaptación.;medio;según plan;entrenamiento;media;Adaptar carga, volumen, frecuencia, rango, descansos y tareas al nivel, historial, molestias, material, preferencias y disponibilidad. No sustituye valoración médica/fisioterapéutica si hay dolor, lesión o señales de alarma.
Hipertrofia;Volumen insuficiente;Pocas series efectivas o baja frecuencia para estimular crecimiento.;general;programación;bajo;"FIT2_SRC004;FIT2_SRC007";Proteína objetivo;Asegurar proteína suficiente para mantenimiento/ganancia muscular.;bajo;nutrición básica;Objetivo de proteína;Definir meta de proteína diaria aproximada según profesional.;Apoyar músculo y saciedad.;bajo;diario;nutrición básica;media;Adaptar carga, volumen, frecuencia, rango, descansos y tareas al nivel, historial, molestias, material, preferencias y disponibilidad. No sustituye valoración médica/fisioterapéutica si hay dolor, lesión o señales de alarma.
Hipertrofia;Volumen insuficiente;Pocas series efectivas o baja frecuencia para estimular crecimiento.;general;programación;bajo;"FIT2_SRC004;FIT2_SRC007";Proteína objetivo;Asegurar proteína suficiente para mantenimiento/ganancia muscular.;bajo;nutrición básica;Plan de cenas/proteína simple;Preparar opciones sencillas de cena alta en proteína si el objetivo lo requiere.;Apoyar recuperación/adherencia.;bajo;semanal;nutrición básica;media;Adaptar carga, volumen, frecuencia, rango, descansos y tareas al nivel, historial, molestias, material, preferencias y disponibilidad. No sustituye valoración médica/fisioterapéutica si hay dolor, lesión o señales de alarma.
Hipertrofia;Volumen insuficiente;Pocas series efectivas o baja frecuencia para estimular crecimiento.;general;programación;bajo;"FIT2_SRC004;FIT2_SRC007";Seguimiento de cargas;Registrar ejercicios, series, repeticiones, peso y notas.;bajo;seguimiento;Registro de entrenamiento;Anotar ejercicio, series, repeticiones, peso, RIR/RPE y notas.;Medir progreso real.;bajo;cada sesión;seguimiento;alta;Adaptar carga, volumen, frecuencia, rango, descansos y tareas al nivel, historial, molestias, material, preferencias y disponibilidad. No sustituye valoración médica/fisioterapéutica si hay dolor, lesión o señales de alarma.
Hipertrofia;Volumen insuficiente;Pocas series efectivas o baja frecuencia para estimular crecimiento.;general;programación;bajo;"FIT2_SRC004;FIT2_SRC007";Seguimiento de medidas;Registrar peso, perímetros, fotos y adherencia según objetivo.;bajo;seguimiento;Registro de peso y cintura;Anotar peso medio semanal y perímetro de cintura.;Seguir composición corporal.;bajo;semanal;seguimiento;media;Adaptar carga, volumen, frecuencia, rango, descansos y tareas al nivel, historial, molestias, material, preferencias y disponibilidad. No sustituye valoración médica/fisioterapéutica si hay dolor, lesión o señales de alarma.
Hipertrofia;Volumen insuficiente;Pocas series efectivas o baja frecuencia para estimular crecimiento.;general;programación;bajo;"FIT2_SRC004;FIT2_SRC007";Seguimiento de medidas;Registrar peso, perímetros, fotos y adherencia según objetivo.;bajo;seguimiento;Fotos comparativas;Tomar fotos con misma luz, postura y distancia.;Evaluar cambios visuales.;bajo;mensual;seguimiento;media;Adaptar carga, volumen, frecuencia, rango, descansos y tareas al nivel, historial, molestias, material, preferencias y disponibilidad. No sustituye valoración médica/fisioterapéutica si hay dolor, lesión o señales de alarma.
Hipertrofia;Volumen insuficiente;Pocas series efectivas o baja frecuencia para estimular crecimiento.;general;programación;bajo;"FIT2_SRC004;FIT2_SRC007";Sueño y recuperación;Educar sobre descanso, días de recuperación y señales de fatiga.;bajo;recuperación;Registro de sueño y energía;Anotar sueño, energía y rendimiento de entrenamiento.;Ajustar recuperación.;bajo;7-14 días;recuperación;media;Adaptar carga, volumen, frecuencia, rango, descansos y tareas al nivel, historial, molestias, material, preferencias y disponibilidad. No sustituye valoración médica/fisioterapéutica si hay dolor, lesión o señales de alarma.
Hipertrofia;Volumen insuficiente;Pocas series efectivas o baja frecuencia para estimular crecimiento.;general;programación;bajo;"FIT2_SRC004;FIT2_SRC007";Sueño y recuperación;Educar sobre descanso, días de recuperación y señales de fatiga.;bajo;recuperación;Día de recuperación activa;Programar paseo, movilidad o descanso en lugar de intensidad.;Mejorar recuperación.;bajo;semanal;recuperación;media;Adaptar carga, volumen, frecuencia, rango, descansos y tareas al nivel, historial, molestias, material, preferencias y disponibilidad. No sustituye valoración médica/fisioterapéutica si hay dolor, lesión o señales de alarma.
Hipertrofia;Volumen insuficiente;Pocas series efectivas o baja frecuencia para estimular crecimiento.;general;programación;bajo;"FIT2_SRC004;FIT2_SRC007";Selección de ejercicios por Body Muscles;Elegir ejercicios según región muscular y objetivo visual/anatómico.;bajo;programación;Selección por grupo muscular;Elegir 2-4 ejercicios por región Body Muscles objetivo.;Conectar objetivo visual/anatómico.;bajo;según rutina;programación;media;Adaptar carga, volumen, frecuencia, rango, descansos y tareas al nivel, historial, molestias, material, preferencias y disponibilidad. No sustituye valoración médica/fisioterapéutica si hay dolor, lesión o señales de alarma.
Hipertrofia;Volumen insuficiente;Pocas series efectivas o baja frecuencia para estimular crecimiento.;general;programación;bajo;"FIT2_SRC004;FIT2_SRC007";Autoregulación de entrenamiento;Ajustar carga y volumen según energía, sueño, dolor y rendimiento.;medio;programación;Plan post-estancamiento;Revisar sueño, nutrición, volumen, intensidad y técnica antes de cambiar todo.;Resolver estancamiento.;medio;cuando proceda;programación;media;Adaptar carga, volumen, frecuencia, rango, descansos y tareas al nivel, historial, molestias, material, preferencias y disponibilidad. No sustituye valoración médica/fisioterapéutica si hay dolor, lesión o señales de alarma.
Hipertrofia;Volumen insuficiente;Pocas series efectivas o baja frecuencia para estimular crecimiento.;general;programación;bajo;"FIT2_SRC004;FIT2_SRC007";Autoregulación de entrenamiento;Ajustar carga y volumen según energía, sueño, dolor y rendimiento.;medio;programación;Reducción de carga por fatiga;Aplicar autoregulación si sueño/energía/rendimiento están bajos.;Evitar exceso.;medio;cada sesión;programación;media;Adaptar carga, volumen, frecuencia, rango, descansos y tareas al nivel, historial, molestias, material, preferencias y disponibilidad. No sustituye valoración médica/fisioterapéutica si hay dolor, lesión o señales de alarma.
Hipertrofia;Recuperación insuficiente para hipertrofia;Fatiga, sueño bajo o nutrición insuficiente que limita adaptación.;general;hábitos;medio;"FIT2_SRC005;FIT2_SRC011";Doble progresión;Progresar repeticiones dentro de un rango antes de subir carga.;bajo;entrenamiento;Doble progresión por rango;Mantener rango objetivo y subir peso al completar repeticiones con técnica.;Progresar sin precipitar carga.;bajo;semanal;entrenamiento;media;Adaptar carga, volumen, frecuencia, rango, descansos y tareas al nivel, historial, molestias, material, preferencias y disponibilidad. No sustituye valoración médica/fisioterapéutica si hay dolor, lesión o señales de alarma.
Hipertrofia;Recuperación insuficiente para hipertrofia;Fatiga, sueño bajo o nutrición insuficiente que limita adaptación.;general;hábitos;medio;"FIT2_SRC005;FIT2_SRC011";Control de volumen semanal;Gestionar series efectivas por grupo muscular y objetivo.;bajo;programación;Revisión de series efectivas;Contar series semanales por grupo muscular y ajustar.;Optimizar volumen.;bajo;semanal;programación;media;Adaptar carga, volumen, frecuencia, rango, descansos y tareas al nivel, historial, molestias, material, preferencias y disponibilidad. No sustituye valoración médica/fisioterapéutica si hay dolor, lesión o señales de alarma.
Hipertrofia;Recuperación insuficiente para hipertrofia;Fatiga, sueño bajo o nutrición insuficiente que limita adaptación.;general;hábitos;medio;"FIT2_SRC005;FIT2_SRC011";Frecuencia muscular;Distribuir estímulos de cada grupo muscular durante la semana.;bajo;programación;Distribución muscular semanal;Repartir estímulos por grupo muscular 2 veces/semana si procede.;Mejorar frecuencia y recuperación.;bajo;semanal;programación;media;Adaptar carga, volumen, frecuencia, rango, descansos y tareas al nivel, historial, molestias, material, preferencias y disponibilidad. No sustituye valoración médica/fisioterapéutica si hay dolor, lesión o señales de alarma.
Hipertrofia;Recuperación insuficiente para hipertrofia;Fatiga, sueño bajo o nutrición insuficiente que limita adaptación.;general;hábitos;medio;"FIT2_SRC005;FIT2_SRC011";RIR/RPE;Usar repeticiones en reserva o esfuerzo percibido para ajustar intensidad.;medio;entrenamiento;Registro RIR/RPE;Valorar esfuerzo en series principales y ajustar siguiente sesión.;Controlar intensidad.;medio;cada sesión;entrenamiento;media;Adaptar carga, volumen, frecuencia, rango, descansos y tareas al nivel, historial, molestias, material, preferencias y disponibilidad. No sustituye valoración médica/fisioterapéutica si hay dolor, lesión o señales de alarma.
Hipertrofia;Recuperación insuficiente para hipertrofia;Fatiga, sueño bajo o nutrición insuficiente que limita adaptación.;general;hábitos;medio;"FIT2_SRC005;FIT2_SRC011";Cercanía al fallo técnico;Acercarse al fallo manteniendo técnica segura según objetivo y nivel.;medio;entrenamiento;Serie cercana al fallo técnico;Aplicar una serie exigente sin perder técnica en ejercicio seleccionado.;Estimular adaptación.;medio;según plan;entrenamiento;media;Adaptar carga, volumen, frecuencia, rango, descansos y tareas al nivel, historial, molestias, material, preferencias y disponibilidad. No sustituye valoración médica/fisioterapéutica si hay dolor, lesión o señales de alarma.
Hipertrofia;Recuperación insuficiente para hipertrofia;Fatiga, sueño bajo o nutrición insuficiente que limita adaptación.;general;hábitos;medio;"FIT2_SRC005;FIT2_SRC011";Proteína objetivo;Asegurar proteína suficiente para mantenimiento/ganancia muscular.;bajo;nutrición básica;Objetivo de proteína;Definir meta de proteína diaria aproximada según profesional.;Apoyar músculo y saciedad.;bajo;diario;nutrición básica;media;Adaptar carga, volumen, frecuencia, rango, descansos y tareas al nivel, historial, molestias, material, preferencias y disponibilidad. No sustituye valoración médica/fisioterapéutica si hay dolor, lesión o señales de alarma.
Hipertrofia;Recuperación insuficiente para hipertrofia;Fatiga, sueño bajo o nutrición insuficiente que limita adaptación.;general;hábitos;medio;"FIT2_SRC005;FIT2_SRC011";Proteína objetivo;Asegurar proteína suficiente para mantenimiento/ganancia muscular.;bajo;nutrición básica;Plan de cenas/proteína simple;Preparar opciones sencillas de cena alta en proteína si el objetivo lo requiere.;Apoyar recuperación/adherencia.;bajo;semanal;nutrición básica;media;Adaptar carga, volumen, frecuencia, rango, descansos y tareas al nivel, historial, molestias, material, preferencias y disponibilidad. No sustituye valoración médica/fisioterapéutica si hay dolor, lesión o señales de alarma.
Hipertrofia;Recuperación insuficiente para hipertrofia;Fatiga, sueño bajo o nutrición insuficiente que limita adaptación.;general;hábitos;medio;"FIT2_SRC005;FIT2_SRC011";Seguimiento de cargas;Registrar ejercicios, series, repeticiones, peso y notas.;bajo;seguimiento;Registro de entrenamiento;Anotar ejercicio, series, repeticiones, peso, RIR/RPE y notas.;Medir progreso real.;bajo;cada sesión;seguimiento;alta;Adaptar carga, volumen, frecuencia, rango, descansos y tareas al nivel, historial, molestias, material, preferencias y disponibilidad. No sustituye valoración médica/fisioterapéutica si hay dolor, lesión o señales de alarma.
Hipertrofia;Recuperación insuficiente para hipertrofia;Fatiga, sueño bajo o nutrición insuficiente que limita adaptación.;general;hábitos;medio;"FIT2_SRC005;FIT2_SRC011";Seguimiento de medidas;Registrar peso, perímetros, fotos y adherencia según objetivo.;bajo;seguimiento;Registro de peso y cintura;Anotar peso medio semanal y perímetro de cintura.;Seguir composición corporal.;bajo;semanal;seguimiento;media;Adaptar carga, volumen, frecuencia, rango, descansos y tareas al nivel, historial, molestias, material, preferencias y disponibilidad. No sustituye valoración médica/fisioterapéutica si hay dolor, lesión o señales de alarma.
Hipertrofia;Recuperación insuficiente para hipertrofia;Fatiga, sueño bajo o nutrición insuficiente que limita adaptación.;general;hábitos;medio;"FIT2_SRC005;FIT2_SRC011";Seguimiento de medidas;Registrar peso, perímetros, fotos y adherencia según objetivo.;bajo;seguimiento;Fotos comparativas;Tomar fotos con misma luz, postura y distancia.;Evaluar cambios visuales.;bajo;mensual;seguimiento;media;Adaptar carga, volumen, frecuencia, rango, descansos y tareas al nivel, historial, molestias, material, preferencias y disponibilidad. No sustituye valoración médica/fisioterapéutica si hay dolor, lesión o señales de alarma.
Hipertrofia;Recuperación insuficiente para hipertrofia;Fatiga, sueño bajo o nutrición insuficiente que limita adaptación.;general;hábitos;medio;"FIT2_SRC005;FIT2_SRC011";Sueño y recuperación;Educar sobre descanso, días de recuperación y señales de fatiga.;bajo;recuperación;Registro de sueño y energía;Anotar sueño, energía y rendimiento de entrenamiento.;Ajustar recuperación.;bajo;7-14 días;recuperación;media;Adaptar carga, volumen, frecuencia, rango, descansos y tareas al nivel, historial, molestias, material, preferencias y disponibilidad. No sustituye valoración médica/fisioterapéutica si hay dolor, lesión o señales de alarma.
Hipertrofia;Recuperación insuficiente para hipertrofia;Fatiga, sueño bajo o nutrición insuficiente que limita adaptación.;general;hábitos;medio;"FIT2_SRC005;FIT2_SRC011";Sueño y recuperación;Educar sobre descanso, días de recuperación y señales de fatiga.;bajo;recuperación;Día de recuperación activa;Programar paseo, movilidad o descanso en lugar de intensidad.;Mejorar recuperación.;bajo;semanal;recuperación;media;Adaptar carga, volumen, frecuencia, rango, descansos y tareas al nivel, historial, molestias, material, preferencias y disponibilidad. No sustituye valoración médica/fisioterapéutica si hay dolor, lesión o señales de alarma.
Hipertrofia;Recuperación insuficiente para hipertrofia;Fatiga, sueño bajo o nutrición insuficiente que limita adaptación.;general;hábitos;medio;"FIT2_SRC005;FIT2_SRC011";Selección de ejercicios por Body Muscles;Elegir ejercicios según región muscular y objetivo visual/anatómico.;bajo;programación;Selección por grupo muscular;Elegir 2-4 ejercicios por región Body Muscles objetivo.;Conectar objetivo visual/anatómico.;bajo;según rutina;programación;media;Adaptar carga, volumen, frecuencia, rango, descansos y tareas al nivel, historial, molestias, material, preferencias y disponibilidad. No sustituye valoración médica/fisioterapéutica si hay dolor, lesión o señales de alarma.
Hipertrofia;Recuperación insuficiente para hipertrofia;Fatiga, sueño bajo o nutrición insuficiente que limita adaptación.;general;hábitos;medio;"FIT2_SRC005;FIT2_SRC011";Autoregulación de entrenamiento;Ajustar carga y volumen según energía, sueño, dolor y rendimiento.;medio;programación;Plan post-estancamiento;Revisar sueño, nutrición, volumen, intensidad y técnica antes de cambiar todo.;Resolver estancamiento.;medio;cuando proceda;programación;media;Adaptar carga, volumen, frecuencia, rango, descansos y tareas al nivel, historial, molestias, material, preferencias y disponibilidad. No sustituye valoración médica/fisioterapéutica si hay dolor, lesión o señales de alarma.
Hipertrofia;Recuperación insuficiente para hipertrofia;Fatiga, sueño bajo o nutrición insuficiente que limita adaptación.;general;hábitos;medio;"FIT2_SRC005;FIT2_SRC011";Autoregulación de entrenamiento;Ajustar carga y volumen según energía, sueño, dolor y rendimiento.;medio;programación;Reducción de carga por fatiga;Aplicar autoregulación si sueño/energía/rendimiento están bajos.;Evitar exceso.;medio;cada sesión;programación;media;Adaptar carga, volumen, frecuencia, rango, descansos y tareas al nivel, historial, molestias, material, preferencias y disponibilidad. No sustituye valoración médica/fisioterapéutica si hay dolor, lesión o señales de alarma.
Fuerza;Mejorar fuerza general;Aumentar capacidad de mover más carga en patrones básicos.;general;entrenamiento;bajo;"FIT2_SRC004;FIT2_SRC007";Progresión lineal básica;Subir carga de manera planificada en ejercicios principales.;medio;fuerza;Progresión lineal de básicos;Aumentar carga mínima si se cumplen repeticiones y técnica.;Mejorar fuerza.;medio;semanal;fuerza;alta;Adaptar carga, volumen, frecuencia, rango, descansos y tareas al nivel, historial, molestias, material, preferencias y disponibilidad. No sustituye valoración médica/fisioterapéutica si hay dolor, lesión o señales de alarma.
Fuerza;Mejorar fuerza general;Aumentar capacidad de mover más carga en patrones básicos.;general;entrenamiento;bajo;"FIT2_SRC004;FIT2_SRC007";Progresión lineal básica;Subir carga de manera planificada en ejercicios principales.;medio;fuerza;Estimación 1RM submáxima;Calcular 1RM estimado con repeticiones submáximas, sin máximo real innecesario.;Evaluar fuerza.;medio;cada 6-8 semanas;evaluación;alta;Adaptar carga, volumen, frecuencia, rango, descansos y tareas al nivel, historial, molestias, material, preferencias y disponibilidad. No sustituye valoración médica/fisioterapéutica si hay dolor, lesión o señales de alarma.
Fuerza;Mejorar fuerza general;Aumentar capacidad de mover más carga en patrones básicos.;general;entrenamiento;bajo;"FIT2_SRC004;FIT2_SRC007";Descarga planificada;Reducir carga/volumen temporalmente ante fatiga o bajo rendimiento.;bajo;recuperación;Semana de descarga;Reducir volumen/intensidad ante fatiga acumulada o estancamiento.;Recuperar rendimiento.;bajo;cada 4-8 semanas;recuperación;media;Adaptar carga, volumen, frecuencia, rango, descansos y tareas al nivel, historial, molestias, material, preferencias y disponibilidad. No sustituye valoración médica/fisioterapéutica si hay dolor, lesión o señales de alarma.
Fuerza;Mejorar fuerza general;Aumentar capacidad de mover más carga en patrones básicos.;general;entrenamiento;bajo;"FIT2_SRC004;FIT2_SRC007";Técnica por patrones de movimiento;Enseñar sentadilla, bisagra, empuje, tracción, zancada, transporte y core.;medio;técnica;Revisión de técnica de sentadilla;Checklist de pies, rodillas, cadera, tronco, profundidad y control.;Mejorar sentadilla.;medio;semanal;técnica;alta;Adaptar carga, volumen, frecuencia, rango, descansos y tareas al nivel, historial, molestias, material, preferencias y disponibilidad. No sustituye valoración médica/fisioterapéutica si hay dolor, lesión o señales de alarma.
Fuerza;Mejorar fuerza general;Aumentar capacidad de mover más carga en patrones básicos.;general;entrenamiento;bajo;"FIT2_SRC004;FIT2_SRC007";Técnica por patrones de movimiento;Enseñar sentadilla, bisagra, empuje, tracción, zancada, transporte y core.;medio;técnica;Revisión de bisagra;Checklist de cadera atrás, columna neutra, tensión dorsal y rango.;Mejorar bisagra.;medio;semanal;técnica;alta;Adaptar carga, volumen, frecuencia, rango, descansos y tareas al nivel, historial, molestias, material, preferencias y disponibilidad. No sustituye valoración médica/fisioterapéutica si hay dolor, lesión o señales de alarma.
Fuerza;Mejorar fuerza general;Aumentar capacidad de mover más carga en patrones básicos.;general;entrenamiento;bajo;"FIT2_SRC004;FIT2_SRC007";Técnica por patrones de movimiento;Enseñar sentadilla, bisagra, empuje, tracción, zancada, transporte y core.;medio;técnica;Revisión de empuje;Checklist de escápulas, muñeca/codo, trayectoria y control.;Mejorar press/flexión.;bajo;semanal;técnica;alta;Adaptar carga, volumen, frecuencia, rango, descansos y tareas al nivel, historial, molestias, material, preferencias y disponibilidad. No sustituye valoración médica/fisioterapéutica si hay dolor, lesión o señales de alarma.
Fuerza;Mejorar fuerza general;Aumentar capacidad de mover más carga en patrones básicos.;general;entrenamiento;bajo;"FIT2_SRC004;FIT2_SRC007";Técnica por patrones de movimiento;Enseñar sentadilla, bisagra, empuje, tracción, zancada, transporte y core.;medio;técnica;Revisión de tracción;Checklist de escápula, codo, torso y recorrido.;Mejorar remos/dominadas.;bajo;semanal;técnica;alta;Adaptar carga, volumen, frecuencia, rango, descansos y tareas al nivel, historial, molestias, material, preferencias y disponibilidad. No sustituye valoración médica/fisioterapéutica si hay dolor, lesión o señales de alarma.
Fuerza;Mejorar fuerza general;Aumentar capacidad de mover más carga en patrones básicos.;general;entrenamiento;bajo;"FIT2_SRC004;FIT2_SRC007";Técnica por patrones de movimiento;Enseñar sentadilla, bisagra, empuje, tracción, zancada, transporte y core.;medio;técnica;Revisión de unilateral;Checklist de equilibrio, rodilla, cadera y control de zancadas.;Mejorar trabajo unilateral.;bajo;semanal;técnica;alta;Adaptar carga, volumen, frecuencia, rango, descansos y tareas al nivel, historial, molestias, material, preferencias y disponibilidad. No sustituye valoración médica/fisioterapéutica si hay dolor, lesión o señales de alarma.
Fuerza;Mejorar fuerza general;Aumentar capacidad de mover más carga en patrones básicos.;general;entrenamiento;bajo;"FIT2_SRC004;FIT2_SRC007";Braceo y respiración;Coordinar respiración, presión intraabdominal y tensión del tronco.;medio;técnica;Práctica de braceo;Respirar, bloquear y mantener tensión en series moderadas.;Mejorar estabilidad en fuerza.;medio;cada sesión de fuerza;técnica;media;Adaptar carga, volumen, frecuencia, rango, descansos y tareas al nivel, historial, molestias, material, preferencias y disponibilidad. No sustituye valoración médica/fisioterapéutica si hay dolor, lesión o señales de alarma.
Fuerza;Mejorar fuerza general;Aumentar capacidad de mover más carga en patrones básicos.;general;entrenamiento;bajo;"FIT2_SRC004;FIT2_SRC007";Seguimiento de cargas;Registrar ejercicios, series, repeticiones, peso y notas.;bajo;seguimiento;Registro de entrenamiento;Anotar ejercicio, series, repeticiones, peso, RIR/RPE y notas.;Medir progreso real.;bajo;cada sesión;seguimiento;alta;Adaptar carga, volumen, frecuencia, rango, descansos y tareas al nivel, historial, molestias, material, preferencias y disponibilidad. No sustituye valoración médica/fisioterapéutica si hay dolor, lesión o señales de alarma.
Fuerza;Mejorar fuerza general;Aumentar capacidad de mover más carga en patrones básicos.;general;entrenamiento;bajo;"FIT2_SRC004;FIT2_SRC007";Feedback técnico con vídeo;Usar grabaciones para revisar patrón y progresar con seguridad.;medio;técnica;Grabación técnica breve;Grabar una serie lateral/frontal y revisar puntos clave.;Mejorar técnica.;medio;semanal;técnica;media;Adaptar carga, volumen, frecuencia, rango, descansos y tareas al nivel, historial, molestias, material, preferencias y disponibilidad. No sustituye valoración médica/fisioterapéutica si hay dolor, lesión o señales de alarma.
Fuerza;Mejorar fuerza general;Aumentar capacidad de mover más carga en patrones básicos.;general;entrenamiento;bajo;"FIT2_SRC004;FIT2_SRC007";Autoregulación de entrenamiento;Ajustar carga y volumen según energía, sueño, dolor y rendimiento.;medio;programación;Plan post-estancamiento;Revisar sueño, nutrición, volumen, intensidad y técnica antes de cambiar todo.;Resolver estancamiento.;medio;cuando proceda;programación;media;Adaptar carga, volumen, frecuencia, rango, descansos y tareas al nivel, historial, molestias, material, preferencias y disponibilidad. No sustituye valoración médica/fisioterapéutica si hay dolor, lesión o señales de alarma.
Fuerza;Mejorar fuerza general;Aumentar capacidad de mover más carga en patrones básicos.;general;entrenamiento;bajo;"FIT2_SRC004;FIT2_SRC007";Autoregulación de entrenamiento;Ajustar carga y volumen según energía, sueño, dolor y rendimiento.;medio;programación;Reducción de carga por fatiga;Aplicar autoregulación si sueño/energía/rendimiento están bajos.;Evitar exceso.;medio;cada sesión;programación;media;Adaptar carga, volumen, frecuencia, rango, descansos y tareas al nivel, historial, molestias, material, preferencias y disponibilidad. No sustituye valoración médica/fisioterapéutica si hay dolor, lesión o señales de alarma.
Fuerza;Mejorar fuerza en sentadilla;Objetivo de progresar en patrón de sentadilla.;intermedio;entrenamiento;medio;"FIT2_SRC004;FIT2_SRC009";Progresión lineal básica;Subir carga de manera planificada en ejercicios principales.;medio;fuerza;Progresión lineal de básicos;Aumentar carga mínima si se cumplen repeticiones y técnica.;Mejorar fuerza.;medio;semanal;fuerza;alta;Adaptar carga, volumen, frecuencia, rango, descansos y tareas al nivel, historial, molestias, material, preferencias y disponibilidad. No sustituye valoración médica/fisioterapéutica si hay dolor, lesión o señales de alarma.
Fuerza;Mejorar fuerza en sentadilla;Objetivo de progresar en patrón de sentadilla.;intermedio;entrenamiento;medio;"FIT2_SRC004;FIT2_SRC009";Progresión lineal básica;Subir carga de manera planificada en ejercicios principales.;medio;fuerza;Estimación 1RM submáxima;Calcular 1RM estimado con repeticiones submáximas, sin máximo real innecesario.;Evaluar fuerza.;medio;cada 6-8 semanas;evaluación;alta;Adaptar carga, volumen, frecuencia, rango, descansos y tareas al nivel, historial, molestias, material, preferencias y disponibilidad. No sustituye valoración médica/fisioterapéutica si hay dolor, lesión o señales de alarma.
Fuerza;Mejorar fuerza en sentadilla;Objetivo de progresar en patrón de sentadilla.;intermedio;entrenamiento;medio;"FIT2_SRC004;FIT2_SRC009";Descarga planificada;Reducir carga/volumen temporalmente ante fatiga o bajo rendimiento.;bajo;recuperación;Semana de descarga;Reducir volumen/intensidad ante fatiga acumulada o estancamiento.;Recuperar rendimiento.;bajo;cada 4-8 semanas;recuperación;media;Adaptar carga, volumen, frecuencia, rango, descansos y tareas al nivel, historial, molestias, material, preferencias y disponibilidad. No sustituye valoración médica/fisioterapéutica si hay dolor, lesión o señales de alarma.
Fuerza;Mejorar fuerza en sentadilla;Objetivo de progresar en patrón de sentadilla.;intermedio;entrenamiento;medio;"FIT2_SRC004;FIT2_SRC009";Técnica por patrones de movimiento;Enseñar sentadilla, bisagra, empuje, tracción, zancada, transporte y core.;medio;técnica;Revisión de técnica de sentadilla;Checklist de pies, rodillas, cadera, tronco, profundidad y control.;Mejorar sentadilla.;medio;semanal;técnica;alta;Adaptar carga, volumen, frecuencia, rango, descansos y tareas al nivel, historial, molestias, material, preferencias y disponibilidad. No sustituye valoración médica/fisioterapéutica si hay dolor, lesión o señales de alarma.
Fuerza;Mejorar fuerza en sentadilla;Objetivo de progresar en patrón de sentadilla.;intermedio;entrenamiento;medio;"FIT2_SRC004;FIT2_SRC009";Técnica por patrones de movimiento;Enseñar sentadilla, bisagra, empuje, tracción, zancada, transporte y core.;medio;técnica;Revisión de bisagra;Checklist de cadera atrás, columna neutra, tensión dorsal y rango.;Mejorar bisagra.;medio;semanal;técnica;alta;Adaptar carga, volumen, frecuencia, rango, descansos y tareas al nivel, historial, molestias, material, preferencias y disponibilidad. No sustituye valoración médica/fisioterapéutica si hay dolor, lesión o señales de alarma.
Fuerza;Mejorar fuerza en sentadilla;Objetivo de progresar en patrón de sentadilla.;intermedio;entrenamiento;medio;"FIT2_SRC004;FIT2_SRC009";Técnica por patrones de movimiento;Enseñar sentadilla, bisagra, empuje, tracción, zancada, transporte y core.;medio;técnica;Revisión de empuje;Checklist de escápulas, muñeca/codo, trayectoria y control.;Mejorar press/flexión.;bajo;semanal;técnica;alta;Adaptar carga, volumen, frecuencia, rango, descansos y tareas al nivel, historial, molestias, material, preferencias y disponibilidad. No sustituye valoración médica/fisioterapéutica si hay dolor, lesión o señales de alarma.
Fuerza;Mejorar fuerza en sentadilla;Objetivo de progresar en patrón de sentadilla.;intermedio;entrenamiento;medio;"FIT2_SRC004;FIT2_SRC009";Técnica por patrones de movimiento;Enseñar sentadilla, bisagra, empuje, tracción, zancada, transporte y core.;medio;técnica;Revisión de tracción;Checklist de escápula, codo, torso y recorrido.;Mejorar remos/dominadas.;bajo;semanal;técnica;alta;Adaptar carga, volumen, frecuencia, rango, descansos y tareas al nivel, historial, molestias, material, preferencias y disponibilidad. No sustituye valoración médica/fisioterapéutica si hay dolor, lesión o señales de alarma.
Fuerza;Mejorar fuerza en sentadilla;Objetivo de progresar en patrón de sentadilla.;intermedio;entrenamiento;medio;"FIT2_SRC004;FIT2_SRC009";Técnica por patrones de movimiento;Enseñar sentadilla, bisagra, empuje, tracción, zancada, transporte y core.;medio;técnica;Revisión de unilateral;Checklist de equilibrio, rodilla, cadera y control de zancadas.;Mejorar trabajo unilateral.;bajo;semanal;técnica;alta;Adaptar carga, volumen, frecuencia, rango, descansos y tareas al nivel, historial, molestias, material, preferencias y disponibilidad. No sustituye valoración médica/fisioterapéutica si hay dolor, lesión o señales de alarma.
Fuerza;Mejorar fuerza en sentadilla;Objetivo de progresar en patrón de sentadilla.;intermedio;entrenamiento;medio;"FIT2_SRC004;FIT2_SRC009";Braceo y respiración;Coordinar respiración, presión intraabdominal y tensión del tronco.;medio;técnica;Práctica de braceo;Respirar, bloquear y mantener tensión en series moderadas.;Mejorar estabilidad en fuerza.;medio;cada sesión de fuerza;técnica;media;Adaptar carga, volumen, frecuencia, rango, descansos y tareas al nivel, historial, molestias, material, preferencias y disponibilidad. No sustituye valoración médica/fisioterapéutica si hay dolor, lesión o señales de alarma.
Fuerza;Mejorar fuerza en sentadilla;Objetivo de progresar en patrón de sentadilla.;intermedio;entrenamiento;medio;"FIT2_SRC004;FIT2_SRC009";Seguimiento de cargas;Registrar ejercicios, series, repeticiones, peso y notas.;bajo;seguimiento;Registro de entrenamiento;Anotar ejercicio, series, repeticiones, peso, RIR/RPE y notas.;Medir progreso real.;bajo;cada sesión;seguimiento;alta;Adaptar carga, volumen, frecuencia, rango, descansos y tareas al nivel, historial, molestias, material, preferencias y disponibilidad. No sustituye valoración médica/fisioterapéutica si hay dolor, lesión o señales de alarma.
Fuerza;Mejorar fuerza en sentadilla;Objetivo de progresar en patrón de sentadilla.;intermedio;entrenamiento;medio;"FIT2_SRC004;FIT2_SRC009";Feedback técnico con vídeo;Usar grabaciones para revisar patrón y progresar con seguridad.;medio;técnica;Grabación técnica breve;Grabar una serie lateral/frontal y revisar puntos clave.;Mejorar técnica.;medio;semanal;técnica;media;Adaptar carga, volumen, frecuencia, rango, descansos y tareas al nivel, historial, molestias, material, preferencias y disponibilidad. No sustituye valoración médica/fisioterapéutica si hay dolor, lesión o señales de alarma.
Fuerza;Mejorar fuerza en sentadilla;Objetivo de progresar en patrón de sentadilla.;intermedio;entrenamiento;medio;"FIT2_SRC004;FIT2_SRC009";Autoregulación de entrenamiento;Ajustar carga y volumen según energía, sueño, dolor y rendimiento.;medio;programación;Plan post-estancamiento;Revisar sueño, nutrición, volumen, intensidad y técnica antes de cambiar todo.;Resolver estancamiento.;medio;cuando proceda;programación;media;Adaptar carga, volumen, frecuencia, rango, descansos y tareas al nivel, historial, molestias, material, preferencias y disponibilidad. No sustituye valoración médica/fisioterapéutica si hay dolor, lesión o señales de alarma.
Fuerza;Mejorar fuerza en sentadilla;Objetivo de progresar en patrón de sentadilla.;intermedio;entrenamiento;medio;"FIT2_SRC004;FIT2_SRC009";Autoregulación de entrenamiento;Ajustar carga y volumen según energía, sueño, dolor y rendimiento.;medio;programación;Reducción de carga por fatiga;Aplicar autoregulación si sueño/energía/rendimiento están bajos.;Evitar exceso.;medio;cada sesión;programación;media;Adaptar carga, volumen, frecuencia, rango, descansos y tareas al nivel, historial, molestias, material, preferencias y disponibilidad. No sustituye valoración médica/fisioterapéutica si hay dolor, lesión o señales de alarma.
Fuerza;Mejorar fuerza en peso muerto/bisagra;Objetivo de mejorar patrón de bisagra de cadera.;intermedio;entrenamiento;medio;"FIT2_SRC004;FIT2_SRC009";Progresión lineal básica;Subir carga de manera planificada en ejercicios principales.;medio;fuerza;Progresión lineal de básicos;Aumentar carga mínima si se cumplen repeticiones y técnica.;Mejorar fuerza.;medio;semanal;fuerza;alta;Adaptar carga, volumen, frecuencia, rango, descansos y tareas al nivel, historial, molestias, material, preferencias y disponibilidad. No sustituye valoración médica/fisioterapéutica si hay dolor, lesión o señales de alarma.
Fuerza;Mejorar fuerza en peso muerto/bisagra;Objetivo de mejorar patrón de bisagra de cadera.;intermedio;entrenamiento;medio;"FIT2_SRC004;FIT2_SRC009";Progresión lineal básica;Subir carga de manera planificada en ejercicios principales.;medio;fuerza;Estimación 1RM submáxima;Calcular 1RM estimado con repeticiones submáximas, sin máximo real innecesario.;Evaluar fuerza.;medio;cada 6-8 semanas;evaluación;alta;Adaptar carga, volumen, frecuencia, rango, descansos y tareas al nivel, historial, molestias, material, preferencias y disponibilidad. No sustituye valoración médica/fisioterapéutica si hay dolor, lesión o señales de alarma.
Fuerza;Mejorar fuerza en peso muerto/bisagra;Objetivo de mejorar patrón de bisagra de cadera.;intermedio;entrenamiento;medio;"FIT2_SRC004;FIT2_SRC009";Descarga planificada;Reducir carga/volumen temporalmente ante fatiga o bajo rendimiento.;bajo;recuperación;Semana de descarga;Reducir volumen/intensidad ante fatiga acumulada o estancamiento.;Recuperar rendimiento.;bajo;cada 4-8 semanas;recuperación;media;Adaptar carga, volumen, frecuencia, rango, descansos y tareas al nivel, historial, molestias, material, preferencias y disponibilidad. No sustituye valoración médica/fisioterapéutica si hay dolor, lesión o señales de alarma.
Fuerza;Mejorar fuerza en peso muerto/bisagra;Objetivo de mejorar patrón de bisagra de cadera.;intermedio;entrenamiento;medio;"FIT2_SRC004;FIT2_SRC009";Técnica por patrones de movimiento;Enseñar sentadilla, bisagra, empuje, tracción, zancada, transporte y core.;medio;técnica;Revisión de técnica de sentadilla;Checklist de pies, rodillas, cadera, tronco, profundidad y control.;Mejorar sentadilla.;medio;semanal;técnica;alta;Adaptar carga, volumen, frecuencia, rango, descansos y tareas al nivel, historial, molestias, material, preferencias y disponibilidad. No sustituye valoración médica/fisioterapéutica si hay dolor, lesión o señales de alarma.
Fuerza;Mejorar fuerza en peso muerto/bisagra;Objetivo de mejorar patrón de bisagra de cadera.;intermedio;entrenamiento;medio;"FIT2_SRC004;FIT2_SRC009";Técnica por patrones de movimiento;Enseñar sentadilla, bisagra, empuje, tracción, zancada, transporte y core.;medio;técnica;Revisión de bisagra;Checklist de cadera atrás, columna neutra, tensión dorsal y rango.;Mejorar bisagra.;medio;semanal;técnica;alta;Adaptar carga, volumen, frecuencia, rango, descansos y tareas al nivel, historial, molestias, material, preferencias y disponibilidad. No sustituye valoración médica/fisioterapéutica si hay dolor, lesión o señales de alarma.
Fuerza;Mejorar fuerza en peso muerto/bisagra;Objetivo de mejorar patrón de bisagra de cadera.;intermedio;entrenamiento;medio;"FIT2_SRC004;FIT2_SRC009";Técnica por patrones de movimiento;Enseñar sentadilla, bisagra, empuje, tracción, zancada, transporte y core.;medio;técnica;Revisión de empuje;Checklist de escápulas, muñeca/codo, trayectoria y control.;Mejorar press/flexión.;bajo;semanal;técnica;alta;Adaptar carga, volumen, frecuencia, rango, descansos y tareas al nivel, historial, molestias, material, preferencias y disponibilidad. No sustituye valoración médica/fisioterapéutica si hay dolor, lesión o señales de alarma.
Fuerza;Mejorar fuerza en peso muerto/bisagra;Objetivo de mejorar patrón de bisagra de cadera.;intermedio;entrenamiento;medio;"FIT2_SRC004;FIT2_SRC009";Técnica por patrones de movimiento;Enseñar sentadilla, bisagra, empuje, tracción, zancada, transporte y core.;medio;técnica;Revisión de tracción;Checklist de escápula, codo, torso y recorrido.;Mejorar remos/dominadas.;bajo;semanal;técnica;alta;Adaptar carga, volumen, frecuencia, rango, descansos y tareas al nivel, historial, molestias, material, preferencias y disponibilidad. No sustituye valoración médica/fisioterapéutica si hay dolor, lesión o señales de alarma.
Fuerza;Mejorar fuerza en peso muerto/bisagra;Objetivo de mejorar patrón de bisagra de cadera.;intermedio;entrenamiento;medio;"FIT2_SRC004;FIT2_SRC009";Técnica por patrones de movimiento;Enseñar sentadilla, bisagra, empuje, tracción, zancada, transporte y core.;medio;técnica;Revisión de unilateral;Checklist de equilibrio, rodilla, cadera y control de zancadas.;Mejorar trabajo unilateral.;bajo;semanal;técnica;alta;Adaptar carga, volumen, frecuencia, rango, descansos y tareas al nivel, historial, molestias, material, preferencias y disponibilidad. No sustituye valoración médica/fisioterapéutica si hay dolor, lesión o señales de alarma.
Fuerza;Mejorar fuerza en peso muerto/bisagra;Objetivo de mejorar patrón de bisagra de cadera.;intermedio;entrenamiento;medio;"FIT2_SRC004;FIT2_SRC009";Braceo y respiración;Coordinar respiración, presión intraabdominal y tensión del tronco.;medio;técnica;Práctica de braceo;Respirar, bloquear y mantener tensión en series moderadas.;Mejorar estabilidad en fuerza.;medio;cada sesión de fuerza;técnica;media;Adaptar carga, volumen, frecuencia, rango, descansos y tareas al nivel, historial, molestias, material, preferencias y disponibilidad. No sustituye valoración médica/fisioterapéutica si hay dolor, lesión o señales de alarma.
Fuerza;Mejorar fuerza en peso muerto/bisagra;Objetivo de mejorar patrón de bisagra de cadera.;intermedio;entrenamiento;medio;"FIT2_SRC004;FIT2_SRC009";Seguimiento de cargas;Registrar ejercicios, series, repeticiones, peso y notas.;bajo;seguimiento;Registro de entrenamiento;Anotar ejercicio, series, repeticiones, peso, RIR/RPE y notas.;Medir progreso real.;bajo;cada sesión;seguimiento;alta;Adaptar carga, volumen, frecuencia, rango, descansos y tareas al nivel, historial, molestias, material, preferencias y disponibilidad. No sustituye valoración médica/fisioterapéutica si hay dolor, lesión o señales de alarma.
Fuerza;Mejorar fuerza en peso muerto/bisagra;Objetivo de mejorar patrón de bisagra de cadera.;intermedio;entrenamiento;medio;"FIT2_SRC004;FIT2_SRC009";Feedback técnico con vídeo;Usar grabaciones para revisar patrón y progresar con seguridad.;medio;técnica;Grabación técnica breve;Grabar una serie lateral/frontal y revisar puntos clave.;Mejorar técnica.;medio;semanal;técnica;media;Adaptar carga, volumen, frecuencia, rango, descansos y tareas al nivel, historial, molestias, material, preferencias y disponibilidad. No sustituye valoración médica/fisioterapéutica si hay dolor, lesión o señales de alarma.
Fuerza;Mejorar fuerza en peso muerto/bisagra;Objetivo de mejorar patrón de bisagra de cadera.;intermedio;entrenamiento;medio;"FIT2_SRC004;FIT2_SRC009";Autoregulación de entrenamiento;Ajustar carga y volumen según energía, sueño, dolor y rendimiento.;medio;programación;Plan post-estancamiento;Revisar sueño, nutrición, volumen, intensidad y técnica antes de cambiar todo.;Resolver estancamiento.;medio;cuando proceda;programación;media;Adaptar carga, volumen, frecuencia, rango, descansos y tareas al nivel, historial, molestias, material, preferencias y disponibilidad. No sustituye valoración médica/fisioterapéutica si hay dolor, lesión o señales de alarma.
Fuerza;Mejorar fuerza en peso muerto/bisagra;Objetivo de mejorar patrón de bisagra de cadera.;intermedio;entrenamiento;medio;"FIT2_SRC004;FIT2_SRC009";Autoregulación de entrenamiento;Ajustar carga y volumen según energía, sueño, dolor y rendimiento.;medio;programación;Reducción de carga por fatiga;Aplicar autoregulación si sueño/energía/rendimiento están bajos.;Evitar exceso.;medio;cada sesión;programación;media;Adaptar carga, volumen, frecuencia, rango, descansos y tareas al nivel, historial, molestias, material, preferencias y disponibilidad. No sustituye valoración médica/fisioterapéutica si hay dolor, lesión o señales de alarma.
Fuerza;Mejorar fuerza de empuje;Progresar en press banca, flexiones, press militar u otros empujes.;general;entrenamiento;bajo;"FIT2_SRC004;FIT2_SRC007";Progresión lineal básica;Subir carga de manera planificada en ejercicios principales.;medio;fuerza;Progresión lineal de básicos;Aumentar carga mínima si se cumplen repeticiones y técnica.;Mejorar fuerza.;medio;semanal;fuerza;alta;Adaptar carga, volumen, frecuencia, rango, descansos y tareas al nivel, historial, molestias, material, preferencias y disponibilidad. No sustituye valoración médica/fisioterapéutica si hay dolor, lesión o señales de alarma.
Fuerza;Mejorar fuerza de empuje;Progresar en press banca, flexiones, press militar u otros empujes.;general;entrenamiento;bajo;"FIT2_SRC004;FIT2_SRC007";Progresión lineal básica;Subir carga de manera planificada en ejercicios principales.;medio;fuerza;Estimación 1RM submáxima;Calcular 1RM estimado con repeticiones submáximas, sin máximo real innecesario.;Evaluar fuerza.;medio;cada 6-8 semanas;evaluación;alta;Adaptar carga, volumen, frecuencia, rango, descansos y tareas al nivel, historial, molestias, material, preferencias y disponibilidad. No sustituye valoración médica/fisioterapéutica si hay dolor, lesión o señales de alarma.
Fuerza;Mejorar fuerza de empuje;Progresar en press banca, flexiones, press militar u otros empujes.;general;entrenamiento;bajo;"FIT2_SRC004;FIT2_SRC007";Descarga planificada;Reducir carga/volumen temporalmente ante fatiga o bajo rendimiento.;bajo;recuperación;Semana de descarga;Reducir volumen/intensidad ante fatiga acumulada o estancamiento.;Recuperar rendimiento.;bajo;cada 4-8 semanas;recuperación;media;Adaptar carga, volumen, frecuencia, rango, descansos y tareas al nivel, historial, molestias, material, preferencias y disponibilidad. No sustituye valoración médica/fisioterapéutica si hay dolor, lesión o señales de alarma.
Fuerza;Mejorar fuerza de empuje;Progresar en press banca, flexiones, press militar u otros empujes.;general;entrenamiento;bajo;"FIT2_SRC004;FIT2_SRC007";Técnica por patrones de movimiento;Enseñar sentadilla, bisagra, empuje, tracción, zancada, transporte y core.;medio;técnica;Revisión de técnica de sentadilla;Checklist de pies, rodillas, cadera, tronco, profundidad y control.;Mejorar sentadilla.;medio;semanal;técnica;alta;Adaptar carga, volumen, frecuencia, rango, descansos y tareas al nivel, historial, molestias, material, preferencias y disponibilidad. No sustituye valoración médica/fisioterapéutica si hay dolor, lesión o señales de alarma.
Fuerza;Mejorar fuerza de empuje;Progresar en press banca, flexiones, press militar u otros empujes.;general;entrenamiento;bajo;"FIT2_SRC004;FIT2_SRC007";Técnica por patrones de movimiento;Enseñar sentadilla, bisagra, empuje, tracción, zancada, transporte y core.;medio;técnica;Revisión de bisagra;Checklist de cadera atrás, columna neutra, tensión dorsal y rango.;Mejorar bisagra.;medio;semanal;técnica;alta;Adaptar carga, volumen, frecuencia, rango, descansos y tareas al nivel, historial, molestias, material, preferencias y disponibilidad. No sustituye valoración médica/fisioterapéutica si hay dolor, lesión o señales de alarma.
Fuerza;Mejorar fuerza de empuje;Progresar en press banca, flexiones, press militar u otros empujes.;general;entrenamiento;bajo;"FIT2_SRC004;FIT2_SRC007";Técnica por patrones de movimiento;Enseñar sentadilla, bisagra, empuje, tracción, zancada, transporte y core.;medio;técnica;Revisión de empuje;Checklist de escápulas, muñeca/codo, trayectoria y control.;Mejorar press/flexión.;bajo;semanal;técnica;alta;Adaptar carga, volumen, frecuencia, rango, descansos y tareas al nivel, historial, molestias, material, preferencias y disponibilidad. No sustituye valoración médica/fisioterapéutica si hay dolor, lesión o señales de alarma.
Fuerza;Mejorar fuerza de empuje;Progresar en press banca, flexiones, press militar u otros empujes.;general;entrenamiento;bajo;"FIT2_SRC004;FIT2_SRC007";Técnica por patrones de movimiento;Enseñar sentadilla, bisagra, empuje, tracción, zancada, transporte y core.;medio;técnica;Revisión de tracción;Checklist de escápula, codo, torso y recorrido.;Mejorar remos/dominadas.;bajo;semanal;técnica;alta;Adaptar carga, volumen, frecuencia, rango, descansos y tareas al nivel, historial, molestias, material, preferencias y disponibilidad. No sustituye valoración médica/fisioterapéutica si hay dolor, lesión o señales de alarma.
Fuerza;Mejorar fuerza de empuje;Progresar en press banca, flexiones, press militar u otros empujes.;general;entrenamiento;bajo;"FIT2_SRC004;FIT2_SRC007";Técnica por patrones de movimiento;Enseñar sentadilla, bisagra, empuje, tracción, zancada, transporte y core.;medio;técnica;Revisión de unilateral;Checklist de equilibrio, rodilla, cadera y control de zancadas.;Mejorar trabajo unilateral.;bajo;semanal;técnica;alta;Adaptar carga, volumen, frecuencia, rango, descansos y tareas al nivel, historial, molestias, material, preferencias y disponibilidad. No sustituye valoración médica/fisioterapéutica si hay dolor, lesión o señales de alarma.
Fuerza;Mejorar fuerza de empuje;Progresar en press banca, flexiones, press militar u otros empujes.;general;entrenamiento;bajo;"FIT2_SRC004;FIT2_SRC007";Braceo y respiración;Coordinar respiración, presión intraabdominal y tensión del tronco.;medio;técnica;Práctica de braceo;Respirar, bloquear y mantener tensión en series moderadas.;Mejorar estabilidad en fuerza.;medio;cada sesión de fuerza;técnica;media;Adaptar carga, volumen, frecuencia, rango, descansos y tareas al nivel, historial, molestias, material, preferencias y disponibilidad. No sustituye valoración médica/fisioterapéutica si hay dolor, lesión o señales de alarma.
Fuerza;Mejorar fuerza de empuje;Progresar en press banca, flexiones, press militar u otros empujes.;general;entrenamiento;bajo;"FIT2_SRC004;FIT2_SRC007";Seguimiento de cargas;Registrar ejercicios, series, repeticiones, peso y notas.;bajo;seguimiento;Registro de entrenamiento;Anotar ejercicio, series, repeticiones, peso, RIR/RPE y notas.;Medir progreso real.;bajo;cada sesión;seguimiento;alta;Adaptar carga, volumen, frecuencia, rango, descansos y tareas al nivel, historial, molestias, material, preferencias y disponibilidad. No sustituye valoración médica/fisioterapéutica si hay dolor, lesión o señales de alarma.
Fuerza;Mejorar fuerza de empuje;Progresar en press banca, flexiones, press militar u otros empujes.;general;entrenamiento;bajo;"FIT2_SRC004;FIT2_SRC007";Feedback técnico con vídeo;Usar grabaciones para revisar patrón y progresar con seguridad.;medio;técnica;Grabación técnica breve;Grabar una serie lateral/frontal y revisar puntos clave.;Mejorar técnica.;medio;semanal;técnica;media;Adaptar carga, volumen, frecuencia, rango, descansos y tareas al nivel, historial, molestias, material, preferencias y disponibilidad. No sustituye valoración médica/fisioterapéutica si hay dolor, lesión o señales de alarma.
Fuerza;Mejorar fuerza de empuje;Progresar en press banca, flexiones, press militar u otros empujes.;general;entrenamiento;bajo;"FIT2_SRC004;FIT2_SRC007";Autoregulación de entrenamiento;Ajustar carga y volumen según energía, sueño, dolor y rendimiento.;medio;programación;Plan post-estancamiento;Revisar sueño, nutrición, volumen, intensidad y técnica antes de cambiar todo.;Resolver estancamiento.;medio;cuando proceda;programación;media;Adaptar carga, volumen, frecuencia, rango, descansos y tareas al nivel, historial, molestias, material, preferencias y disponibilidad. No sustituye valoración médica/fisioterapéutica si hay dolor, lesión o señales de alarma.
Fuerza;Mejorar fuerza de empuje;Progresar en press banca, flexiones, press militar u otros empujes.;general;entrenamiento;bajo;"FIT2_SRC004;FIT2_SRC007";Autoregulación de entrenamiento;Ajustar carga y volumen según energía, sueño, dolor y rendimiento.;medio;programación;Reducción de carga por fatiga;Aplicar autoregulación si sueño/energía/rendimiento están bajos.;Evitar exceso.;medio;cada sesión;programación;media;Adaptar carga, volumen, frecuencia, rango, descansos y tareas al nivel, historial, molestias, material, preferencias y disponibilidad. No sustituye valoración médica/fisioterapéutica si hay dolor, lesión o señales de alarma.
Fuerza;Mejorar fuerza de tracción;Progresar en remos, dominadas, jalones o tracciones.;general;entrenamiento;bajo;"FIT2_SRC004;FIT2_SRC007";Progresión lineal básica;Subir carga de manera planificada en ejercicios principales.;medio;fuerza;Progresión lineal de básicos;Aumentar carga mínima si se cumplen repeticiones y técnica.;Mejorar fuerza.;medio;semanal;fuerza;alta;Adaptar carga, volumen, frecuencia, rango, descansos y tareas al nivel, historial, molestias, material, preferencias y disponibilidad. No sustituye valoración médica/fisioterapéutica si hay dolor, lesión o señales de alarma.
Fuerza;Mejorar fuerza de tracción;Progresar en remos, dominadas, jalones o tracciones.;general;entrenamiento;bajo;"FIT2_SRC004;FIT2_SRC007";Progresión lineal básica;Subir carga de manera planificada en ejercicios principales.;medio;fuerza;Estimación 1RM submáxima;Calcular 1RM estimado con repeticiones submáximas, sin máximo real innecesario.;Evaluar fuerza.;medio;cada 6-8 semanas;evaluación;alta;Adaptar carga, volumen, frecuencia, rango, descansos y tareas al nivel, historial, molestias, material, preferencias y disponibilidad. No sustituye valoración médica/fisioterapéutica si hay dolor, lesión o señales de alarma.
Fuerza;Mejorar fuerza de tracción;Progresar en remos, dominadas, jalones o tracciones.;general;entrenamiento;bajo;"FIT2_SRC004;FIT2_SRC007";Descarga planificada;Reducir carga/volumen temporalmente ante fatiga o bajo rendimiento.;bajo;recuperación;Semana de descarga;Reducir volumen/intensidad ante fatiga acumulada o estancamiento.;Recuperar rendimiento.;bajo;cada 4-8 semanas;recuperación;media;Adaptar carga, volumen, frecuencia, rango, descansos y tareas al nivel, historial, molestias, material, preferencias y disponibilidad. No sustituye valoración médica/fisioterapéutica si hay dolor, lesión o señales de alarma.
Fuerza;Mejorar fuerza de tracción;Progresar en remos, dominadas, jalones o tracciones.;general;entrenamiento;bajo;"FIT2_SRC004;FIT2_SRC007";Técnica por patrones de movimiento;Enseñar sentadilla, bisagra, empuje, tracción, zancada, transporte y core.;medio;técnica;Revisión de técnica de sentadilla;Checklist de pies, rodillas, cadera, tronco, profundidad y control.;Mejorar sentadilla.;medio;semanal;técnica;alta;Adaptar carga, volumen, frecuencia, rango, descansos y tareas al nivel, historial, molestias, material, preferencias y disponibilidad. No sustituye valoración médica/fisioterapéutica si hay dolor, lesión o señales de alarma.
Fuerza;Mejorar fuerza de tracción;Progresar en remos, dominadas, jalones o tracciones.;general;entrenamiento;bajo;"FIT2_SRC004;FIT2_SRC007";Técnica por patrones de movimiento;Enseñar sentadilla, bisagra, empuje, tracción, zancada, transporte y core.;medio;técnica;Revisión de bisagra;Checklist de cadera atrás, columna neutra, tensión dorsal y rango.;Mejorar bisagra.;medio;semanal;técnica;alta;Adaptar carga, volumen, frecuencia, rango, descansos y tareas al nivel, historial, molestias, material, preferencias y disponibilidad. No sustituye valoración médica/fisioterapéutica si hay dolor, lesión o señales de alarma.
Fuerza;Mejorar fuerza de tracción;Progresar en remos, dominadas, jalones o tracciones.;general;entrenamiento;bajo;"FIT2_SRC004;FIT2_SRC007";Técnica por patrones de movimiento;Enseñar sentadilla, bisagra, empuje, tracción, zancada, transporte y core.;medio;técnica;Revisión de empuje;Checklist de escápulas, muñeca/codo, trayectoria y control.;Mejorar press/flexión.;bajo;semanal;técnica;alta;Adaptar carga, volumen, frecuencia, rango, descansos y tareas al nivel, historial, molestias, material, preferencias y disponibilidad. No sustituye valoración médica/fisioterapéutica si hay dolor, lesión o señales de alarma.
Fuerza;Mejorar fuerza de tracción;Progresar en remos, dominadas, jalones o tracciones.;general;entrenamiento;bajo;"FIT2_SRC004;FIT2_SRC007";Técnica por patrones de movimiento;Enseñar sentadilla, bisagra, empuje, tracción, zancada, transporte y core.;medio;técnica;Revisión de tracción;Checklist de escápula, codo, torso y recorrido.;Mejorar remos/dominadas.;bajo;semanal;técnica;alta;Adaptar carga, volumen, frecuencia, rango, descansos y tareas al nivel, historial, molestias, material, preferencias y disponibilidad. No sustituye valoración médica/fisioterapéutica si hay dolor, lesión o señales de alarma.
Fuerza;Mejorar fuerza de tracción;Progresar en remos, dominadas, jalones o tracciones.;general;entrenamiento;bajo;"FIT2_SRC004;FIT2_SRC007";Técnica por patrones de movimiento;Enseñar sentadilla, bisagra, empuje, tracción, zancada, transporte y core.;medio;técnica;Revisión de unilateral;Checklist de equilibrio, rodilla, cadera y control de zancadas.;Mejorar trabajo unilateral.;bajo;semanal;técnica;alta;Adaptar carga, volumen, frecuencia, rango, descansos y tareas al nivel, historial, molestias, material, preferencias y disponibilidad. No sustituye valoración médica/fisioterapéutica si hay dolor, lesión o señales de alarma.
Fuerza;Mejorar fuerza de tracción;Progresar en remos, dominadas, jalones o tracciones.;general;entrenamiento;bajo;"FIT2_SRC004;FIT2_SRC007";Braceo y respiración;Coordinar respiración, presión intraabdominal y tensión del tronco.;medio;técnica;Práctica de braceo;Respirar, bloquear y mantener tensión en series moderadas.;Mejorar estabilidad en fuerza.;medio;cada sesión de fuerza;técnica;media;Adaptar carga, volumen, frecuencia, rango, descansos y tareas al nivel, historial, molestias, material, preferencias y disponibilidad. No sustituye valoración médica/fisioterapéutica si hay dolor, lesión o señales de alarma.
Fuerza;Mejorar fuerza de tracción;Progresar en remos, dominadas, jalones o tracciones.;general;entrenamiento;bajo;"FIT2_SRC004;FIT2_SRC007";Seguimiento de cargas;Registrar ejercicios, series, repeticiones, peso y notas.;bajo;seguimiento;Registro de entrenamiento;Anotar ejercicio, series, repeticiones, peso, RIR/RPE y notas.;Medir progreso real.;bajo;cada sesión;seguimiento;alta;Adaptar carga, volumen, frecuencia, rango, descansos y tareas al nivel, historial, molestias, material, preferencias y disponibilidad. No sustituye valoración médica/fisioterapéutica si hay dolor, lesión o señales de alarma.
Fuerza;Mejorar fuerza de tracción;Progresar en remos, dominadas, jalones o tracciones.;general;entrenamiento;bajo;"FIT2_SRC004;FIT2_SRC007";Feedback técnico con vídeo;Usar grabaciones para revisar patrón y progresar con seguridad.;medio;técnica;Grabación técnica breve;Grabar una serie lateral/frontal y revisar puntos clave.;Mejorar técnica.;medio;semanal;técnica;media;Adaptar carga, volumen, frecuencia, rango, descansos y tareas al nivel, historial, molestias, material, preferencias y disponibilidad. No sustituye valoración médica/fisioterapéutica si hay dolor, lesión o señales de alarma.
Fuerza;Mejorar fuerza de tracción;Progresar en remos, dominadas, jalones o tracciones.;general;entrenamiento;bajo;"FIT2_SRC004;FIT2_SRC007";Autoregulación de entrenamiento;Ajustar carga y volumen según energía, sueño, dolor y rendimiento.;medio;programación;Plan post-estancamiento;Revisar sueño, nutrición, volumen, intensidad y técnica antes de cambiar todo.;Resolver estancamiento.;medio;cuando proceda;programación;media;Adaptar carga, volumen, frecuencia, rango, descansos y tareas al nivel, historial, molestias, material, preferencias y disponibilidad. No sustituye valoración médica/fisioterapéutica si hay dolor, lesión o señales de alarma.
Fuerza;Mejorar fuerza de tracción;Progresar en remos, dominadas, jalones o tracciones.;general;entrenamiento;bajo;"FIT2_SRC004;FIT2_SRC007";Autoregulación de entrenamiento;Ajustar carga y volumen según energía, sueño, dolor y rendimiento.;medio;programación;Reducción de carga por fatiga;Aplicar autoregulación si sueño/energía/rendimiento están bajos.;Evitar exceso.;medio;cada sesión;programación;media;Adaptar carga, volumen, frecuencia, rango, descansos y tareas al nivel, historial, molestias, material, preferencias y disponibilidad. No sustituye valoración médica/fisioterapéutica si hay dolor, lesión o señales de alarma.
Fuerza;Estancamiento de fuerza;No mejora carga, repeticiones o rendimiento durante varias semanas.;intermedio;programación;medio;"FIT2_SRC004;FIT2_SRC007";Progresión lineal básica;Subir carga de manera planificada en ejercicios principales.;medio;fuerza;Progresión lineal de básicos;Aumentar carga mínima si se cumplen repeticiones y técnica.;Mejorar fuerza.;medio;semanal;fuerza;alta;Adaptar carga, volumen, frecuencia, rango, descansos y tareas al nivel, historial, molestias, material, preferencias y disponibilidad. No sustituye valoración médica/fisioterapéutica si hay dolor, lesión o señales de alarma.
Fuerza;Estancamiento de fuerza;No mejora carga, repeticiones o rendimiento durante varias semanas.;intermedio;programación;medio;"FIT2_SRC004;FIT2_SRC007";Progresión lineal básica;Subir carga de manera planificada en ejercicios principales.;medio;fuerza;Estimación 1RM submáxima;Calcular 1RM estimado con repeticiones submáximas, sin máximo real innecesario.;Evaluar fuerza.;medio;cada 6-8 semanas;evaluación;alta;Adaptar carga, volumen, frecuencia, rango, descansos y tareas al nivel, historial, molestias, material, preferencias y disponibilidad. No sustituye valoración médica/fisioterapéutica si hay dolor, lesión o señales de alarma.
Fuerza;Estancamiento de fuerza;No mejora carga, repeticiones o rendimiento durante varias semanas.;intermedio;programación;medio;"FIT2_SRC004;FIT2_SRC007";Descarga planificada;Reducir carga/volumen temporalmente ante fatiga o bajo rendimiento.;bajo;recuperación;Semana de descarga;Reducir volumen/intensidad ante fatiga acumulada o estancamiento.;Recuperar rendimiento.;bajo;cada 4-8 semanas;recuperación;media;Adaptar carga, volumen, frecuencia, rango, descansos y tareas al nivel, historial, molestias, material, preferencias y disponibilidad. No sustituye valoración médica/fisioterapéutica si hay dolor, lesión o señales de alarma.
Fuerza;Estancamiento de fuerza;No mejora carga, repeticiones o rendimiento durante varias semanas.;intermedio;programación;medio;"FIT2_SRC004;FIT2_SRC007";Técnica por patrones de movimiento;Enseñar sentadilla, bisagra, empuje, tracción, zancada, transporte y core.;medio;técnica;Revisión de técnica de sentadilla;Checklist de pies, rodillas, cadera, tronco, profundidad y control.;Mejorar sentadilla.;medio;semanal;técnica;alta;Adaptar carga, volumen, frecuencia, rango, descansos y tareas al nivel, historial, molestias, material, preferencias y disponibilidad. No sustituye valoración médica/fisioterapéutica si hay dolor, lesión o señales de alarma.
Fuerza;Estancamiento de fuerza;No mejora carga, repeticiones o rendimiento durante varias semanas.;intermedio;programación;medio;"FIT2_SRC004;FIT2_SRC007";Técnica por patrones de movimiento;Enseñar sentadilla, bisagra, empuje, tracción, zancada, transporte y core.;medio;técnica;Revisión de bisagra;Checklist de cadera atrás, columna neutra, tensión dorsal y rango.;Mejorar bisagra.;medio;semanal;técnica;alta;Adaptar carga, volumen, frecuencia, rango, descansos y tareas al nivel, historial, molestias, material, preferencias y disponibilidad. No sustituye valoración médica/fisioterapéutica si hay dolor, lesión o señales de alarma.
Fuerza;Estancamiento de fuerza;No mejora carga, repeticiones o rendimiento durante varias semanas.;intermedio;programación;medio;"FIT2_SRC004;FIT2_SRC007";Técnica por patrones de movimiento;Enseñar sentadilla, bisagra, empuje, tracción, zancada, transporte y core.;medio;técnica;Revisión de empuje;Checklist de escápulas, muñeca/codo, trayectoria y control.;Mejorar press/flexión.;bajo;semanal;técnica;alta;Adaptar carga, volumen, frecuencia, rango, descansos y tareas al nivel, historial, molestias, material, preferencias y disponibilidad. No sustituye valoración médica/fisioterapéutica si hay dolor, lesión o señales de alarma.
Fuerza;Estancamiento de fuerza;No mejora carga, repeticiones o rendimiento durante varias semanas.;intermedio;programación;medio;"FIT2_SRC004;FIT2_SRC007";Técnica por patrones de movimiento;Enseñar sentadilla, bisagra, empuje, tracción, zancada, transporte y core.;medio;técnica;Revisión de tracción;Checklist de escápula, codo, torso y recorrido.;Mejorar remos/dominadas.;bajo;semanal;técnica;alta;Adaptar carga, volumen, frecuencia, rango, descansos y tareas al nivel, historial, molestias, material, preferencias y disponibilidad. No sustituye valoración médica/fisioterapéutica si hay dolor, lesión o señales de alarma.
Fuerza;Estancamiento de fuerza;No mejora carga, repeticiones o rendimiento durante varias semanas.;intermedio;programación;medio;"FIT2_SRC004;FIT2_SRC007";Técnica por patrones de movimiento;Enseñar sentadilla, bisagra, empuje, tracción, zancada, transporte y core.;medio;técnica;Revisión de unilateral;Checklist de equilibrio, rodilla, cadera y control de zancadas.;Mejorar trabajo unilateral.;bajo;semanal;técnica;alta;Adaptar carga, volumen, frecuencia, rango, descansos y tareas al nivel, historial, molestias, material, preferencias y disponibilidad. No sustituye valoración médica/fisioterapéutica si hay dolor, lesión o señales de alarma.
Fuerza;Estancamiento de fuerza;No mejora carga, repeticiones o rendimiento durante varias semanas.;intermedio;programación;medio;"FIT2_SRC004;FIT2_SRC007";Braceo y respiración;Coordinar respiración, presión intraabdominal y tensión del tronco.;medio;técnica;Práctica de braceo;Respirar, bloquear y mantener tensión en series moderadas.;Mejorar estabilidad en fuerza.;medio;cada sesión de fuerza;técnica;media;Adaptar carga, volumen, frecuencia, rango, descansos y tareas al nivel, historial, molestias, material, preferencias y disponibilidad. No sustituye valoración médica/fisioterapéutica si hay dolor, lesión o señales de alarma.
Fuerza;Estancamiento de fuerza;No mejora carga, repeticiones o rendimiento durante varias semanas.;intermedio;programación;medio;"FIT2_SRC004;FIT2_SRC007";Seguimiento de cargas;Registrar ejercicios, series, repeticiones, peso y notas.;bajo;seguimiento;Registro de entrenamiento;Anotar ejercicio, series, repeticiones, peso, RIR/RPE y notas.;Medir progreso real.;bajo;cada sesión;seguimiento;alta;Adaptar carga, volumen, frecuencia, rango, descansos y tareas al nivel, historial, molestias, material, preferencias y disponibilidad. No sustituye valoración médica/fisioterapéutica si hay dolor, lesión o señales de alarma.
Fuerza;Estancamiento de fuerza;No mejora carga, repeticiones o rendimiento durante varias semanas.;intermedio;programación;medio;"FIT2_SRC004;FIT2_SRC007";Feedback técnico con vídeo;Usar grabaciones para revisar patrón y progresar con seguridad.;medio;técnica;Grabación técnica breve;Grabar una serie lateral/frontal y revisar puntos clave.;Mejorar técnica.;medio;semanal;técnica;media;Adaptar carga, volumen, frecuencia, rango, descansos y tareas al nivel, historial, molestias, material, preferencias y disponibilidad. No sustituye valoración médica/fisioterapéutica si hay dolor, lesión o señales de alarma.
Fuerza;Estancamiento de fuerza;No mejora carga, repeticiones o rendimiento durante varias semanas.;intermedio;programación;medio;"FIT2_SRC004;FIT2_SRC007";Autoregulación de entrenamiento;Ajustar carga y volumen según energía, sueño, dolor y rendimiento.;medio;programación;Plan post-estancamiento;Revisar sueño, nutrición, volumen, intensidad y técnica antes de cambiar todo.;Resolver estancamiento.;medio;cuando proceda;programación;media;Adaptar carga, volumen, frecuencia, rango, descansos y tareas al nivel, historial, molestias, material, preferencias y disponibilidad. No sustituye valoración médica/fisioterapéutica si hay dolor, lesión o señales de alarma.
Fuerza;Estancamiento de fuerza;No mejora carga, repeticiones o rendimiento durante varias semanas.;intermedio;programación;medio;"FIT2_SRC004;FIT2_SRC007";Autoregulación de entrenamiento;Ajustar carga y volumen según energía, sueño, dolor y rendimiento.;medio;programación;Reducción de carga por fatiga;Aplicar autoregulación si sueño/energía/rendimiento están bajos.;Evitar exceso.;medio;cada sesión;programación;media;Adaptar carga, volumen, frecuencia, rango, descansos y tareas al nivel, historial, molestias, material, preferencias y disponibilidad. No sustituye valoración médica/fisioterapéutica si hay dolor, lesión o señales de alarma.
Fuerza;Miedo a levantar cargas;Inseguridad o evitación de cargas por miedo, técnica o experiencias previas.;principiante;psicoeducativa;medio;"FIT2_SRC002;FIT2_SRC011";Progresión lineal básica;Subir carga de manera planificada en ejercicios principales.;medio;fuerza;Progresión lineal de básicos;Aumentar carga mínima si se cumplen repeticiones y técnica.;Mejorar fuerza.;medio;semanal;fuerza;alta;Adaptar carga, volumen, frecuencia, rango, descansos y tareas al nivel, historial, molestias, material, preferencias y disponibilidad. No sustituye valoración médica/fisioterapéutica si hay dolor, lesión o señales de alarma.
Fuerza;Miedo a levantar cargas;Inseguridad o evitación de cargas por miedo, técnica o experiencias previas.;principiante;psicoeducativa;medio;"FIT2_SRC002;FIT2_SRC011";Progresión lineal básica;Subir carga de manera planificada en ejercicios principales.;medio;fuerza;Estimación 1RM submáxima;Calcular 1RM estimado con repeticiones submáximas, sin máximo real innecesario.;Evaluar fuerza.;medio;cada 6-8 semanas;evaluación;alta;Adaptar carga, volumen, frecuencia, rango, descansos y tareas al nivel, historial, molestias, material, preferencias y disponibilidad. No sustituye valoración médica/fisioterapéutica si hay dolor, lesión o señales de alarma.
Fuerza;Miedo a levantar cargas;Inseguridad o evitación de cargas por miedo, técnica o experiencias previas.;principiante;psicoeducativa;medio;"FIT2_SRC002;FIT2_SRC011";Descarga planificada;Reducir carga/volumen temporalmente ante fatiga o bajo rendimiento.;bajo;recuperación;Semana de descarga;Reducir volumen/intensidad ante fatiga acumulada o estancamiento.;Recuperar rendimiento.;bajo;cada 4-8 semanas;recuperación;media;Adaptar carga, volumen, frecuencia, rango, descansos y tareas al nivel, historial, molestias, material, preferencias y disponibilidad. No sustituye valoración médica/fisioterapéutica si hay dolor, lesión o señales de alarma.
Fuerza;Miedo a levantar cargas;Inseguridad o evitación de cargas por miedo, técnica o experiencias previas.;principiante;psicoeducativa;medio;"FIT2_SRC002;FIT2_SRC011";Técnica por patrones de movimiento;Enseñar sentadilla, bisagra, empuje, tracción, zancada, transporte y core.;medio;técnica;Revisión de técnica de sentadilla;Checklist de pies, rodillas, cadera, tronco, profundidad y control.;Mejorar sentadilla.;medio;semanal;técnica;alta;Adaptar carga, volumen, frecuencia, rango, descansos y tareas al nivel, historial, molestias, material, preferencias y disponibilidad. No sustituye valoración médica/fisioterapéutica si hay dolor, lesión o señales de alarma.
Fuerza;Miedo a levantar cargas;Inseguridad o evitación de cargas por miedo, técnica o experiencias previas.;principiante;psicoeducativa;medio;"FIT2_SRC002;FIT2_SRC011";Técnica por patrones de movimiento;Enseñar sentadilla, bisagra, empuje, tracción, zancada, transporte y core.;medio;técnica;Revisión de bisagra;Checklist de cadera atrás, columna neutra, tensión dorsal y rango.;Mejorar bisagra.;medio;semanal;técnica;alta;Adaptar carga, volumen, frecuencia, rango, descansos y tareas al nivel, historial, molestias, material, preferencias y disponibilidad. No sustituye valoración médica/fisioterapéutica si hay dolor, lesión o señales de alarma.
Fuerza;Miedo a levantar cargas;Inseguridad o evitación de cargas por miedo, técnica o experiencias previas.;principiante;psicoeducativa;medio;"FIT2_SRC002;FIT2_SRC011";Técnica por patrones de movimiento;Enseñar sentadilla, bisagra, empuje, tracción, zancada, transporte y core.;medio;técnica;Revisión de empuje;Checklist de escápulas, muñeca/codo, trayectoria y control.;Mejorar press/flexión.;bajo;semanal;técnica;alta;Adaptar carga, volumen, frecuencia, rango, descansos y tareas al nivel, historial, molestias, material, preferencias y disponibilidad. No sustituye valoración médica/fisioterapéutica si hay dolor, lesión o señales de alarma.
Fuerza;Miedo a levantar cargas;Inseguridad o evitación de cargas por miedo, técnica o experiencias previas.;principiante;psicoeducativa;medio;"FIT2_SRC002;FIT2_SRC011";Técnica por patrones de movimiento;Enseñar sentadilla, bisagra, empuje, tracción, zancada, transporte y core.;medio;técnica;Revisión de tracción;Checklist de escápula, codo, torso y recorrido.;Mejorar remos/dominadas.;bajo;semanal;técnica;alta;Adaptar carga, volumen, frecuencia, rango, descansos y tareas al nivel, historial, molestias, material, preferencias y disponibilidad. No sustituye valoración médica/fisioterapéutica si hay dolor, lesión o señales de alarma.
Fuerza;Miedo a levantar cargas;Inseguridad o evitación de cargas por miedo, técnica o experiencias previas.;principiante;psicoeducativa;medio;"FIT2_SRC002;FIT2_SRC011";Técnica por patrones de movimiento;Enseñar sentadilla, bisagra, empuje, tracción, zancada, transporte y core.;medio;técnica;Revisión de unilateral;Checklist de equilibrio, rodilla, cadera y control de zancadas.;Mejorar trabajo unilateral.;bajo;semanal;técnica;alta;Adaptar carga, volumen, frecuencia, rango, descansos y tareas al nivel, historial, molestias, material, preferencias y disponibilidad. No sustituye valoración médica/fisioterapéutica si hay dolor, lesión o señales de alarma.
Fuerza;Miedo a levantar cargas;Inseguridad o evitación de cargas por miedo, técnica o experiencias previas.;principiante;psicoeducativa;medio;"FIT2_SRC002;FIT2_SRC011";Braceo y respiración;Coordinar respiración, presión intraabdominal y tensión del tronco.;medio;técnica;Práctica de braceo;Respirar, bloquear y mantener tensión en series moderadas.;Mejorar estabilidad en fuerza.;medio;cada sesión de fuerza;técnica;media;Adaptar carga, volumen, frecuencia, rango, descansos y tareas al nivel, historial, molestias, material, preferencias y disponibilidad. No sustituye valoración médica/fisioterapéutica si hay dolor, lesión o señales de alarma.
Fuerza;Miedo a levantar cargas;Inseguridad o evitación de cargas por miedo, técnica o experiencias previas.;principiante;psicoeducativa;medio;"FIT2_SRC002;FIT2_SRC011";Seguimiento de cargas;Registrar ejercicios, series, repeticiones, peso y notas.;bajo;seguimiento;Registro de entrenamiento;Anotar ejercicio, series, repeticiones, peso, RIR/RPE y notas.;Medir progreso real.;bajo;cada sesión;seguimiento;alta;Adaptar carga, volumen, frecuencia, rango, descansos y tareas al nivel, historial, molestias, material, preferencias y disponibilidad. No sustituye valoración médica/fisioterapéutica si hay dolor, lesión o señales de alarma.
Fuerza;Miedo a levantar cargas;Inseguridad o evitación de cargas por miedo, técnica o experiencias previas.;principiante;psicoeducativa;medio;"FIT2_SRC002;FIT2_SRC011";Feedback técnico con vídeo;Usar grabaciones para revisar patrón y progresar con seguridad.;medio;técnica;Grabación técnica breve;Grabar una serie lateral/frontal y revisar puntos clave.;Mejorar técnica.;medio;semanal;técnica;media;Adaptar carga, volumen, frecuencia, rango, descansos y tareas al nivel, historial, molestias, material, preferencias y disponibilidad. No sustituye valoración médica/fisioterapéutica si hay dolor, lesión o señales de alarma.
Fuerza;Miedo a levantar cargas;Inseguridad o evitación de cargas por miedo, técnica o experiencias previas.;principiante;psicoeducativa;medio;"FIT2_SRC002;FIT2_SRC011";Autoregulación de entrenamiento;Ajustar carga y volumen según energía, sueño, dolor y rendimiento.;medio;programación;Plan post-estancamiento;Revisar sueño, nutrición, volumen, intensidad y técnica antes de cambiar todo.;Resolver estancamiento.;medio;cuando proceda;programación;media;Adaptar carga, volumen, frecuencia, rango, descansos y tareas al nivel, historial, molestias, material, preferencias y disponibilidad. No sustituye valoración médica/fisioterapéutica si hay dolor, lesión o señales de alarma.
Fuerza;Miedo a levantar cargas;Inseguridad o evitación de cargas por miedo, técnica o experiencias previas.;principiante;psicoeducativa;medio;"FIT2_SRC002;FIT2_SRC011";Autoregulación de entrenamiento;Ajustar carga y volumen según energía, sueño, dolor y rendimiento.;medio;programación;Reducción de carga por fatiga;Aplicar autoregulación si sueño/energía/rendimiento están bajos.;Evitar exceso.;medio;cada sesión;programación;media;Adaptar carga, volumen, frecuencia, rango, descansos y tareas al nivel, historial, molestias, material, preferencias y disponibilidad. No sustituye valoración médica/fisioterapéutica si hay dolor, lesión o señales de alarma.
Pérdida de grasa y recomposición;Pérdida de grasa corporal;Objetivo de reducir grasa preservando masa muscular.;general;hábitos/entrenamiento;medio;"FIT2_SRC001;FIT2_SRC005;FIT2_SRC006";NEAT y pasos diarios;Aumentar movimiento cotidiano y reducir sedentarismo.;bajo;hábitos;Meta de pasos diarios;Definir meta realista de pasos y revisar media semanal.;Aumentar NEAT.;bajo;diario;hábitos;alta;Adaptar carga, volumen, frecuencia, rango, descansos y tareas al nivel, historial, molestias, material, preferencias y disponibilidad. No sustituye valoración médica/fisioterapéutica si hay dolor, lesión o señales de alarma.
Pérdida de grasa y recomposición;Pérdida de grasa corporal;Objetivo de reducir grasa preservando masa muscular.;general;hábitos/entrenamiento;medio;"FIT2_SRC001;FIT2_SRC005;FIT2_SRC006";NEAT y pasos diarios;Aumentar movimiento cotidiano y reducir sedentarismo.;bajo;hábitos;Pausas activas;Levantarme y moverme 2-5 minutos cada cierto tiempo.;Reducir sedentarismo.;bajo;diario;hábitos;alta;Adaptar carga, volumen, frecuencia, rango, descansos y tareas al nivel, historial, molestias, material, preferencias y disponibilidad. No sustituye valoración médica/fisioterapéutica si hay dolor, lesión o señales de alarma.
Pérdida de grasa y recomposición;Pérdida de grasa corporal;Objetivo de reducir grasa preservando masa muscular.;general;hábitos/entrenamiento;medio;"FIT2_SRC001;FIT2_SRC005;FIT2_SRC006";NEAT y pasos diarios;Aumentar movimiento cotidiano y reducir sedentarismo.;bajo;hábitos;Reto de pasos progresivo;Subir 500-1000 pasos/día cada 1-2 semanas según tolerancia.;Aumentar gasto y salud.;bajo;semanal;hábitos;alta;Adaptar carga, volumen, frecuencia, rango, descansos y tareas al nivel, historial, molestias, material, preferencias y disponibilidad. No sustituye valoración médica/fisioterapéutica si hay dolor, lesión o señales de alarma.
Pérdida de grasa y recomposición;Pérdida de grasa corporal;Objetivo de reducir grasa preservando masa muscular.;general;hábitos/entrenamiento;medio;"FIT2_SRC001;FIT2_SRC005;FIT2_SRC006";NEAT y pasos diarios;Aumentar movimiento cotidiano y reducir sedentarismo.;bajo;hábitos;Plan de salida de sedentarismo;Añadir caminatas cortas, pausas activas y fuerza básica gradual.;Reducir sedentarismo.;bajo;2-4 semanas;hábitos;alta;Adaptar carga, volumen, frecuencia, rango, descansos y tareas al nivel, historial, molestias, material, preferencias y disponibilidad. No sustituye valoración médica/fisioterapéutica si hay dolor, lesión o señales de alarma.
Pérdida de grasa y recomposición;Pérdida de grasa corporal;Objetivo de reducir grasa preservando masa muscular.;general;hábitos/entrenamiento;medio;"FIT2_SRC001;FIT2_SRC005;FIT2_SRC006";Cardio zona 2;Trabajo aeróbico moderado y sostenible.;bajo;cardio;Cardio zona 2;Realizar cardio conversacional 20-40 minutos.;Mejorar base aeróbica.;bajo;2-4 días/semana;cardio;media;Adaptar carga, volumen, frecuencia, rango, descansos y tareas al nivel, historial, molestias, material, preferencias y disponibilidad. No sustituye valoración médica/fisioterapéutica si hay dolor, lesión o señales de alarma.
Pérdida de grasa y recomposición;Pérdida de grasa corporal;Objetivo de reducir grasa preservando masa muscular.;general;hábitos/entrenamiento;medio;"FIT2_SRC001;FIT2_SRC005;FIT2_SRC006";Proteína objetivo;Asegurar proteína suficiente para mantenimiento/ganancia muscular.;bajo;nutrición básica;Objetivo de proteína;Definir meta de proteína diaria aproximada según profesional.;Apoyar músculo y saciedad.;bajo;diario;nutrición básica;media;Adaptar carga, volumen, frecuencia, rango, descansos y tareas al nivel, historial, molestias, material, preferencias y disponibilidad. No sustituye valoración médica/fisioterapéutica si hay dolor, lesión o señales de alarma.
Pérdida de grasa y recomposición;Pérdida de grasa corporal;Objetivo de reducir grasa preservando masa muscular.;general;hábitos/entrenamiento;medio;"FIT2_SRC001;FIT2_SRC005;FIT2_SRC006";Proteína objetivo;Asegurar proteína suficiente para mantenimiento/ganancia muscular.;bajo;nutrición básica;Plan de cenas/proteína simple;Preparar opciones sencillas de cena alta en proteína si el objetivo lo requiere.;Apoyar recuperación/adherencia.;bajo;semanal;nutrición básica;media;Adaptar carga, volumen, frecuencia, rango, descansos y tareas al nivel, historial, molestias, material, preferencias y disponibilidad. No sustituye valoración médica/fisioterapéutica si hay dolor, lesión o señales de alarma.
Pérdida de grasa y recomposición;Pérdida de grasa corporal;Objetivo de reducir grasa preservando masa muscular.;general;hábitos/entrenamiento;medio;"FIT2_SRC001;FIT2_SRC005;FIT2_SRC006";Seguimiento de medidas;Registrar peso, perímetros, fotos y adherencia según objetivo.;bajo;seguimiento;Registro de peso y cintura;Anotar peso medio semanal y perímetro de cintura.;Seguir composición corporal.;bajo;semanal;seguimiento;media;Adaptar carga, volumen, frecuencia, rango, descansos y tareas al nivel, historial, molestias, material, preferencias y disponibilidad. No sustituye valoración médica/fisioterapéutica si hay dolor, lesión o señales de alarma.
Pérdida de grasa y recomposición;Pérdida de grasa corporal;Objetivo de reducir grasa preservando masa muscular.;general;hábitos/entrenamiento;medio;"FIT2_SRC001;FIT2_SRC005;FIT2_SRC006";Seguimiento de medidas;Registrar peso, perímetros, fotos y adherencia según objetivo.;bajo;seguimiento;Fotos comparativas;Tomar fotos con misma luz, postura y distancia.;Evaluar cambios visuales.;bajo;mensual;seguimiento;media;Adaptar carga, volumen, frecuencia, rango, descansos y tareas al nivel, historial, molestias, material, preferencias y disponibilidad. No sustituye valoración médica/fisioterapéutica si hay dolor, lesión o señales de alarma.
Pérdida de grasa y recomposición;Pérdida de grasa corporal;Objetivo de reducir grasa preservando masa muscular.;general;hábitos/entrenamiento;medio;"FIT2_SRC001;FIT2_SRC005;FIT2_SRC006";Plan de adherencia mínima;Crear versión mínima viable del entrenamiento para semanas difíciles.;bajo;hábitos;Registro de adherencia;Marcar sesiones, pasos, sueño, proteína/hidratación y barreras.;Detectar obstáculos.;bajo;semanal;hábitos;alta;Adaptar carga, volumen, frecuencia, rango, descansos y tareas al nivel, historial, molestias, material, preferencias y disponibilidad. No sustituye valoración médica/fisioterapéutica si hay dolor, lesión o señales de alarma.
Pérdida de grasa y recomposición;Pérdida de grasa corporal;Objetivo de reducir grasa preservando masa muscular.;general;hábitos/entrenamiento;medio;"FIT2_SRC001;FIT2_SRC005;FIT2_SRC006";Plan de adherencia mínima;Crear versión mínima viable del entrenamiento para semanas difíciles.;bajo;hábitos;Versión mínima viable;Definir entrenamiento mínimo de 10-15 min para días difíciles.;Evitar abandono.;bajo;cuando proceda;hábitos;alta;Adaptar carga, volumen, frecuencia, rango, descansos y tareas al nivel, historial, molestias, material, preferencias y disponibilidad. No sustituye valoración médica/fisioterapéutica si hay dolor, lesión o señales de alarma.
Pérdida de grasa y recomposición;Pérdida de grasa corporal;Objetivo de reducir grasa preservando masa muscular.;general;hábitos/entrenamiento;medio;"FIT2_SRC001;FIT2_SRC005;FIT2_SRC006";Diseño de hábitos;Anclar entrenamiento a rutina, entorno, señales y recompensas.;bajo;hábitos;Anclaje de hábito;Vincular entrenamiento a una señal fija del día.;Automatizar constancia.;bajo;diario/semanal;hábitos;media;Adaptar carga, volumen, frecuencia, rango, descansos y tareas al nivel, historial, molestias, material, preferencias y disponibilidad. No sustituye valoración médica/fisioterapéutica si hay dolor, lesión o señales de alarma.
Pérdida de grasa y recomposición;Pérdida de grasa corporal;Objetivo de reducir grasa preservando masa muscular.;general;hábitos/entrenamiento;medio;"FIT2_SRC001;FIT2_SRC005;FIT2_SRC006";Gestión de barreras;Identificar obstáculos y planificar alternativas concretas.;bajo;hábitos;Plan de barreras;Listar barrera probable y alternativa concreta.;Mejorar continuidad.;bajo;semanal;hábitos;media;Adaptar carga, volumen, frecuencia, rango, descansos y tareas al nivel, historial, molestias, material, preferencias y disponibilidad. No sustituye valoración médica/fisioterapéutica si hay dolor, lesión o señales de alarma.
Pérdida de grasa y recomposición;Pérdida de grasa corporal;Objetivo de reducir grasa preservando masa muscular.;general;hábitos/entrenamiento;medio;"FIT2_SRC001;FIT2_SRC005;FIT2_SRC006";Planificación de comidas alrededor del entrenamiento;Orientación básica de energía, proteína e hidratación según horarios.;bajo;nutrición básica;Comida pre-entreno simple;Planificar opción digestiva y energética antes de entrenar.;Mejorar energía de sesión.;bajo;según sesión;nutrición básica;media;Adaptar carga, volumen, frecuencia, rango, descansos y tareas al nivel, historial, molestias, material, preferencias y disponibilidad. No sustituye valoración médica/fisioterapéutica si hay dolor, lesión o señales de alarma.
Pérdida de grasa y recomposición;Pérdida de grasa corporal;Objetivo de reducir grasa preservando masa muscular.;general;hábitos/entrenamiento;medio;"FIT2_SRC001;FIT2_SRC005;FIT2_SRC006";Planificación de comidas alrededor del entrenamiento;Orientación básica de energía, proteína e hidratación según horarios.;bajo;nutrición básica;Comida post-entreno simple;Planificar proteína y comida normal tras entrenar.;Apoyar recuperación.;bajo;según sesión;nutrición básica;media;Adaptar carga, volumen, frecuencia, rango, descansos y tareas al nivel, historial, molestias, material, preferencias y disponibilidad. No sustituye valoración médica/fisioterapéutica si hay dolor, lesión o señales de alarma.
Pérdida de grasa y recomposición;Recomposición corporal;Reducir grasa y ganar o mantener masa muscular simultáneamente.;general;hábitos/entrenamiento;medio;"FIT2_SRC005;FIT2_SRC006";NEAT y pasos diarios;Aumentar movimiento cotidiano y reducir sedentarismo.;bajo;hábitos;Meta de pasos diarios;Definir meta realista de pasos y revisar media semanal.;Aumentar NEAT.;bajo;diario;hábitos;alta;Adaptar carga, volumen, frecuencia, rango, descansos y tareas al nivel, historial, molestias, material, preferencias y disponibilidad. No sustituye valoración médica/fisioterapéutica si hay dolor, lesión o señales de alarma.
Pérdida de grasa y recomposición;Recomposición corporal;Reducir grasa y ganar o mantener masa muscular simultáneamente.;general;hábitos/entrenamiento;medio;"FIT2_SRC005;FIT2_SRC006";NEAT y pasos diarios;Aumentar movimiento cotidiano y reducir sedentarismo.;bajo;hábitos;Pausas activas;Levantarme y moverme 2-5 minutos cada cierto tiempo.;Reducir sedentarismo.;bajo;diario;hábitos;alta;Adaptar carga, volumen, frecuencia, rango, descansos y tareas al nivel, historial, molestias, material, preferencias y disponibilidad. No sustituye valoración médica/fisioterapéutica si hay dolor, lesión o señales de alarma.
Pérdida de grasa y recomposición;Recomposición corporal;Reducir grasa y ganar o mantener masa muscular simultáneamente.;general;hábitos/entrenamiento;medio;"FIT2_SRC005;FIT2_SRC006";NEAT y pasos diarios;Aumentar movimiento cotidiano y reducir sedentarismo.;bajo;hábitos;Reto de pasos progresivo;Subir 500-1000 pasos/día cada 1-2 semanas según tolerancia.;Aumentar gasto y salud.;bajo;semanal;hábitos;alta;Adaptar carga, volumen, frecuencia, rango, descansos y tareas al nivel, historial, molestias, material, preferencias y disponibilidad. No sustituye valoración médica/fisioterapéutica si hay dolor, lesión o señales de alarma.
Pérdida de grasa y recomposición;Recomposición corporal;Reducir grasa y ganar o mantener masa muscular simultáneamente.;general;hábitos/entrenamiento;medio;"FIT2_SRC005;FIT2_SRC006";NEAT y pasos diarios;Aumentar movimiento cotidiano y reducir sedentarismo.;bajo;hábitos;Plan de salida de sedentarismo;Añadir caminatas cortas, pausas activas y fuerza básica gradual.;Reducir sedentarismo.;bajo;2-4 semanas;hábitos;alta;Adaptar carga, volumen, frecuencia, rango, descansos y tareas al nivel, historial, molestias, material, preferencias y disponibilidad. No sustituye valoración médica/fisioterapéutica si hay dolor, lesión o señales de alarma.
Pérdida de grasa y recomposición;Recomposición corporal;Reducir grasa y ganar o mantener masa muscular simultáneamente.;general;hábitos/entrenamiento;medio;"FIT2_SRC005;FIT2_SRC006";Cardio zona 2;Trabajo aeróbico moderado y sostenible.;bajo;cardio;Cardio zona 2;Realizar cardio conversacional 20-40 minutos.;Mejorar base aeróbica.;bajo;2-4 días/semana;cardio;media;Adaptar carga, volumen, frecuencia, rango, descansos y tareas al nivel, historial, molestias, material, preferencias y disponibilidad. No sustituye valoración médica/fisioterapéutica si hay dolor, lesión o señales de alarma.
Pérdida de grasa y recomposición;Recomposición corporal;Reducir grasa y ganar o mantener masa muscular simultáneamente.;general;hábitos/entrenamiento;medio;"FIT2_SRC005;FIT2_SRC006";Proteína objetivo;Asegurar proteína suficiente para mantenimiento/ganancia muscular.;bajo;nutrición básica;Objetivo de proteína;Definir meta de proteína diaria aproximada según profesional.;Apoyar músculo y saciedad.;bajo;diario;nutrición básica;media;Adaptar carga, volumen, frecuencia, rango, descansos y tareas al nivel, historial, molestias, material, preferencias y disponibilidad. No sustituye valoración médica/fisioterapéutica si hay dolor, lesión o señales de alarma.
Pérdida de grasa y recomposición;Recomposición corporal;Reducir grasa y ganar o mantener masa muscular simultáneamente.;general;hábitos/entrenamiento;medio;"FIT2_SRC005;FIT2_SRC006";Proteína objetivo;Asegurar proteína suficiente para mantenimiento/ganancia muscular.;bajo;nutrición básica;Plan de cenas/proteína simple;Preparar opciones sencillas de cena alta en proteína si el objetivo lo requiere.;Apoyar recuperación/adherencia.;bajo;semanal;nutrición básica;media;Adaptar carga, volumen, frecuencia, rango, descansos y tareas al nivel, historial, molestias, material, preferencias y disponibilidad. No sustituye valoración médica/fisioterapéutica si hay dolor, lesión o señales de alarma.
Pérdida de grasa y recomposición;Recomposición corporal;Reducir grasa y ganar o mantener masa muscular simultáneamente.;general;hábitos/entrenamiento;medio;"FIT2_SRC005;FIT2_SRC006";Seguimiento de medidas;Registrar peso, perímetros, fotos y adherencia según objetivo.;bajo;seguimiento;Registro de peso y cintura;Anotar peso medio semanal y perímetro de cintura.;Seguir composición corporal.;bajo;semanal;seguimiento;media;Adaptar carga, volumen, frecuencia, rango, descansos y tareas al nivel, historial, molestias, material, preferencias y disponibilidad. No sustituye valoración médica/fisioterapéutica si hay dolor, lesión o señales de alarma.
Pérdida de grasa y recomposición;Recomposición corporal;Reducir grasa y ganar o mantener masa muscular simultáneamente.;general;hábitos/entrenamiento;medio;"FIT2_SRC005;FIT2_SRC006";Seguimiento de medidas;Registrar peso, perímetros, fotos y adherencia según objetivo.;bajo;seguimiento;Fotos comparativas;Tomar fotos con misma luz, postura y distancia.;Evaluar cambios visuales.;bajo;mensual;seguimiento;media;Adaptar carga, volumen, frecuencia, rango, descansos y tareas al nivel, historial, molestias, material, preferencias y disponibilidad. No sustituye valoración médica/fisioterapéutica si hay dolor, lesión o señales de alarma.
Pérdida de grasa y recomposición;Recomposición corporal;Reducir grasa y ganar o mantener masa muscular simultáneamente.;general;hábitos/entrenamiento;medio;"FIT2_SRC005;FIT2_SRC006";Plan de adherencia mínima;Crear versión mínima viable del entrenamiento para semanas difíciles.;bajo;hábitos;Registro de adherencia;Marcar sesiones, pasos, sueño, proteína/hidratación y barreras.;Detectar obstáculos.;bajo;semanal;hábitos;alta;Adaptar carga, volumen, frecuencia, rango, descansos y tareas al nivel, historial, molestias, material, preferencias y disponibilidad. No sustituye valoración médica/fisioterapéutica si hay dolor, lesión o señales de alarma.
Pérdida de grasa y recomposición;Recomposición corporal;Reducir grasa y ganar o mantener masa muscular simultáneamente.;general;hábitos/entrenamiento;medio;"FIT2_SRC005;FIT2_SRC006";Plan de adherencia mínima;Crear versión mínima viable del entrenamiento para semanas difíciles.;bajo;hábitos;Versión mínima viable;Definir entrenamiento mínimo de 10-15 min para días difíciles.;Evitar abandono.;bajo;cuando proceda;hábitos;alta;Adaptar carga, volumen, frecuencia, rango, descansos y tareas al nivel, historial, molestias, material, preferencias y disponibilidad. No sustituye valoración médica/fisioterapéutica si hay dolor, lesión o señales de alarma.
Pérdida de grasa y recomposición;Recomposición corporal;Reducir grasa y ganar o mantener masa muscular simultáneamente.;general;hábitos/entrenamiento;medio;"FIT2_SRC005;FIT2_SRC006";Diseño de hábitos;Anclar entrenamiento a rutina, entorno, señales y recompensas.;bajo;hábitos;Anclaje de hábito;Vincular entrenamiento a una señal fija del día.;Automatizar constancia.;bajo;diario/semanal;hábitos;media;Adaptar carga, volumen, frecuencia, rango, descansos y tareas al nivel, historial, molestias, material, preferencias y disponibilidad. No sustituye valoración médica/fisioterapéutica si hay dolor, lesión o señales de alarma.
Pérdida de grasa y recomposición;Recomposición corporal;Reducir grasa y ganar o mantener masa muscular simultáneamente.;general;hábitos/entrenamiento;medio;"FIT2_SRC005;FIT2_SRC006";Gestión de barreras;Identificar obstáculos y planificar alternativas concretas.;bajo;hábitos;Plan de barreras;Listar barrera probable y alternativa concreta.;Mejorar continuidad.;bajo;semanal;hábitos;media;Adaptar carga, volumen, frecuencia, rango, descansos y tareas al nivel, historial, molestias, material, preferencias y disponibilidad. No sustituye valoración médica/fisioterapéutica si hay dolor, lesión o señales de alarma.
Pérdida de grasa y recomposición;Recomposición corporal;Reducir grasa y ganar o mantener masa muscular simultáneamente.;general;hábitos/entrenamiento;medio;"FIT2_SRC005;FIT2_SRC006";Planificación de comidas alrededor del entrenamiento;Orientación básica de energía, proteína e hidratación según horarios.;bajo;nutrición básica;Comida pre-entreno simple;Planificar opción digestiva y energética antes de entrenar.;Mejorar energía de sesión.;bajo;según sesión;nutrición básica;media;Adaptar carga, volumen, frecuencia, rango, descansos y tareas al nivel, historial, molestias, material, preferencias y disponibilidad. No sustituye valoración médica/fisioterapéutica si hay dolor, lesión o señales de alarma.
Pérdida de grasa y recomposición;Recomposición corporal;Reducir grasa y ganar o mantener masa muscular simultáneamente.;general;hábitos/entrenamiento;medio;"FIT2_SRC005;FIT2_SRC006";Planificación de comidas alrededor del entrenamiento;Orientación básica de energía, proteína e hidratación según horarios.;bajo;nutrición básica;Comida post-entreno simple;Planificar proteína y comida normal tras entrenar.;Apoyar recuperación.;bajo;según sesión;nutrición básica;media;Adaptar carga, volumen, frecuencia, rango, descansos y tareas al nivel, historial, molestias, material, preferencias y disponibilidad. No sustituye valoración médica/fisioterapéutica si hay dolor, lesión o señales de alarma.
Pérdida de grasa y recomposición;Aumentar gasto diario NEAT;Subir pasos y movimiento cotidiano para apoyar objetivo corporal.;general;hábitos;bajo;"FIT2_SRC001;FIT2_SRC003";NEAT y pasos diarios;Aumentar movimiento cotidiano y reducir sedentarismo.;bajo;hábitos;Meta de pasos diarios;Definir meta realista de pasos y revisar media semanal.;Aumentar NEAT.;bajo;diario;hábitos;alta;Adaptar carga, volumen, frecuencia, rango, descansos y tareas al nivel, historial, molestias, material, preferencias y disponibilidad. No sustituye valoración médica/fisioterapéutica si hay dolor, lesión o señales de alarma.
Pérdida de grasa y recomposición;Aumentar gasto diario NEAT;Subir pasos y movimiento cotidiano para apoyar objetivo corporal.;general;hábitos;bajo;"FIT2_SRC001;FIT2_SRC003";NEAT y pasos diarios;Aumentar movimiento cotidiano y reducir sedentarismo.;bajo;hábitos;Pausas activas;Levantarme y moverme 2-5 minutos cada cierto tiempo.;Reducir sedentarismo.;bajo;diario;hábitos;alta;Adaptar carga, volumen, frecuencia, rango, descansos y tareas al nivel, historial, molestias, material, preferencias y disponibilidad. No sustituye valoración médica/fisioterapéutica si hay dolor, lesión o señales de alarma.
Pérdida de grasa y recomposición;Aumentar gasto diario NEAT;Subir pasos y movimiento cotidiano para apoyar objetivo corporal.;general;hábitos;bajo;"FIT2_SRC001;FIT2_SRC003";NEAT y pasos diarios;Aumentar movimiento cotidiano y reducir sedentarismo.;bajo;hábitos;Reto de pasos progresivo;Subir 500-1000 pasos/día cada 1-2 semanas según tolerancia.;Aumentar gasto y salud.;bajo;semanal;hábitos;alta;Adaptar carga, volumen, frecuencia, rango, descansos y tareas al nivel, historial, molestias, material, preferencias y disponibilidad. No sustituye valoración médica/fisioterapéutica si hay dolor, lesión o señales de alarma.
Pérdida de grasa y recomposición;Aumentar gasto diario NEAT;Subir pasos y movimiento cotidiano para apoyar objetivo corporal.;general;hábitos;bajo;"FIT2_SRC001;FIT2_SRC003";NEAT y pasos diarios;Aumentar movimiento cotidiano y reducir sedentarismo.;bajo;hábitos;Plan de salida de sedentarismo;Añadir caminatas cortas, pausas activas y fuerza básica gradual.;Reducir sedentarismo.;bajo;2-4 semanas;hábitos;alta;Adaptar carga, volumen, frecuencia, rango, descansos y tareas al nivel, historial, molestias, material, preferencias y disponibilidad. No sustituye valoración médica/fisioterapéutica si hay dolor, lesión o señales de alarma.
Pérdida de grasa y recomposición;Aumentar gasto diario NEAT;Subir pasos y movimiento cotidiano para apoyar objetivo corporal.;general;hábitos;bajo;"FIT2_SRC001;FIT2_SRC003";Cardio zona 2;Trabajo aeróbico moderado y sostenible.;bajo;cardio;Cardio zona 2;Realizar cardio conversacional 20-40 minutos.;Mejorar base aeróbica.;bajo;2-4 días/semana;cardio;media;Adaptar carga, volumen, frecuencia, rango, descansos y tareas al nivel, historial, molestias, material, preferencias y disponibilidad. No sustituye valoración médica/fisioterapéutica si hay dolor, lesión o señales de alarma.
Pérdida de grasa y recomposición;Aumentar gasto diario NEAT;Subir pasos y movimiento cotidiano para apoyar objetivo corporal.;general;hábitos;bajo;"FIT2_SRC001;FIT2_SRC003";Proteína objetivo;Asegurar proteína suficiente para mantenimiento/ganancia muscular.;bajo;nutrición básica;Objetivo de proteína;Definir meta de proteína diaria aproximada según profesional.;Apoyar músculo y saciedad.;bajo;diario;nutrición básica;media;Adaptar carga, volumen, frecuencia, rango, descansos y tareas al nivel, historial, molestias, material, preferencias y disponibilidad. No sustituye valoración médica/fisioterapéutica si hay dolor, lesión o señales de alarma.
Pérdida de grasa y recomposición;Aumentar gasto diario NEAT;Subir pasos y movimiento cotidiano para apoyar objetivo corporal.;general;hábitos;bajo;"FIT2_SRC001;FIT2_SRC003";Proteína objetivo;Asegurar proteína suficiente para mantenimiento/ganancia muscular.;bajo;nutrición básica;Plan de cenas/proteína simple;Preparar opciones sencillas de cena alta en proteína si el objetivo lo requiere.;Apoyar recuperación/adherencia.;bajo;semanal;nutrición básica;media;Adaptar carga, volumen, frecuencia, rango, descansos y tareas al nivel, historial, molestias, material, preferencias y disponibilidad. No sustituye valoración médica/fisioterapéutica si hay dolor, lesión o señales de alarma.
Pérdida de grasa y recomposición;Aumentar gasto diario NEAT;Subir pasos y movimiento cotidiano para apoyar objetivo corporal.;general;hábitos;bajo;"FIT2_SRC001;FIT2_SRC003";Seguimiento de medidas;Registrar peso, perímetros, fotos y adherencia según objetivo.;bajo;seguimiento;Registro de peso y cintura;Anotar peso medio semanal y perímetro de cintura.;Seguir composición corporal.;bajo;semanal;seguimiento;media;Adaptar carga, volumen, frecuencia, rango, descansos y tareas al nivel, historial, molestias, material, preferencias y disponibilidad. No sustituye valoración médica/fisioterapéutica si hay dolor, lesión o señales de alarma.
Pérdida de grasa y recomposición;Aumentar gasto diario NEAT;Subir pasos y movimiento cotidiano para apoyar objetivo corporal.;general;hábitos;bajo;"FIT2_SRC001;FIT2_SRC003";Seguimiento de medidas;Registrar peso, perímetros, fotos y adherencia según objetivo.;bajo;seguimiento;Fotos comparativas;Tomar fotos con misma luz, postura y distancia.;Evaluar cambios visuales.;bajo;mensual;seguimiento;media;Adaptar carga, volumen, frecuencia, rango, descansos y tareas al nivel, historial, molestias, material, preferencias y disponibilidad. No sustituye valoración médica/fisioterapéutica si hay dolor, lesión o señales de alarma.
Pérdida de grasa y recomposición;Aumentar gasto diario NEAT;Subir pasos y movimiento cotidiano para apoyar objetivo corporal.;general;hábitos;bajo;"FIT2_SRC001;FIT2_SRC003";Plan de adherencia mínima;Crear versión mínima viable del entrenamiento para semanas difíciles.;bajo;hábitos;Registro de adherencia;Marcar sesiones, pasos, sueño, proteína/hidratación y barreras.;Detectar obstáculos.;bajo;semanal;hábitos;alta;Adaptar carga, volumen, frecuencia, rango, descansos y tareas al nivel, historial, molestias, material, preferencias y disponibilidad. No sustituye valoración médica/fisioterapéutica si hay dolor, lesión o señales de alarma.
Pérdida de grasa y recomposición;Aumentar gasto diario NEAT;Subir pasos y movimiento cotidiano para apoyar objetivo corporal.;general;hábitos;bajo;"FIT2_SRC001;FIT2_SRC003";Plan de adherencia mínima;Crear versión mínima viable del entrenamiento para semanas difíciles.;bajo;hábitos;Versión mínima viable;Definir entrenamiento mínimo de 10-15 min para días difíciles.;Evitar abandono.;bajo;cuando proceda;hábitos;alta;Adaptar carga, volumen, frecuencia, rango, descansos y tareas al nivel, historial, molestias, material, preferencias y disponibilidad. No sustituye valoración médica/fisioterapéutica si hay dolor, lesión o señales de alarma.
Pérdida de grasa y recomposición;Aumentar gasto diario NEAT;Subir pasos y movimiento cotidiano para apoyar objetivo corporal.;general;hábitos;bajo;"FIT2_SRC001;FIT2_SRC003";Diseño de hábitos;Anclar entrenamiento a rutina, entorno, señales y recompensas.;bajo;hábitos;Anclaje de hábito;Vincular entrenamiento a una señal fija del día.;Automatizar constancia.;bajo;diario/semanal;hábitos;media;Adaptar carga, volumen, frecuencia, rango, descansos y tareas al nivel, historial, molestias, material, preferencias y disponibilidad. No sustituye valoración médica/fisioterapéutica si hay dolor, lesión o señales de alarma.
Pérdida de grasa y recomposición;Aumentar gasto diario NEAT;Subir pasos y movimiento cotidiano para apoyar objetivo corporal.;general;hábitos;bajo;"FIT2_SRC001;FIT2_SRC003";Gestión de barreras;Identificar obstáculos y planificar alternativas concretas.;bajo;hábitos;Plan de barreras;Listar barrera probable y alternativa concreta.;Mejorar continuidad.;bajo;semanal;hábitos;media;Adaptar carga, volumen, frecuencia, rango, descansos y tareas al nivel, historial, molestias, material, preferencias y disponibilidad. No sustituye valoración médica/fisioterapéutica si hay dolor, lesión o señales de alarma.
Pérdida de grasa y recomposición;Aumentar gasto diario NEAT;Subir pasos y movimiento cotidiano para apoyar objetivo corporal.;general;hábitos;bajo;"FIT2_SRC001;FIT2_SRC003";Planificación de comidas alrededor del entrenamiento;Orientación básica de energía, proteína e hidratación según horarios.;bajo;nutrición básica;Comida pre-entreno simple;Planificar opción digestiva y energética antes de entrenar.;Mejorar energía de sesión.;bajo;según sesión;nutrición básica;media;Adaptar carga, volumen, frecuencia, rango, descansos y tareas al nivel, historial, molestias, material, preferencias y disponibilidad. No sustituye valoración médica/fisioterapéutica si hay dolor, lesión o señales de alarma.
Pérdida de grasa y recomposición;Aumentar gasto diario NEAT;Subir pasos y movimiento cotidiano para apoyar objetivo corporal.;general;hábitos;bajo;"FIT2_SRC001;FIT2_SRC003";Planificación de comidas alrededor del entrenamiento;Orientación básica de energía, proteína e hidratación según horarios.;bajo;nutrición básica;Comida post-entreno simple;Planificar proteína y comida normal tras entrenar.;Apoyar recuperación.;bajo;según sesión;nutrición básica;media;Adaptar carga, volumen, frecuencia, rango, descansos y tareas al nivel, historial, molestias, material, preferencias y disponibilidad. No sustituye valoración médica/fisioterapéutica si hay dolor, lesión o señales de alarma.
Pérdida de grasa y recomposición;Mantener músculo en déficit;Evitar pérdida muscular durante etapa de pérdida de grasa.;general;entrenamiento;medio;"FIT2_SRC005;FIT2_SRC007";NEAT y pasos diarios;Aumentar movimiento cotidiano y reducir sedentarismo.;bajo;hábitos;Meta de pasos diarios;Definir meta realista de pasos y revisar media semanal.;Aumentar NEAT.;bajo;diario;hábitos;alta;Adaptar carga, volumen, frecuencia, rango, descansos y tareas al nivel, historial, molestias, material, preferencias y disponibilidad. No sustituye valoración médica/fisioterapéutica si hay dolor, lesión o señales de alarma.
Pérdida de grasa y recomposición;Mantener músculo en déficit;Evitar pérdida muscular durante etapa de pérdida de grasa.;general;entrenamiento;medio;"FIT2_SRC005;FIT2_SRC007";NEAT y pasos diarios;Aumentar movimiento cotidiano y reducir sedentarismo.;bajo;hábitos;Pausas activas;Levantarme y moverme 2-5 minutos cada cierto tiempo.;Reducir sedentarismo.;bajo;diario;hábitos;alta;Adaptar carga, volumen, frecuencia, rango, descansos y tareas al nivel, historial, molestias, material, preferencias y disponibilidad. No sustituye valoración médica/fisioterapéutica si hay dolor, lesión o señales de alarma.
Pérdida de grasa y recomposición;Mantener músculo en déficit;Evitar pérdida muscular durante etapa de pérdida de grasa.;general;entrenamiento;medio;"FIT2_SRC005;FIT2_SRC007";NEAT y pasos diarios;Aumentar movimiento cotidiano y reducir sedentarismo.;bajo;hábitos;Reto de pasos progresivo;Subir 500-1000 pasos/día cada 1-2 semanas según tolerancia.;Aumentar gasto y salud.;bajo;semanal;hábitos;alta;Adaptar carga, volumen, frecuencia, rango, descansos y tareas al nivel, historial, molestias, material, preferencias y disponibilidad. No sustituye valoración médica/fisioterapéutica si hay dolor, lesión o señales de alarma.
Pérdida de grasa y recomposición;Mantener músculo en déficit;Evitar pérdida muscular durante etapa de pérdida de grasa.;general;entrenamiento;medio;"FIT2_SRC005;FIT2_SRC007";NEAT y pasos diarios;Aumentar movimiento cotidiano y reducir sedentarismo.;bajo;hábitos;Plan de salida de sedentarismo;Añadir caminatas cortas, pausas activas y fuerza básica gradual.;Reducir sedentarismo.;bajo;2-4 semanas;hábitos;alta;Adaptar carga, volumen, frecuencia, rango, descansos y tareas al nivel, historial, molestias, material, preferencias y disponibilidad. No sustituye valoración médica/fisioterapéutica si hay dolor, lesión o señales de alarma.
Pérdida de grasa y recomposición;Mantener músculo en déficit;Evitar pérdida muscular durante etapa de pérdida de grasa.;general;entrenamiento;medio;"FIT2_SRC005;FIT2_SRC007";Cardio zona 2;Trabajo aeróbico moderado y sostenible.;bajo;cardio;Cardio zona 2;Realizar cardio conversacional 20-40 minutos.;Mejorar base aeróbica.;bajo;2-4 días/semana;cardio;media;Adaptar carga, volumen, frecuencia, rango, descansos y tareas al nivel, historial, molestias, material, preferencias y disponibilidad. No sustituye valoración médica/fisioterapéutica si hay dolor, lesión o señales de alarma.
Pérdida de grasa y recomposición;Mantener músculo en déficit;Evitar pérdida muscular durante etapa de pérdida de grasa.;general;entrenamiento;medio;"FIT2_SRC005;FIT2_SRC007";Proteína objetivo;Asegurar proteína suficiente para mantenimiento/ganancia muscular.;bajo;nutrición básica;Objetivo de proteína;Definir meta de proteína diaria aproximada según profesional.;Apoyar músculo y saciedad.;bajo;diario;nutrición básica;media;Adaptar carga, volumen, frecuencia, rango, descansos y tareas al nivel, historial, molestias, material, preferencias y disponibilidad. No sustituye valoración médica/fisioterapéutica si hay dolor, lesión o señales de alarma.
Pérdida de grasa y recomposición;Mantener músculo en déficit;Evitar pérdida muscular durante etapa de pérdida de grasa.;general;entrenamiento;medio;"FIT2_SRC005;FIT2_SRC007";Proteína objetivo;Asegurar proteína suficiente para mantenimiento/ganancia muscular.;bajo;nutrición básica;Plan de cenas/proteína simple;Preparar opciones sencillas de cena alta en proteína si el objetivo lo requiere.;Apoyar recuperación/adherencia.;bajo;semanal;nutrición básica;media;Adaptar carga, volumen, frecuencia, rango, descansos y tareas al nivel, historial, molestias, material, preferencias y disponibilidad. No sustituye valoración médica/fisioterapéutica si hay dolor, lesión o señales de alarma.
Pérdida de grasa y recomposición;Mantener músculo en déficit;Evitar pérdida muscular durante etapa de pérdida de grasa.;general;entrenamiento;medio;"FIT2_SRC005;FIT2_SRC007";Seguimiento de medidas;Registrar peso, perímetros, fotos y adherencia según objetivo.;bajo;seguimiento;Registro de peso y cintura;Anotar peso medio semanal y perímetro de cintura.;Seguir composición corporal.;bajo;semanal;seguimiento;media;Adaptar carga, volumen, frecuencia, rango, descansos y tareas al nivel, historial, molestias, material, preferencias y disponibilidad. No sustituye valoración médica/fisioterapéutica si hay dolor, lesión o señales de alarma.
Pérdida de grasa y recomposición;Mantener músculo en déficit;Evitar pérdida muscular durante etapa de pérdida de grasa.;general;entrenamiento;medio;"FIT2_SRC005;FIT2_SRC007";Seguimiento de medidas;Registrar peso, perímetros, fotos y adherencia según objetivo.;bajo;seguimiento;Fotos comparativas;Tomar fotos con misma luz, postura y distancia.;Evaluar cambios visuales.;bajo;mensual;seguimiento;media;Adaptar carga, volumen, frecuencia, rango, descansos y tareas al nivel, historial, molestias, material, preferencias y disponibilidad. No sustituye valoración médica/fisioterapéutica si hay dolor, lesión o señales de alarma.
Pérdida de grasa y recomposición;Mantener músculo en déficit;Evitar pérdida muscular durante etapa de pérdida de grasa.;general;entrenamiento;medio;"FIT2_SRC005;FIT2_SRC007";Plan de adherencia mínima;Crear versión mínima viable del entrenamiento para semanas difíciles.;bajo;hábitos;Registro de adherencia;Marcar sesiones, pasos, sueño, proteína/hidratación y barreras.;Detectar obstáculos.;bajo;semanal;hábitos;alta;Adaptar carga, volumen, frecuencia, rango, descansos y tareas al nivel, historial, molestias, material, preferencias y disponibilidad. No sustituye valoración médica/fisioterapéutica si hay dolor, lesión o señales de alarma.
Pérdida de grasa y recomposición;Mantener músculo en déficit;Evitar pérdida muscular durante etapa de pérdida de grasa.;general;entrenamiento;medio;"FIT2_SRC005;FIT2_SRC007";Plan de adherencia mínima;Crear versión mínima viable del entrenamiento para semanas difíciles.;bajo;hábitos;Versión mínima viable;Definir entrenamiento mínimo de 10-15 min para días difíciles.;Evitar abandono.;bajo;cuando proceda;hábitos;alta;Adaptar carga, volumen, frecuencia, rango, descansos y tareas al nivel, historial, molestias, material, preferencias y disponibilidad. No sustituye valoración médica/fisioterapéutica si hay dolor, lesión o señales de alarma.
Pérdida de grasa y recomposición;Mantener músculo en déficit;Evitar pérdida muscular durante etapa de pérdida de grasa.;general;entrenamiento;medio;"FIT2_SRC005;FIT2_SRC007";Diseño de hábitos;Anclar entrenamiento a rutina, entorno, señales y recompensas.;bajo;hábitos;Anclaje de hábito;Vincular entrenamiento a una señal fija del día.;Automatizar constancia.;bajo;diario/semanal;hábitos;media;Adaptar carga, volumen, frecuencia, rango, descansos y tareas al nivel, historial, molestias, material, preferencias y disponibilidad. No sustituye valoración médica/fisioterapéutica si hay dolor, lesión o señales de alarma.
Pérdida de grasa y recomposición;Mantener músculo en déficit;Evitar pérdida muscular durante etapa de pérdida de grasa.;general;entrenamiento;medio;"FIT2_SRC005;FIT2_SRC007";Gestión de barreras;Identificar obstáculos y planificar alternativas concretas.;bajo;hábitos;Plan de barreras;Listar barrera probable y alternativa concreta.;Mejorar continuidad.;bajo;semanal;hábitos;media;Adaptar carga, volumen, frecuencia, rango, descansos y tareas al nivel, historial, molestias, material, preferencias y disponibilidad. No sustituye valoración médica/fisioterapéutica si hay dolor, lesión o señales de alarma.
Pérdida de grasa y recomposición;Mantener músculo en déficit;Evitar pérdida muscular durante etapa de pérdida de grasa.;general;entrenamiento;medio;"FIT2_SRC005;FIT2_SRC007";Planificación de comidas alrededor del entrenamiento;Orientación básica de energía, proteína e hidratación según horarios.;bajo;nutrición básica;Comida pre-entreno simple;Planificar opción digestiva y energética antes de entrenar.;Mejorar energía de sesión.;bajo;según sesión;nutrición básica;media;Adaptar carga, volumen, frecuencia, rango, descansos y tareas al nivel, historial, molestias, material, preferencias y disponibilidad. No sustituye valoración médica/fisioterapéutica si hay dolor, lesión o señales de alarma.
Pérdida de grasa y recomposición;Mantener músculo en déficit;Evitar pérdida muscular durante etapa de pérdida de grasa.;general;entrenamiento;medio;"FIT2_SRC005;FIT2_SRC007";Planificación de comidas alrededor del entrenamiento;Orientación básica de energía, proteína e hidratación según horarios.;bajo;nutrición básica;Comida post-entreno simple;Planificar proteína y comida normal tras entrenar.;Apoyar recuperación.;bajo;según sesión;nutrición básica;media;Adaptar carga, volumen, frecuencia, rango, descansos y tareas al nivel, historial, molestias, material, preferencias y disponibilidad. No sustituye valoración médica/fisioterapéutica si hay dolor, lesión o señales de alarma.
Pérdida de grasa y recomposición;Control de perímetro abdominal;Seguimiento de cintura y medidas para valorar tendencia.;general;seguimiento;bajo;"FIT2_SRC006;FIT2_SRC011";NEAT y pasos diarios;Aumentar movimiento cotidiano y reducir sedentarismo.;bajo;hábitos;Meta de pasos diarios;Definir meta realista de pasos y revisar media semanal.;Aumentar NEAT.;bajo;diario;hábitos;alta;Adaptar carga, volumen, frecuencia, rango, descansos y tareas al nivel, historial, molestias, material, preferencias y disponibilidad. No sustituye valoración médica/fisioterapéutica si hay dolor, lesión o señales de alarma.
Pérdida de grasa y recomposición;Control de perímetro abdominal;Seguimiento de cintura y medidas para valorar tendencia.;general;seguimiento;bajo;"FIT2_SRC006;FIT2_SRC011";NEAT y pasos diarios;Aumentar movimiento cotidiano y reducir sedentarismo.;bajo;hábitos;Pausas activas;Levantarme y moverme 2-5 minutos cada cierto tiempo.;Reducir sedentarismo.;bajo;diario;hábitos;alta;Adaptar carga, volumen, frecuencia, rango, descansos y tareas al nivel, historial, molestias, material, preferencias y disponibilidad. No sustituye valoración médica/fisioterapéutica si hay dolor, lesión o señales de alarma.
Pérdida de grasa y recomposición;Control de perímetro abdominal;Seguimiento de cintura y medidas para valorar tendencia.;general;seguimiento;bajo;"FIT2_SRC006;FIT2_SRC011";NEAT y pasos diarios;Aumentar movimiento cotidiano y reducir sedentarismo.;bajo;hábitos;Reto de pasos progresivo;Subir 500-1000 pasos/día cada 1-2 semanas según tolerancia.;Aumentar gasto y salud.;bajo;semanal;hábitos;alta;Adaptar carga, volumen, frecuencia, rango, descansos y tareas al nivel, historial, molestias, material, preferencias y disponibilidad. No sustituye valoración médica/fisioterapéutica si hay dolor, lesión o señales de alarma.
Pérdida de grasa y recomposición;Control de perímetro abdominal;Seguimiento de cintura y medidas para valorar tendencia.;general;seguimiento;bajo;"FIT2_SRC006;FIT2_SRC011";NEAT y pasos diarios;Aumentar movimiento cotidiano y reducir sedentarismo.;bajo;hábitos;Plan de salida de sedentarismo;Añadir caminatas cortas, pausas activas y fuerza básica gradual.;Reducir sedentarismo.;bajo;2-4 semanas;hábitos;alta;Adaptar carga, volumen, frecuencia, rango, descansos y tareas al nivel, historial, molestias, material, preferencias y disponibilidad. No sustituye valoración médica/fisioterapéutica si hay dolor, lesión o señales de alarma.
Pérdida de grasa y recomposición;Control de perímetro abdominal;Seguimiento de cintura y medidas para valorar tendencia.;general;seguimiento;bajo;"FIT2_SRC006;FIT2_SRC011";Cardio zona 2;Trabajo aeróbico moderado y sostenible.;bajo;cardio;Cardio zona 2;Realizar cardio conversacional 20-40 minutos.;Mejorar base aeróbica.;bajo;2-4 días/semana;cardio;media;Adaptar carga, volumen, frecuencia, rango, descansos y tareas al nivel, historial, molestias, material, preferencias y disponibilidad. No sustituye valoración médica/fisioterapéutica si hay dolor, lesión o señales de alarma.
Pérdida de grasa y recomposición;Control de perímetro abdominal;Seguimiento de cintura y medidas para valorar tendencia.;general;seguimiento;bajo;"FIT2_SRC006;FIT2_SRC011";Proteína objetivo;Asegurar proteína suficiente para mantenimiento/ganancia muscular.;bajo;nutrición básica;Objetivo de proteína;Definir meta de proteína diaria aproximada según profesional.;Apoyar músculo y saciedad.;bajo;diario;nutrición básica;media;Adaptar carga, volumen, frecuencia, rango, descansos y tareas al nivel, historial, molestias, material, preferencias y disponibilidad. No sustituye valoración médica/fisioterapéutica si hay dolor, lesión o señales de alarma.
Pérdida de grasa y recomposición;Control de perímetro abdominal;Seguimiento de cintura y medidas para valorar tendencia.;general;seguimiento;bajo;"FIT2_SRC006;FIT2_SRC011";Proteína objetivo;Asegurar proteína suficiente para mantenimiento/ganancia muscular.;bajo;nutrición básica;Plan de cenas/proteína simple;Preparar opciones sencillas de cena alta en proteína si el objetivo lo requiere.;Apoyar recuperación/adherencia.;bajo;semanal;nutrición básica;media;Adaptar carga, volumen, frecuencia, rango, descansos y tareas al nivel, historial, molestias, material, preferencias y disponibilidad. No sustituye valoración médica/fisioterapéutica si hay dolor, lesión o señales de alarma.
Pérdida de grasa y recomposición;Control de perímetro abdominal;Seguimiento de cintura y medidas para valorar tendencia.;general;seguimiento;bajo;"FIT2_SRC006;FIT2_SRC011";Seguimiento de medidas;Registrar peso, perímetros, fotos y adherencia según objetivo.;bajo;seguimiento;Registro de peso y cintura;Anotar peso medio semanal y perímetro de cintura.;Seguir composición corporal.;bajo;semanal;seguimiento;media;Adaptar carga, volumen, frecuencia, rango, descansos y tareas al nivel, historial, molestias, material, preferencias y disponibilidad. No sustituye valoración médica/fisioterapéutica si hay dolor, lesión o señales de alarma.
Pérdida de grasa y recomposición;Control de perímetro abdominal;Seguimiento de cintura y medidas para valorar tendencia.;general;seguimiento;bajo;"FIT2_SRC006;FIT2_SRC011";Seguimiento de medidas;Registrar peso, perímetros, fotos y adherencia según objetivo.;bajo;seguimiento;Fotos comparativas;Tomar fotos con misma luz, postura y distancia.;Evaluar cambios visuales.;bajo;mensual;seguimiento;media;Adaptar carga, volumen, frecuencia, rango, descansos y tareas al nivel, historial, molestias, material, preferencias y disponibilidad. No sustituye valoración médica/fisioterapéutica si hay dolor, lesión o señales de alarma.
Pérdida de grasa y recomposición;Control de perímetro abdominal;Seguimiento de cintura y medidas para valorar tendencia.;general;seguimiento;bajo;"FIT2_SRC006;FIT2_SRC011";Plan de adherencia mínima;Crear versión mínima viable del entrenamiento para semanas difíciles.;bajo;hábitos;Registro de adherencia;Marcar sesiones, pasos, sueño, proteína/hidratación y barreras.;Detectar obstáculos.;bajo;semanal;hábitos;alta;Adaptar carga, volumen, frecuencia, rango, descansos y tareas al nivel, historial, molestias, material, preferencias y disponibilidad. No sustituye valoración médica/fisioterapéutica si hay dolor, lesión o señales de alarma.
Pérdida de grasa y recomposición;Control de perímetro abdominal;Seguimiento de cintura y medidas para valorar tendencia.;general;seguimiento;bajo;"FIT2_SRC006;FIT2_SRC011";Plan de adherencia mínima;Crear versión mínima viable del entrenamiento para semanas difíciles.;bajo;hábitos;Versión mínima viable;Definir entrenamiento mínimo de 10-15 min para días difíciles.;Evitar abandono.;bajo;cuando proceda;hábitos;alta;Adaptar carga, volumen, frecuencia, rango, descansos y tareas al nivel, historial, molestias, material, preferencias y disponibilidad. No sustituye valoración médica/fisioterapéutica si hay dolor, lesión o señales de alarma.
Pérdida de grasa y recomposición;Control de perímetro abdominal;Seguimiento de cintura y medidas para valorar tendencia.;general;seguimiento;bajo;"FIT2_SRC006;FIT2_SRC011";Diseño de hábitos;Anclar entrenamiento a rutina, entorno, señales y recompensas.;bajo;hábitos;Anclaje de hábito;Vincular entrenamiento a una señal fija del día.;Automatizar constancia.;bajo;diario/semanal;hábitos;media;Adaptar carga, volumen, frecuencia, rango, descansos y tareas al nivel, historial, molestias, material, preferencias y disponibilidad. No sustituye valoración médica/fisioterapéutica si hay dolor, lesión o señales de alarma.
Pérdida de grasa y recomposición;Control de perímetro abdominal;Seguimiento de cintura y medidas para valorar tendencia.;general;seguimiento;bajo;"FIT2_SRC006;FIT2_SRC011";Gestión de barreras;Identificar obstáculos y planificar alternativas concretas.;bajo;hábitos;Plan de barreras;Listar barrera probable y alternativa concreta.;Mejorar continuidad.;bajo;semanal;hábitos;media;Adaptar carga, volumen, frecuencia, rango, descansos y tareas al nivel, historial, molestias, material, preferencias y disponibilidad. No sustituye valoración médica/fisioterapéutica si hay dolor, lesión o señales de alarma.
Pérdida de grasa y recomposición;Control de perímetro abdominal;Seguimiento de cintura y medidas para valorar tendencia.;general;seguimiento;bajo;"FIT2_SRC006;FIT2_SRC011";Planificación de comidas alrededor del entrenamiento;Orientación básica de energía, proteína e hidratación según horarios.;bajo;nutrición básica;Comida pre-entreno simple;Planificar opción digestiva y energética antes de entrenar.;Mejorar energía de sesión.;bajo;según sesión;nutrición básica;media;Adaptar carga, volumen, frecuencia, rango, descansos y tareas al nivel, historial, molestias, material, preferencias y disponibilidad. No sustituye valoración médica/fisioterapéutica si hay dolor, lesión o señales de alarma.
Pérdida de grasa y recomposición;Control de perímetro abdominal;Seguimiento de cintura y medidas para valorar tendencia.;general;seguimiento;bajo;"FIT2_SRC006;FIT2_SRC011";Planificación de comidas alrededor del entrenamiento;Orientación básica de energía, proteína e hidratación según horarios.;bajo;nutrición básica;Comida post-entreno simple;Planificar proteína y comida normal tras entrenar.;Apoyar recuperación.;bajo;según sesión;nutrición básica;media;Adaptar carga, volumen, frecuencia, rango, descansos y tareas al nivel, historial, molestias, material, preferencias y disponibilidad. No sustituye valoración médica/fisioterapéutica si hay dolor, lesión o señales de alarma.
Pérdida de grasa y recomposición;Bajar peso sin perder adherencia;Pérdida de grasa con enfoque sostenible y flexible.;general;hábitos;medio;"FIT2_SRC006;FIT2_SRC008";NEAT y pasos diarios;Aumentar movimiento cotidiano y reducir sedentarismo.;bajo;hábitos;Meta de pasos diarios;Definir meta realista de pasos y revisar media semanal.;Aumentar NEAT.;bajo;diario;hábitos;alta;Adaptar carga, volumen, frecuencia, rango, descansos y tareas al nivel, historial, molestias, material, preferencias y disponibilidad. No sustituye valoración médica/fisioterapéutica si hay dolor, lesión o señales de alarma.
Pérdida de grasa y recomposición;Bajar peso sin perder adherencia;Pérdida de grasa con enfoque sostenible y flexible.;general;hábitos;medio;"FIT2_SRC006;FIT2_SRC008";NEAT y pasos diarios;Aumentar movimiento cotidiano y reducir sedentarismo.;bajo;hábitos;Pausas activas;Levantarme y moverme 2-5 minutos cada cierto tiempo.;Reducir sedentarismo.;bajo;diario;hábitos;alta;Adaptar carga, volumen, frecuencia, rango, descansos y tareas al nivel, historial, molestias, material, preferencias y disponibilidad. No sustituye valoración médica/fisioterapéutica si hay dolor, lesión o señales de alarma.
Pérdida de grasa y recomposición;Bajar peso sin perder adherencia;Pérdida de grasa con enfoque sostenible y flexible.;general;hábitos;medio;"FIT2_SRC006;FIT2_SRC008";NEAT y pasos diarios;Aumentar movimiento cotidiano y reducir sedentarismo.;bajo;hábitos;Reto de pasos progresivo;Subir 500-1000 pasos/día cada 1-2 semanas según tolerancia.;Aumentar gasto y salud.;bajo;semanal;hábitos;alta;Adaptar carga, volumen, frecuencia, rango, descansos y tareas al nivel, historial, molestias, material, preferencias y disponibilidad. No sustituye valoración médica/fisioterapéutica si hay dolor, lesión o señales de alarma.
Pérdida de grasa y recomposición;Bajar peso sin perder adherencia;Pérdida de grasa con enfoque sostenible y flexible.;general;hábitos;medio;"FIT2_SRC006;FIT2_SRC008";NEAT y pasos diarios;Aumentar movimiento cotidiano y reducir sedentarismo.;bajo;hábitos;Plan de salida de sedentarismo;Añadir caminatas cortas, pausas activas y fuerza básica gradual.;Reducir sedentarismo.;bajo;2-4 semanas;hábitos;alta;Adaptar carga, volumen, frecuencia, rango, descansos y tareas al nivel, historial, molestias, material, preferencias y disponibilidad. No sustituye valoración médica/fisioterapéutica si hay dolor, lesión o señales de alarma.
Pérdida de grasa y recomposición;Bajar peso sin perder adherencia;Pérdida de grasa con enfoque sostenible y flexible.;general;hábitos;medio;"FIT2_SRC006;FIT2_SRC008";Cardio zona 2;Trabajo aeróbico moderado y sostenible.;bajo;cardio;Cardio zona 2;Realizar cardio conversacional 20-40 minutos.;Mejorar base aeróbica.;bajo;2-4 días/semana;cardio;media;Adaptar carga, volumen, frecuencia, rango, descansos y tareas al nivel, historial, molestias, material, preferencias y disponibilidad. No sustituye valoración médica/fisioterapéutica si hay dolor, lesión o señales de alarma.
Pérdida de grasa y recomposición;Bajar peso sin perder adherencia;Pérdida de grasa con enfoque sostenible y flexible.;general;hábitos;medio;"FIT2_SRC006;FIT2_SRC008";Proteína objetivo;Asegurar proteína suficiente para mantenimiento/ganancia muscular.;bajo;nutrición básica;Objetivo de proteína;Definir meta de proteína diaria aproximada según profesional.;Apoyar músculo y saciedad.;bajo;diario;nutrición básica;media;Adaptar carga, volumen, frecuencia, rango, descansos y tareas al nivel, historial, molestias, material, preferencias y disponibilidad. No sustituye valoración médica/fisioterapéutica si hay dolor, lesión o señales de alarma.
Pérdida de grasa y recomposición;Bajar peso sin perder adherencia;Pérdida de grasa con enfoque sostenible y flexible.;general;hábitos;medio;"FIT2_SRC006;FIT2_SRC008";Proteína objetivo;Asegurar proteína suficiente para mantenimiento/ganancia muscular.;bajo;nutrición básica;Plan de cenas/proteína simple;Preparar opciones sencillas de cena alta en proteína si el objetivo lo requiere.;Apoyar recuperación/adherencia.;bajo;semanal;nutrición básica;media;Adaptar carga, volumen, frecuencia, rango, descansos y tareas al nivel, historial, molestias, material, preferencias y disponibilidad. No sustituye valoración médica/fisioterapéutica si hay dolor, lesión o señales de alarma.
Pérdida de grasa y recomposición;Bajar peso sin perder adherencia;Pérdida de grasa con enfoque sostenible y flexible.;general;hábitos;medio;"FIT2_SRC006;FIT2_SRC008";Seguimiento de medidas;Registrar peso, perímetros, fotos y adherencia según objetivo.;bajo;seguimiento;Registro de peso y cintura;Anotar peso medio semanal y perímetro de cintura.;Seguir composición corporal.;bajo;semanal;seguimiento;media;Adaptar carga, volumen, frecuencia, rango, descansos y tareas al nivel, historial, molestias, material, preferencias y disponibilidad. No sustituye valoración médica/fisioterapéutica si hay dolor, lesión o señales de alarma.
Pérdida de grasa y recomposición;Bajar peso sin perder adherencia;Pérdida de grasa con enfoque sostenible y flexible.;general;hábitos;medio;"FIT2_SRC006;FIT2_SRC008";Seguimiento de medidas;Registrar peso, perímetros, fotos y adherencia según objetivo.;bajo;seguimiento;Fotos comparativas;Tomar fotos con misma luz, postura y distancia.;Evaluar cambios visuales.;bajo;mensual;seguimiento;media;Adaptar carga, volumen, frecuencia, rango, descansos y tareas al nivel, historial, molestias, material, preferencias y disponibilidad. No sustituye valoración médica/fisioterapéutica si hay dolor, lesión o señales de alarma.
Pérdida de grasa y recomposición;Bajar peso sin perder adherencia;Pérdida de grasa con enfoque sostenible y flexible.;general;hábitos;medio;"FIT2_SRC006;FIT2_SRC008";Plan de adherencia mínima;Crear versión mínima viable del entrenamiento para semanas difíciles.;bajo;hábitos;Registro de adherencia;Marcar sesiones, pasos, sueño, proteína/hidratación y barreras.;Detectar obstáculos.;bajo;semanal;hábitos;alta;Adaptar carga, volumen, frecuencia, rango, descansos y tareas al nivel, historial, molestias, material, preferencias y disponibilidad. No sustituye valoración médica/fisioterapéutica si hay dolor, lesión o señales de alarma.
Pérdida de grasa y recomposición;Bajar peso sin perder adherencia;Pérdida de grasa con enfoque sostenible y flexible.;general;hábitos;medio;"FIT2_SRC006;FIT2_SRC008";Plan de adherencia mínima;Crear versión mínima viable del entrenamiento para semanas difíciles.;bajo;hábitos;Versión mínima viable;Definir entrenamiento mínimo de 10-15 min para días difíciles.;Evitar abandono.;bajo;cuando proceda;hábitos;alta;Adaptar carga, volumen, frecuencia, rango, descansos y tareas al nivel, historial, molestias, material, preferencias y disponibilidad. No sustituye valoración médica/fisioterapéutica si hay dolor, lesión o señales de alarma.
Pérdida de grasa y recomposición;Bajar peso sin perder adherencia;Pérdida de grasa con enfoque sostenible y flexible.;general;hábitos;medio;"FIT2_SRC006;FIT2_SRC008";Diseño de hábitos;Anclar entrenamiento a rutina, entorno, señales y recompensas.;bajo;hábitos;Anclaje de hábito;Vincular entrenamiento a una señal fija del día.;Automatizar constancia.;bajo;diario/semanal;hábitos;media;Adaptar carga, volumen, frecuencia, rango, descansos y tareas al nivel, historial, molestias, material, preferencias y disponibilidad. No sustituye valoración médica/fisioterapéutica si hay dolor, lesión o señales de alarma.
Pérdida de grasa y recomposición;Bajar peso sin perder adherencia;Pérdida de grasa con enfoque sostenible y flexible.;general;hábitos;medio;"FIT2_SRC006;FIT2_SRC008";Gestión de barreras;Identificar obstáculos y planificar alternativas concretas.;bajo;hábitos;Plan de barreras;Listar barrera probable y alternativa concreta.;Mejorar continuidad.;bajo;semanal;hábitos;media;Adaptar carga, volumen, frecuencia, rango, descansos y tareas al nivel, historial, molestias, material, preferencias y disponibilidad. No sustituye valoración médica/fisioterapéutica si hay dolor, lesión o señales de alarma.
Pérdida de grasa y recomposición;Bajar peso sin perder adherencia;Pérdida de grasa con enfoque sostenible y flexible.;general;hábitos;medio;"FIT2_SRC006;FIT2_SRC008";Planificación de comidas alrededor del entrenamiento;Orientación básica de energía, proteína e hidratación según horarios.;bajo;nutrición básica;Comida pre-entreno simple;Planificar opción digestiva y energética antes de entrenar.;Mejorar energía de sesión.;bajo;según sesión;nutrición básica;media;Adaptar carga, volumen, frecuencia, rango, descansos y tareas al nivel, historial, molestias, material, preferencias y disponibilidad. No sustituye valoración médica/fisioterapéutica si hay dolor, lesión o señales de alarma.
Pérdida de grasa y recomposición;Bajar peso sin perder adherencia;Pérdida de grasa con enfoque sostenible y flexible.;general;hábitos;medio;"FIT2_SRC006;FIT2_SRC008";Planificación de comidas alrededor del entrenamiento;Orientación básica de energía, proteína e hidratación según horarios.;bajo;nutrición básica;Comida post-entreno simple;Planificar proteína y comida normal tras entrenar.;Apoyar recuperación.;bajo;según sesión;nutrición básica;media;Adaptar carga, volumen, frecuencia, rango, descansos y tareas al nivel, historial, molestias, material, preferencias y disponibilidad. No sustituye valoración médica/fisioterapéutica si hay dolor, lesión o señales de alarma.
Resistencia muscular;Mejorar resistencia muscular general;Aumentar capacidad de completar series, circuitos o esfuerzos repetidos.;general;entrenamiento;bajo;"FIT2_SRC002;FIT2_SRC003";Circuitos de cuerpo completo;Combinar ejercicios con descansos cortos para resistencia muscular.;bajo;resistencia;Circuito full body 20 min;Completar circuito con 5-6 ejercicios y descansos breves.;Mejorar resistencia muscular.;bajo;1-3 días/semana;resistencia;media;Adaptar carga, volumen, frecuencia, rango, descansos y tareas al nivel, historial, molestias, material, preferencias y disponibilidad. No sustituye valoración médica/fisioterapéutica si hay dolor, lesión o señales de alarma.
Resistencia muscular;Mejorar resistencia muscular general;Aumentar capacidad de completar series, circuitos o esfuerzos repetidos.;general;entrenamiento;bajo;"FIT2_SRC002;FIT2_SRC003";Circuitos de cuerpo completo;Combinar ejercicios con descansos cortos para resistencia muscular.;bajo;resistencia;Test flexiones máximas técnicas;Medir repeticiones con técnica válida y sin dolor.;Evaluar resistencia de empuje.;bajo;mensual;evaluación;media;Adaptar carga, volumen, frecuencia, rango, descansos y tareas al nivel, historial, molestias, material, preferencias y disponibilidad. No sustituye valoración médica/fisioterapéutica si hay dolor, lesión o señales de alarma.
Resistencia muscular;Mejorar resistencia muscular general;Aumentar capacidad de completar series, circuitos o esfuerzos repetidos.;general;entrenamiento;bajo;"FIT2_SRC002;FIT2_SRC003";Circuitos de cuerpo completo;Combinar ejercicios con descansos cortos para resistencia muscular.;bajo;resistencia;Test sentadilla 60 segundos;Contar repeticiones controladas en 60 segundos.;Evaluar resistencia de piernas.;bajo;mensual;evaluación;media;Adaptar carga, volumen, frecuencia, rango, descansos y tareas al nivel, historial, molestias, material, preferencias y disponibilidad. No sustituye valoración médica/fisioterapéutica si hay dolor, lesión o señales de alarma.
Resistencia muscular;Mejorar resistencia muscular general;Aumentar capacidad de completar series, circuitos o esfuerzos repetidos.;general;entrenamiento;bajo;"FIT2_SRC002;FIT2_SRC003";EMOM/AMRAP controlado;Trabajo por tiempo manteniendo técnica y margen de seguridad.;medio;resistencia;EMOM 10-15 min;Realizar repeticiones al inicio de cada minuto manteniendo técnica.;Mejorar densidad sin caos.;medio;semanal;resistencia;media;Adaptar carga, volumen, frecuencia, rango, descansos y tareas al nivel, historial, molestias, material, preferencias y disponibilidad. No sustituye valoración médica/fisioterapéutica si hay dolor, lesión o señales de alarma.
Resistencia muscular;Mejorar resistencia muscular general;Aumentar capacidad de completar series, circuitos o esfuerzos repetidos.;general;entrenamiento;bajo;"FIT2_SRC002;FIT2_SRC003";EMOM/AMRAP controlado;Trabajo por tiempo manteniendo técnica y margen de seguridad.;medio;resistencia;AMRAP técnico;Hacer rondas controladas durante tiempo fijo sin sacrificar técnica.;Mejorar tolerancia al esfuerzo.;medio;semanal;resistencia;media;Adaptar carga, volumen, frecuencia, rango, descansos y tareas al nivel, historial, molestias, material, preferencias y disponibilidad. No sustituye valoración médica/fisioterapéutica si hay dolor, lesión o señales de alarma.
Resistencia muscular;Mejorar resistencia muscular general;Aumentar capacidad de completar series, circuitos o esfuerzos repetidos.;general;entrenamiento;bajo;"FIT2_SRC002;FIT2_SRC003";Densidad de entrenamiento;Aumentar trabajo por unidad de tiempo gradualmente.;medio;resistencia;Reducir descansos gradualmente;Mantener carga/reps y bajar descanso de forma progresiva.;Aumentar densidad.;medio;2-4 semanas;resistencia;media;Adaptar carga, volumen, frecuencia, rango, descansos y tareas al nivel, historial, molestias, material, preferencias y disponibilidad. No sustituye valoración médica/fisioterapéutica si hay dolor, lesión o señales de alarma.
Resistencia muscular;Mejorar resistencia muscular general;Aumentar capacidad de completar series, circuitos o esfuerzos repetidos.;general;entrenamiento;bajo;"FIT2_SRC002;FIT2_SRC003";Calentamiento RAMP;Elevar temperatura, activar, movilizar y potenciar antes de entrenar.;bajo;preparación;Calentamiento RAMP;Realizar 5-10 min de elevar, activar, movilizar y preparar patrón.;Preparar sesión.;bajo;cada sesión;preparación;media;Adaptar carga, volumen, frecuencia, rango, descansos y tareas al nivel, historial, molestias, material, preferencias y disponibilidad. No sustituye valoración médica/fisioterapéutica si hay dolor, lesión o señales de alarma.
Resistencia muscular;Mejorar resistencia muscular general;Aumentar capacidad de completar series, circuitos o esfuerzos repetidos.;general;entrenamiento;bajo;"FIT2_SRC002;FIT2_SRC003";Calentamiento RAMP;Elevar temperatura, activar, movilizar y potenciar antes de entrenar.;bajo;preparación;Plan de calentamiento específico;Elegir movilidad y series de aproximación según ejercicio principal.;Preparar básicos.;bajo;cada sesión;preparación;media;Adaptar carga, volumen, frecuencia, rango, descansos y tareas al nivel, historial, molestias, material, preferencias y disponibilidad. No sustituye valoración médica/fisioterapéutica si hay dolor, lesión o señales de alarma.
Resistencia muscular;Mejorar resistencia muscular general;Aumentar capacidad de completar series, circuitos o esfuerzos repetidos.;general;entrenamiento;bajo;"FIT2_SRC002;FIT2_SRC003";Cardio zona 2;Trabajo aeróbico moderado y sostenible.;bajo;cardio;Cardio zona 2;Realizar cardio conversacional 20-40 minutos.;Mejorar base aeróbica.;bajo;2-4 días/semana;cardio;media;Adaptar carga, volumen, frecuencia, rango, descansos y tareas al nivel, historial, molestias, material, preferencias y disponibilidad. No sustituye valoración médica/fisioterapéutica si hay dolor, lesión o señales de alarma.
Resistencia muscular;Mejorar resistencia muscular general;Aumentar capacidad de completar series, circuitos o esfuerzos repetidos.;general;entrenamiento;bajo;"FIT2_SRC002;FIT2_SRC003";Intervalos moderados;Alternar esfuerzos y recuperación sin exceder tolerancia.;medio;cardio;Intervalos moderados;Alternar 1-3 min de esfuerzo y recuperación controlada.;Mejorar capacidad cardiovascular.;medio;1-2 días/semana;cardio;media;Adaptar carga, volumen, frecuencia, rango, descansos y tareas al nivel, historial, molestias, material, preferencias y disponibilidad. No sustituye valoración médica/fisioterapéutica si hay dolor, lesión o señales de alarma.
Resistencia muscular;Mejorar resistencia muscular general;Aumentar capacidad de completar series, circuitos o esfuerzos repetidos.;general;entrenamiento;bajo;"FIT2_SRC002;FIT2_SRC003";Seguimiento de cargas;Registrar ejercicios, series, repeticiones, peso y notas.;bajo;seguimiento;Registro de entrenamiento;Anotar ejercicio, series, repeticiones, peso, RIR/RPE y notas.;Medir progreso real.;bajo;cada sesión;seguimiento;alta;Adaptar carga, volumen, frecuencia, rango, descansos y tareas al nivel, historial, molestias, material, preferencias y disponibilidad. No sustituye valoración médica/fisioterapéutica si hay dolor, lesión o señales de alarma.
Resistencia muscular;Mejorar resistencia muscular general;Aumentar capacidad de completar series, circuitos o esfuerzos repetidos.;general;entrenamiento;bajo;"FIT2_SRC002;FIT2_SRC003";Autoregulación de entrenamiento;Ajustar carga y volumen según energía, sueño, dolor y rendimiento.;medio;programación;Plan post-estancamiento;Revisar sueño, nutrición, volumen, intensidad y técnica antes de cambiar todo.;Resolver estancamiento.;medio;cuando proceda;programación;media;Adaptar carga, volumen, frecuencia, rango, descansos y tareas al nivel, historial, molestias, material, preferencias y disponibilidad. No sustituye valoración médica/fisioterapéutica si hay dolor, lesión o señales de alarma.
Resistencia muscular;Mejorar resistencia muscular general;Aumentar capacidad de completar series, circuitos o esfuerzos repetidos.;general;entrenamiento;bajo;"FIT2_SRC002;FIT2_SRC003";Autoregulación de entrenamiento;Ajustar carga y volumen según energía, sueño, dolor y rendimiento.;medio;programación;Reducción de carga por fatiga;Aplicar autoregulación si sueño/energía/rendimiento están bajos.;Evitar exceso.;medio;cada sesión;programación;media;Adaptar carga, volumen, frecuencia, rango, descansos y tareas al nivel, historial, molestias, material, preferencias y disponibilidad. No sustituye valoración médica/fisioterapéutica si hay dolor, lesión o señales de alarma.
Resistencia muscular;Aumentar repeticiones de flexiones;Objetivo de mejorar resistencia de empuje con peso corporal.;general;entrenamiento;bajo;"FIT2_SRC002;FIT2_SRC010";Circuitos de cuerpo completo;Combinar ejercicios con descansos cortos para resistencia muscular.;bajo;resistencia;Circuito full body 20 min;Completar circuito con 5-6 ejercicios y descansos breves.;Mejorar resistencia muscular.;bajo;1-3 días/semana;resistencia;media;Adaptar carga, volumen, frecuencia, rango, descansos y tareas al nivel, historial, molestias, material, preferencias y disponibilidad. No sustituye valoración médica/fisioterapéutica si hay dolor, lesión o señales de alarma.
Resistencia muscular;Aumentar repeticiones de flexiones;Objetivo de mejorar resistencia de empuje con peso corporal.;general;entrenamiento;bajo;"FIT2_SRC002;FIT2_SRC010";Circuitos de cuerpo completo;Combinar ejercicios con descansos cortos para resistencia muscular.;bajo;resistencia;Test flexiones máximas técnicas;Medir repeticiones con técnica válida y sin dolor.;Evaluar resistencia de empuje.;bajo;mensual;evaluación;media;Adaptar carga, volumen, frecuencia, rango, descansos y tareas al nivel, historial, molestias, material, preferencias y disponibilidad. No sustituye valoración médica/fisioterapéutica si hay dolor, lesión o señales de alarma.
Resistencia muscular;Aumentar repeticiones de flexiones;Objetivo de mejorar resistencia de empuje con peso corporal.;general;entrenamiento;bajo;"FIT2_SRC002;FIT2_SRC010";Circuitos de cuerpo completo;Combinar ejercicios con descansos cortos para resistencia muscular.;bajo;resistencia;Test sentadilla 60 segundos;Contar repeticiones controladas en 60 segundos.;Evaluar resistencia de piernas.;bajo;mensual;evaluación;media;Adaptar carga, volumen, frecuencia, rango, descansos y tareas al nivel, historial, molestias, material, preferencias y disponibilidad. No sustituye valoración médica/fisioterapéutica si hay dolor, lesión o señales de alarma.
Resistencia muscular;Aumentar repeticiones de flexiones;Objetivo de mejorar resistencia de empuje con peso corporal.;general;entrenamiento;bajo;"FIT2_SRC002;FIT2_SRC010";EMOM/AMRAP controlado;Trabajo por tiempo manteniendo técnica y margen de seguridad.;medio;resistencia;EMOM 10-15 min;Realizar repeticiones al inicio de cada minuto manteniendo técnica.;Mejorar densidad sin caos.;medio;semanal;resistencia;media;Adaptar carga, volumen, frecuencia, rango, descansos y tareas al nivel, historial, molestias, material, preferencias y disponibilidad. No sustituye valoración médica/fisioterapéutica si hay dolor, lesión o señales de alarma.
Resistencia muscular;Aumentar repeticiones de flexiones;Objetivo de mejorar resistencia de empuje con peso corporal.;general;entrenamiento;bajo;"FIT2_SRC002;FIT2_SRC010";EMOM/AMRAP controlado;Trabajo por tiempo manteniendo técnica y margen de seguridad.;medio;resistencia;AMRAP técnico;Hacer rondas controladas durante tiempo fijo sin sacrificar técnica.;Mejorar tolerancia al esfuerzo.;medio;semanal;resistencia;media;Adaptar carga, volumen, frecuencia, rango, descansos y tareas al nivel, historial, molestias, material, preferencias y disponibilidad. No sustituye valoración médica/fisioterapéutica si hay dolor, lesión o señales de alarma.
Resistencia muscular;Aumentar repeticiones de flexiones;Objetivo de mejorar resistencia de empuje con peso corporal.;general;entrenamiento;bajo;"FIT2_SRC002;FIT2_SRC010";Densidad de entrenamiento;Aumentar trabajo por unidad de tiempo gradualmente.;medio;resistencia;Reducir descansos gradualmente;Mantener carga/reps y bajar descanso de forma progresiva.;Aumentar densidad.;medio;2-4 semanas;resistencia;media;Adaptar carga, volumen, frecuencia, rango, descansos y tareas al nivel, historial, molestias, material, preferencias y disponibilidad. No sustituye valoración médica/fisioterapéutica si hay dolor, lesión o señales de alarma.
Resistencia muscular;Aumentar repeticiones de flexiones;Objetivo de mejorar resistencia de empuje con peso corporal.;general;entrenamiento;bajo;"FIT2_SRC002;FIT2_SRC010";Calentamiento RAMP;Elevar temperatura, activar, movilizar y potenciar antes de entrenar.;bajo;preparación;Calentamiento RAMP;Realizar 5-10 min de elevar, activar, movilizar y preparar patrón.;Preparar sesión.;bajo;cada sesión;preparación;media;Adaptar carga, volumen, frecuencia, rango, descansos y tareas al nivel, historial, molestias, material, preferencias y disponibilidad. No sustituye valoración médica/fisioterapéutica si hay dolor, lesión o señales de alarma.
Resistencia muscular;Aumentar repeticiones de flexiones;Objetivo de mejorar resistencia de empuje con peso corporal.;general;entrenamiento;bajo;"FIT2_SRC002;FIT2_SRC010";Calentamiento RAMP;Elevar temperatura, activar, movilizar y potenciar antes de entrenar.;bajo;preparación;Plan de calentamiento específico;Elegir movilidad y series de aproximación según ejercicio principal.;Preparar básicos.;bajo;cada sesión;preparación;media;Adaptar carga, volumen, frecuencia, rango, descansos y tareas al nivel, historial, molestias, material, preferencias y disponibilidad. No sustituye valoración médica/fisioterapéutica si hay dolor, lesión o señales de alarma.
Resistencia muscular;Aumentar repeticiones de flexiones;Objetivo de mejorar resistencia de empuje con peso corporal.;general;entrenamiento;bajo;"FIT2_SRC002;FIT2_SRC010";Cardio zona 2;Trabajo aeróbico moderado y sostenible.;bajo;cardio;Cardio zona 2;Realizar cardio conversacional 20-40 minutos.;Mejorar base aeróbica.;bajo;2-4 días/semana;cardio;media;Adaptar carga, volumen, frecuencia, rango, descansos y tareas al nivel, historial, molestias, material, preferencias y disponibilidad. No sustituye valoración médica/fisioterapéutica si hay dolor, lesión o señales de alarma.
Resistencia muscular;Aumentar repeticiones de flexiones;Objetivo de mejorar resistencia de empuje con peso corporal.;general;entrenamiento;bajo;"FIT2_SRC002;FIT2_SRC010";Intervalos moderados;Alternar esfuerzos y recuperación sin exceder tolerancia.;medio;cardio;Intervalos moderados;Alternar 1-3 min de esfuerzo y recuperación controlada.;Mejorar capacidad cardiovascular.;medio;1-2 días/semana;cardio;media;Adaptar carga, volumen, frecuencia, rango, descansos y tareas al nivel, historial, molestias, material, preferencias y disponibilidad. No sustituye valoración médica/fisioterapéutica si hay dolor, lesión o señales de alarma.
Resistencia muscular;Aumentar repeticiones de flexiones;Objetivo de mejorar resistencia de empuje con peso corporal.;general;entrenamiento;bajo;"FIT2_SRC002;FIT2_SRC010";Seguimiento de cargas;Registrar ejercicios, series, repeticiones, peso y notas.;bajo;seguimiento;Registro de entrenamiento;Anotar ejercicio, series, repeticiones, peso, RIR/RPE y notas.;Medir progreso real.;bajo;cada sesión;seguimiento;alta;Adaptar carga, volumen, frecuencia, rango, descansos y tareas al nivel, historial, molestias, material, preferencias y disponibilidad. No sustituye valoración médica/fisioterapéutica si hay dolor, lesión o señales de alarma.
Resistencia muscular;Aumentar repeticiones de flexiones;Objetivo de mejorar resistencia de empuje con peso corporal.;general;entrenamiento;bajo;"FIT2_SRC002;FIT2_SRC010";Autoregulación de entrenamiento;Ajustar carga y volumen según energía, sueño, dolor y rendimiento.;medio;programación;Plan post-estancamiento;Revisar sueño, nutrición, volumen, intensidad y técnica antes de cambiar todo.;Resolver estancamiento.;medio;cuando proceda;programación;media;Adaptar carga, volumen, frecuencia, rango, descansos y tareas al nivel, historial, molestias, material, preferencias y disponibilidad. No sustituye valoración médica/fisioterapéutica si hay dolor, lesión o señales de alarma.
Resistencia muscular;Aumentar repeticiones de flexiones;Objetivo de mejorar resistencia de empuje con peso corporal.;general;entrenamiento;bajo;"FIT2_SRC002;FIT2_SRC010";Autoregulación de entrenamiento;Ajustar carga y volumen según energía, sueño, dolor y rendimiento.;medio;programación;Reducción de carga por fatiga;Aplicar autoregulación si sueño/energía/rendimiento están bajos.;Evitar exceso.;medio;cada sesión;programación;media;Adaptar carga, volumen, frecuencia, rango, descansos y tareas al nivel, historial, molestias, material, preferencias y disponibilidad. No sustituye valoración médica/fisioterapéutica si hay dolor, lesión o señales de alarma.
Resistencia muscular;Aumentar repeticiones de sentadillas;Objetivo de mejorar resistencia de piernas con peso corporal.;general;entrenamiento;bajo;"FIT2_SRC002;FIT2_SRC010";Circuitos de cuerpo completo;Combinar ejercicios con descansos cortos para resistencia muscular.;bajo;resistencia;Circuito full body 20 min;Completar circuito con 5-6 ejercicios y descansos breves.;Mejorar resistencia muscular.;bajo;1-3 días/semana;resistencia;media;Adaptar carga, volumen, frecuencia, rango, descansos y tareas al nivel, historial, molestias, material, preferencias y disponibilidad. No sustituye valoración médica/fisioterapéutica si hay dolor, lesión o señales de alarma.
Resistencia muscular;Aumentar repeticiones de sentadillas;Objetivo de mejorar resistencia de piernas con peso corporal.;general;entrenamiento;bajo;"FIT2_SRC002;FIT2_SRC010";Circuitos de cuerpo completo;Combinar ejercicios con descansos cortos para resistencia muscular.;bajo;resistencia;Test flexiones máximas técnicas;Medir repeticiones con técnica válida y sin dolor.;Evaluar resistencia de empuje.;bajo;mensual;evaluación;media;Adaptar carga, volumen, frecuencia, rango, descansos y tareas al nivel, historial, molestias, material, preferencias y disponibilidad. No sustituye valoración médica/fisioterapéutica si hay dolor, lesión o señales de alarma.
Resistencia muscular;Aumentar repeticiones de sentadillas;Objetivo de mejorar resistencia de piernas con peso corporal.;general;entrenamiento;bajo;"FIT2_SRC002;FIT2_SRC010";Circuitos de cuerpo completo;Combinar ejercicios con descansos cortos para resistencia muscular.;bajo;resistencia;Test sentadilla 60 segundos;Contar repeticiones controladas en 60 segundos.;Evaluar resistencia de piernas.;bajo;mensual;evaluación;media;Adaptar carga, volumen, frecuencia, rango, descansos y tareas al nivel, historial, molestias, material, preferencias y disponibilidad. No sustituye valoración médica/fisioterapéutica si hay dolor, lesión o señales de alarma.
Resistencia muscular;Aumentar repeticiones de sentadillas;Objetivo de mejorar resistencia de piernas con peso corporal.;general;entrenamiento;bajo;"FIT2_SRC002;FIT2_SRC010";EMOM/AMRAP controlado;Trabajo por tiempo manteniendo técnica y margen de seguridad.;medio;resistencia;EMOM 10-15 min;Realizar repeticiones al inicio de cada minuto manteniendo técnica.;Mejorar densidad sin caos.;medio;semanal;resistencia;media;Adaptar carga, volumen, frecuencia, rango, descansos y tareas al nivel, historial, molestias, material, preferencias y disponibilidad. No sustituye valoración médica/fisioterapéutica si hay dolor, lesión o señales de alarma.
Resistencia muscular;Aumentar repeticiones de sentadillas;Objetivo de mejorar resistencia de piernas con peso corporal.;general;entrenamiento;bajo;"FIT2_SRC002;FIT2_SRC010";EMOM/AMRAP controlado;Trabajo por tiempo manteniendo técnica y margen de seguridad.;medio;resistencia;AMRAP técnico;Hacer rondas controladas durante tiempo fijo sin sacrificar técnica.;Mejorar tolerancia al esfuerzo.;medio;semanal;resistencia;media;Adaptar carga, volumen, frecuencia, rango, descansos y tareas al nivel, historial, molestias, material, preferencias y disponibilidad. No sustituye valoración médica/fisioterapéutica si hay dolor, lesión o señales de alarma.
Resistencia muscular;Aumentar repeticiones de sentadillas;Objetivo de mejorar resistencia de piernas con peso corporal.;general;entrenamiento;bajo;"FIT2_SRC002;FIT2_SRC010";Densidad de entrenamiento;Aumentar trabajo por unidad de tiempo gradualmente.;medio;resistencia;Reducir descansos gradualmente;Mantener carga/reps y bajar descanso de forma progresiva.;Aumentar densidad.;medio;2-4 semanas;resistencia;media;Adaptar carga, volumen, frecuencia, rango, descansos y tareas al nivel, historial, molestias, material, preferencias y disponibilidad. No sustituye valoración médica/fisioterapéutica si hay dolor, lesión o señales de alarma.
Resistencia muscular;Aumentar repeticiones de sentadillas;Objetivo de mejorar resistencia de piernas con peso corporal.;general;entrenamiento;bajo;"FIT2_SRC002;FIT2_SRC010";Calentamiento RAMP;Elevar temperatura, activar, movilizar y potenciar antes de entrenar.;bajo;preparación;Calentamiento RAMP;Realizar 5-10 min de elevar, activar, movilizar y preparar patrón.;Preparar sesión.;bajo;cada sesión;preparación;media;Adaptar carga, volumen, frecuencia, rango, descansos y tareas al nivel, historial, molestias, material, preferencias y disponibilidad. No sustituye valoración médica/fisioterapéutica si hay dolor, lesión o señales de alarma.
Resistencia muscular;Aumentar repeticiones de sentadillas;Objetivo de mejorar resistencia de piernas con peso corporal.;general;entrenamiento;bajo;"FIT2_SRC002;FIT2_SRC010";Calentamiento RAMP;Elevar temperatura, activar, movilizar y potenciar antes de entrenar.;bajo;preparación;Plan de calentamiento específico;Elegir movilidad y series de aproximación según ejercicio principal.;Preparar básicos.;bajo;cada sesión;preparación;media;Adaptar carga, volumen, frecuencia, rango, descansos y tareas al nivel, historial, molestias, material, preferencias y disponibilidad. No sustituye valoración médica/fisioterapéutica si hay dolor, lesión o señales de alarma.
Resistencia muscular;Aumentar repeticiones de sentadillas;Objetivo de mejorar resistencia de piernas con peso corporal.;general;entrenamiento;bajo;"FIT2_SRC002;FIT2_SRC010";Cardio zona 2;Trabajo aeróbico moderado y sostenible.;bajo;cardio;Cardio zona 2;Realizar cardio conversacional 20-40 minutos.;Mejorar base aeróbica.;bajo;2-4 días/semana;cardio;media;Adaptar carga, volumen, frecuencia, rango, descansos y tareas al nivel, historial, molestias, material, preferencias y disponibilidad. No sustituye valoración médica/fisioterapéutica si hay dolor, lesión o señales de alarma.
Resistencia muscular;Aumentar repeticiones de sentadillas;Objetivo de mejorar resistencia de piernas con peso corporal.;general;entrenamiento;bajo;"FIT2_SRC002;FIT2_SRC010";Intervalos moderados;Alternar esfuerzos y recuperación sin exceder tolerancia.;medio;cardio;Intervalos moderados;Alternar 1-3 min de esfuerzo y recuperación controlada.;Mejorar capacidad cardiovascular.;medio;1-2 días/semana;cardio;media;Adaptar carga, volumen, frecuencia, rango, descansos y tareas al nivel, historial, molestias, material, preferencias y disponibilidad. No sustituye valoración médica/fisioterapéutica si hay dolor, lesión o señales de alarma.
Resistencia muscular;Aumentar repeticiones de sentadillas;Objetivo de mejorar resistencia de piernas con peso corporal.;general;entrenamiento;bajo;"FIT2_SRC002;FIT2_SRC010";Seguimiento de cargas;Registrar ejercicios, series, repeticiones, peso y notas.;bajo;seguimiento;Registro de entrenamiento;Anotar ejercicio, series, repeticiones, peso, RIR/RPE y notas.;Medir progreso real.;bajo;cada sesión;seguimiento;alta;Adaptar carga, volumen, frecuencia, rango, descansos y tareas al nivel, historial, molestias, material, preferencias y disponibilidad. No sustituye valoración médica/fisioterapéutica si hay dolor, lesión o señales de alarma.
Resistencia muscular;Aumentar repeticiones de sentadillas;Objetivo de mejorar resistencia de piernas con peso corporal.;general;entrenamiento;bajo;"FIT2_SRC002;FIT2_SRC010";Autoregulación de entrenamiento;Ajustar carga y volumen según energía, sueño, dolor y rendimiento.;medio;programación;Plan post-estancamiento;Revisar sueño, nutrición, volumen, intensidad y técnica antes de cambiar todo.;Resolver estancamiento.;medio;cuando proceda;programación;media;Adaptar carga, volumen, frecuencia, rango, descansos y tareas al nivel, historial, molestias, material, preferencias y disponibilidad. No sustituye valoración médica/fisioterapéutica si hay dolor, lesión o señales de alarma.
Resistencia muscular;Aumentar repeticiones de sentadillas;Objetivo de mejorar resistencia de piernas con peso corporal.;general;entrenamiento;bajo;"FIT2_SRC002;FIT2_SRC010";Autoregulación de entrenamiento;Ajustar carga y volumen según energía, sueño, dolor y rendimiento.;medio;programación;Reducción de carga por fatiga;Aplicar autoregulación si sueño/energía/rendimiento están bajos.;Evitar exceso.;medio;cada sesión;programación;media;Adaptar carga, volumen, frecuencia, rango, descansos y tareas al nivel, historial, molestias, material, preferencias y disponibilidad. No sustituye valoración médica/fisioterapéutica si hay dolor, lesión o señales de alarma.
Resistencia muscular;Mejorar tolerancia a circuitos;Capacidad de sostener trabajo combinado con descansos breves.;general;entrenamiento;medio;"FIT2_SRC002;FIT2_SRC010";Circuitos de cuerpo completo;Combinar ejercicios con descansos cortos para resistencia muscular.;bajo;resistencia;Circuito full body 20 min;Completar circuito con 5-6 ejercicios y descansos breves.;Mejorar resistencia muscular.;bajo;1-3 días/semana;resistencia;media;Adaptar carga, volumen, frecuencia, rango, descansos y tareas al nivel, historial, molestias, material, preferencias y disponibilidad. No sustituye valoración médica/fisioterapéutica si hay dolor, lesión o señales de alarma.
Resistencia muscular;Mejorar tolerancia a circuitos;Capacidad de sostener trabajo combinado con descansos breves.;general;entrenamiento;medio;"FIT2_SRC002;FIT2_SRC010";Circuitos de cuerpo completo;Combinar ejercicios con descansos cortos para resistencia muscular.;bajo;resistencia;Test flexiones máximas técnicas;Medir repeticiones con técnica válida y sin dolor.;Evaluar resistencia de empuje.;bajo;mensual;evaluación;media;Adaptar carga, volumen, frecuencia, rango, descansos y tareas al nivel, historial, molestias, material, preferencias y disponibilidad. No sustituye valoración médica/fisioterapéutica si hay dolor, lesión o señales de alarma.
Resistencia muscular;Mejorar tolerancia a circuitos;Capacidad de sostener trabajo combinado con descansos breves.;general;entrenamiento;medio;"FIT2_SRC002;FIT2_SRC010";Circuitos de cuerpo completo;Combinar ejercicios con descansos cortos para resistencia muscular.;bajo;resistencia;Test sentadilla 60 segundos;Contar repeticiones controladas en 60 segundos.;Evaluar resistencia de piernas.;bajo;mensual;evaluación;media;Adaptar carga, volumen, frecuencia, rango, descansos y tareas al nivel, historial, molestias, material, preferencias y disponibilidad. No sustituye valoración médica/fisioterapéutica si hay dolor, lesión o señales de alarma.
Resistencia muscular;Mejorar tolerancia a circuitos;Capacidad de sostener trabajo combinado con descansos breves.;general;entrenamiento;medio;"FIT2_SRC002;FIT2_SRC010";EMOM/AMRAP controlado;Trabajo por tiempo manteniendo técnica y margen de seguridad.;medio;resistencia;EMOM 10-15 min;Realizar repeticiones al inicio de cada minuto manteniendo técnica.;Mejorar densidad sin caos.;medio;semanal;resistencia;media;Adaptar carga, volumen, frecuencia, rango, descansos y tareas al nivel, historial, molestias, material, preferencias y disponibilidad. No sustituye valoración médica/fisioterapéutica si hay dolor, lesión o señales de alarma.
Resistencia muscular;Mejorar tolerancia a circuitos;Capacidad de sostener trabajo combinado con descansos breves.;general;entrenamiento;medio;"FIT2_SRC002;FIT2_SRC010";EMOM/AMRAP controlado;Trabajo por tiempo manteniendo técnica y margen de seguridad.;medio;resistencia;AMRAP técnico;Hacer rondas controladas durante tiempo fijo sin sacrificar técnica.;Mejorar tolerancia al esfuerzo.;medio;semanal;resistencia;media;Adaptar carga, volumen, frecuencia, rango, descansos y tareas al nivel, historial, molestias, material, preferencias y disponibilidad. No sustituye valoración médica/fisioterapéutica si hay dolor, lesión o señales de alarma.
Resistencia muscular;Mejorar tolerancia a circuitos;Capacidad de sostener trabajo combinado con descansos breves.;general;entrenamiento;medio;"FIT2_SRC002;FIT2_SRC010";Densidad de entrenamiento;Aumentar trabajo por unidad de tiempo gradualmente.;medio;resistencia;Reducir descansos gradualmente;Mantener carga/reps y bajar descanso de forma progresiva.;Aumentar densidad.;medio;2-4 semanas;resistencia;media;Adaptar carga, volumen, frecuencia, rango, descansos y tareas al nivel, historial, molestias, material, preferencias y disponibilidad. No sustituye valoración médica/fisioterapéutica si hay dolor, lesión o señales de alarma.
Resistencia muscular;Mejorar tolerancia a circuitos;Capacidad de sostener trabajo combinado con descansos breves.;general;entrenamiento;medio;"FIT2_SRC002;FIT2_SRC010";Calentamiento RAMP;Elevar temperatura, activar, movilizar y potenciar antes de entrenar.;bajo;preparación;Calentamiento RAMP;Realizar 5-10 min de elevar, activar, movilizar y preparar patrón.;Preparar sesión.;bajo;cada sesión;preparación;media;Adaptar carga, volumen, frecuencia, rango, descansos y tareas al nivel, historial, molestias, material, preferencias y disponibilidad. No sustituye valoración médica/fisioterapéutica si hay dolor, lesión o señales de alarma.
Resistencia muscular;Mejorar tolerancia a circuitos;Capacidad de sostener trabajo combinado con descansos breves.;general;entrenamiento;medio;"FIT2_SRC002;FIT2_SRC010";Calentamiento RAMP;Elevar temperatura, activar, movilizar y potenciar antes de entrenar.;bajo;preparación;Plan de calentamiento específico;Elegir movilidad y series de aproximación según ejercicio principal.;Preparar básicos.;bajo;cada sesión;preparación;media;Adaptar carga, volumen, frecuencia, rango, descansos y tareas al nivel, historial, molestias, material, preferencias y disponibilidad. No sustituye valoración médica/fisioterapéutica si hay dolor, lesión o señales de alarma.
Resistencia muscular;Mejorar tolerancia a circuitos;Capacidad de sostener trabajo combinado con descansos breves.;general;entrenamiento;medio;"FIT2_SRC002;FIT2_SRC010";Cardio zona 2;Trabajo aeróbico moderado y sostenible.;bajo;cardio;Cardio zona 2;Realizar cardio conversacional 20-40 minutos.;Mejorar base aeróbica.;bajo;2-4 días/semana;cardio;media;Adaptar carga, volumen, frecuencia, rango, descansos y tareas al nivel, historial, molestias, material, preferencias y disponibilidad. No sustituye valoración médica/fisioterapéutica si hay dolor, lesión o señales de alarma.
Resistencia muscular;Mejorar tolerancia a circuitos;Capacidad de sostener trabajo combinado con descansos breves.;general;entrenamiento;medio;"FIT2_SRC002;FIT2_SRC010";Intervalos moderados;Alternar esfuerzos y recuperación sin exceder tolerancia.;medio;cardio;Intervalos moderados;Alternar 1-3 min de esfuerzo y recuperación controlada.;Mejorar capacidad cardiovascular.;medio;1-2 días/semana;cardio;media;Adaptar carga, volumen, frecuencia, rango, descansos y tareas al nivel, historial, molestias, material, preferencias y disponibilidad. No sustituye valoración médica/fisioterapéutica si hay dolor, lesión o señales de alarma.
Resistencia muscular;Mejorar tolerancia a circuitos;Capacidad de sostener trabajo combinado con descansos breves.;general;entrenamiento;medio;"FIT2_SRC002;FIT2_SRC010";Seguimiento de cargas;Registrar ejercicios, series, repeticiones, peso y notas.;bajo;seguimiento;Registro de entrenamiento;Anotar ejercicio, series, repeticiones, peso, RIR/RPE y notas.;Medir progreso real.;bajo;cada sesión;seguimiento;alta;Adaptar carga, volumen, frecuencia, rango, descansos y tareas al nivel, historial, molestias, material, preferencias y disponibilidad. No sustituye valoración médica/fisioterapéutica si hay dolor, lesión o señales de alarma.
Resistencia muscular;Mejorar tolerancia a circuitos;Capacidad de sostener trabajo combinado con descansos breves.;general;entrenamiento;medio;"FIT2_SRC002;FIT2_SRC010";Autoregulación de entrenamiento;Ajustar carga y volumen según energía, sueño, dolor y rendimiento.;medio;programación;Plan post-estancamiento;Revisar sueño, nutrición, volumen, intensidad y técnica antes de cambiar todo.;Resolver estancamiento.;medio;cuando proceda;programación;media;Adaptar carga, volumen, frecuencia, rango, descansos y tareas al nivel, historial, molestias, material, preferencias y disponibilidad. No sustituye valoración médica/fisioterapéutica si hay dolor, lesión o señales de alarma.
Resistencia muscular;Mejorar tolerancia a circuitos;Capacidad de sostener trabajo combinado con descansos breves.;general;entrenamiento;medio;"FIT2_SRC002;FIT2_SRC010";Autoregulación de entrenamiento;Ajustar carga y volumen según energía, sueño, dolor y rendimiento.;medio;programación;Reducción de carga por fatiga;Aplicar autoregulación si sueño/energía/rendimiento están bajos.;Evitar exceso.;medio;cada sesión;programación;media;Adaptar carga, volumen, frecuencia, rango, descansos y tareas al nivel, historial, molestias, material, preferencias y disponibilidad. No sustituye valoración médica/fisioterapéutica si hay dolor, lesión o señales de alarma.
Resistencia muscular;Fatiga local rápida;Quemazón o fatiga muscular excesiva ante esfuerzos moderados.;principiante;entrenamiento;bajo;"FIT2_SRC002;FIT2_SRC008";Circuitos de cuerpo completo;Combinar ejercicios con descansos cortos para resistencia muscular.;bajo;resistencia;Circuito full body 20 min;Completar circuito con 5-6 ejercicios y descansos breves.;Mejorar resistencia muscular.;bajo;1-3 días/semana;resistencia;media;Adaptar carga, volumen, frecuencia, rango, descansos y tareas al nivel, historial, molestias, material, preferencias y disponibilidad. No sustituye valoración médica/fisioterapéutica si hay dolor, lesión o señales de alarma.
Resistencia muscular;Fatiga local rápida;Quemazón o fatiga muscular excesiva ante esfuerzos moderados.;principiante;entrenamiento;bajo;"FIT2_SRC002;FIT2_SRC008";Circuitos de cuerpo completo;Combinar ejercicios con descansos cortos para resistencia muscular.;bajo;resistencia;Test flexiones máximas técnicas;Medir repeticiones con técnica válida y sin dolor.;Evaluar resistencia de empuje.;bajo;mensual;evaluación;media;Adaptar carga, volumen, frecuencia, rango, descansos y tareas al nivel, historial, molestias, material, preferencias y disponibilidad. No sustituye valoración médica/fisioterapéutica si hay dolor, lesión o señales de alarma.
Resistencia muscular;Fatiga local rápida;Quemazón o fatiga muscular excesiva ante esfuerzos moderados.;principiante;entrenamiento;bajo;"FIT2_SRC002;FIT2_SRC008";Circuitos de cuerpo completo;Combinar ejercicios con descansos cortos para resistencia muscular.;bajo;resistencia;Test sentadilla 60 segundos;Contar repeticiones controladas en 60 segundos.;Evaluar resistencia de piernas.;bajo;mensual;evaluación;media;Adaptar carga, volumen, frecuencia, rango, descansos y tareas al nivel, historial, molestias, material, preferencias y disponibilidad. No sustituye valoración médica/fisioterapéutica si hay dolor, lesión o señales de alarma.
Resistencia muscular;Fatiga local rápida;Quemazón o fatiga muscular excesiva ante esfuerzos moderados.;principiante;entrenamiento;bajo;"FIT2_SRC002;FIT2_SRC008";EMOM/AMRAP controlado;Trabajo por tiempo manteniendo técnica y margen de seguridad.;medio;resistencia;EMOM 10-15 min;Realizar repeticiones al inicio de cada minuto manteniendo técnica.;Mejorar densidad sin caos.;medio;semanal;resistencia;media;Adaptar carga, volumen, frecuencia, rango, descansos y tareas al nivel, historial, molestias, material, preferencias y disponibilidad. No sustituye valoración médica/fisioterapéutica si hay dolor, lesión o señales de alarma.
Resistencia muscular;Fatiga local rápida;Quemazón o fatiga muscular excesiva ante esfuerzos moderados.;principiante;entrenamiento;bajo;"FIT2_SRC002;FIT2_SRC008";EMOM/AMRAP controlado;Trabajo por tiempo manteniendo técnica y margen de seguridad.;medio;resistencia;AMRAP técnico;Hacer rondas controladas durante tiempo fijo sin sacrificar técnica.;Mejorar tolerancia al esfuerzo.;medio;semanal;resistencia;media;Adaptar carga, volumen, frecuencia, rango, descansos y tareas al nivel, historial, molestias, material, preferencias y disponibilidad. No sustituye valoración médica/fisioterapéutica si hay dolor, lesión o señales de alarma.
Resistencia muscular;Fatiga local rápida;Quemazón o fatiga muscular excesiva ante esfuerzos moderados.;principiante;entrenamiento;bajo;"FIT2_SRC002;FIT2_SRC008";Densidad de entrenamiento;Aumentar trabajo por unidad de tiempo gradualmente.;medio;resistencia;Reducir descansos gradualmente;Mantener carga/reps y bajar descanso de forma progresiva.;Aumentar densidad.;medio;2-4 semanas;resistencia;media;Adaptar carga, volumen, frecuencia, rango, descansos y tareas al nivel, historial, molestias, material, preferencias y disponibilidad. No sustituye valoración médica/fisioterapéutica si hay dolor, lesión o señales de alarma.
Resistencia muscular;Fatiga local rápida;Quemazón o fatiga muscular excesiva ante esfuerzos moderados.;principiante;entrenamiento;bajo;"FIT2_SRC002;FIT2_SRC008";Calentamiento RAMP;Elevar temperatura, activar, movilizar y potenciar antes de entrenar.;bajo;preparación;Calentamiento RAMP;Realizar 5-10 min de elevar, activar, movilizar y preparar patrón.;Preparar sesión.;bajo;cada sesión;preparación;media;Adaptar carga, volumen, frecuencia, rango, descansos y tareas al nivel, historial, molestias, material, preferencias y disponibilidad. No sustituye valoración médica/fisioterapéutica si hay dolor, lesión o señales de alarma.
Resistencia muscular;Fatiga local rápida;Quemazón o fatiga muscular excesiva ante esfuerzos moderados.;principiante;entrenamiento;bajo;"FIT2_SRC002;FIT2_SRC008";Calentamiento RAMP;Elevar temperatura, activar, movilizar y potenciar antes de entrenar.;bajo;preparación;Plan de calentamiento específico;Elegir movilidad y series de aproximación según ejercicio principal.;Preparar básicos.;bajo;cada sesión;preparación;media;Adaptar carga, volumen, frecuencia, rango, descansos y tareas al nivel, historial, molestias, material, preferencias y disponibilidad. No sustituye valoración médica/fisioterapéutica si hay dolor, lesión o señales de alarma.
Resistencia muscular;Fatiga local rápida;Quemazón o fatiga muscular excesiva ante esfuerzos moderados.;principiante;entrenamiento;bajo;"FIT2_SRC002;FIT2_SRC008";Cardio zona 2;Trabajo aeróbico moderado y sostenible.;bajo;cardio;Cardio zona 2;Realizar cardio conversacional 20-40 minutos.;Mejorar base aeróbica.;bajo;2-4 días/semana;cardio;media;Adaptar carga, volumen, frecuencia, rango, descansos y tareas al nivel, historial, molestias, material, preferencias y disponibilidad. No sustituye valoración médica/fisioterapéutica si hay dolor, lesión o señales de alarma.
Resistencia muscular;Fatiga local rápida;Quemazón o fatiga muscular excesiva ante esfuerzos moderados.;principiante;entrenamiento;bajo;"FIT2_SRC002;FIT2_SRC008";Intervalos moderados;Alternar esfuerzos y recuperación sin exceder tolerancia.;medio;cardio;Intervalos moderados;Alternar 1-3 min de esfuerzo y recuperación controlada.;Mejorar capacidad cardiovascular.;medio;1-2 días/semana;cardio;media;Adaptar carga, volumen, frecuencia, rango, descansos y tareas al nivel, historial, molestias, material, preferencias y disponibilidad. No sustituye valoración médica/fisioterapéutica si hay dolor, lesión o señales de alarma.
Resistencia muscular;Fatiga local rápida;Quemazón o fatiga muscular excesiva ante esfuerzos moderados.;principiante;entrenamiento;bajo;"FIT2_SRC002;FIT2_SRC008";Seguimiento de cargas;Registrar ejercicios, series, repeticiones, peso y notas.;bajo;seguimiento;Registro de entrenamiento;Anotar ejercicio, series, repeticiones, peso, RIR/RPE y notas.;Medir progreso real.;bajo;cada sesión;seguimiento;alta;Adaptar carga, volumen, frecuencia, rango, descansos y tareas al nivel, historial, molestias, material, preferencias y disponibilidad. No sustituye valoración médica/fisioterapéutica si hay dolor, lesión o señales de alarma.
Resistencia muscular;Fatiga local rápida;Quemazón o fatiga muscular excesiva ante esfuerzos moderados.;principiante;entrenamiento;bajo;"FIT2_SRC002;FIT2_SRC008";Autoregulación de entrenamiento;Ajustar carga y volumen según energía, sueño, dolor y rendimiento.;medio;programación;Plan post-estancamiento;Revisar sueño, nutrición, volumen, intensidad y técnica antes de cambiar todo.;Resolver estancamiento.;medio;cuando proceda;programación;media;Adaptar carga, volumen, frecuencia, rango, descansos y tareas al nivel, historial, molestias, material, preferencias y disponibilidad. No sustituye valoración médica/fisioterapéutica si hay dolor, lesión o señales de alarma.
Resistencia muscular;Fatiga local rápida;Quemazón o fatiga muscular excesiva ante esfuerzos moderados.;principiante;entrenamiento;bajo;"FIT2_SRC002;FIT2_SRC008";Autoregulación de entrenamiento;Ajustar carga y volumen según energía, sueño, dolor y rendimiento.;medio;programación;Reducción de carga por fatiga;Aplicar autoregulación si sueño/energía/rendimiento están bajos.;Evitar exceso.;medio;cada sesión;programación;media;Adaptar carga, volumen, frecuencia, rango, descansos y tareas al nivel, historial, molestias, material, preferencias y disponibilidad. No sustituye valoración médica/fisioterapéutica si hay dolor, lesión o señales de alarma.
Movilidad y flexibilidad;Mejorar movilidad general;Objetivo de moverse con más rango, control y comodidad.;general;movilidad;bajo;"FIT2_SRC002;FIT2_SRC009";Calentamiento RAMP;Elevar temperatura, activar, movilizar y potenciar antes de entrenar.;bajo;preparación;Calentamiento RAMP;Realizar 5-10 min de elevar, activar, movilizar y preparar patrón.;Preparar sesión.;bajo;cada sesión;preparación;media;Adaptar carga, volumen, frecuencia, rango, descansos y tareas al nivel, historial, molestias, material, preferencias y disponibilidad. No sustituye valoración médica/fisioterapéutica si hay dolor, lesión o señales de alarma.
Movilidad y flexibilidad;Mejorar movilidad general;Objetivo de moverse con más rango, control y comodidad.;general;movilidad;bajo;"FIT2_SRC002;FIT2_SRC009";Calentamiento RAMP;Elevar temperatura, activar, movilizar y potenciar antes de entrenar.;bajo;preparación;Plan de calentamiento específico;Elegir movilidad y series de aproximación según ejercicio principal.;Preparar básicos.;bajo;cada sesión;preparación;media;Adaptar carga, volumen, frecuencia, rango, descansos y tareas al nivel, historial, molestias, material, preferencias y disponibilidad. No sustituye valoración médica/fisioterapéutica si hay dolor, lesión o señales de alarma.
Movilidad y flexibilidad;Mejorar movilidad general;Objetivo de moverse con más rango, control y comodidad.;general;movilidad;bajo;"FIT2_SRC002;FIT2_SRC009";Movilidad dinámica;Movimientos activos para preparar articulaciones y rango útil.;bajo;movilidad;Movilidad dinámica pre-entreno;Incluir 3-5 movimientos activos según sesión.;Preparar articulaciones.;bajo;cada sesión;movilidad;media;Adaptar carga, volumen, frecuencia, rango, descansos y tareas al nivel, historial, molestias, material, preferencias y disponibilidad. No sustituye valoración médica/fisioterapéutica si hay dolor, lesión o señales de alarma.
Movilidad y flexibilidad;Mejorar movilidad general;Objetivo de moverse con más rango, control y comodidad.;general;movilidad;bajo;"FIT2_SRC002;FIT2_SRC009";Movilidad activa específica;Trabajar rango activo de cadera, hombro, tobillo o columna.;bajo;movilidad;Rutina movilidad cadera;Ejercicios activos de flexión, rotación y extensión de cadera.;Mejorar rango de cadera.;bajo;3-5 días/semana;movilidad;media;Adaptar carga, volumen, frecuencia, rango, descansos y tareas al nivel, historial, molestias, material, preferencias y disponibilidad. No sustituye valoración médica/fisioterapéutica si hay dolor, lesión o señales de alarma.
Movilidad y flexibilidad;Mejorar movilidad general;Objetivo de moverse con más rango, control y comodidad.;general;movilidad;bajo;"FIT2_SRC002;FIT2_SRC009";Movilidad activa específica;Trabajar rango activo de cadera, hombro, tobillo o columna.;bajo;movilidad;Rutina movilidad hombro;Trabajo activo de elevación, rotación y control escapular.;Mejorar movilidad de hombro.;bajo;3-5 días/semana;movilidad;media;Adaptar carga, volumen, frecuencia, rango, descansos y tareas al nivel, historial, molestias, material, preferencias y disponibilidad. No sustituye valoración médica/fisioterapéutica si hay dolor, lesión o señales de alarma.
Movilidad y flexibilidad;Mejorar movilidad general;Objetivo de moverse con más rango, control y comodidad.;general;movilidad;bajo;"FIT2_SRC002;FIT2_SRC009";Movilidad activa específica;Trabajar rango activo de cadera, hombro, tobillo o columna.;bajo;movilidad;Rutina movilidad tobillo;Dorsiflexión rodilla-pared y control de tobillo.;Mejorar sentadilla/zancada.;bajo;3-5 días/semana;movilidad;media;Adaptar carga, volumen, frecuencia, rango, descansos y tareas al nivel, historial, molestias, material, preferencias y disponibilidad. No sustituye valoración médica/fisioterapéutica si hay dolor, lesión o señales de alarma.
Movilidad y flexibilidad;Mejorar movilidad general;Objetivo de moverse con más rango, control y comodidad.;general;movilidad;bajo;"FIT2_SRC002;FIT2_SRC009";Movilidad activa específica;Trabajar rango activo de cadera, hombro, tobillo o columna.;bajo;movilidad;Test rodilla-pared;Medir dorsiflexión de tobillo de forma consistente.;Evaluar movilidad de tobillo.;bajo;mensual;evaluación;media;Adaptar carga, volumen, frecuencia, rango, descansos y tareas al nivel, historial, molestias, material, preferencias y disponibilidad. No sustituye valoración médica/fisioterapéutica si hay dolor, lesión o señales de alarma.
Movilidad y flexibilidad;Mejorar movilidad general;Objetivo de moverse con más rango, control y comodidad.;general;movilidad;bajo;"FIT2_SRC002;FIT2_SRC009";Estiramiento estático dosificado;Aplicar estiramientos específicos sin dolor ni rebote agresivo.;bajo;movilidad;Estiramiento específico dosificado;Estirar zona limitada sin dolor y registrar sensación.;Mejorar flexibilidad básica.;bajo;3-5 días/semana;movilidad;media;Adaptar carga, volumen, frecuencia, rango, descansos y tareas al nivel, historial, molestias, material, preferencias y disponibilidad. No sustituye valoración médica/fisioterapéutica si hay dolor, lesión o señales de alarma.
Movilidad y flexibilidad;Mejorar movilidad general;Objetivo de moverse con más rango, control y comodidad.;general;movilidad;bajo;"FIT2_SRC002;FIT2_SRC009";Control motor;Practicar movimiento lento, controlado y con feedback.;medio;técnica;Control motor lento;Realizar repeticiones lentas con pausa en punto difícil.;Mejorar control del patrón.;medio;2-3 días/semana;técnica;media;Adaptar carga, volumen, frecuencia, rango, descansos y tareas al nivel, historial, molestias, material, preferencias y disponibilidad. No sustituye valoración médica/fisioterapéutica si hay dolor, lesión o señales de alarma.
Movilidad y flexibilidad;Mejorar movilidad general;Objetivo de moverse con más rango, control y comodidad.;general;movilidad;bajo;"FIT2_SRC002;FIT2_SRC009";Control motor;Practicar movimiento lento, controlado y con feedback.;medio;técnica;Test sentadilla profunda controlada;Observar rango, control y compensaciones sin dolor.;Evaluar movilidad global.;bajo;mensual;evaluación;media;Adaptar carga, volumen, frecuencia, rango, descansos y tareas al nivel, historial, molestias, material, preferencias y disponibilidad. No sustituye valoración médica/fisioterapéutica si hay dolor, lesión o señales de alarma.
Movilidad y flexibilidad;Mejorar movilidad general;Objetivo de moverse con más rango, control y comodidad.;general;movilidad;bajo;"FIT2_SRC002;FIT2_SRC009";Feedback técnico con vídeo;Usar grabaciones para revisar patrón y progresar con seguridad.;medio;técnica;Grabación técnica breve;Grabar una serie lateral/frontal y revisar puntos clave.;Mejorar técnica.;medio;semanal;técnica;media;Adaptar carga, volumen, frecuencia, rango, descansos y tareas al nivel, historial, molestias, material, preferencias y disponibilidad. No sustituye valoración médica/fisioterapéutica si hay dolor, lesión o señales de alarma.
Movilidad y flexibilidad;Mejorar movilidad general;Objetivo de moverse con más rango, control y comodidad.;general;movilidad;bajo;"FIT2_SRC002;FIT2_SRC009";Selección de ejercicios por Body Muscles;Elegir ejercicios según región muscular y objetivo visual/anatómico.;bajo;programación;Selección por grupo muscular;Elegir 2-4 ejercicios por región Body Muscles objetivo.;Conectar objetivo visual/anatómico.;bajo;según rutina;programación;media;Adaptar carga, volumen, frecuencia, rango, descansos y tareas al nivel, historial, molestias, material, preferencias y disponibilidad. No sustituye valoración médica/fisioterapéutica si hay dolor, lesión o señales de alarma.
Movilidad y flexibilidad;Movilidad de cadera limitada;Dificultad de flexión, extensión o rotación de cadera en ejercicios.;general;movilidad;bajo;"FIT2_SRC009;FIT2_SRC012";Calentamiento RAMP;Elevar temperatura, activar, movilizar y potenciar antes de entrenar.;bajo;preparación;Calentamiento RAMP;Realizar 5-10 min de elevar, activar, movilizar y preparar patrón.;Preparar sesión.;bajo;cada sesión;preparación;media;Adaptar carga, volumen, frecuencia, rango, descansos y tareas al nivel, historial, molestias, material, preferencias y disponibilidad. No sustituye valoración médica/fisioterapéutica si hay dolor, lesión o señales de alarma.
Movilidad y flexibilidad;Movilidad de cadera limitada;Dificultad de flexión, extensión o rotación de cadera en ejercicios.;general;movilidad;bajo;"FIT2_SRC009;FIT2_SRC012";Calentamiento RAMP;Elevar temperatura, activar, movilizar y potenciar antes de entrenar.;bajo;preparación;Plan de calentamiento específico;Elegir movilidad y series de aproximación según ejercicio principal.;Preparar básicos.;bajo;cada sesión;preparación;media;Adaptar carga, volumen, frecuencia, rango, descansos y tareas al nivel, historial, molestias, material, preferencias y disponibilidad. No sustituye valoración médica/fisioterapéutica si hay dolor, lesión o señales de alarma.
Movilidad y flexibilidad;Movilidad de cadera limitada;Dificultad de flexión, extensión o rotación de cadera en ejercicios.;general;movilidad;bajo;"FIT2_SRC009;FIT2_SRC012";Movilidad dinámica;Movimientos activos para preparar articulaciones y rango útil.;bajo;movilidad;Movilidad dinámica pre-entreno;Incluir 3-5 movimientos activos según sesión.;Preparar articulaciones.;bajo;cada sesión;movilidad;media;Adaptar carga, volumen, frecuencia, rango, descansos y tareas al nivel, historial, molestias, material, preferencias y disponibilidad. No sustituye valoración médica/fisioterapéutica si hay dolor, lesión o señales de alarma.
Movilidad y flexibilidad;Movilidad de cadera limitada;Dificultad de flexión, extensión o rotación de cadera en ejercicios.;general;movilidad;bajo;"FIT2_SRC009;FIT2_SRC012";Movilidad activa específica;Trabajar rango activo de cadera, hombro, tobillo o columna.;bajo;movilidad;Rutina movilidad cadera;Ejercicios activos de flexión, rotación y extensión de cadera.;Mejorar rango de cadera.;bajo;3-5 días/semana;movilidad;media;Adaptar carga, volumen, frecuencia, rango, descansos y tareas al nivel, historial, molestias, material, preferencias y disponibilidad. No sustituye valoración médica/fisioterapéutica si hay dolor, lesión o señales de alarma.
Movilidad y flexibilidad;Movilidad de cadera limitada;Dificultad de flexión, extensión o rotación de cadera en ejercicios.;general;movilidad;bajo;"FIT2_SRC009;FIT2_SRC012";Movilidad activa específica;Trabajar rango activo de cadera, hombro, tobillo o columna.;bajo;movilidad;Rutina movilidad hombro;Trabajo activo de elevación, rotación y control escapular.;Mejorar movilidad de hombro.;bajo;3-5 días/semana;movilidad;media;Adaptar carga, volumen, frecuencia, rango, descansos y tareas al nivel, historial, molestias, material, preferencias y disponibilidad. No sustituye valoración médica/fisioterapéutica si hay dolor, lesión o señales de alarma.
Movilidad y flexibilidad;Movilidad de cadera limitada;Dificultad de flexión, extensión o rotación de cadera en ejercicios.;general;movilidad;bajo;"FIT2_SRC009;FIT2_SRC012";Movilidad activa específica;Trabajar rango activo de cadera, hombro, tobillo o columna.;bajo;movilidad;Rutina movilidad tobillo;Dorsiflexión rodilla-pared y control de tobillo.;Mejorar sentadilla/zancada.;bajo;3-5 días/semana;movilidad;media;Adaptar carga, volumen, frecuencia, rango, descansos y tareas al nivel, historial, molestias, material, preferencias y disponibilidad. No sustituye valoración médica/fisioterapéutica si hay dolor, lesión o señales de alarma.
Movilidad y flexibilidad;Movilidad de cadera limitada;Dificultad de flexión, extensión o rotación de cadera en ejercicios.;general;movilidad;bajo;"FIT2_SRC009;FIT2_SRC012";Movilidad activa específica;Trabajar rango activo de cadera, hombro, tobillo o columna.;bajo;movilidad;Test rodilla-pared;Medir dorsiflexión de tobillo de forma consistente.;Evaluar movilidad de tobillo.;bajo;mensual;evaluación;media;Adaptar carga, volumen, frecuencia, rango, descansos y tareas al nivel, historial, molestias, material, preferencias y disponibilidad. No sustituye valoración médica/fisioterapéutica si hay dolor, lesión o señales de alarma.
Movilidad y flexibilidad;Movilidad de cadera limitada;Dificultad de flexión, extensión o rotación de cadera en ejercicios.;general;movilidad;bajo;"FIT2_SRC009;FIT2_SRC012";Estiramiento estático dosificado;Aplicar estiramientos específicos sin dolor ni rebote agresivo.;bajo;movilidad;Estiramiento específico dosificado;Estirar zona limitada sin dolor y registrar sensación.;Mejorar flexibilidad básica.;bajo;3-5 días/semana;movilidad;media;Adaptar carga, volumen, frecuencia, rango, descansos y tareas al nivel, historial, molestias, material, preferencias y disponibilidad. No sustituye valoración médica/fisioterapéutica si hay dolor, lesión o señales de alarma.
Movilidad y flexibilidad;Movilidad de cadera limitada;Dificultad de flexión, extensión o rotación de cadera en ejercicios.;general;movilidad;bajo;"FIT2_SRC009;FIT2_SRC012";Control motor;Practicar movimiento lento, controlado y con feedback.;medio;técnica;Control motor lento;Realizar repeticiones lentas con pausa en punto difícil.;Mejorar control del patrón.;medio;2-3 días/semana;técnica;media;Adaptar carga, volumen, frecuencia, rango, descansos y tareas al nivel, historial, molestias, material, preferencias y disponibilidad. No sustituye valoración médica/fisioterapéutica si hay dolor, lesión o señales de alarma.
Movilidad y flexibilidad;Movilidad de cadera limitada;Dificultad de flexión, extensión o rotación de cadera en ejercicios.;general;movilidad;bajo;"FIT2_SRC009;FIT2_SRC012";Control motor;Practicar movimiento lento, controlado y con feedback.;medio;técnica;Test sentadilla profunda controlada;Observar rango, control y compensaciones sin dolor.;Evaluar movilidad global.;bajo;mensual;evaluación;media;Adaptar carga, volumen, frecuencia, rango, descansos y tareas al nivel, historial, molestias, material, preferencias y disponibilidad. No sustituye valoración médica/fisioterapéutica si hay dolor, lesión o señales de alarma.
Movilidad y flexibilidad;Movilidad de cadera limitada;Dificultad de flexión, extensión o rotación de cadera en ejercicios.;general;movilidad;bajo;"FIT2_SRC009;FIT2_SRC012";Feedback técnico con vídeo;Usar grabaciones para revisar patrón y progresar con seguridad.;medio;técnica;Grabación técnica breve;Grabar una serie lateral/frontal y revisar puntos clave.;Mejorar técnica.;medio;semanal;técnica;media;Adaptar carga, volumen, frecuencia, rango, descansos y tareas al nivel, historial, molestias, material, preferencias y disponibilidad. No sustituye valoración médica/fisioterapéutica si hay dolor, lesión o señales de alarma.
Movilidad y flexibilidad;Movilidad de cadera limitada;Dificultad de flexión, extensión o rotación de cadera en ejercicios.;general;movilidad;bajo;"FIT2_SRC009;FIT2_SRC012";Selección de ejercicios por Body Muscles;Elegir ejercicios según región muscular y objetivo visual/anatómico.;bajo;programación;Selección por grupo muscular;Elegir 2-4 ejercicios por región Body Muscles objetivo.;Conectar objetivo visual/anatómico.;bajo;según rutina;programación;media;Adaptar carga, volumen, frecuencia, rango, descansos y tareas al nivel, historial, molestias, material, preferencias y disponibilidad. No sustituye valoración médica/fisioterapéutica si hay dolor, lesión o señales de alarma.
Movilidad y flexibilidad;Movilidad de hombro limitada;Dificultad para elevar brazos, empujar o traccionar con buen rango.;general;movilidad;bajo;"FIT2_SRC009;FIT2_SRC012";Calentamiento RAMP;Elevar temperatura, activar, movilizar y potenciar antes de entrenar.;bajo;preparación;Calentamiento RAMP;Realizar 5-10 min de elevar, activar, movilizar y preparar patrón.;Preparar sesión.;bajo;cada sesión;preparación;media;Adaptar carga, volumen, frecuencia, rango, descansos y tareas al nivel, historial, molestias, material, preferencias y disponibilidad. No sustituye valoración médica/fisioterapéutica si hay dolor, lesión o señales de alarma.
Movilidad y flexibilidad;Movilidad de hombro limitada;Dificultad para elevar brazos, empujar o traccionar con buen rango.;general;movilidad;bajo;"FIT2_SRC009;FIT2_SRC012";Calentamiento RAMP;Elevar temperatura, activar, movilizar y potenciar antes de entrenar.;bajo;preparación;Plan de calentamiento específico;Elegir movilidad y series de aproximación según ejercicio principal.;Preparar básicos.;bajo;cada sesión;preparación;media;Adaptar carga, volumen, frecuencia, rango, descansos y tareas al nivel, historial, molestias, material, preferencias y disponibilidad. No sustituye valoración médica/fisioterapéutica si hay dolor, lesión o señales de alarma.
Movilidad y flexibilidad;Movilidad de hombro limitada;Dificultad para elevar brazos, empujar o traccionar con buen rango.;general;movilidad;bajo;"FIT2_SRC009;FIT2_SRC012";Movilidad dinámica;Movimientos activos para preparar articulaciones y rango útil.;bajo;movilidad;Movilidad dinámica pre-entreno;Incluir 3-5 movimientos activos según sesión.;Preparar articulaciones.;bajo;cada sesión;movilidad;media;Adaptar carga, volumen, frecuencia, rango, descansos y tareas al nivel, historial, molestias, material, preferencias y disponibilidad. No sustituye valoración médica/fisioterapéutica si hay dolor, lesión o señales de alarma.
Movilidad y flexibilidad;Movilidad de hombro limitada;Dificultad para elevar brazos, empujar o traccionar con buen rango.;general;movilidad;bajo;"FIT2_SRC009;FIT2_SRC012";Movilidad activa específica;Trabajar rango activo de cadera, hombro, tobillo o columna.;bajo;movilidad;Rutina movilidad cadera;Ejercicios activos de flexión, rotación y extensión de cadera.;Mejorar rango de cadera.;bajo;3-5 días/semana;movilidad;media;Adaptar carga, volumen, frecuencia, rango, descansos y tareas al nivel, historial, molestias, material, preferencias y disponibilidad. No sustituye valoración médica/fisioterapéutica si hay dolor, lesión o señales de alarma.
Movilidad y flexibilidad;Movilidad de hombro limitada;Dificultad para elevar brazos, empujar o traccionar con buen rango.;general;movilidad;bajo;"FIT2_SRC009;FIT2_SRC012";Movilidad activa específica;Trabajar rango activo de cadera, hombro, tobillo o columna.;bajo;movilidad;Rutina movilidad hombro;Trabajo activo de elevación, rotación y control escapular.;Mejorar movilidad de hombro.;bajo;3-5 días/semana;movilidad;media;Adaptar carga, volumen, frecuencia, rango, descansos y tareas al nivel, historial, molestias, material, preferencias y disponibilidad. No sustituye valoración médica/fisioterapéutica si hay dolor, lesión o señales de alarma.
Movilidad y flexibilidad;Movilidad de hombro limitada;Dificultad para elevar brazos, empujar o traccionar con buen rango.;general;movilidad;bajo;"FIT2_SRC009;FIT2_SRC012";Movilidad activa específica;Trabajar rango activo de cadera, hombro, tobillo o columna.;bajo;movilidad;Rutina movilidad tobillo;Dorsiflexión rodilla-pared y control de tobillo.;Mejorar sentadilla/zancada.;bajo;3-5 días/semana;movilidad;media;Adaptar carga, volumen, frecuencia, rango, descansos y tareas al nivel, historial, molestias, material, preferencias y disponibilidad. No sustituye valoración médica/fisioterapéutica si hay dolor, lesión o señales de alarma.
Movilidad y flexibilidad;Movilidad de hombro limitada;Dificultad para elevar brazos, empujar o traccionar con buen rango.;general;movilidad;bajo;"FIT2_SRC009;FIT2_SRC012";Movilidad activa específica;Trabajar rango activo de cadera, hombro, tobillo o columna.;bajo;movilidad;Test rodilla-pared;Medir dorsiflexión de tobillo de forma consistente.;Evaluar movilidad de tobillo.;bajo;mensual;evaluación;media;Adaptar carga, volumen, frecuencia, rango, descansos y tareas al nivel, historial, molestias, material, preferencias y disponibilidad. No sustituye valoración médica/fisioterapéutica si hay dolor, lesión o señales de alarma.
Movilidad y flexibilidad;Movilidad de hombro limitada;Dificultad para elevar brazos, empujar o traccionar con buen rango.;general;movilidad;bajo;"FIT2_SRC009;FIT2_SRC012";Estiramiento estático dosificado;Aplicar estiramientos específicos sin dolor ni rebote agresivo.;bajo;movilidad;Estiramiento específico dosificado;Estirar zona limitada sin dolor y registrar sensación.;Mejorar flexibilidad básica.;bajo;3-5 días/semana;movilidad;media;Adaptar carga, volumen, frecuencia, rango, descansos y tareas al nivel, historial, molestias, material, preferencias y disponibilidad. No sustituye valoración médica/fisioterapéutica si hay dolor, lesión o señales de alarma.
Movilidad y flexibilidad;Movilidad de hombro limitada;Dificultad para elevar brazos, empujar o traccionar con buen rango.;general;movilidad;bajo;"FIT2_SRC009;FIT2_SRC012";Control motor;Practicar movimiento lento, controlado y con feedback.;medio;técnica;Control motor lento;Realizar repeticiones lentas con pausa en punto difícil.;Mejorar control del patrón.;medio;2-3 días/semana;técnica;media;Adaptar carga, volumen, frecuencia, rango, descansos y tareas al nivel, historial, molestias, material, preferencias y disponibilidad. No sustituye valoración médica/fisioterapéutica si hay dolor, lesión o señales de alarma.
Movilidad y flexibilidad;Movilidad de hombro limitada;Dificultad para elevar brazos, empujar o traccionar con buen rango.;general;movilidad;bajo;"FIT2_SRC009;FIT2_SRC012";Control motor;Practicar movimiento lento, controlado y con feedback.;medio;técnica;Test sentadilla profunda controlada;Observar rango, control y compensaciones sin dolor.;Evaluar movilidad global.;bajo;mensual;evaluación;media;Adaptar carga, volumen, frecuencia, rango, descansos y tareas al nivel, historial, molestias, material, preferencias y disponibilidad. No sustituye valoración médica/fisioterapéutica si hay dolor, lesión o señales de alarma.
Movilidad y flexibilidad;Movilidad de hombro limitada;Dificultad para elevar brazos, empujar o traccionar con buen rango.;general;movilidad;bajo;"FIT2_SRC009;FIT2_SRC012";Feedback técnico con vídeo;Usar grabaciones para revisar patrón y progresar con seguridad.;medio;técnica;Grabación técnica breve;Grabar una serie lateral/frontal y revisar puntos clave.;Mejorar técnica.;medio;semanal;técnica;media;Adaptar carga, volumen, frecuencia, rango, descansos y tareas al nivel, historial, molestias, material, preferencias y disponibilidad. No sustituye valoración médica/fisioterapéutica si hay dolor, lesión o señales de alarma.
Movilidad y flexibilidad;Movilidad de hombro limitada;Dificultad para elevar brazos, empujar o traccionar con buen rango.;general;movilidad;bajo;"FIT2_SRC009;FIT2_SRC012";Selección de ejercicios por Body Muscles;Elegir ejercicios según región muscular y objetivo visual/anatómico.;bajo;programación;Selección por grupo muscular;Elegir 2-4 ejercicios por región Body Muscles objetivo.;Conectar objetivo visual/anatómico.;bajo;según rutina;programación;media;Adaptar carga, volumen, frecuencia, rango, descansos y tareas al nivel, historial, molestias, material, preferencias y disponibilidad. No sustituye valoración médica/fisioterapéutica si hay dolor, lesión o señales de alarma.
Movilidad y flexibilidad;Movilidad de tobillo limitada;Dorsiflexión limitada que afecta sentadilla, zancada o carrera.;general;movilidad;bajo;"FIT2_SRC009;FIT2_SRC012";Calentamiento RAMP;Elevar temperatura, activar, movilizar y potenciar antes de entrenar.;bajo;preparación;Calentamiento RAMP;Realizar 5-10 min de elevar, activar, movilizar y preparar patrón.;Preparar sesión.;bajo;cada sesión;preparación;media;Adaptar carga, volumen, frecuencia, rango, descansos y tareas al nivel, historial, molestias, material, preferencias y disponibilidad. No sustituye valoración médica/fisioterapéutica si hay dolor, lesión o señales de alarma.
Movilidad y flexibilidad;Movilidad de tobillo limitada;Dorsiflexión limitada que afecta sentadilla, zancada o carrera.;general;movilidad;bajo;"FIT2_SRC009;FIT2_SRC012";Calentamiento RAMP;Elevar temperatura, activar, movilizar y potenciar antes de entrenar.;bajo;preparación;Plan de calentamiento específico;Elegir movilidad y series de aproximación según ejercicio principal.;Preparar básicos.;bajo;cada sesión;preparación;media;Adaptar carga, volumen, frecuencia, rango, descansos y tareas al nivel, historial, molestias, material, preferencias y disponibilidad. No sustituye valoración médica/fisioterapéutica si hay dolor, lesión o señales de alarma.
Movilidad y flexibilidad;Movilidad de tobillo limitada;Dorsiflexión limitada que afecta sentadilla, zancada o carrera.;general;movilidad;bajo;"FIT2_SRC009;FIT2_SRC012";Movilidad dinámica;Movimientos activos para preparar articulaciones y rango útil.;bajo;movilidad;Movilidad dinámica pre-entreno;Incluir 3-5 movimientos activos según sesión.;Preparar articulaciones.;bajo;cada sesión;movilidad;media;Adaptar carga, volumen, frecuencia, rango, descansos y tareas al nivel, historial, molestias, material, preferencias y disponibilidad. No sustituye valoración médica/fisioterapéutica si hay dolor, lesión o señales de alarma.
Movilidad y flexibilidad;Movilidad de tobillo limitada;Dorsiflexión limitada que afecta sentadilla, zancada o carrera.;general;movilidad;bajo;"FIT2_SRC009;FIT2_SRC012";Movilidad activa específica;Trabajar rango activo de cadera, hombro, tobillo o columna.;bajo;movilidad;Rutina movilidad cadera;Ejercicios activos de flexión, rotación y extensión de cadera.;Mejorar rango de cadera.;bajo;3-5 días/semana;movilidad;media;Adaptar carga, volumen, frecuencia, rango, descansos y tareas al nivel, historial, molestias, material, preferencias y disponibilidad. No sustituye valoración médica/fisioterapéutica si hay dolor, lesión o señales de alarma.
Movilidad y flexibilidad;Movilidad de tobillo limitada;Dorsiflexión limitada que afecta sentadilla, zancada o carrera.;general;movilidad;bajo;"FIT2_SRC009;FIT2_SRC012";Movilidad activa específica;Trabajar rango activo de cadera, hombro, tobillo o columna.;bajo;movilidad;Rutina movilidad hombro;Trabajo activo de elevación, rotación y control escapular.;Mejorar movilidad de hombro.;bajo;3-5 días/semana;movilidad;media;Adaptar carga, volumen, frecuencia, rango, descansos y tareas al nivel, historial, molestias, material, preferencias y disponibilidad. No sustituye valoración médica/fisioterapéutica si hay dolor, lesión o señales de alarma.
Movilidad y flexibilidad;Movilidad de tobillo limitada;Dorsiflexión limitada que afecta sentadilla, zancada o carrera.;general;movilidad;bajo;"FIT2_SRC009;FIT2_SRC012";Movilidad activa específica;Trabajar rango activo de cadera, hombro, tobillo o columna.;bajo;movilidad;Rutina movilidad tobillo;Dorsiflexión rodilla-pared y control de tobillo.;Mejorar sentadilla/zancada.;bajo;3-5 días/semana;movilidad;media;Adaptar carga, volumen, frecuencia, rango, descansos y tareas al nivel, historial, molestias, material, preferencias y disponibilidad. No sustituye valoración médica/fisioterapéutica si hay dolor, lesión o señales de alarma.
Movilidad y flexibilidad;Movilidad de tobillo limitada;Dorsiflexión limitada que afecta sentadilla, zancada o carrera.;general;movilidad;bajo;"FIT2_SRC009;FIT2_SRC012";Movilidad activa específica;Trabajar rango activo de cadera, hombro, tobillo o columna.;bajo;movilidad;Test rodilla-pared;Medir dorsiflexión de tobillo de forma consistente.;Evaluar movilidad de tobillo.;bajo;mensual;evaluación;media;Adaptar carga, volumen, frecuencia, rango, descansos y tareas al nivel, historial, molestias, material, preferencias y disponibilidad. No sustituye valoración médica/fisioterapéutica si hay dolor, lesión o señales de alarma.
Movilidad y flexibilidad;Movilidad de tobillo limitada;Dorsiflexión limitada que afecta sentadilla, zancada o carrera.;general;movilidad;bajo;"FIT2_SRC009;FIT2_SRC012";Estiramiento estático dosificado;Aplicar estiramientos específicos sin dolor ni rebote agresivo.;bajo;movilidad;Estiramiento específico dosificado;Estirar zona limitada sin dolor y registrar sensación.;Mejorar flexibilidad básica.;bajo;3-5 días/semana;movilidad;media;Adaptar carga, volumen, frecuencia, rango, descansos y tareas al nivel, historial, molestias, material, preferencias y disponibilidad. No sustituye valoración médica/fisioterapéutica si hay dolor, lesión o señales de alarma.
Movilidad y flexibilidad;Movilidad de tobillo limitada;Dorsiflexión limitada que afecta sentadilla, zancada o carrera.;general;movilidad;bajo;"FIT2_SRC009;FIT2_SRC012";Control motor;Practicar movimiento lento, controlado y con feedback.;medio;técnica;Control motor lento;Realizar repeticiones lentas con pausa en punto difícil.;Mejorar control del patrón.;medio;2-3 días/semana;técnica;media;Adaptar carga, volumen, frecuencia, rango, descansos y tareas al nivel, historial, molestias, material, preferencias y disponibilidad. No sustituye valoración médica/fisioterapéutica si hay dolor, lesión o señales de alarma.
Movilidad y flexibilidad;Movilidad de tobillo limitada;Dorsiflexión limitada que afecta sentadilla, zancada o carrera.;general;movilidad;bajo;"FIT2_SRC009;FIT2_SRC012";Control motor;Practicar movimiento lento, controlado y con feedback.;medio;técnica;Test sentadilla profunda controlada;Observar rango, control y compensaciones sin dolor.;Evaluar movilidad global.;bajo;mensual;evaluación;media;Adaptar carga, volumen, frecuencia, rango, descansos y tareas al nivel, historial, molestias, material, preferencias y disponibilidad. No sustituye valoración médica/fisioterapéutica si hay dolor, lesión o señales de alarma.
Movilidad y flexibilidad;Movilidad de tobillo limitada;Dorsiflexión limitada que afecta sentadilla, zancada o carrera.;general;movilidad;bajo;"FIT2_SRC009;FIT2_SRC012";Feedback técnico con vídeo;Usar grabaciones para revisar patrón y progresar con seguridad.;medio;técnica;Grabación técnica breve;Grabar una serie lateral/frontal y revisar puntos clave.;Mejorar técnica.;medio;semanal;técnica;media;Adaptar carga, volumen, frecuencia, rango, descansos y tareas al nivel, historial, molestias, material, preferencias y disponibilidad. No sustituye valoración médica/fisioterapéutica si hay dolor, lesión o señales de alarma.
Movilidad y flexibilidad;Movilidad de tobillo limitada;Dorsiflexión limitada que afecta sentadilla, zancada o carrera.;general;movilidad;bajo;"FIT2_SRC009;FIT2_SRC012";Selección de ejercicios por Body Muscles;Elegir ejercicios según región muscular y objetivo visual/anatómico.;bajo;programación;Selección por grupo muscular;Elegir 2-4 ejercicios por región Body Muscles objetivo.;Conectar objetivo visual/anatómico.;bajo;según rutina;programación;media;Adaptar carga, volumen, frecuencia, rango, descansos y tareas al nivel, historial, molestias, material, preferencias y disponibilidad. No sustituye valoración médica/fisioterapéutica si hay dolor, lesión o señales de alarma.
Movilidad y flexibilidad;Rigidez posterior;Sensación de tirantez en isquiosurales, gemelos o cadena posterior.;general;movilidad;bajo;"FIT2_SRC009;FIT2_SRC011";Calentamiento RAMP;Elevar temperatura, activar, movilizar y potenciar antes de entrenar.;bajo;preparación;Calentamiento RAMP;Realizar 5-10 min de elevar, activar, movilizar y preparar patrón.;Preparar sesión.;bajo;cada sesión;preparación;media;Adaptar carga, volumen, frecuencia, rango, descansos y tareas al nivel, historial, molestias, material, preferencias y disponibilidad. No sustituye valoración médica/fisioterapéutica si hay dolor, lesión o señales de alarma.
Movilidad y flexibilidad;Rigidez posterior;Sensación de tirantez en isquiosurales, gemelos o cadena posterior.;general;movilidad;bajo;"FIT2_SRC009;FIT2_SRC011";Calentamiento RAMP;Elevar temperatura, activar, movilizar y potenciar antes de entrenar.;bajo;preparación;Plan de calentamiento específico;Elegir movilidad y series de aproximación según ejercicio principal.;Preparar básicos.;bajo;cada sesión;preparación;media;Adaptar carga, volumen, frecuencia, rango, descansos y tareas al nivel, historial, molestias, material, preferencias y disponibilidad. No sustituye valoración médica/fisioterapéutica si hay dolor, lesión o señales de alarma.
Movilidad y flexibilidad;Rigidez posterior;Sensación de tirantez en isquiosurales, gemelos o cadena posterior.;general;movilidad;bajo;"FIT2_SRC009;FIT2_SRC011";Movilidad dinámica;Movimientos activos para preparar articulaciones y rango útil.;bajo;movilidad;Movilidad dinámica pre-entreno;Incluir 3-5 movimientos activos según sesión.;Preparar articulaciones.;bajo;cada sesión;movilidad;media;Adaptar carga, volumen, frecuencia, rango, descansos y tareas al nivel, historial, molestias, material, preferencias y disponibilidad. No sustituye valoración médica/fisioterapéutica si hay dolor, lesión o señales de alarma.
Movilidad y flexibilidad;Rigidez posterior;Sensación de tirantez en isquiosurales, gemelos o cadena posterior.;general;movilidad;bajo;"FIT2_SRC009;FIT2_SRC011";Movilidad activa específica;Trabajar rango activo de cadera, hombro, tobillo o columna.;bajo;movilidad;Rutina movilidad cadera;Ejercicios activos de flexión, rotación y extensión de cadera.;Mejorar rango de cadera.;bajo;3-5 días/semana;movilidad;media;Adaptar carga, volumen, frecuencia, rango, descansos y tareas al nivel, historial, molestias, material, preferencias y disponibilidad. No sustituye valoración médica/fisioterapéutica si hay dolor, lesión o señales de alarma.
Movilidad y flexibilidad;Rigidez posterior;Sensación de tirantez en isquiosurales, gemelos o cadena posterior.;general;movilidad;bajo;"FIT2_SRC009;FIT2_SRC011";Movilidad activa específica;Trabajar rango activo de cadera, hombro, tobillo o columna.;bajo;movilidad;Rutina movilidad hombro;Trabajo activo de elevación, rotación y control escapular.;Mejorar movilidad de hombro.;bajo;3-5 días/semana;movilidad;media;Adaptar carga, volumen, frecuencia, rango, descansos y tareas al nivel, historial, molestias, material, preferencias y disponibilidad. No sustituye valoración médica/fisioterapéutica si hay dolor, lesión o señales de alarma.
Movilidad y flexibilidad;Rigidez posterior;Sensación de tirantez en isquiosurales, gemelos o cadena posterior.;general;movilidad;bajo;"FIT2_SRC009;FIT2_SRC011";Movilidad activa específica;Trabajar rango activo de cadera, hombro, tobillo o columna.;bajo;movilidad;Rutina movilidad tobillo;Dorsiflexión rodilla-pared y control de tobillo.;Mejorar sentadilla/zancada.;bajo;3-5 días/semana;movilidad;media;Adaptar carga, volumen, frecuencia, rango, descansos y tareas al nivel, historial, molestias, material, preferencias y disponibilidad. No sustituye valoración médica/fisioterapéutica si hay dolor, lesión o señales de alarma.
Movilidad y flexibilidad;Rigidez posterior;Sensación de tirantez en isquiosurales, gemelos o cadena posterior.;general;movilidad;bajo;"FIT2_SRC009;FIT2_SRC011";Movilidad activa específica;Trabajar rango activo de cadera, hombro, tobillo o columna.;bajo;movilidad;Test rodilla-pared;Medir dorsiflexión de tobillo de forma consistente.;Evaluar movilidad de tobillo.;bajo;mensual;evaluación;media;Adaptar carga, volumen, frecuencia, rango, descansos y tareas al nivel, historial, molestias, material, preferencias y disponibilidad. No sustituye valoración médica/fisioterapéutica si hay dolor, lesión o señales de alarma.
Movilidad y flexibilidad;Rigidez posterior;Sensación de tirantez en isquiosurales, gemelos o cadena posterior.;general;movilidad;bajo;"FIT2_SRC009;FIT2_SRC011";Estiramiento estático dosificado;Aplicar estiramientos específicos sin dolor ni rebote agresivo.;bajo;movilidad;Estiramiento específico dosificado;Estirar zona limitada sin dolor y registrar sensación.;Mejorar flexibilidad básica.;bajo;3-5 días/semana;movilidad;media;Adaptar carga, volumen, frecuencia, rango, descansos y tareas al nivel, historial, molestias, material, preferencias y disponibilidad. No sustituye valoración médica/fisioterapéutica si hay dolor, lesión o señales de alarma.
Movilidad y flexibilidad;Rigidez posterior;Sensación de tirantez en isquiosurales, gemelos o cadena posterior.;general;movilidad;bajo;"FIT2_SRC009;FIT2_SRC011";Control motor;Practicar movimiento lento, controlado y con feedback.;medio;técnica;Control motor lento;Realizar repeticiones lentas con pausa en punto difícil.;Mejorar control del patrón.;medio;2-3 días/semana;técnica;media;Adaptar carga, volumen, frecuencia, rango, descansos y tareas al nivel, historial, molestias, material, preferencias y disponibilidad. No sustituye valoración médica/fisioterapéutica si hay dolor, lesión o señales de alarma.
Movilidad y flexibilidad;Rigidez posterior;Sensación de tirantez en isquiosurales, gemelos o cadena posterior.;general;movilidad;bajo;"FIT2_SRC009;FIT2_SRC011";Control motor;Practicar movimiento lento, controlado y con feedback.;medio;técnica;Test sentadilla profunda controlada;Observar rango, control y compensaciones sin dolor.;Evaluar movilidad global.;bajo;mensual;evaluación;media;Adaptar carga, volumen, frecuencia, rango, descansos y tareas al nivel, historial, molestias, material, preferencias y disponibilidad. No sustituye valoración médica/fisioterapéutica si hay dolor, lesión o señales de alarma.
Movilidad y flexibilidad;Rigidez posterior;Sensación de tirantez en isquiosurales, gemelos o cadena posterior.;general;movilidad;bajo;"FIT2_SRC009;FIT2_SRC011";Feedback técnico con vídeo;Usar grabaciones para revisar patrón y progresar con seguridad.;medio;técnica;Grabación técnica breve;Grabar una serie lateral/frontal y revisar puntos clave.;Mejorar técnica.;medio;semanal;técnica;media;Adaptar carga, volumen, frecuencia, rango, descansos y tareas al nivel, historial, molestias, material, preferencias y disponibilidad. No sustituye valoración médica/fisioterapéutica si hay dolor, lesión o señales de alarma.
Movilidad y flexibilidad;Rigidez posterior;Sensación de tirantez en isquiosurales, gemelos o cadena posterior.;general;movilidad;bajo;"FIT2_SRC009;FIT2_SRC011";Selección de ejercicios por Body Muscles;Elegir ejercicios según región muscular y objetivo visual/anatómico.;bajo;programación;Selección por grupo muscular;Elegir 2-4 ejercicios por región Body Muscles objetivo.;Conectar objetivo visual/anatómico.;bajo;según rutina;programación;media;Adaptar carga, volumen, frecuencia, rango, descansos y tareas al nivel, historial, molestias, material, preferencias y disponibilidad. No sustituye valoración médica/fisioterapéutica si hay dolor, lesión o señales de alarma.
Movilidad y flexibilidad;Mejorar flexibilidad básica;Objetivo de aumentar tolerancia y rango de estiramientos.;general;movilidad;bajo;"FIT2_SRC002;FIT2_SRC009";Calentamiento RAMP;Elevar temperatura, activar, movilizar y potenciar antes de entrenar.;bajo;preparación;Calentamiento RAMP;Realizar 5-10 min de elevar, activar, movilizar y preparar patrón.;Preparar sesión.;bajo;cada sesión;preparación;media;Adaptar carga, volumen, frecuencia, rango, descansos y tareas al nivel, historial, molestias, material, preferencias y disponibilidad. No sustituye valoración médica/fisioterapéutica si hay dolor, lesión o señales de alarma.
Movilidad y flexibilidad;Mejorar flexibilidad básica;Objetivo de aumentar tolerancia y rango de estiramientos.;general;movilidad;bajo;"FIT2_SRC002;FIT2_SRC009";Calentamiento RAMP;Elevar temperatura, activar, movilizar y potenciar antes de entrenar.;bajo;preparación;Plan de calentamiento específico;Elegir movilidad y series de aproximación según ejercicio principal.;Preparar básicos.;bajo;cada sesión;preparación;media;Adaptar carga, volumen, frecuencia, rango, descansos y tareas al nivel, historial, molestias, material, preferencias y disponibilidad. No sustituye valoración médica/fisioterapéutica si hay dolor, lesión o señales de alarma.
Movilidad y flexibilidad;Mejorar flexibilidad básica;Objetivo de aumentar tolerancia y rango de estiramientos.;general;movilidad;bajo;"FIT2_SRC002;FIT2_SRC009";Movilidad dinámica;Movimientos activos para preparar articulaciones y rango útil.;bajo;movilidad;Movilidad dinámica pre-entreno;Incluir 3-5 movimientos activos según sesión.;Preparar articulaciones.;bajo;cada sesión;movilidad;media;Adaptar carga, volumen, frecuencia, rango, descansos y tareas al nivel, historial, molestias, material, preferencias y disponibilidad. No sustituye valoración médica/fisioterapéutica si hay dolor, lesión o señales de alarma.
Movilidad y flexibilidad;Mejorar flexibilidad básica;Objetivo de aumentar tolerancia y rango de estiramientos.;general;movilidad;bajo;"FIT2_SRC002;FIT2_SRC009";Movilidad activa específica;Trabajar rango activo de cadera, hombro, tobillo o columna.;bajo;movilidad;Rutina movilidad cadera;Ejercicios activos de flexión, rotación y extensión de cadera.;Mejorar rango de cadera.;bajo;3-5 días/semana;movilidad;media;Adaptar carga, volumen, frecuencia, rango, descansos y tareas al nivel, historial, molestias, material, preferencias y disponibilidad. No sustituye valoración médica/fisioterapéutica si hay dolor, lesión o señales de alarma.
Movilidad y flexibilidad;Mejorar flexibilidad básica;Objetivo de aumentar tolerancia y rango de estiramientos.;general;movilidad;bajo;"FIT2_SRC002;FIT2_SRC009";Movilidad activa específica;Trabajar rango activo de cadera, hombro, tobillo o columna.;bajo;movilidad;Rutina movilidad hombro;Trabajo activo de elevación, rotación y control escapular.;Mejorar movilidad de hombro.;bajo;3-5 días/semana;movilidad;media;Adaptar carga, volumen, frecuencia, rango, descansos y tareas al nivel, historial, molestias, material, preferencias y disponibilidad. No sustituye valoración médica/fisioterapéutica si hay dolor, lesión o señales de alarma.
Movilidad y flexibilidad;Mejorar flexibilidad básica;Objetivo de aumentar tolerancia y rango de estiramientos.;general;movilidad;bajo;"FIT2_SRC002;FIT2_SRC009";Movilidad activa específica;Trabajar rango activo de cadera, hombro, tobillo o columna.;bajo;movilidad;Rutina movilidad tobillo;Dorsiflexión rodilla-pared y control de tobillo.;Mejorar sentadilla/zancada.;bajo;3-5 días/semana;movilidad;media;Adaptar carga, volumen, frecuencia, rango, descansos y tareas al nivel, historial, molestias, material, preferencias y disponibilidad. No sustituye valoración médica/fisioterapéutica si hay dolor, lesión o señales de alarma.
Movilidad y flexibilidad;Mejorar flexibilidad básica;Objetivo de aumentar tolerancia y rango de estiramientos.;general;movilidad;bajo;"FIT2_SRC002;FIT2_SRC009";Movilidad activa específica;Trabajar rango activo de cadera, hombro, tobillo o columna.;bajo;movilidad;Test rodilla-pared;Medir dorsiflexión de tobillo de forma consistente.;Evaluar movilidad de tobillo.;bajo;mensual;evaluación;media;Adaptar carga, volumen, frecuencia, rango, descansos y tareas al nivel, historial, molestias, material, preferencias y disponibilidad. No sustituye valoración médica/fisioterapéutica si hay dolor, lesión o señales de alarma.
Movilidad y flexibilidad;Mejorar flexibilidad básica;Objetivo de aumentar tolerancia y rango de estiramientos.;general;movilidad;bajo;"FIT2_SRC002;FIT2_SRC009";Estiramiento estático dosificado;Aplicar estiramientos específicos sin dolor ni rebote agresivo.;bajo;movilidad;Estiramiento específico dosificado;Estirar zona limitada sin dolor y registrar sensación.;Mejorar flexibilidad básica.;bajo;3-5 días/semana;movilidad;media;Adaptar carga, volumen, frecuencia, rango, descansos y tareas al nivel, historial, molestias, material, preferencias y disponibilidad. No sustituye valoración médica/fisioterapéutica si hay dolor, lesión o señales de alarma.
Movilidad y flexibilidad;Mejorar flexibilidad básica;Objetivo de aumentar tolerancia y rango de estiramientos.;general;movilidad;bajo;"FIT2_SRC002;FIT2_SRC009";Control motor;Practicar movimiento lento, controlado y con feedback.;medio;técnica;Control motor lento;Realizar repeticiones lentas con pausa en punto difícil.;Mejorar control del patrón.;medio;2-3 días/semana;técnica;media;Adaptar carga, volumen, frecuencia, rango, descansos y tareas al nivel, historial, molestias, material, preferencias y disponibilidad. No sustituye valoración médica/fisioterapéutica si hay dolor, lesión o señales de alarma.
Movilidad y flexibilidad;Mejorar flexibilidad básica;Objetivo de aumentar tolerancia y rango de estiramientos.;general;movilidad;bajo;"FIT2_SRC002;FIT2_SRC009";Control motor;Practicar movimiento lento, controlado y con feedback.;medio;técnica;Test sentadilla profunda controlada;Observar rango, control y compensaciones sin dolor.;Evaluar movilidad global.;bajo;mensual;evaluación;media;Adaptar carga, volumen, frecuencia, rango, descansos y tareas al nivel, historial, molestias, material, preferencias y disponibilidad. No sustituye valoración médica/fisioterapéutica si hay dolor, lesión o señales de alarma.
Movilidad y flexibilidad;Mejorar flexibilidad básica;Objetivo de aumentar tolerancia y rango de estiramientos.;general;movilidad;bajo;"FIT2_SRC002;FIT2_SRC009";Feedback técnico con vídeo;Usar grabaciones para revisar patrón y progresar con seguridad.;medio;técnica;Grabación técnica breve;Grabar una serie lateral/frontal y revisar puntos clave.;Mejorar técnica.;medio;semanal;técnica;media;Adaptar carga, volumen, frecuencia, rango, descansos y tareas al nivel, historial, molestias, material, preferencias y disponibilidad. No sustituye valoración médica/fisioterapéutica si hay dolor, lesión o señales de alarma.
Movilidad y flexibilidad;Mejorar flexibilidad básica;Objetivo de aumentar tolerancia y rango de estiramientos.;general;movilidad;bajo;"FIT2_SRC002;FIT2_SRC009";Selección de ejercicios por Body Muscles;Elegir ejercicios según región muscular y objetivo visual/anatómico.;bajo;programación;Selección por grupo muscular;Elegir 2-4 ejercicios por región Body Muscles objetivo.;Conectar objetivo visual/anatómico.;bajo;según rutina;programación;media;Adaptar carga, volumen, frecuencia, rango, descansos y tareas al nivel, historial, molestias, material, preferencias y disponibilidad. No sustituye valoración médica/fisioterapéutica si hay dolor, lesión o señales de alarma.
Core, postura y estabilidad;Mejorar estabilidad del core;Aumentar control del tronco en ejercicios y vida diaria.;general;entrenamiento;bajo;"FIT2_SRC002;FIT2_SRC009";Control motor;Practicar movimiento lento, controlado y con feedback.;medio;técnica;Control motor lento;Realizar repeticiones lentas con pausa en punto difícil.;Mejorar control del patrón.;medio;2-3 días/semana;técnica;media;Adaptar carga, volumen, frecuencia, rango, descansos y tareas al nivel, historial, molestias, material, preferencias y disponibilidad. No sustituye valoración médica/fisioterapéutica si hay dolor, lesión o señales de alarma.
Core, postura y estabilidad;Mejorar estabilidad del core;Aumentar control del tronco en ejercicios y vida diaria.;general;entrenamiento;bajo;"FIT2_SRC002;FIT2_SRC009";Control motor;Practicar movimiento lento, controlado y con feedback.;medio;técnica;Test sentadilla profunda controlada;Observar rango, control y compensaciones sin dolor.;Evaluar movilidad global.;bajo;mensual;evaluación;media;Adaptar carga, volumen, frecuencia, rango, descansos y tareas al nivel, historial, molestias, material, preferencias y disponibilidad. No sustituye valoración médica/fisioterapéutica si hay dolor, lesión o señales de alarma.
Core, postura y estabilidad;Mejorar estabilidad del core;Aumentar control del tronco en ejercicios y vida diaria.;general;entrenamiento;bajo;"FIT2_SRC002;FIT2_SRC009";Entrenamiento de core anti-movimiento;Planchas, pallof, dead bug, carries y variantes de estabilidad.;bajo;core;Plancha frontal/lateral progresiva;Trabajar core con tiempo o variante adecuada.;Mejorar estabilidad del tronco.;bajo;2-3 días/semana;core;media;Adaptar carga, volumen, frecuencia, rango, descansos y tareas al nivel, historial, molestias, material, preferencias y disponibilidad. No sustituye valoración médica/fisioterapéutica si hay dolor, lesión o señales de alarma.
Core, postura y estabilidad;Mejorar estabilidad del core;Aumentar control del tronco en ejercicios y vida diaria.;general;entrenamiento;bajo;"FIT2_SRC002;FIT2_SRC009";Entrenamiento de core anti-movimiento;Planchas, pallof, dead bug, carries y variantes de estabilidad.;bajo;core;Dead bug o bird dog;Ejercicios de core con control lumbo-pélvico.;Mejorar coordinación core-extremidades.;bajo;2-3 días/semana;core;media;Adaptar carga, volumen, frecuencia, rango, descansos y tareas al nivel, historial, molestias, material, preferencias y disponibilidad. No sustituye valoración médica/fisioterapéutica si hay dolor, lesión o señales de alarma.
Core, postura y estabilidad;Mejorar estabilidad del core;Aumentar control del tronco en ejercicios y vida diaria.;general;entrenamiento;bajo;"FIT2_SRC002;FIT2_SRC009";Entrenamiento de core anti-movimiento;Planchas, pallof, dead bug, carries y variantes de estabilidad.;bajo;core;Pallof press o antirotación;Trabajo de resistencia a rotación con banda/cable.;Mejorar estabilidad antirotación.;bajo;2-3 días/semana;core;media;Adaptar carga, volumen, frecuencia, rango, descansos y tareas al nivel, historial, molestias, material, preferencias y disponibilidad. No sustituye valoración médica/fisioterapéutica si hay dolor, lesión o señales de alarma.
Core, postura y estabilidad;Mejorar estabilidad del core;Aumentar control del tronco en ejercicios y vida diaria.;general;entrenamiento;bajo;"FIT2_SRC002;FIT2_SRC009";Entrenamiento de core anti-movimiento;Planchas, pallof, dead bug, carries y variantes de estabilidad.;bajo;core;Test plancha;Medir tiempo de plancha con técnica válida.;Evaluar core.;bajo;mensual;evaluación;media;Adaptar carga, volumen, frecuencia, rango, descansos y tareas al nivel, historial, molestias, material, preferencias y disponibilidad. No sustituye valoración médica/fisioterapéutica si hay dolor, lesión o señales de alarma.
Core, postura y estabilidad;Mejorar estabilidad del core;Aumentar control del tronco en ejercicios y vida diaria.;general;entrenamiento;bajo;"FIT2_SRC002;FIT2_SRC009";Estabilidad escapular;Control de escápulas en empuje, tracción y postura.;bajo;técnica;Activación escapular;Series de face pulls, Y-T-W o retracción/protracción controlada.;Mejorar control escapular.;bajo;2-4 días/semana;técnica;media;Adaptar carga, volumen, frecuencia, rango, descansos y tareas al nivel, historial, molestias, material, preferencias y disponibilidad. No sustituye valoración médica/fisioterapéutica si hay dolor, lesión o señales de alarma.
Core, postura y estabilidad;Mejorar estabilidad del core;Aumentar control del tronco en ejercicios y vida diaria.;general;entrenamiento;bajo;"FIT2_SRC002;FIT2_SRC009";Braceo y respiración;Coordinar respiración, presión intraabdominal y tensión del tronco.;medio;técnica;Práctica de braceo;Respirar, bloquear y mantener tensión en series moderadas.;Mejorar estabilidad en fuerza.;medio;cada sesión de fuerza;técnica;media;Adaptar carga, volumen, frecuencia, rango, descansos y tareas al nivel, historial, molestias, material, preferencias y disponibilidad. No sustituye valoración médica/fisioterapéutica si hay dolor, lesión o señales de alarma.
Core, postura y estabilidad;Mejorar estabilidad del core;Aumentar control del tronco en ejercicios y vida diaria.;general;entrenamiento;bajo;"FIT2_SRC002;FIT2_SRC009";Técnica por patrones de movimiento;Enseñar sentadilla, bisagra, empuje, tracción, zancada, transporte y core.;medio;técnica;Revisión de técnica de sentadilla;Checklist de pies, rodillas, cadera, tronco, profundidad y control.;Mejorar sentadilla.;medio;semanal;técnica;alta;Adaptar carga, volumen, frecuencia, rango, descansos y tareas al nivel, historial, molestias, material, preferencias y disponibilidad. No sustituye valoración médica/fisioterapéutica si hay dolor, lesión o señales de alarma.
Core, postura y estabilidad;Mejorar estabilidad del core;Aumentar control del tronco en ejercicios y vida diaria.;general;entrenamiento;bajo;"FIT2_SRC002;FIT2_SRC009";Técnica por patrones de movimiento;Enseñar sentadilla, bisagra, empuje, tracción, zancada, transporte y core.;medio;técnica;Revisión de bisagra;Checklist de cadera atrás, columna neutra, tensión dorsal y rango.;Mejorar bisagra.;medio;semanal;técnica;alta;Adaptar carga, volumen, frecuencia, rango, descansos y tareas al nivel, historial, molestias, material, preferencias y disponibilidad. No sustituye valoración médica/fisioterapéutica si hay dolor, lesión o señales de alarma.
Core, postura y estabilidad;Mejorar estabilidad del core;Aumentar control del tronco en ejercicios y vida diaria.;general;entrenamiento;bajo;"FIT2_SRC002;FIT2_SRC009";Técnica por patrones de movimiento;Enseñar sentadilla, bisagra, empuje, tracción, zancada, transporte y core.;medio;técnica;Revisión de empuje;Checklist de escápulas, muñeca/codo, trayectoria y control.;Mejorar press/flexión.;bajo;semanal;técnica;alta;Adaptar carga, volumen, frecuencia, rango, descansos y tareas al nivel, historial, molestias, material, preferencias y disponibilidad. No sustituye valoración médica/fisioterapéutica si hay dolor, lesión o señales de alarma.
Core, postura y estabilidad;Mejorar estabilidad del core;Aumentar control del tronco en ejercicios y vida diaria.;general;entrenamiento;bajo;"FIT2_SRC002;FIT2_SRC009";Técnica por patrones de movimiento;Enseñar sentadilla, bisagra, empuje, tracción, zancada, transporte y core.;medio;técnica;Revisión de tracción;Checklist de escápula, codo, torso y recorrido.;Mejorar remos/dominadas.;bajo;semanal;técnica;alta;Adaptar carga, volumen, frecuencia, rango, descansos y tareas al nivel, historial, molestias, material, preferencias y disponibilidad. No sustituye valoración médica/fisioterapéutica si hay dolor, lesión o señales de alarma.
Core, postura y estabilidad;Mejorar estabilidad del core;Aumentar control del tronco en ejercicios y vida diaria.;general;entrenamiento;bajo;"FIT2_SRC002;FIT2_SRC009";Técnica por patrones de movimiento;Enseñar sentadilla, bisagra, empuje, tracción, zancada, transporte y core.;medio;técnica;Revisión de unilateral;Checklist de equilibrio, rodilla, cadera y control de zancadas.;Mejorar trabajo unilateral.;bajo;semanal;técnica;alta;Adaptar carga, volumen, frecuencia, rango, descansos y tareas al nivel, historial, molestias, material, preferencias y disponibilidad. No sustituye valoración médica/fisioterapéutica si hay dolor, lesión o señales de alarma.
Core, postura y estabilidad;Mejorar estabilidad del core;Aumentar control del tronco en ejercicios y vida diaria.;general;entrenamiento;bajo;"FIT2_SRC002;FIT2_SRC009";Calentamiento RAMP;Elevar temperatura, activar, movilizar y potenciar antes de entrenar.;bajo;preparación;Calentamiento RAMP;Realizar 5-10 min de elevar, activar, movilizar y preparar patrón.;Preparar sesión.;bajo;cada sesión;preparación;media;Adaptar carga, volumen, frecuencia, rango, descansos y tareas al nivel, historial, molestias, material, preferencias y disponibilidad. No sustituye valoración médica/fisioterapéutica si hay dolor, lesión o señales de alarma.
Core, postura y estabilidad;Mejorar estabilidad del core;Aumentar control del tronco en ejercicios y vida diaria.;general;entrenamiento;bajo;"FIT2_SRC002;FIT2_SRC009";Calentamiento RAMP;Elevar temperatura, activar, movilizar y potenciar antes de entrenar.;bajo;preparación;Plan de calentamiento específico;Elegir movilidad y series de aproximación según ejercicio principal.;Preparar básicos.;bajo;cada sesión;preparación;media;Adaptar carga, volumen, frecuencia, rango, descansos y tareas al nivel, historial, molestias, material, preferencias y disponibilidad. No sustituye valoración médica/fisioterapéutica si hay dolor, lesión o señales de alarma.
Core, postura y estabilidad;Mejorar estabilidad del core;Aumentar control del tronco en ejercicios y vida diaria.;general;entrenamiento;bajo;"FIT2_SRC002;FIT2_SRC009";Feedback técnico con vídeo;Usar grabaciones para revisar patrón y progresar con seguridad.;medio;técnica;Grabación técnica breve;Grabar una serie lateral/frontal y revisar puntos clave.;Mejorar técnica.;medio;semanal;técnica;media;Adaptar carga, volumen, frecuencia, rango, descansos y tareas al nivel, historial, molestias, material, preferencias y disponibilidad. No sustituye valoración médica/fisioterapéutica si hay dolor, lesión o señales de alarma.
Core, postura y estabilidad;Mejorar estabilidad del core;Aumentar control del tronco en ejercicios y vida diaria.;general;entrenamiento;bajo;"FIT2_SRC002;FIT2_SRC009";Selección de ejercicios por Body Muscles;Elegir ejercicios según región muscular y objetivo visual/anatómico.;bajo;programación;Selección por grupo muscular;Elegir 2-4 ejercicios por región Body Muscles objetivo.;Conectar objetivo visual/anatómico.;bajo;según rutina;programación;media;Adaptar carga, volumen, frecuencia, rango, descansos y tareas al nivel, historial, molestias, material, preferencias y disponibilidad. No sustituye valoración médica/fisioterapéutica si hay dolor, lesión o señales de alarma.
Core, postura y estabilidad;Control lumbo-pélvico bajo;Dificultad para estabilizar pelvis y columna durante movimiento.;general;técnica;medio;"FIT2_SRC009;FIT2_SRC012";Control motor;Practicar movimiento lento, controlado y con feedback.;medio;técnica;Control motor lento;Realizar repeticiones lentas con pausa en punto difícil.;Mejorar control del patrón.;medio;2-3 días/semana;técnica;media;Adaptar carga, volumen, frecuencia, rango, descansos y tareas al nivel, historial, molestias, material, preferencias y disponibilidad. No sustituye valoración médica/fisioterapéutica si hay dolor, lesión o señales de alarma.
Core, postura y estabilidad;Control lumbo-pélvico bajo;Dificultad para estabilizar pelvis y columna durante movimiento.;general;técnica;medio;"FIT2_SRC009;FIT2_SRC012";Control motor;Practicar movimiento lento, controlado y con feedback.;medio;técnica;Test sentadilla profunda controlada;Observar rango, control y compensaciones sin dolor.;Evaluar movilidad global.;bajo;mensual;evaluación;media;Adaptar carga, volumen, frecuencia, rango, descansos y tareas al nivel, historial, molestias, material, preferencias y disponibilidad. No sustituye valoración médica/fisioterapéutica si hay dolor, lesión o señales de alarma.
Core, postura y estabilidad;Control lumbo-pélvico bajo;Dificultad para estabilizar pelvis y columna durante movimiento.;general;técnica;medio;"FIT2_SRC009;FIT2_SRC012";Entrenamiento de core anti-movimiento;Planchas, pallof, dead bug, carries y variantes de estabilidad.;bajo;core;Plancha frontal/lateral progresiva;Trabajar core con tiempo o variante adecuada.;Mejorar estabilidad del tronco.;bajo;2-3 días/semana;core;media;Adaptar carga, volumen, frecuencia, rango, descansos y tareas al nivel, historial, molestias, material, preferencias y disponibilidad. No sustituye valoración médica/fisioterapéutica si hay dolor, lesión o señales de alarma.
Core, postura y estabilidad;Control lumbo-pélvico bajo;Dificultad para estabilizar pelvis y columna durante movimiento.;general;técnica;medio;"FIT2_SRC009;FIT2_SRC012";Entrenamiento de core anti-movimiento;Planchas, pallof, dead bug, carries y variantes de estabilidad.;bajo;core;Dead bug o bird dog;Ejercicios de core con control lumbo-pélvico.;Mejorar coordinación core-extremidades.;bajo;2-3 días/semana;core;media;Adaptar carga, volumen, frecuencia, rango, descansos y tareas al nivel, historial, molestias, material, preferencias y disponibilidad. No sustituye valoración médica/fisioterapéutica si hay dolor, lesión o señales de alarma.
Core, postura y estabilidad;Control lumbo-pélvico bajo;Dificultad para estabilizar pelvis y columna durante movimiento.;general;técnica;medio;"FIT2_SRC009;FIT2_SRC012";Entrenamiento de core anti-movimiento;Planchas, pallof, dead bug, carries y variantes de estabilidad.;bajo;core;Pallof press o antirotación;Trabajo de resistencia a rotación con banda/cable.;Mejorar estabilidad antirotación.;bajo;2-3 días/semana;core;media;Adaptar carga, volumen, frecuencia, rango, descansos y tareas al nivel, historial, molestias, material, preferencias y disponibilidad. No sustituye valoración médica/fisioterapéutica si hay dolor, lesión o señales de alarma.
Core, postura y estabilidad;Control lumbo-pélvico bajo;Dificultad para estabilizar pelvis y columna durante movimiento.;general;técnica;medio;"FIT2_SRC009;FIT2_SRC012";Entrenamiento de core anti-movimiento;Planchas, pallof, dead bug, carries y variantes de estabilidad.;bajo;core;Test plancha;Medir tiempo de plancha con técnica válida.;Evaluar core.;bajo;mensual;evaluación;media;Adaptar carga, volumen, frecuencia, rango, descansos y tareas al nivel, historial, molestias, material, preferencias y disponibilidad. No sustituye valoración médica/fisioterapéutica si hay dolor, lesión o señales de alarma.
Core, postura y estabilidad;Control lumbo-pélvico bajo;Dificultad para estabilizar pelvis y columna durante movimiento.;general;técnica;medio;"FIT2_SRC009;FIT2_SRC012";Estabilidad escapular;Control de escápulas en empuje, tracción y postura.;bajo;técnica;Activación escapular;Series de face pulls, Y-T-W o retracción/protracción controlada.;Mejorar control escapular.;bajo;2-4 días/semana;técnica;media;Adaptar carga, volumen, frecuencia, rango, descansos y tareas al nivel, historial, molestias, material, preferencias y disponibilidad. No sustituye valoración médica/fisioterapéutica si hay dolor, lesión o señales de alarma.
Core, postura y estabilidad;Control lumbo-pélvico bajo;Dificultad para estabilizar pelvis y columna durante movimiento.;general;técnica;medio;"FIT2_SRC009;FIT2_SRC012";Braceo y respiración;Coordinar respiración, presión intraabdominal y tensión del tronco.;medio;técnica;Práctica de braceo;Respirar, bloquear y mantener tensión en series moderadas.;Mejorar estabilidad en fuerza.;medio;cada sesión de fuerza;técnica;media;Adaptar carga, volumen, frecuencia, rango, descansos y tareas al nivel, historial, molestias, material, preferencias y disponibilidad. No sustituye valoración médica/fisioterapéutica si hay dolor, lesión o señales de alarma.
Core, postura y estabilidad;Control lumbo-pélvico bajo;Dificultad para estabilizar pelvis y columna durante movimiento.;general;técnica;medio;"FIT2_SRC009;FIT2_SRC012";Técnica por patrones de movimiento;Enseñar sentadilla, bisagra, empuje, tracción, zancada, transporte y core.;medio;técnica;Revisión de técnica de sentadilla;Checklist de pies, rodillas, cadera, tronco, profundidad y control.;Mejorar sentadilla.;medio;semanal;técnica;alta;Adaptar carga, volumen, frecuencia, rango, descansos y tareas al nivel, historial, molestias, material, preferencias y disponibilidad. No sustituye valoración médica/fisioterapéutica si hay dolor, lesión o señales de alarma.
Core, postura y estabilidad;Control lumbo-pélvico bajo;Dificultad para estabilizar pelvis y columna durante movimiento.;general;técnica;medio;"FIT2_SRC009;FIT2_SRC012";Técnica por patrones de movimiento;Enseñar sentadilla, bisagra, empuje, tracción, zancada, transporte y core.;medio;técnica;Revisión de bisagra;Checklist de cadera atrás, columna neutra, tensión dorsal y rango.;Mejorar bisagra.;medio;semanal;técnica;alta;Adaptar carga, volumen, frecuencia, rango, descansos y tareas al nivel, historial, molestias, material, preferencias y disponibilidad. No sustituye valoración médica/fisioterapéutica si hay dolor, lesión o señales de alarma.
Core, postura y estabilidad;Control lumbo-pélvico bajo;Dificultad para estabilizar pelvis y columna durante movimiento.;general;técnica;medio;"FIT2_SRC009;FIT2_SRC012";Técnica por patrones de movimiento;Enseñar sentadilla, bisagra, empuje, tracción, zancada, transporte y core.;medio;técnica;Revisión de empuje;Checklist de escápulas, muñeca/codo, trayectoria y control.;Mejorar press/flexión.;bajo;semanal;técnica;alta;Adaptar carga, volumen, frecuencia, rango, descansos y tareas al nivel, historial, molestias, material, preferencias y disponibilidad. No sustituye valoración médica/fisioterapéutica si hay dolor, lesión o señales de alarma.
Core, postura y estabilidad;Control lumbo-pélvico bajo;Dificultad para estabilizar pelvis y columna durante movimiento.;general;técnica;medio;"FIT2_SRC009;FIT2_SRC012";Técnica por patrones de movimiento;Enseñar sentadilla, bisagra, empuje, tracción, zancada, transporte y core.;medio;técnica;Revisión de tracción;Checklist de escápula, codo, torso y recorrido.;Mejorar remos/dominadas.;bajo;semanal;técnica;alta;Adaptar carga, volumen, frecuencia, rango, descansos y tareas al nivel, historial, molestias, material, preferencias y disponibilidad. No sustituye valoración médica/fisioterapéutica si hay dolor, lesión o señales de alarma.
Core, postura y estabilidad;Control lumbo-pélvico bajo;Dificultad para estabilizar pelvis y columna durante movimiento.;general;técnica;medio;"FIT2_SRC009;FIT2_SRC012";Técnica por patrones de movimiento;Enseñar sentadilla, bisagra, empuje, tracción, zancada, transporte y core.;medio;técnica;Revisión de unilateral;Checklist de equilibrio, rodilla, cadera y control de zancadas.;Mejorar trabajo unilateral.;bajo;semanal;técnica;alta;Adaptar carga, volumen, frecuencia, rango, descansos y tareas al nivel, historial, molestias, material, preferencias y disponibilidad. No sustituye valoración médica/fisioterapéutica si hay dolor, lesión o señales de alarma.
Core, postura y estabilidad;Control lumbo-pélvico bajo;Dificultad para estabilizar pelvis y columna durante movimiento.;general;técnica;medio;"FIT2_SRC009;FIT2_SRC012";Calentamiento RAMP;Elevar temperatura, activar, movilizar y potenciar antes de entrenar.;bajo;preparación;Calentamiento RAMP;Realizar 5-10 min de elevar, activar, movilizar y preparar patrón.;Preparar sesión.;bajo;cada sesión;preparación;media;Adaptar carga, volumen, frecuencia, rango, descansos y tareas al nivel, historial, molestias, material, preferencias y disponibilidad. No sustituye valoración médica/fisioterapéutica si hay dolor, lesión o señales de alarma.
Core, postura y estabilidad;Control lumbo-pélvico bajo;Dificultad para estabilizar pelvis y columna durante movimiento.;general;técnica;medio;"FIT2_SRC009;FIT2_SRC012";Calentamiento RAMP;Elevar temperatura, activar, movilizar y potenciar antes de entrenar.;bajo;preparación;Plan de calentamiento específico;Elegir movilidad y series de aproximación según ejercicio principal.;Preparar básicos.;bajo;cada sesión;preparación;media;Adaptar carga, volumen, frecuencia, rango, descansos y tareas al nivel, historial, molestias, material, preferencias y disponibilidad. No sustituye valoración médica/fisioterapéutica si hay dolor, lesión o señales de alarma.
Core, postura y estabilidad;Control lumbo-pélvico bajo;Dificultad para estabilizar pelvis y columna durante movimiento.;general;técnica;medio;"FIT2_SRC009;FIT2_SRC012";Feedback técnico con vídeo;Usar grabaciones para revisar patrón y progresar con seguridad.;medio;técnica;Grabación técnica breve;Grabar una serie lateral/frontal y revisar puntos clave.;Mejorar técnica.;medio;semanal;técnica;media;Adaptar carga, volumen, frecuencia, rango, descansos y tareas al nivel, historial, molestias, material, preferencias y disponibilidad. No sustituye valoración médica/fisioterapéutica si hay dolor, lesión o señales de alarma.
Core, postura y estabilidad;Control lumbo-pélvico bajo;Dificultad para estabilizar pelvis y columna durante movimiento.;general;técnica;medio;"FIT2_SRC009;FIT2_SRC012";Selección de ejercicios por Body Muscles;Elegir ejercicios según región muscular y objetivo visual/anatómico.;bajo;programación;Selección por grupo muscular;Elegir 2-4 ejercicios por región Body Muscles objetivo.;Conectar objetivo visual/anatómico.;bajo;según rutina;programación;media;Adaptar carga, volumen, frecuencia, rango, descansos y tareas al nivel, historial, molestias, material, preferencias y disponibilidad. No sustituye valoración médica/fisioterapéutica si hay dolor, lesión o señales de alarma.
Core, postura y estabilidad;Postura encorvada por hábitos;Tendencia postural asociada a sedentarismo, pantalla o baja fuerza postural.;general;hábitos/entrenamiento;bajo;"FIT2_SRC003;FIT2_SRC009";Control motor;Practicar movimiento lento, controlado y con feedback.;medio;técnica;Control motor lento;Realizar repeticiones lentas con pausa en punto difícil.;Mejorar control del patrón.;medio;2-3 días/semana;técnica;media;Adaptar carga, volumen, frecuencia, rango, descansos y tareas al nivel, historial, molestias, material, preferencias y disponibilidad. No sustituye valoración médica/fisioterapéutica si hay dolor, lesión o señales de alarma.
Core, postura y estabilidad;Postura encorvada por hábitos;Tendencia postural asociada a sedentarismo, pantalla o baja fuerza postural.;general;hábitos/entrenamiento;bajo;"FIT2_SRC003;FIT2_SRC009";Control motor;Practicar movimiento lento, controlado y con feedback.;medio;técnica;Test sentadilla profunda controlada;Observar rango, control y compensaciones sin dolor.;Evaluar movilidad global.;bajo;mensual;evaluación;media;Adaptar carga, volumen, frecuencia, rango, descansos y tareas al nivel, historial, molestias, material, preferencias y disponibilidad. No sustituye valoración médica/fisioterapéutica si hay dolor, lesión o señales de alarma.
Core, postura y estabilidad;Postura encorvada por hábitos;Tendencia postural asociada a sedentarismo, pantalla o baja fuerza postural.;general;hábitos/entrenamiento;bajo;"FIT2_SRC003;FIT2_SRC009";Entrenamiento de core anti-movimiento;Planchas, pallof, dead bug, carries y variantes de estabilidad.;bajo;core;Plancha frontal/lateral progresiva;Trabajar core con tiempo o variante adecuada.;Mejorar estabilidad del tronco.;bajo;2-3 días/semana;core;media;Adaptar carga, volumen, frecuencia, rango, descansos y tareas al nivel, historial, molestias, material, preferencias y disponibilidad. No sustituye valoración médica/fisioterapéutica si hay dolor, lesión o señales de alarma.
Core, postura y estabilidad;Postura encorvada por hábitos;Tendencia postural asociada a sedentarismo, pantalla o baja fuerza postural.;general;hábitos/entrenamiento;bajo;"FIT2_SRC003;FIT2_SRC009";Entrenamiento de core anti-movimiento;Planchas, pallof, dead bug, carries y variantes de estabilidad.;bajo;core;Dead bug o bird dog;Ejercicios de core con control lumbo-pélvico.;Mejorar coordinación core-extremidades.;bajo;2-3 días/semana;core;media;Adaptar carga, volumen, frecuencia, rango, descansos y tareas al nivel, historial, molestias, material, preferencias y disponibilidad. No sustituye valoración médica/fisioterapéutica si hay dolor, lesión o señales de alarma.
Core, postura y estabilidad;Postura encorvada por hábitos;Tendencia postural asociada a sedentarismo, pantalla o baja fuerza postural.;general;hábitos/entrenamiento;bajo;"FIT2_SRC003;FIT2_SRC009";Entrenamiento de core anti-movimiento;Planchas, pallof, dead bug, carries y variantes de estabilidad.;bajo;core;Pallof press o antirotación;Trabajo de resistencia a rotación con banda/cable.;Mejorar estabilidad antirotación.;bajo;2-3 días/semana;core;media;Adaptar carga, volumen, frecuencia, rango, descansos y tareas al nivel, historial, molestias, material, preferencias y disponibilidad. No sustituye valoración médica/fisioterapéutica si hay dolor, lesión o señales de alarma.
Core, postura y estabilidad;Postura encorvada por hábitos;Tendencia postural asociada a sedentarismo, pantalla o baja fuerza postural.;general;hábitos/entrenamiento;bajo;"FIT2_SRC003;FIT2_SRC009";Entrenamiento de core anti-movimiento;Planchas, pallof, dead bug, carries y variantes de estabilidad.;bajo;core;Test plancha;Medir tiempo de plancha con técnica válida.;Evaluar core.;bajo;mensual;evaluación;media;Adaptar carga, volumen, frecuencia, rango, descansos y tareas al nivel, historial, molestias, material, preferencias y disponibilidad. No sustituye valoración médica/fisioterapéutica si hay dolor, lesión o señales de alarma.
Core, postura y estabilidad;Postura encorvada por hábitos;Tendencia postural asociada a sedentarismo, pantalla o baja fuerza postural.;general;hábitos/entrenamiento;bajo;"FIT2_SRC003;FIT2_SRC009";Estabilidad escapular;Control de escápulas en empuje, tracción y postura.;bajo;técnica;Activación escapular;Series de face pulls, Y-T-W o retracción/protracción controlada.;Mejorar control escapular.;bajo;2-4 días/semana;técnica;media;Adaptar carga, volumen, frecuencia, rango, descansos y tareas al nivel, historial, molestias, material, preferencias y disponibilidad. No sustituye valoración médica/fisioterapéutica si hay dolor, lesión o señales de alarma.
Core, postura y estabilidad;Postura encorvada por hábitos;Tendencia postural asociada a sedentarismo, pantalla o baja fuerza postural.;general;hábitos/entrenamiento;bajo;"FIT2_SRC003;FIT2_SRC009";Braceo y respiración;Coordinar respiración, presión intraabdominal y tensión del tronco.;medio;técnica;Práctica de braceo;Respirar, bloquear y mantener tensión en series moderadas.;Mejorar estabilidad en fuerza.;medio;cada sesión de fuerza;técnica;media;Adaptar carga, volumen, frecuencia, rango, descansos y tareas al nivel, historial, molestias, material, preferencias y disponibilidad. No sustituye valoración médica/fisioterapéutica si hay dolor, lesión o señales de alarma.
Core, postura y estabilidad;Postura encorvada por hábitos;Tendencia postural asociada a sedentarismo, pantalla o baja fuerza postural.;general;hábitos/entrenamiento;bajo;"FIT2_SRC003;FIT2_SRC009";Técnica por patrones de movimiento;Enseñar sentadilla, bisagra, empuje, tracción, zancada, transporte y core.;medio;técnica;Revisión de técnica de sentadilla;Checklist de pies, rodillas, cadera, tronco, profundidad y control.;Mejorar sentadilla.;medio;semanal;técnica;alta;Adaptar carga, volumen, frecuencia, rango, descansos y tareas al nivel, historial, molestias, material, preferencias y disponibilidad. No sustituye valoración médica/fisioterapéutica si hay dolor, lesión o señales de alarma.
Core, postura y estabilidad;Postura encorvada por hábitos;Tendencia postural asociada a sedentarismo, pantalla o baja fuerza postural.;general;hábitos/entrenamiento;bajo;"FIT2_SRC003;FIT2_SRC009";Técnica por patrones de movimiento;Enseñar sentadilla, bisagra, empuje, tracción, zancada, transporte y core.;medio;técnica;Revisión de bisagra;Checklist de cadera atrás, columna neutra, tensión dorsal y rango.;Mejorar bisagra.;medio;semanal;técnica;alta;Adaptar carga, volumen, frecuencia, rango, descansos y tareas al nivel, historial, molestias, material, preferencias y disponibilidad. No sustituye valoración médica/fisioterapéutica si hay dolor, lesión o señales de alarma.
Core, postura y estabilidad;Postura encorvada por hábitos;Tendencia postural asociada a sedentarismo, pantalla o baja fuerza postural.;general;hábitos/entrenamiento;bajo;"FIT2_SRC003;FIT2_SRC009";Técnica por patrones de movimiento;Enseñar sentadilla, bisagra, empuje, tracción, zancada, transporte y core.;medio;técnica;Revisión de empuje;Checklist de escápulas, muñeca/codo, trayectoria y control.;Mejorar press/flexión.;bajo;semanal;técnica;alta;Adaptar carga, volumen, frecuencia, rango, descansos y tareas al nivel, historial, molestias, material, preferencias y disponibilidad. No sustituye valoración médica/fisioterapéutica si hay dolor, lesión o señales de alarma.
Core, postura y estabilidad;Postura encorvada por hábitos;Tendencia postural asociada a sedentarismo, pantalla o baja fuerza postural.;general;hábitos/entrenamiento;bajo;"FIT2_SRC003;FIT2_SRC009";Técnica por patrones de movimiento;Enseñar sentadilla, bisagra, empuje, tracción, zancada, transporte y core.;medio;técnica;Revisión de tracción;Checklist de escápula, codo, torso y recorrido.;Mejorar remos/dominadas.;bajo;semanal;técnica;alta;Adaptar carga, volumen, frecuencia, rango, descansos y tareas al nivel, historial, molestias, material, preferencias y disponibilidad. No sustituye valoración médica/fisioterapéutica si hay dolor, lesión o señales de alarma.
Core, postura y estabilidad;Postura encorvada por hábitos;Tendencia postural asociada a sedentarismo, pantalla o baja fuerza postural.;general;hábitos/entrenamiento;bajo;"FIT2_SRC003;FIT2_SRC009";Técnica por patrones de movimiento;Enseñar sentadilla, bisagra, empuje, tracción, zancada, transporte y core.;medio;técnica;Revisión de unilateral;Checklist de equilibrio, rodilla, cadera y control de zancadas.;Mejorar trabajo unilateral.;bajo;semanal;técnica;alta;Adaptar carga, volumen, frecuencia, rango, descansos y tareas al nivel, historial, molestias, material, preferencias y disponibilidad. No sustituye valoración médica/fisioterapéutica si hay dolor, lesión o señales de alarma.
Core, postura y estabilidad;Postura encorvada por hábitos;Tendencia postural asociada a sedentarismo, pantalla o baja fuerza postural.;general;hábitos/entrenamiento;bajo;"FIT2_SRC003;FIT2_SRC009";Calentamiento RAMP;Elevar temperatura, activar, movilizar y potenciar antes de entrenar.;bajo;preparación;Calentamiento RAMP;Realizar 5-10 min de elevar, activar, movilizar y preparar patrón.;Preparar sesión.;bajo;cada sesión;preparación;media;Adaptar carga, volumen, frecuencia, rango, descansos y tareas al nivel, historial, molestias, material, preferencias y disponibilidad. No sustituye valoración médica/fisioterapéutica si hay dolor, lesión o señales de alarma.
Core, postura y estabilidad;Postura encorvada por hábitos;Tendencia postural asociada a sedentarismo, pantalla o baja fuerza postural.;general;hábitos/entrenamiento;bajo;"FIT2_SRC003;FIT2_SRC009";Calentamiento RAMP;Elevar temperatura, activar, movilizar y potenciar antes de entrenar.;bajo;preparación;Plan de calentamiento específico;Elegir movilidad y series de aproximación según ejercicio principal.;Preparar básicos.;bajo;cada sesión;preparación;media;Adaptar carga, volumen, frecuencia, rango, descansos y tareas al nivel, historial, molestias, material, preferencias y disponibilidad. No sustituye valoración médica/fisioterapéutica si hay dolor, lesión o señales de alarma.
Core, postura y estabilidad;Postura encorvada por hábitos;Tendencia postural asociada a sedentarismo, pantalla o baja fuerza postural.;general;hábitos/entrenamiento;bajo;"FIT2_SRC003;FIT2_SRC009";Feedback técnico con vídeo;Usar grabaciones para revisar patrón y progresar con seguridad.;medio;técnica;Grabación técnica breve;Grabar una serie lateral/frontal y revisar puntos clave.;Mejorar técnica.;medio;semanal;técnica;media;Adaptar carga, volumen, frecuencia, rango, descansos y tareas al nivel, historial, molestias, material, preferencias y disponibilidad. No sustituye valoración médica/fisioterapéutica si hay dolor, lesión o señales de alarma.
Core, postura y estabilidad;Postura encorvada por hábitos;Tendencia postural asociada a sedentarismo, pantalla o baja fuerza postural.;general;hábitos/entrenamiento;bajo;"FIT2_SRC003;FIT2_SRC009";Selección de ejercicios por Body Muscles;Elegir ejercicios según región muscular y objetivo visual/anatómico.;bajo;programación;Selección por grupo muscular;Elegir 2-4 ejercicios por región Body Muscles objetivo.;Conectar objetivo visual/anatómico.;bajo;según rutina;programación;media;Adaptar carga, volumen, frecuencia, rango, descansos y tareas al nivel, historial, molestias, material, preferencias y disponibilidad. No sustituye valoración médica/fisioterapéutica si hay dolor, lesión o señales de alarma.
Core, postura y estabilidad;Déficit de estabilidad escapular;Dificultad para controlar escápulas en empujes, tracciones o postura.;general;técnica;bajo;"FIT2_SRC009;FIT2_SRC012";Control motor;Practicar movimiento lento, controlado y con feedback.;medio;técnica;Control motor lento;Realizar repeticiones lentas con pausa en punto difícil.;Mejorar control del patrón.;medio;2-3 días/semana;técnica;media;Adaptar carga, volumen, frecuencia, rango, descansos y tareas al nivel, historial, molestias, material, preferencias y disponibilidad. No sustituye valoración médica/fisioterapéutica si hay dolor, lesión o señales de alarma.
Core, postura y estabilidad;Déficit de estabilidad escapular;Dificultad para controlar escápulas en empujes, tracciones o postura.;general;técnica;bajo;"FIT2_SRC009;FIT2_SRC012";Control motor;Practicar movimiento lento, controlado y con feedback.;medio;técnica;Test sentadilla profunda controlada;Observar rango, control y compensaciones sin dolor.;Evaluar movilidad global.;bajo;mensual;evaluación;media;Adaptar carga, volumen, frecuencia, rango, descansos y tareas al nivel, historial, molestias, material, preferencias y disponibilidad. No sustituye valoración médica/fisioterapéutica si hay dolor, lesión o señales de alarma.
Core, postura y estabilidad;Déficit de estabilidad escapular;Dificultad para controlar escápulas en empujes, tracciones o postura.;general;técnica;bajo;"FIT2_SRC009;FIT2_SRC012";Entrenamiento de core anti-movimiento;Planchas, pallof, dead bug, carries y variantes de estabilidad.;bajo;core;Plancha frontal/lateral progresiva;Trabajar core con tiempo o variante adecuada.;Mejorar estabilidad del tronco.;bajo;2-3 días/semana;core;media;Adaptar carga, volumen, frecuencia, rango, descansos y tareas al nivel, historial, molestias, material, preferencias y disponibilidad. No sustituye valoración médica/fisioterapéutica si hay dolor, lesión o señales de alarma.
Core, postura y estabilidad;Déficit de estabilidad escapular;Dificultad para controlar escápulas en empujes, tracciones o postura.;general;técnica;bajo;"FIT2_SRC009;FIT2_SRC012";Entrenamiento de core anti-movimiento;Planchas, pallof, dead bug, carries y variantes de estabilidad.;bajo;core;Dead bug o bird dog;Ejercicios de core con control lumbo-pélvico.;Mejorar coordinación core-extremidades.;bajo;2-3 días/semana;core;media;Adaptar carga, volumen, frecuencia, rango, descansos y tareas al nivel, historial, molestias, material, preferencias y disponibilidad. No sustituye valoración médica/fisioterapéutica si hay dolor, lesión o señales de alarma.
Core, postura y estabilidad;Déficit de estabilidad escapular;Dificultad para controlar escápulas en empujes, tracciones o postura.;general;técnica;bajo;"FIT2_SRC009;FIT2_SRC012";Entrenamiento de core anti-movimiento;Planchas, pallof, dead bug, carries y variantes de estabilidad.;bajo;core;Pallof press o antirotación;Trabajo de resistencia a rotación con banda/cable.;Mejorar estabilidad antirotación.;bajo;2-3 días/semana;core;media;Adaptar carga, volumen, frecuencia, rango, descansos y tareas al nivel, historial, molestias, material, preferencias y disponibilidad. No sustituye valoración médica/fisioterapéutica si hay dolor, lesión o señales de alarma.
Core, postura y estabilidad;Déficit de estabilidad escapular;Dificultad para controlar escápulas en empujes, tracciones o postura.;general;técnica;bajo;"FIT2_SRC009;FIT2_SRC012";Entrenamiento de core anti-movimiento;Planchas, pallof, dead bug, carries y variantes de estabilidad.;bajo;core;Test plancha;Medir tiempo de plancha con técnica válida.;Evaluar core.;bajo;mensual;evaluación;media;Adaptar carga, volumen, frecuencia, rango, descansos y tareas al nivel, historial, molestias, material, preferencias y disponibilidad. No sustituye valoración médica/fisioterapéutica si hay dolor, lesión o señales de alarma.
Core, postura y estabilidad;Déficit de estabilidad escapular;Dificultad para controlar escápulas en empujes, tracciones o postura.;general;técnica;bajo;"FIT2_SRC009;FIT2_SRC012";Estabilidad escapular;Control de escápulas en empuje, tracción y postura.;bajo;técnica;Activación escapular;Series de face pulls, Y-T-W o retracción/protracción controlada.;Mejorar control escapular.;bajo;2-4 días/semana;técnica;media;Adaptar carga, volumen, frecuencia, rango, descansos y tareas al nivel, historial, molestias, material, preferencias y disponibilidad. No sustituye valoración médica/fisioterapéutica si hay dolor, lesión o señales de alarma.
Core, postura y estabilidad;Déficit de estabilidad escapular;Dificultad para controlar escápulas en empujes, tracciones o postura.;general;técnica;bajo;"FIT2_SRC009;FIT2_SRC012";Braceo y respiración;Coordinar respiración, presión intraabdominal y tensión del tronco.;medio;técnica;Práctica de braceo;Respirar, bloquear y mantener tensión en series moderadas.;Mejorar estabilidad en fuerza.;medio;cada sesión de fuerza;técnica;media;Adaptar carga, volumen, frecuencia, rango, descansos y tareas al nivel, historial, molestias, material, preferencias y disponibilidad. No sustituye valoración médica/fisioterapéutica si hay dolor, lesión o señales de alarma.
Core, postura y estabilidad;Déficit de estabilidad escapular;Dificultad para controlar escápulas en empujes, tracciones o postura.;general;técnica;bajo;"FIT2_SRC009;FIT2_SRC012";Técnica por patrones de movimiento;Enseñar sentadilla, bisagra, empuje, tracción, zancada, transporte y core.;medio;técnica;Revisión de técnica de sentadilla;Checklist de pies, rodillas, cadera, tronco, profundidad y control.;Mejorar sentadilla.;medio;semanal;técnica;alta;Adaptar carga, volumen, frecuencia, rango, descansos y tareas al nivel, historial, molestias, material, preferencias y disponibilidad. No sustituye valoración médica/fisioterapéutica si hay dolor, lesión o señales de alarma.
Core, postura y estabilidad;Déficit de estabilidad escapular;Dificultad para controlar escápulas en empujes, tracciones o postura.;general;técnica;bajo;"FIT2_SRC009;FIT2_SRC012";Técnica por patrones de movimiento;Enseñar sentadilla, bisagra, empuje, tracción, zancada, transporte y core.;medio;técnica;Revisión de bisagra;Checklist de cadera atrás, columna neutra, tensión dorsal y rango.;Mejorar bisagra.;medio;semanal;técnica;alta;Adaptar carga, volumen, frecuencia, rango, descansos y tareas al nivel, historial, molestias, material, preferencias y disponibilidad. No sustituye valoración médica/fisioterapéutica si hay dolor, lesión o señales de alarma.
Core, postura y estabilidad;Déficit de estabilidad escapular;Dificultad para controlar escápulas en empujes, tracciones o postura.;general;técnica;bajo;"FIT2_SRC009;FIT2_SRC012";Técnica por patrones de movimiento;Enseñar sentadilla, bisagra, empuje, tracción, zancada, transporte y core.;medio;técnica;Revisión de empuje;Checklist de escápulas, muñeca/codo, trayectoria y control.;Mejorar press/flexión.;bajo;semanal;técnica;alta;Adaptar carga, volumen, frecuencia, rango, descansos y tareas al nivel, historial, molestias, material, preferencias y disponibilidad. No sustituye valoración médica/fisioterapéutica si hay dolor, lesión o señales de alarma.
Core, postura y estabilidad;Déficit de estabilidad escapular;Dificultad para controlar escápulas en empujes, tracciones o postura.;general;técnica;bajo;"FIT2_SRC009;FIT2_SRC012";Técnica por patrones de movimiento;Enseñar sentadilla, bisagra, empuje, tracción, zancada, transporte y core.;medio;técnica;Revisión de tracción;Checklist de escápula, codo, torso y recorrido.;Mejorar remos/dominadas.;bajo;semanal;técnica;alta;Adaptar carga, volumen, frecuencia, rango, descansos y tareas al nivel, historial, molestias, material, preferencias y disponibilidad. No sustituye valoración médica/fisioterapéutica si hay dolor, lesión o señales de alarma.
Core, postura y estabilidad;Déficit de estabilidad escapular;Dificultad para controlar escápulas en empujes, tracciones o postura.;general;técnica;bajo;"FIT2_SRC009;FIT2_SRC012";Técnica por patrones de movimiento;Enseñar sentadilla, bisagra, empuje, tracción, zancada, transporte y core.;medio;técnica;Revisión de unilateral;Checklist de equilibrio, rodilla, cadera y control de zancadas.;Mejorar trabajo unilateral.;bajo;semanal;técnica;alta;Adaptar carga, volumen, frecuencia, rango, descansos y tareas al nivel, historial, molestias, material, preferencias y disponibilidad. No sustituye valoración médica/fisioterapéutica si hay dolor, lesión o señales de alarma.
Core, postura y estabilidad;Déficit de estabilidad escapular;Dificultad para controlar escápulas en empujes, tracciones o postura.;general;técnica;bajo;"FIT2_SRC009;FIT2_SRC012";Calentamiento RAMP;Elevar temperatura, activar, movilizar y potenciar antes de entrenar.;bajo;preparación;Calentamiento RAMP;Realizar 5-10 min de elevar, activar, movilizar y preparar patrón.;Preparar sesión.;bajo;cada sesión;preparación;media;Adaptar carga, volumen, frecuencia, rango, descansos y tareas al nivel, historial, molestias, material, preferencias y disponibilidad. No sustituye valoración médica/fisioterapéutica si hay dolor, lesión o señales de alarma.
Core, postura y estabilidad;Déficit de estabilidad escapular;Dificultad para controlar escápulas en empujes, tracciones o postura.;general;técnica;bajo;"FIT2_SRC009;FIT2_SRC012";Calentamiento RAMP;Elevar temperatura, activar, movilizar y potenciar antes de entrenar.;bajo;preparación;Plan de calentamiento específico;Elegir movilidad y series de aproximación según ejercicio principal.;Preparar básicos.;bajo;cada sesión;preparación;media;Adaptar carga, volumen, frecuencia, rango, descansos y tareas al nivel, historial, molestias, material, preferencias y disponibilidad. No sustituye valoración médica/fisioterapéutica si hay dolor, lesión o señales de alarma.
Core, postura y estabilidad;Déficit de estabilidad escapular;Dificultad para controlar escápulas en empujes, tracciones o postura.;general;técnica;bajo;"FIT2_SRC009;FIT2_SRC012";Feedback técnico con vídeo;Usar grabaciones para revisar patrón y progresar con seguridad.;medio;técnica;Grabación técnica breve;Grabar una serie lateral/frontal y revisar puntos clave.;Mejorar técnica.;medio;semanal;técnica;media;Adaptar carga, volumen, frecuencia, rango, descansos y tareas al nivel, historial, molestias, material, preferencias y disponibilidad. No sustituye valoración médica/fisioterapéutica si hay dolor, lesión o señales de alarma.
Core, postura y estabilidad;Déficit de estabilidad escapular;Dificultad para controlar escápulas en empujes, tracciones o postura.;general;técnica;bajo;"FIT2_SRC009;FIT2_SRC012";Selección de ejercicios por Body Muscles;Elegir ejercicios según región muscular y objetivo visual/anatómico.;bajo;programación;Selección por grupo muscular;Elegir 2-4 ejercicios por región Body Muscles objetivo.;Conectar objetivo visual/anatómico.;bajo;según rutina;programación;media;Adaptar carga, volumen, frecuencia, rango, descansos y tareas al nivel, historial, molestias, material, preferencias y disponibilidad. No sustituye valoración médica/fisioterapéutica si hay dolor, lesión o señales de alarma.
Core, postura y estabilidad;Respiración y braceo deficientes;Dificultad para coordinar respiración y tensión del tronco en fuerza.;general;técnica;bajo;"FIT2_SRC004;FIT2_SRC009";Control motor;Practicar movimiento lento, controlado y con feedback.;medio;técnica;Control motor lento;Realizar repeticiones lentas con pausa en punto difícil.;Mejorar control del patrón.;medio;2-3 días/semana;técnica;media;Adaptar carga, volumen, frecuencia, rango, descansos y tareas al nivel, historial, molestias, material, preferencias y disponibilidad. No sustituye valoración médica/fisioterapéutica si hay dolor, lesión o señales de alarma.
Core, postura y estabilidad;Respiración y braceo deficientes;Dificultad para coordinar respiración y tensión del tronco en fuerza.;general;técnica;bajo;"FIT2_SRC004;FIT2_SRC009";Control motor;Practicar movimiento lento, controlado y con feedback.;medio;técnica;Test sentadilla profunda controlada;Observar rango, control y compensaciones sin dolor.;Evaluar movilidad global.;bajo;mensual;evaluación;media;Adaptar carga, volumen, frecuencia, rango, descansos y tareas al nivel, historial, molestias, material, preferencias y disponibilidad. No sustituye valoración médica/fisioterapéutica si hay dolor, lesión o señales de alarma.
Core, postura y estabilidad;Respiración y braceo deficientes;Dificultad para coordinar respiración y tensión del tronco en fuerza.;general;técnica;bajo;"FIT2_SRC004;FIT2_SRC009";Entrenamiento de core anti-movimiento;Planchas, pallof, dead bug, carries y variantes de estabilidad.;bajo;core;Plancha frontal/lateral progresiva;Trabajar core con tiempo o variante adecuada.;Mejorar estabilidad del tronco.;bajo;2-3 días/semana;core;media;Adaptar carga, volumen, frecuencia, rango, descansos y tareas al nivel, historial, molestias, material, preferencias y disponibilidad. No sustituye valoración médica/fisioterapéutica si hay dolor, lesión o señales de alarma.
Core, postura y estabilidad;Respiración y braceo deficientes;Dificultad para coordinar respiración y tensión del tronco en fuerza.;general;técnica;bajo;"FIT2_SRC004;FIT2_SRC009";Entrenamiento de core anti-movimiento;Planchas, pallof, dead bug, carries y variantes de estabilidad.;bajo;core;Dead bug o bird dog;Ejercicios de core con control lumbo-pélvico.;Mejorar coordinación core-extremidades.;bajo;2-3 días/semana;core;media;Adaptar carga, volumen, frecuencia, rango, descansos y tareas al nivel, historial, molestias, material, preferencias y disponibilidad. No sustituye valoración médica/fisioterapéutica si hay dolor, lesión o señales de alarma.
Core, postura y estabilidad;Respiración y braceo deficientes;Dificultad para coordinar respiración y tensión del tronco en fuerza.;general;técnica;bajo;"FIT2_SRC004;FIT2_SRC009";Entrenamiento de core anti-movimiento;Planchas, pallof, dead bug, carries y variantes de estabilidad.;bajo;core;Pallof press o antirotación;Trabajo de resistencia a rotación con banda/cable.;Mejorar estabilidad antirotación.;bajo;2-3 días/semana;core;media;Adaptar carga, volumen, frecuencia, rango, descansos y tareas al nivel, historial, molestias, material, preferencias y disponibilidad. No sustituye valoración médica/fisioterapéutica si hay dolor, lesión o señales de alarma.
Core, postura y estabilidad;Respiración y braceo deficientes;Dificultad para coordinar respiración y tensión del tronco en fuerza.;general;técnica;bajo;"FIT2_SRC004;FIT2_SRC009";Entrenamiento de core anti-movimiento;Planchas, pallof, dead bug, carries y variantes de estabilidad.;bajo;core;Test plancha;Medir tiempo de plancha con técnica válida.;Evaluar core.;bajo;mensual;evaluación;media;Adaptar carga, volumen, frecuencia, rango, descansos y tareas al nivel, historial, molestias, material, preferencias y disponibilidad. No sustituye valoración médica/fisioterapéutica si hay dolor, lesión o señales de alarma.
Core, postura y estabilidad;Respiración y braceo deficientes;Dificultad para coordinar respiración y tensión del tronco en fuerza.;general;técnica;bajo;"FIT2_SRC004;FIT2_SRC009";Estabilidad escapular;Control de escápulas en empuje, tracción y postura.;bajo;técnica;Activación escapular;Series de face pulls, Y-T-W o retracción/protracción controlada.;Mejorar control escapular.;bajo;2-4 días/semana;técnica;media;Adaptar carga, volumen, frecuencia, rango, descansos y tareas al nivel, historial, molestias, material, preferencias y disponibilidad. No sustituye valoración médica/fisioterapéutica si hay dolor, lesión o señales de alarma.
Core, postura y estabilidad;Respiración y braceo deficientes;Dificultad para coordinar respiración y tensión del tronco en fuerza.;general;técnica;bajo;"FIT2_SRC004;FIT2_SRC009";Braceo y respiración;Coordinar respiración, presión intraabdominal y tensión del tronco.;medio;técnica;Práctica de braceo;Respirar, bloquear y mantener tensión en series moderadas.;Mejorar estabilidad en fuerza.;medio;cada sesión de fuerza;técnica;media;Adaptar carga, volumen, frecuencia, rango, descansos y tareas al nivel, historial, molestias, material, preferencias y disponibilidad. No sustituye valoración médica/fisioterapéutica si hay dolor, lesión o señales de alarma.
Core, postura y estabilidad;Respiración y braceo deficientes;Dificultad para coordinar respiración y tensión del tronco en fuerza.;general;técnica;bajo;"FIT2_SRC004;FIT2_SRC009";Técnica por patrones de movimiento;Enseñar sentadilla, bisagra, empuje, tracción, zancada, transporte y core.;medio;técnica;Revisión de técnica de sentadilla;Checklist de pies, rodillas, cadera, tronco, profundidad y control.;Mejorar sentadilla.;medio;semanal;técnica;alta;Adaptar carga, volumen, frecuencia, rango, descansos y tareas al nivel, historial, molestias, material, preferencias y disponibilidad. No sustituye valoración médica/fisioterapéutica si hay dolor, lesión o señales de alarma.
Core, postura y estabilidad;Respiración y braceo deficientes;Dificultad para coordinar respiración y tensión del tronco en fuerza.;general;técnica;bajo;"FIT2_SRC004;FIT2_SRC009";Técnica por patrones de movimiento;Enseñar sentadilla, bisagra, empuje, tracción, zancada, transporte y core.;medio;técnica;Revisión de bisagra;Checklist de cadera atrás, columna neutra, tensión dorsal y rango.;Mejorar bisagra.;medio;semanal;técnica;alta;Adaptar carga, volumen, frecuencia, rango, descansos y tareas al nivel, historial, molestias, material, preferencias y disponibilidad. No sustituye valoración médica/fisioterapéutica si hay dolor, lesión o señales de alarma.
Core, postura y estabilidad;Respiración y braceo deficientes;Dificultad para coordinar respiración y tensión del tronco en fuerza.;general;técnica;bajo;"FIT2_SRC004;FIT2_SRC009";Técnica por patrones de movimiento;Enseñar sentadilla, bisagra, empuje, tracción, zancada, transporte y core.;medio;técnica;Revisión de empuje;Checklist de escápulas, muñeca/codo, trayectoria y control.;Mejorar press/flexión.;bajo;semanal;técnica;alta;Adaptar carga, volumen, frecuencia, rango, descansos y tareas al nivel, historial, molestias, material, preferencias y disponibilidad. No sustituye valoración médica/fisioterapéutica si hay dolor, lesión o señales de alarma.
Core, postura y estabilidad;Respiración y braceo deficientes;Dificultad para coordinar respiración y tensión del tronco en fuerza.;general;técnica;bajo;"FIT2_SRC004;FIT2_SRC009";Técnica por patrones de movimiento;Enseñar sentadilla, bisagra, empuje, tracción, zancada, transporte y core.;medio;técnica;Revisión de tracción;Checklist de escápula, codo, torso y recorrido.;Mejorar remos/dominadas.;bajo;semanal;técnica;alta;Adaptar carga, volumen, frecuencia, rango, descansos y tareas al nivel, historial, molestias, material, preferencias y disponibilidad. No sustituye valoración médica/fisioterapéutica si hay dolor, lesión o señales de alarma.
Core, postura y estabilidad;Respiración y braceo deficientes;Dificultad para coordinar respiración y tensión del tronco en fuerza.;general;técnica;bajo;"FIT2_SRC004;FIT2_SRC009";Técnica por patrones de movimiento;Enseñar sentadilla, bisagra, empuje, tracción, zancada, transporte y core.;medio;técnica;Revisión de unilateral;Checklist de equilibrio, rodilla, cadera y control de zancadas.;Mejorar trabajo unilateral.;bajo;semanal;técnica;alta;Adaptar carga, volumen, frecuencia, rango, descansos y tareas al nivel, historial, molestias, material, preferencias y disponibilidad. No sustituye valoración médica/fisioterapéutica si hay dolor, lesión o señales de alarma.
Core, postura y estabilidad;Respiración y braceo deficientes;Dificultad para coordinar respiración y tensión del tronco en fuerza.;general;técnica;bajo;"FIT2_SRC004;FIT2_SRC009";Calentamiento RAMP;Elevar temperatura, activar, movilizar y potenciar antes de entrenar.;bajo;preparación;Calentamiento RAMP;Realizar 5-10 min de elevar, activar, movilizar y preparar patrón.;Preparar sesión.;bajo;cada sesión;preparación;media;Adaptar carga, volumen, frecuencia, rango, descansos y tareas al nivel, historial, molestias, material, preferencias y disponibilidad. No sustituye valoración médica/fisioterapéutica si hay dolor, lesión o señales de alarma.
Core, postura y estabilidad;Respiración y braceo deficientes;Dificultad para coordinar respiración y tensión del tronco en fuerza.;general;técnica;bajo;"FIT2_SRC004;FIT2_SRC009";Calentamiento RAMP;Elevar temperatura, activar, movilizar y potenciar antes de entrenar.;bajo;preparación;Plan de calentamiento específico;Elegir movilidad y series de aproximación según ejercicio principal.;Preparar básicos.;bajo;cada sesión;preparación;media;Adaptar carga, volumen, frecuencia, rango, descansos y tareas al nivel, historial, molestias, material, preferencias y disponibilidad. No sustituye valoración médica/fisioterapéutica si hay dolor, lesión o señales de alarma.
Core, postura y estabilidad;Respiración y braceo deficientes;Dificultad para coordinar respiración y tensión del tronco en fuerza.;general;técnica;bajo;"FIT2_SRC004;FIT2_SRC009";Feedback técnico con vídeo;Usar grabaciones para revisar patrón y progresar con seguridad.;medio;técnica;Grabación técnica breve;Grabar una serie lateral/frontal y revisar puntos clave.;Mejorar técnica.;medio;semanal;técnica;media;Adaptar carga, volumen, frecuencia, rango, descansos y tareas al nivel, historial, molestias, material, preferencias y disponibilidad. No sustituye valoración médica/fisioterapéutica si hay dolor, lesión o señales de alarma.
Core, postura y estabilidad;Respiración y braceo deficientes;Dificultad para coordinar respiración y tensión del tronco en fuerza.;general;técnica;bajo;"FIT2_SRC004;FIT2_SRC009";Selección de ejercicios por Body Muscles;Elegir ejercicios según región muscular y objetivo visual/anatómico.;bajo;programación;Selección por grupo muscular;Elegir 2-4 ejercicios por región Body Muscles objetivo.;Conectar objetivo visual/anatómico.;bajo;según rutina;programación;media;Adaptar carga, volumen, frecuencia, rango, descansos y tareas al nivel, historial, molestias, material, preferencias y disponibilidad. No sustituye valoración médica/fisioterapéutica si hay dolor, lesión o señales de alarma.
Cardio y capacidad aeróbica;Mejorar capacidad aeróbica;Aumentar resistencia cardiovascular de base.;general;cardio;bajo;"FIT2_SRC001;FIT2_SRC002";NEAT y pasos diarios;Aumentar movimiento cotidiano y reducir sedentarismo.;bajo;hábitos;Meta de pasos diarios;Definir meta realista de pasos y revisar media semanal.;Aumentar NEAT.;bajo;diario;hábitos;alta;Adaptar carga, volumen, frecuencia, rango, descansos y tareas al nivel, historial, molestias, material, preferencias y disponibilidad. No sustituye valoración médica/fisioterapéutica si hay dolor, lesión o señales de alarma.
Cardio y capacidad aeróbica;Mejorar capacidad aeróbica;Aumentar resistencia cardiovascular de base.;general;cardio;bajo;"FIT2_SRC001;FIT2_SRC002";NEAT y pasos diarios;Aumentar movimiento cotidiano y reducir sedentarismo.;bajo;hábitos;Pausas activas;Levantarme y moverme 2-5 minutos cada cierto tiempo.;Reducir sedentarismo.;bajo;diario;hábitos;alta;Adaptar carga, volumen, frecuencia, rango, descansos y tareas al nivel, historial, molestias, material, preferencias y disponibilidad. No sustituye valoración médica/fisioterapéutica si hay dolor, lesión o señales de alarma.
Cardio y capacidad aeróbica;Mejorar capacidad aeróbica;Aumentar resistencia cardiovascular de base.;general;cardio;bajo;"FIT2_SRC001;FIT2_SRC002";NEAT y pasos diarios;Aumentar movimiento cotidiano y reducir sedentarismo.;bajo;hábitos;Reto de pasos progresivo;Subir 500-1000 pasos/día cada 1-2 semanas según tolerancia.;Aumentar gasto y salud.;bajo;semanal;hábitos;alta;Adaptar carga, volumen, frecuencia, rango, descansos y tareas al nivel, historial, molestias, material, preferencias y disponibilidad. No sustituye valoración médica/fisioterapéutica si hay dolor, lesión o señales de alarma.
Cardio y capacidad aeróbica;Mejorar capacidad aeróbica;Aumentar resistencia cardiovascular de base.;general;cardio;bajo;"FIT2_SRC001;FIT2_SRC002";NEAT y pasos diarios;Aumentar movimiento cotidiano y reducir sedentarismo.;bajo;hábitos;Plan de salida de sedentarismo;Añadir caminatas cortas, pausas activas y fuerza básica gradual.;Reducir sedentarismo.;bajo;2-4 semanas;hábitos;alta;Adaptar carga, volumen, frecuencia, rango, descansos y tareas al nivel, historial, molestias, material, preferencias y disponibilidad. No sustituye valoración médica/fisioterapéutica si hay dolor, lesión o señales de alarma.
Cardio y capacidad aeróbica;Mejorar capacidad aeróbica;Aumentar resistencia cardiovascular de base.;general;cardio;bajo;"FIT2_SRC001;FIT2_SRC002";Cardio zona 2;Trabajo aeróbico moderado y sostenible.;bajo;cardio;Cardio zona 2;Realizar cardio conversacional 20-40 minutos.;Mejorar base aeróbica.;bajo;2-4 días/semana;cardio;media;Adaptar carga, volumen, frecuencia, rango, descansos y tareas al nivel, historial, molestias, material, preferencias y disponibilidad. No sustituye valoración médica/fisioterapéutica si hay dolor, lesión o señales de alarma.
Cardio y capacidad aeróbica;Mejorar capacidad aeróbica;Aumentar resistencia cardiovascular de base.;general;cardio;bajo;"FIT2_SRC001;FIT2_SRC002";Intervalos moderados;Alternar esfuerzos y recuperación sin exceder tolerancia.;medio;cardio;Intervalos moderados;Alternar 1-3 min de esfuerzo y recuperación controlada.;Mejorar capacidad cardiovascular.;medio;1-2 días/semana;cardio;media;Adaptar carga, volumen, frecuencia, rango, descansos y tareas al nivel, historial, molestias, material, preferencias y disponibilidad. No sustituye valoración médica/fisioterapéutica si hay dolor, lesión o señales de alarma.
Cardio y capacidad aeróbica;Mejorar capacidad aeróbica;Aumentar resistencia cardiovascular de base.;general;cardio;bajo;"FIT2_SRC001;FIT2_SRC002";HIIT dosificado;Intervalos intensos con volumen limitado y recuperación suficiente.;medio;cardio;HIIT dosificado;Realizar intervalos intensos con volumen bajo y recuperación suficiente.;Mejorar potencia aeróbica/anaeróbica.;medio;1 día/semana;cardio;media;Adaptar carga, volumen, frecuencia, rango, descansos y tareas al nivel, historial, molestias, material, preferencias y disponibilidad. No sustituye valoración médica/fisioterapéutica si hay dolor, lesión o señales de alarma.
Cardio y capacidad aeróbica;Mejorar capacidad aeróbica;Aumentar resistencia cardiovascular de base.;general;cardio;bajo;"FIT2_SRC001;FIT2_SRC002";Caminata-carrera progresiva;Alternar caminar y correr para introducir carrera de forma gradual.;medio;cardio;Plan caminar-correr;Alternar caminar y correr aumentando tiempo de carrera gradualmente.;Preparar carrera básica.;medio;3 días/semana;cardio;media;Adaptar carga, volumen, frecuencia, rango, descansos y tareas al nivel, historial, molestias, material, preferencias y disponibilidad. No sustituye valoración médica/fisioterapéutica si hay dolor, lesión o señales de alarma.
Cardio y capacidad aeróbica;Mejorar capacidad aeróbica;Aumentar resistencia cardiovascular de base.;general;cardio;bajo;"FIT2_SRC001;FIT2_SRC002";Hidratación y electrolitos básicos;Promover ingesta de líquidos y atención a calor/sudoración.;bajo;nutrición básica;Plan de hidratación;Definir botella/meta diaria y estrategia en entrenamientos/calor.;Mejorar hidratación.;bajo;diario;nutrición básica;media;Adaptar carga, volumen, frecuencia, rango, descansos y tareas al nivel, historial, molestias, material, preferencias y disponibilidad. No sustituye valoración médica/fisioterapéutica si hay dolor, lesión o señales de alarma.
Cardio y capacidad aeróbica;Mejorar capacidad aeróbica;Aumentar resistencia cardiovascular de base.;general;cardio;bajo;"FIT2_SRC001;FIT2_SRC002";Seguimiento de cargas;Registrar ejercicios, series, repeticiones, peso y notas.;bajo;seguimiento;Registro de entrenamiento;Anotar ejercicio, series, repeticiones, peso, RIR/RPE y notas.;Medir progreso real.;bajo;cada sesión;seguimiento;alta;Adaptar carga, volumen, frecuencia, rango, descansos y tareas al nivel, historial, molestias, material, preferencias y disponibilidad. No sustituye valoración médica/fisioterapéutica si hay dolor, lesión o señales de alarma.
Cardio y capacidad aeróbica;Mejorar capacidad aeróbica;Aumentar resistencia cardiovascular de base.;general;cardio;bajo;"FIT2_SRC001;FIT2_SRC002";Autoregulación de entrenamiento;Ajustar carga y volumen según energía, sueño, dolor y rendimiento.;medio;programación;Plan post-estancamiento;Revisar sueño, nutrición, volumen, intensidad y técnica antes de cambiar todo.;Resolver estancamiento.;medio;cuando proceda;programación;media;Adaptar carga, volumen, frecuencia, rango, descansos y tareas al nivel, historial, molestias, material, preferencias y disponibilidad. No sustituye valoración médica/fisioterapéutica si hay dolor, lesión o señales de alarma.
Cardio y capacidad aeróbica;Mejorar capacidad aeróbica;Aumentar resistencia cardiovascular de base.;general;cardio;bajo;"FIT2_SRC001;FIT2_SRC002";Autoregulación de entrenamiento;Ajustar carga y volumen según energía, sueño, dolor y rendimiento.;medio;programación;Reducción de carga por fatiga;Aplicar autoregulación si sueño/energía/rendimiento están bajos.;Evitar exceso.;medio;cada sesión;programación;media;Adaptar carga, volumen, frecuencia, rango, descansos y tareas al nivel, historial, molestias, material, preferencias y disponibilidad. No sustituye valoración médica/fisioterapéutica si hay dolor, lesión o señales de alarma.
Cardio y capacidad aeróbica;Introducir cardio moderado;Comenzar cardio de forma segura y sostenible.;principiante;cardio;bajo;"FIT2_SRC001;FIT2_SRC008";NEAT y pasos diarios;Aumentar movimiento cotidiano y reducir sedentarismo.;bajo;hábitos;Meta de pasos diarios;Definir meta realista de pasos y revisar media semanal.;Aumentar NEAT.;bajo;diario;hábitos;alta;Adaptar carga, volumen, frecuencia, rango, descansos y tareas al nivel, historial, molestias, material, preferencias y disponibilidad. No sustituye valoración médica/fisioterapéutica si hay dolor, lesión o señales de alarma.
Cardio y capacidad aeróbica;Introducir cardio moderado;Comenzar cardio de forma segura y sostenible.;principiante;cardio;bajo;"FIT2_SRC001;FIT2_SRC008";NEAT y pasos diarios;Aumentar movimiento cotidiano y reducir sedentarismo.;bajo;hábitos;Pausas activas;Levantarme y moverme 2-5 minutos cada cierto tiempo.;Reducir sedentarismo.;bajo;diario;hábitos;alta;Adaptar carga, volumen, frecuencia, rango, descansos y tareas al nivel, historial, molestias, material, preferencias y disponibilidad. No sustituye valoración médica/fisioterapéutica si hay dolor, lesión o señales de alarma.
Cardio y capacidad aeróbica;Introducir cardio moderado;Comenzar cardio de forma segura y sostenible.;principiante;cardio;bajo;"FIT2_SRC001;FIT2_SRC008";NEAT y pasos diarios;Aumentar movimiento cotidiano y reducir sedentarismo.;bajo;hábitos;Reto de pasos progresivo;Subir 500-1000 pasos/día cada 1-2 semanas según tolerancia.;Aumentar gasto y salud.;bajo;semanal;hábitos;alta;Adaptar carga, volumen, frecuencia, rango, descansos y tareas al nivel, historial, molestias, material, preferencias y disponibilidad. No sustituye valoración médica/fisioterapéutica si hay dolor, lesión o señales de alarma.
Cardio y capacidad aeróbica;Introducir cardio moderado;Comenzar cardio de forma segura y sostenible.;principiante;cardio;bajo;"FIT2_SRC001;FIT2_SRC008";NEAT y pasos diarios;Aumentar movimiento cotidiano y reducir sedentarismo.;bajo;hábitos;Plan de salida de sedentarismo;Añadir caminatas cortas, pausas activas y fuerza básica gradual.;Reducir sedentarismo.;bajo;2-4 semanas;hábitos;alta;Adaptar carga, volumen, frecuencia, rango, descansos y tareas al nivel, historial, molestias, material, preferencias y disponibilidad. No sustituye valoración médica/fisioterapéutica si hay dolor, lesión o señales de alarma.
Cardio y capacidad aeróbica;Introducir cardio moderado;Comenzar cardio de forma segura y sostenible.;principiante;cardio;bajo;"FIT2_SRC001;FIT2_SRC008";Cardio zona 2;Trabajo aeróbico moderado y sostenible.;bajo;cardio;Cardio zona 2;Realizar cardio conversacional 20-40 minutos.;Mejorar base aeróbica.;bajo;2-4 días/semana;cardio;media;Adaptar carga, volumen, frecuencia, rango, descansos y tareas al nivel, historial, molestias, material, preferencias y disponibilidad. No sustituye valoración médica/fisioterapéutica si hay dolor, lesión o señales de alarma.
Cardio y capacidad aeróbica;Introducir cardio moderado;Comenzar cardio de forma segura y sostenible.;principiante;cardio;bajo;"FIT2_SRC001;FIT2_SRC008";Intervalos moderados;Alternar esfuerzos y recuperación sin exceder tolerancia.;medio;cardio;Intervalos moderados;Alternar 1-3 min de esfuerzo y recuperación controlada.;Mejorar capacidad cardiovascular.;medio;1-2 días/semana;cardio;media;Adaptar carga, volumen, frecuencia, rango, descansos y tareas al nivel, historial, molestias, material, preferencias y disponibilidad. No sustituye valoración médica/fisioterapéutica si hay dolor, lesión o señales de alarma.
Cardio y capacidad aeróbica;Introducir cardio moderado;Comenzar cardio de forma segura y sostenible.;principiante;cardio;bajo;"FIT2_SRC001;FIT2_SRC008";HIIT dosificado;Intervalos intensos con volumen limitado y recuperación suficiente.;medio;cardio;HIIT dosificado;Realizar intervalos intensos con volumen bajo y recuperación suficiente.;Mejorar potencia aeróbica/anaeróbica.;medio;1 día/semana;cardio;media;Adaptar carga, volumen, frecuencia, rango, descansos y tareas al nivel, historial, molestias, material, preferencias y disponibilidad. No sustituye valoración médica/fisioterapéutica si hay dolor, lesión o señales de alarma.
Cardio y capacidad aeróbica;Introducir cardio moderado;Comenzar cardio de forma segura y sostenible.;principiante;cardio;bajo;"FIT2_SRC001;FIT2_SRC008";Caminata-carrera progresiva;Alternar caminar y correr para introducir carrera de forma gradual.;medio;cardio;Plan caminar-correr;Alternar caminar y correr aumentando tiempo de carrera gradualmente.;Preparar carrera básica.;medio;3 días/semana;cardio;media;Adaptar carga, volumen, frecuencia, rango, descansos y tareas al nivel, historial, molestias, material, preferencias y disponibilidad. No sustituye valoración médica/fisioterapéutica si hay dolor, lesión o señales de alarma.
Cardio y capacidad aeróbica;Introducir cardio moderado;Comenzar cardio de forma segura y sostenible.;principiante;cardio;bajo;"FIT2_SRC001;FIT2_SRC008";Hidratación y electrolitos básicos;Promover ingesta de líquidos y atención a calor/sudoración.;bajo;nutrición básica;Plan de hidratación;Definir botella/meta diaria y estrategia en entrenamientos/calor.;Mejorar hidratación.;bajo;diario;nutrición básica;media;Adaptar carga, volumen, frecuencia, rango, descansos y tareas al nivel, historial, molestias, material, preferencias y disponibilidad. No sustituye valoración médica/fisioterapéutica si hay dolor, lesión o señales de alarma.
Cardio y capacidad aeróbica;Introducir cardio moderado;Comenzar cardio de forma segura y sostenible.;principiante;cardio;bajo;"FIT2_SRC001;FIT2_SRC008";Seguimiento de cargas;Registrar ejercicios, series, repeticiones, peso y notas.;bajo;seguimiento;Registro de entrenamiento;Anotar ejercicio, series, repeticiones, peso, RIR/RPE y notas.;Medir progreso real.;bajo;cada sesión;seguimiento;alta;Adaptar carga, volumen, frecuencia, rango, descansos y tareas al nivel, historial, molestias, material, preferencias y disponibilidad. No sustituye valoración médica/fisioterapéutica si hay dolor, lesión o señales de alarma.
Cardio y capacidad aeróbica;Introducir cardio moderado;Comenzar cardio de forma segura y sostenible.;principiante;cardio;bajo;"FIT2_SRC001;FIT2_SRC008";Autoregulación de entrenamiento;Ajustar carga y volumen según energía, sueño, dolor y rendimiento.;medio;programación;Plan post-estancamiento;Revisar sueño, nutrición, volumen, intensidad y técnica antes de cambiar todo.;Resolver estancamiento.;medio;cuando proceda;programación;media;Adaptar carga, volumen, frecuencia, rango, descansos y tareas al nivel, historial, molestias, material, preferencias y disponibilidad. No sustituye valoración médica/fisioterapéutica si hay dolor, lesión o señales de alarma.
Cardio y capacidad aeróbica;Introducir cardio moderado;Comenzar cardio de forma segura y sostenible.;principiante;cardio;bajo;"FIT2_SRC001;FIT2_SRC008";Autoregulación de entrenamiento;Ajustar carga y volumen según energía, sueño, dolor y rendimiento.;medio;programación;Reducción de carga por fatiga;Aplicar autoregulación si sueño/energía/rendimiento están bajos.;Evitar exceso.;medio;cada sesión;programación;media;Adaptar carga, volumen, frecuencia, rango, descansos y tareas al nivel, historial, molestias, material, preferencias y disponibilidad. No sustituye valoración médica/fisioterapéutica si hay dolor, lesión o señales de alarma.
Cardio y capacidad aeróbica;Mejorar recuperación entre esfuerzos;Reducir sensación de ahogo o fatiga entre series/intervalos.;general;cardio;medio;"FIT2_SRC002;FIT2_SRC003";NEAT y pasos diarios;Aumentar movimiento cotidiano y reducir sedentarismo.;bajo;hábitos;Meta de pasos diarios;Definir meta realista de pasos y revisar media semanal.;Aumentar NEAT.;bajo;diario;hábitos;alta;Adaptar carga, volumen, frecuencia, rango, descansos y tareas al nivel, historial, molestias, material, preferencias y disponibilidad. No sustituye valoración médica/fisioterapéutica si hay dolor, lesión o señales de alarma.
Cardio y capacidad aeróbica;Mejorar recuperación entre esfuerzos;Reducir sensación de ahogo o fatiga entre series/intervalos.;general;cardio;medio;"FIT2_SRC002;FIT2_SRC003";NEAT y pasos diarios;Aumentar movimiento cotidiano y reducir sedentarismo.;bajo;hábitos;Pausas activas;Levantarme y moverme 2-5 minutos cada cierto tiempo.;Reducir sedentarismo.;bajo;diario;hábitos;alta;Adaptar carga, volumen, frecuencia, rango, descansos y tareas al nivel, historial, molestias, material, preferencias y disponibilidad. No sustituye valoración médica/fisioterapéutica si hay dolor, lesión o señales de alarma.
Cardio y capacidad aeróbica;Mejorar recuperación entre esfuerzos;Reducir sensación de ahogo o fatiga entre series/intervalos.;general;cardio;medio;"FIT2_SRC002;FIT2_SRC003";NEAT y pasos diarios;Aumentar movimiento cotidiano y reducir sedentarismo.;bajo;hábitos;Reto de pasos progresivo;Subir 500-1000 pasos/día cada 1-2 semanas según tolerancia.;Aumentar gasto y salud.;bajo;semanal;hábitos;alta;Adaptar carga, volumen, frecuencia, rango, descansos y tareas al nivel, historial, molestias, material, preferencias y disponibilidad. No sustituye valoración médica/fisioterapéutica si hay dolor, lesión o señales de alarma.
Cardio y capacidad aeróbica;Mejorar recuperación entre esfuerzos;Reducir sensación de ahogo o fatiga entre series/intervalos.;general;cardio;medio;"FIT2_SRC002;FIT2_SRC003";NEAT y pasos diarios;Aumentar movimiento cotidiano y reducir sedentarismo.;bajo;hábitos;Plan de salida de sedentarismo;Añadir caminatas cortas, pausas activas y fuerza básica gradual.;Reducir sedentarismo.;bajo;2-4 semanas;hábitos;alta;Adaptar carga, volumen, frecuencia, rango, descansos y tareas al nivel, historial, molestias, material, preferencias y disponibilidad. No sustituye valoración médica/fisioterapéutica si hay dolor, lesión o señales de alarma.
Cardio y capacidad aeróbica;Mejorar recuperación entre esfuerzos;Reducir sensación de ahogo o fatiga entre series/intervalos.;general;cardio;medio;"FIT2_SRC002;FIT2_SRC003";Cardio zona 2;Trabajo aeróbico moderado y sostenible.;bajo;cardio;Cardio zona 2;Realizar cardio conversacional 20-40 minutos.;Mejorar base aeróbica.;bajo;2-4 días/semana;cardio;media;Adaptar carga, volumen, frecuencia, rango, descansos y tareas al nivel, historial, molestias, material, preferencias y disponibilidad. No sustituye valoración médica/fisioterapéutica si hay dolor, lesión o señales de alarma.
Cardio y capacidad aeróbica;Mejorar recuperación entre esfuerzos;Reducir sensación de ahogo o fatiga entre series/intervalos.;general;cardio;medio;"FIT2_SRC002;FIT2_SRC003";Intervalos moderados;Alternar esfuerzos y recuperación sin exceder tolerancia.;medio;cardio;Intervalos moderados;Alternar 1-3 min de esfuerzo y recuperación controlada.;Mejorar capacidad cardiovascular.;medio;1-2 días/semana;cardio;media;Adaptar carga, volumen, frecuencia, rango, descansos y tareas al nivel, historial, molestias, material, preferencias y disponibilidad. No sustituye valoración médica/fisioterapéutica si hay dolor, lesión o señales de alarma.
Cardio y capacidad aeróbica;Mejorar recuperación entre esfuerzos;Reducir sensación de ahogo o fatiga entre series/intervalos.;general;cardio;medio;"FIT2_SRC002;FIT2_SRC003";HIIT dosificado;Intervalos intensos con volumen limitado y recuperación suficiente.;medio;cardio;HIIT dosificado;Realizar intervalos intensos con volumen bajo y recuperación suficiente.;Mejorar potencia aeróbica/anaeróbica.;medio;1 día/semana;cardio;media;Adaptar carga, volumen, frecuencia, rango, descansos y tareas al nivel, historial, molestias, material, preferencias y disponibilidad. No sustituye valoración médica/fisioterapéutica si hay dolor, lesión o señales de alarma.
Cardio y capacidad aeróbica;Mejorar recuperación entre esfuerzos;Reducir sensación de ahogo o fatiga entre series/intervalos.;general;cardio;medio;"FIT2_SRC002;FIT2_SRC003";Caminata-carrera progresiva;Alternar caminar y correr para introducir carrera de forma gradual.;medio;cardio;Plan caminar-correr;Alternar caminar y correr aumentando tiempo de carrera gradualmente.;Preparar carrera básica.;medio;3 días/semana;cardio;media;Adaptar carga, volumen, frecuencia, rango, descansos y tareas al nivel, historial, molestias, material, preferencias y disponibilidad. No sustituye valoración médica/fisioterapéutica si hay dolor, lesión o señales de alarma.
Cardio y capacidad aeróbica;Mejorar recuperación entre esfuerzos;Reducir sensación de ahogo o fatiga entre series/intervalos.;general;cardio;medio;"FIT2_SRC002;FIT2_SRC003";Hidratación y electrolitos básicos;Promover ingesta de líquidos y atención a calor/sudoración.;bajo;nutrición básica;Plan de hidratación;Definir botella/meta diaria y estrategia en entrenamientos/calor.;Mejorar hidratación.;bajo;diario;nutrición básica;media;Adaptar carga, volumen, frecuencia, rango, descansos y tareas al nivel, historial, molestias, material, preferencias y disponibilidad. No sustituye valoración médica/fisioterapéutica si hay dolor, lesión o señales de alarma.
Cardio y capacidad aeróbica;Mejorar recuperación entre esfuerzos;Reducir sensación de ahogo o fatiga entre series/intervalos.;general;cardio;medio;"FIT2_SRC002;FIT2_SRC003";Seguimiento de cargas;Registrar ejercicios, series, repeticiones, peso y notas.;bajo;seguimiento;Registro de entrenamiento;Anotar ejercicio, series, repeticiones, peso, RIR/RPE y notas.;Medir progreso real.;bajo;cada sesión;seguimiento;alta;Adaptar carga, volumen, frecuencia, rango, descansos y tareas al nivel, historial, molestias, material, preferencias y disponibilidad. No sustituye valoración médica/fisioterapéutica si hay dolor, lesión o señales de alarma.
Cardio y capacidad aeróbica;Mejorar recuperación entre esfuerzos;Reducir sensación de ahogo o fatiga entre series/intervalos.;general;cardio;medio;"FIT2_SRC002;FIT2_SRC003";Autoregulación de entrenamiento;Ajustar carga y volumen según energía, sueño, dolor y rendimiento.;medio;programación;Plan post-estancamiento;Revisar sueño, nutrición, volumen, intensidad y técnica antes de cambiar todo.;Resolver estancamiento.;medio;cuando proceda;programación;media;Adaptar carga, volumen, frecuencia, rango, descansos y tareas al nivel, historial, molestias, material, preferencias y disponibilidad. No sustituye valoración médica/fisioterapéutica si hay dolor, lesión o señales de alarma.
Cardio y capacidad aeróbica;Mejorar recuperación entre esfuerzos;Reducir sensación de ahogo o fatiga entre series/intervalos.;general;cardio;medio;"FIT2_SRC002;FIT2_SRC003";Autoregulación de entrenamiento;Ajustar carga y volumen según energía, sueño, dolor y rendimiento.;medio;programación;Reducción de carga por fatiga;Aplicar autoregulación si sueño/energía/rendimiento están bajos.;Evitar exceso.;medio;cada sesión;programación;media;Adaptar carga, volumen, frecuencia, rango, descansos y tareas al nivel, historial, molestias, material, preferencias y disponibilidad. No sustituye valoración médica/fisioterapéutica si hay dolor, lesión o señales de alarma.
Cardio y capacidad aeróbica;Preparar carrera básica 5K;Progresar caminata-carrera hasta completar distancia básica.;principiante;cardio;medio;"FIT2_SRC002;FIT2_SRC008";NEAT y pasos diarios;Aumentar movimiento cotidiano y reducir sedentarismo.;bajo;hábitos;Meta de pasos diarios;Definir meta realista de pasos y revisar media semanal.;Aumentar NEAT.;bajo;diario;hábitos;alta;Adaptar carga, volumen, frecuencia, rango, descansos y tareas al nivel, historial, molestias, material, preferencias y disponibilidad. No sustituye valoración médica/fisioterapéutica si hay dolor, lesión o señales de alarma.
Cardio y capacidad aeróbica;Preparar carrera básica 5K;Progresar caminata-carrera hasta completar distancia básica.;principiante;cardio;medio;"FIT2_SRC002;FIT2_SRC008";NEAT y pasos diarios;Aumentar movimiento cotidiano y reducir sedentarismo.;bajo;hábitos;Pausas activas;Levantarme y moverme 2-5 minutos cada cierto tiempo.;Reducir sedentarismo.;bajo;diario;hábitos;alta;Adaptar carga, volumen, frecuencia, rango, descansos y tareas al nivel, historial, molestias, material, preferencias y disponibilidad. No sustituye valoración médica/fisioterapéutica si hay dolor, lesión o señales de alarma.
Cardio y capacidad aeróbica;Preparar carrera básica 5K;Progresar caminata-carrera hasta completar distancia básica.;principiante;cardio;medio;"FIT2_SRC002;FIT2_SRC008";NEAT y pasos diarios;Aumentar movimiento cotidiano y reducir sedentarismo.;bajo;hábitos;Reto de pasos progresivo;Subir 500-1000 pasos/día cada 1-2 semanas según tolerancia.;Aumentar gasto y salud.;bajo;semanal;hábitos;alta;Adaptar carga, volumen, frecuencia, rango, descansos y tareas al nivel, historial, molestias, material, preferencias y disponibilidad. No sustituye valoración médica/fisioterapéutica si hay dolor, lesión o señales de alarma.
Cardio y capacidad aeróbica;Preparar carrera básica 5K;Progresar caminata-carrera hasta completar distancia básica.;principiante;cardio;medio;"FIT2_SRC002;FIT2_SRC008";NEAT y pasos diarios;Aumentar movimiento cotidiano y reducir sedentarismo.;bajo;hábitos;Plan de salida de sedentarismo;Añadir caminatas cortas, pausas activas y fuerza básica gradual.;Reducir sedentarismo.;bajo;2-4 semanas;hábitos;alta;Adaptar carga, volumen, frecuencia, rango, descansos y tareas al nivel, historial, molestias, material, preferencias y disponibilidad. No sustituye valoración médica/fisioterapéutica si hay dolor, lesión o señales de alarma.
Cardio y capacidad aeróbica;Preparar carrera básica 5K;Progresar caminata-carrera hasta completar distancia básica.;principiante;cardio;medio;"FIT2_SRC002;FIT2_SRC008";Cardio zona 2;Trabajo aeróbico moderado y sostenible.;bajo;cardio;Cardio zona 2;Realizar cardio conversacional 20-40 minutos.;Mejorar base aeróbica.;bajo;2-4 días/semana;cardio;media;Adaptar carga, volumen, frecuencia, rango, descansos y tareas al nivel, historial, molestias, material, preferencias y disponibilidad. No sustituye valoración médica/fisioterapéutica si hay dolor, lesión o señales de alarma.
Cardio y capacidad aeróbica;Preparar carrera básica 5K;Progresar caminata-carrera hasta completar distancia básica.;principiante;cardio;medio;"FIT2_SRC002;FIT2_SRC008";Intervalos moderados;Alternar esfuerzos y recuperación sin exceder tolerancia.;medio;cardio;Intervalos moderados;Alternar 1-3 min de esfuerzo y recuperación controlada.;Mejorar capacidad cardiovascular.;medio;1-2 días/semana;cardio;media;Adaptar carga, volumen, frecuencia, rango, descansos y tareas al nivel, historial, molestias, material, preferencias y disponibilidad. No sustituye valoración médica/fisioterapéutica si hay dolor, lesión o señales de alarma.
Cardio y capacidad aeróbica;Preparar carrera básica 5K;Progresar caminata-carrera hasta completar distancia básica.;principiante;cardio;medio;"FIT2_SRC002;FIT2_SRC008";HIIT dosificado;Intervalos intensos con volumen limitado y recuperación suficiente.;medio;cardio;HIIT dosificado;Realizar intervalos intensos con volumen bajo y recuperación suficiente.;Mejorar potencia aeróbica/anaeróbica.;medio;1 día/semana;cardio;media;Adaptar carga, volumen, frecuencia, rango, descansos y tareas al nivel, historial, molestias, material, preferencias y disponibilidad. No sustituye valoración médica/fisioterapéutica si hay dolor, lesión o señales de alarma.
Cardio y capacidad aeróbica;Preparar carrera básica 5K;Progresar caminata-carrera hasta completar distancia básica.;principiante;cardio;medio;"FIT2_SRC002;FIT2_SRC008";Caminata-carrera progresiva;Alternar caminar y correr para introducir carrera de forma gradual.;medio;cardio;Plan caminar-correr;Alternar caminar y correr aumentando tiempo de carrera gradualmente.;Preparar carrera básica.;medio;3 días/semana;cardio;media;Adaptar carga, volumen, frecuencia, rango, descansos y tareas al nivel, historial, molestias, material, preferencias y disponibilidad. No sustituye valoración médica/fisioterapéutica si hay dolor, lesión o señales de alarma.
Cardio y capacidad aeróbica;Preparar carrera básica 5K;Progresar caminata-carrera hasta completar distancia básica.;principiante;cardio;medio;"FIT2_SRC002;FIT2_SRC008";Hidratación y electrolitos básicos;Promover ingesta de líquidos y atención a calor/sudoración.;bajo;nutrición básica;Plan de hidratación;Definir botella/meta diaria y estrategia en entrenamientos/calor.;Mejorar hidratación.;bajo;diario;nutrición básica;media;Adaptar carga, volumen, frecuencia, rango, descansos y tareas al nivel, historial, molestias, material, preferencias y disponibilidad. No sustituye valoración médica/fisioterapéutica si hay dolor, lesión o señales de alarma.
Cardio y capacidad aeróbica;Preparar carrera básica 5K;Progresar caminata-carrera hasta completar distancia básica.;principiante;cardio;medio;"FIT2_SRC002;FIT2_SRC008";Seguimiento de cargas;Registrar ejercicios, series, repeticiones, peso y notas.;bajo;seguimiento;Registro de entrenamiento;Anotar ejercicio, series, repeticiones, peso, RIR/RPE y notas.;Medir progreso real.;bajo;cada sesión;seguimiento;alta;Adaptar carga, volumen, frecuencia, rango, descansos y tareas al nivel, historial, molestias, material, preferencias y disponibilidad. No sustituye valoración médica/fisioterapéutica si hay dolor, lesión o señales de alarma.
Cardio y capacidad aeróbica;Preparar carrera básica 5K;Progresar caminata-carrera hasta completar distancia básica.;principiante;cardio;medio;"FIT2_SRC002;FIT2_SRC008";Autoregulación de entrenamiento;Ajustar carga y volumen según energía, sueño, dolor y rendimiento.;medio;programación;Plan post-estancamiento;Revisar sueño, nutrición, volumen, intensidad y técnica antes de cambiar todo.;Resolver estancamiento.;medio;cuando proceda;programación;media;Adaptar carga, volumen, frecuencia, rango, descansos y tareas al nivel, historial, molestias, material, preferencias y disponibilidad. No sustituye valoración médica/fisioterapéutica si hay dolor, lesión o señales de alarma.
Cardio y capacidad aeróbica;Preparar carrera básica 5K;Progresar caminata-carrera hasta completar distancia básica.;principiante;cardio;medio;"FIT2_SRC002;FIT2_SRC008";Autoregulación de entrenamiento;Ajustar carga y volumen según energía, sueño, dolor y rendimiento.;medio;programación;Reducción de carga por fatiga;Aplicar autoregulación si sueño/energía/rendimiento están bajos.;Evitar exceso.;medio;cada sesión;programación;media;Adaptar carga, volumen, frecuencia, rango, descansos y tareas al nivel, historial, molestias, material, preferencias y disponibilidad. No sustituye valoración médica/fisioterapéutica si hay dolor, lesión o señales de alarma.
Cardio y capacidad aeróbica;Integrar HIIT con seguridad;Usar intervalos intensos de forma dosificada y recuperable.;intermedio;cardio;medio;"FIT2_SRC002;FIT2_SRC011";NEAT y pasos diarios;Aumentar movimiento cotidiano y reducir sedentarismo.;bajo;hábitos;Meta de pasos diarios;Definir meta realista de pasos y revisar media semanal.;Aumentar NEAT.;bajo;diario;hábitos;alta;Adaptar carga, volumen, frecuencia, rango, descansos y tareas al nivel, historial, molestias, material, preferencias y disponibilidad. No sustituye valoración médica/fisioterapéutica si hay dolor, lesión o señales de alarma.
Cardio y capacidad aeróbica;Integrar HIIT con seguridad;Usar intervalos intensos de forma dosificada y recuperable.;intermedio;cardio;medio;"FIT2_SRC002;FIT2_SRC011";NEAT y pasos diarios;Aumentar movimiento cotidiano y reducir sedentarismo.;bajo;hábitos;Pausas activas;Levantarme y moverme 2-5 minutos cada cierto tiempo.;Reducir sedentarismo.;bajo;diario;hábitos;alta;Adaptar carga, volumen, frecuencia, rango, descansos y tareas al nivel, historial, molestias, material, preferencias y disponibilidad. No sustituye valoración médica/fisioterapéutica si hay dolor, lesión o señales de alarma.
Cardio y capacidad aeróbica;Integrar HIIT con seguridad;Usar intervalos intensos de forma dosificada y recuperable.;intermedio;cardio;medio;"FIT2_SRC002;FIT2_SRC011";NEAT y pasos diarios;Aumentar movimiento cotidiano y reducir sedentarismo.;bajo;hábitos;Reto de pasos progresivo;Subir 500-1000 pasos/día cada 1-2 semanas según tolerancia.;Aumentar gasto y salud.;bajo;semanal;hábitos;alta;Adaptar carga, volumen, frecuencia, rango, descansos y tareas al nivel, historial, molestias, material, preferencias y disponibilidad. No sustituye valoración médica/fisioterapéutica si hay dolor, lesión o señales de alarma.
Cardio y capacidad aeróbica;Integrar HIIT con seguridad;Usar intervalos intensos de forma dosificada y recuperable.;intermedio;cardio;medio;"FIT2_SRC002;FIT2_SRC011";NEAT y pasos diarios;Aumentar movimiento cotidiano y reducir sedentarismo.;bajo;hábitos;Plan de salida de sedentarismo;Añadir caminatas cortas, pausas activas y fuerza básica gradual.;Reducir sedentarismo.;bajo;2-4 semanas;hábitos;alta;Adaptar carga, volumen, frecuencia, rango, descansos y tareas al nivel, historial, molestias, material, preferencias y disponibilidad. No sustituye valoración médica/fisioterapéutica si hay dolor, lesión o señales de alarma.
Cardio y capacidad aeróbica;Integrar HIIT con seguridad;Usar intervalos intensos de forma dosificada y recuperable.;intermedio;cardio;medio;"FIT2_SRC002;FIT2_SRC011";Cardio zona 2;Trabajo aeróbico moderado y sostenible.;bajo;cardio;Cardio zona 2;Realizar cardio conversacional 20-40 minutos.;Mejorar base aeróbica.;bajo;2-4 días/semana;cardio;media;Adaptar carga, volumen, frecuencia, rango, descansos y tareas al nivel, historial, molestias, material, preferencias y disponibilidad. No sustituye valoración médica/fisioterapéutica si hay dolor, lesión o señales de alarma.
Cardio y capacidad aeróbica;Integrar HIIT con seguridad;Usar intervalos intensos de forma dosificada y recuperable.;intermedio;cardio;medio;"FIT2_SRC002;FIT2_SRC011";Intervalos moderados;Alternar esfuerzos y recuperación sin exceder tolerancia.;medio;cardio;Intervalos moderados;Alternar 1-3 min de esfuerzo y recuperación controlada.;Mejorar capacidad cardiovascular.;medio;1-2 días/semana;cardio;media;Adaptar carga, volumen, frecuencia, rango, descansos y tareas al nivel, historial, molestias, material, preferencias y disponibilidad. No sustituye valoración médica/fisioterapéutica si hay dolor, lesión o señales de alarma.
Cardio y capacidad aeróbica;Integrar HIIT con seguridad;Usar intervalos intensos de forma dosificada y recuperable.;intermedio;cardio;medio;"FIT2_SRC002;FIT2_SRC011";HIIT dosificado;Intervalos intensos con volumen limitado y recuperación suficiente.;medio;cardio;HIIT dosificado;Realizar intervalos intensos con volumen bajo y recuperación suficiente.;Mejorar potencia aeróbica/anaeróbica.;medio;1 día/semana;cardio;media;Adaptar carga, volumen, frecuencia, rango, descansos y tareas al nivel, historial, molestias, material, preferencias y disponibilidad. No sustituye valoración médica/fisioterapéutica si hay dolor, lesión o señales de alarma.
Cardio y capacidad aeróbica;Integrar HIIT con seguridad;Usar intervalos intensos de forma dosificada y recuperable.;intermedio;cardio;medio;"FIT2_SRC002;FIT2_SRC011";Caminata-carrera progresiva;Alternar caminar y correr para introducir carrera de forma gradual.;medio;cardio;Plan caminar-correr;Alternar caminar y correr aumentando tiempo de carrera gradualmente.;Preparar carrera básica.;medio;3 días/semana;cardio;media;Adaptar carga, volumen, frecuencia, rango, descansos y tareas al nivel, historial, molestias, material, preferencias y disponibilidad. No sustituye valoración médica/fisioterapéutica si hay dolor, lesión o señales de alarma.
Cardio y capacidad aeróbica;Integrar HIIT con seguridad;Usar intervalos intensos de forma dosificada y recuperable.;intermedio;cardio;medio;"FIT2_SRC002;FIT2_SRC011";Hidratación y electrolitos básicos;Promover ingesta de líquidos y atención a calor/sudoración.;bajo;nutrición básica;Plan de hidratación;Definir botella/meta diaria y estrategia en entrenamientos/calor.;Mejorar hidratación.;bajo;diario;nutrición básica;media;Adaptar carga, volumen, frecuencia, rango, descansos y tareas al nivel, historial, molestias, material, preferencias y disponibilidad. No sustituye valoración médica/fisioterapéutica si hay dolor, lesión o señales de alarma.
Cardio y capacidad aeróbica;Integrar HIIT con seguridad;Usar intervalos intensos de forma dosificada y recuperable.;intermedio;cardio;medio;"FIT2_SRC002;FIT2_SRC011";Seguimiento de cargas;Registrar ejercicios, series, repeticiones, peso y notas.;bajo;seguimiento;Registro de entrenamiento;Anotar ejercicio, series, repeticiones, peso, RIR/RPE y notas.;Medir progreso real.;bajo;cada sesión;seguimiento;alta;Adaptar carga, volumen, frecuencia, rango, descansos y tareas al nivel, historial, molestias, material, preferencias y disponibilidad. No sustituye valoración médica/fisioterapéutica si hay dolor, lesión o señales de alarma.
Cardio y capacidad aeróbica;Integrar HIIT con seguridad;Usar intervalos intensos de forma dosificada y recuperable.;intermedio;cardio;medio;"FIT2_SRC002;FIT2_SRC011";Autoregulación de entrenamiento;Ajustar carga y volumen según energía, sueño, dolor y rendimiento.;medio;programación;Plan post-estancamiento;Revisar sueño, nutrición, volumen, intensidad y técnica antes de cambiar todo.;Resolver estancamiento.;medio;cuando proceda;programación;media;Adaptar carga, volumen, frecuencia, rango, descansos y tareas al nivel, historial, molestias, material, preferencias y disponibilidad. No sustituye valoración médica/fisioterapéutica si hay dolor, lesión o señales de alarma.
Cardio y capacidad aeróbica;Integrar HIIT con seguridad;Usar intervalos intensos de forma dosificada y recuperable.;intermedio;cardio;medio;"FIT2_SRC002;FIT2_SRC011";Autoregulación de entrenamiento;Ajustar carga y volumen según energía, sueño, dolor y rendimiento.;medio;programación;Reducción de carga por fatiga;Aplicar autoregulación si sueño/energía/rendimiento están bajos.;Evitar exceso.;medio;cada sesión;programación;media;Adaptar carga, volumen, frecuencia, rango, descansos y tareas al nivel, historial, molestias, material, preferencias y disponibilidad. No sustituye valoración médica/fisioterapéutica si hay dolor, lesión o señales de alarma.
Entrenamiento en casa/material limitado;Entrenar en casa sin gimnasio;Diseñar rutina efectiva con poco espacio y material limitado.;general;programación;bajo;"FIT2_SRC010;FIT2_SRC011";Entrenamiento en casa con peso corporal;Crear progresiones usando el propio cuerpo y poco espacio.;bajo;programación;Rutina peso corporal A;Flexiones/regresión, sentadillas, puente glúteo, remo con banda/toalla, plancha.;Entrenar sin material.;bajo;2-3 días/semana;programación;media;Adaptar carga, volumen, frecuencia, rango, descansos y tareas al nivel, historial, molestias, material, preferencias y disponibilidad. No sustituye valoración médica/fisioterapéutica si hay dolor, lesión o señales de alarma.
Entrenamiento en casa/material limitado;Entrenar en casa sin gimnasio;Diseñar rutina efectiva con poco espacio y material limitado.;general;programación;bajo;"FIT2_SRC010;FIT2_SRC011";Entrenamiento con mancuernas;Programar ejercicios multiarticulares y accesorios con mancuernas.;bajo;programación;Rutina mancuernas full body;Sentadilla goblet, press, remo, peso muerto rumano, zancada y core.;Entrenar con mancuernas.;bajo;2-4 días/semana;programación;media;Adaptar carga, volumen, frecuencia, rango, descansos y tareas al nivel, historial, molestias, material, preferencias y disponibilidad. No sustituye valoración médica/fisioterapéutica si hay dolor, lesión o señales de alarma.
Entrenamiento en casa/material limitado;Entrenar en casa sin gimnasio;Diseñar rutina efectiva con poco espacio y material limitado.;general;programación;bajo;"FIT2_SRC010;FIT2_SRC011";Entrenamiento con bandas;Usar bandas para fuerza, movilidad, activación o asistencia.;bajo;programación;Rutina con bandas;Remo, press, bisagra, abducción, face pull y pallof con banda.;Entrenar con bandas.;bajo;2-4 días/semana;programación;media;Adaptar carga, volumen, frecuencia, rango, descansos y tareas al nivel, historial, molestias, material, preferencias y disponibilidad. No sustituye valoración médica/fisioterapéutica si hay dolor, lesión o señales de alarma.
Entrenamiento en casa/material limitado;Entrenar en casa sin gimnasio;Diseñar rutina efectiva con poco espacio y material limitado.;general;programación;bajo;"FIT2_SRC010;FIT2_SRC011";Sesiones express;Diseñar sesiones de 10-25 minutos con prioridad clara.;bajo;adherencia;Sesión express 15 minutos;Elegir 3 ejercicios prioritarios y completar bloques simples.;Entrenar con poco tiempo.;bajo;cuando proceda;adherencia;media;Adaptar carga, volumen, frecuencia, rango, descansos y tareas al nivel, historial, molestias, material, preferencias y disponibilidad. No sustituye valoración médica/fisioterapéutica si hay dolor, lesión o señales de alarma.
Entrenamiento en casa/material limitado;Entrenar en casa sin gimnasio;Diseñar rutina efectiva con poco espacio y material limitado.;general;programación;bajo;"FIT2_SRC010;FIT2_SRC011";Seguimiento de cargas;Registrar ejercicios, series, repeticiones, peso y notas.;bajo;seguimiento;Registro de entrenamiento;Anotar ejercicio, series, repeticiones, peso, RIR/RPE y notas.;Medir progreso real.;bajo;cada sesión;seguimiento;alta;Adaptar carga, volumen, frecuencia, rango, descansos y tareas al nivel, historial, molestias, material, preferencias y disponibilidad. No sustituye valoración médica/fisioterapéutica si hay dolor, lesión o señales de alarma.
Entrenamiento en casa/material limitado;Entrenar en casa sin gimnasio;Diseñar rutina efectiva con poco espacio y material limitado.;general;programación;bajo;"FIT2_SRC010;FIT2_SRC011";Plan de adherencia mínima;Crear versión mínima viable del entrenamiento para semanas difíciles.;bajo;hábitos;Registro de adherencia;Marcar sesiones, pasos, sueño, proteína/hidratación y barreras.;Detectar obstáculos.;bajo;semanal;hábitos;alta;Adaptar carga, volumen, frecuencia, rango, descansos y tareas al nivel, historial, molestias, material, preferencias y disponibilidad. No sustituye valoración médica/fisioterapéutica si hay dolor, lesión o señales de alarma.
Entrenamiento en casa/material limitado;Entrenar en casa sin gimnasio;Diseñar rutina efectiva con poco espacio y material limitado.;general;programación;bajo;"FIT2_SRC010;FIT2_SRC011";Plan de adherencia mínima;Crear versión mínima viable del entrenamiento para semanas difíciles.;bajo;hábitos;Versión mínima viable;Definir entrenamiento mínimo de 10-15 min para días difíciles.;Evitar abandono.;bajo;cuando proceda;hábitos;alta;Adaptar carga, volumen, frecuencia, rango, descansos y tareas al nivel, historial, molestias, material, preferencias y disponibilidad. No sustituye valoración médica/fisioterapéutica si hay dolor, lesión o señales de alarma.
Entrenamiento en casa/material limitado;Entrenar con mancuernas;Crear progresiones con mancuernas para fuerza e hipertrofia.;general;programación;bajo;"FIT2_SRC010;FIT2_SRC004";Entrenamiento en casa con peso corporal;Crear progresiones usando el propio cuerpo y poco espacio.;bajo;programación;Rutina peso corporal A;Flexiones/regresión, sentadillas, puente glúteo, remo con banda/toalla, plancha.;Entrenar sin material.;bajo;2-3 días/semana;programación;media;Adaptar carga, volumen, frecuencia, rango, descansos y tareas al nivel, historial, molestias, material, preferencias y disponibilidad. No sustituye valoración médica/fisioterapéutica si hay dolor, lesión o señales de alarma.
Entrenamiento en casa/material limitado;Entrenar con mancuernas;Crear progresiones con mancuernas para fuerza e hipertrofia.;general;programación;bajo;"FIT2_SRC010;FIT2_SRC004";Entrenamiento con mancuernas;Programar ejercicios multiarticulares y accesorios con mancuernas.;bajo;programación;Rutina mancuernas full body;Sentadilla goblet, press, remo, peso muerto rumano, zancada y core.;Entrenar con mancuernas.;bajo;2-4 días/semana;programación;media;Adaptar carga, volumen, frecuencia, rango, descansos y tareas al nivel, historial, molestias, material, preferencias y disponibilidad. No sustituye valoración médica/fisioterapéutica si hay dolor, lesión o señales de alarma.
Entrenamiento en casa/material limitado;Entrenar con mancuernas;Crear progresiones con mancuernas para fuerza e hipertrofia.;general;programación;bajo;"FIT2_SRC010;FIT2_SRC004";Entrenamiento con bandas;Usar bandas para fuerza, movilidad, activación o asistencia.;bajo;programación;Rutina con bandas;Remo, press, bisagra, abducción, face pull y pallof con banda.;Entrenar con bandas.;bajo;2-4 días/semana;programación;media;Adaptar carga, volumen, frecuencia, rango, descansos y tareas al nivel, historial, molestias, material, preferencias y disponibilidad. No sustituye valoración médica/fisioterapéutica si hay dolor, lesión o señales de alarma.
Entrenamiento en casa/material limitado;Entrenar con mancuernas;Crear progresiones con mancuernas para fuerza e hipertrofia.;general;programación;bajo;"FIT2_SRC010;FIT2_SRC004";Sesiones express;Diseñar sesiones de 10-25 minutos con prioridad clara.;bajo;adherencia;Sesión express 15 minutos;Elegir 3 ejercicios prioritarios y completar bloques simples.;Entrenar con poco tiempo.;bajo;cuando proceda;adherencia;media;Adaptar carga, volumen, frecuencia, rango, descansos y tareas al nivel, historial, molestias, material, preferencias y disponibilidad. No sustituye valoración médica/fisioterapéutica si hay dolor, lesión o señales de alarma.
Entrenamiento en casa/material limitado;Entrenar con mancuernas;Crear progresiones con mancuernas para fuerza e hipertrofia.;general;programación;bajo;"FIT2_SRC010;FIT2_SRC004";Seguimiento de cargas;Registrar ejercicios, series, repeticiones, peso y notas.;bajo;seguimiento;Registro de entrenamiento;Anotar ejercicio, series, repeticiones, peso, RIR/RPE y notas.;Medir progreso real.;bajo;cada sesión;seguimiento;alta;Adaptar carga, volumen, frecuencia, rango, descansos y tareas al nivel, historial, molestias, material, preferencias y disponibilidad. No sustituye valoración médica/fisioterapéutica si hay dolor, lesión o señales de alarma.
Entrenamiento en casa/material limitado;Entrenar con mancuernas;Crear progresiones con mancuernas para fuerza e hipertrofia.;general;programación;bajo;"FIT2_SRC010;FIT2_SRC004";Plan de adherencia mínima;Crear versión mínima viable del entrenamiento para semanas difíciles.;bajo;hábitos;Registro de adherencia;Marcar sesiones, pasos, sueño, proteína/hidratación y barreras.;Detectar obstáculos.;bajo;semanal;hábitos;alta;Adaptar carga, volumen, frecuencia, rango, descansos y tareas al nivel, historial, molestias, material, preferencias y disponibilidad. No sustituye valoración médica/fisioterapéutica si hay dolor, lesión o señales de alarma.
Entrenamiento en casa/material limitado;Entrenar con mancuernas;Crear progresiones con mancuernas para fuerza e hipertrofia.;general;programación;bajo;"FIT2_SRC010;FIT2_SRC004";Plan de adherencia mínima;Crear versión mínima viable del entrenamiento para semanas difíciles.;bajo;hábitos;Versión mínima viable;Definir entrenamiento mínimo de 10-15 min para días difíciles.;Evitar abandono.;bajo;cuando proceda;hábitos;alta;Adaptar carga, volumen, frecuencia, rango, descansos y tareas al nivel, historial, molestias, material, preferencias y disponibilidad. No sustituye valoración médica/fisioterapéutica si hay dolor, lesión o señales de alarma.
Entrenamiento en casa/material limitado;Entrenar con peso corporal;Progresar usando flexiones, sentadillas, zancadas, planchas y variantes.;general;programación;bajo;"FIT2_SRC010;FIT2_SRC002";Entrenamiento en casa con peso corporal;Crear progresiones usando el propio cuerpo y poco espacio.;bajo;programación;Rutina peso corporal A;Flexiones/regresión, sentadillas, puente glúteo, remo con banda/toalla, plancha.;Entrenar sin material.;bajo;2-3 días/semana;programación;media;Adaptar carga, volumen, frecuencia, rango, descansos y tareas al nivel, historial, molestias, material, preferencias y disponibilidad. No sustituye valoración médica/fisioterapéutica si hay dolor, lesión o señales de alarma.
Entrenamiento en casa/material limitado;Entrenar con peso corporal;Progresar usando flexiones, sentadillas, zancadas, planchas y variantes.;general;programación;bajo;"FIT2_SRC010;FIT2_SRC002";Entrenamiento con mancuernas;Programar ejercicios multiarticulares y accesorios con mancuernas.;bajo;programación;Rutina mancuernas full body;Sentadilla goblet, press, remo, peso muerto rumano, zancada y core.;Entrenar con mancuernas.;bajo;2-4 días/semana;programación;media;Adaptar carga, volumen, frecuencia, rango, descansos y tareas al nivel, historial, molestias, material, preferencias y disponibilidad. No sustituye valoración médica/fisioterapéutica si hay dolor, lesión o señales de alarma.
Entrenamiento en casa/material limitado;Entrenar con peso corporal;Progresar usando flexiones, sentadillas, zancadas, planchas y variantes.;general;programación;bajo;"FIT2_SRC010;FIT2_SRC002";Entrenamiento con bandas;Usar bandas para fuerza, movilidad, activación o asistencia.;bajo;programación;Rutina con bandas;Remo, press, bisagra, abducción, face pull y pallof con banda.;Entrenar con bandas.;bajo;2-4 días/semana;programación;media;Adaptar carga, volumen, frecuencia, rango, descansos y tareas al nivel, historial, molestias, material, preferencias y disponibilidad. No sustituye valoración médica/fisioterapéutica si hay dolor, lesión o señales de alarma.
Entrenamiento en casa/material limitado;Entrenar con peso corporal;Progresar usando flexiones, sentadillas, zancadas, planchas y variantes.;general;programación;bajo;"FIT2_SRC010;FIT2_SRC002";Sesiones express;Diseñar sesiones de 10-25 minutos con prioridad clara.;bajo;adherencia;Sesión express 15 minutos;Elegir 3 ejercicios prioritarios y completar bloques simples.;Entrenar con poco tiempo.;bajo;cuando proceda;adherencia;media;Adaptar carga, volumen, frecuencia, rango, descansos y tareas al nivel, historial, molestias, material, preferencias y disponibilidad. No sustituye valoración médica/fisioterapéutica si hay dolor, lesión o señales de alarma.
Entrenamiento en casa/material limitado;Entrenar con peso corporal;Progresar usando flexiones, sentadillas, zancadas, planchas y variantes.;general;programación;bajo;"FIT2_SRC010;FIT2_SRC002";Seguimiento de cargas;Registrar ejercicios, series, repeticiones, peso y notas.;bajo;seguimiento;Registro de entrenamiento;Anotar ejercicio, series, repeticiones, peso, RIR/RPE y notas.;Medir progreso real.;bajo;cada sesión;seguimiento;alta;Adaptar carga, volumen, frecuencia, rango, descansos y tareas al nivel, historial, molestias, material, preferencias y disponibilidad. No sustituye valoración médica/fisioterapéutica si hay dolor, lesión o señales de alarma.
Entrenamiento en casa/material limitado;Entrenar con peso corporal;Progresar usando flexiones, sentadillas, zancadas, planchas y variantes.;general;programación;bajo;"FIT2_SRC010;FIT2_SRC002";Plan de adherencia mínima;Crear versión mínima viable del entrenamiento para semanas difíciles.;bajo;hábitos;Registro de adherencia;Marcar sesiones, pasos, sueño, proteína/hidratación y barreras.;Detectar obstáculos.;bajo;semanal;hábitos;alta;Adaptar carga, volumen, frecuencia, rango, descansos y tareas al nivel, historial, molestias, material, preferencias y disponibilidad. No sustituye valoración médica/fisioterapéutica si hay dolor, lesión o señales de alarma.
Entrenamiento en casa/material limitado;Entrenar con peso corporal;Progresar usando flexiones, sentadillas, zancadas, planchas y variantes.;general;programación;bajo;"FIT2_SRC010;FIT2_SRC002";Plan de adherencia mínima;Crear versión mínima viable del entrenamiento para semanas difíciles.;bajo;hábitos;Versión mínima viable;Definir entrenamiento mínimo de 10-15 min para días difíciles.;Evitar abandono.;bajo;cuando proceda;hábitos;alta;Adaptar carga, volumen, frecuencia, rango, descansos y tareas al nivel, historial, molestias, material, preferencias y disponibilidad. No sustituye valoración médica/fisioterapéutica si hay dolor, lesión o señales de alarma.
Entrenamiento en casa/material limitado;Entrenar con bandas elásticas;Usar bandas para fuerza, activación, movilidad o asistencia.;general;programación;bajo;"FIT2_SRC010;FIT2_SRC009";Entrenamiento en casa con peso corporal;Crear progresiones usando el propio cuerpo y poco espacio.;bajo;programación;Rutina peso corporal A;Flexiones/regresión, sentadillas, puente glúteo, remo con banda/toalla, plancha.;Entrenar sin material.;bajo;2-3 días/semana;programación;media;Adaptar carga, volumen, frecuencia, rango, descansos y tareas al nivel, historial, molestias, material, preferencias y disponibilidad. No sustituye valoración médica/fisioterapéutica si hay dolor, lesión o señales de alarma.
Entrenamiento en casa/material limitado;Entrenar con bandas elásticas;Usar bandas para fuerza, activación, movilidad o asistencia.;general;programación;bajo;"FIT2_SRC010;FIT2_SRC009";Entrenamiento con mancuernas;Programar ejercicios multiarticulares y accesorios con mancuernas.;bajo;programación;Rutina mancuernas full body;Sentadilla goblet, press, remo, peso muerto rumano, zancada y core.;Entrenar con mancuernas.;bajo;2-4 días/semana;programación;media;Adaptar carga, volumen, frecuencia, rango, descansos y tareas al nivel, historial, molestias, material, preferencias y disponibilidad. No sustituye valoración médica/fisioterapéutica si hay dolor, lesión o señales de alarma.
Entrenamiento en casa/material limitado;Entrenar con bandas elásticas;Usar bandas para fuerza, activación, movilidad o asistencia.;general;programación;bajo;"FIT2_SRC010;FIT2_SRC009";Entrenamiento con bandas;Usar bandas para fuerza, movilidad, activación o asistencia.;bajo;programación;Rutina con bandas;Remo, press, bisagra, abducción, face pull y pallof con banda.;Entrenar con bandas.;bajo;2-4 días/semana;programación;media;Adaptar carga, volumen, frecuencia, rango, descansos y tareas al nivel, historial, molestias, material, preferencias y disponibilidad. No sustituye valoración médica/fisioterapéutica si hay dolor, lesión o señales de alarma.
Entrenamiento en casa/material limitado;Entrenar con bandas elásticas;Usar bandas para fuerza, activación, movilidad o asistencia.;general;programación;bajo;"FIT2_SRC010;FIT2_SRC009";Sesiones express;Diseñar sesiones de 10-25 minutos con prioridad clara.;bajo;adherencia;Sesión express 15 minutos;Elegir 3 ejercicios prioritarios y completar bloques simples.;Entrenar con poco tiempo.;bajo;cuando proceda;adherencia;media;Adaptar carga, volumen, frecuencia, rango, descansos y tareas al nivel, historial, molestias, material, preferencias y disponibilidad. No sustituye valoración médica/fisioterapéutica si hay dolor, lesión o señales de alarma.
Entrenamiento en casa/material limitado;Entrenar con bandas elásticas;Usar bandas para fuerza, activación, movilidad o asistencia.;general;programación;bajo;"FIT2_SRC010;FIT2_SRC009";Seguimiento de cargas;Registrar ejercicios, series, repeticiones, peso y notas.;bajo;seguimiento;Registro de entrenamiento;Anotar ejercicio, series, repeticiones, peso, RIR/RPE y notas.;Medir progreso real.;bajo;cada sesión;seguimiento;alta;Adaptar carga, volumen, frecuencia, rango, descansos y tareas al nivel, historial, molestias, material, preferencias y disponibilidad. No sustituye valoración médica/fisioterapéutica si hay dolor, lesión o señales de alarma.
Entrenamiento en casa/material limitado;Entrenar con bandas elásticas;Usar bandas para fuerza, activación, movilidad o asistencia.;general;programación;bajo;"FIT2_SRC010;FIT2_SRC009";Plan de adherencia mínima;Crear versión mínima viable del entrenamiento para semanas difíciles.;bajo;hábitos;Registro de adherencia;Marcar sesiones, pasos, sueño, proteína/hidratación y barreras.;Detectar obstáculos.;bajo;semanal;hábitos;alta;Adaptar carga, volumen, frecuencia, rango, descansos y tareas al nivel, historial, molestias, material, preferencias y disponibilidad. No sustituye valoración médica/fisioterapéutica si hay dolor, lesión o señales de alarma.
Entrenamiento en casa/material limitado;Entrenar con bandas elásticas;Usar bandas para fuerza, activación, movilidad o asistencia.;general;programación;bajo;"FIT2_SRC010;FIT2_SRC009";Plan de adherencia mínima;Crear versión mínima viable del entrenamiento para semanas difíciles.;bajo;hábitos;Versión mínima viable;Definir entrenamiento mínimo de 10-15 min para días difíciles.;Evitar abandono.;bajo;cuando proceda;hábitos;alta;Adaptar carga, volumen, frecuencia, rango, descansos y tareas al nivel, historial, molestias, material, preferencias y disponibilidad. No sustituye valoración médica/fisioterapéutica si hay dolor, lesión o señales de alarma.
Entrenamiento en casa/material limitado;Falta de tiempo para entrenar;Necesidad de sesiones cortas y eficientes.;general;adherencia;bajo;"FIT2_SRC001;FIT2_SRC008";Entrenamiento en casa con peso corporal;Crear progresiones usando el propio cuerpo y poco espacio.;bajo;programación;Rutina peso corporal A;Flexiones/regresión, sentadillas, puente glúteo, remo con banda/toalla, plancha.;Entrenar sin material.;bajo;2-3 días/semana;programación;media;Adaptar carga, volumen, frecuencia, rango, descansos y tareas al nivel, historial, molestias, material, preferencias y disponibilidad. No sustituye valoración médica/fisioterapéutica si hay dolor, lesión o señales de alarma.
Entrenamiento en casa/material limitado;Falta de tiempo para entrenar;Necesidad de sesiones cortas y eficientes.;general;adherencia;bajo;"FIT2_SRC001;FIT2_SRC008";Entrenamiento con mancuernas;Programar ejercicios multiarticulares y accesorios con mancuernas.;bajo;programación;Rutina mancuernas full body;Sentadilla goblet, press, remo, peso muerto rumano, zancada y core.;Entrenar con mancuernas.;bajo;2-4 días/semana;programación;media;Adaptar carga, volumen, frecuencia, rango, descansos y tareas al nivel, historial, molestias, material, preferencias y disponibilidad. No sustituye valoración médica/fisioterapéutica si hay dolor, lesión o señales de alarma.
Entrenamiento en casa/material limitado;Falta de tiempo para entrenar;Necesidad de sesiones cortas y eficientes.;general;adherencia;bajo;"FIT2_SRC001;FIT2_SRC008";Entrenamiento con bandas;Usar bandas para fuerza, movilidad, activación o asistencia.;bajo;programación;Rutina con bandas;Remo, press, bisagra, abducción, face pull y pallof con banda.;Entrenar con bandas.;bajo;2-4 días/semana;programación;media;Adaptar carga, volumen, frecuencia, rango, descansos y tareas al nivel, historial, molestias, material, preferencias y disponibilidad. No sustituye valoración médica/fisioterapéutica si hay dolor, lesión o señales de alarma.
Entrenamiento en casa/material limitado;Falta de tiempo para entrenar;Necesidad de sesiones cortas y eficientes.;general;adherencia;bajo;"FIT2_SRC001;FIT2_SRC008";Sesiones express;Diseñar sesiones de 10-25 minutos con prioridad clara.;bajo;adherencia;Sesión express 15 minutos;Elegir 3 ejercicios prioritarios y completar bloques simples.;Entrenar con poco tiempo.;bajo;cuando proceda;adherencia;media;Adaptar carga, volumen, frecuencia, rango, descansos y tareas al nivel, historial, molestias, material, preferencias y disponibilidad. No sustituye valoración médica/fisioterapéutica si hay dolor, lesión o señales de alarma.
Entrenamiento en casa/material limitado;Falta de tiempo para entrenar;Necesidad de sesiones cortas y eficientes.;general;adherencia;bajo;"FIT2_SRC001;FIT2_SRC008";Seguimiento de cargas;Registrar ejercicios, series, repeticiones, peso y notas.;bajo;seguimiento;Registro de entrenamiento;Anotar ejercicio, series, repeticiones, peso, RIR/RPE y notas.;Medir progreso real.;bajo;cada sesión;seguimiento;alta;Adaptar carga, volumen, frecuencia, rango, descansos y tareas al nivel, historial, molestias, material, preferencias y disponibilidad. No sustituye valoración médica/fisioterapéutica si hay dolor, lesión o señales de alarma.
Entrenamiento en casa/material limitado;Falta de tiempo para entrenar;Necesidad de sesiones cortas y eficientes.;general;adherencia;bajo;"FIT2_SRC001;FIT2_SRC008";Plan de adherencia mínima;Crear versión mínima viable del entrenamiento para semanas difíciles.;bajo;hábitos;Registro de adherencia;Marcar sesiones, pasos, sueño, proteína/hidratación y barreras.;Detectar obstáculos.;bajo;semanal;hábitos;alta;Adaptar carga, volumen, frecuencia, rango, descansos y tareas al nivel, historial, molestias, material, preferencias y disponibilidad. No sustituye valoración médica/fisioterapéutica si hay dolor, lesión o señales de alarma.
Entrenamiento en casa/material limitado;Falta de tiempo para entrenar;Necesidad de sesiones cortas y eficientes.;general;adherencia;bajo;"FIT2_SRC001;FIT2_SRC008";Plan de adherencia mínima;Crear versión mínima viable del entrenamiento para semanas difíciles.;bajo;hábitos;Versión mínima viable;Definir entrenamiento mínimo de 10-15 min para días difíciles.;Evitar abandono.;bajo;cuando proceda;hábitos;alta;Adaptar carga, volumen, frecuencia, rango, descansos y tareas al nivel, historial, molestias, material, preferencias y disponibilidad. No sustituye valoración médica/fisioterapéutica si hay dolor, lesión o señales de alarma.
Técnica de básicos;Aprender técnica de sentadilla;Mejorar patrón de sentadilla con rango, control y seguridad.;principiante;técnica;medio;"FIT2_SRC009;FIT2_SRC004";Técnica por patrones de movimiento;Enseñar sentadilla, bisagra, empuje, tracción, zancada, transporte y core.;medio;técnica;Revisión de técnica de sentadilla;Checklist de pies, rodillas, cadera, tronco, profundidad y control.;Mejorar sentadilla.;medio;semanal;técnica;alta;Adaptar carga, volumen, frecuencia, rango, descansos y tareas al nivel, historial, molestias, material, preferencias y disponibilidad. No sustituye valoración médica/fisioterapéutica si hay dolor, lesión o señales de alarma.
Técnica de básicos;Aprender técnica de sentadilla;Mejorar patrón de sentadilla con rango, control y seguridad.;principiante;técnica;medio;"FIT2_SRC009;FIT2_SRC004";Técnica por patrones de movimiento;Enseñar sentadilla, bisagra, empuje, tracción, zancada, transporte y core.;medio;técnica;Revisión de bisagra;Checklist de cadera atrás, columna neutra, tensión dorsal y rango.;Mejorar bisagra.;medio;semanal;técnica;alta;Adaptar carga, volumen, frecuencia, rango, descansos y tareas al nivel, historial, molestias, material, preferencias y disponibilidad. No sustituye valoración médica/fisioterapéutica si hay dolor, lesión o señales de alarma.
Técnica de básicos;Aprender técnica de sentadilla;Mejorar patrón de sentadilla con rango, control y seguridad.;principiante;técnica;medio;"FIT2_SRC009;FIT2_SRC004";Técnica por patrones de movimiento;Enseñar sentadilla, bisagra, empuje, tracción, zancada, transporte y core.;medio;técnica;Revisión de empuje;Checklist de escápulas, muñeca/codo, trayectoria y control.;Mejorar press/flexión.;bajo;semanal;técnica;alta;Adaptar carga, volumen, frecuencia, rango, descansos y tareas al nivel, historial, molestias, material, preferencias y disponibilidad. No sustituye valoración médica/fisioterapéutica si hay dolor, lesión o señales de alarma.
Técnica de básicos;Aprender técnica de sentadilla;Mejorar patrón de sentadilla con rango, control y seguridad.;principiante;técnica;medio;"FIT2_SRC009;FIT2_SRC004";Técnica por patrones de movimiento;Enseñar sentadilla, bisagra, empuje, tracción, zancada, transporte y core.;medio;técnica;Revisión de tracción;Checklist de escápula, codo, torso y recorrido.;Mejorar remos/dominadas.;bajo;semanal;técnica;alta;Adaptar carga, volumen, frecuencia, rango, descansos y tareas al nivel, historial, molestias, material, preferencias y disponibilidad. No sustituye valoración médica/fisioterapéutica si hay dolor, lesión o señales de alarma.
Técnica de básicos;Aprender técnica de sentadilla;Mejorar patrón de sentadilla con rango, control y seguridad.;principiante;técnica;medio;"FIT2_SRC009;FIT2_SRC004";Técnica por patrones de movimiento;Enseñar sentadilla, bisagra, empuje, tracción, zancada, transporte y core.;medio;técnica;Revisión de unilateral;Checklist de equilibrio, rodilla, cadera y control de zancadas.;Mejorar trabajo unilateral.;bajo;semanal;técnica;alta;Adaptar carga, volumen, frecuencia, rango, descansos y tareas al nivel, historial, molestias, material, preferencias y disponibilidad. No sustituye valoración médica/fisioterapéutica si hay dolor, lesión o señales de alarma.
Técnica de básicos;Aprender técnica de sentadilla;Mejorar patrón de sentadilla con rango, control y seguridad.;principiante;técnica;medio;"FIT2_SRC009;FIT2_SRC004";Calentamiento RAMP;Elevar temperatura, activar, movilizar y potenciar antes de entrenar.;bajo;preparación;Calentamiento RAMP;Realizar 5-10 min de elevar, activar, movilizar y preparar patrón.;Preparar sesión.;bajo;cada sesión;preparación;media;Adaptar carga, volumen, frecuencia, rango, descansos y tareas al nivel, historial, molestias, material, preferencias y disponibilidad. No sustituye valoración médica/fisioterapéutica si hay dolor, lesión o señales de alarma.
Técnica de básicos;Aprender técnica de sentadilla;Mejorar patrón de sentadilla con rango, control y seguridad.;principiante;técnica;medio;"FIT2_SRC009;FIT2_SRC004";Calentamiento RAMP;Elevar temperatura, activar, movilizar y potenciar antes de entrenar.;bajo;preparación;Plan de calentamiento específico;Elegir movilidad y series de aproximación según ejercicio principal.;Preparar básicos.;bajo;cada sesión;preparación;media;Adaptar carga, volumen, frecuencia, rango, descansos y tareas al nivel, historial, molestias, material, preferencias y disponibilidad. No sustituye valoración médica/fisioterapéutica si hay dolor, lesión o señales de alarma.
Técnica de básicos;Aprender técnica de sentadilla;Mejorar patrón de sentadilla con rango, control y seguridad.;principiante;técnica;medio;"FIT2_SRC009;FIT2_SRC004";Control motor;Practicar movimiento lento, controlado y con feedback.;medio;técnica;Control motor lento;Realizar repeticiones lentas con pausa en punto difícil.;Mejorar control del patrón.;medio;2-3 días/semana;técnica;media;Adaptar carga, volumen, frecuencia, rango, descansos y tareas al nivel, historial, molestias, material, preferencias y disponibilidad. No sustituye valoración médica/fisioterapéutica si hay dolor, lesión o señales de alarma.
Técnica de básicos;Aprender técnica de sentadilla;Mejorar patrón de sentadilla con rango, control y seguridad.;principiante;técnica;medio;"FIT2_SRC009;FIT2_SRC004";Control motor;Practicar movimiento lento, controlado y con feedback.;medio;técnica;Test sentadilla profunda controlada;Observar rango, control y compensaciones sin dolor.;Evaluar movilidad global.;bajo;mensual;evaluación;media;Adaptar carga, volumen, frecuencia, rango, descansos y tareas al nivel, historial, molestias, material, preferencias y disponibilidad. No sustituye valoración médica/fisioterapéutica si hay dolor, lesión o señales de alarma.
Técnica de básicos;Aprender técnica de sentadilla;Mejorar patrón de sentadilla con rango, control y seguridad.;principiante;técnica;medio;"FIT2_SRC009;FIT2_SRC004";Estabilidad escapular;Control de escápulas en empuje, tracción y postura.;bajo;técnica;Activación escapular;Series de face pulls, Y-T-W o retracción/protracción controlada.;Mejorar control escapular.;bajo;2-4 días/semana;técnica;media;Adaptar carga, volumen, frecuencia, rango, descansos y tareas al nivel, historial, molestias, material, preferencias y disponibilidad. No sustituye valoración médica/fisioterapéutica si hay dolor, lesión o señales de alarma.
Técnica de básicos;Aprender técnica de sentadilla;Mejorar patrón de sentadilla con rango, control y seguridad.;principiante;técnica;medio;"FIT2_SRC009;FIT2_SRC004";Braceo y respiración;Coordinar respiración, presión intraabdominal y tensión del tronco.;medio;técnica;Práctica de braceo;Respirar, bloquear y mantener tensión en series moderadas.;Mejorar estabilidad en fuerza.;medio;cada sesión de fuerza;técnica;media;Adaptar carga, volumen, frecuencia, rango, descansos y tareas al nivel, historial, molestias, material, preferencias y disponibilidad. No sustituye valoración médica/fisioterapéutica si hay dolor, lesión o señales de alarma.
Técnica de básicos;Aprender técnica de sentadilla;Mejorar patrón de sentadilla con rango, control y seguridad.;principiante;técnica;medio;"FIT2_SRC009;FIT2_SRC004";Feedback técnico con vídeo;Usar grabaciones para revisar patrón y progresar con seguridad.;medio;técnica;Grabación técnica breve;Grabar una serie lateral/frontal y revisar puntos clave.;Mejorar técnica.;medio;semanal;técnica;media;Adaptar carga, volumen, frecuencia, rango, descansos y tareas al nivel, historial, molestias, material, preferencias y disponibilidad. No sustituye valoración médica/fisioterapéutica si hay dolor, lesión o señales de alarma.
Técnica de básicos;Aprender técnica de sentadilla;Mejorar patrón de sentadilla con rango, control y seguridad.;principiante;técnica;medio;"FIT2_SRC009;FIT2_SRC004";Selección de ejercicios por Body Muscles;Elegir ejercicios según región muscular y objetivo visual/anatómico.;bajo;programación;Selección por grupo muscular;Elegir 2-4 ejercicios por región Body Muscles objetivo.;Conectar objetivo visual/anatómico.;bajo;según rutina;programación;media;Adaptar carga, volumen, frecuencia, rango, descansos y tareas al nivel, historial, molestias, material, preferencias y disponibilidad. No sustituye valoración médica/fisioterapéutica si hay dolor, lesión o señales de alarma.
Técnica de básicos;Aprender técnica de bisagra de cadera;Mejorar peso muerto, buenos días o movimientos de cadera.;principiante;técnica;medio;"FIT2_SRC009;FIT2_SRC004";Técnica por patrones de movimiento;Enseñar sentadilla, bisagra, empuje, tracción, zancada, transporte y core.;medio;técnica;Revisión de técnica de sentadilla;Checklist de pies, rodillas, cadera, tronco, profundidad y control.;Mejorar sentadilla.;medio;semanal;técnica;alta;Adaptar carga, volumen, frecuencia, rango, descansos y tareas al nivel, historial, molestias, material, preferencias y disponibilidad. No sustituye valoración médica/fisioterapéutica si hay dolor, lesión o señales de alarma.
Técnica de básicos;Aprender técnica de bisagra de cadera;Mejorar peso muerto, buenos días o movimientos de cadera.;principiante;técnica;medio;"FIT2_SRC009;FIT2_SRC004";Técnica por patrones de movimiento;Enseñar sentadilla, bisagra, empuje, tracción, zancada, transporte y core.;medio;técnica;Revisión de bisagra;Checklist de cadera atrás, columna neutra, tensión dorsal y rango.;Mejorar bisagra.;medio;semanal;técnica;alta;Adaptar carga, volumen, frecuencia, rango, descansos y tareas al nivel, historial, molestias, material, preferencias y disponibilidad. No sustituye valoración médica/fisioterapéutica si hay dolor, lesión o señales de alarma.
Técnica de básicos;Aprender técnica de bisagra de cadera;Mejorar peso muerto, buenos días o movimientos de cadera.;principiante;técnica;medio;"FIT2_SRC009;FIT2_SRC004";Técnica por patrones de movimiento;Enseñar sentadilla, bisagra, empuje, tracción, zancada, transporte y core.;medio;técnica;Revisión de empuje;Checklist de escápulas, muñeca/codo, trayectoria y control.;Mejorar press/flexión.;bajo;semanal;técnica;alta;Adaptar carga, volumen, frecuencia, rango, descansos y tareas al nivel, historial, molestias, material, preferencias y disponibilidad. No sustituye valoración médica/fisioterapéutica si hay dolor, lesión o señales de alarma.
Técnica de básicos;Aprender técnica de bisagra de cadera;Mejorar peso muerto, buenos días o movimientos de cadera.;principiante;técnica;medio;"FIT2_SRC009;FIT2_SRC004";Técnica por patrones de movimiento;Enseñar sentadilla, bisagra, empuje, tracción, zancada, transporte y core.;medio;técnica;Revisión de tracción;Checklist de escápula, codo, torso y recorrido.;Mejorar remos/dominadas.;bajo;semanal;técnica;alta;Adaptar carga, volumen, frecuencia, rango, descansos y tareas al nivel, historial, molestias, material, preferencias y disponibilidad. No sustituye valoración médica/fisioterapéutica si hay dolor, lesión o señales de alarma.
Técnica de básicos;Aprender técnica de bisagra de cadera;Mejorar peso muerto, buenos días o movimientos de cadera.;principiante;técnica;medio;"FIT2_SRC009;FIT2_SRC004";Técnica por patrones de movimiento;Enseñar sentadilla, bisagra, empuje, tracción, zancada, transporte y core.;medio;técnica;Revisión de unilateral;Checklist de equilibrio, rodilla, cadera y control de zancadas.;Mejorar trabajo unilateral.;bajo;semanal;técnica;alta;Adaptar carga, volumen, frecuencia, rango, descansos y tareas al nivel, historial, molestias, material, preferencias y disponibilidad. No sustituye valoración médica/fisioterapéutica si hay dolor, lesión o señales de alarma.
Técnica de básicos;Aprender técnica de bisagra de cadera;Mejorar peso muerto, buenos días o movimientos de cadera.;principiante;técnica;medio;"FIT2_SRC009;FIT2_SRC004";Calentamiento RAMP;Elevar temperatura, activar, movilizar y potenciar antes de entrenar.;bajo;preparación;Calentamiento RAMP;Realizar 5-10 min de elevar, activar, movilizar y preparar patrón.;Preparar sesión.;bajo;cada sesión;preparación;media;Adaptar carga, volumen, frecuencia, rango, descansos y tareas al nivel, historial, molestias, material, preferencias y disponibilidad. No sustituye valoración médica/fisioterapéutica si hay dolor, lesión o señales de alarma.
Técnica de básicos;Aprender técnica de bisagra de cadera;Mejorar peso muerto, buenos días o movimientos de cadera.;principiante;técnica;medio;"FIT2_SRC009;FIT2_SRC004";Calentamiento RAMP;Elevar temperatura, activar, movilizar y potenciar antes de entrenar.;bajo;preparación;Plan de calentamiento específico;Elegir movilidad y series de aproximación según ejercicio principal.;Preparar básicos.;bajo;cada sesión;preparación;media;Adaptar carga, volumen, frecuencia, rango, descansos y tareas al nivel, historial, molestias, material, preferencias y disponibilidad. No sustituye valoración médica/fisioterapéutica si hay dolor, lesión o señales de alarma.
Técnica de básicos;Aprender técnica de bisagra de cadera;Mejorar peso muerto, buenos días o movimientos de cadera.;principiante;técnica;medio;"FIT2_SRC009;FIT2_SRC004";Control motor;Practicar movimiento lento, controlado y con feedback.;medio;técnica;Control motor lento;Realizar repeticiones lentas con pausa en punto difícil.;Mejorar control del patrón.;medio;2-3 días/semana;técnica;media;Adaptar carga, volumen, frecuencia, rango, descansos y tareas al nivel, historial, molestias, material, preferencias y disponibilidad. No sustituye valoración médica/fisioterapéutica si hay dolor, lesión o señales de alarma.
Técnica de básicos;Aprender técnica de bisagra de cadera;Mejorar peso muerto, buenos días o movimientos de cadera.;principiante;técnica;medio;"FIT2_SRC009;FIT2_SRC004";Control motor;Practicar movimiento lento, controlado y con feedback.;medio;técnica;Test sentadilla profunda controlada;Observar rango, control y compensaciones sin dolor.;Evaluar movilidad global.;bajo;mensual;evaluación;media;Adaptar carga, volumen, frecuencia, rango, descansos y tareas al nivel, historial, molestias, material, preferencias y disponibilidad. No sustituye valoración médica/fisioterapéutica si hay dolor, lesión o señales de alarma.
Técnica de básicos;Aprender técnica de bisagra de cadera;Mejorar peso muerto, buenos días o movimientos de cadera.;principiante;técnica;medio;"FIT2_SRC009;FIT2_SRC004";Estabilidad escapular;Control de escápulas en empuje, tracción y postura.;bajo;técnica;Activación escapular;Series de face pulls, Y-T-W o retracción/protracción controlada.;Mejorar control escapular.;bajo;2-4 días/semana;técnica;media;Adaptar carga, volumen, frecuencia, rango, descansos y tareas al nivel, historial, molestias, material, preferencias y disponibilidad. No sustituye valoración médica/fisioterapéutica si hay dolor, lesión o señales de alarma.
Técnica de básicos;Aprender técnica de bisagra de cadera;Mejorar peso muerto, buenos días o movimientos de cadera.;principiante;técnica;medio;"FIT2_SRC009;FIT2_SRC004";Braceo y respiración;Coordinar respiración, presión intraabdominal y tensión del tronco.;medio;técnica;Práctica de braceo;Respirar, bloquear y mantener tensión en series moderadas.;Mejorar estabilidad en fuerza.;medio;cada sesión de fuerza;técnica;media;Adaptar carga, volumen, frecuencia, rango, descansos y tareas al nivel, historial, molestias, material, preferencias y disponibilidad. No sustituye valoración médica/fisioterapéutica si hay dolor, lesión o señales de alarma.
Técnica de básicos;Aprender técnica de bisagra de cadera;Mejorar peso muerto, buenos días o movimientos de cadera.;principiante;técnica;medio;"FIT2_SRC009;FIT2_SRC004";Feedback técnico con vídeo;Usar grabaciones para revisar patrón y progresar con seguridad.;medio;técnica;Grabación técnica breve;Grabar una serie lateral/frontal y revisar puntos clave.;Mejorar técnica.;medio;semanal;técnica;media;Adaptar carga, volumen, frecuencia, rango, descansos y tareas al nivel, historial, molestias, material, preferencias y disponibilidad. No sustituye valoración médica/fisioterapéutica si hay dolor, lesión o señales de alarma.
Técnica de básicos;Aprender técnica de bisagra de cadera;Mejorar peso muerto, buenos días o movimientos de cadera.;principiante;técnica;medio;"FIT2_SRC009;FIT2_SRC004";Selección de ejercicios por Body Muscles;Elegir ejercicios según región muscular y objetivo visual/anatómico.;bajo;programación;Selección por grupo muscular;Elegir 2-4 ejercicios por región Body Muscles objetivo.;Conectar objetivo visual/anatómico.;bajo;según rutina;programación;media;Adaptar carga, volumen, frecuencia, rango, descansos y tareas al nivel, historial, molestias, material, preferencias y disponibilidad. No sustituye valoración médica/fisioterapéutica si hay dolor, lesión o señales de alarma.
Técnica de básicos;Aprender técnica de flexión/press;Mejorar empuje horizontal o vertical con estabilidad.;principiante;técnica;bajo;"FIT2_SRC009;FIT2_SRC004";Técnica por patrones de movimiento;Enseñar sentadilla, bisagra, empuje, tracción, zancada, transporte y core.;medio;técnica;Revisión de técnica de sentadilla;Checklist de pies, rodillas, cadera, tronco, profundidad y control.;Mejorar sentadilla.;medio;semanal;técnica;alta;Adaptar carga, volumen, frecuencia, rango, descansos y tareas al nivel, historial, molestias, material, preferencias y disponibilidad. No sustituye valoración médica/fisioterapéutica si hay dolor, lesión o señales de alarma.
Técnica de básicos;Aprender técnica de flexión/press;Mejorar empuje horizontal o vertical con estabilidad.;principiante;técnica;bajo;"FIT2_SRC009;FIT2_SRC004";Técnica por patrones de movimiento;Enseñar sentadilla, bisagra, empuje, tracción, zancada, transporte y core.;medio;técnica;Revisión de bisagra;Checklist de cadera atrás, columna neutra, tensión dorsal y rango.;Mejorar bisagra.;medio;semanal;técnica;alta;Adaptar carga, volumen, frecuencia, rango, descansos y tareas al nivel, historial, molestias, material, preferencias y disponibilidad. No sustituye valoración médica/fisioterapéutica si hay dolor, lesión o señales de alarma.
Técnica de básicos;Aprender técnica de flexión/press;Mejorar empuje horizontal o vertical con estabilidad.;principiante;técnica;bajo;"FIT2_SRC009;FIT2_SRC004";Técnica por patrones de movimiento;Enseñar sentadilla, bisagra, empuje, tracción, zancada, transporte y core.;medio;técnica;Revisión de empuje;Checklist de escápulas, muñeca/codo, trayectoria y control.;Mejorar press/flexión.;bajo;semanal;técnica;alta;Adaptar carga, volumen, frecuencia, rango, descansos y tareas al nivel, historial, molestias, material, preferencias y disponibilidad. No sustituye valoración médica/fisioterapéutica si hay dolor, lesión o señales de alarma.
Técnica de básicos;Aprender técnica de flexión/press;Mejorar empuje horizontal o vertical con estabilidad.;principiante;técnica;bajo;"FIT2_SRC009;FIT2_SRC004";Técnica por patrones de movimiento;Enseñar sentadilla, bisagra, empuje, tracción, zancada, transporte y core.;medio;técnica;Revisión de tracción;Checklist de escápula, codo, torso y recorrido.;Mejorar remos/dominadas.;bajo;semanal;técnica;alta;Adaptar carga, volumen, frecuencia, rango, descansos y tareas al nivel, historial, molestias, material, preferencias y disponibilidad. No sustituye valoración médica/fisioterapéutica si hay dolor, lesión o señales de alarma.
Técnica de básicos;Aprender técnica de flexión/press;Mejorar empuje horizontal o vertical con estabilidad.;principiante;técnica;bajo;"FIT2_SRC009;FIT2_SRC004";Técnica por patrones de movimiento;Enseñar sentadilla, bisagra, empuje, tracción, zancada, transporte y core.;medio;técnica;Revisión de unilateral;Checklist de equilibrio, rodilla, cadera y control de zancadas.;Mejorar trabajo unilateral.;bajo;semanal;técnica;alta;Adaptar carga, volumen, frecuencia, rango, descansos y tareas al nivel, historial, molestias, material, preferencias y disponibilidad. No sustituye valoración médica/fisioterapéutica si hay dolor, lesión o señales de alarma.
Técnica de básicos;Aprender técnica de flexión/press;Mejorar empuje horizontal o vertical con estabilidad.;principiante;técnica;bajo;"FIT2_SRC009;FIT2_SRC004";Calentamiento RAMP;Elevar temperatura, activar, movilizar y potenciar antes de entrenar.;bajo;preparación;Calentamiento RAMP;Realizar 5-10 min de elevar, activar, movilizar y preparar patrón.;Preparar sesión.;bajo;cada sesión;preparación;media;Adaptar carga, volumen, frecuencia, rango, descansos y tareas al nivel, historial, molestias, material, preferencias y disponibilidad. No sustituye valoración médica/fisioterapéutica si hay dolor, lesión o señales de alarma.
Técnica de básicos;Aprender técnica de flexión/press;Mejorar empuje horizontal o vertical con estabilidad.;principiante;técnica;bajo;"FIT2_SRC009;FIT2_SRC004";Calentamiento RAMP;Elevar temperatura, activar, movilizar y potenciar antes de entrenar.;bajo;preparación;Plan de calentamiento específico;Elegir movilidad y series de aproximación según ejercicio principal.;Preparar básicos.;bajo;cada sesión;preparación;media;Adaptar carga, volumen, frecuencia, rango, descansos y tareas al nivel, historial, molestias, material, preferencias y disponibilidad. No sustituye valoración médica/fisioterapéutica si hay dolor, lesión o señales de alarma.
Técnica de básicos;Aprender técnica de flexión/press;Mejorar empuje horizontal o vertical con estabilidad.;principiante;técnica;bajo;"FIT2_SRC009;FIT2_SRC004";Control motor;Practicar movimiento lento, controlado y con feedback.;medio;técnica;Control motor lento;Realizar repeticiones lentas con pausa en punto difícil.;Mejorar control del patrón.;medio;2-3 días/semana;técnica;media;Adaptar carga, volumen, frecuencia, rango, descansos y tareas al nivel, historial, molestias, material, preferencias y disponibilidad. No sustituye valoración médica/fisioterapéutica si hay dolor, lesión o señales de alarma.
Técnica de básicos;Aprender técnica de flexión/press;Mejorar empuje horizontal o vertical con estabilidad.;principiante;técnica;bajo;"FIT2_SRC009;FIT2_SRC004";Control motor;Practicar movimiento lento, controlado y con feedback.;medio;técnica;Test sentadilla profunda controlada;Observar rango, control y compensaciones sin dolor.;Evaluar movilidad global.;bajo;mensual;evaluación;media;Adaptar carga, volumen, frecuencia, rango, descansos y tareas al nivel, historial, molestias, material, preferencias y disponibilidad. No sustituye valoración médica/fisioterapéutica si hay dolor, lesión o señales de alarma.
Técnica de básicos;Aprender técnica de flexión/press;Mejorar empuje horizontal o vertical con estabilidad.;principiante;técnica;bajo;"FIT2_SRC009;FIT2_SRC004";Estabilidad escapular;Control de escápulas en empuje, tracción y postura.;bajo;técnica;Activación escapular;Series de face pulls, Y-T-W o retracción/protracción controlada.;Mejorar control escapular.;bajo;2-4 días/semana;técnica;media;Adaptar carga, volumen, frecuencia, rango, descansos y tareas al nivel, historial, molestias, material, preferencias y disponibilidad. No sustituye valoración médica/fisioterapéutica si hay dolor, lesión o señales de alarma.
Técnica de básicos;Aprender técnica de flexión/press;Mejorar empuje horizontal o vertical con estabilidad.;principiante;técnica;bajo;"FIT2_SRC009;FIT2_SRC004";Braceo y respiración;Coordinar respiración, presión intraabdominal y tensión del tronco.;medio;técnica;Práctica de braceo;Respirar, bloquear y mantener tensión en series moderadas.;Mejorar estabilidad en fuerza.;medio;cada sesión de fuerza;técnica;media;Adaptar carga, volumen, frecuencia, rango, descansos y tareas al nivel, historial, molestias, material, preferencias y disponibilidad. No sustituye valoración médica/fisioterapéutica si hay dolor, lesión o señales de alarma.
Técnica de básicos;Aprender técnica de flexión/press;Mejorar empuje horizontal o vertical con estabilidad.;principiante;técnica;bajo;"FIT2_SRC009;FIT2_SRC004";Feedback técnico con vídeo;Usar grabaciones para revisar patrón y progresar con seguridad.;medio;técnica;Grabación técnica breve;Grabar una serie lateral/frontal y revisar puntos clave.;Mejorar técnica.;medio;semanal;técnica;media;Adaptar carga, volumen, frecuencia, rango, descansos y tareas al nivel, historial, molestias, material, preferencias y disponibilidad. No sustituye valoración médica/fisioterapéutica si hay dolor, lesión o señales de alarma.
Técnica de básicos;Aprender técnica de flexión/press;Mejorar empuje horizontal o vertical con estabilidad.;principiante;técnica;bajo;"FIT2_SRC009;FIT2_SRC004";Selección de ejercicios por Body Muscles;Elegir ejercicios según región muscular y objetivo visual/anatómico.;bajo;programación;Selección por grupo muscular;Elegir 2-4 ejercicios por región Body Muscles objetivo.;Conectar objetivo visual/anatómico.;bajo;según rutina;programación;media;Adaptar carga, volumen, frecuencia, rango, descansos y tareas al nivel, historial, molestias, material, preferencias y disponibilidad. No sustituye valoración médica/fisioterapéutica si hay dolor, lesión o señales de alarma.
Técnica de básicos;Aprender técnica de remo/tracción;Mejorar tracción horizontal/vertical y control escapular.;principiante;técnica;bajo;"FIT2_SRC009;FIT2_SRC004";Técnica por patrones de movimiento;Enseñar sentadilla, bisagra, empuje, tracción, zancada, transporte y core.;medio;técnica;Revisión de técnica de sentadilla;Checklist de pies, rodillas, cadera, tronco, profundidad y control.;Mejorar sentadilla.;medio;semanal;técnica;alta;Adaptar carga, volumen, frecuencia, rango, descansos y tareas al nivel, historial, molestias, material, preferencias y disponibilidad. No sustituye valoración médica/fisioterapéutica si hay dolor, lesión o señales de alarma.
Técnica de básicos;Aprender técnica de remo/tracción;Mejorar tracción horizontal/vertical y control escapular.;principiante;técnica;bajo;"FIT2_SRC009;FIT2_SRC004";Técnica por patrones de movimiento;Enseñar sentadilla, bisagra, empuje, tracción, zancada, transporte y core.;medio;técnica;Revisión de bisagra;Checklist de cadera atrás, columna neutra, tensión dorsal y rango.;Mejorar bisagra.;medio;semanal;técnica;alta;Adaptar carga, volumen, frecuencia, rango, descansos y tareas al nivel, historial, molestias, material, preferencias y disponibilidad. No sustituye valoración médica/fisioterapéutica si hay dolor, lesión o señales de alarma.
Técnica de básicos;Aprender técnica de remo/tracción;Mejorar tracción horizontal/vertical y control escapular.;principiante;técnica;bajo;"FIT2_SRC009;FIT2_SRC004";Técnica por patrones de movimiento;Enseñar sentadilla, bisagra, empuje, tracción, zancada, transporte y core.;medio;técnica;Revisión de empuje;Checklist de escápulas, muñeca/codo, trayectoria y control.;Mejorar press/flexión.;bajo;semanal;técnica;alta;Adaptar carga, volumen, frecuencia, rango, descansos y tareas al nivel, historial, molestias, material, preferencias y disponibilidad. No sustituye valoración médica/fisioterapéutica si hay dolor, lesión o señales de alarma.
Técnica de básicos;Aprender técnica de remo/tracción;Mejorar tracción horizontal/vertical y control escapular.;principiante;técnica;bajo;"FIT2_SRC009;FIT2_SRC004";Técnica por patrones de movimiento;Enseñar sentadilla, bisagra, empuje, tracción, zancada, transporte y core.;medio;técnica;Revisión de tracción;Checklist de escápula, codo, torso y recorrido.;Mejorar remos/dominadas.;bajo;semanal;técnica;alta;Adaptar carga, volumen, frecuencia, rango, descansos y tareas al nivel, historial, molestias, material, preferencias y disponibilidad. No sustituye valoración médica/fisioterapéutica si hay dolor, lesión o señales de alarma.
Técnica de básicos;Aprender técnica de remo/tracción;Mejorar tracción horizontal/vertical y control escapular.;principiante;técnica;bajo;"FIT2_SRC009;FIT2_SRC004";Técnica por patrones de movimiento;Enseñar sentadilla, bisagra, empuje, tracción, zancada, transporte y core.;medio;técnica;Revisión de unilateral;Checklist de equilibrio, rodilla, cadera y control de zancadas.;Mejorar trabajo unilateral.;bajo;semanal;técnica;alta;Adaptar carga, volumen, frecuencia, rango, descansos y tareas al nivel, historial, molestias, material, preferencias y disponibilidad. No sustituye valoración médica/fisioterapéutica si hay dolor, lesión o señales de alarma.
Técnica de básicos;Aprender técnica de remo/tracción;Mejorar tracción horizontal/vertical y control escapular.;principiante;técnica;bajo;"FIT2_SRC009;FIT2_SRC004";Calentamiento RAMP;Elevar temperatura, activar, movilizar y potenciar antes de entrenar.;bajo;preparación;Calentamiento RAMP;Realizar 5-10 min de elevar, activar, movilizar y preparar patrón.;Preparar sesión.;bajo;cada sesión;preparación;media;Adaptar carga, volumen, frecuencia, rango, descansos y tareas al nivel, historial, molestias, material, preferencias y disponibilidad. No sustituye valoración médica/fisioterapéutica si hay dolor, lesión o señales de alarma.
Técnica de básicos;Aprender técnica de remo/tracción;Mejorar tracción horizontal/vertical y control escapular.;principiante;técnica;bajo;"FIT2_SRC009;FIT2_SRC004";Calentamiento RAMP;Elevar temperatura, activar, movilizar y potenciar antes de entrenar.;bajo;preparación;Plan de calentamiento específico;Elegir movilidad y series de aproximación según ejercicio principal.;Preparar básicos.;bajo;cada sesión;preparación;media;Adaptar carga, volumen, frecuencia, rango, descansos y tareas al nivel, historial, molestias, material, preferencias y disponibilidad. No sustituye valoración médica/fisioterapéutica si hay dolor, lesión o señales de alarma.
Técnica de básicos;Aprender técnica de remo/tracción;Mejorar tracción horizontal/vertical y control escapular.;principiante;técnica;bajo;"FIT2_SRC009;FIT2_SRC004";Control motor;Practicar movimiento lento, controlado y con feedback.;medio;técnica;Control motor lento;Realizar repeticiones lentas con pausa en punto difícil.;Mejorar control del patrón.;medio;2-3 días/semana;técnica;media;Adaptar carga, volumen, frecuencia, rango, descansos y tareas al nivel, historial, molestias, material, preferencias y disponibilidad. No sustituye valoración médica/fisioterapéutica si hay dolor, lesión o señales de alarma.
Técnica de básicos;Aprender técnica de remo/tracción;Mejorar tracción horizontal/vertical y control escapular.;principiante;técnica;bajo;"FIT2_SRC009;FIT2_SRC004";Control motor;Practicar movimiento lento, controlado y con feedback.;medio;técnica;Test sentadilla profunda controlada;Observar rango, control y compensaciones sin dolor.;Evaluar movilidad global.;bajo;mensual;evaluación;media;Adaptar carga, volumen, frecuencia, rango, descansos y tareas al nivel, historial, molestias, material, preferencias y disponibilidad. No sustituye valoración médica/fisioterapéutica si hay dolor, lesión o señales de alarma.
Técnica de básicos;Aprender técnica de remo/tracción;Mejorar tracción horizontal/vertical y control escapular.;principiante;técnica;bajo;"FIT2_SRC009;FIT2_SRC004";Estabilidad escapular;Control de escápulas en empuje, tracción y postura.;bajo;técnica;Activación escapular;Series de face pulls, Y-T-W o retracción/protracción controlada.;Mejorar control escapular.;bajo;2-4 días/semana;técnica;media;Adaptar carga, volumen, frecuencia, rango, descansos y tareas al nivel, historial, molestias, material, preferencias y disponibilidad. No sustituye valoración médica/fisioterapéutica si hay dolor, lesión o señales de alarma.
Técnica de básicos;Aprender técnica de remo/tracción;Mejorar tracción horizontal/vertical y control escapular.;principiante;técnica;bajo;"FIT2_SRC009;FIT2_SRC004";Braceo y respiración;Coordinar respiración, presión intraabdominal y tensión del tronco.;medio;técnica;Práctica de braceo;Respirar, bloquear y mantener tensión en series moderadas.;Mejorar estabilidad en fuerza.;medio;cada sesión de fuerza;técnica;media;Adaptar carga, volumen, frecuencia, rango, descansos y tareas al nivel, historial, molestias, material, preferencias y disponibilidad. No sustituye valoración médica/fisioterapéutica si hay dolor, lesión o señales de alarma.
Técnica de básicos;Aprender técnica de remo/tracción;Mejorar tracción horizontal/vertical y control escapular.;principiante;técnica;bajo;"FIT2_SRC009;FIT2_SRC004";Feedback técnico con vídeo;Usar grabaciones para revisar patrón y progresar con seguridad.;medio;técnica;Grabación técnica breve;Grabar una serie lateral/frontal y revisar puntos clave.;Mejorar técnica.;medio;semanal;técnica;media;Adaptar carga, volumen, frecuencia, rango, descansos y tareas al nivel, historial, molestias, material, preferencias y disponibilidad. No sustituye valoración médica/fisioterapéutica si hay dolor, lesión o señales de alarma.
Técnica de básicos;Aprender técnica de remo/tracción;Mejorar tracción horizontal/vertical y control escapular.;principiante;técnica;bajo;"FIT2_SRC009;FIT2_SRC004";Selección de ejercicios por Body Muscles;Elegir ejercicios según región muscular y objetivo visual/anatómico.;bajo;programación;Selección por grupo muscular;Elegir 2-4 ejercicios por región Body Muscles objetivo.;Conectar objetivo visual/anatómico.;bajo;según rutina;programación;media;Adaptar carga, volumen, frecuencia, rango, descansos y tareas al nivel, historial, molestias, material, preferencias y disponibilidad. No sustituye valoración médica/fisioterapéutica si hay dolor, lesión o señales de alarma.
Técnica de básicos;Aprender zancadas y unilateral;Mejorar control de pierna individual y estabilidad.;principiante;técnica;bajo;"FIT2_SRC009;FIT2_SRC004";Técnica por patrones de movimiento;Enseñar sentadilla, bisagra, empuje, tracción, zancada, transporte y core.;medio;técnica;Revisión de técnica de sentadilla;Checklist de pies, rodillas, cadera, tronco, profundidad y control.;Mejorar sentadilla.;medio;semanal;técnica;alta;Adaptar carga, volumen, frecuencia, rango, descansos y tareas al nivel, historial, molestias, material, preferencias y disponibilidad. No sustituye valoración médica/fisioterapéutica si hay dolor, lesión o señales de alarma.
Técnica de básicos;Aprender zancadas y unilateral;Mejorar control de pierna individual y estabilidad.;principiante;técnica;bajo;"FIT2_SRC009;FIT2_SRC004";Técnica por patrones de movimiento;Enseñar sentadilla, bisagra, empuje, tracción, zancada, transporte y core.;medio;técnica;Revisión de bisagra;Checklist de cadera atrás, columna neutra, tensión dorsal y rango.;Mejorar bisagra.;medio;semanal;técnica;alta;Adaptar carga, volumen, frecuencia, rango, descansos y tareas al nivel, historial, molestias, material, preferencias y disponibilidad. No sustituye valoración médica/fisioterapéutica si hay dolor, lesión o señales de alarma.
Técnica de básicos;Aprender zancadas y unilateral;Mejorar control de pierna individual y estabilidad.;principiante;técnica;bajo;"FIT2_SRC009;FIT2_SRC004";Técnica por patrones de movimiento;Enseñar sentadilla, bisagra, empuje, tracción, zancada, transporte y core.;medio;técnica;Revisión de empuje;Checklist de escápulas, muñeca/codo, trayectoria y control.;Mejorar press/flexión.;bajo;semanal;técnica;alta;Adaptar carga, volumen, frecuencia, rango, descansos y tareas al nivel, historial, molestias, material, preferencias y disponibilidad. No sustituye valoración médica/fisioterapéutica si hay dolor, lesión o señales de alarma.
Técnica de básicos;Aprender zancadas y unilateral;Mejorar control de pierna individual y estabilidad.;principiante;técnica;bajo;"FIT2_SRC009;FIT2_SRC004";Técnica por patrones de movimiento;Enseñar sentadilla, bisagra, empuje, tracción, zancada, transporte y core.;medio;técnica;Revisión de tracción;Checklist de escápula, codo, torso y recorrido.;Mejorar remos/dominadas.;bajo;semanal;técnica;alta;Adaptar carga, volumen, frecuencia, rango, descansos y tareas al nivel, historial, molestias, material, preferencias y disponibilidad. No sustituye valoración médica/fisioterapéutica si hay dolor, lesión o señales de alarma.
Técnica de básicos;Aprender zancadas y unilateral;Mejorar control de pierna individual y estabilidad.;principiante;técnica;bajo;"FIT2_SRC009;FIT2_SRC004";Técnica por patrones de movimiento;Enseñar sentadilla, bisagra, empuje, tracción, zancada, transporte y core.;medio;técnica;Revisión de unilateral;Checklist de equilibrio, rodilla, cadera y control de zancadas.;Mejorar trabajo unilateral.;bajo;semanal;técnica;alta;Adaptar carga, volumen, frecuencia, rango, descansos y tareas al nivel, historial, molestias, material, preferencias y disponibilidad. No sustituye valoración médica/fisioterapéutica si hay dolor, lesión o señales de alarma.
Técnica de básicos;Aprender zancadas y unilateral;Mejorar control de pierna individual y estabilidad.;principiante;técnica;bajo;"FIT2_SRC009;FIT2_SRC004";Calentamiento RAMP;Elevar temperatura, activar, movilizar y potenciar antes de entrenar.;bajo;preparación;Calentamiento RAMP;Realizar 5-10 min de elevar, activar, movilizar y preparar patrón.;Preparar sesión.;bajo;cada sesión;preparación;media;Adaptar carga, volumen, frecuencia, rango, descansos y tareas al nivel, historial, molestias, material, preferencias y disponibilidad. No sustituye valoración médica/fisioterapéutica si hay dolor, lesión o señales de alarma.
Técnica de básicos;Aprender zancadas y unilateral;Mejorar control de pierna individual y estabilidad.;principiante;técnica;bajo;"FIT2_SRC009;FIT2_SRC004";Calentamiento RAMP;Elevar temperatura, activar, movilizar y potenciar antes de entrenar.;bajo;preparación;Plan de calentamiento específico;Elegir movilidad y series de aproximación según ejercicio principal.;Preparar básicos.;bajo;cada sesión;preparación;media;Adaptar carga, volumen, frecuencia, rango, descansos y tareas al nivel, historial, molestias, material, preferencias y disponibilidad. No sustituye valoración médica/fisioterapéutica si hay dolor, lesión o señales de alarma.
Técnica de básicos;Aprender zancadas y unilateral;Mejorar control de pierna individual y estabilidad.;principiante;técnica;bajo;"FIT2_SRC009;FIT2_SRC004";Control motor;Practicar movimiento lento, controlado y con feedback.;medio;técnica;Control motor lento;Realizar repeticiones lentas con pausa en punto difícil.;Mejorar control del patrón.;medio;2-3 días/semana;técnica;media;Adaptar carga, volumen, frecuencia, rango, descansos y tareas al nivel, historial, molestias, material, preferencias y disponibilidad. No sustituye valoración médica/fisioterapéutica si hay dolor, lesión o señales de alarma.
Técnica de básicos;Aprender zancadas y unilateral;Mejorar control de pierna individual y estabilidad.;principiante;técnica;bajo;"FIT2_SRC009;FIT2_SRC004";Control motor;Practicar movimiento lento, controlado y con feedback.;medio;técnica;Test sentadilla profunda controlada;Observar rango, control y compensaciones sin dolor.;Evaluar movilidad global.;bajo;mensual;evaluación;media;Adaptar carga, volumen, frecuencia, rango, descansos y tareas al nivel, historial, molestias, material, preferencias y disponibilidad. No sustituye valoración médica/fisioterapéutica si hay dolor, lesión o señales de alarma.
Técnica de básicos;Aprender zancadas y unilateral;Mejorar control de pierna individual y estabilidad.;principiante;técnica;bajo;"FIT2_SRC009;FIT2_SRC004";Estabilidad escapular;Control de escápulas en empuje, tracción y postura.;bajo;técnica;Activación escapular;Series de face pulls, Y-T-W o retracción/protracción controlada.;Mejorar control escapular.;bajo;2-4 días/semana;técnica;media;Adaptar carga, volumen, frecuencia, rango, descansos y tareas al nivel, historial, molestias, material, preferencias y disponibilidad. No sustituye valoración médica/fisioterapéutica si hay dolor, lesión o señales de alarma.
Técnica de básicos;Aprender zancadas y unilateral;Mejorar control de pierna individual y estabilidad.;principiante;técnica;bajo;"FIT2_SRC009;FIT2_SRC004";Braceo y respiración;Coordinar respiración, presión intraabdominal y tensión del tronco.;medio;técnica;Práctica de braceo;Respirar, bloquear y mantener tensión en series moderadas.;Mejorar estabilidad en fuerza.;medio;cada sesión de fuerza;técnica;media;Adaptar carga, volumen, frecuencia, rango, descansos y tareas al nivel, historial, molestias, material, preferencias y disponibilidad. No sustituye valoración médica/fisioterapéutica si hay dolor, lesión o señales de alarma.
Técnica de básicos;Aprender zancadas y unilateral;Mejorar control de pierna individual y estabilidad.;principiante;técnica;bajo;"FIT2_SRC009;FIT2_SRC004";Feedback técnico con vídeo;Usar grabaciones para revisar patrón y progresar con seguridad.;medio;técnica;Grabación técnica breve;Grabar una serie lateral/frontal y revisar puntos clave.;Mejorar técnica.;medio;semanal;técnica;media;Adaptar carga, volumen, frecuencia, rango, descansos y tareas al nivel, historial, molestias, material, preferencias y disponibilidad. No sustituye valoración médica/fisioterapéutica si hay dolor, lesión o señales de alarma.
Técnica de básicos;Aprender zancadas y unilateral;Mejorar control de pierna individual y estabilidad.;principiante;técnica;bajo;"FIT2_SRC009;FIT2_SRC004";Selección de ejercicios por Body Muscles;Elegir ejercicios según región muscular y objetivo visual/anatómico.;bajo;programación;Selección por grupo muscular;Elegir 2-4 ejercicios por región Body Muscles objetivo.;Conectar objetivo visual/anatómico.;bajo;según rutina;programación;media;Adaptar carga, volumen, frecuencia, rango, descansos y tareas al nivel, historial, molestias, material, preferencias y disponibilidad. No sustituye valoración médica/fisioterapéutica si hay dolor, lesión o señales de alarma.
Técnica de básicos;Evitar compensaciones técnicas;Detectar y corregir patrones que limitan seguridad o eficacia.;general;técnica;medio;"FIT2_SRC009;FIT2_SRC011";Técnica por patrones de movimiento;Enseñar sentadilla, bisagra, empuje, tracción, zancada, transporte y core.;medio;técnica;Revisión de técnica de sentadilla;Checklist de pies, rodillas, cadera, tronco, profundidad y control.;Mejorar sentadilla.;medio;semanal;técnica;alta;Adaptar carga, volumen, frecuencia, rango, descansos y tareas al nivel, historial, molestias, material, preferencias y disponibilidad. No sustituye valoración médica/fisioterapéutica si hay dolor, lesión o señales de alarma.
Técnica de básicos;Evitar compensaciones técnicas;Detectar y corregir patrones que limitan seguridad o eficacia.;general;técnica;medio;"FIT2_SRC009;FIT2_SRC011";Técnica por patrones de movimiento;Enseñar sentadilla, bisagra, empuje, tracción, zancada, transporte y core.;medio;técnica;Revisión de bisagra;Checklist de cadera atrás, columna neutra, tensión dorsal y rango.;Mejorar bisagra.;medio;semanal;técnica;alta;Adaptar carga, volumen, frecuencia, rango, descansos y tareas al nivel, historial, molestias, material, preferencias y disponibilidad. No sustituye valoración médica/fisioterapéutica si hay dolor, lesión o señales de alarma.
Técnica de básicos;Evitar compensaciones técnicas;Detectar y corregir patrones que limitan seguridad o eficacia.;general;técnica;medio;"FIT2_SRC009;FIT2_SRC011";Técnica por patrones de movimiento;Enseñar sentadilla, bisagra, empuje, tracción, zancada, transporte y core.;medio;técnica;Revisión de empuje;Checklist de escápulas, muñeca/codo, trayectoria y control.;Mejorar press/flexión.;bajo;semanal;técnica;alta;Adaptar carga, volumen, frecuencia, rango, descansos y tareas al nivel, historial, molestias, material, preferencias y disponibilidad. No sustituye valoración médica/fisioterapéutica si hay dolor, lesión o señales de alarma.
Técnica de básicos;Evitar compensaciones técnicas;Detectar y corregir patrones que limitan seguridad o eficacia.;general;técnica;medio;"FIT2_SRC009;FIT2_SRC011";Técnica por patrones de movimiento;Enseñar sentadilla, bisagra, empuje, tracción, zancada, transporte y core.;medio;técnica;Revisión de tracción;Checklist de escápula, codo, torso y recorrido.;Mejorar remos/dominadas.;bajo;semanal;técnica;alta;Adaptar carga, volumen, frecuencia, rango, descansos y tareas al nivel, historial, molestias, material, preferencias y disponibilidad. No sustituye valoración médica/fisioterapéutica si hay dolor, lesión o señales de alarma.
Técnica de básicos;Evitar compensaciones técnicas;Detectar y corregir patrones que limitan seguridad o eficacia.;general;técnica;medio;"FIT2_SRC009;FIT2_SRC011";Técnica por patrones de movimiento;Enseñar sentadilla, bisagra, empuje, tracción, zancada, transporte y core.;medio;técnica;Revisión de unilateral;Checklist de equilibrio, rodilla, cadera y control de zancadas.;Mejorar trabajo unilateral.;bajo;semanal;técnica;alta;Adaptar carga, volumen, frecuencia, rango, descansos y tareas al nivel, historial, molestias, material, preferencias y disponibilidad. No sustituye valoración médica/fisioterapéutica si hay dolor, lesión o señales de alarma.
Técnica de básicos;Evitar compensaciones técnicas;Detectar y corregir patrones que limitan seguridad o eficacia.;general;técnica;medio;"FIT2_SRC009;FIT2_SRC011";Calentamiento RAMP;Elevar temperatura, activar, movilizar y potenciar antes de entrenar.;bajo;preparación;Calentamiento RAMP;Realizar 5-10 min de elevar, activar, movilizar y preparar patrón.;Preparar sesión.;bajo;cada sesión;preparación;media;Adaptar carga, volumen, frecuencia, rango, descansos y tareas al nivel, historial, molestias, material, preferencias y disponibilidad. No sustituye valoración médica/fisioterapéutica si hay dolor, lesión o señales de alarma.
Técnica de básicos;Evitar compensaciones técnicas;Detectar y corregir patrones que limitan seguridad o eficacia.;general;técnica;medio;"FIT2_SRC009;FIT2_SRC011";Calentamiento RAMP;Elevar temperatura, activar, movilizar y potenciar antes de entrenar.;bajo;preparación;Plan de calentamiento específico;Elegir movilidad y series de aproximación según ejercicio principal.;Preparar básicos.;bajo;cada sesión;preparación;media;Adaptar carga, volumen, frecuencia, rango, descansos y tareas al nivel, historial, molestias, material, preferencias y disponibilidad. No sustituye valoración médica/fisioterapéutica si hay dolor, lesión o señales de alarma.
Técnica de básicos;Evitar compensaciones técnicas;Detectar y corregir patrones que limitan seguridad o eficacia.;general;técnica;medio;"FIT2_SRC009;FIT2_SRC011";Control motor;Practicar movimiento lento, controlado y con feedback.;medio;técnica;Control motor lento;Realizar repeticiones lentas con pausa en punto difícil.;Mejorar control del patrón.;medio;2-3 días/semana;técnica;media;Adaptar carga, volumen, frecuencia, rango, descansos y tareas al nivel, historial, molestias, material, preferencias y disponibilidad. No sustituye valoración médica/fisioterapéutica si hay dolor, lesión o señales de alarma.
Técnica de básicos;Evitar compensaciones técnicas;Detectar y corregir patrones que limitan seguridad o eficacia.;general;técnica;medio;"FIT2_SRC009;FIT2_SRC011";Control motor;Practicar movimiento lento, controlado y con feedback.;medio;técnica;Test sentadilla profunda controlada;Observar rango, control y compensaciones sin dolor.;Evaluar movilidad global.;bajo;mensual;evaluación;media;Adaptar carga, volumen, frecuencia, rango, descansos y tareas al nivel, historial, molestias, material, preferencias y disponibilidad. No sustituye valoración médica/fisioterapéutica si hay dolor, lesión o señales de alarma.
Técnica de básicos;Evitar compensaciones técnicas;Detectar y corregir patrones que limitan seguridad o eficacia.;general;técnica;medio;"FIT2_SRC009;FIT2_SRC011";Estabilidad escapular;Control de escápulas en empuje, tracción y postura.;bajo;técnica;Activación escapular;Series de face pulls, Y-T-W o retracción/protracción controlada.;Mejorar control escapular.;bajo;2-4 días/semana;técnica;media;Adaptar carga, volumen, frecuencia, rango, descansos y tareas al nivel, historial, molestias, material, preferencias y disponibilidad. No sustituye valoración médica/fisioterapéutica si hay dolor, lesión o señales de alarma.
Técnica de básicos;Evitar compensaciones técnicas;Detectar y corregir patrones que limitan seguridad o eficacia.;general;técnica;medio;"FIT2_SRC009;FIT2_SRC011";Braceo y respiración;Coordinar respiración, presión intraabdominal y tensión del tronco.;medio;técnica;Práctica de braceo;Respirar, bloquear y mantener tensión en series moderadas.;Mejorar estabilidad en fuerza.;medio;cada sesión de fuerza;técnica;media;Adaptar carga, volumen, frecuencia, rango, descansos y tareas al nivel, historial, molestias, material, preferencias y disponibilidad. No sustituye valoración médica/fisioterapéutica si hay dolor, lesión o señales de alarma.
Técnica de básicos;Evitar compensaciones técnicas;Detectar y corregir patrones que limitan seguridad o eficacia.;general;técnica;medio;"FIT2_SRC009;FIT2_SRC011";Feedback técnico con vídeo;Usar grabaciones para revisar patrón y progresar con seguridad.;medio;técnica;Grabación técnica breve;Grabar una serie lateral/frontal y revisar puntos clave.;Mejorar técnica.;medio;semanal;técnica;media;Adaptar carga, volumen, frecuencia, rango, descansos y tareas al nivel, historial, molestias, material, preferencias y disponibilidad. No sustituye valoración médica/fisioterapéutica si hay dolor, lesión o señales de alarma.
Técnica de básicos;Evitar compensaciones técnicas;Detectar y corregir patrones que limitan seguridad o eficacia.;general;técnica;medio;"FIT2_SRC009;FIT2_SRC011";Selección de ejercicios por Body Muscles;Elegir ejercicios según región muscular y objetivo visual/anatómico.;bajo;programación;Selección por grupo muscular;Elegir 2-4 ejercicios por región Body Muscles objetivo.;Conectar objetivo visual/anatómico.;bajo;según rutina;programación;media;Adaptar carga, volumen, frecuencia, rango, descansos y tareas al nivel, historial, molestias, material, preferencias y disponibilidad. No sustituye valoración médica/fisioterapéutica si hay dolor, lesión o señales de alarma.
Readaptación y vuelta al entrenamiento;Vuelta al entrenamiento tras pausa;Retomar después de semanas/meses sin entrenar.;general;readaptación;medio;"FIT2_SRC002;FIT2_SRC011";Retorno gradual de carga;Subir volumen/intensidad poco a poco tras pausa o molestia leve.;medio;readaptación;Retorno 50-70%;Volver con menos volumen/carga que antes de la pausa.;Reducir exceso inicial.;medio;1-2 semanas;readaptación;alta;Adaptar carga, volumen, frecuencia, rango, descansos y tareas al nivel, historial, molestias, material, preferencias y disponibilidad. No sustituye valoración médica/fisioterapéutica si hay dolor, lesión o señales de alarma.
Readaptación y vuelta al entrenamiento;Vuelta al entrenamiento tras pausa;Retomar después de semanas/meses sin entrenar.;general;readaptación;medio;"FIT2_SRC002;FIT2_SRC011";Regla de tolerancia al esfuerzo;Ajustar sesión si dolor, fatiga o rendimiento indican exceso.;alto;seguridad;Semáforo de tolerancia;"Verde: continuar; amarillo: ajustar; rojo: parar/derivar según señales.";Entrenar con prudencia.;alto;cada sesión;seguridad;media;Adaptar carga, volumen, frecuencia, rango, descansos y tareas al nivel, historial, molestias, material, preferencias y disponibilidad. No sustituye valoración médica/fisioterapéutica si hay dolor, lesión o señales de alarma.
Readaptación y vuelta al entrenamiento;Vuelta al entrenamiento tras pausa;Retomar después de semanas/meses sin entrenar.;general;readaptación;medio;"FIT2_SRC002;FIT2_SRC011";Regla de tolerancia al esfuerzo;Ajustar sesión si dolor, fatiga o rendimiento indican exceso.;alto;seguridad;Diario de molestias;Registrar molestia, ejercicio, intensidad 0-10 y evolución 24-48h.;Ajustar sin ignorar señales.;alto;cuando aparezca;seguridad;media;Adaptar carga, volumen, frecuencia, rango, descansos y tareas al nivel, historial, molestias, material, preferencias y disponibilidad. No sustituye valoración médica/fisioterapéutica si hay dolor, lesión o señales de alarma.
Readaptación y vuelta al entrenamiento;Vuelta al entrenamiento tras pausa;Retomar después de semanas/meses sin entrenar.;general;readaptación;medio;"FIT2_SRC002;FIT2_SRC011";Señales de derivación;Detectar dolor agudo, síntomas neurológicos, mareos, dolor torácico u otros signos.;alto;seguridad;Checklist de derivación;Dolor torácico, mareos, dolor agudo, síntomas neurológicos o empeoramiento: derivar.;Detectar riesgo.;alto;si aparece;seguridad;alta;Adaptar carga, volumen, frecuencia, rango, descansos y tareas al nivel, historial, molestias, material, preferencias y disponibilidad. No sustituye valoración médica/fisioterapéutica si hay dolor, lesión o señales de alarma.
Readaptación y vuelta al entrenamiento;Vuelta al entrenamiento tras pausa;Retomar después de semanas/meses sin entrenar.;general;readaptación;medio;"FIT2_SRC002;FIT2_SRC011";Calentamiento RAMP;Elevar temperatura, activar, movilizar y potenciar antes de entrenar.;bajo;preparación;Calentamiento RAMP;Realizar 5-10 min de elevar, activar, movilizar y preparar patrón.;Preparar sesión.;bajo;cada sesión;preparación;media;Adaptar carga, volumen, frecuencia, rango, descansos y tareas al nivel, historial, molestias, material, preferencias y disponibilidad. No sustituye valoración médica/fisioterapéutica si hay dolor, lesión o señales de alarma.
Readaptación y vuelta al entrenamiento;Vuelta al entrenamiento tras pausa;Retomar después de semanas/meses sin entrenar.;general;readaptación;medio;"FIT2_SRC002;FIT2_SRC011";Calentamiento RAMP;Elevar temperatura, activar, movilizar y potenciar antes de entrenar.;bajo;preparación;Plan de calentamiento específico;Elegir movilidad y series de aproximación según ejercicio principal.;Preparar básicos.;bajo;cada sesión;preparación;media;Adaptar carga, volumen, frecuencia, rango, descansos y tareas al nivel, historial, molestias, material, preferencias y disponibilidad. No sustituye valoración médica/fisioterapéutica si hay dolor, lesión o señales de alarma.
Readaptación y vuelta al entrenamiento;Vuelta al entrenamiento tras pausa;Retomar después de semanas/meses sin entrenar.;general;readaptación;medio;"FIT2_SRC002;FIT2_SRC011";Control motor;Practicar movimiento lento, controlado y con feedback.;medio;técnica;Control motor lento;Realizar repeticiones lentas con pausa en punto difícil.;Mejorar control del patrón.;medio;2-3 días/semana;técnica;media;Adaptar carga, volumen, frecuencia, rango, descansos y tareas al nivel, historial, molestias, material, preferencias y disponibilidad. No sustituye valoración médica/fisioterapéutica si hay dolor, lesión o señales de alarma.
Readaptación y vuelta al entrenamiento;Vuelta al entrenamiento tras pausa;Retomar después de semanas/meses sin entrenar.;general;readaptación;medio;"FIT2_SRC002;FIT2_SRC011";Control motor;Practicar movimiento lento, controlado y con feedback.;medio;técnica;Test sentadilla profunda controlada;Observar rango, control y compensaciones sin dolor.;Evaluar movilidad global.;bajo;mensual;evaluación;media;Adaptar carga, volumen, frecuencia, rango, descansos y tareas al nivel, historial, molestias, material, preferencias y disponibilidad. No sustituye valoración médica/fisioterapéutica si hay dolor, lesión o señales de alarma.
Readaptación y vuelta al entrenamiento;Vuelta al entrenamiento tras pausa;Retomar después de semanas/meses sin entrenar.;general;readaptación;medio;"FIT2_SRC002;FIT2_SRC011";Autoregulación de entrenamiento;Ajustar carga y volumen según energía, sueño, dolor y rendimiento.;medio;programación;Plan post-estancamiento;Revisar sueño, nutrición, volumen, intensidad y técnica antes de cambiar todo.;Resolver estancamiento.;medio;cuando proceda;programación;media;Adaptar carga, volumen, frecuencia, rango, descansos y tareas al nivel, historial, molestias, material, preferencias y disponibilidad. No sustituye valoración médica/fisioterapéutica si hay dolor, lesión o señales de alarma.
Readaptación y vuelta al entrenamiento;Vuelta al entrenamiento tras pausa;Retomar después de semanas/meses sin entrenar.;general;readaptación;medio;"FIT2_SRC002;FIT2_SRC011";Autoregulación de entrenamiento;Ajustar carga y volumen según energía, sueño, dolor y rendimiento.;medio;programación;Reducción de carga por fatiga;Aplicar autoregulación si sueño/energía/rendimiento están bajos.;Evitar exceso.;medio;cada sesión;programación;media;Adaptar carga, volumen, frecuencia, rango, descansos y tareas al nivel, historial, molestias, material, preferencias y disponibilidad. No sustituye valoración médica/fisioterapéutica si hay dolor, lesión o señales de alarma.
Readaptación y vuelta al entrenamiento;Vuelta tras molestia leve no diagnosticada;Retomar con prudencia si no hay dolor agudo ni signos de alarma.;general;readaptación;alto;"FIT2_SRC011;FIT2_SRC002";Retorno gradual de carga;Subir volumen/intensidad poco a poco tras pausa o molestia leve.;medio;readaptación;Retorno 50-70%;Volver con menos volumen/carga que antes de la pausa.;Reducir exceso inicial.;medio;1-2 semanas;readaptación;alta;Adaptar carga, volumen, frecuencia, rango, descansos y tareas al nivel, historial, molestias, material, preferencias y disponibilidad. No sustituye valoración médica/fisioterapéutica si hay dolor, lesión o señales de alarma.
Readaptación y vuelta al entrenamiento;Vuelta tras molestia leve no diagnosticada;Retomar con prudencia si no hay dolor agudo ni signos de alarma.;general;readaptación;alto;"FIT2_SRC011;FIT2_SRC002";Regla de tolerancia al esfuerzo;Ajustar sesión si dolor, fatiga o rendimiento indican exceso.;alto;seguridad;Semáforo de tolerancia;"Verde: continuar; amarillo: ajustar; rojo: parar/derivar según señales.";Entrenar con prudencia.;alto;cada sesión;seguridad;media;Adaptar carga, volumen, frecuencia, rango, descansos y tareas al nivel, historial, molestias, material, preferencias y disponibilidad. No sustituye valoración médica/fisioterapéutica si hay dolor, lesión o señales de alarma.
Readaptación y vuelta al entrenamiento;Vuelta tras molestia leve no diagnosticada;Retomar con prudencia si no hay dolor agudo ni signos de alarma.;general;readaptación;alto;"FIT2_SRC011;FIT2_SRC002";Regla de tolerancia al esfuerzo;Ajustar sesión si dolor, fatiga o rendimiento indican exceso.;alto;seguridad;Diario de molestias;Registrar molestia, ejercicio, intensidad 0-10 y evolución 24-48h.;Ajustar sin ignorar señales.;alto;cuando aparezca;seguridad;media;Adaptar carga, volumen, frecuencia, rango, descansos y tareas al nivel, historial, molestias, material, preferencias y disponibilidad. No sustituye valoración médica/fisioterapéutica si hay dolor, lesión o señales de alarma.
Readaptación y vuelta al entrenamiento;Vuelta tras molestia leve no diagnosticada;Retomar con prudencia si no hay dolor agudo ni signos de alarma.;general;readaptación;alto;"FIT2_SRC011;FIT2_SRC002";Señales de derivación;Detectar dolor agudo, síntomas neurológicos, mareos, dolor torácico u otros signos.;alto;seguridad;Checklist de derivación;Dolor torácico, mareos, dolor agudo, síntomas neurológicos o empeoramiento: derivar.;Detectar riesgo.;alto;si aparece;seguridad;alta;Adaptar carga, volumen, frecuencia, rango, descansos y tareas al nivel, historial, molestias, material, preferencias y disponibilidad. No sustituye valoración médica/fisioterapéutica si hay dolor, lesión o señales de alarma.
Readaptación y vuelta al entrenamiento;Vuelta tras molestia leve no diagnosticada;Retomar con prudencia si no hay dolor agudo ni signos de alarma.;general;readaptación;alto;"FIT2_SRC011;FIT2_SRC002";Calentamiento RAMP;Elevar temperatura, activar, movilizar y potenciar antes de entrenar.;bajo;preparación;Calentamiento RAMP;Realizar 5-10 min de elevar, activar, movilizar y preparar patrón.;Preparar sesión.;bajo;cada sesión;preparación;media;Adaptar carga, volumen, frecuencia, rango, descansos y tareas al nivel, historial, molestias, material, preferencias y disponibilidad. No sustituye valoración médica/fisioterapéutica si hay dolor, lesión o señales de alarma.
Readaptación y vuelta al entrenamiento;Vuelta tras molestia leve no diagnosticada;Retomar con prudencia si no hay dolor agudo ni signos de alarma.;general;readaptación;alto;"FIT2_SRC011;FIT2_SRC002";Calentamiento RAMP;Elevar temperatura, activar, movilizar y potenciar antes de entrenar.;bajo;preparación;Plan de calentamiento específico;Elegir movilidad y series de aproximación según ejercicio principal.;Preparar básicos.;bajo;cada sesión;preparación;media;Adaptar carga, volumen, frecuencia, rango, descansos y tareas al nivel, historial, molestias, material, preferencias y disponibilidad. No sustituye valoración médica/fisioterapéutica si hay dolor, lesión o señales de alarma.
Readaptación y vuelta al entrenamiento;Vuelta tras molestia leve no diagnosticada;Retomar con prudencia si no hay dolor agudo ni signos de alarma.;general;readaptación;alto;"FIT2_SRC011;FIT2_SRC002";Control motor;Practicar movimiento lento, controlado y con feedback.;medio;técnica;Control motor lento;Realizar repeticiones lentas con pausa en punto difícil.;Mejorar control del patrón.;medio;2-3 días/semana;técnica;media;Adaptar carga, volumen, frecuencia, rango, descansos y tareas al nivel, historial, molestias, material, preferencias y disponibilidad. No sustituye valoración médica/fisioterapéutica si hay dolor, lesión o señales de alarma.
Readaptación y vuelta al entrenamiento;Vuelta tras molestia leve no diagnosticada;Retomar con prudencia si no hay dolor agudo ni signos de alarma.;general;readaptación;alto;"FIT2_SRC011;FIT2_SRC002";Control motor;Practicar movimiento lento, controlado y con feedback.;medio;técnica;Test sentadilla profunda controlada;Observar rango, control y compensaciones sin dolor.;Evaluar movilidad global.;bajo;mensual;evaluación;media;Adaptar carga, volumen, frecuencia, rango, descansos y tareas al nivel, historial, molestias, material, preferencias y disponibilidad. No sustituye valoración médica/fisioterapéutica si hay dolor, lesión o señales de alarma.
Readaptación y vuelta al entrenamiento;Vuelta tras molestia leve no diagnosticada;Retomar con prudencia si no hay dolor agudo ni signos de alarma.;general;readaptación;alto;"FIT2_SRC011;FIT2_SRC002";Autoregulación de entrenamiento;Ajustar carga y volumen según energía, sueño, dolor y rendimiento.;medio;programación;Plan post-estancamiento;Revisar sueño, nutrición, volumen, intensidad y técnica antes de cambiar todo.;Resolver estancamiento.;medio;cuando proceda;programación;media;Adaptar carga, volumen, frecuencia, rango, descansos y tareas al nivel, historial, molestias, material, preferencias y disponibilidad. No sustituye valoración médica/fisioterapéutica si hay dolor, lesión o señales de alarma.
Readaptación y vuelta al entrenamiento;Vuelta tras molestia leve no diagnosticada;Retomar con prudencia si no hay dolor agudo ni signos de alarma.;general;readaptación;alto;"FIT2_SRC011;FIT2_SRC002";Autoregulación de entrenamiento;Ajustar carga y volumen según energía, sueño, dolor y rendimiento.;medio;programación;Reducción de carga por fatiga;Aplicar autoregulación si sueño/energía/rendimiento están bajos.;Evitar exceso.;medio;cada sesión;programación;media;Adaptar carga, volumen, frecuencia, rango, descansos y tareas al nivel, historial, molestias, material, preferencias y disponibilidad. No sustituye valoración médica/fisioterapéutica si hay dolor, lesión o señales de alarma.
Readaptación y vuelta al entrenamiento;Recuperar confianza en movimiento;Miedo a moverse o cargar tras pausa, lesión previa o experiencia negativa.;general;readaptación;medio;"FIT2_SRC011;FIT2_SRC009";Retorno gradual de carga;Subir volumen/intensidad poco a poco tras pausa o molestia leve.;medio;readaptación;Retorno 50-70%;Volver con menos volumen/carga que antes de la pausa.;Reducir exceso inicial.;medio;1-2 semanas;readaptación;alta;Adaptar carga, volumen, frecuencia, rango, descansos y tareas al nivel, historial, molestias, material, preferencias y disponibilidad. No sustituye valoración médica/fisioterapéutica si hay dolor, lesión o señales de alarma.
Readaptación y vuelta al entrenamiento;Recuperar confianza en movimiento;Miedo a moverse o cargar tras pausa, lesión previa o experiencia negativa.;general;readaptación;medio;"FIT2_SRC011;FIT2_SRC009";Regla de tolerancia al esfuerzo;Ajustar sesión si dolor, fatiga o rendimiento indican exceso.;alto;seguridad;Semáforo de tolerancia;"Verde: continuar; amarillo: ajustar; rojo: parar/derivar según señales.";Entrenar con prudencia.;alto;cada sesión;seguridad;media;Adaptar carga, volumen, frecuencia, rango, descansos y tareas al nivel, historial, molestias, material, preferencias y disponibilidad. No sustituye valoración médica/fisioterapéutica si hay dolor, lesión o señales de alarma.
Readaptación y vuelta al entrenamiento;Recuperar confianza en movimiento;Miedo a moverse o cargar tras pausa, lesión previa o experiencia negativa.;general;readaptación;medio;"FIT2_SRC011;FIT2_SRC009";Regla de tolerancia al esfuerzo;Ajustar sesión si dolor, fatiga o rendimiento indican exceso.;alto;seguridad;Diario de molestias;Registrar molestia, ejercicio, intensidad 0-10 y evolución 24-48h.;Ajustar sin ignorar señales.;alto;cuando aparezca;seguridad;media;Adaptar carga, volumen, frecuencia, rango, descansos y tareas al nivel, historial, molestias, material, preferencias y disponibilidad. No sustituye valoración médica/fisioterapéutica si hay dolor, lesión o señales de alarma.
Readaptación y vuelta al entrenamiento;Recuperar confianza en movimiento;Miedo a moverse o cargar tras pausa, lesión previa o experiencia negativa.;general;readaptación;medio;"FIT2_SRC011;FIT2_SRC009";Señales de derivación;Detectar dolor agudo, síntomas neurológicos, mareos, dolor torácico u otros signos.;alto;seguridad;Checklist de derivación;Dolor torácico, mareos, dolor agudo, síntomas neurológicos o empeoramiento: derivar.;Detectar riesgo.;alto;si aparece;seguridad;alta;Adaptar carga, volumen, frecuencia, rango, descansos y tareas al nivel, historial, molestias, material, preferencias y disponibilidad. No sustituye valoración médica/fisioterapéutica si hay dolor, lesión o señales de alarma.
Readaptación y vuelta al entrenamiento;Recuperar confianza en movimiento;Miedo a moverse o cargar tras pausa, lesión previa o experiencia negativa.;general;readaptación;medio;"FIT2_SRC011;FIT2_SRC009";Calentamiento RAMP;Elevar temperatura, activar, movilizar y potenciar antes de entrenar.;bajo;preparación;Calentamiento RAMP;Realizar 5-10 min de elevar, activar, movilizar y preparar patrón.;Preparar sesión.;bajo;cada sesión;preparación;media;Adaptar carga, volumen, frecuencia, rango, descansos y tareas al nivel, historial, molestias, material, preferencias y disponibilidad. No sustituye valoración médica/fisioterapéutica si hay dolor, lesión o señales de alarma.
Readaptación y vuelta al entrenamiento;Recuperar confianza en movimiento;Miedo a moverse o cargar tras pausa, lesión previa o experiencia negativa.;general;readaptación;medio;"FIT2_SRC011;FIT2_SRC009";Calentamiento RAMP;Elevar temperatura, activar, movilizar y potenciar antes de entrenar.;bajo;preparación;Plan de calentamiento específico;Elegir movilidad y series de aproximación según ejercicio principal.;Preparar básicos.;bajo;cada sesión;preparación;media;Adaptar carga, volumen, frecuencia, rango, descansos y tareas al nivel, historial, molestias, material, preferencias y disponibilidad. No sustituye valoración médica/fisioterapéutica si hay dolor, lesión o señales de alarma.
Readaptación y vuelta al entrenamiento;Recuperar confianza en movimiento;Miedo a moverse o cargar tras pausa, lesión previa o experiencia negativa.;general;readaptación;medio;"FIT2_SRC011;FIT2_SRC009";Control motor;Practicar movimiento lento, controlado y con feedback.;medio;técnica;Control motor lento;Realizar repeticiones lentas con pausa en punto difícil.;Mejorar control del patrón.;medio;2-3 días/semana;técnica;media;Adaptar carga, volumen, frecuencia, rango, descansos y tareas al nivel, historial, molestias, material, preferencias y disponibilidad. No sustituye valoración médica/fisioterapéutica si hay dolor, lesión o señales de alarma.
Readaptación y vuelta al entrenamiento;Recuperar confianza en movimiento;Miedo a moverse o cargar tras pausa, lesión previa o experiencia negativa.;general;readaptación;medio;"FIT2_SRC011;FIT2_SRC009";Control motor;Practicar movimiento lento, controlado y con feedback.;medio;técnica;Test sentadilla profunda controlada;Observar rango, control y compensaciones sin dolor.;Evaluar movilidad global.;bajo;mensual;evaluación;media;Adaptar carga, volumen, frecuencia, rango, descansos y tareas al nivel, historial, molestias, material, preferencias y disponibilidad. No sustituye valoración médica/fisioterapéutica si hay dolor, lesión o señales de alarma.
Readaptación y vuelta al entrenamiento;Recuperar confianza en movimiento;Miedo a moverse o cargar tras pausa, lesión previa o experiencia negativa.;general;readaptación;medio;"FIT2_SRC011;FIT2_SRC009";Autoregulación de entrenamiento;Ajustar carga y volumen según energía, sueño, dolor y rendimiento.;medio;programación;Plan post-estancamiento;Revisar sueño, nutrición, volumen, intensidad y técnica antes de cambiar todo.;Resolver estancamiento.;medio;cuando proceda;programación;media;Adaptar carga, volumen, frecuencia, rango, descansos y tareas al nivel, historial, molestias, material, preferencias y disponibilidad. No sustituye valoración médica/fisioterapéutica si hay dolor, lesión o señales de alarma.
Readaptación y vuelta al entrenamiento;Recuperar confianza en movimiento;Miedo a moverse o cargar tras pausa, lesión previa o experiencia negativa.;general;readaptación;medio;"FIT2_SRC011;FIT2_SRC009";Autoregulación de entrenamiento;Ajustar carga y volumen según energía, sueño, dolor y rendimiento.;medio;programación;Reducción de carga por fatiga;Aplicar autoregulación si sueño/energía/rendimiento están bajos.;Evitar exceso.;medio;cada sesión;programación;media;Adaptar carga, volumen, frecuencia, rango, descansos y tareas al nivel, historial, molestias, material, preferencias y disponibilidad. No sustituye valoración médica/fisioterapéutica si hay dolor, lesión o señales de alarma.
Readaptación y vuelta al entrenamiento;Prevención de recaídas en entrenamiento;Evitar picos bruscos de carga, exceso de volumen o mala recuperación.;general;programación;medio;"FIT2_SRC002;FIT2_SRC004";Retorno gradual de carga;Subir volumen/intensidad poco a poco tras pausa o molestia leve.;medio;readaptación;Retorno 50-70%;Volver con menos volumen/carga que antes de la pausa.;Reducir exceso inicial.;medio;1-2 semanas;readaptación;alta;Adaptar carga, volumen, frecuencia, rango, descansos y tareas al nivel, historial, molestias, material, preferencias y disponibilidad. No sustituye valoración médica/fisioterapéutica si hay dolor, lesión o señales de alarma.
Readaptación y vuelta al entrenamiento;Prevención de recaídas en entrenamiento;Evitar picos bruscos de carga, exceso de volumen o mala recuperación.;general;programación;medio;"FIT2_SRC002;FIT2_SRC004";Regla de tolerancia al esfuerzo;Ajustar sesión si dolor, fatiga o rendimiento indican exceso.;alto;seguridad;Semáforo de tolerancia;"Verde: continuar; amarillo: ajustar; rojo: parar/derivar según señales.";Entrenar con prudencia.;alto;cada sesión;seguridad;media;Adaptar carga, volumen, frecuencia, rango, descansos y tareas al nivel, historial, molestias, material, preferencias y disponibilidad. No sustituye valoración médica/fisioterapéutica si hay dolor, lesión o señales de alarma.
Readaptación y vuelta al entrenamiento;Prevención de recaídas en entrenamiento;Evitar picos bruscos de carga, exceso de volumen o mala recuperación.;general;programación;medio;"FIT2_SRC002;FIT2_SRC004";Regla de tolerancia al esfuerzo;Ajustar sesión si dolor, fatiga o rendimiento indican exceso.;alto;seguridad;Diario de molestias;Registrar molestia, ejercicio, intensidad 0-10 y evolución 24-48h.;Ajustar sin ignorar señales.;alto;cuando aparezca;seguridad;media;Adaptar carga, volumen, frecuencia, rango, descansos y tareas al nivel, historial, molestias, material, preferencias y disponibilidad. No sustituye valoración médica/fisioterapéutica si hay dolor, lesión o señales de alarma.
Readaptación y vuelta al entrenamiento;Prevención de recaídas en entrenamiento;Evitar picos bruscos de carga, exceso de volumen o mala recuperación.;general;programación;medio;"FIT2_SRC002;FIT2_SRC004";Señales de derivación;Detectar dolor agudo, síntomas neurológicos, mareos, dolor torácico u otros signos.;alto;seguridad;Checklist de derivación;Dolor torácico, mareos, dolor agudo, síntomas neurológicos o empeoramiento: derivar.;Detectar riesgo.;alto;si aparece;seguridad;alta;Adaptar carga, volumen, frecuencia, rango, descansos y tareas al nivel, historial, molestias, material, preferencias y disponibilidad. No sustituye valoración médica/fisioterapéutica si hay dolor, lesión o señales de alarma.
Readaptación y vuelta al entrenamiento;Prevención de recaídas en entrenamiento;Evitar picos bruscos de carga, exceso de volumen o mala recuperación.;general;programación;medio;"FIT2_SRC002;FIT2_SRC004";Calentamiento RAMP;Elevar temperatura, activar, movilizar y potenciar antes de entrenar.;bajo;preparación;Calentamiento RAMP;Realizar 5-10 min de elevar, activar, movilizar y preparar patrón.;Preparar sesión.;bajo;cada sesión;preparación;media;Adaptar carga, volumen, frecuencia, rango, descansos y tareas al nivel, historial, molestias, material, preferencias y disponibilidad. No sustituye valoración médica/fisioterapéutica si hay dolor, lesión o señales de alarma.
Readaptación y vuelta al entrenamiento;Prevención de recaídas en entrenamiento;Evitar picos bruscos de carga, exceso de volumen o mala recuperación.;general;programación;medio;"FIT2_SRC002;FIT2_SRC004";Calentamiento RAMP;Elevar temperatura, activar, movilizar y potenciar antes de entrenar.;bajo;preparación;Plan de calentamiento específico;Elegir movilidad y series de aproximación según ejercicio principal.;Preparar básicos.;bajo;cada sesión;preparación;media;Adaptar carga, volumen, frecuencia, rango, descansos y tareas al nivel, historial, molestias, material, preferencias y disponibilidad. No sustituye valoración médica/fisioterapéutica si hay dolor, lesión o señales de alarma.
Readaptación y vuelta al entrenamiento;Prevención de recaídas en entrenamiento;Evitar picos bruscos de carga, exceso de volumen o mala recuperación.;general;programación;medio;"FIT2_SRC002;FIT2_SRC004";Control motor;Practicar movimiento lento, controlado y con feedback.;medio;técnica;Control motor lento;Realizar repeticiones lentas con pausa en punto difícil.;Mejorar control del patrón.;medio;2-3 días/semana;técnica;media;Adaptar carga, volumen, frecuencia, rango, descansos y tareas al nivel, historial, molestias, material, preferencias y disponibilidad. No sustituye valoración médica/fisioterapéutica si hay dolor, lesión o señales de alarma.
Readaptación y vuelta al entrenamiento;Prevención de recaídas en entrenamiento;Evitar picos bruscos de carga, exceso de volumen o mala recuperación.;general;programación;medio;"FIT2_SRC002;FIT2_SRC004";Control motor;Practicar movimiento lento, controlado y con feedback.;medio;técnica;Test sentadilla profunda controlada;Observar rango, control y compensaciones sin dolor.;Evaluar movilidad global.;bajo;mensual;evaluación;media;Adaptar carga, volumen, frecuencia, rango, descansos y tareas al nivel, historial, molestias, material, preferencias y disponibilidad. No sustituye valoración médica/fisioterapéutica si hay dolor, lesión o señales de alarma.
Readaptación y vuelta al entrenamiento;Prevención de recaídas en entrenamiento;Evitar picos bruscos de carga, exceso de volumen o mala recuperación.;general;programación;medio;"FIT2_SRC002;FIT2_SRC004";Autoregulación de entrenamiento;Ajustar carga y volumen según energía, sueño, dolor y rendimiento.;medio;programación;Plan post-estancamiento;Revisar sueño, nutrición, volumen, intensidad y técnica antes de cambiar todo.;Resolver estancamiento.;medio;cuando proceda;programación;media;Adaptar carga, volumen, frecuencia, rango, descansos y tareas al nivel, historial, molestias, material, preferencias y disponibilidad. No sustituye valoración médica/fisioterapéutica si hay dolor, lesión o señales de alarma.
Readaptación y vuelta al entrenamiento;Prevención de recaídas en entrenamiento;Evitar picos bruscos de carga, exceso de volumen o mala recuperación.;general;programación;medio;"FIT2_SRC002;FIT2_SRC004";Autoregulación de entrenamiento;Ajustar carga y volumen según energía, sueño, dolor y rendimiento.;medio;programación;Reducción de carga por fatiga;Aplicar autoregulación si sueño/energía/rendimiento están bajos.;Evitar exceso.;medio;cada sesión;programación;media;Adaptar carga, volumen, frecuencia, rango, descansos y tareas al nivel, historial, molestias, material, preferencias y disponibilidad. No sustituye valoración médica/fisioterapéutica si hay dolor, lesión o señales de alarma.
Entrenamiento para mayores;Mantener fuerza en mayores;Preservar fuerza, masa muscular y autonomía funcional.;mayores;entrenamiento;medio;"FIT2_SRC001;FIT2_SRC002";Entrenamiento funcional para mayores;Fuerza, equilibrio, movilidad y tareas cotidianas con seguridad.;medio;mayores;Caminata funcional;Caminar a ritmo cómodo con progresión gradual.;Mantener capacidad funcional.;bajo;3-5 días/semana;mayores/cardio;media;Adaptar carga, volumen, frecuencia, rango, descansos y tareas al nivel, historial, molestias, material, preferencias y disponibilidad. No sustituye valoración médica/fisioterapéutica si hay dolor, lesión o señales de alarma.
Entrenamiento para mayores;Mantener fuerza en mayores;Preservar fuerza, masa muscular y autonomía funcional.;mayores;entrenamiento;medio;"FIT2_SRC001;FIT2_SRC002";Entrenamiento funcional para mayores;Fuerza, equilibrio, movilidad y tareas cotidianas con seguridad.;medio;mayores;Movilidad suave mayores;Rutina articular de cuello, hombros, cadera, rodilla y tobillo.;Mantener rango y autonomía.;bajo;diario;mayores;media;Adaptar carga, volumen, frecuencia, rango, descansos y tareas al nivel, historial, molestias, material, preferencias y disponibilidad. No sustituye valoración médica/fisioterapéutica si hay dolor, lesión o señales de alarma.
Entrenamiento para mayores;Mantener fuerza en mayores;Preservar fuerza, masa muscular y autonomía funcional.;mayores;entrenamiento;medio;"FIT2_SRC001;FIT2_SRC002";Equilibrio progresivo;Ejercicios de estabilidad con apoyo, base y dificultad graduada.;medio;mayores;Equilibrio con apoyo;Ejercicios de equilibrio cerca de soporte seguro.;Mejorar estabilidad.;medio;3 días/semana;mayores;media;Adaptar carga, volumen, frecuencia, rango, descansos y tareas al nivel, historial, molestias, material, preferencias y disponibilidad. No sustituye valoración médica/fisioterapéutica si hay dolor, lesión o señales de alarma.
Entrenamiento para mayores;Mantener fuerza en mayores;Preservar fuerza, masa muscular y autonomía funcional.;mayores;entrenamiento;medio;"FIT2_SRC001;FIT2_SRC002";Fuerza funcional sit-to-stand;Entrenar sentarse/levantarse, escalones, cargas y transferencias.;medio;mayores;Sit-to-stand;Practicar levantarse/sentarse con control y progresión.;Mejorar función en mayores.;medio;2-3 días/semana;mayores;media;Adaptar carga, volumen, frecuencia, rango, descansos y tareas al nivel, historial, molestias, material, preferencias y disponibilidad. No sustituye valoración médica/fisioterapéutica si hay dolor, lesión o señales de alarma.
Entrenamiento para mayores;Mantener fuerza en mayores;Preservar fuerza, masa muscular y autonomía funcional.;mayores;entrenamiento;medio;"FIT2_SRC001;FIT2_SRC002";Movilidad dinámica;Movimientos activos para preparar articulaciones y rango útil.;bajo;movilidad;Movilidad dinámica pre-entreno;Incluir 3-5 movimientos activos según sesión.;Preparar articulaciones.;bajo;cada sesión;movilidad;media;Adaptar carga, volumen, frecuencia, rango, descansos y tareas al nivel, historial, molestias, material, preferencias y disponibilidad. No sustituye valoración médica/fisioterapéutica si hay dolor, lesión o señales de alarma.
Entrenamiento para mayores;Mantener fuerza en mayores;Preservar fuerza, masa muscular y autonomía funcional.;mayores;entrenamiento;medio;"FIT2_SRC001;FIT2_SRC002";NEAT y pasos diarios;Aumentar movimiento cotidiano y reducir sedentarismo.;bajo;hábitos;Meta de pasos diarios;Definir meta realista de pasos y revisar media semanal.;Aumentar NEAT.;bajo;diario;hábitos;alta;Adaptar carga, volumen, frecuencia, rango, descansos y tareas al nivel, historial, molestias, material, preferencias y disponibilidad. No sustituye valoración médica/fisioterapéutica si hay dolor, lesión o señales de alarma.
Entrenamiento para mayores;Mantener fuerza en mayores;Preservar fuerza, masa muscular y autonomía funcional.;mayores;entrenamiento;medio;"FIT2_SRC001;FIT2_SRC002";NEAT y pasos diarios;Aumentar movimiento cotidiano y reducir sedentarismo.;bajo;hábitos;Pausas activas;Levantarme y moverme 2-5 minutos cada cierto tiempo.;Reducir sedentarismo.;bajo;diario;hábitos;alta;Adaptar carga, volumen, frecuencia, rango, descansos y tareas al nivel, historial, molestias, material, preferencias y disponibilidad. No sustituye valoración médica/fisioterapéutica si hay dolor, lesión o señales de alarma.
Entrenamiento para mayores;Mantener fuerza en mayores;Preservar fuerza, masa muscular y autonomía funcional.;mayores;entrenamiento;medio;"FIT2_SRC001;FIT2_SRC002";NEAT y pasos diarios;Aumentar movimiento cotidiano y reducir sedentarismo.;bajo;hábitos;Reto de pasos progresivo;Subir 500-1000 pasos/día cada 1-2 semanas según tolerancia.;Aumentar gasto y salud.;bajo;semanal;hábitos;alta;Adaptar carga, volumen, frecuencia, rango, descansos y tareas al nivel, historial, molestias, material, preferencias y disponibilidad. No sustituye valoración médica/fisioterapéutica si hay dolor, lesión o señales de alarma.
Entrenamiento para mayores;Mantener fuerza en mayores;Preservar fuerza, masa muscular y autonomía funcional.;mayores;entrenamiento;medio;"FIT2_SRC001;FIT2_SRC002";NEAT y pasos diarios;Aumentar movimiento cotidiano y reducir sedentarismo.;bajo;hábitos;Plan de salida de sedentarismo;Añadir caminatas cortas, pausas activas y fuerza básica gradual.;Reducir sedentarismo.;bajo;2-4 semanas;hábitos;alta;Adaptar carga, volumen, frecuencia, rango, descansos y tareas al nivel, historial, molestias, material, preferencias y disponibilidad. No sustituye valoración médica/fisioterapéutica si hay dolor, lesión o señales de alarma.
Entrenamiento para mayores;Mantener fuerza en mayores;Preservar fuerza, masa muscular y autonomía funcional.;mayores;entrenamiento;medio;"FIT2_SRC001;FIT2_SRC002";Cardio zona 2;Trabajo aeróbico moderado y sostenible.;bajo;cardio;Cardio zona 2;Realizar cardio conversacional 20-40 minutos.;Mejorar base aeróbica.;bajo;2-4 días/semana;cardio;media;Adaptar carga, volumen, frecuencia, rango, descansos y tareas al nivel, historial, molestias, material, preferencias y disponibilidad. No sustituye valoración médica/fisioterapéutica si hay dolor, lesión o señales de alarma.
Entrenamiento para mayores;Mantener fuerza en mayores;Preservar fuerza, masa muscular y autonomía funcional.;mayores;entrenamiento;medio;"FIT2_SRC001;FIT2_SRC002";Señales de derivación;Detectar dolor agudo, síntomas neurológicos, mareos, dolor torácico u otros signos.;alto;seguridad;Checklist de derivación;Dolor torácico, mareos, dolor agudo, síntomas neurológicos o empeoramiento: derivar.;Detectar riesgo.;alto;si aparece;seguridad;alta;Adaptar carga, volumen, frecuencia, rango, descansos y tareas al nivel, historial, molestias, material, preferencias y disponibilidad. No sustituye valoración médica/fisioterapéutica si hay dolor, lesión o señales de alarma.
Entrenamiento para mayores;Mejorar equilibrio básico;Trabajar equilibrio estático/dinámico con seguridad.;mayores;entrenamiento;medio;"FIT2_SRC002;FIT2_SRC011";Entrenamiento funcional para mayores;Fuerza, equilibrio, movilidad y tareas cotidianas con seguridad.;medio;mayores;Caminata funcional;Caminar a ritmo cómodo con progresión gradual.;Mantener capacidad funcional.;bajo;3-5 días/semana;mayores/cardio;media;Adaptar carga, volumen, frecuencia, rango, descansos y tareas al nivel, historial, molestias, material, preferencias y disponibilidad. No sustituye valoración médica/fisioterapéutica si hay dolor, lesión o señales de alarma.
Entrenamiento para mayores;Mejorar equilibrio básico;Trabajar equilibrio estático/dinámico con seguridad.;mayores;entrenamiento;medio;"FIT2_SRC002;FIT2_SRC011";Entrenamiento funcional para mayores;Fuerza, equilibrio, movilidad y tareas cotidianas con seguridad.;medio;mayores;Movilidad suave mayores;Rutina articular de cuello, hombros, cadera, rodilla y tobillo.;Mantener rango y autonomía.;bajo;diario;mayores;media;Adaptar carga, volumen, frecuencia, rango, descansos y tareas al nivel, historial, molestias, material, preferencias y disponibilidad. No sustituye valoración médica/fisioterapéutica si hay dolor, lesión o señales de alarma.
Entrenamiento para mayores;Mejorar equilibrio básico;Trabajar equilibrio estático/dinámico con seguridad.;mayores;entrenamiento;medio;"FIT2_SRC002;FIT2_SRC011";Equilibrio progresivo;Ejercicios de estabilidad con apoyo, base y dificultad graduada.;medio;mayores;Equilibrio con apoyo;Ejercicios de equilibrio cerca de soporte seguro.;Mejorar estabilidad.;medio;3 días/semana;mayores;media;Adaptar carga, volumen, frecuencia, rango, descansos y tareas al nivel, historial, molestias, material, preferencias y disponibilidad. No sustituye valoración médica/fisioterapéutica si hay dolor, lesión o señales de alarma.
Entrenamiento para mayores;Mejorar equilibrio básico;Trabajar equilibrio estático/dinámico con seguridad.;mayores;entrenamiento;medio;"FIT2_SRC002;FIT2_SRC011";Fuerza funcional sit-to-stand;Entrenar sentarse/levantarse, escalones, cargas y transferencias.;medio;mayores;Sit-to-stand;Practicar levantarse/sentarse con control y progresión.;Mejorar función en mayores.;medio;2-3 días/semana;mayores;media;Adaptar carga, volumen, frecuencia, rango, descansos y tareas al nivel, historial, molestias, material, preferencias y disponibilidad. No sustituye valoración médica/fisioterapéutica si hay dolor, lesión o señales de alarma.
Entrenamiento para mayores;Mejorar equilibrio básico;Trabajar equilibrio estático/dinámico con seguridad.;mayores;entrenamiento;medio;"FIT2_SRC002;FIT2_SRC011";Movilidad dinámica;Movimientos activos para preparar articulaciones y rango útil.;bajo;movilidad;Movilidad dinámica pre-entreno;Incluir 3-5 movimientos activos según sesión.;Preparar articulaciones.;bajo;cada sesión;movilidad;media;Adaptar carga, volumen, frecuencia, rango, descansos y tareas al nivel, historial, molestias, material, preferencias y disponibilidad. No sustituye valoración médica/fisioterapéutica si hay dolor, lesión o señales de alarma.
Entrenamiento para mayores;Mejorar equilibrio básico;Trabajar equilibrio estático/dinámico con seguridad.;mayores;entrenamiento;medio;"FIT2_SRC002;FIT2_SRC011";NEAT y pasos diarios;Aumentar movimiento cotidiano y reducir sedentarismo.;bajo;hábitos;Meta de pasos diarios;Definir meta realista de pasos y revisar media semanal.;Aumentar NEAT.;bajo;diario;hábitos;alta;Adaptar carga, volumen, frecuencia, rango, descansos y tareas al nivel, historial, molestias, material, preferencias y disponibilidad. No sustituye valoración médica/fisioterapéutica si hay dolor, lesión o señales de alarma.
Entrenamiento para mayores;Mejorar equilibrio básico;Trabajar equilibrio estático/dinámico con seguridad.;mayores;entrenamiento;medio;"FIT2_SRC002;FIT2_SRC011";NEAT y pasos diarios;Aumentar movimiento cotidiano y reducir sedentarismo.;bajo;hábitos;Pausas activas;Levantarme y moverme 2-5 minutos cada cierto tiempo.;Reducir sedentarismo.;bajo;diario;hábitos;alta;Adaptar carga, volumen, frecuencia, rango, descansos y tareas al nivel, historial, molestias, material, preferencias y disponibilidad. No sustituye valoración médica/fisioterapéutica si hay dolor, lesión o señales de alarma.
Entrenamiento para mayores;Mejorar equilibrio básico;Trabajar equilibrio estático/dinámico con seguridad.;mayores;entrenamiento;medio;"FIT2_SRC002;FIT2_SRC011";NEAT y pasos diarios;Aumentar movimiento cotidiano y reducir sedentarismo.;bajo;hábitos;Reto de pasos progresivo;Subir 500-1000 pasos/día cada 1-2 semanas según tolerancia.;Aumentar gasto y salud.;bajo;semanal;hábitos;alta;Adaptar carga, volumen, frecuencia, rango, descansos y tareas al nivel, historial, molestias, material, preferencias y disponibilidad. No sustituye valoración médica/fisioterapéutica si hay dolor, lesión o señales de alarma.
Entrenamiento para mayores;Mejorar equilibrio básico;Trabajar equilibrio estático/dinámico con seguridad.;mayores;entrenamiento;medio;"FIT2_SRC002;FIT2_SRC011";NEAT y pasos diarios;Aumentar movimiento cotidiano y reducir sedentarismo.;bajo;hábitos;Plan de salida de sedentarismo;Añadir caminatas cortas, pausas activas y fuerza básica gradual.;Reducir sedentarismo.;bajo;2-4 semanas;hábitos;alta;Adaptar carga, volumen, frecuencia, rango, descansos y tareas al nivel, historial, molestias, material, preferencias y disponibilidad. No sustituye valoración médica/fisioterapéutica si hay dolor, lesión o señales de alarma.
Entrenamiento para mayores;Mejorar equilibrio básico;Trabajar equilibrio estático/dinámico con seguridad.;mayores;entrenamiento;medio;"FIT2_SRC002;FIT2_SRC011";Cardio zona 2;Trabajo aeróbico moderado y sostenible.;bajo;cardio;Cardio zona 2;Realizar cardio conversacional 20-40 minutos.;Mejorar base aeróbica.;bajo;2-4 días/semana;cardio;media;Adaptar carga, volumen, frecuencia, rango, descansos y tareas al nivel, historial, molestias, material, preferencias y disponibilidad. No sustituye valoración médica/fisioterapéutica si hay dolor, lesión o señales de alarma.
Entrenamiento para mayores;Mejorar equilibrio básico;Trabajar equilibrio estático/dinámico con seguridad.;mayores;entrenamiento;medio;"FIT2_SRC002;FIT2_SRC011";Señales de derivación;Detectar dolor agudo, síntomas neurológicos, mareos, dolor torácico u otros signos.;alto;seguridad;Checklist de derivación;Dolor torácico, mareos, dolor agudo, síntomas neurológicos o empeoramiento: derivar.;Detectar riesgo.;alto;si aparece;seguridad;alta;Adaptar carga, volumen, frecuencia, rango, descansos y tareas al nivel, historial, molestias, material, preferencias y disponibilidad. No sustituye valoración médica/fisioterapéutica si hay dolor, lesión o señales de alarma.
Entrenamiento para mayores;Mejorar movilidad en mayores;Mantener rango y capacidad de moverse en actividades diarias.;mayores;movilidad;bajo;"FIT2_SRC001;FIT2_SRC008";Entrenamiento funcional para mayores;Fuerza, equilibrio, movilidad y tareas cotidianas con seguridad.;medio;mayores;Caminata funcional;Caminar a ritmo cómodo con progresión gradual.;Mantener capacidad funcional.;bajo;3-5 días/semana;mayores/cardio;media;Adaptar carga, volumen, frecuencia, rango, descansos y tareas al nivel, historial, molestias, material, preferencias y disponibilidad. No sustituye valoración médica/fisioterapéutica si hay dolor, lesión o señales de alarma.
Entrenamiento para mayores;Mejorar movilidad en mayores;Mantener rango y capacidad de moverse en actividades diarias.;mayores;movilidad;bajo;"FIT2_SRC001;FIT2_SRC008";Entrenamiento funcional para mayores;Fuerza, equilibrio, movilidad y tareas cotidianas con seguridad.;medio;mayores;Movilidad suave mayores;Rutina articular de cuello, hombros, cadera, rodilla y tobillo.;Mantener rango y autonomía.;bajo;diario;mayores;media;Adaptar carga, volumen, frecuencia, rango, descansos y tareas al nivel, historial, molestias, material, preferencias y disponibilidad. No sustituye valoración médica/fisioterapéutica si hay dolor, lesión o señales de alarma.
Entrenamiento para mayores;Mejorar movilidad en mayores;Mantener rango y capacidad de moverse en actividades diarias.;mayores;movilidad;bajo;"FIT2_SRC001;FIT2_SRC008";Equilibrio progresivo;Ejercicios de estabilidad con apoyo, base y dificultad graduada.;medio;mayores;Equilibrio con apoyo;Ejercicios de equilibrio cerca de soporte seguro.;Mejorar estabilidad.;medio;3 días/semana;mayores;media;Adaptar carga, volumen, frecuencia, rango, descansos y tareas al nivel, historial, molestias, material, preferencias y disponibilidad. No sustituye valoración médica/fisioterapéutica si hay dolor, lesión o señales de alarma.
Entrenamiento para mayores;Mejorar movilidad en mayores;Mantener rango y capacidad de moverse en actividades diarias.;mayores;movilidad;bajo;"FIT2_SRC001;FIT2_SRC008";Fuerza funcional sit-to-stand;Entrenar sentarse/levantarse, escalones, cargas y transferencias.;medio;mayores;Sit-to-stand;Practicar levantarse/sentarse con control y progresión.;Mejorar función en mayores.;medio;2-3 días/semana;mayores;media;Adaptar carga, volumen, frecuencia, rango, descansos y tareas al nivel, historial, molestias, material, preferencias y disponibilidad. No sustituye valoración médica/fisioterapéutica si hay dolor, lesión o señales de alarma.
Entrenamiento para mayores;Mejorar movilidad en mayores;Mantener rango y capacidad de moverse en actividades diarias.;mayores;movilidad;bajo;"FIT2_SRC001;FIT2_SRC008";Movilidad dinámica;Movimientos activos para preparar articulaciones y rango útil.;bajo;movilidad;Movilidad dinámica pre-entreno;Incluir 3-5 movimientos activos según sesión.;Preparar articulaciones.;bajo;cada sesión;movilidad;media;Adaptar carga, volumen, frecuencia, rango, descansos y tareas al nivel, historial, molestias, material, preferencias y disponibilidad. No sustituye valoración médica/fisioterapéutica si hay dolor, lesión o señales de alarma.
Entrenamiento para mayores;Mejorar movilidad en mayores;Mantener rango y capacidad de moverse en actividades diarias.;mayores;movilidad;bajo;"FIT2_SRC001;FIT2_SRC008";NEAT y pasos diarios;Aumentar movimiento cotidiano y reducir sedentarismo.;bajo;hábitos;Meta de pasos diarios;Definir meta realista de pasos y revisar media semanal.;Aumentar NEAT.;bajo;diario;hábitos;alta;Adaptar carga, volumen, frecuencia, rango, descansos y tareas al nivel, historial, molestias, material, preferencias y disponibilidad. No sustituye valoración médica/fisioterapéutica si hay dolor, lesión o señales de alarma.
Entrenamiento para mayores;Mejorar movilidad en mayores;Mantener rango y capacidad de moverse en actividades diarias.;mayores;movilidad;bajo;"FIT2_SRC001;FIT2_SRC008";NEAT y pasos diarios;Aumentar movimiento cotidiano y reducir sedentarismo.;bajo;hábitos;Pausas activas;Levantarme y moverme 2-5 minutos cada cierto tiempo.;Reducir sedentarismo.;bajo;diario;hábitos;alta;Adaptar carga, volumen, frecuencia, rango, descansos y tareas al nivel, historial, molestias, material, preferencias y disponibilidad. No sustituye valoración médica/fisioterapéutica si hay dolor, lesión o señales de alarma.
Entrenamiento para mayores;Mejorar movilidad en mayores;Mantener rango y capacidad de moverse en actividades diarias.;mayores;movilidad;bajo;"FIT2_SRC001;FIT2_SRC008";NEAT y pasos diarios;Aumentar movimiento cotidiano y reducir sedentarismo.;bajo;hábitos;Reto de pasos progresivo;Subir 500-1000 pasos/día cada 1-2 semanas según tolerancia.;Aumentar gasto y salud.;bajo;semanal;hábitos;alta;Adaptar carga, volumen, frecuencia, rango, descansos y tareas al nivel, historial, molestias, material, preferencias y disponibilidad. No sustituye valoración médica/fisioterapéutica si hay dolor, lesión o señales de alarma.
Entrenamiento para mayores;Mejorar movilidad en mayores;Mantener rango y capacidad de moverse en actividades diarias.;mayores;movilidad;bajo;"FIT2_SRC001;FIT2_SRC008";NEAT y pasos diarios;Aumentar movimiento cotidiano y reducir sedentarismo.;bajo;hábitos;Plan de salida de sedentarismo;Añadir caminatas cortas, pausas activas y fuerza básica gradual.;Reducir sedentarismo.;bajo;2-4 semanas;hábitos;alta;Adaptar carga, volumen, frecuencia, rango, descansos y tareas al nivel, historial, molestias, material, preferencias y disponibilidad. No sustituye valoración médica/fisioterapéutica si hay dolor, lesión o señales de alarma.
Entrenamiento para mayores;Mejorar movilidad en mayores;Mantener rango y capacidad de moverse en actividades diarias.;mayores;movilidad;bajo;"FIT2_SRC001;FIT2_SRC008";Cardio zona 2;Trabajo aeróbico moderado y sostenible.;bajo;cardio;Cardio zona 2;Realizar cardio conversacional 20-40 minutos.;Mejorar base aeróbica.;bajo;2-4 días/semana;cardio;media;Adaptar carga, volumen, frecuencia, rango, descansos y tareas al nivel, historial, molestias, material, preferencias y disponibilidad. No sustituye valoración médica/fisioterapéutica si hay dolor, lesión o señales de alarma.
Entrenamiento para mayores;Mejorar movilidad en mayores;Mantener rango y capacidad de moverse en actividades diarias.;mayores;movilidad;bajo;"FIT2_SRC001;FIT2_SRC008";Señales de derivación;Detectar dolor agudo, síntomas neurológicos, mareos, dolor torácico u otros signos.;alto;seguridad;Checklist de derivación;Dolor torácico, mareos, dolor agudo, síntomas neurológicos o empeoramiento: derivar.;Detectar riesgo.;alto;si aparece;seguridad;alta;Adaptar carga, volumen, frecuencia, rango, descansos y tareas al nivel, historial, molestias, material, preferencias y disponibilidad. No sustituye valoración médica/fisioterapéutica si hay dolor, lesión o señales de alarma.
Entrenamiento para mayores;Mejorar capacidad para levantarse/sentarse;Objetivo funcional de fuerza de piernas y control.;mayores;funcional;medio;"FIT2_SRC002;FIT2_SRC011";Entrenamiento funcional para mayores;Fuerza, equilibrio, movilidad y tareas cotidianas con seguridad.;medio;mayores;Caminata funcional;Caminar a ritmo cómodo con progresión gradual.;Mantener capacidad funcional.;bajo;3-5 días/semana;mayores/cardio;media;Adaptar carga, volumen, frecuencia, rango, descansos y tareas al nivel, historial, molestias, material, preferencias y disponibilidad. No sustituye valoración médica/fisioterapéutica si hay dolor, lesión o señales de alarma.
Entrenamiento para mayores;Mejorar capacidad para levantarse/sentarse;Objetivo funcional de fuerza de piernas y control.;mayores;funcional;medio;"FIT2_SRC002;FIT2_SRC011";Entrenamiento funcional para mayores;Fuerza, equilibrio, movilidad y tareas cotidianas con seguridad.;medio;mayores;Movilidad suave mayores;Rutina articular de cuello, hombros, cadera, rodilla y tobillo.;Mantener rango y autonomía.;bajo;diario;mayores;media;Adaptar carga, volumen, frecuencia, rango, descansos y tareas al nivel, historial, molestias, material, preferencias y disponibilidad. No sustituye valoración médica/fisioterapéutica si hay dolor, lesión o señales de alarma.
Entrenamiento para mayores;Mejorar capacidad para levantarse/sentarse;Objetivo funcional de fuerza de piernas y control.;mayores;funcional;medio;"FIT2_SRC002;FIT2_SRC011";Equilibrio progresivo;Ejercicios de estabilidad con apoyo, base y dificultad graduada.;medio;mayores;Equilibrio con apoyo;Ejercicios de equilibrio cerca de soporte seguro.;Mejorar estabilidad.;medio;3 días/semana;mayores;media;Adaptar carga, volumen, frecuencia, rango, descansos y tareas al nivel, historial, molestias, material, preferencias y disponibilidad. No sustituye valoración médica/fisioterapéutica si hay dolor, lesión o señales de alarma.
Entrenamiento para mayores;Mejorar capacidad para levantarse/sentarse;Objetivo funcional de fuerza de piernas y control.;mayores;funcional;medio;"FIT2_SRC002;FIT2_SRC011";Fuerza funcional sit-to-stand;Entrenar sentarse/levantarse, escalones, cargas y transferencias.;medio;mayores;Sit-to-stand;Practicar levantarse/sentarse con control y progresión.;Mejorar función en mayores.;medio;2-3 días/semana;mayores;media;Adaptar carga, volumen, frecuencia, rango, descansos y tareas al nivel, historial, molestias, material, preferencias y disponibilidad. No sustituye valoración médica/fisioterapéutica si hay dolor, lesión o señales de alarma.
Entrenamiento para mayores;Mejorar capacidad para levantarse/sentarse;Objetivo funcional de fuerza de piernas y control.;mayores;funcional;medio;"FIT2_SRC002;FIT2_SRC011";Movilidad dinámica;Movimientos activos para preparar articulaciones y rango útil.;bajo;movilidad;Movilidad dinámica pre-entreno;Incluir 3-5 movimientos activos según sesión.;Preparar articulaciones.;bajo;cada sesión;movilidad;media;Adaptar carga, volumen, frecuencia, rango, descansos y tareas al nivel, historial, molestias, material, preferencias y disponibilidad. No sustituye valoración médica/fisioterapéutica si hay dolor, lesión o señales de alarma.
Entrenamiento para mayores;Mejorar capacidad para levantarse/sentarse;Objetivo funcional de fuerza de piernas y control.;mayores;funcional;medio;"FIT2_SRC002;FIT2_SRC011";NEAT y pasos diarios;Aumentar movimiento cotidiano y reducir sedentarismo.;bajo;hábitos;Meta de pasos diarios;Definir meta realista de pasos y revisar media semanal.;Aumentar NEAT.;bajo;diario;hábitos;alta;Adaptar carga, volumen, frecuencia, rango, descansos y tareas al nivel, historial, molestias, material, preferencias y disponibilidad. No sustituye valoración médica/fisioterapéutica si hay dolor, lesión o señales de alarma.
Entrenamiento para mayores;Mejorar capacidad para levantarse/sentarse;Objetivo funcional de fuerza de piernas y control.;mayores;funcional;medio;"FIT2_SRC002;FIT2_SRC011";NEAT y pasos diarios;Aumentar movimiento cotidiano y reducir sedentarismo.;bajo;hábitos;Pausas activas;Levantarme y moverme 2-5 minutos cada cierto tiempo.;Reducir sedentarismo.;bajo;diario;hábitos;alta;Adaptar carga, volumen, frecuencia, rango, descansos y tareas al nivel, historial, molestias, material, preferencias y disponibilidad. No sustituye valoración médica/fisioterapéutica si hay dolor, lesión o señales de alarma.
Entrenamiento para mayores;Mejorar capacidad para levantarse/sentarse;Objetivo funcional de fuerza de piernas y control.;mayores;funcional;medio;"FIT2_SRC002;FIT2_SRC011";NEAT y pasos diarios;Aumentar movimiento cotidiano y reducir sedentarismo.;bajo;hábitos;Reto de pasos progresivo;Subir 500-1000 pasos/día cada 1-2 semanas según tolerancia.;Aumentar gasto y salud.;bajo;semanal;hábitos;alta;Adaptar carga, volumen, frecuencia, rango, descansos y tareas al nivel, historial, molestias, material, preferencias y disponibilidad. No sustituye valoración médica/fisioterapéutica si hay dolor, lesión o señales de alarma.
Entrenamiento para mayores;Mejorar capacidad para levantarse/sentarse;Objetivo funcional de fuerza de piernas y control.;mayores;funcional;medio;"FIT2_SRC002;FIT2_SRC011";NEAT y pasos diarios;Aumentar movimiento cotidiano y reducir sedentarismo.;bajo;hábitos;Plan de salida de sedentarismo;Añadir caminatas cortas, pausas activas y fuerza básica gradual.;Reducir sedentarismo.;bajo;2-4 semanas;hábitos;alta;Adaptar carga, volumen, frecuencia, rango, descansos y tareas al nivel, historial, molestias, material, preferencias y disponibilidad. No sustituye valoración médica/fisioterapéutica si hay dolor, lesión o señales de alarma.
Entrenamiento para mayores;Mejorar capacidad para levantarse/sentarse;Objetivo funcional de fuerza de piernas y control.;mayores;funcional;medio;"FIT2_SRC002;FIT2_SRC011";Cardio zona 2;Trabajo aeróbico moderado y sostenible.;bajo;cardio;Cardio zona 2;Realizar cardio conversacional 20-40 minutos.;Mejorar base aeróbica.;bajo;2-4 días/semana;cardio;media;Adaptar carga, volumen, frecuencia, rango, descansos y tareas al nivel, historial, molestias, material, preferencias y disponibilidad. No sustituye valoración médica/fisioterapéutica si hay dolor, lesión o señales de alarma.
Entrenamiento para mayores;Mejorar capacidad para levantarse/sentarse;Objetivo funcional de fuerza de piernas y control.;mayores;funcional;medio;"FIT2_SRC002;FIT2_SRC011";Señales de derivación;Detectar dolor agudo, síntomas neurológicos, mareos, dolor torácico u otros signos.;alto;seguridad;Checklist de derivación;Dolor torácico, mareos, dolor agudo, síntomas neurológicos o empeoramiento: derivar.;Detectar riesgo.;alto;si aparece;seguridad;alta;Adaptar carga, volumen, frecuencia, rango, descansos y tareas al nivel, historial, molestias, material, preferencias y disponibilidad. No sustituye valoración médica/fisioterapéutica si hay dolor, lesión o señales de alarma.
Hábitos, adherencia y estilo de vida;Baja adherencia al entrenamiento;Dificultad para sostener rutina más de pocas semanas.;general;hábitos;bajo;"FIT2_SRC008;FIT2_SRC010";Objetivos SMART fitness;Convertir metas genéricas en objetivos específicos, medibles y revisables.;bajo;planificación;Objetivo SMART semanal;Definir objetivo concreto con indicador y fecha de revisión.;Clarificar dirección y medir progreso.;bajo;10 min semanal;planificación;media;Adaptar carga, volumen, frecuencia, rango, descansos y tareas al nivel, historial, molestias, material, preferencias y disponibilidad. No sustituye valoración médica/fisioterapéutica si hay dolor, lesión o señales de alarma.
Hábitos, adherencia y estilo de vida;Baja adherencia al entrenamiento;Dificultad para sostener rutina más de pocas semanas.;general;hábitos;bajo;"FIT2_SRC008;FIT2_SRC010";Plan de adherencia mínima;Crear versión mínima viable del entrenamiento para semanas difíciles.;bajo;hábitos;Registro de adherencia;Marcar sesiones, pasos, sueño, proteína/hidratación y barreras.;Detectar obstáculos.;bajo;semanal;hábitos;alta;Adaptar carga, volumen, frecuencia, rango, descansos y tareas al nivel, historial, molestias, material, preferencias y disponibilidad. No sustituye valoración médica/fisioterapéutica si hay dolor, lesión o señales de alarma.
Hábitos, adherencia y estilo de vida;Baja adherencia al entrenamiento;Dificultad para sostener rutina más de pocas semanas.;general;hábitos;bajo;"FIT2_SRC008;FIT2_SRC010";Plan de adherencia mínima;Crear versión mínima viable del entrenamiento para semanas difíciles.;bajo;hábitos;Versión mínima viable;Definir entrenamiento mínimo de 10-15 min para días difíciles.;Evitar abandono.;bajo;cuando proceda;hábitos;alta;Adaptar carga, volumen, frecuencia, rango, descansos y tareas al nivel, historial, molestias, material, preferencias y disponibilidad. No sustituye valoración médica/fisioterapéutica si hay dolor, lesión o señales de alarma.
Hábitos, adherencia y estilo de vida;Baja adherencia al entrenamiento;Dificultad para sostener rutina más de pocas semanas.;general;hábitos;bajo;"FIT2_SRC008;FIT2_SRC010";Diseño de hábitos;Anclar entrenamiento a rutina, entorno, señales y recompensas.;bajo;hábitos;Anclaje de hábito;Vincular entrenamiento a una señal fija del día.;Automatizar constancia.;bajo;diario/semanal;hábitos;media;Adaptar carga, volumen, frecuencia, rango, descansos y tareas al nivel, historial, molestias, material, preferencias y disponibilidad. No sustituye valoración médica/fisioterapéutica si hay dolor, lesión o señales de alarma.
Hábitos, adherencia y estilo de vida;Baja adherencia al entrenamiento;Dificultad para sostener rutina más de pocas semanas.;general;hábitos;bajo;"FIT2_SRC008;FIT2_SRC010";Entrevista motivacional fitness;Explorar razones, barreras, autonomía y compromisos pequeños.;bajo;hábitos;Revisión motivacional;Escribir razones personales, beneficios y coste de no actuar.;Aumentar compromiso autónomo.;bajo;mensual;hábitos;media;Adaptar carga, volumen, frecuencia, rango, descansos y tareas al nivel, historial, molestias, material, preferencias y disponibilidad. No sustituye valoración médica/fisioterapéutica si hay dolor, lesión o señales de alarma.
Hábitos, adherencia y estilo de vida;Baja adherencia al entrenamiento;Dificultad para sostener rutina más de pocas semanas.;general;hábitos;bajo;"FIT2_SRC008;FIT2_SRC010";Entrevista motivacional fitness;Explorar razones, barreras, autonomía y compromisos pequeños.;bajo;hábitos;Control de expectativas;Definir ritmo realista de progreso visual, fuerza o peso.;Reducir frustración.;bajo;mensual;hábitos;media;Adaptar carga, volumen, frecuencia, rango, descansos y tareas al nivel, historial, molestias, material, preferencias y disponibilidad. No sustituye valoración médica/fisioterapéutica si hay dolor, lesión o señales de alarma.
Hábitos, adherencia y estilo de vida;Baja adherencia al entrenamiento;Dificultad para sostener rutina más de pocas semanas.;general;hábitos;bajo;"FIT2_SRC008;FIT2_SRC010";Gestión de barreras;Identificar obstáculos y planificar alternativas concretas.;bajo;hábitos;Plan de barreras;Listar barrera probable y alternativa concreta.;Mejorar continuidad.;bajo;semanal;hábitos;media;Adaptar carga, volumen, frecuencia, rango, descansos y tareas al nivel, historial, molestias, material, preferencias y disponibilidad. No sustituye valoración médica/fisioterapéutica si hay dolor, lesión o señales de alarma.
Hábitos, adherencia y estilo de vida;Baja adherencia al entrenamiento;Dificultad para sostener rutina más de pocas semanas.;general;hábitos;bajo;"FIT2_SRC008;FIT2_SRC010";Sueño y recuperación;Educar sobre descanso, días de recuperación y señales de fatiga.;bajo;recuperación;Registro de sueño y energía;Anotar sueño, energía y rendimiento de entrenamiento.;Ajustar recuperación.;bajo;7-14 días;recuperación;media;Adaptar carga, volumen, frecuencia, rango, descansos y tareas al nivel, historial, molestias, material, preferencias y disponibilidad. No sustituye valoración médica/fisioterapéutica si hay dolor, lesión o señales de alarma.
Hábitos, adherencia y estilo de vida;Baja adherencia al entrenamiento;Dificultad para sostener rutina más de pocas semanas.;general;hábitos;bajo;"FIT2_SRC008;FIT2_SRC010";Sueño y recuperación;Educar sobre descanso, días de recuperación y señales de fatiga.;bajo;recuperación;Día de recuperación activa;Programar paseo, movilidad o descanso en lugar de intensidad.;Mejorar recuperación.;bajo;semanal;recuperación;media;Adaptar carga, volumen, frecuencia, rango, descansos y tareas al nivel, historial, molestias, material, preferencias y disponibilidad. No sustituye valoración médica/fisioterapéutica si hay dolor, lesión o señales de alarma.
Hábitos, adherencia y estilo de vida;Baja adherencia al entrenamiento;Dificultad para sostener rutina más de pocas semanas.;general;hábitos;bajo;"FIT2_SRC008;FIT2_SRC010";Prevención de recaídas fitness;Plan para mantener avances ante viajes, estrés, lesión leve o falta de tiempo.;bajo;hábitos;Plan viaje/vacaciones;Definir rutina mínima, pasos y expectativas realistas fuera de casa.;Prevenir abandono.;bajo;antes del viaje;hábitos;media;Adaptar carga, volumen, frecuencia, rango, descansos y tareas al nivel, historial, molestias, material, preferencias y disponibilidad. No sustituye valoración médica/fisioterapéutica si hay dolor, lesión o señales de alarma.
Hábitos, adherencia y estilo de vida;Baja adherencia al entrenamiento;Dificultad para sostener rutina más de pocas semanas.;general;hábitos;bajo;"FIT2_SRC008;FIT2_SRC010";Prevención de recaídas fitness;Plan para mantener avances ante viajes, estrés, lesión leve o falta de tiempo.;bajo;hábitos;Revisión mensual de progreso;Analizar datos, ajustar plan y fijar siguiente bloque.;Mantener dirección.;bajo;mensual;seguimiento;media;Adaptar carga, volumen, frecuencia, rango, descansos y tareas al nivel, historial, molestias, material, preferencias y disponibilidad. No sustituye valoración médica/fisioterapéutica si hay dolor, lesión o señales de alarma.
Hábitos, adherencia y estilo de vida;Falta de motivación;Baja motivación o dependencia de ganas para entrenar.;general;hábitos;bajo;"FIT2_SRC008;FIT2_SRC010";Objetivos SMART fitness;Convertir metas genéricas en objetivos específicos, medibles y revisables.;bajo;planificación;Objetivo SMART semanal;Definir objetivo concreto con indicador y fecha de revisión.;Clarificar dirección y medir progreso.;bajo;10 min semanal;planificación;media;Adaptar carga, volumen, frecuencia, rango, descansos y tareas al nivel, historial, molestias, material, preferencias y disponibilidad. No sustituye valoración médica/fisioterapéutica si hay dolor, lesión o señales de alarma.
Hábitos, adherencia y estilo de vida;Falta de motivación;Baja motivación o dependencia de ganas para entrenar.;general;hábitos;bajo;"FIT2_SRC008;FIT2_SRC010";Plan de adherencia mínima;Crear versión mínima viable del entrenamiento para semanas difíciles.;bajo;hábitos;Registro de adherencia;Marcar sesiones, pasos, sueño, proteína/hidratación y barreras.;Detectar obstáculos.;bajo;semanal;hábitos;alta;Adaptar carga, volumen, frecuencia, rango, descansos y tareas al nivel, historial, molestias, material, preferencias y disponibilidad. No sustituye valoración médica/fisioterapéutica si hay dolor, lesión o señales de alarma.
Hábitos, adherencia y estilo de vida;Falta de motivación;Baja motivación o dependencia de ganas para entrenar.;general;hábitos;bajo;"FIT2_SRC008;FIT2_SRC010";Plan de adherencia mínima;Crear versión mínima viable del entrenamiento para semanas difíciles.;bajo;hábitos;Versión mínima viable;Definir entrenamiento mínimo de 10-15 min para días difíciles.;Evitar abandono.;bajo;cuando proceda;hábitos;alta;Adaptar carga, volumen, frecuencia, rango, descansos y tareas al nivel, historial, molestias, material, preferencias y disponibilidad. No sustituye valoración médica/fisioterapéutica si hay dolor, lesión o señales de alarma.
Hábitos, adherencia y estilo de vida;Falta de motivación;Baja motivación o dependencia de ganas para entrenar.;general;hábitos;bajo;"FIT2_SRC008;FIT2_SRC010";Diseño de hábitos;Anclar entrenamiento a rutina, entorno, señales y recompensas.;bajo;hábitos;Anclaje de hábito;Vincular entrenamiento a una señal fija del día.;Automatizar constancia.;bajo;diario/semanal;hábitos;media;Adaptar carga, volumen, frecuencia, rango, descansos y tareas al nivel, historial, molestias, material, preferencias y disponibilidad. No sustituye valoración médica/fisioterapéutica si hay dolor, lesión o señales de alarma.
Hábitos, adherencia y estilo de vida;Falta de motivación;Baja motivación o dependencia de ganas para entrenar.;general;hábitos;bajo;"FIT2_SRC008;FIT2_SRC010";Entrevista motivacional fitness;Explorar razones, barreras, autonomía y compromisos pequeños.;bajo;hábitos;Revisión motivacional;Escribir razones personales, beneficios y coste de no actuar.;Aumentar compromiso autónomo.;bajo;mensual;hábitos;media;Adaptar carga, volumen, frecuencia, rango, descansos y tareas al nivel, historial, molestias, material, preferencias y disponibilidad. No sustituye valoración médica/fisioterapéutica si hay dolor, lesión o señales de alarma.
Hábitos, adherencia y estilo de vida;Falta de motivación;Baja motivación o dependencia de ganas para entrenar.;general;hábitos;bajo;"FIT2_SRC008;FIT2_SRC010";Entrevista motivacional fitness;Explorar razones, barreras, autonomía y compromisos pequeños.;bajo;hábitos;Control de expectativas;Definir ritmo realista de progreso visual, fuerza o peso.;Reducir frustración.;bajo;mensual;hábitos;media;Adaptar carga, volumen, frecuencia, rango, descansos y tareas al nivel, historial, molestias, material, preferencias y disponibilidad. No sustituye valoración médica/fisioterapéutica si hay dolor, lesión o señales de alarma.
Hábitos, adherencia y estilo de vida;Falta de motivación;Baja motivación o dependencia de ganas para entrenar.;general;hábitos;bajo;"FIT2_SRC008;FIT2_SRC010";Gestión de barreras;Identificar obstáculos y planificar alternativas concretas.;bajo;hábitos;Plan de barreras;Listar barrera probable y alternativa concreta.;Mejorar continuidad.;bajo;semanal;hábitos;media;Adaptar carga, volumen, frecuencia, rango, descansos y tareas al nivel, historial, molestias, material, preferencias y disponibilidad. No sustituye valoración médica/fisioterapéutica si hay dolor, lesión o señales de alarma.
Hábitos, adherencia y estilo de vida;Falta de motivación;Baja motivación o dependencia de ganas para entrenar.;general;hábitos;bajo;"FIT2_SRC008;FIT2_SRC010";Sueño y recuperación;Educar sobre descanso, días de recuperación y señales de fatiga.;bajo;recuperación;Registro de sueño y energía;Anotar sueño, energía y rendimiento de entrenamiento.;Ajustar recuperación.;bajo;7-14 días;recuperación;media;Adaptar carga, volumen, frecuencia, rango, descansos y tareas al nivel, historial, molestias, material, preferencias y disponibilidad. No sustituye valoración médica/fisioterapéutica si hay dolor, lesión o señales de alarma.
Hábitos, adherencia y estilo de vida;Falta de motivación;Baja motivación o dependencia de ganas para entrenar.;general;hábitos;bajo;"FIT2_SRC008;FIT2_SRC010";Sueño y recuperación;Educar sobre descanso, días de recuperación y señales de fatiga.;bajo;recuperación;Día de recuperación activa;Programar paseo, movilidad o descanso en lugar de intensidad.;Mejorar recuperación.;bajo;semanal;recuperación;media;Adaptar carga, volumen, frecuencia, rango, descansos y tareas al nivel, historial, molestias, material, preferencias y disponibilidad. No sustituye valoración médica/fisioterapéutica si hay dolor, lesión o señales de alarma.
Hábitos, adherencia y estilo de vida;Falta de motivación;Baja motivación o dependencia de ganas para entrenar.;general;hábitos;bajo;"FIT2_SRC008;FIT2_SRC010";Prevención de recaídas fitness;Plan para mantener avances ante viajes, estrés, lesión leve o falta de tiempo.;bajo;hábitos;Plan viaje/vacaciones;Definir rutina mínima, pasos y expectativas realistas fuera de casa.;Prevenir abandono.;bajo;antes del viaje;hábitos;media;Adaptar carga, volumen, frecuencia, rango, descansos y tareas al nivel, historial, molestias, material, preferencias y disponibilidad. No sustituye valoración médica/fisioterapéutica si hay dolor, lesión o señales de alarma.
Hábitos, adherencia y estilo de vida;Falta de motivación;Baja motivación o dependencia de ganas para entrenar.;general;hábitos;bajo;"FIT2_SRC008;FIT2_SRC010";Prevención de recaídas fitness;Plan para mantener avances ante viajes, estrés, lesión leve o falta de tiempo.;bajo;hábitos;Revisión mensual de progreso;Analizar datos, ajustar plan y fijar siguiente bloque.;Mantener dirección.;bajo;mensual;seguimiento;media;Adaptar carga, volumen, frecuencia, rango, descansos y tareas al nivel, historial, molestias, material, preferencias y disponibilidad. No sustituye valoración médica/fisioterapéutica si hay dolor, lesión o señales de alarma.
Hábitos, adherencia y estilo de vida;Objetivos poco claros;Metas vagas que impiden programar y medir progreso.;general;hábitos;bajo;FIT2_SRC010;Objetivos SMART fitness;Convertir metas genéricas en objetivos específicos, medibles y revisables.;bajo;planificación;Objetivo SMART semanal;Definir objetivo concreto con indicador y fecha de revisión.;Clarificar dirección y medir progreso.;bajo;10 min semanal;planificación;media;Adaptar carga, volumen, frecuencia, rango, descansos y tareas al nivel, historial, molestias, material, preferencias y disponibilidad. No sustituye valoración médica/fisioterapéutica si hay dolor, lesión o señales de alarma.
Hábitos, adherencia y estilo de vida;Objetivos poco claros;Metas vagas que impiden programar y medir progreso.;general;hábitos;bajo;FIT2_SRC010;Plan de adherencia mínima;Crear versión mínima viable del entrenamiento para semanas difíciles.;bajo;hábitos;Registro de adherencia;Marcar sesiones, pasos, sueño, proteína/hidratación y barreras.;Detectar obstáculos.;bajo;semanal;hábitos;alta;Adaptar carga, volumen, frecuencia, rango, descansos y tareas al nivel, historial, molestias, material, preferencias y disponibilidad. No sustituye valoración médica/fisioterapéutica si hay dolor, lesión o señales de alarma.
Hábitos, adherencia y estilo de vida;Objetivos poco claros;Metas vagas que impiden programar y medir progreso.;general;hábitos;bajo;FIT2_SRC010;Plan de adherencia mínima;Crear versión mínima viable del entrenamiento para semanas difíciles.;bajo;hábitos;Versión mínima viable;Definir entrenamiento mínimo de 10-15 min para días difíciles.;Evitar abandono.;bajo;cuando proceda;hábitos;alta;Adaptar carga, volumen, frecuencia, rango, descansos y tareas al nivel, historial, molestias, material, preferencias y disponibilidad. No sustituye valoración médica/fisioterapéutica si hay dolor, lesión o señales de alarma.
Hábitos, adherencia y estilo de vida;Objetivos poco claros;Metas vagas que impiden programar y medir progreso.;general;hábitos;bajo;FIT2_SRC010;Diseño de hábitos;Anclar entrenamiento a rutina, entorno, señales y recompensas.;bajo;hábitos;Anclaje de hábito;Vincular entrenamiento a una señal fija del día.;Automatizar constancia.;bajo;diario/semanal;hábitos;media;Adaptar carga, volumen, frecuencia, rango, descansos y tareas al nivel, historial, molestias, material, preferencias y disponibilidad. No sustituye valoración médica/fisioterapéutica si hay dolor, lesión o señales de alarma.
Hábitos, adherencia y estilo de vida;Objetivos poco claros;Metas vagas que impiden programar y medir progreso.;general;hábitos;bajo;FIT2_SRC010;Entrevista motivacional fitness;Explorar razones, barreras, autonomía y compromisos pequeños.;bajo;hábitos;Revisión motivacional;Escribir razones personales, beneficios y coste de no actuar.;Aumentar compromiso autónomo.;bajo;mensual;hábitos;media;Adaptar carga, volumen, frecuencia, rango, descansos y tareas al nivel, historial, molestias, material, preferencias y disponibilidad. No sustituye valoración médica/fisioterapéutica si hay dolor, lesión o señales de alarma.
Hábitos, adherencia y estilo de vida;Objetivos poco claros;Metas vagas que impiden programar y medir progreso.;general;hábitos;bajo;FIT2_SRC010;Entrevista motivacional fitness;Explorar razones, barreras, autonomía y compromisos pequeños.;bajo;hábitos;Control de expectativas;Definir ritmo realista de progreso visual, fuerza o peso.;Reducir frustración.;bajo;mensual;hábitos;media;Adaptar carga, volumen, frecuencia, rango, descansos y tareas al nivel, historial, molestias, material, preferencias y disponibilidad. No sustituye valoración médica/fisioterapéutica si hay dolor, lesión o señales de alarma.
Hábitos, adherencia y estilo de vida;Objetivos poco claros;Metas vagas que impiden programar y medir progreso.;general;hábitos;bajo;FIT2_SRC010;Gestión de barreras;Identificar obstáculos y planificar alternativas concretas.;bajo;hábitos;Plan de barreras;Listar barrera probable y alternativa concreta.;Mejorar continuidad.;bajo;semanal;hábitos;media;Adaptar carga, volumen, frecuencia, rango, descansos y tareas al nivel, historial, molestias, material, preferencias y disponibilidad. No sustituye valoración médica/fisioterapéutica si hay dolor, lesión o señales de alarma.
Hábitos, adherencia y estilo de vida;Objetivos poco claros;Metas vagas que impiden programar y medir progreso.;general;hábitos;bajo;FIT2_SRC010;Sueño y recuperación;Educar sobre descanso, días de recuperación y señales de fatiga.;bajo;recuperación;Registro de sueño y energía;Anotar sueño, energía y rendimiento de entrenamiento.;Ajustar recuperación.;bajo;7-14 días;recuperación;media;Adaptar carga, volumen, frecuencia, rango, descansos y tareas al nivel, historial, molestias, material, preferencias y disponibilidad. No sustituye valoración médica/fisioterapéutica si hay dolor, lesión o señales de alarma.
Hábitos, adherencia y estilo de vida;Objetivos poco claros;Metas vagas que impiden programar y medir progreso.;general;hábitos;bajo;FIT2_SRC010;Sueño y recuperación;Educar sobre descanso, días de recuperación y señales de fatiga.;bajo;recuperación;Día de recuperación activa;Programar paseo, movilidad o descanso en lugar de intensidad.;Mejorar recuperación.;bajo;semanal;recuperación;media;Adaptar carga, volumen, frecuencia, rango, descansos y tareas al nivel, historial, molestias, material, preferencias y disponibilidad. No sustituye valoración médica/fisioterapéutica si hay dolor, lesión o señales de alarma.
Hábitos, adherencia y estilo de vida;Objetivos poco claros;Metas vagas que impiden programar y medir progreso.;general;hábitos;bajo;FIT2_SRC010;Prevención de recaídas fitness;Plan para mantener avances ante viajes, estrés, lesión leve o falta de tiempo.;bajo;hábitos;Plan viaje/vacaciones;Definir rutina mínima, pasos y expectativas realistas fuera de casa.;Prevenir abandono.;bajo;antes del viaje;hábitos;media;Adaptar carga, volumen, frecuencia, rango, descansos y tareas al nivel, historial, molestias, material, preferencias y disponibilidad. No sustituye valoración médica/fisioterapéutica si hay dolor, lesión o señales de alarma.
Hábitos, adherencia y estilo de vida;Objetivos poco claros;Metas vagas que impiden programar y medir progreso.;general;hábitos;bajo;FIT2_SRC010;Prevención de recaídas fitness;Plan para mantener avances ante viajes, estrés, lesión leve o falta de tiempo.;bajo;hábitos;Revisión mensual de progreso;Analizar datos, ajustar plan y fijar siguiente bloque.;Mantener dirección.;bajo;mensual;seguimiento;media;Adaptar carga, volumen, frecuencia, rango, descansos y tareas al nivel, historial, molestias, material, preferencias y disponibilidad. No sustituye valoración médica/fisioterapéutica si hay dolor, lesión o señales de alarma.
Hábitos, adherencia y estilo de vida;Sueño y recuperación insuficientes;Descanso inadecuado que afecta energía, rendimiento y progreso.;general;hábitos;medio;"FIT2_SRC011;FIT2_SRC005";Objetivos SMART fitness;Convertir metas genéricas en objetivos específicos, medibles y revisables.;bajo;planificación;Objetivo SMART semanal;Definir objetivo concreto con indicador y fecha de revisión.;Clarificar dirección y medir progreso.;bajo;10 min semanal;planificación;media;Adaptar carga, volumen, frecuencia, rango, descansos y tareas al nivel, historial, molestias, material, preferencias y disponibilidad. No sustituye valoración médica/fisioterapéutica si hay dolor, lesión o señales de alarma.
Hábitos, adherencia y estilo de vida;Sueño y recuperación insuficientes;Descanso inadecuado que afecta energía, rendimiento y progreso.;general;hábitos;medio;"FIT2_SRC011;FIT2_SRC005";Plan de adherencia mínima;Crear versión mínima viable del entrenamiento para semanas difíciles.;bajo;hábitos;Registro de adherencia;Marcar sesiones, pasos, sueño, proteína/hidratación y barreras.;Detectar obstáculos.;bajo;semanal;hábitos;alta;Adaptar carga, volumen, frecuencia, rango, descansos y tareas al nivel, historial, molestias, material, preferencias y disponibilidad. No sustituye valoración médica/fisioterapéutica si hay dolor, lesión o señales de alarma.
Hábitos, adherencia y estilo de vida;Sueño y recuperación insuficientes;Descanso inadecuado que afecta energía, rendimiento y progreso.;general;hábitos;medio;"FIT2_SRC011;FIT2_SRC005";Plan de adherencia mínima;Crear versión mínima viable del entrenamiento para semanas difíciles.;bajo;hábitos;Versión mínima viable;Definir entrenamiento mínimo de 10-15 min para días difíciles.;Evitar abandono.;bajo;cuando proceda;hábitos;alta;Adaptar carga, volumen, frecuencia, rango, descansos y tareas al nivel, historial, molestias, material, preferencias y disponibilidad. No sustituye valoración médica/fisioterapéutica si hay dolor, lesión o señales de alarma.
Hábitos, adherencia y estilo de vida;Sueño y recuperación insuficientes;Descanso inadecuado que afecta energía, rendimiento y progreso.;general;hábitos;medio;"FIT2_SRC011;FIT2_SRC005";Diseño de hábitos;Anclar entrenamiento a rutina, entorno, señales y recompensas.;bajo;hábitos;Anclaje de hábito;Vincular entrenamiento a una señal fija del día.;Automatizar constancia.;bajo;diario/semanal;hábitos;media;Adaptar carga, volumen, frecuencia, rango, descansos y tareas al nivel, historial, molestias, material, preferencias y disponibilidad. No sustituye valoración médica/fisioterapéutica si hay dolor, lesión o señales de alarma.
Hábitos, adherencia y estilo de vida;Sueño y recuperación insuficientes;Descanso inadecuado que afecta energía, rendimiento y progreso.;general;hábitos;medio;"FIT2_SRC011;FIT2_SRC005";Entrevista motivacional fitness;Explorar razones, barreras, autonomía y compromisos pequeños.;bajo;hábitos;Revisión motivacional;Escribir razones personales, beneficios y coste de no actuar.;Aumentar compromiso autónomo.;bajo;mensual;hábitos;media;Adaptar carga, volumen, frecuencia, rango, descansos y tareas al nivel, historial, molestias, material, preferencias y disponibilidad. No sustituye valoración médica/fisioterapéutica si hay dolor, lesión o señales de alarma.
Hábitos, adherencia y estilo de vida;Sueño y recuperación insuficientes;Descanso inadecuado que afecta energía, rendimiento y progreso.;general;hábitos;medio;"FIT2_SRC011;FIT2_SRC005";Entrevista motivacional fitness;Explorar razones, barreras, autonomía y compromisos pequeños.;bajo;hábitos;Control de expectativas;Definir ritmo realista de progreso visual, fuerza o peso.;Reducir frustración.;bajo;mensual;hábitos;media;Adaptar carga, volumen, frecuencia, rango, descansos y tareas al nivel, historial, molestias, material, preferencias y disponibilidad. No sustituye valoración médica/fisioterapéutica si hay dolor, lesión o señales de alarma.
Hábitos, adherencia y estilo de vida;Sueño y recuperación insuficientes;Descanso inadecuado que afecta energía, rendimiento y progreso.;general;hábitos;medio;"FIT2_SRC011;FIT2_SRC005";Gestión de barreras;Identificar obstáculos y planificar alternativas concretas.;bajo;hábitos;Plan de barreras;Listar barrera probable y alternativa concreta.;Mejorar continuidad.;bajo;semanal;hábitos;media;Adaptar carga, volumen, frecuencia, rango, descansos y tareas al nivel, historial, molestias, material, preferencias y disponibilidad. No sustituye valoración médica/fisioterapéutica si hay dolor, lesión o señales de alarma.
Hábitos, adherencia y estilo de vida;Sueño y recuperación insuficientes;Descanso inadecuado que afecta energía, rendimiento y progreso.;general;hábitos;medio;"FIT2_SRC011;FIT2_SRC005";Sueño y recuperación;Educar sobre descanso, días de recuperación y señales de fatiga.;bajo;recuperación;Registro de sueño y energía;Anotar sueño, energía y rendimiento de entrenamiento.;Ajustar recuperación.;bajo;7-14 días;recuperación;media;Adaptar carga, volumen, frecuencia, rango, descansos y tareas al nivel, historial, molestias, material, preferencias y disponibilidad. No sustituye valoración médica/fisioterapéutica si hay dolor, lesión o señales de alarma.
Hábitos, adherencia y estilo de vida;Sueño y recuperación insuficientes;Descanso inadecuado que afecta energía, rendimiento y progreso.;general;hábitos;medio;"FIT2_SRC011;FIT2_SRC005";Sueño y recuperación;Educar sobre descanso, días de recuperación y señales de fatiga.;bajo;recuperación;Día de recuperación activa;Programar paseo, movilidad o descanso en lugar de intensidad.;Mejorar recuperación.;bajo;semanal;recuperación;media;Adaptar carga, volumen, frecuencia, rango, descansos y tareas al nivel, historial, molestias, material, preferencias y disponibilidad. No sustituye valoración médica/fisioterapéutica si hay dolor, lesión o señales de alarma.
Hábitos, adherencia y estilo de vida;Sueño y recuperación insuficientes;Descanso inadecuado que afecta energía, rendimiento y progreso.;general;hábitos;medio;"FIT2_SRC011;FIT2_SRC005";Prevención de recaídas fitness;Plan para mantener avances ante viajes, estrés, lesión leve o falta de tiempo.;bajo;hábitos;Plan viaje/vacaciones;Definir rutina mínima, pasos y expectativas realistas fuera de casa.;Prevenir abandono.;bajo;antes del viaje;hábitos;media;Adaptar carga, volumen, frecuencia, rango, descansos y tareas al nivel, historial, molestias, material, preferencias y disponibilidad. No sustituye valoración médica/fisioterapéutica si hay dolor, lesión o señales de alarma.
Hábitos, adherencia y estilo de vida;Sueño y recuperación insuficientes;Descanso inadecuado que afecta energía, rendimiento y progreso.;general;hábitos;medio;"FIT2_SRC011;FIT2_SRC005";Prevención de recaídas fitness;Plan para mantener avances ante viajes, estrés, lesión leve o falta de tiempo.;bajo;hábitos;Revisión mensual de progreso;Analizar datos, ajustar plan y fijar siguiente bloque.;Mantener dirección.;bajo;mensual;seguimiento;media;Adaptar carga, volumen, frecuencia, rango, descansos y tareas al nivel, historial, molestias, material, preferencias y disponibilidad. No sustituye valoración médica/fisioterapéutica si hay dolor, lesión o señales de alarma.
Hábitos, adherencia y estilo de vida;Seguimiento inconsistente;No registrar entrenamientos, medidas o adherencia, dificultando ajustes.;general;seguimiento;bajo;"FIT2_SRC010;FIT2_SRC004";Objetivos SMART fitness;Convertir metas genéricas en objetivos específicos, medibles y revisables.;bajo;planificación;Objetivo SMART semanal;Definir objetivo concreto con indicador y fecha de revisión.;Clarificar dirección y medir progreso.;bajo;10 min semanal;planificación;media;Adaptar carga, volumen, frecuencia, rango, descansos y tareas al nivel, historial, molestias, material, preferencias y disponibilidad. No sustituye valoración médica/fisioterapéutica si hay dolor, lesión o señales de alarma.
Hábitos, adherencia y estilo de vida;Seguimiento inconsistente;No registrar entrenamientos, medidas o adherencia, dificultando ajustes.;general;seguimiento;bajo;"FIT2_SRC010;FIT2_SRC004";Plan de adherencia mínima;Crear versión mínima viable del entrenamiento para semanas difíciles.;bajo;hábitos;Registro de adherencia;Marcar sesiones, pasos, sueño, proteína/hidratación y barreras.;Detectar obstáculos.;bajo;semanal;hábitos;alta;Adaptar carga, volumen, frecuencia, rango, descansos y tareas al nivel, historial, molestias, material, preferencias y disponibilidad. No sustituye valoración médica/fisioterapéutica si hay dolor, lesión o señales de alarma.
Hábitos, adherencia y estilo de vida;Seguimiento inconsistente;No registrar entrenamientos, medidas o adherencia, dificultando ajustes.;general;seguimiento;bajo;"FIT2_SRC010;FIT2_SRC004";Plan de adherencia mínima;Crear versión mínima viable del entrenamiento para semanas difíciles.;bajo;hábitos;Versión mínima viable;Definir entrenamiento mínimo de 10-15 min para días difíciles.;Evitar abandono.;bajo;cuando proceda;hábitos;alta;Adaptar carga, volumen, frecuencia, rango, descansos y tareas al nivel, historial, molestias, material, preferencias y disponibilidad. No sustituye valoración médica/fisioterapéutica si hay dolor, lesión o señales de alarma.
Hábitos, adherencia y estilo de vida;Seguimiento inconsistente;No registrar entrenamientos, medidas o adherencia, dificultando ajustes.;general;seguimiento;bajo;"FIT2_SRC010;FIT2_SRC004";Diseño de hábitos;Anclar entrenamiento a rutina, entorno, señales y recompensas.;bajo;hábitos;Anclaje de hábito;Vincular entrenamiento a una señal fija del día.;Automatizar constancia.;bajo;diario/semanal;hábitos;media;Adaptar carga, volumen, frecuencia, rango, descansos y tareas al nivel, historial, molestias, material, preferencias y disponibilidad. No sustituye valoración médica/fisioterapéutica si hay dolor, lesión o señales de alarma.
Hábitos, adherencia y estilo de vida;Seguimiento inconsistente;No registrar entrenamientos, medidas o adherencia, dificultando ajustes.;general;seguimiento;bajo;"FIT2_SRC010;FIT2_SRC004";Entrevista motivacional fitness;Explorar razones, barreras, autonomía y compromisos pequeños.;bajo;hábitos;Revisión motivacional;Escribir razones personales, beneficios y coste de no actuar.;Aumentar compromiso autónomo.;bajo;mensual;hábitos;media;Adaptar carga, volumen, frecuencia, rango, descansos y tareas al nivel, historial, molestias, material, preferencias y disponibilidad. No sustituye valoración médica/fisioterapéutica si hay dolor, lesión o señales de alarma.
Hábitos, adherencia y estilo de vida;Seguimiento inconsistente;No registrar entrenamientos, medidas o adherencia, dificultando ajustes.;general;seguimiento;bajo;"FIT2_SRC010;FIT2_SRC004";Entrevista motivacional fitness;Explorar razones, barreras, autonomía y compromisos pequeños.;bajo;hábitos;Control de expectativas;Definir ritmo realista de progreso visual, fuerza o peso.;Reducir frustración.;bajo;mensual;hábitos;media;Adaptar carga, volumen, frecuencia, rango, descansos y tareas al nivel, historial, molestias, material, preferencias y disponibilidad. No sustituye valoración médica/fisioterapéutica si hay dolor, lesión o señales de alarma.
Hábitos, adherencia y estilo de vida;Seguimiento inconsistente;No registrar entrenamientos, medidas o adherencia, dificultando ajustes.;general;seguimiento;bajo;"FIT2_SRC010;FIT2_SRC004";Gestión de barreras;Identificar obstáculos y planificar alternativas concretas.;bajo;hábitos;Plan de barreras;Listar barrera probable y alternativa concreta.;Mejorar continuidad.;bajo;semanal;hábitos;media;Adaptar carga, volumen, frecuencia, rango, descansos y tareas al nivel, historial, molestias, material, preferencias y disponibilidad. No sustituye valoración médica/fisioterapéutica si hay dolor, lesión o señales de alarma.
Hábitos, adherencia y estilo de vida;Seguimiento inconsistente;No registrar entrenamientos, medidas o adherencia, dificultando ajustes.;general;seguimiento;bajo;"FIT2_SRC010;FIT2_SRC004";Sueño y recuperación;Educar sobre descanso, días de recuperación y señales de fatiga.;bajo;recuperación;Registro de sueño y energía;Anotar sueño, energía y rendimiento de entrenamiento.;Ajustar recuperación.;bajo;7-14 días;recuperación;media;Adaptar carga, volumen, frecuencia, rango, descansos y tareas al nivel, historial, molestias, material, preferencias y disponibilidad. No sustituye valoración médica/fisioterapéutica si hay dolor, lesión o señales de alarma.
Hábitos, adherencia y estilo de vida;Seguimiento inconsistente;No registrar entrenamientos, medidas o adherencia, dificultando ajustes.;general;seguimiento;bajo;"FIT2_SRC010;FIT2_SRC004";Sueño y recuperación;Educar sobre descanso, días de recuperación y señales de fatiga.;bajo;recuperación;Día de recuperación activa;Programar paseo, movilidad o descanso en lugar de intensidad.;Mejorar recuperación.;bajo;semanal;recuperación;media;Adaptar carga, volumen, frecuencia, rango, descansos y tareas al nivel, historial, molestias, material, preferencias y disponibilidad. No sustituye valoración médica/fisioterapéutica si hay dolor, lesión o señales de alarma.
Hábitos, adherencia y estilo de vida;Seguimiento inconsistente;No registrar entrenamientos, medidas o adherencia, dificultando ajustes.;general;seguimiento;bajo;"FIT2_SRC010;FIT2_SRC004";Prevención de recaídas fitness;Plan para mantener avances ante viajes, estrés, lesión leve o falta de tiempo.;bajo;hábitos;Plan viaje/vacaciones;Definir rutina mínima, pasos y expectativas realistas fuera de casa.;Prevenir abandono.;bajo;antes del viaje;hábitos;media;Adaptar carga, volumen, frecuencia, rango, descansos y tareas al nivel, historial, molestias, material, preferencias y disponibilidad. No sustituye valoración médica/fisioterapéutica si hay dolor, lesión o señales de alarma.
Hábitos, adherencia y estilo de vida;Seguimiento inconsistente;No registrar entrenamientos, medidas o adherencia, dificultando ajustes.;general;seguimiento;bajo;"FIT2_SRC010;FIT2_SRC004";Prevención de recaídas fitness;Plan para mantener avances ante viajes, estrés, lesión leve o falta de tiempo.;bajo;hábitos;Revisión mensual de progreso;Analizar datos, ajustar plan y fijar siguiente bloque.;Mantener dirección.;bajo;mensual;seguimiento;media;Adaptar carga, volumen, frecuencia, rango, descansos y tareas al nivel, historial, molestias, material, preferencias y disponibilidad. No sustituye valoración médica/fisioterapéutica si hay dolor, lesión o señales de alarma.
Nutrición deportiva básica;Proteína insuficiente para objetivo;Ingesta proteica baja respecto a ganancia o mantenimiento muscular.;general;nutrición básica;bajo;FIT2_SRC005;Proteína objetivo;Asegurar proteína suficiente para mantenimiento/ganancia muscular.;bajo;nutrición básica;Objetivo de proteína;Definir meta de proteína diaria aproximada según profesional.;Apoyar músculo y saciedad.;bajo;diario;nutrición básica;media;Adaptar carga, volumen, frecuencia, rango, descansos y tareas al nivel, historial, molestias, material, preferencias y disponibilidad. No sustituye valoración médica/fisioterapéutica si hay dolor, lesión o señales de alarma.
Nutrición deportiva básica;Proteína insuficiente para objetivo;Ingesta proteica baja respecto a ganancia o mantenimiento muscular.;general;nutrición básica;bajo;FIT2_SRC005;Proteína objetivo;Asegurar proteína suficiente para mantenimiento/ganancia muscular.;bajo;nutrición básica;Plan de cenas/proteína simple;Preparar opciones sencillas de cena alta en proteína si el objetivo lo requiere.;Apoyar recuperación/adherencia.;bajo;semanal;nutrición básica;media;Adaptar carga, volumen, frecuencia, rango, descansos y tareas al nivel, historial, molestias, material, preferencias y disponibilidad. No sustituye valoración médica/fisioterapéutica si hay dolor, lesión o señales de alarma.
Nutrición deportiva básica;Proteína insuficiente para objetivo;Ingesta proteica baja respecto a ganancia o mantenimiento muscular.;general;nutrición básica;bajo;FIT2_SRC005;Hidratación y electrolitos básicos;Promover ingesta de líquidos y atención a calor/sudoración.;bajo;nutrición básica;Plan de hidratación;Definir botella/meta diaria y estrategia en entrenamientos/calor.;Mejorar hidratación.;bajo;diario;nutrición básica;media;Adaptar carga, volumen, frecuencia, rango, descansos y tareas al nivel, historial, molestias, material, preferencias y disponibilidad. No sustituye valoración médica/fisioterapéutica si hay dolor, lesión o señales de alarma.
Nutrición deportiva básica;Proteína insuficiente para objetivo;Ingesta proteica baja respecto a ganancia o mantenimiento muscular.;general;nutrición básica;bajo;FIT2_SRC005;Planificación de comidas alrededor del entrenamiento;Orientación básica de energía, proteína e hidratación según horarios.;bajo;nutrición básica;Comida pre-entreno simple;Planificar opción digestiva y energética antes de entrenar.;Mejorar energía de sesión.;bajo;según sesión;nutrición básica;media;Adaptar carga, volumen, frecuencia, rango, descansos y tareas al nivel, historial, molestias, material, preferencias y disponibilidad. No sustituye valoración médica/fisioterapéutica si hay dolor, lesión o señales de alarma.
Nutrición deportiva básica;Proteína insuficiente para objetivo;Ingesta proteica baja respecto a ganancia o mantenimiento muscular.;general;nutrición básica;bajo;FIT2_SRC005;Planificación de comidas alrededor del entrenamiento;Orientación básica de energía, proteína e hidratación según horarios.;bajo;nutrición básica;Comida post-entreno simple;Planificar proteína y comida normal tras entrenar.;Apoyar recuperación.;bajo;según sesión;nutrición básica;media;Adaptar carga, volumen, frecuencia, rango, descansos y tareas al nivel, historial, molestias, material, preferencias y disponibilidad. No sustituye valoración médica/fisioterapéutica si hay dolor, lesión o señales de alarma.
Nutrición deportiva básica;Proteína insuficiente para objetivo;Ingesta proteica baja respecto a ganancia o mantenimiento muscular.;general;nutrición básica;bajo;FIT2_SRC005;Sueño y recuperación;Educar sobre descanso, días de recuperación y señales de fatiga.;bajo;recuperación;Registro de sueño y energía;Anotar sueño, energía y rendimiento de entrenamiento.;Ajustar recuperación.;bajo;7-14 días;recuperación;media;Adaptar carga, volumen, frecuencia, rango, descansos y tareas al nivel, historial, molestias, material, preferencias y disponibilidad. No sustituye valoración médica/fisioterapéutica si hay dolor, lesión o señales de alarma.
Nutrición deportiva básica;Proteína insuficiente para objetivo;Ingesta proteica baja respecto a ganancia o mantenimiento muscular.;general;nutrición básica;bajo;FIT2_SRC005;Sueño y recuperación;Educar sobre descanso, días de recuperación y señales de fatiga.;bajo;recuperación;Día de recuperación activa;Programar paseo, movilidad o descanso en lugar de intensidad.;Mejorar recuperación.;bajo;semanal;recuperación;media;Adaptar carga, volumen, frecuencia, rango, descansos y tareas al nivel, historial, molestias, material, preferencias y disponibilidad. No sustituye valoración médica/fisioterapéutica si hay dolor, lesión o señales de alarma.
Nutrición deportiva básica;Hidratación insuficiente;Baja ingesta de líquidos alrededor de actividad o día a día.;general;nutrición básica;bajo;"FIT2_SRC008;FIT2_SRC011";Proteína objetivo;Asegurar proteína suficiente para mantenimiento/ganancia muscular.;bajo;nutrición básica;Objetivo de proteína;Definir meta de proteína diaria aproximada según profesional.;Apoyar músculo y saciedad.;bajo;diario;nutrición básica;media;Adaptar carga, volumen, frecuencia, rango, descansos y tareas al nivel, historial, molestias, material, preferencias y disponibilidad. No sustituye valoración médica/fisioterapéutica si hay dolor, lesión o señales de alarma.
Nutrición deportiva básica;Hidratación insuficiente;Baja ingesta de líquidos alrededor de actividad o día a día.;general;nutrición básica;bajo;"FIT2_SRC008;FIT2_SRC011";Proteína objetivo;Asegurar proteína suficiente para mantenimiento/ganancia muscular.;bajo;nutrición básica;Plan de cenas/proteína simple;Preparar opciones sencillas de cena alta en proteína si el objetivo lo requiere.;Apoyar recuperación/adherencia.;bajo;semanal;nutrición básica;media;Adaptar carga, volumen, frecuencia, rango, descansos y tareas al nivel, historial, molestias, material, preferencias y disponibilidad. No sustituye valoración médica/fisioterapéutica si hay dolor, lesión o señales de alarma.
Nutrición deportiva básica;Hidratación insuficiente;Baja ingesta de líquidos alrededor de actividad o día a día.;general;nutrición básica;bajo;"FIT2_SRC008;FIT2_SRC011";Hidratación y electrolitos básicos;Promover ingesta de líquidos y atención a calor/sudoración.;bajo;nutrición básica;Plan de hidratación;Definir botella/meta diaria y estrategia en entrenamientos/calor.;Mejorar hidratación.;bajo;diario;nutrición básica;media;Adaptar carga, volumen, frecuencia, rango, descansos y tareas al nivel, historial, molestias, material, preferencias y disponibilidad. No sustituye valoración médica/fisioterapéutica si hay dolor, lesión o señales de alarma.
Nutrición deportiva básica;Hidratación insuficiente;Baja ingesta de líquidos alrededor de actividad o día a día.;general;nutrición básica;bajo;"FIT2_SRC008;FIT2_SRC011";Planificación de comidas alrededor del entrenamiento;Orientación básica de energía, proteína e hidratación según horarios.;bajo;nutrición básica;Comida pre-entreno simple;Planificar opción digestiva y energética antes de entrenar.;Mejorar energía de sesión.;bajo;según sesión;nutrición básica;media;Adaptar carga, volumen, frecuencia, rango, descansos y tareas al nivel, historial, molestias, material, preferencias y disponibilidad. No sustituye valoración médica/fisioterapéutica si hay dolor, lesión o señales de alarma.
Nutrición deportiva básica;Hidratación insuficiente;Baja ingesta de líquidos alrededor de actividad o día a día.;general;nutrición básica;bajo;"FIT2_SRC008;FIT2_SRC011";Planificación de comidas alrededor del entrenamiento;Orientación básica de energía, proteína e hidratación según horarios.;bajo;nutrición básica;Comida post-entreno simple;Planificar proteína y comida normal tras entrenar.;Apoyar recuperación.;bajo;según sesión;nutrición básica;media;Adaptar carga, volumen, frecuencia, rango, descansos y tareas al nivel, historial, molestias, material, preferencias y disponibilidad. No sustituye valoración médica/fisioterapéutica si hay dolor, lesión o señales de alarma.
Nutrición deportiva básica;Hidratación insuficiente;Baja ingesta de líquidos alrededor de actividad o día a día.;general;nutrición básica;bajo;"FIT2_SRC008;FIT2_SRC011";Sueño y recuperación;Educar sobre descanso, días de recuperación y señales de fatiga.;bajo;recuperación;Registro de sueño y energía;Anotar sueño, energía y rendimiento de entrenamiento.;Ajustar recuperación.;bajo;7-14 días;recuperación;media;Adaptar carga, volumen, frecuencia, rango, descansos y tareas al nivel, historial, molestias, material, preferencias y disponibilidad. No sustituye valoración médica/fisioterapéutica si hay dolor, lesión o señales de alarma.
Nutrición deportiva básica;Hidratación insuficiente;Baja ingesta de líquidos alrededor de actividad o día a día.;general;nutrición básica;bajo;"FIT2_SRC008;FIT2_SRC011";Sueño y recuperación;Educar sobre descanso, días de recuperación y señales de fatiga.;bajo;recuperación;Día de recuperación activa;Programar paseo, movilidad o descanso en lugar de intensidad.;Mejorar recuperación.;bajo;semanal;recuperación;media;Adaptar carga, volumen, frecuencia, rango, descansos y tareas al nivel, historial, molestias, material, preferencias y disponibilidad. No sustituye valoración médica/fisioterapéutica si hay dolor, lesión o señales de alarma.
Nutrición deportiva básica;Energía insuficiente para entrenar;Sensación de falta de energía por horarios, ingesta o recuperación.;general;nutrición básica;medio;"FIT2_SRC005;FIT2_SRC011";Proteína objetivo;Asegurar proteína suficiente para mantenimiento/ganancia muscular.;bajo;nutrición básica;Objetivo de proteína;Definir meta de proteína diaria aproximada según profesional.;Apoyar músculo y saciedad.;bajo;diario;nutrición básica;media;Adaptar carga, volumen, frecuencia, rango, descansos y tareas al nivel, historial, molestias, material, preferencias y disponibilidad. No sustituye valoración médica/fisioterapéutica si hay dolor, lesión o señales de alarma.
Nutrición deportiva básica;Energía insuficiente para entrenar;Sensación de falta de energía por horarios, ingesta o recuperación.;general;nutrición básica;medio;"FIT2_SRC005;FIT2_SRC011";Proteína objetivo;Asegurar proteína suficiente para mantenimiento/ganancia muscular.;bajo;nutrición básica;Plan de cenas/proteína simple;Preparar opciones sencillas de cena alta en proteína si el objetivo lo requiere.;Apoyar recuperación/adherencia.;bajo;semanal;nutrición básica;media;Adaptar carga, volumen, frecuencia, rango, descansos y tareas al nivel, historial, molestias, material, preferencias y disponibilidad. No sustituye valoración médica/fisioterapéutica si hay dolor, lesión o señales de alarma.
Nutrición deportiva básica;Energía insuficiente para entrenar;Sensación de falta de energía por horarios, ingesta o recuperación.;general;nutrición básica;medio;"FIT2_SRC005;FIT2_SRC011";Hidratación y electrolitos básicos;Promover ingesta de líquidos y atención a calor/sudoración.;bajo;nutrición básica;Plan de hidratación;Definir botella/meta diaria y estrategia en entrenamientos/calor.;Mejorar hidratación.;bajo;diario;nutrición básica;media;Adaptar carga, volumen, frecuencia, rango, descansos y tareas al nivel, historial, molestias, material, preferencias y disponibilidad. No sustituye valoración médica/fisioterapéutica si hay dolor, lesión o señales de alarma.
Nutrición deportiva básica;Energía insuficiente para entrenar;Sensación de falta de energía por horarios, ingesta o recuperación.;general;nutrición básica;medio;"FIT2_SRC005;FIT2_SRC011";Planificación de comidas alrededor del entrenamiento;Orientación básica de energía, proteína e hidratación según horarios.;bajo;nutrición básica;Comida pre-entreno simple;Planificar opción digestiva y energética antes de entrenar.;Mejorar energía de sesión.;bajo;según sesión;nutrición básica;media;Adaptar carga, volumen, frecuencia, rango, descansos y tareas al nivel, historial, molestias, material, preferencias y disponibilidad. No sustituye valoración médica/fisioterapéutica si hay dolor, lesión o señales de alarma.
Nutrición deportiva básica;Energía insuficiente para entrenar;Sensación de falta de energía por horarios, ingesta o recuperación.;general;nutrición básica;medio;"FIT2_SRC005;FIT2_SRC011";Planificación de comidas alrededor del entrenamiento;Orientación básica de energía, proteína e hidratación según horarios.;bajo;nutrición básica;Comida post-entreno simple;Planificar proteína y comida normal tras entrenar.;Apoyar recuperación.;bajo;según sesión;nutrición básica;media;Adaptar carga, volumen, frecuencia, rango, descansos y tareas al nivel, historial, molestias, material, preferencias y disponibilidad. No sustituye valoración médica/fisioterapéutica si hay dolor, lesión o señales de alarma.
Nutrición deportiva básica;Energía insuficiente para entrenar;Sensación de falta de energía por horarios, ingesta o recuperación.;general;nutrición básica;medio;"FIT2_SRC005;FIT2_SRC011";Sueño y recuperación;Educar sobre descanso, días de recuperación y señales de fatiga.;bajo;recuperación;Registro de sueño y energía;Anotar sueño, energía y rendimiento de entrenamiento.;Ajustar recuperación.;bajo;7-14 días;recuperación;media;Adaptar carga, volumen, frecuencia, rango, descansos y tareas al nivel, historial, molestias, material, preferencias y disponibilidad. No sustituye valoración médica/fisioterapéutica si hay dolor, lesión o señales de alarma.
Nutrición deportiva básica;Energía insuficiente para entrenar;Sensación de falta de energía por horarios, ingesta o recuperación.;general;nutrición básica;medio;"FIT2_SRC005;FIT2_SRC011";Sueño y recuperación;Educar sobre descanso, días de recuperación y señales de fatiga.;bajo;recuperación;Día de recuperación activa;Programar paseo, movilidad o descanso en lugar de intensidad.;Mejorar recuperación.;bajo;semanal;recuperación;media;Adaptar carga, volumen, frecuencia, rango, descansos y tareas al nivel, historial, molestias, material, preferencias y disponibilidad. No sustituye valoración médica/fisioterapéutica si hay dolor, lesión o señales de alarma.
Nutrición deportiva básica;Organización de comidas alrededor del entrenamiento;Dudas sobre cuándo comer, proteína, hidratos o recuperación.;general;nutrición básica;bajo;FIT2_SRC005;Proteína objetivo;Asegurar proteína suficiente para mantenimiento/ganancia muscular.;bajo;nutrición básica;Objetivo de proteína;Definir meta de proteína diaria aproximada según profesional.;Apoyar músculo y saciedad.;bajo;diario;nutrición básica;media;Adaptar carga, volumen, frecuencia, rango, descansos y tareas al nivel, historial, molestias, material, preferencias y disponibilidad. No sustituye valoración médica/fisioterapéutica si hay dolor, lesión o señales de alarma.
Nutrición deportiva básica;Organización de comidas alrededor del entrenamiento;Dudas sobre cuándo comer, proteína, hidratos o recuperación.;general;nutrición básica;bajo;FIT2_SRC005;Proteína objetivo;Asegurar proteína suficiente para mantenimiento/ganancia muscular.;bajo;nutrición básica;Plan de cenas/proteína simple;Preparar opciones sencillas de cena alta en proteína si el objetivo lo requiere.;Apoyar recuperación/adherencia.;bajo;semanal;nutrición básica;media;Adaptar carga, volumen, frecuencia, rango, descansos y tareas al nivel, historial, molestias, material, preferencias y disponibilidad. No sustituye valoración médica/fisioterapéutica si hay dolor, lesión o señales de alarma.
Nutrición deportiva básica;Organización de comidas alrededor del entrenamiento;Dudas sobre cuándo comer, proteína, hidratos o recuperación.;general;nutrición básica;bajo;FIT2_SRC005;Hidratación y electrolitos básicos;Promover ingesta de líquidos y atención a calor/sudoración.;bajo;nutrición básica;Plan de hidratación;Definir botella/meta diaria y estrategia en entrenamientos/calor.;Mejorar hidratación.;bajo;diario;nutrición básica;media;Adaptar carga, volumen, frecuencia, rango, descansos y tareas al nivel, historial, molestias, material, preferencias y disponibilidad. No sustituye valoración médica/fisioterapéutica si hay dolor, lesión o señales de alarma.
Nutrición deportiva básica;Organización de comidas alrededor del entrenamiento;Dudas sobre cuándo comer, proteína, hidratos o recuperación.;general;nutrición básica;bajo;FIT2_SRC005;Planificación de comidas alrededor del entrenamiento;Orientación básica de energía, proteína e hidratación según horarios.;bajo;nutrición básica;Comida pre-entreno simple;Planificar opción digestiva y energética antes de entrenar.;Mejorar energía de sesión.;bajo;según sesión;nutrición básica;media;Adaptar carga, volumen, frecuencia, rango, descansos y tareas al nivel, historial, molestias, material, preferencias y disponibilidad. No sustituye valoración médica/fisioterapéutica si hay dolor, lesión o señales de alarma.
Nutrición deportiva básica;Organización de comidas alrededor del entrenamiento;Dudas sobre cuándo comer, proteína, hidratos o recuperación.;general;nutrición básica;bajo;FIT2_SRC005;Planificación de comidas alrededor del entrenamiento;Orientación básica de energía, proteína e hidratación según horarios.;bajo;nutrición básica;Comida post-entreno simple;Planificar proteína y comida normal tras entrenar.;Apoyar recuperación.;bajo;según sesión;nutrición básica;media;Adaptar carga, volumen, frecuencia, rango, descansos y tareas al nivel, historial, molestias, material, preferencias y disponibilidad. No sustituye valoración médica/fisioterapéutica si hay dolor, lesión o señales de alarma.
Nutrición deportiva básica;Organización de comidas alrededor del entrenamiento;Dudas sobre cuándo comer, proteína, hidratos o recuperación.;general;nutrición básica;bajo;FIT2_SRC005;Sueño y recuperación;Educar sobre descanso, días de recuperación y señales de fatiga.;bajo;recuperación;Registro de sueño y energía;Anotar sueño, energía y rendimiento de entrenamiento.;Ajustar recuperación.;bajo;7-14 días;recuperación;media;Adaptar carga, volumen, frecuencia, rango, descansos y tareas al nivel, historial, molestias, material, preferencias y disponibilidad. No sustituye valoración médica/fisioterapéutica si hay dolor, lesión o señales de alarma.
Nutrición deportiva básica;Organización de comidas alrededor del entrenamiento;Dudas sobre cuándo comer, proteína, hidratos o recuperación.;general;nutrición básica;bajo;FIT2_SRC005;Sueño y recuperación;Educar sobre descanso, días de recuperación y señales de fatiga.;bajo;recuperación;Día de recuperación activa;Programar paseo, movilidad o descanso en lugar de intensidad.;Mejorar recuperación.;bajo;semanal;recuperación;media;Adaptar carga, volumen, frecuencia, rango, descansos y tareas al nivel, historial, molestias, material, preferencias y disponibilidad. No sustituye valoración médica/fisioterapéutica si hay dolor, lesión o señales de alarma.
