recomendacion_id;problema_id;tecnica_id;tarea_id;prioridad;nota_profesional
FIT2_R0001;FIT2_P001;FIT2_T001;FIT2_TA001;media;Adaptar carga, volumen, frecuencia, rango, descansos y tareas al nivel, historial, molestias, material, preferencias y disponibilidad. No sustituye valoración médica/fisioterapéutica si hay dolor, lesión o señales de alarma.
FIT2_R0002;FIT2_P001;FIT2_T002;FIT2_TA002;media;Adaptar carga, volumen, frecuencia, rango, descansos y tareas al nivel, historial, molestias, material, preferencias y disponibilidad. No sustituye valoración médica/fisioterapéutica si hay dolor, lesión o señales de alarma.
FIT2_R0003;FIT2_P001;FIT2_T003;FIT2_TA003;media;Adaptar carga, volumen, frecuencia, rango, descansos y tareas al nivel, historial, molestias, material, preferencias y disponibilidad. No sustituye valoración médica/fisioterapéutica si hay dolor, lesión o señales de alarma.
FIT2_R0004;FIT2_P001;FIT2_T015;FIT2_TA013;media;Adaptar carga, volumen, frecuencia, rango, descansos y tareas al nivel, historial, molestias, material, preferencias y disponibilidad. No sustituye valoración médica/fisioterapéutica si hay dolor, lesión o señales de alarma.
FIT2_R0005;FIT2_P001;FIT2_T015;FIT2_TA074;media;Adaptar carga, volumen, frecuencia, rango, descansos y tareas al nivel, historial, molestias, material, preferencias y disponibilidad. No sustituye valoración médica/fisioterapéutica si hay dolor, lesión o señales de alarma.
FIT2_R0006;FIT2_P001;FIT2_T023;FIT2_TA025;alta;Adaptar carga, volumen, frecuencia, rango, descansos y tareas al nivel, historial, molestias, material, preferencias y disponibilidad. No sustituye valoración médica/fisioterapéutica si hay dolor, lesión o señales de alarma.
FIT2_R0007;FIT2_P001;FIT2_T023;FIT2_TA026;alta;Adaptar carga, volumen, frecuencia, rango, descansos y tareas al nivel, historial, molestias, material, preferencias y disponibilidad. No sustituye valoración médica/fisioterapéutica si hay dolor, lesión o señales de alarma.
FIT2_R0008;FIT2_P001;FIT2_T023;FIT2_TA076;alta;Adaptar carga, volumen, frecuencia, rango, descansos y tareas al nivel, historial, molestias, material, preferencias y disponibilidad. No sustituye valoración médica/fisioterapéutica si hay dolor, lesión o señales de alarma.
FIT2_R0009;FIT2_P001;FIT2_T023;FIT2_TA080;alta;Adaptar carga, volumen, frecuencia, rango, descansos y tareas al nivel, historial, molestias, material, preferencias y disponibilidad. No sustituye valoración médica/fisioterapéutica si hay dolor, lesión o señales de alarma.
FIT2_R0010;FIT2_P001;FIT2_T024;FIT2_TA027;media;Adaptar carga, volumen, frecuencia, rango, descansos y tareas al nivel, historial, molestias, material, preferencias y disponibilidad. No sustituye valoración médica/fisioterapéutica si hay dolor, lesión o señales de alarma.
FIT2_R0011;FIT2_P001;FIT2_T035;FIT2_TA004;alta;Adaptar carga, volumen, frecuencia, rango, descansos y tareas al nivel, historial, molestias, material, preferencias y disponibilidad. No sustituye valoración médica/fisioterapéutica si hay dolor, lesión o señales de alarma.
FIT2_R0012;FIT2_P001;FIT2_T037;FIT2_TA041;alta;Adaptar carga, volumen, frecuencia, rango, descansos y tareas al nivel, historial, molestias, material, preferencias y disponibilidad. No sustituye valoración médica/fisioterapéutica si hay dolor, lesión o señales de alarma.
FIT2_R0013;FIT2_P001;FIT2_T037;FIT2_TA042;alta;Adaptar carga, volumen, frecuencia, rango, descansos y tareas al nivel, historial, molestias, material, preferencias y disponibilidad. No sustituye valoración médica/fisioterapéutica si hay dolor, lesión o señales de alarma.
FIT2_R0014;FIT2_P001;FIT2_T040;FIT2_TA044;media;Adaptar carga, volumen, frecuencia, rango, descansos y tareas al nivel, historial, molestias, material, preferencias y disponibilidad. No sustituye valoración médica/fisioterapéutica si hay dolor, lesión o señales de alarma.
FIT2_R0015;FIT2_P001;FIT2_T053;FIT2_TA059;media;Adaptar carga, volumen, frecuencia, rango, descansos y tareas al nivel, historial, molestias, material, preferencias y disponibilidad. No sustituye valoración médica/fisioterapéutica si hay dolor, lesión o señales de alarma.
FIT2_R0016;FIT2_P001;FIT2_T053;FIT2_TA079;media;Adaptar carga, volumen, frecuencia, rango, descansos y tareas al nivel, historial, molestias, material, preferencias y disponibilidad. No sustituye valoración médica/fisioterapéutica si hay dolor, lesión o señales de alarma.
FIT2_R0017;FIT2_P002;FIT2_T001;FIT2_TA001;media;Adaptar carga, volumen, frecuencia, rango, descansos y tareas al nivel, historial, molestias, material, preferencias y disponibilidad. No sustituye valoración médica/fisioterapéutica si hay dolor, lesión o señales de alarma.
FIT2_R0018;FIT2_P002;FIT2_T002;FIT2_TA002;media;Adaptar carga, volumen, frecuencia, rango, descansos y tareas al nivel, historial, molestias, material, preferencias y disponibilidad. No sustituye valoración médica/fisioterapéutica si hay dolor, lesión o señales de alarma.
FIT2_R0019;FIT2_P002;FIT2_T003;FIT2_TA003;media;Adaptar carga, volumen, frecuencia, rango, descansos y tareas al nivel, historial, molestias, material, preferencias y disponibilidad. No sustituye valoración médica/fisioterapéutica si hay dolor, lesión o señales de alarma.
FIT2_R0020;FIT2_P002;FIT2_T015;FIT2_TA013;media;Adaptar carga, volumen, frecuencia, rango, descansos y tareas al nivel, historial, molestias, material, preferencias y disponibilidad. No sustituye valoración médica/fisioterapéutica si hay dolor, lesión o señales de alarma.
FIT2_R0021;FIT2_P002;FIT2_T015;FIT2_TA074;media;Adaptar carga, volumen, frecuencia, rango, descansos y tareas al nivel, historial, molestias, material, preferencias y disponibilidad. No sustituye valoración médica/fisioterapéutica si hay dolor, lesión o señales de alarma.
FIT2_R0022;FIT2_P002;FIT2_T023;FIT2_TA025;alta;Adaptar carga, volumen, frecuencia, rango, descansos y tareas al nivel, historial, molestias, material, preferencias y disponibilidad. No sustituye valoración médica/fisioterapéutica si hay dolor, lesión o señales de alarma.
FIT2_R0023;FIT2_P002;FIT2_T023;FIT2_TA026;alta;Adaptar carga, volumen, frecuencia, rango, descansos y tareas al nivel, historial, molestias, material, preferencias y disponibilidad. No sustituye valoración médica/fisioterapéutica si hay dolor, lesión o señales de alarma.
FIT2_R0024;FIT2_P002;FIT2_T023;FIT2_TA076;alta;Adaptar carga, volumen, frecuencia, rango, descansos y tareas al nivel, historial, molestias, material, preferencias y disponibilidad. No sustituye valoración médica/fisioterapéutica si hay dolor, lesión o señales de alarma.
FIT2_R0025;FIT2_P002;FIT2_T023;FIT2_TA080;alta;Adaptar carga, volumen, frecuencia, rango, descansos y tareas al nivel, historial, molestias, material, preferencias y disponibilidad. No sustituye valoración médica/fisioterapéutica si hay dolor, lesión o señales de alarma.
FIT2_R0026;FIT2_P002;FIT2_T024;FIT2_TA027;media;Adaptar carga, volumen, frecuencia, rango, descansos y tareas al nivel, historial, molestias, material, preferencias y disponibilidad. No sustituye valoración médica/fisioterapéutica si hay dolor, lesión o señales de alarma.
FIT2_R0027;FIT2_P002;FIT2_T035;FIT2_TA004;alta;Adaptar carga, volumen, frecuencia, rango, descansos y tareas al nivel, historial, molestias, material, preferencias y disponibilidad. No sustituye valoración médica/fisioterapéutica si hay dolor, lesión o señales de alarma.
FIT2_R0028;FIT2_P002;FIT2_T037;FIT2_TA041;alta;Adaptar carga, volumen, frecuencia, rango, descansos y tareas al nivel, historial, molestias, material, preferencias y disponibilidad. No sustituye valoración médica/fisioterapéutica si hay dolor, lesión o señales de alarma.
FIT2_R0029;FIT2_P002;FIT2_T037;FIT2_TA042;alta;Adaptar carga, volumen, frecuencia, rango, descansos y tareas al nivel, historial, molestias, material, preferencias y disponibilidad. No sustituye valoración médica/fisioterapéutica si hay dolor, lesión o señales de alarma.
FIT2_R0030;FIT2_P002;FIT2_T040;FIT2_TA044;media;Adaptar carga, volumen, frecuencia, rango, descansos y tareas al nivel, historial, molestias, material, preferencias y disponibilidad. No sustituye valoración médica/fisioterapéutica si hay dolor, lesión o señales de alarma.
FIT2_R0031;FIT2_P002;FIT2_T053;FIT2_TA059;media;Adaptar carga, volumen, frecuencia, rango, descansos y tareas al nivel, historial, molestias, material, preferencias y disponibilidad. No sustituye valoración médica/fisioterapéutica si hay dolor, lesión o señales de alarma.
FIT2_R0032;FIT2_P002;FIT2_T053;FIT2_TA079;media;Adaptar carga, volumen, frecuencia, rango, descansos y tareas al nivel, historial, molestias, material, preferencias y disponibilidad. No sustituye valoración médica/fisioterapéutica si hay dolor, lesión o señales de alarma.
FIT2_R0033;FIT2_P003;FIT2_T001;FIT2_TA001;media;Adaptar carga, volumen, frecuencia, rango, descansos y tareas al nivel, historial, molestias, material, preferencias y disponibilidad. No sustituye valoración médica/fisioterapéutica si hay dolor, lesión o señales de alarma.
FIT2_R0034;FIT2_P003;FIT2_T002;FIT2_TA002;media;Adaptar carga, volumen, frecuencia, rango, descansos y tareas al nivel, historial, molestias, material, preferencias y disponibilidad. No sustituye valoración médica/fisioterapéutica si hay dolor, lesión o señales de alarma.
FIT2_R0035;FIT2_P003;FIT2_T003;FIT2_TA003;media;Adaptar carga, volumen, frecuencia, rango, descansos y tareas al nivel, historial, molestias, material, preferencias y disponibilidad. No sustituye valoración médica/fisioterapéutica si hay dolor, lesión o señales de alarma.
FIT2_R0036;FIT2_P003;FIT2_T015;FIT2_TA013;media;Adaptar carga, volumen, frecuencia, rango, descansos y tareas al nivel, historial, molestias, material, preferencias y disponibilidad. No sustituye valoración médica/fisioterapéutica si hay dolor, lesión o señales de alarma.
FIT2_R0037;FIT2_P003;FIT2_T015;FIT2_TA074;media;Adaptar carga, volumen, frecuencia, rango, descansos y tareas al nivel, historial, molestias, material, preferencias y disponibilidad. No sustituye valoración médica/fisioterapéutica si hay dolor, lesión o señales de alarma.
FIT2_R0038;FIT2_P003;FIT2_T023;FIT2_TA025;alta;Adaptar carga, volumen, frecuencia, rango, descansos y tareas al nivel, historial, molestias, material, preferencias y disponibilidad. No sustituye valoración médica/fisioterapéutica si hay dolor, lesión o señales de alarma.
FIT2_R0039;FIT2_P003;FIT2_T023;FIT2_TA026;alta;Adaptar carga, volumen, frecuencia, rango, descansos y tareas al nivel, historial, molestias, material, preferencias y disponibilidad. No sustituye valoración médica/fisioterapéutica si hay dolor, lesión o señales de alarma.
FIT2_R0040;FIT2_P003;FIT2_T023;FIT2_TA076;alta;Adaptar carga, volumen, frecuencia, rango, descansos y tareas al nivel, historial, molestias, material, preferencias y disponibilidad. No sustituye valoración médica/fisioterapéutica si hay dolor, lesión o señales de alarma.
FIT2_R0041;FIT2_P003;FIT2_T023;FIT2_TA080;alta;Adaptar carga, volumen, frecuencia, rango, descansos y tareas al nivel, historial, molestias, material, preferencias y disponibilidad. No sustituye valoración médica/fisioterapéutica si hay dolor, lesión o señales de alarma.
FIT2_R0042;FIT2_P003;FIT2_T024;FIT2_TA027;media;Adaptar carga, volumen, frecuencia, rango, descansos y tareas al nivel, historial, molestias, material, preferencias y disponibilidad. No sustituye valoración médica/fisioterapéutica si hay dolor, lesión o señales de alarma.
FIT2_R0043;FIT2_P003;FIT2_T035;FIT2_TA004;alta;Adaptar carga, volumen, frecuencia, rango, descansos y tareas al nivel, historial, molestias, material, preferencias y disponibilidad. No sustituye valoración médica/fisioterapéutica si hay dolor, lesión o señales de alarma.
FIT2_R0044;FIT2_P003;FIT2_T037;FIT2_TA041;alta;Adaptar carga, volumen, frecuencia, rango, descansos y tareas al nivel, historial, molestias, material, preferencias y disponibilidad. No sustituye valoración médica/fisioterapéutica si hay dolor, lesión o señales de alarma.
FIT2_R0045;FIT2_P003;FIT2_T037;FIT2_TA042;alta;Adaptar carga, volumen, frecuencia, rango, descansos y tareas al nivel, historial, molestias, material, preferencias y disponibilidad. No sustituye valoración médica/fisioterapéutica si hay dolor, lesión o señales de alarma.
FIT2_R0046;FIT2_P003;FIT2_T040;FIT2_TA044;media;Adaptar carga, volumen, frecuencia, rango, descansos y tareas al nivel, historial, molestias, material, preferencias y disponibilidad. No sustituye valoración médica/fisioterapéutica si hay dolor, lesión o señales de alarma.
FIT2_R0047;FIT2_P003;FIT2_T053;FIT2_TA059;media;Adaptar carga, volumen, frecuencia, rango, descansos y tareas al nivel, historial, molestias, material, preferencias y disponibilidad. No sustituye valoración médica/fisioterapéutica si hay dolor, lesión o señales de alarma.
FIT2_R0048;FIT2_P003;FIT2_T053;FIT2_TA079;media;Adaptar carga, volumen, frecuencia, rango, descansos y tareas al nivel, historial, molestias, material, preferencias y disponibilidad. No sustituye valoración médica/fisioterapéutica si hay dolor, lesión o señales de alarma.
FIT2_R0049;FIT2_P004;FIT2_T001;FIT2_TA001;media;Adaptar carga, volumen, frecuencia, rango, descansos y tareas al nivel, historial, molestias, material, preferencias y disponibilidad. No sustituye valoración médica/fisioterapéutica si hay dolor, lesión o señales de alarma.
FIT2_R0050;FIT2_P004;FIT2_T002;FIT2_TA002;media;Adaptar carga, volumen, frecuencia, rango, descansos y tareas al nivel, historial, molestias, material, preferencias y disponibilidad. No sustituye valoración médica/fisioterapéutica si hay dolor, lesión o señales de alarma.
FIT2_R0051;FIT2_P004;FIT2_T003;FIT2_TA003;media;Adaptar carga, volumen, frecuencia, rango, descansos y tareas al nivel, historial, molestias, material, preferencias y disponibilidad. No sustituye valoración médica/fisioterapéutica si hay dolor, lesión o señales de alarma.
FIT2_R0052;FIT2_P004;FIT2_T015;FIT2_TA013;media;Adaptar carga, volumen, frecuencia, rango, descansos y tareas al nivel, historial, molestias, material, preferencias y disponibilidad. No sustituye valoración médica/fisioterapéutica si hay dolor, lesión o señales de alarma.
FIT2_R0053;FIT2_P004;FIT2_T015;FIT2_TA074;media;Adaptar carga, volumen, frecuencia, rango, descansos y tareas al nivel, historial, molestias, material, preferencias y disponibilidad. No sustituye valoración médica/fisioterapéutica si hay dolor, lesión o señales de alarma.
FIT2_R0054;FIT2_P004;FIT2_T023;FIT2_TA025;alta;Adaptar carga, volumen, frecuencia, rango, descansos y tareas al nivel, historial, molestias, material, preferencias y disponibilidad. No sustituye valoración médica/fisioterapéutica si hay dolor, lesión o señales de alarma.
FIT2_R0055;FIT2_P004;FIT2_T023;FIT2_TA026;alta;Adaptar carga, volumen, frecuencia, rango, descansos y tareas al nivel, historial, molestias, material, preferencias y disponibilidad. No sustituye valoración médica/fisioterapéutica si hay dolor, lesión o señales de alarma.
FIT2_R0056;FIT2_P004;FIT2_T023;FIT2_TA076;alta;Adaptar carga, volumen, frecuencia, rango, descansos y tareas al nivel, historial, molestias, material, preferencias y disponibilidad. No sustituye valoración médica/fisioterapéutica si hay dolor, lesión o señales de alarma.
FIT2_R0057;FIT2_P004;FIT2_T023;FIT2_TA080;alta;Adaptar carga, volumen, frecuencia, rango, descansos y tareas al nivel, historial, molestias, material, preferencias y disponibilidad. No sustituye valoración médica/fisioterapéutica si hay dolor, lesión o señales de alarma.
FIT2_R0058;FIT2_P004;FIT2_T024;FIT2_TA027;media;Adaptar carga, volumen, frecuencia, rango, descansos y tareas al nivel, historial, molestias, material, preferencias y disponibilidad. No sustituye valoración médica/fisioterapéutica si hay dolor, lesión o señales de alarma.
FIT2_R0059;FIT2_P004;FIT2_T035;FIT2_TA004;alta;Adaptar carga, volumen, frecuencia, rango, descansos y tareas al nivel, historial, molestias, material, preferencias y disponibilidad. No sustituye valoración médica/fisioterapéutica si hay dolor, lesión o señales de alarma.
FIT2_R0060;FIT2_P004;FIT2_T037;FIT2_TA041;alta;Adaptar carga, volumen, frecuencia, rango, descansos y tareas al nivel, historial, molestias, material, preferencias y disponibilidad. No sustituye valoración médica/fisioterapéutica si hay dolor, lesión o señales de alarma.
FIT2_R0061;FIT2_P004;FIT2_T037;FIT2_TA042;alta;Adaptar carga, volumen, frecuencia, rango, descansos y tareas al nivel, historial, molestias, material, preferencias y disponibilidad. No sustituye valoración médica/fisioterapéutica si hay dolor, lesión o señales de alarma.
FIT2_R0062;FIT2_P004;FIT2_T040;FIT2_TA044;media;Adaptar carga, volumen, frecuencia, rango, descansos y tareas al nivel, historial, molestias, material, preferencias y disponibilidad. No sustituye valoración médica/fisioterapéutica si hay dolor, lesión o señales de alarma.
FIT2_R0063;FIT2_P004;FIT2_T053;FIT2_TA059;media;Adaptar carga, volumen, frecuencia, rango, descansos y tareas al nivel, historial, molestias, material, preferencias y disponibilidad. No sustituye valoración médica/fisioterapéutica si hay dolor, lesión o señales de alarma.
FIT2_R0064;FIT2_P004;FIT2_T053;FIT2_TA079;media;Adaptar carga, volumen, frecuencia, rango, descansos y tareas al nivel, historial, molestias, material, preferencias y disponibilidad. No sustituye valoración médica/fisioterapéutica si hay dolor, lesión o señales de alarma.
FIT2_R0065;FIT2_P005;FIT2_T001;FIT2_TA001;media;Adaptar carga, volumen, frecuencia, rango, descansos y tareas al nivel, historial, molestias, material, preferencias y disponibilidad. No sustituye valoración médica/fisioterapéutica si hay dolor, lesión o señales de alarma.
FIT2_R0066;FIT2_P005;FIT2_T002;FIT2_TA002;media;Adaptar carga, volumen, frecuencia, rango, descansos y tareas al nivel, historial, molestias, material, preferencias y disponibilidad. No sustituye valoración médica/fisioterapéutica si hay dolor, lesión o señales de alarma.
FIT2_R0067;FIT2_P005;FIT2_T003;FIT2_TA003;media;Adaptar carga, volumen, frecuencia, rango, descansos y tareas al nivel, historial, molestias, material, preferencias y disponibilidad. No sustituye valoración médica/fisioterapéutica si hay dolor, lesión o señales de alarma.
FIT2_R0068;FIT2_P005;FIT2_T015;FIT2_TA013;media;Adaptar carga, volumen, frecuencia, rango, descansos y tareas al nivel, historial, molestias, material, preferencias y disponibilidad. No sustituye valoración médica/fisioterapéutica si hay dolor, lesión o señales de alarma.
FIT2_R0069;FIT2_P005;FIT2_T015;FIT2_TA074;media;Adaptar carga, volumen, frecuencia, rango, descansos y tareas al nivel, historial, molestias, material, preferencias y disponibilidad. No sustituye valoración médica/fisioterapéutica si hay dolor, lesión o señales de alarma.
FIT2_R0070;FIT2_P005;FIT2_T023;FIT2_TA025;alta;Adaptar carga, volumen, frecuencia, rango, descansos y tareas al nivel, historial, molestias, material, preferencias y disponibilidad. No sustituye valoración médica/fisioterapéutica si hay dolor, lesión o señales de alarma.
FIT2_R0071;FIT2_P005;FIT2_T023;FIT2_TA026;alta;Adaptar carga, volumen, frecuencia, rango, descansos y tareas al nivel, historial, molestias, material, preferencias y disponibilidad. No sustituye valoración médica/fisioterapéutica si hay dolor, lesión o señales de alarma.
FIT2_R0072;FIT2_P005;FIT2_T023;FIT2_TA076;alta;Adaptar carga, volumen, frecuencia, rango, descansos y tareas al nivel, historial, molestias, material, preferencias y disponibilidad. No sustituye valoración médica/fisioterapéutica si hay dolor, lesión o señales de alarma.
FIT2_R0073;FIT2_P005;FIT2_T023;FIT2_TA080;alta;Adaptar carga, volumen, frecuencia, rango, descansos y tareas al nivel, historial, molestias, material, preferencias y disponibilidad. No sustituye valoración médica/fisioterapéutica si hay dolor, lesión o señales de alarma.
FIT2_R0074;FIT2_P005;FIT2_T024;FIT2_TA027;media;Adaptar carga, volumen, frecuencia, rango, descansos y tareas al nivel, historial, molestias, material, preferencias y disponibilidad. No sustituye valoración médica/fisioterapéutica si hay dolor, lesión o señales de alarma.
FIT2_R0075;FIT2_P005;FIT2_T035;FIT2_TA004;alta;Adaptar carga, volumen, frecuencia, rango, descansos y tareas al nivel, historial, molestias, material, preferencias y disponibilidad. No sustituye valoración médica/fisioterapéutica si hay dolor, lesión o señales de alarma.
FIT2_R0076;FIT2_P005;FIT2_T037;FIT2_TA041;alta;Adaptar carga, volumen, frecuencia, rango, descansos y tareas al nivel, historial, molestias, material, preferencias y disponibilidad. No sustituye valoración médica/fisioterapéutica si hay dolor, lesión o señales de alarma.
FIT2_R0077;FIT2_P005;FIT2_T037;FIT2_TA042;alta;Adaptar carga, volumen, frecuencia, rango, descansos y tareas al nivel, historial, molestias, material, preferencias y disponibilidad. No sustituye valoración médica/fisioterapéutica si hay dolor, lesión o señales de alarma.
FIT2_R0078;FIT2_P005;FIT2_T040;FIT2_TA044;media;Adaptar carga, volumen, frecuencia, rango, descansos y tareas al nivel, historial, molestias, material, preferencias y disponibilidad. No sustituye valoración médica/fisioterapéutica si hay dolor, lesión o señales de alarma.
FIT2_R0079;FIT2_P005;FIT2_T053;FIT2_TA059;media;Adaptar carga, volumen, frecuencia, rango, descansos y tareas al nivel, historial, molestias, material, preferencias y disponibilidad. No sustituye valoración médica/fisioterapéutica si hay dolor, lesión o señales de alarma.
FIT2_R0080;FIT2_P005;FIT2_T053;FIT2_TA079;media;Adaptar carga, volumen, frecuencia, rango, descansos y tareas al nivel, historial, molestias, material, preferencias y disponibilidad. No sustituye valoración médica/fisioterapéutica si hay dolor, lesión o señales de alarma.
FIT2_R0081;FIT2_P006;FIT2_T001;FIT2_TA001;media;Adaptar carga, volumen, frecuencia, rango, descansos y tareas al nivel, historial, molestias, material, preferencias y disponibilidad. No sustituye valoración médica/fisioterapéutica si hay dolor, lesión o señales de alarma.
FIT2_R0082;FIT2_P006;FIT2_T002;FIT2_TA002;media;Adaptar carga, volumen, frecuencia, rango, descansos y tareas al nivel, historial, molestias, material, preferencias y disponibilidad. No sustituye valoración médica/fisioterapéutica si hay dolor, lesión o señales de alarma.
FIT2_R0083;FIT2_P006;FIT2_T003;FIT2_TA003;media;Adaptar carga, volumen, frecuencia, rango, descansos y tareas al nivel, historial, molestias, material, preferencias y disponibilidad. No sustituye valoración médica/fisioterapéutica si hay dolor, lesión o señales de alarma.
FIT2_R0084;FIT2_P006;FIT2_T015;FIT2_TA013;media;Adaptar carga, volumen, frecuencia, rango, descansos y tareas al nivel, historial, molestias, material, preferencias y disponibilidad. No sustituye valoración médica/fisioterapéutica si hay dolor, lesión o señales de alarma.
FIT2_R0085;FIT2_P006;FIT2_T015;FIT2_TA074;media;Adaptar carga, volumen, frecuencia, rango, descansos y tareas al nivel, historial, molestias, material, preferencias y disponibilidad. No sustituye valoración médica/fisioterapéutica si hay dolor, lesión o señales de alarma.
FIT2_R0086;FIT2_P006;FIT2_T023;FIT2_TA025;alta;Adaptar carga, volumen, frecuencia, rango, descansos y tareas al nivel, historial, molestias, material, preferencias y disponibilidad. No sustituye valoración médica/fisioterapéutica si hay dolor, lesión o señales de alarma.
FIT2_R0087;FIT2_P006;FIT2_T023;FIT2_TA026;alta;Adaptar carga, volumen, frecuencia, rango, descansos y tareas al nivel, historial, molestias, material, preferencias y disponibilidad. No sustituye valoración médica/fisioterapéutica si hay dolor, lesión o señales de alarma.
FIT2_R0088;FIT2_P006;FIT2_T023;FIT2_TA076;alta;Adaptar carga, volumen, frecuencia, rango, descansos y tareas al nivel, historial, molestias, material, preferencias y disponibilidad. No sustituye valoración médica/fisioterapéutica si hay dolor, lesión o señales de alarma.
FIT2_R0089;FIT2_P006;FIT2_T023;FIT2_TA080;alta;Adaptar carga, volumen, frecuencia, rango, descansos y tareas al nivel, historial, molestias, material, preferencias y disponibilidad. No sustituye valoración médica/fisioterapéutica si hay dolor, lesión o señales de alarma.
FIT2_R0090;FIT2_P006;FIT2_T024;FIT2_TA027;media;Adaptar carga, volumen, frecuencia, rango, descansos y tareas al nivel, historial, molestias, material, preferencias y disponibilidad. No sustituye valoración médica/fisioterapéutica si hay dolor, lesión o señales de alarma.
FIT2_R0091;FIT2_P006;FIT2_T035;FIT2_TA004;alta;Adaptar carga, volumen, frecuencia, rango, descansos y tareas al nivel, historial, molestias, material, preferencias y disponibilidad. No sustituye valoración médica/fisioterapéutica si hay dolor, lesión o señales de alarma.
FIT2_R0092;FIT2_P006;FIT2_T037;FIT2_TA041;alta;Adaptar carga, volumen, frecuencia, rango, descansos y tareas al nivel, historial, molestias, material, preferencias y disponibilidad. No sustituye valoración médica/fisioterapéutica si hay dolor, lesión o señales de alarma.
FIT2_R0093;FIT2_P006;FIT2_T037;FIT2_TA042;alta;Adaptar carga, volumen, frecuencia, rango, descansos y tareas al nivel, historial, molestias, material, preferencias y disponibilidad. No sustituye valoración médica/fisioterapéutica si hay dolor, lesión o señales de alarma.
FIT2_R0094;FIT2_P006;FIT2_T040;FIT2_TA044;media;Adaptar carga, volumen, frecuencia, rango, descansos y tareas al nivel, historial, molestias, material, preferencias y disponibilidad. No sustituye valoración médica/fisioterapéutica si hay dolor, lesión o señales de alarma.
FIT2_R0095;FIT2_P006;FIT2_T053;FIT2_TA059;media;Adaptar carga, volumen, frecuencia, rango, descansos y tareas al nivel, historial, molestias, material, preferencias y disponibilidad. No sustituye valoración médica/fisioterapéutica si hay dolor, lesión o señales de alarma.
FIT2_R0096;FIT2_P006;FIT2_T053;FIT2_TA079;media;Adaptar carga, volumen, frecuencia, rango, descansos y tareas al nivel, historial, molestias, material, preferencias y disponibilidad. No sustituye valoración médica/fisioterapéutica si hay dolor, lesión o señales de alarma.
FIT2_R0097;FIT2_P007;FIT2_T005;FIT2_TA005;media;Adaptar carga, volumen, frecuencia, rango, descansos y tareas al nivel, historial, molestias, material, preferencias y disponibilidad. No sustituye valoración médica/fisioterapéutica si hay dolor, lesión o señales de alarma.
FIT2_R0098;FIT2_P007;FIT2_T006;FIT2_TA006;media;Adaptar carga, volumen, frecuencia, rango, descansos y tareas al nivel, historial, molestias, material, preferencias y disponibilidad. No sustituye valoración médica/fisioterapéutica si hay dolor, lesión o señales de alarma.
FIT2_R0099;FIT2_P007;FIT2_T007;FIT2_TA007;media;Adaptar carga, volumen, frecuencia, rango, descansos y tareas al nivel, historial, molestias, material, preferencias y disponibilidad. No sustituye valoración médica/fisioterapéutica si hay dolor, lesión o señales de alarma.
FIT2_R0100;FIT2_P007;FIT2_T008;FIT2_TA008;media;Adaptar carga, volumen, frecuencia, rango, descansos y tareas al nivel, historial, molestias, material, preferencias y disponibilidad. No sustituye valoración médica/fisioterapéutica si hay dolor, lesión o señales de alarma.
FIT2_R0101;FIT2_P007;FIT2_T009;FIT2_TA009;media;Adaptar carga, volumen, frecuencia, rango, descansos y tareas al nivel, historial, molestias, material, preferencias y disponibilidad. No sustituye valoración médica/fisioterapéutica si hay dolor, lesión o señales de alarma.
FIT2_R0102;FIT2_P007;FIT2_T032;FIT2_TA037;media;Adaptar carga, volumen, frecuencia, rango, descansos y tareas al nivel, historial, molestias, material, preferencias y disponibilidad. No sustituye valoración médica/fisioterapéutica si hay dolor, lesión o señales de alarma.
FIT2_R0103;FIT2_P007;FIT2_T032;FIT2_TA077;media;Adaptar carga, volumen, frecuencia, rango, descansos y tareas al nivel, historial, molestias, material, preferencias y disponibilidad. No sustituye valoración médica/fisioterapéutica si hay dolor, lesión o señales de alarma.
FIT2_R0104;FIT2_P007;FIT2_T035;FIT2_TA004;alta;Adaptar carga, volumen, frecuencia, rango, descansos y tareas al nivel, historial, molestias, material, preferencias y disponibilidad. No sustituye valoración médica/fisioterapéutica si hay dolor, lesión o señales de alarma.
FIT2_R0105;FIT2_P007;FIT2_T036;FIT2_TA035;media;Adaptar carga, volumen, frecuencia, rango, descansos y tareas al nivel, historial, molestias, material, preferencias y disponibilidad. No sustituye valoración médica/fisioterapéutica si hay dolor, lesión o señales de alarma.
FIT2_R0106;FIT2_P007;FIT2_T036;FIT2_TA036;media;Adaptar carga, volumen, frecuencia, rango, descansos y tareas al nivel, historial, molestias, material, preferencias y disponibilidad. No sustituye valoración médica/fisioterapéutica si hay dolor, lesión o señales de alarma.
FIT2_R0107;FIT2_P007;FIT2_T051;FIT2_TA057;media;Adaptar carga, volumen, frecuencia, rango, descansos y tareas al nivel, historial, molestias, material, preferencias y disponibilidad. No sustituye valoración médica/fisioterapéutica si hay dolor, lesión o señales de alarma.
FIT2_R0108;FIT2_P007;FIT2_T051;FIT2_TA058;media;Adaptar carga, volumen, frecuencia, rango, descansos y tareas al nivel, historial, molestias, material, preferencias y disponibilidad. No sustituye valoración médica/fisioterapéutica si hay dolor, lesión o señales de alarma.
FIT2_R0109;FIT2_P007;FIT2_T055;FIT2_TA061;media;Adaptar carga, volumen, frecuencia, rango, descansos y tareas al nivel, historial, molestias, material, preferencias y disponibilidad. No sustituye valoración médica/fisioterapéutica si hay dolor, lesión o señales de alarma.
FIT2_R0110;FIT2_P007;FIT2_T056;FIT2_TA060;media;Adaptar carga, volumen, frecuencia, rango, descansos y tareas al nivel, historial, molestias, material, preferencias y disponibilidad. No sustituye valoración médica/fisioterapéutica si hay dolor, lesión o señales de alarma.
FIT2_R0111;FIT2_P007;FIT2_T056;FIT2_TA075;media;Adaptar carga, volumen, frecuencia, rango, descansos y tareas al nivel, historial, molestias, material, preferencias y disponibilidad. No sustituye valoración médica/fisioterapéutica si hay dolor, lesión o señales de alarma.
FIT2_R0112;FIT2_P008;FIT2_T005;FIT2_TA005;media;Adaptar carga, volumen, frecuencia, rango, descansos y tareas al nivel, historial, molestias, material, preferencias y disponibilidad. No sustituye valoración médica/fisioterapéutica si hay dolor, lesión o señales de alarma.
FIT2_R0113;FIT2_P008;FIT2_T006;FIT2_TA006;media;Adaptar carga, volumen, frecuencia, rango, descansos y tareas al nivel, historial, molestias, material, preferencias y disponibilidad. No sustituye valoración médica/fisioterapéutica si hay dolor, lesión o señales de alarma.
FIT2_R0114;FIT2_P008;FIT2_T007;FIT2_TA007;media;Adaptar carga, volumen, frecuencia, rango, descansos y tareas al nivel, historial, molestias, material, preferencias y disponibilidad. No sustituye valoración médica/fisioterapéutica si hay dolor, lesión o señales de alarma.
FIT2_R0115;FIT2_P008;FIT2_T008;FIT2_TA008;media;Adaptar carga, volumen, frecuencia, rango, descansos y tareas al nivel, historial, molestias, material, preferencias y disponibilidad. No sustituye valoración médica/fisioterapéutica si hay dolor, lesión o señales de alarma.
FIT2_R0116;FIT2_P008;FIT2_T009;FIT2_TA009;media;Adaptar carga, volumen, frecuencia, rango, descansos y tareas al nivel, historial, molestias, material, preferencias y disponibilidad. No sustituye valoración médica/fisioterapéutica si hay dolor, lesión o señales de alarma.
FIT2_R0117;FIT2_P008;FIT2_T032;FIT2_TA037;media;Adaptar carga, volumen, frecuencia, rango, descansos y tareas al nivel, historial, molestias, material, preferencias y disponibilidad. No sustituye valoración médica/fisioterapéutica si hay dolor, lesión o señales de alarma.
FIT2_R0118;FIT2_P008;FIT2_T032;FIT2_TA077;media;Adaptar carga, volumen, frecuencia, rango, descansos y tareas al nivel, historial, molestias, material, preferencias y disponibilidad. No sustituye valoración médica/fisioterapéutica si hay dolor, lesión o señales de alarma.
FIT2_R0119;FIT2_P008;FIT2_T035;FIT2_TA004;alta;Adaptar carga, volumen, frecuencia, rango, descansos y tareas al nivel, historial, molestias, material, preferencias y disponibilidad. No sustituye valoración médica/fisioterapéutica si hay dolor, lesión o señales de alarma.
FIT2_R0120;FIT2_P008;FIT2_T036;FIT2_TA035;media;Adaptar carga, volumen, frecuencia, rango, descansos y tareas al nivel, historial, molestias, material, preferencias y disponibilidad. No sustituye valoración médica/fisioterapéutica si hay dolor, lesión o señales de alarma.
FIT2_R0121;FIT2_P008;FIT2_T036;FIT2_TA036;media;Adaptar carga, volumen, frecuencia, rango, descansos y tareas al nivel, historial, molestias, material, preferencias y disponibilidad. No sustituye valoración médica/fisioterapéutica si hay dolor, lesión o señales de alarma.
FIT2_R0122;FIT2_P008;FIT2_T051;FIT2_TA057;media;Adaptar carga, volumen, frecuencia, rango, descansos y tareas al nivel, historial, molestias, material, preferencias y disponibilidad. No sustituye valoración médica/fisioterapéutica si hay dolor, lesión o señales de alarma.
FIT2_R0123;FIT2_P008;FIT2_T051;FIT2_TA058;media;Adaptar carga, volumen, frecuencia, rango, descansos y tareas al nivel, historial, molestias, material, preferencias y disponibilidad. No sustituye valoración médica/fisioterapéutica si hay dolor, lesión o señales de alarma.
FIT2_R0124;FIT2_P008;FIT2_T055;FIT2_TA061;media;Adaptar carga, volumen, frecuencia, rango, descansos y tareas al nivel, historial, molestias, material, preferencias y disponibilidad. No sustituye valoración médica/fisioterapéutica si hay dolor, lesión o señales de alarma.
FIT2_R0125;FIT2_P008;FIT2_T056;FIT2_TA060;media;Adaptar carga, volumen, frecuencia, rango, descansos y tareas al nivel, historial, molestias, material, preferencias y disponibilidad. No sustituye valoración médica/fisioterapéutica si hay dolor, lesión o señales de alarma.
FIT2_R0126;FIT2_P008;FIT2_T056;FIT2_TA075;media;Adaptar carga, volumen, frecuencia, rango, descansos y tareas al nivel, historial, molestias, material, preferencias y disponibilidad. No sustituye valoración médica/fisioterapéutica si hay dolor, lesión o señales de alarma.
FIT2_R0127;FIT2_P009;FIT2_T005;FIT2_TA005;media;Adaptar carga, volumen, frecuencia, rango, descansos y tareas al nivel, historial, molestias, material, preferencias y disponibilidad. No sustituye valoración médica/fisioterapéutica si hay dolor, lesión o señales de alarma.
FIT2_R0128;FIT2_P009;FIT2_T006;FIT2_TA006;media;Adaptar carga, volumen, frecuencia, rango, descansos y tareas al nivel, historial, molestias, material, preferencias y disponibilidad. No sustituye valoración médica/fisioterapéutica si hay dolor, lesión o señales de alarma.
FIT2_R0129;FIT2_P009;FIT2_T007;FIT2_TA007;media;Adaptar carga, volumen, frecuencia, rango, descansos y tareas al nivel, historial, molestias, material, preferencias y disponibilidad. No sustituye valoración médica/fisioterapéutica si hay dolor, lesión o señales de alarma.
FIT2_R0130;FIT2_P009;FIT2_T008;FIT2_TA008;media;Adaptar carga, volumen, frecuencia, rango, descansos y tareas al nivel, historial, molestias, material, preferencias y disponibilidad. No sustituye valoración médica/fisioterapéutica si hay dolor, lesión o señales de alarma.
FIT2_R0131;FIT2_P009;FIT2_T009;FIT2_TA009;media;Adaptar carga, volumen, frecuencia, rango, descansos y tareas al nivel, historial, molestias, material, preferencias y disponibilidad. No sustituye valoración médica/fisioterapéutica si hay dolor, lesión o señales de alarma.
FIT2_R0132;FIT2_P009;FIT2_T032;FIT2_TA037;media;Adaptar carga, volumen, frecuencia, rango, descansos y tareas al nivel, historial, molestias, material, preferencias y disponibilidad. No sustituye valoración médica/fisioterapéutica si hay dolor, lesión o señales de alarma.
FIT2_R0133;FIT2_P009;FIT2_T032;FIT2_TA077;media;Adaptar carga, volumen, frecuencia, rango, descansos y tareas al nivel, historial, molestias, material, preferencias y disponibilidad. No sustituye valoración médica/fisioterapéutica si hay dolor, lesión o señales de alarma.
FIT2_R0134;FIT2_P009;FIT2_T035;FIT2_TA004;alta;Adaptar carga, volumen, frecuencia, rango, descansos y tareas al nivel, historial, molestias, material, preferencias y disponibilidad. No sustituye valoración médica/fisioterapéutica si hay dolor, lesión o señales de alarma.
FIT2_R0135;FIT2_P009;FIT2_T036;FIT2_TA035;media;Adaptar carga, volumen, frecuencia, rango, descansos y tareas al nivel, historial, molestias, material, preferencias y disponibilidad. No sustituye valoración médica/fisioterapéutica si hay dolor, lesión o señales de alarma.
FIT2_R0136;FIT2_P009;FIT2_T036;FIT2_TA036;media;Adaptar carga, volumen, frecuencia, rango, descansos y tareas al nivel, historial, molestias, material, preferencias y disponibilidad. No sustituye valoración médica/fisioterapéutica si hay dolor, lesión o señales de alarma.
FIT2_R0137;FIT2_P009;FIT2_T051;FIT2_TA057;media;Adaptar carga, volumen, frecuencia, rango, descansos y tareas al nivel, historial, molestias, material, preferencias y disponibilidad. No sustituye valoración médica/fisioterapéutica si hay dolor, lesión o señales de alarma.
FIT2_R0138;FIT2_P009;FIT2_T051;FIT2_TA058;media;Adaptar carga, volumen, frecuencia, rango, descansos y tareas al nivel, historial, molestias, material, preferencias y disponibilidad. No sustituye valoración médica/fisioterapéutica si hay dolor, lesión o señales de alarma.
FIT2_R0139;FIT2_P009;FIT2_T055;FIT2_TA061;media;Adaptar carga, volumen, frecuencia, rango, descansos y tareas al nivel, historial, molestias, material, preferencias y disponibilidad. No sustituye valoración médica/fisioterapéutica si hay dolor, lesión o señales de alarma.
FIT2_R0140;FIT2_P009;FIT2_T056;FIT2_TA060;media;Adaptar carga, volumen, frecuencia, rango, descansos y tareas al nivel, historial, molestias, material, preferencias y disponibilidad. No sustituye valoración médica/fisioterapéutica si hay dolor, lesión o señales de alarma.
FIT2_R0141;FIT2_P009;FIT2_T056;FIT2_TA075;media;Adaptar carga, volumen, frecuencia, rango, descansos y tareas al nivel, historial, molestias, material, preferencias y disponibilidad. No sustituye valoración médica/fisioterapéutica si hay dolor, lesión o señales de alarma.
FIT2_R0142;FIT2_P010;FIT2_T005;FIT2_TA005;media;Adaptar carga, volumen, frecuencia, rango, descansos y tareas al nivel, historial, molestias, material, preferencias y disponibilidad. No sustituye valoración médica/fisioterapéutica si hay dolor, lesión o señales de alarma.
FIT2_R0143;FIT2_P010;FIT2_T006;FIT2_TA006;media;Adaptar carga, volumen, frecuencia, rango, descansos y tareas al nivel, historial, molestias, material, preferencias y disponibilidad. No sustituye valoración médica/fisioterapéutica si hay dolor, lesión o señales de alarma.
FIT2_R0144;FIT2_P010;FIT2_T007;FIT2_TA007;media;Adaptar carga, volumen, frecuencia, rango, descansos y tareas al nivel, historial, molestias, material, preferencias y disponibilidad. No sustituye valoración médica/fisioterapéutica si hay dolor, lesión o señales de alarma.
FIT2_R0145;FIT2_P010;FIT2_T008;FIT2_TA008;media;Adaptar carga, volumen, frecuencia, rango, descansos y tareas al nivel, historial, molestias, material, preferencias y disponibilidad. No sustituye valoración médica/fisioterapéutica si hay dolor, lesión o señales de alarma.
FIT2_R0146;FIT2_P010;FIT2_T009;FIT2_TA009;media;Adaptar carga, volumen, frecuencia, rango, descansos y tareas al nivel, historial, molestias, material, preferencias y disponibilidad. No sustituye valoración médica/fisioterapéutica si hay dolor, lesión o señales de alarma.
FIT2_R0147;FIT2_P010;FIT2_T032;FIT2_TA037;media;Adaptar carga, volumen, frecuencia, rango, descansos y tareas al nivel, historial, molestias, material, preferencias y disponibilidad. No sustituye valoración médica/fisioterapéutica si hay dolor, lesión o señales de alarma.
FIT2_R0148;FIT2_P010;FIT2_T032;FIT2_TA077;media;Adaptar carga, volumen, frecuencia, rango, descansos y tareas al nivel, historial, molestias, material, preferencias y disponibilidad. No sustituye valoración médica/fisioterapéutica si hay dolor, lesión o señales de alarma.
FIT2_R0149;FIT2_P010;FIT2_T035;FIT2_TA004;alta;Adaptar carga, volumen, frecuencia, rango, descansos y tareas al nivel, historial, molestias, material, preferencias y disponibilidad. No sustituye valoración médica/fisioterapéutica si hay dolor, lesión o señales de alarma.
FIT2_R0150;FIT2_P010;FIT2_T036;FIT2_TA035;media;Adaptar carga, volumen, frecuencia, rango, descansos y tareas al nivel, historial, molestias, material, preferencias y disponibilidad. No sustituye valoración médica/fisioterapéutica si hay dolor, lesión o señales de alarma.
FIT2_R0151;FIT2_P010;FIT2_T036;FIT2_TA036;media;Adaptar carga, volumen, frecuencia, rango, descansos y tareas al nivel, historial, molestias, material, preferencias y disponibilidad. No sustituye valoración médica/fisioterapéutica si hay dolor, lesión o señales de alarma.
FIT2_R0152;FIT2_P010;FIT2_T051;FIT2_TA057;media;Adaptar carga, volumen, frecuencia, rango, descansos y tareas al nivel, historial, molestias, material, preferencias y disponibilidad. No sustituye valoración médica/fisioterapéutica si hay dolor, lesión o señales de alarma.
FIT2_R0153;FIT2_P010;FIT2_T051;FIT2_TA058;media;Adaptar carga, volumen, frecuencia, rango, descansos y tareas al nivel, historial, molestias, material, preferencias y disponibilidad. No sustituye valoración médica/fisioterapéutica si hay dolor, lesión o señales de alarma.
FIT2_R0154;FIT2_P010;FIT2_T055;FIT2_TA061;media;Adaptar carga, volumen, frecuencia, rango, descansos y tareas al nivel, historial, molestias, material, preferencias y disponibilidad. No sustituye valoración médica/fisioterapéutica si hay dolor, lesión o señales de alarma.
FIT2_R0155;FIT2_P010;FIT2_T056;FIT2_TA060;media;Adaptar carga, volumen, frecuencia, rango, descansos y tareas al nivel, historial, molestias, material, preferencias y disponibilidad. No sustituye valoración médica/fisioterapéutica si hay dolor, lesión o señales de alarma.
FIT2_R0156;FIT2_P010;FIT2_T056;FIT2_TA075;media;Adaptar carga, volumen, frecuencia, rango, descansos y tareas al nivel, historial, molestias, material, preferencias y disponibilidad. No sustituye valoración médica/fisioterapéutica si hay dolor, lesión o señales de alarma.
FIT2_R0157;FIT2_P011;FIT2_T005;FIT2_TA005;media;Adaptar carga, volumen, frecuencia, rango, descansos y tareas al nivel, historial, molestias, material, preferencias y disponibilidad. No sustituye valoración médica/fisioterapéutica si hay dolor, lesión o señales de alarma.
FIT2_R0158;FIT2_P011;FIT2_T006;FIT2_TA006;media;Adaptar carga, volumen, frecuencia, rango, descansos y tareas al nivel, historial, molestias, material, preferencias y disponibilidad. No sustituye valoración médica/fisioterapéutica si hay dolor, lesión o señales de alarma.
FIT2_R0159;FIT2_P011;FIT2_T007;FIT2_TA007;media;Adaptar carga, volumen, frecuencia, rango, descansos y tareas al nivel, historial, molestias, material, preferencias y disponibilidad. No sustituye valoración médica/fisioterapéutica si hay dolor, lesión o señales de alarma.
FIT2_R0160;FIT2_P011;FIT2_T008;FIT2_TA008;media;Adaptar carga, volumen, frecuencia, rango, descansos y tareas al nivel, historial, molestias, material, preferencias y disponibilidad. No sustituye valoración médica/fisioterapéutica si hay dolor, lesión o señales de alarma.
FIT2_R0161;FIT2_P011;FIT2_T009;FIT2_TA009;media;Adaptar carga, volumen, frecuencia, rango, descansos y tareas al nivel, historial, molestias, material, preferencias y disponibilidad. No sustituye valoración médica/fisioterapéutica si hay dolor, lesión o señales de alarma.
FIT2_R0162;FIT2_P011;FIT2_T032;FIT2_TA037;media;Adaptar carga, volumen, frecuencia, rango, descansos y tareas al nivel, historial, molestias, material, preferencias y disponibilidad. No sustituye valoración médica/fisioterapéutica si hay dolor, lesión o señales de alarma.
FIT2_R0163;FIT2_P011;FIT2_T032;FIT2_TA077;media;Adaptar carga, volumen, frecuencia, rango, descansos y tareas al nivel, historial, molestias, material, preferencias y disponibilidad. No sustituye valoración médica/fisioterapéutica si hay dolor, lesión o señales de alarma.
FIT2_R0164;FIT2_P011;FIT2_T035;FIT2_TA004;alta;Adaptar carga, volumen, frecuencia, rango, descansos y tareas al nivel, historial, molestias, material, preferencias y disponibilidad. No sustituye valoración médica/fisioterapéutica si hay dolor, lesión o señales de alarma.
FIT2_R0165;FIT2_P011;FIT2_T036;FIT2_TA035;media;Adaptar carga, volumen, frecuencia, rango, descansos y tareas al nivel, historial, molestias, material, preferencias y disponibilidad. No sustituye valoración médica/fisioterapéutica si hay dolor, lesión o señales de alarma.
FIT2_R0166;FIT2_P011;FIT2_T036;FIT2_TA036;media;Adaptar carga, volumen, frecuencia, rango, descansos y tareas al nivel, historial, molestias, material, preferencias y disponibilidad. No sustituye valoración médica/fisioterapéutica si hay dolor, lesión o señales de alarma.
FIT2_R0167;FIT2_P011;FIT2_T051;FIT2_TA057;media;Adaptar carga, volumen, frecuencia, rango, descansos y tareas al nivel, historial, molestias, material, preferencias y disponibilidad. No sustituye valoración médica/fisioterapéutica si hay dolor, lesión o señales de alarma.
FIT2_R0168;FIT2_P011;FIT2_T051;FIT2_TA058;media;Adaptar carga, volumen, frecuencia, rango, descansos y tareas al nivel, historial, molestias, material, preferencias y disponibilidad. No sustituye valoración médica/fisioterapéutica si hay dolor, lesión o señales de alarma.
FIT2_R0169;FIT2_P011;FIT2_T055;FIT2_TA061;media;Adaptar carga, volumen, frecuencia, rango, descansos y tareas al nivel, historial, molestias, material, preferencias y disponibilidad. No sustituye valoración médica/fisioterapéutica si hay dolor, lesión o señales de alarma.
FIT2_R0170;FIT2_P011;FIT2_T056;FIT2_TA060;media;Adaptar carga, volumen, frecuencia, rango, descansos y tareas al nivel, historial, molestias, material, preferencias y disponibilidad. No sustituye valoración médica/fisioterapéutica si hay dolor, lesión o señales de alarma.
FIT2_R0171;FIT2_P011;FIT2_T056;FIT2_TA075;media;Adaptar carga, volumen, frecuencia, rango, descansos y tareas al nivel, historial, molestias, material, preferencias y disponibilidad. No sustituye valoración médica/fisioterapéutica si hay dolor, lesión o señales de alarma.
FIT2_R0172;FIT2_P012;FIT2_T005;FIT2_TA005;media;Adaptar carga, volumen, frecuencia, rango, descansos y tareas al nivel, historial, molestias, material, preferencias y disponibilidad. No sustituye valoración médica/fisioterapéutica si hay dolor, lesión o señales de alarma.
FIT2_R0173;FIT2_P012;FIT2_T006;FIT2_TA006;media;Adaptar carga, volumen, frecuencia, rango, descansos y tareas al nivel, historial, molestias, material, preferencias y disponibilidad. No sustituye valoración médica/fisioterapéutica si hay dolor, lesión o señales de alarma.
FIT2_R0174;FIT2_P012;FIT2_T007;FIT2_TA007;media;Adaptar carga, volumen, frecuencia, rango, descansos y tareas al nivel, historial, molestias, material, preferencias y disponibilidad. No sustituye valoración médica/fisioterapéutica si hay dolor, lesión o señales de alarma.
FIT2_R0175;FIT2_P012;FIT2_T008;FIT2_TA008;media;Adaptar carga, volumen, frecuencia, rango, descansos y tareas al nivel, historial, molestias, material, preferencias y disponibilidad. No sustituye valoración médica/fisioterapéutica si hay dolor, lesión o señales de alarma.
FIT2_R0176;FIT2_P012;FIT2_T009;FIT2_TA009;media;Adaptar carga, volumen, frecuencia, rango, descansos y tareas al nivel, historial, molestias, material, preferencias y disponibilidad. No sustituye valoración médica/fisioterapéutica si hay dolor, lesión o señales de alarma.
FIT2_R0177;FIT2_P012;FIT2_T032;FIT2_TA037;media;Adaptar carga, volumen, frecuencia, rango, descansos y tareas al nivel, historial, molestias, material, preferencias y disponibilidad. No sustituye valoración médica/fisioterapéutica si hay dolor, lesión o señales de alarma.
FIT2_R0178;FIT2_P012;FIT2_T032;FIT2_TA077;media;Adaptar carga, volumen, frecuencia, rango, descansos y tareas al nivel, historial, molestias, material, preferencias y disponibilidad. No sustituye valoración médica/fisioterapéutica si hay dolor, lesión o señales de alarma.
FIT2_R0179;FIT2_P012;FIT2_T035;FIT2_TA004;alta;Adaptar carga, volumen, frecuencia, rango, descansos y tareas al nivel, historial, molestias, material, preferencias y disponibilidad. No sustituye valoración médica/fisioterapéutica si hay dolor, lesión o señales de alarma.
FIT2_R0180;FIT2_P012;FIT2_T036;FIT2_TA035;media;Adaptar carga, volumen, frecuencia, rango, descansos y tareas al nivel, historial, molestias, material, preferencias y disponibilidad. No sustituye valoración médica/fisioterapéutica si hay dolor, lesión o señales de alarma.
FIT2_R0181;FIT2_P012;FIT2_T036;FIT2_TA036;media;Adaptar carga, volumen, frecuencia, rango, descansos y tareas al nivel, historial, molestias, material, preferencias y disponibilidad. No sustituye valoración médica/fisioterapéutica si hay dolor, lesión o señales de alarma.
FIT2_R0182;FIT2_P012;FIT2_T051;FIT2_TA057;media;Adaptar carga, volumen, frecuencia, rango, descansos y tareas al nivel, historial, molestias, material, preferencias y disponibilidad. No sustituye valoración médica/fisioterapéutica si hay dolor, lesión o señales de alarma.
FIT2_R0183;FIT2_P012;FIT2_T051;FIT2_TA058;media;Adaptar carga, volumen, frecuencia, rango, descansos y tareas al nivel, historial, molestias, material, preferencias y disponibilidad. No sustituye valoración médica/fisioterapéutica si hay dolor, lesión o señales de alarma.
FIT2_R0184;FIT2_P012;FIT2_T055;FIT2_TA061;media;Adaptar carga, volumen, frecuencia, rango, descansos y tareas al nivel, historial, molestias, material, preferencias y disponibilidad. No sustituye valoración médica/fisioterapéutica si hay dolor, lesión o señales de alarma.
FIT2_R0185;FIT2_P012;FIT2_T056;FIT2_TA060;media;Adaptar carga, volumen, frecuencia, rango, descansos y tareas al nivel, historial, molestias, material, preferencias y disponibilidad. No sustituye valoración médica/fisioterapéutica si hay dolor, lesión o señales de alarma.
FIT2_R0186;FIT2_P012;FIT2_T056;FIT2_TA075;media;Adaptar carga, volumen, frecuencia, rango, descansos y tareas al nivel, historial, molestias, material, preferencias y disponibilidad. No sustituye valoración médica/fisioterapéutica si hay dolor, lesión o señales de alarma.
FIT2_R0187;FIT2_P013;FIT2_T005;FIT2_TA005;media;Adaptar carga, volumen, frecuencia, rango, descansos y tareas al nivel, historial, molestias, material, preferencias y disponibilidad. No sustituye valoración médica/fisioterapéutica si hay dolor, lesión o señales de alarma.
FIT2_R0188;FIT2_P013;FIT2_T006;FIT2_TA006;media;Adaptar carga, volumen, frecuencia, rango, descansos y tareas al nivel, historial, molestias, material, preferencias y disponibilidad. No sustituye valoración médica/fisioterapéutica si hay dolor, lesión o señales de alarma.
FIT2_R0189;FIT2_P013;FIT2_T007;FIT2_TA007;media;Adaptar carga, volumen, frecuencia, rango, descansos y tareas al nivel, historial, molestias, material, preferencias y disponibilidad. No sustituye valoración médica/fisioterapéutica si hay dolor, lesión o señales de alarma.
FIT2_R0190;FIT2_P013;FIT2_T008;FIT2_TA008;media;Adaptar carga, volumen, frecuencia, rango, descansos y tareas al nivel, historial, molestias, material, preferencias y disponibilidad. No sustituye valoración médica/fisioterapéutica si hay dolor, lesión o señales de alarma.
FIT2_R0191;FIT2_P013;FIT2_T009;FIT2_TA009;media;Adaptar carga, volumen, frecuencia, rango, descansos y tareas al nivel, historial, molestias, material, preferencias y disponibilidad. No sustituye valoración médica/fisioterapéutica si hay dolor, lesión o señales de alarma.
FIT2_R0192;FIT2_P013;FIT2_T032;FIT2_TA037;media;Adaptar carga, volumen, frecuencia, rango, descansos y tareas al nivel, historial, molestias, material, preferencias y disponibilidad. No sustituye valoración médica/fisioterapéutica si hay dolor, lesión o señales de alarma.
FIT2_R0193;FIT2_P013;FIT2_T032;FIT2_TA077;media;Adaptar carga, volumen, frecuencia, rango, descansos y tareas al nivel, historial, molestias, material, preferencias y disponibilidad. No sustituye valoración médica/fisioterapéutica si hay dolor, lesión o señales de alarma.
FIT2_R0194;FIT2_P013;FIT2_T035;FIT2_TA004;alta;Adaptar carga, volumen, frecuencia, rango, descansos y tareas al nivel, historial, molestias, material, preferencias y disponibilidad. No sustituye valoración médica/fisioterapéutica si hay dolor, lesión o señales de alarma.
FIT2_R0195;FIT2_P013;FIT2_T036;FIT2_TA035;media;Adaptar carga, volumen, frecuencia, rango, descansos y tareas al nivel, historial, molestias, material, preferencias y disponibilidad. No sustituye valoración médica/fisioterapéutica si hay dolor, lesión o señales de alarma.
FIT2_R0196;FIT2_P013;FIT2_T036;FIT2_TA036;media;Adaptar carga, volumen, frecuencia, rango, descansos y tareas al nivel, historial, molestias, material, preferencias y disponibilidad. No sustituye valoración médica/fisioterapéutica si hay dolor, lesión o señales de alarma.
FIT2_R0197;FIT2_P013;FIT2_T051;FIT2_TA057;media;Adaptar carga, volumen, frecuencia, rango, descansos y tareas al nivel, historial, molestias, material, preferencias y disponibilidad. No sustituye valoración médica/fisioterapéutica si hay dolor, lesión o señales de alarma.
FIT2_R0198;FIT2_P013;FIT2_T051;FIT2_TA058;media;Adaptar carga, volumen, frecuencia, rango, descansos y tareas al nivel, historial, molestias, material, preferencias y disponibilidad. No sustituye valoración médica/fisioterapéutica si hay dolor, lesión o señales de alarma.
FIT2_R0199;FIT2_P013;FIT2_T055;FIT2_TA061;media;Adaptar carga, volumen, frecuencia, rango, descansos y tareas al nivel, historial, molestias, material, preferencias y disponibilidad. No sustituye valoración médica/fisioterapéutica si hay dolor, lesión o señales de alarma.
FIT2_R0200;FIT2_P013;FIT2_T056;FIT2_TA060;media;Adaptar carga, volumen, frecuencia, rango, descansos y tareas al nivel, historial, molestias, material, preferencias y disponibilidad. No sustituye valoración médica/fisioterapéutica si hay dolor, lesión o señales de alarma.
FIT2_R0201;FIT2_P013;FIT2_T056;FIT2_TA075;media;Adaptar carga, volumen, frecuencia, rango, descansos y tareas al nivel, historial, molestias, material, preferencias y disponibilidad. No sustituye valoración médica/fisioterapéutica si hay dolor, lesión o señales de alarma.
FIT2_R0202;FIT2_P014;FIT2_T005;FIT2_TA005;media;Adaptar carga, volumen, frecuencia, rango, descansos y tareas al nivel, historial, molestias, material, preferencias y disponibilidad. No sustituye valoración médica/fisioterapéutica si hay dolor, lesión o señales de alarma.
FIT2_R0203;FIT2_P014;FIT2_T006;FIT2_TA006;media;Adaptar carga, volumen, frecuencia, rango, descansos y tareas al nivel, historial, molestias, material, preferencias y disponibilidad. No sustituye valoración médica/fisioterapéutica si hay dolor, lesión o señales de alarma.
FIT2_R0204;FIT2_P014;FIT2_T007;FIT2_TA007;media;Adaptar carga, volumen, frecuencia, rango, descansos y tareas al nivel, historial, molestias, material, preferencias y disponibilidad. No sustituye valoración médica/fisioterapéutica si hay dolor, lesión o señales de alarma.
FIT2_R0205;FIT2_P014;FIT2_T008;FIT2_TA008;media;Adaptar carga, volumen, frecuencia, rango, descansos y tareas al nivel, historial, molestias, material, preferencias y disponibilidad. No sustituye valoración médica/fisioterapéutica si hay dolor, lesión o señales de alarma.
FIT2_R0206;FIT2_P014;FIT2_T009;FIT2_TA009;media;Adaptar carga, volumen, frecuencia, rango, descansos y tareas al nivel, historial, molestias, material, preferencias y disponibilidad. No sustituye valoración médica/fisioterapéutica si hay dolor, lesión o señales de alarma.
FIT2_R0207;FIT2_P014;FIT2_T032;FIT2_TA037;media;Adaptar carga, volumen, frecuencia, rango, descansos y tareas al nivel, historial, molestias, material, preferencias y disponibilidad. No sustituye valoración médica/fisioterapéutica si hay dolor, lesión o señales de alarma.
FIT2_R0208;FIT2_P014;FIT2_T032;FIT2_TA077;media;Adaptar carga, volumen, frecuencia, rango, descansos y tareas al nivel, historial, molestias, material, preferencias y disponibilidad. No sustituye valoración médica/fisioterapéutica si hay dolor, lesión o señales de alarma.
FIT2_R0209;FIT2_P014;FIT2_T035;FIT2_TA004;alta;Adaptar carga, volumen, frecuencia, rango, descansos y tareas al nivel, historial, molestias, material, preferencias y disponibilidad. No sustituye valoración médica/fisioterapéutica si hay dolor, lesión o señales de alarma.
FIT2_R0210;FIT2_P014;FIT2_T036;FIT2_TA035;media;Adaptar carga, volumen, frecuencia, rango, descansos y tareas al nivel, historial, molestias, material, preferencias y disponibilidad. No sustituye valoración médica/fisioterapéutica si hay dolor, lesión o señales de alarma.
FIT2_R0211;FIT2_P014;FIT2_T036;FIT2_TA036;media;Adaptar carga, volumen, frecuencia, rango, descansos y tareas al nivel, historial, molestias, material, preferencias y disponibilidad. No sustituye valoración médica/fisioterapéutica si hay dolor, lesión o señales de alarma.
FIT2_R0212;FIT2_P014;FIT2_T051;FIT2_TA057;media;Adaptar carga, volumen, frecuencia, rango, descansos y tareas al nivel, historial, molestias, material, preferencias y disponibilidad. No sustituye valoración médica/fisioterapéutica si hay dolor, lesión o señales de alarma.
FIT2_R0213;FIT2_P014;FIT2_T051;FIT2_TA058;media;Adaptar carga, volumen, frecuencia, rango, descansos y tareas al nivel, historial, molestias, material, preferencias y disponibilidad. No sustituye valoración médica/fisioterapéutica si hay dolor, lesión o señales de alarma.
FIT2_R0214;FIT2_P014;FIT2_T055;FIT2_TA061;media;Adaptar carga, volumen, frecuencia, rango, descansos y tareas al nivel, historial, molestias, material, preferencias y disponibilidad. No sustituye valoración médica/fisioterapéutica si hay dolor, lesión o señales de alarma.
FIT2_R0215;FIT2_P014;FIT2_T056;FIT2_TA060;media;Adaptar carga, volumen, frecuencia, rango, descansos y tareas al nivel, historial, molestias, material, preferencias y disponibilidad. No sustituye valoración médica/fisioterapéutica si hay dolor, lesión o señales de alarma.
FIT2_R0216;FIT2_P014;FIT2_T056;FIT2_TA075;media;Adaptar carga, volumen, frecuencia, rango, descansos y tareas al nivel, historial, molestias, material, preferencias y disponibilidad. No sustituye valoración médica/fisioterapéutica si hay dolor, lesión o señales de alarma.
FIT2_R0217;FIT2_P015;FIT2_T010;FIT2_TA010;alta;Adaptar carga, volumen, frecuencia, rango, descansos y tareas al nivel, historial, molestias, material, preferencias y disponibilidad. No sustituye valoración médica/fisioterapéutica si hay dolor, lesión o señales de alarma.
FIT2_R0218;FIT2_P015;FIT2_T010;FIT2_TA067;alta;Adaptar carga, volumen, frecuencia, rango, descansos y tareas al nivel, historial, molestias, material, preferencias y disponibilidad. No sustituye valoración médica/fisioterapéutica si hay dolor, lesión o señales de alarma.
FIT2_R0219;FIT2_P015;FIT2_T012;FIT2_TA011;media;Adaptar carga, volumen, frecuencia, rango, descansos y tareas al nivel, historial, molestias, material, preferencias y disponibilidad. No sustituye valoración médica/fisioterapéutica si hay dolor, lesión o señales de alarma.
FIT2_R0220;FIT2_P015;FIT2_T013;FIT2_TA068;alta;Adaptar carga, volumen, frecuencia, rango, descansos y tareas al nivel, historial, molestias, material, preferencias y disponibilidad. No sustituye valoración médica/fisioterapéutica si hay dolor, lesión o señales de alarma.
FIT2_R0221;FIT2_P015;FIT2_T013;FIT2_TA069;alta;Adaptar carga, volumen, frecuencia, rango, descansos y tareas al nivel, historial, molestias, material, preferencias y disponibilidad. No sustituye valoración médica/fisioterapéutica si hay dolor, lesión o señales de alarma.
FIT2_R0222;FIT2_P015;FIT2_T013;FIT2_TA070;alta;Adaptar carga, volumen, frecuencia, rango, descansos y tareas al nivel, historial, molestias, material, preferencias y disponibilidad. No sustituye valoración médica/fisioterapéutica si hay dolor, lesión o señales de alarma.
FIT2_R0223;FIT2_P015;FIT2_T013;FIT2_TA071;alta;Adaptar carga, volumen, frecuencia, rango, descansos y tareas al nivel, historial, molestias, material, preferencias y disponibilidad. No sustituye valoración médica/fisioterapéutica si hay dolor, lesión o señales de alarma.
FIT2_R0224;FIT2_P015;FIT2_T013;FIT2_TA072;alta;Adaptar carga, volumen, frecuencia, rango, descansos y tareas al nivel, historial, molestias, material, preferencias y disponibilidad. No sustituye valoración médica/fisioterapéutica si hay dolor, lesión o señales de alarma.
FIT2_R0225;FIT2_P015;FIT2_T022;FIT2_TA024;media;Adaptar carga, volumen, frecuencia, rango, descansos y tareas al nivel, historial, molestias, material, preferencias y disponibilidad. No sustituye valoración médica/fisioterapéutica si hay dolor, lesión o señales de alarma.
FIT2_R0226;FIT2_P015;FIT2_T035;FIT2_TA004;alta;Adaptar carga, volumen, frecuencia, rango, descansos y tareas al nivel, historial, molestias, material, preferencias y disponibilidad. No sustituye valoración médica/fisioterapéutica si hay dolor, lesión o señales de alarma.
FIT2_R0227;FIT2_P015;FIT2_T054;FIT2_TA012;media;Adaptar carga, volumen, frecuencia, rango, descansos y tareas al nivel, historial, molestias, material, preferencias y disponibilidad. No sustituye valoración médica/fisioterapéutica si hay dolor, lesión o señales de alarma.
FIT2_R0228;FIT2_P015;FIT2_T056;FIT2_TA060;media;Adaptar carga, volumen, frecuencia, rango, descansos y tareas al nivel, historial, molestias, material, preferencias y disponibilidad. No sustituye valoración médica/fisioterapéutica si hay dolor, lesión o señales de alarma.
FIT2_R0229;FIT2_P015;FIT2_T056;FIT2_TA075;media;Adaptar carga, volumen, frecuencia, rango, descansos y tareas al nivel, historial, molestias, material, preferencias y disponibilidad. No sustituye valoración médica/fisioterapéutica si hay dolor, lesión o señales de alarma.
FIT2_R0230;FIT2_P016;FIT2_T010;FIT2_TA010;alta;Adaptar carga, volumen, frecuencia, rango, descansos y tareas al nivel, historial, molestias, material, preferencias y disponibilidad. No sustituye valoración médica/fisioterapéutica si hay dolor, lesión o señales de alarma.
FIT2_R0231;FIT2_P016;FIT2_T010;FIT2_TA067;alta;Adaptar carga, volumen, frecuencia, rango, descansos y tareas al nivel, historial, molestias, material, preferencias y disponibilidad. No sustituye valoración médica/fisioterapéutica si hay dolor, lesión o señales de alarma.
FIT2_R0232;FIT2_P016;FIT2_T012;FIT2_TA011;media;Adaptar carga, volumen, frecuencia, rango, descansos y tareas al nivel, historial, molestias, material, preferencias y disponibilidad. No sustituye valoración médica/fisioterapéutica si hay dolor, lesión o señales de alarma.
FIT2_R0233;FIT2_P016;FIT2_T013;FIT2_TA068;alta;Adaptar carga, volumen, frecuencia, rango, descansos y tareas al nivel, historial, molestias, material, preferencias y disponibilidad. No sustituye valoración médica/fisioterapéutica si hay dolor, lesión o señales de alarma.
FIT2_R0234;FIT2_P016;FIT2_T013;FIT2_TA069;alta;Adaptar carga, volumen, frecuencia, rango, descansos y tareas al nivel, historial, molestias, material, preferencias y disponibilidad. No sustituye valoración médica/fisioterapéutica si hay dolor, lesión o señales de alarma.
FIT2_R0235;FIT2_P016;FIT2_T013;FIT2_TA070;alta;Adaptar carga, volumen, frecuencia, rango, descansos y tareas al nivel, historial, molestias, material, preferencias y disponibilidad. No sustituye valoración médica/fisioterapéutica si hay dolor, lesión o señales de alarma.
FIT2_R0236;FIT2_P016;FIT2_T013;FIT2_TA071;alta;Adaptar carga, volumen, frecuencia, rango, descansos y tareas al nivel, historial, molestias, material, preferencias y disponibilidad. No sustituye valoración médica/fisioterapéutica si hay dolor, lesión o señales de alarma.
FIT2_R0237;FIT2_P016;FIT2_T013;FIT2_TA072;alta;Adaptar carga, volumen, frecuencia, rango, descansos y tareas al nivel, historial, molestias, material, preferencias y disponibilidad. No sustituye valoración médica/fisioterapéutica si hay dolor, lesión o señales de alarma.
FIT2_R0238;FIT2_P016;FIT2_T022;FIT2_TA024;media;Adaptar carga, volumen, frecuencia, rango, descansos y tareas al nivel, historial, molestias, material, preferencias y disponibilidad. No sustituye valoración médica/fisioterapéutica si hay dolor, lesión o señales de alarma.
FIT2_R0239;FIT2_P016;FIT2_T035;FIT2_TA004;alta;Adaptar carga, volumen, frecuencia, rango, descansos y tareas al nivel, historial, molestias, material, preferencias y disponibilidad. No sustituye valoración médica/fisioterapéutica si hay dolor, lesión o señales de alarma.
FIT2_R0240;FIT2_P016;FIT2_T054;FIT2_TA012;media;Adaptar carga, volumen, frecuencia, rango, descansos y tareas al nivel, historial, molestias, material, preferencias y disponibilidad. No sustituye valoración médica/fisioterapéutica si hay dolor, lesión o señales de alarma.
FIT2_R0241;FIT2_P016;FIT2_T056;FIT2_TA060;media;Adaptar carga, volumen, frecuencia, rango, descansos y tareas al nivel, historial, molestias, material, preferencias y disponibilidad. No sustituye valoración médica/fisioterapéutica si hay dolor, lesión o señales de alarma.
FIT2_R0242;FIT2_P016;FIT2_T056;FIT2_TA075;media;Adaptar carga, volumen, frecuencia, rango, descansos y tareas al nivel, historial, molestias, material, preferencias y disponibilidad. No sustituye valoración médica/fisioterapéutica si hay dolor, lesión o señales de alarma.
FIT2_R0243;FIT2_P017;FIT2_T010;FIT2_TA010;alta;Adaptar carga, volumen, frecuencia, rango, descansos y tareas al nivel, historial, molestias, material, preferencias y disponibilidad. No sustituye valoración médica/fisioterapéutica si hay dolor, lesión o señales de alarma.
FIT2_R0244;FIT2_P017;FIT2_T010;FIT2_TA067;alta;Adaptar carga, volumen, frecuencia, rango, descansos y tareas al nivel, historial, molestias, material, preferencias y disponibilidad. No sustituye valoración médica/fisioterapéutica si hay dolor, lesión o señales de alarma.
FIT2_R0245;FIT2_P017;FIT2_T012;FIT2_TA011;media;Adaptar carga, volumen, frecuencia, rango, descansos y tareas al nivel, historial, molestias, material, preferencias y disponibilidad. No sustituye valoración médica/fisioterapéutica si hay dolor, lesión o señales de alarma.
FIT2_R0246;FIT2_P017;FIT2_T013;FIT2_TA068;alta;Adaptar carga, volumen, frecuencia, rango, descansos y tareas al nivel, historial, molestias, material, preferencias y disponibilidad. No sustituye valoración médica/fisioterapéutica si hay dolor, lesión o señales de alarma.
FIT2_R0247;FIT2_P017;FIT2_T013;FIT2_TA069;alta;Adaptar carga, volumen, frecuencia, rango, descansos y tareas al nivel, historial, molestias, material, preferencias y disponibilidad. No sustituye valoración médica/fisioterapéutica si hay dolor, lesión o señales de alarma.
FIT2_R0248;FIT2_P017;FIT2_T013;FIT2_TA070;alta;Adaptar carga, volumen, frecuencia, rango, descansos y tareas al nivel, historial, molestias, material, preferencias y disponibilidad. No sustituye valoración médica/fisioterapéutica si hay dolor, lesión o señales de alarma.
FIT2_R0249;FIT2_P017;FIT2_T013;FIT2_TA071;alta;Adaptar carga, volumen, frecuencia, rango, descansos y tareas al nivel, historial, molestias, material, preferencias y disponibilidad. No sustituye valoración médica/fisioterapéutica si hay dolor, lesión o señales de alarma.
FIT2_R0250;FIT2_P017;FIT2_T013;FIT2_TA072;alta;Adaptar carga, volumen, frecuencia, rango, descansos y tareas al nivel, historial, molestias, material, preferencias y disponibilidad. No sustituye valoración médica/fisioterapéutica si hay dolor, lesión o señales de alarma.
FIT2_R0251;FIT2_P017;FIT2_T022;FIT2_TA024;media;Adaptar carga, volumen, frecuencia, rango, descansos y tareas al nivel, historial, molestias, material, preferencias y disponibilidad. No sustituye valoración médica/fisioterapéutica si hay dolor, lesión o señales de alarma.
FIT2_R0252;FIT2_P017;FIT2_T035;FIT2_TA004;alta;Adaptar carga, volumen, frecuencia, rango, descansos y tareas al nivel, historial, molestias, material, preferencias y disponibilidad. No sustituye valoración médica/fisioterapéutica si hay dolor, lesión o señales de alarma.
FIT2_R0253;FIT2_P017;FIT2_T054;FIT2_TA012;media;Adaptar carga, volumen, frecuencia, rango, descansos y tareas al nivel, historial, molestias, material, preferencias y disponibilidad. No sustituye valoración médica/fisioterapéutica si hay dolor, lesión o señales de alarma.
FIT2_R0254;FIT2_P017;FIT2_T056;FIT2_TA060;media;Adaptar carga, volumen, frecuencia, rango, descansos y tareas al nivel, historial, molestias, material, preferencias y disponibilidad. No sustituye valoración médica/fisioterapéutica si hay dolor, lesión o señales de alarma.
FIT2_R0255;FIT2_P017;FIT2_T056;FIT2_TA075;media;Adaptar carga, volumen, frecuencia, rango, descansos y tareas al nivel, historial, molestias, material, preferencias y disponibilidad. No sustituye valoración médica/fisioterapéutica si hay dolor, lesión o señales de alarma.
FIT2_R0256;FIT2_P018;FIT2_T010;FIT2_TA010;alta;Adaptar carga, volumen, frecuencia, rango, descansos y tareas al nivel, historial, molestias, material, preferencias y disponibilidad. No sustituye valoración médica/fisioterapéutica si hay dolor, lesión o señales de alarma.
FIT2_R0257;FIT2_P018;FIT2_T010;FIT2_TA067;alta;Adaptar carga, volumen, frecuencia, rango, descansos y tareas al nivel, historial, molestias, material, preferencias y disponibilidad. No sustituye valoración médica/fisioterapéutica si hay dolor, lesión o señales de alarma.
FIT2_R0258;FIT2_P018;FIT2_T012;FIT2_TA011;media;Adaptar carga, volumen, frecuencia, rango, descansos y tareas al nivel, historial, molestias, material, preferencias y disponibilidad. No sustituye valoración médica/fisioterapéutica si hay dolor, lesión o señales de alarma.
FIT2_R0259;FIT2_P018;FIT2_T013;FIT2_TA068;alta;Adaptar carga, volumen, frecuencia, rango, descansos y tareas al nivel, historial, molestias, material, preferencias y disponibilidad. No sustituye valoración médica/fisioterapéutica si hay dolor, lesión o señales de alarma.
FIT2_R0260;FIT2_P018;FIT2_T013;FIT2_TA069;alta;Adaptar carga, volumen, frecuencia, rango, descansos y tareas al nivel, historial, molestias, material, preferencias y disponibilidad. No sustituye valoración médica/fisioterapéutica si hay dolor, lesión o señales de alarma.
FIT2_R0261;FIT2_P018;FIT2_T013;FIT2_TA070;alta;Adaptar carga, volumen, frecuencia, rango, descansos y tareas al nivel, historial, molestias, material, preferencias y disponibilidad. No sustituye valoración médica/fisioterapéutica si hay dolor, lesión o señales de alarma.
FIT2_R0262;FIT2_P018;FIT2_T013;FIT2_TA071;alta;Adaptar carga, volumen, frecuencia, rango, descansos y tareas al nivel, historial, molestias, material, preferencias y disponibilidad. No sustituye valoración médica/fisioterapéutica si hay dolor, lesión o señales de alarma.
FIT2_R0263;FIT2_P018;FIT2_T013;FIT2_TA072;alta;Adaptar carga, volumen, frecuencia, rango, descansos y tareas al nivel, historial, molestias, material, preferencias y disponibilidad. No sustituye valoración médica/fisioterapéutica si hay dolor, lesión o señales de alarma.
FIT2_R0264;FIT2_P018;FIT2_T022;FIT2_TA024;media;Adaptar carga, volumen, frecuencia, rango, descansos y tareas al nivel, historial, molestias, material, preferencias y disponibilidad. No sustituye valoración médica/fisioterapéutica si hay dolor, lesión o señales de alarma.
FIT2_R0265;FIT2_P018;FIT2_T035;FIT2_TA004;alta;Adaptar carga, volumen, frecuencia, rango, descansos y tareas al nivel, historial, molestias, material, preferencias y disponibilidad. No sustituye valoración médica/fisioterapéutica si hay dolor, lesión o señales de alarma.
FIT2_R0266;FIT2_P018;FIT2_T054;FIT2_TA012;media;Adaptar carga, volumen, frecuencia, rango, descansos y tareas al nivel, historial, molestias, material, preferencias y disponibilidad. No sustituye valoración médica/fisioterapéutica si hay dolor, lesión o señales de alarma.
FIT2_R0267;FIT2_P018;FIT2_T056;FIT2_TA060;media;Adaptar carga, volumen, frecuencia, rango, descansos y tareas al nivel, historial, molestias, material, preferencias y disponibilidad. No sustituye valoración médica/fisioterapéutica si hay dolor, lesión o señales de alarma.
FIT2_R0268;FIT2_P018;FIT2_T056;FIT2_TA075;media;Adaptar carga, volumen, frecuencia, rango, descansos y tareas al nivel, historial, molestias, material, preferencias y disponibilidad. No sustituye valoración médica/fisioterapéutica si hay dolor, lesión o señales de alarma.
FIT2_R0269;FIT2_P019;FIT2_T010;FIT2_TA010;alta;Adaptar carga, volumen, frecuencia, rango, descansos y tareas al nivel, historial, molestias, material, preferencias y disponibilidad. No sustituye valoración médica/fisioterapéutica si hay dolor, lesión o señales de alarma.
FIT2_R0270;FIT2_P019;FIT2_T010;FIT2_TA067;alta;Adaptar carga, volumen, frecuencia, rango, descansos y tareas al nivel, historial, molestias, material, preferencias y disponibilidad. No sustituye valoración médica/fisioterapéutica si hay dolor, lesión o señales de alarma.
FIT2_R0271;FIT2_P019;FIT2_T012;FIT2_TA011;media;Adaptar carga, volumen, frecuencia, rango, descansos y tareas al nivel, historial, molestias, material, preferencias y disponibilidad. No sustituye valoración médica/fisioterapéutica si hay dolor, lesión o señales de alarma.
FIT2_R0272;FIT2_P019;FIT2_T013;FIT2_TA068;alta;Adaptar carga, volumen, frecuencia, rango, descansos y tareas al nivel, historial, molestias, material, preferencias y disponibilidad. No sustituye valoración médica/fisioterapéutica si hay dolor, lesión o señales de alarma.
FIT2_R0273;FIT2_P019;FIT2_T013;FIT2_TA069;alta;Adaptar carga, volumen, frecuencia, rango, descansos y tareas al nivel, historial, molestias, material, preferencias y disponibilidad. No sustituye valoración médica/fisioterapéutica si hay dolor, lesión o señales de alarma.
FIT2_R0274;FIT2_P019;FIT2_T013;FIT2_TA070;alta;Adaptar carga, volumen, frecuencia, rango, descansos y tareas al nivel, historial, molestias, material, preferencias y disponibilidad. No sustituye valoración médica/fisioterapéutica si hay dolor, lesión o señales de alarma.
FIT2_R0275;FIT2_P019;FIT2_T013;FIT2_TA071;alta;Adaptar carga, volumen, frecuencia, rango, descansos y tareas al nivel, historial, molestias, material, preferencias y disponibilidad. No sustituye valoración médica/fisioterapéutica si hay dolor, lesión o señales de alarma.
FIT2_R0276;FIT2_P019;FIT2_T013;FIT2_TA072;alta;Adaptar carga, volumen, frecuencia, rango, descansos y tareas al nivel, historial, molestias, material, preferencias y disponibilidad. No sustituye valoración médica/fisioterapéutica si hay dolor, lesión o señales de alarma.
FIT2_R0277;FIT2_P019;FIT2_T022;FIT2_TA024;media;Adaptar carga, volumen, frecuencia, rango, descansos y tareas al nivel, historial, molestias, material, preferencias y disponibilidad. No sustituye valoración médica/fisioterapéutica si hay dolor, lesión o señales de alarma.
FIT2_R0278;FIT2_P019;FIT2_T035;FIT2_TA004;alta;Adaptar carga, volumen, frecuencia, rango, descansos y tareas al nivel, historial, molestias, material, preferencias y disponibilidad. No sustituye valoración médica/fisioterapéutica si hay dolor, lesión o señales de alarma.
FIT2_R0279;FIT2_P019;FIT2_T054;FIT2_TA012;media;Adaptar carga, volumen, frecuencia, rango, descansos y tareas al nivel, historial, molestias, material, preferencias y disponibilidad. No sustituye valoración médica/fisioterapéutica si hay dolor, lesión o señales de alarma.
FIT2_R0280;FIT2_P019;FIT2_T056;FIT2_TA060;media;Adaptar carga, volumen, frecuencia, rango, descansos y tareas al nivel, historial, molestias, material, preferencias y disponibilidad. No sustituye valoración médica/fisioterapéutica si hay dolor, lesión o señales de alarma.
FIT2_R0281;FIT2_P019;FIT2_T056;FIT2_TA075;media;Adaptar carga, volumen, frecuencia, rango, descansos y tareas al nivel, historial, molestias, material, preferencias y disponibilidad. No sustituye valoración médica/fisioterapéutica si hay dolor, lesión o señales de alarma.
FIT2_R0282;FIT2_P020;FIT2_T010;FIT2_TA010;alta;Adaptar carga, volumen, frecuencia, rango, descansos y tareas al nivel, historial, molestias, material, preferencias y disponibilidad. No sustituye valoración médica/fisioterapéutica si hay dolor, lesión o señales de alarma.
FIT2_R0283;FIT2_P020;FIT2_T010;FIT2_TA067;alta;Adaptar carga, volumen, frecuencia, rango, descansos y tareas al nivel, historial, molestias, material, preferencias y disponibilidad. No sustituye valoración médica/fisioterapéutica si hay dolor, lesión o señales de alarma.
FIT2_R0284;FIT2_P020;FIT2_T012;FIT2_TA011;media;Adaptar carga, volumen, frecuencia, rango, descansos y tareas al nivel, historial, molestias, material, preferencias y disponibilidad. No sustituye valoración médica/fisioterapéutica si hay dolor, lesión o señales de alarma.
FIT2_R0285;FIT2_P020;FIT2_T013;FIT2_TA068;alta;Adaptar carga, volumen, frecuencia, rango, descansos y tareas al nivel, historial, molestias, material, preferencias y disponibilidad. No sustituye valoración médica/fisioterapéutica si hay dolor, lesión o señales de alarma.
FIT2_R0286;FIT2_P020;FIT2_T013;FIT2_TA069;alta;Adaptar carga, volumen, frecuencia, rango, descansos y tareas al nivel, historial, molestias, material, preferencias y disponibilidad. No sustituye valoración médica/fisioterapéutica si hay dolor, lesión o señales de alarma.
FIT2_R0287;FIT2_P020;FIT2_T013;FIT2_TA070;alta;Adaptar carga, volumen, frecuencia, rango, descansos y tareas al nivel, historial, molestias, material, preferencias y disponibilidad. No sustituye valoración médica/fisioterapéutica si hay dolor, lesión o señales de alarma.
FIT2_R0288;FIT2_P020;FIT2_T013;FIT2_TA071;alta;Adaptar carga, volumen, frecuencia, rango, descansos y tareas al nivel, historial, molestias, material, preferencias y disponibilidad. No sustituye valoración médica/fisioterapéutica si hay dolor, lesión o señales de alarma.
FIT2_R0289;FIT2_P020;FIT2_T013;FIT2_TA072;alta;Adaptar carga, volumen, frecuencia, rango, descansos y tareas al nivel, historial, molestias, material, preferencias y disponibilidad. No sustituye valoración médica/fisioterapéutica si hay dolor, lesión o señales de alarma.
FIT2_R0290;FIT2_P020;FIT2_T022;FIT2_TA024;media;Adaptar carga, volumen, frecuencia, rango, descansos y tareas al nivel, historial, molestias, material, preferencias y disponibilidad. No sustituye valoración médica/fisioterapéutica si hay dolor, lesión o señales de alarma.
FIT2_R0291;FIT2_P020;FIT2_T035;FIT2_TA004;alta;Adaptar carga, volumen, frecuencia, rango, descansos y tareas al nivel, historial, molestias, material, preferencias y disponibilidad. No sustituye valoración médica/fisioterapéutica si hay dolor, lesión o señales de alarma.
FIT2_R0292;FIT2_P020;FIT2_T054;FIT2_TA012;media;Adaptar carga, volumen, frecuencia, rango, descansos y tareas al nivel, historial, molestias, material, preferencias y disponibilidad. No sustituye valoración médica/fisioterapéutica si hay dolor, lesión o señales de alarma.
FIT2_R0293;FIT2_P020;FIT2_T056;FIT2_TA060;media;Adaptar carga, volumen, frecuencia, rango, descansos y tareas al nivel, historial, molestias, material, preferencias y disponibilidad. No sustituye valoración médica/fisioterapéutica si hay dolor, lesión o señales de alarma.
FIT2_R0294;FIT2_P020;FIT2_T056;FIT2_TA075;media;Adaptar carga, volumen, frecuencia, rango, descansos y tareas al nivel, historial, molestias, material, preferencias y disponibilidad. No sustituye valoración médica/fisioterapéutica si hay dolor, lesión o señales de alarma.
FIT2_R0295;FIT2_P021;FIT2_T010;FIT2_TA010;alta;Adaptar carga, volumen, frecuencia, rango, descansos y tareas al nivel, historial, molestias, material, preferencias y disponibilidad. No sustituye valoración médica/fisioterapéutica si hay dolor, lesión o señales de alarma.
FIT2_R0296;FIT2_P021;FIT2_T010;FIT2_TA067;alta;Adaptar carga, volumen, frecuencia, rango, descansos y tareas al nivel, historial, molestias, material, preferencias y disponibilidad. No sustituye valoración médica/fisioterapéutica si hay dolor, lesión o señales de alarma.
FIT2_R0297;FIT2_P021;FIT2_T012;FIT2_TA011;media;Adaptar carga, volumen, frecuencia, rango, descansos y tareas al nivel, historial, molestias, material, preferencias y disponibilidad. No sustituye valoración médica/fisioterapéutica si hay dolor, lesión o señales de alarma.
FIT2_R0298;FIT2_P021;FIT2_T013;FIT2_TA068;alta;Adaptar carga, volumen, frecuencia, rango, descansos y tareas al nivel, historial, molestias, material, preferencias y disponibilidad. No sustituye valoración médica/fisioterapéutica si hay dolor, lesión o señales de alarma.
FIT2_R0299;FIT2_P021;FIT2_T013;FIT2_TA069;alta;Adaptar carga, volumen, frecuencia, rango, descansos y tareas al nivel, historial, molestias, material, preferencias y disponibilidad. No sustituye valoración médica/fisioterapéutica si hay dolor, lesión o señales de alarma.
FIT2_R0300;FIT2_P021;FIT2_T013;FIT2_TA070;alta;Adaptar carga, volumen, frecuencia, rango, descansos y tareas al nivel, historial, molestias, material, preferencias y disponibilidad. No sustituye valoración médica/fisioterapéutica si hay dolor, lesión o señales de alarma.
FIT2_R0301;FIT2_P021;FIT2_T013;FIT2_TA071;alta;Adaptar carga, volumen, frecuencia, rango, descansos y tareas al nivel, historial, molestias, material, preferencias y disponibilidad. No sustituye valoración médica/fisioterapéutica si hay dolor, lesión o señales de alarma.
FIT2_R0302;FIT2_P021;FIT2_T013;FIT2_TA072;alta;Adaptar carga, volumen, frecuencia, rango, descansos y tareas al nivel, historial, molestias, material, preferencias y disponibilidad. No sustituye valoración médica/fisioterapéutica si hay dolor, lesión o señales de alarma.
FIT2_R0303;FIT2_P021;FIT2_T022;FIT2_TA024;media;Adaptar carga, volumen, frecuencia, rango, descansos y tareas al nivel, historial, molestias, material, preferencias y disponibilidad. No sustituye valoración médica/fisioterapéutica si hay dolor, lesión o señales de alarma.
FIT2_R0304;FIT2_P021;FIT2_T035;FIT2_TA004;alta;Adaptar carga, volumen, frecuencia, rango, descansos y tareas al nivel, historial, molestias, material, preferencias y disponibilidad. No sustituye valoración médica/fisioterapéutica si hay dolor, lesión o señales de alarma.
FIT2_R0305;FIT2_P021;FIT2_T054;FIT2_TA012;media;Adaptar carga, volumen, frecuencia, rango, descansos y tareas al nivel, historial, molestias, material, preferencias y disponibilidad. No sustituye valoración médica/fisioterapéutica si hay dolor, lesión o señales de alarma.
FIT2_R0306;FIT2_P021;FIT2_T056;FIT2_TA060;media;Adaptar carga, volumen, frecuencia, rango, descansos y tareas al nivel, historial, molestias, material, preferencias y disponibilidad. No sustituye valoración médica/fisioterapéutica si hay dolor, lesión o señales de alarma.
FIT2_R0307;FIT2_P021;FIT2_T056;FIT2_TA075;media;Adaptar carga, volumen, frecuencia, rango, descansos y tareas al nivel, historial, molestias, material, preferencias y disponibilidad. No sustituye valoración médica/fisioterapéutica si hay dolor, lesión o señales de alarma.
FIT2_R0308;FIT2_P022;FIT2_T023;FIT2_TA025;alta;Adaptar carga, volumen, frecuencia, rango, descansos y tareas al nivel, historial, molestias, material, preferencias y disponibilidad. No sustituye valoración médica/fisioterapéutica si hay dolor, lesión o señales de alarma.
FIT2_R0309;FIT2_P022;FIT2_T023;FIT2_TA026;alta;Adaptar carga, volumen, frecuencia, rango, descansos y tareas al nivel, historial, molestias, material, preferencias y disponibilidad. No sustituye valoración médica/fisioterapéutica si hay dolor, lesión o señales de alarma.
FIT2_R0310;FIT2_P022;FIT2_T023;FIT2_TA076;alta;Adaptar carga, volumen, frecuencia, rango, descansos y tareas al nivel, historial, molestias, material, preferencias y disponibilidad. No sustituye valoración médica/fisioterapéutica si hay dolor, lesión o señales de alarma.
FIT2_R0311;FIT2_P022;FIT2_T023;FIT2_TA080;alta;Adaptar carga, volumen, frecuencia, rango, descansos y tareas al nivel, historial, molestias, material, preferencias y disponibilidad. No sustituye valoración médica/fisioterapéutica si hay dolor, lesión o señales de alarma.
FIT2_R0312;FIT2_P022;FIT2_T024;FIT2_TA027;media;Adaptar carga, volumen, frecuencia, rango, descansos y tareas al nivel, historial, molestias, material, preferencias y disponibilidad. No sustituye valoración médica/fisioterapéutica si hay dolor, lesión o señales de alarma.
FIT2_R0313;FIT2_P022;FIT2_T032;FIT2_TA037;media;Adaptar carga, volumen, frecuencia, rango, descansos y tareas al nivel, historial, molestias, material, preferencias y disponibilidad. No sustituye valoración médica/fisioterapéutica si hay dolor, lesión o señales de alarma.
FIT2_R0314;FIT2_P022;FIT2_T032;FIT2_TA077;media;Adaptar carga, volumen, frecuencia, rango, descansos y tareas al nivel, historial, molestias, material, preferencias y disponibilidad. No sustituye valoración médica/fisioterapéutica si hay dolor, lesión o señales de alarma.
FIT2_R0315;FIT2_P022;FIT2_T036;FIT2_TA035;media;Adaptar carga, volumen, frecuencia, rango, descansos y tareas al nivel, historial, molestias, material, preferencias y disponibilidad. No sustituye valoración médica/fisioterapéutica si hay dolor, lesión o señales de alarma.
FIT2_R0316;FIT2_P022;FIT2_T036;FIT2_TA036;media;Adaptar carga, volumen, frecuencia, rango, descansos y tareas al nivel, historial, molestias, material, preferencias y disponibilidad. No sustituye valoración médica/fisioterapéutica si hay dolor, lesión o señales de alarma.
FIT2_R0317;FIT2_P022;FIT2_T037;FIT2_TA041;alta;Adaptar carga, volumen, frecuencia, rango, descansos y tareas al nivel, historial, molestias, material, preferencias y disponibilidad. No sustituye valoración médica/fisioterapéutica si hay dolor, lesión o señales de alarma.
FIT2_R0318;FIT2_P022;FIT2_T037;FIT2_TA042;alta;Adaptar carga, volumen, frecuencia, rango, descansos y tareas al nivel, historial, molestias, material, preferencias y disponibilidad. No sustituye valoración médica/fisioterapéutica si hay dolor, lesión o señales de alarma.
FIT2_R0319;FIT2_P022;FIT2_T038;FIT2_TA043;media;Adaptar carga, volumen, frecuencia, rango, descansos y tareas al nivel, historial, molestias, material, preferencias y disponibilidad. No sustituye valoración médica/fisioterapéutica si hay dolor, lesión o señales de alarma.
FIT2_R0320;FIT2_P022;FIT2_T040;FIT2_TA044;media;Adaptar carga, volumen, frecuencia, rango, descansos y tareas al nivel, historial, molestias, material, preferencias y disponibilidad. No sustituye valoración médica/fisioterapéutica si hay dolor, lesión o señales de alarma.
FIT2_R0321;FIT2_P022;FIT2_T052;FIT2_TA039;media;Adaptar carga, volumen, frecuencia, rango, descansos y tareas al nivel, historial, molestias, material, preferencias y disponibilidad. No sustituye valoración médica/fisioterapéutica si hay dolor, lesión o señales de alarma.
FIT2_R0322;FIT2_P022;FIT2_T052;FIT2_TA040;media;Adaptar carga, volumen, frecuencia, rango, descansos y tareas al nivel, historial, molestias, material, preferencias y disponibilidad. No sustituye valoración médica/fisioterapéutica si hay dolor, lesión o señales de alarma.
FIT2_R0323;FIT2_P023;FIT2_T023;FIT2_TA025;alta;Adaptar carga, volumen, frecuencia, rango, descansos y tareas al nivel, historial, molestias, material, preferencias y disponibilidad. No sustituye valoración médica/fisioterapéutica si hay dolor, lesión o señales de alarma.
FIT2_R0324;FIT2_P023;FIT2_T023;FIT2_TA026;alta;Adaptar carga, volumen, frecuencia, rango, descansos y tareas al nivel, historial, molestias, material, preferencias y disponibilidad. No sustituye valoración médica/fisioterapéutica si hay dolor, lesión o señales de alarma.
FIT2_R0325;FIT2_P023;FIT2_T023;FIT2_TA076;alta;Adaptar carga, volumen, frecuencia, rango, descansos y tareas al nivel, historial, molestias, material, preferencias y disponibilidad. No sustituye valoración médica/fisioterapéutica si hay dolor, lesión o señales de alarma.
FIT2_R0326;FIT2_P023;FIT2_T023;FIT2_TA080;alta;Adaptar carga, volumen, frecuencia, rango, descansos y tareas al nivel, historial, molestias, material, preferencias y disponibilidad. No sustituye valoración médica/fisioterapéutica si hay dolor, lesión o señales de alarma.
FIT2_R0327;FIT2_P023;FIT2_T024;FIT2_TA027;media;Adaptar carga, volumen, frecuencia, rango, descansos y tareas al nivel, historial, molestias, material, preferencias y disponibilidad. No sustituye valoración médica/fisioterapéutica si hay dolor, lesión o señales de alarma.
FIT2_R0328;FIT2_P023;FIT2_T032;FIT2_TA037;media;Adaptar carga, volumen, frecuencia, rango, descansos y tareas al nivel, historial, molestias, material, preferencias y disponibilidad. No sustituye valoración médica/fisioterapéutica si hay dolor, lesión o señales de alarma.
FIT2_R0329;FIT2_P023;FIT2_T032;FIT2_TA077;media;Adaptar carga, volumen, frecuencia, rango, descansos y tareas al nivel, historial, molestias, material, preferencias y disponibilidad. No sustituye valoración médica/fisioterapéutica si hay dolor, lesión o señales de alarma.
FIT2_R0330;FIT2_P023;FIT2_T036;FIT2_TA035;media;Adaptar carga, volumen, frecuencia, rango, descansos y tareas al nivel, historial, molestias, material, preferencias y disponibilidad. No sustituye valoración médica/fisioterapéutica si hay dolor, lesión o señales de alarma.
FIT2_R0331;FIT2_P023;FIT2_T036;FIT2_TA036;media;Adaptar carga, volumen, frecuencia, rango, descansos y tareas al nivel, historial, molestias, material, preferencias y disponibilidad. No sustituye valoración médica/fisioterapéutica si hay dolor, lesión o señales de alarma.
FIT2_R0332;FIT2_P023;FIT2_T037;FIT2_TA041;alta;Adaptar carga, volumen, frecuencia, rango, descansos y tareas al nivel, historial, molestias, material, preferencias y disponibilidad. No sustituye valoración médica/fisioterapéutica si hay dolor, lesión o señales de alarma.
FIT2_R0333;FIT2_P023;FIT2_T037;FIT2_TA042;alta;Adaptar carga, volumen, frecuencia, rango, descansos y tareas al nivel, historial, molestias, material, preferencias y disponibilidad. No sustituye valoración médica/fisioterapéutica si hay dolor, lesión o señales de alarma.
FIT2_R0334;FIT2_P023;FIT2_T038;FIT2_TA043;media;Adaptar carga, volumen, frecuencia, rango, descansos y tareas al nivel, historial, molestias, material, preferencias y disponibilidad. No sustituye valoración médica/fisioterapéutica si hay dolor, lesión o señales de alarma.
FIT2_R0335;FIT2_P023;FIT2_T040;FIT2_TA044;media;Adaptar carga, volumen, frecuencia, rango, descansos y tareas al nivel, historial, molestias, material, preferencias y disponibilidad. No sustituye valoración médica/fisioterapéutica si hay dolor, lesión o señales de alarma.
FIT2_R0336;FIT2_P023;FIT2_T052;FIT2_TA039;media;Adaptar carga, volumen, frecuencia, rango, descansos y tareas al nivel, historial, molestias, material, preferencias y disponibilidad. No sustituye valoración médica/fisioterapéutica si hay dolor, lesión o señales de alarma.
FIT2_R0337;FIT2_P023;FIT2_T052;FIT2_TA040;media;Adaptar carga, volumen, frecuencia, rango, descansos y tareas al nivel, historial, molestias, material, preferencias y disponibilidad. No sustituye valoración médica/fisioterapéutica si hay dolor, lesión o señales de alarma.
FIT2_R0338;FIT2_P024;FIT2_T023;FIT2_TA025;alta;Adaptar carga, volumen, frecuencia, rango, descansos y tareas al nivel, historial, molestias, material, preferencias y disponibilidad. No sustituye valoración médica/fisioterapéutica si hay dolor, lesión o señales de alarma.
FIT2_R0339;FIT2_P024;FIT2_T023;FIT2_TA026;alta;Adaptar carga, volumen, frecuencia, rango, descansos y tareas al nivel, historial, molestias, material, preferencias y disponibilidad. No sustituye valoración médica/fisioterapéutica si hay dolor, lesión o señales de alarma.
FIT2_R0340;FIT2_P024;FIT2_T023;FIT2_TA076;alta;Adaptar carga, volumen, frecuencia, rango, descansos y tareas al nivel, historial, molestias, material, preferencias y disponibilidad. No sustituye valoración médica/fisioterapéutica si hay dolor, lesión o señales de alarma.
FIT2_R0341;FIT2_P024;FIT2_T023;FIT2_TA080;alta;Adaptar carga, volumen, frecuencia, rango, descansos y tareas al nivel, historial, molestias, material, preferencias y disponibilidad. No sustituye valoración médica/fisioterapéutica si hay dolor, lesión o señales de alarma.
FIT2_R0342;FIT2_P024;FIT2_T024;FIT2_TA027;media;Adaptar carga, volumen, frecuencia, rango, descansos y tareas al nivel, historial, molestias, material, preferencias y disponibilidad. No sustituye valoración médica/fisioterapéutica si hay dolor, lesión o señales de alarma.
FIT2_R0343;FIT2_P024;FIT2_T032;FIT2_TA037;media;Adaptar carga, volumen, frecuencia, rango, descansos y tareas al nivel, historial, molestias, material, preferencias y disponibilidad. No sustituye valoración médica/fisioterapéutica si hay dolor, lesión o señales de alarma.
FIT2_R0344;FIT2_P024;FIT2_T032;FIT2_TA077;media;Adaptar carga, volumen, frecuencia, rango, descansos y tareas al nivel, historial, molestias, material, preferencias y disponibilidad. No sustituye valoración médica/fisioterapéutica si hay dolor, lesión o señales de alarma.
FIT2_R0345;FIT2_P024;FIT2_T036;FIT2_TA035;media;Adaptar carga, volumen, frecuencia, rango, descansos y tareas al nivel, historial, molestias, material, preferencias y disponibilidad. No sustituye valoración médica/fisioterapéutica si hay dolor, lesión o señales de alarma.
FIT2_R0346;FIT2_P024;FIT2_T036;FIT2_TA036;media;Adaptar carga, volumen, frecuencia, rango, descansos y tareas al nivel, historial, molestias, material, preferencias y disponibilidad. No sustituye valoración médica/fisioterapéutica si hay dolor, lesión o señales de alarma.
FIT2_R0347;FIT2_P024;FIT2_T037;FIT2_TA041;alta;Adaptar carga, volumen, frecuencia, rango, descansos y tareas al nivel, historial, molestias, material, preferencias y disponibilidad. No sustituye valoración médica/fisioterapéutica si hay dolor, lesión o señales de alarma.
FIT2_R0348;FIT2_P024;FIT2_T037;FIT2_TA042;alta;Adaptar carga, volumen, frecuencia, rango, descansos y tareas al nivel, historial, molestias, material, preferencias y disponibilidad. No sustituye valoración médica/fisioterapéutica si hay dolor, lesión o señales de alarma.
FIT2_R0349;FIT2_P024;FIT2_T038;FIT2_TA043;media;Adaptar carga, volumen, frecuencia, rango, descansos y tareas al nivel, historial, molestias, material, preferencias y disponibilidad. No sustituye valoración médica/fisioterapéutica si hay dolor, lesión o señales de alarma.
FIT2_R0350;FIT2_P024;FIT2_T040;FIT2_TA044;media;Adaptar carga, volumen, frecuencia, rango, descansos y tareas al nivel, historial, molestias, material, preferencias y disponibilidad. No sustituye valoración médica/fisioterapéutica si hay dolor, lesión o señales de alarma.
FIT2_R0351;FIT2_P024;FIT2_T052;FIT2_TA039;media;Adaptar carga, volumen, frecuencia, rango, descansos y tareas al nivel, historial, molestias, material, preferencias y disponibilidad. No sustituye valoración médica/fisioterapéutica si hay dolor, lesión o señales de alarma.
FIT2_R0352;FIT2_P024;FIT2_T052;FIT2_TA040;media;Adaptar carga, volumen, frecuencia, rango, descansos y tareas al nivel, historial, molestias, material, preferencias y disponibilidad. No sustituye valoración médica/fisioterapéutica si hay dolor, lesión o señales de alarma.
FIT2_R0353;FIT2_P025;FIT2_T023;FIT2_TA025;alta;Adaptar carga, volumen, frecuencia, rango, descansos y tareas al nivel, historial, molestias, material, preferencias y disponibilidad. No sustituye valoración médica/fisioterapéutica si hay dolor, lesión o señales de alarma.
FIT2_R0354;FIT2_P025;FIT2_T023;FIT2_TA026;alta;Adaptar carga, volumen, frecuencia, rango, descansos y tareas al nivel, historial, molestias, material, preferencias y disponibilidad. No sustituye valoración médica/fisioterapéutica si hay dolor, lesión o señales de alarma.
FIT2_R0355;FIT2_P025;FIT2_T023;FIT2_TA076;alta;Adaptar carga, volumen, frecuencia, rango, descansos y tareas al nivel, historial, molestias, material, preferencias y disponibilidad. No sustituye valoración médica/fisioterapéutica si hay dolor, lesión o señales de alarma.
FIT2_R0356;FIT2_P025;FIT2_T023;FIT2_TA080;alta;Adaptar carga, volumen, frecuencia, rango, descansos y tareas al nivel, historial, molestias, material, preferencias y disponibilidad. No sustituye valoración médica/fisioterapéutica si hay dolor, lesión o señales de alarma.
FIT2_R0357;FIT2_P025;FIT2_T024;FIT2_TA027;media;Adaptar carga, volumen, frecuencia, rango, descansos y tareas al nivel, historial, molestias, material, preferencias y disponibilidad. No sustituye valoración médica/fisioterapéutica si hay dolor, lesión o señales de alarma.
FIT2_R0358;FIT2_P025;FIT2_T032;FIT2_TA037;media;Adaptar carga, volumen, frecuencia, rango, descansos y tareas al nivel, historial, molestias, material, preferencias y disponibilidad. No sustituye valoración médica/fisioterapéutica si hay dolor, lesión o señales de alarma.
FIT2_R0359;FIT2_P025;FIT2_T032;FIT2_TA077;media;Adaptar carga, volumen, frecuencia, rango, descansos y tareas al nivel, historial, molestias, material, preferencias y disponibilidad. No sustituye valoración médica/fisioterapéutica si hay dolor, lesión o señales de alarma.
FIT2_R0360;FIT2_P025;FIT2_T036;FIT2_TA035;media;Adaptar carga, volumen, frecuencia, rango, descansos y tareas al nivel, historial, molestias, material, preferencias y disponibilidad. No sustituye valoración médica/fisioterapéutica si hay dolor, lesión o señales de alarma.
FIT2_R0361;FIT2_P025;FIT2_T036;FIT2_TA036;media;Adaptar carga, volumen, frecuencia, rango, descansos y tareas al nivel, historial, molestias, material, preferencias y disponibilidad. No sustituye valoración médica/fisioterapéutica si hay dolor, lesión o señales de alarma.
FIT2_R0362;FIT2_P025;FIT2_T037;FIT2_TA041;alta;Adaptar carga, volumen, frecuencia, rango, descansos y tareas al nivel, historial, molestias, material, preferencias y disponibilidad. No sustituye valoración médica/fisioterapéutica si hay dolor, lesión o señales de alarma.
FIT2_R0363;FIT2_P025;FIT2_T037;FIT2_TA042;alta;Adaptar carga, volumen, frecuencia, rango, descansos y tareas al nivel, historial, molestias, material, preferencias y disponibilidad. No sustituye valoración médica/fisioterapéutica si hay dolor, lesión o señales de alarma.
FIT2_R0364;FIT2_P025;FIT2_T038;FIT2_TA043;media;Adaptar carga, volumen, frecuencia, rango, descansos y tareas al nivel, historial, molestias, material, preferencias y disponibilidad. No sustituye valoración médica/fisioterapéutica si hay dolor, lesión o señales de alarma.
FIT2_R0365;FIT2_P025;FIT2_T040;FIT2_TA044;media;Adaptar carga, volumen, frecuencia, rango, descansos y tareas al nivel, historial, molestias, material, preferencias y disponibilidad. No sustituye valoración médica/fisioterapéutica si hay dolor, lesión o señales de alarma.
FIT2_R0366;FIT2_P025;FIT2_T052;FIT2_TA039;media;Adaptar carga, volumen, frecuencia, rango, descansos y tareas al nivel, historial, molestias, material, preferencias y disponibilidad. No sustituye valoración médica/fisioterapéutica si hay dolor, lesión o señales de alarma.
FIT2_R0367;FIT2_P025;FIT2_T052;FIT2_TA040;media;Adaptar carga, volumen, frecuencia, rango, descansos y tareas al nivel, historial, molestias, material, preferencias y disponibilidad. No sustituye valoración médica/fisioterapéutica si hay dolor, lesión o señales de alarma.
FIT2_R0368;FIT2_P026;FIT2_T023;FIT2_TA025;alta;Adaptar carga, volumen, frecuencia, rango, descansos y tareas al nivel, historial, molestias, material, preferencias y disponibilidad. No sustituye valoración médica/fisioterapéutica si hay dolor, lesión o señales de alarma.
FIT2_R0369;FIT2_P026;FIT2_T023;FIT2_TA026;alta;Adaptar carga, volumen, frecuencia, rango, descansos y tareas al nivel, historial, molestias, material, preferencias y disponibilidad. No sustituye valoración médica/fisioterapéutica si hay dolor, lesión o señales de alarma.
FIT2_R0370;FIT2_P026;FIT2_T023;FIT2_TA076;alta;Adaptar carga, volumen, frecuencia, rango, descansos y tareas al nivel, historial, molestias, material, preferencias y disponibilidad. No sustituye valoración médica/fisioterapéutica si hay dolor, lesión o señales de alarma.
FIT2_R0371;FIT2_P026;FIT2_T023;FIT2_TA080;alta;Adaptar carga, volumen, frecuencia, rango, descansos y tareas al nivel, historial, molestias, material, preferencias y disponibilidad. No sustituye valoración médica/fisioterapéutica si hay dolor, lesión o señales de alarma.
FIT2_R0372;FIT2_P026;FIT2_T024;FIT2_TA027;media;Adaptar carga, volumen, frecuencia, rango, descansos y tareas al nivel, historial, molestias, material, preferencias y disponibilidad. No sustituye valoración médica/fisioterapéutica si hay dolor, lesión o señales de alarma.
FIT2_R0373;FIT2_P026;FIT2_T032;FIT2_TA037;media;Adaptar carga, volumen, frecuencia, rango, descansos y tareas al nivel, historial, molestias, material, preferencias y disponibilidad. No sustituye valoración médica/fisioterapéutica si hay dolor, lesión o señales de alarma.
FIT2_R0374;FIT2_P026;FIT2_T032;FIT2_TA077;media;Adaptar carga, volumen, frecuencia, rango, descansos y tareas al nivel, historial, molestias, material, preferencias y disponibilidad. No sustituye valoración médica/fisioterapéutica si hay dolor, lesión o señales de alarma.
FIT2_R0375;FIT2_P026;FIT2_T036;FIT2_TA035;media;Adaptar carga, volumen, frecuencia, rango, descansos y tareas al nivel, historial, molestias, material, preferencias y disponibilidad. No sustituye valoración médica/fisioterapéutica si hay dolor, lesión o señales de alarma.
FIT2_R0376;FIT2_P026;FIT2_T036;FIT2_TA036;media;Adaptar carga, volumen, frecuencia, rango, descansos y tareas al nivel, historial, molestias, material, preferencias y disponibilidad. No sustituye valoración médica/fisioterapéutica si hay dolor, lesión o señales de alarma.
FIT2_R0377;FIT2_P026;FIT2_T037;FIT2_TA041;alta;Adaptar carga, volumen, frecuencia, rango, descansos y tareas al nivel, historial, molestias, material, preferencias y disponibilidad. No sustituye valoración médica/fisioterapéutica si hay dolor, lesión o señales de alarma.
FIT2_R0378;FIT2_P026;FIT2_T037;FIT2_TA042;alta;Adaptar carga, volumen, frecuencia, rango, descansos y tareas al nivel, historial, molestias, material, preferencias y disponibilidad. No sustituye valoración médica/fisioterapéutica si hay dolor, lesión o señales de alarma.
FIT2_R0379;FIT2_P026;FIT2_T038;FIT2_TA043;media;Adaptar carga, volumen, frecuencia, rango, descansos y tareas al nivel, historial, molestias, material, preferencias y disponibilidad. No sustituye valoración médica/fisioterapéutica si hay dolor, lesión o señales de alarma.
FIT2_R0380;FIT2_P026;FIT2_T040;FIT2_TA044;media;Adaptar carga, volumen, frecuencia, rango, descansos y tareas al nivel, historial, molestias, material, preferencias y disponibilidad. No sustituye valoración médica/fisioterapéutica si hay dolor, lesión o señales de alarma.
FIT2_R0381;FIT2_P026;FIT2_T052;FIT2_TA039;media;Adaptar carga, volumen, frecuencia, rango, descansos y tareas al nivel, historial, molestias, material, preferencias y disponibilidad. No sustituye valoración médica/fisioterapéutica si hay dolor, lesión o señales de alarma.
FIT2_R0382;FIT2_P026;FIT2_T052;FIT2_TA040;media;Adaptar carga, volumen, frecuencia, rango, descansos y tareas al nivel, historial, molestias, material, preferencias y disponibilidad. No sustituye valoración médica/fisioterapéutica si hay dolor, lesión o señales de alarma.
FIT2_R0383;FIT2_P027;FIT2_T023;FIT2_TA025;alta;Adaptar carga, volumen, frecuencia, rango, descansos y tareas al nivel, historial, molestias, material, preferencias y disponibilidad. No sustituye valoración médica/fisioterapéutica si hay dolor, lesión o señales de alarma.
FIT2_R0384;FIT2_P027;FIT2_T023;FIT2_TA026;alta;Adaptar carga, volumen, frecuencia, rango, descansos y tareas al nivel, historial, molestias, material, preferencias y disponibilidad. No sustituye valoración médica/fisioterapéutica si hay dolor, lesión o señales de alarma.
FIT2_R0385;FIT2_P027;FIT2_T023;FIT2_TA076;alta;Adaptar carga, volumen, frecuencia, rango, descansos y tareas al nivel, historial, molestias, material, preferencias y disponibilidad. No sustituye valoración médica/fisioterapéutica si hay dolor, lesión o señales de alarma.
FIT2_R0386;FIT2_P027;FIT2_T023;FIT2_TA080;alta;Adaptar carga, volumen, frecuencia, rango, descansos y tareas al nivel, historial, molestias, material, preferencias y disponibilidad. No sustituye valoración médica/fisioterapéutica si hay dolor, lesión o señales de alarma.
FIT2_R0387;FIT2_P027;FIT2_T024;FIT2_TA027;media;Adaptar carga, volumen, frecuencia, rango, descansos y tareas al nivel, historial, molestias, material, preferencias y disponibilidad. No sustituye valoración médica/fisioterapéutica si hay dolor, lesión o señales de alarma.
FIT2_R0388;FIT2_P027;FIT2_T032;FIT2_TA037;media;Adaptar carga, volumen, frecuencia, rango, descansos y tareas al nivel, historial, molestias, material, preferencias y disponibilidad. No sustituye valoración médica/fisioterapéutica si hay dolor, lesión o señales de alarma.
FIT2_R0389;FIT2_P027;FIT2_T032;FIT2_TA077;media;Adaptar carga, volumen, frecuencia, rango, descansos y tareas al nivel, historial, molestias, material, preferencias y disponibilidad. No sustituye valoración médica/fisioterapéutica si hay dolor, lesión o señales de alarma.
FIT2_R0390;FIT2_P027;FIT2_T036;FIT2_TA035;media;Adaptar carga, volumen, frecuencia, rango, descansos y tareas al nivel, historial, molestias, material, preferencias y disponibilidad. No sustituye valoración médica/fisioterapéutica si hay dolor, lesión o señales de alarma.
FIT2_R0391;FIT2_P027;FIT2_T036;FIT2_TA036;media;Adaptar carga, volumen, frecuencia, rango, descansos y tareas al nivel, historial, molestias, material, preferencias y disponibilidad. No sustituye valoración médica/fisioterapéutica si hay dolor, lesión o señales de alarma.
FIT2_R0392;FIT2_P027;FIT2_T037;FIT2_TA041;alta;Adaptar carga, volumen, frecuencia, rango, descansos y tareas al nivel, historial, molestias, material, preferencias y disponibilidad. No sustituye valoración médica/fisioterapéutica si hay dolor, lesión o señales de alarma.
FIT2_R0393;FIT2_P027;FIT2_T037;FIT2_TA042;alta;Adaptar carga, volumen, frecuencia, rango, descansos y tareas al nivel, historial, molestias, material, preferencias y disponibilidad. No sustituye valoración médica/fisioterapéutica si hay dolor, lesión o señales de alarma.
FIT2_R0394;FIT2_P027;FIT2_T038;FIT2_TA043;media;Adaptar carga, volumen, frecuencia, rango, descansos y tareas al nivel, historial, molestias, material, preferencias y disponibilidad. No sustituye valoración médica/fisioterapéutica si hay dolor, lesión o señales de alarma.
FIT2_R0395;FIT2_P027;FIT2_T040;FIT2_TA044;media;Adaptar carga, volumen, frecuencia, rango, descansos y tareas al nivel, historial, molestias, material, preferencias y disponibilidad. No sustituye valoración médica/fisioterapéutica si hay dolor, lesión o señales de alarma.
FIT2_R0396;FIT2_P027;FIT2_T052;FIT2_TA039;media;Adaptar carga, volumen, frecuencia, rango, descansos y tareas al nivel, historial, molestias, material, preferencias y disponibilidad. No sustituye valoración médica/fisioterapéutica si hay dolor, lesión o señales de alarma.
FIT2_R0397;FIT2_P027;FIT2_T052;FIT2_TA040;media;Adaptar carga, volumen, frecuencia, rango, descansos y tareas al nivel, historial, molestias, material, preferencias y disponibilidad. No sustituye valoración médica/fisioterapéutica si hay dolor, lesión o señales de alarma.
FIT2_R0398;FIT2_P028;FIT2_T028;FIT2_TA031;media;Adaptar carga, volumen, frecuencia, rango, descansos y tareas al nivel, historial, molestias, material, preferencias y disponibilidad. No sustituye valoración médica/fisioterapéutica si hay dolor, lesión o señales de alarma.
FIT2_R0399;FIT2_P028;FIT2_T028;FIT2_TA062;media;Adaptar carga, volumen, frecuencia, rango, descansos y tareas al nivel, historial, molestias, material, preferencias y disponibilidad. No sustituye valoración médica/fisioterapéutica si hay dolor, lesión o señales de alarma.
FIT2_R0400;FIT2_P028;FIT2_T028;FIT2_TA063;media;Adaptar carga, volumen, frecuencia, rango, descansos y tareas al nivel, historial, molestias, material, preferencias y disponibilidad. No sustituye valoración médica/fisioterapéutica si hay dolor, lesión o señales de alarma.
FIT2_R0401;FIT2_P028;FIT2_T029;FIT2_TA032;media;Adaptar carga, volumen, frecuencia, rango, descansos y tareas al nivel, historial, molestias, material, preferencias y disponibilidad. No sustituye valoración médica/fisioterapéutica si hay dolor, lesión o señales de alarma.
FIT2_R0402;FIT2_P028;FIT2_T029;FIT2_TA033;media;Adaptar carga, volumen, frecuencia, rango, descansos y tareas al nivel, historial, molestias, material, preferencias y disponibilidad. No sustituye valoración médica/fisioterapéutica si hay dolor, lesión o señales de alarma.
FIT2_R0403;FIT2_P028;FIT2_T030;FIT2_TA034;media;Adaptar carga, volumen, frecuencia, rango, descansos y tareas al nivel, historial, molestias, material, preferencias y disponibilidad. No sustituye valoración médica/fisioterapéutica si hay dolor, lesión o señales de alarma.
FIT2_R0404;FIT2_P028;FIT2_T015;FIT2_TA013;media;Adaptar carga, volumen, frecuencia, rango, descansos y tareas al nivel, historial, molestias, material, preferencias y disponibilidad. No sustituye valoración médica/fisioterapéutica si hay dolor, lesión o señales de alarma.
FIT2_R0405;FIT2_P028;FIT2_T015;FIT2_TA074;media;Adaptar carga, volumen, frecuencia, rango, descansos y tareas al nivel, historial, molestias, material, preferencias y disponibilidad. No sustituye valoración médica/fisioterapéutica si hay dolor, lesión o señales de alarma.
FIT2_R0406;FIT2_P028;FIT2_T024;FIT2_TA027;media;Adaptar carga, volumen, frecuencia, rango, descansos y tareas al nivel, historial, molestias, material, preferencias y disponibilidad. No sustituye valoración médica/fisioterapéutica si hay dolor, lesión o señales de alarma.
FIT2_R0407;FIT2_P028;FIT2_T025;FIT2_TA028;media;Adaptar carga, volumen, frecuencia, rango, descansos y tareas al nivel, historial, molestias, material, preferencias y disponibilidad. No sustituye valoración médica/fisioterapéutica si hay dolor, lesión o señales de alarma.
FIT2_R0408;FIT2_P028;FIT2_T035;FIT2_TA004;alta;Adaptar carga, volumen, frecuencia, rango, descansos y tareas al nivel, historial, molestias, material, preferencias y disponibilidad. No sustituye valoración médica/fisioterapéutica si hay dolor, lesión o señales de alarma.
FIT2_R0409;FIT2_P028;FIT2_T056;FIT2_TA060;media;Adaptar carga, volumen, frecuencia, rango, descansos y tareas al nivel, historial, molestias, material, preferencias y disponibilidad. No sustituye valoración médica/fisioterapéutica si hay dolor, lesión o señales de alarma.
FIT2_R0410;FIT2_P028;FIT2_T056;FIT2_TA075;media;Adaptar carga, volumen, frecuencia, rango, descansos y tareas al nivel, historial, molestias, material, preferencias y disponibilidad. No sustituye valoración médica/fisioterapéutica si hay dolor, lesión o señales de alarma.
FIT2_R0411;FIT2_P029;FIT2_T028;FIT2_TA031;media;Adaptar carga, volumen, frecuencia, rango, descansos y tareas al nivel, historial, molestias, material, preferencias y disponibilidad. No sustituye valoración médica/fisioterapéutica si hay dolor, lesión o señales de alarma.
FIT2_R0412;FIT2_P029;FIT2_T028;FIT2_TA062;media;Adaptar carga, volumen, frecuencia, rango, descansos y tareas al nivel, historial, molestias, material, preferencias y disponibilidad. No sustituye valoración médica/fisioterapéutica si hay dolor, lesión o señales de alarma.
FIT2_R0413;FIT2_P029;FIT2_T028;FIT2_TA063;media;Adaptar carga, volumen, frecuencia, rango, descansos y tareas al nivel, historial, molestias, material, preferencias y disponibilidad. No sustituye valoración médica/fisioterapéutica si hay dolor, lesión o señales de alarma.
FIT2_R0414;FIT2_P029;FIT2_T029;FIT2_TA032;media;Adaptar carga, volumen, frecuencia, rango, descansos y tareas al nivel, historial, molestias, material, preferencias y disponibilidad. No sustituye valoración médica/fisioterapéutica si hay dolor, lesión o señales de alarma.
FIT2_R0415;FIT2_P029;FIT2_T029;FIT2_TA033;media;Adaptar carga, volumen, frecuencia, rango, descansos y tareas al nivel, historial, molestias, material, preferencias y disponibilidad. No sustituye valoración médica/fisioterapéutica si hay dolor, lesión o señales de alarma.
FIT2_R0416;FIT2_P029;FIT2_T030;FIT2_TA034;media;Adaptar carga, volumen, frecuencia, rango, descansos y tareas al nivel, historial, molestias, material, preferencias y disponibilidad. No sustituye valoración médica/fisioterapéutica si hay dolor, lesión o señales de alarma.
FIT2_R0417;FIT2_P029;FIT2_T015;FIT2_TA013;media;Adaptar carga, volumen, frecuencia, rango, descansos y tareas al nivel, historial, molestias, material, preferencias y disponibilidad. No sustituye valoración médica/fisioterapéutica si hay dolor, lesión o señales de alarma.
FIT2_R0418;FIT2_P029;FIT2_T015;FIT2_TA074;media;Adaptar carga, volumen, frecuencia, rango, descansos y tareas al nivel, historial, molestias, material, preferencias y disponibilidad. No sustituye valoración médica/fisioterapéutica si hay dolor, lesión o señales de alarma.
FIT2_R0419;FIT2_P029;FIT2_T024;FIT2_TA027;media;Adaptar carga, volumen, frecuencia, rango, descansos y tareas al nivel, historial, molestias, material, preferencias y disponibilidad. No sustituye valoración médica/fisioterapéutica si hay dolor, lesión o señales de alarma.
FIT2_R0420;FIT2_P029;FIT2_T025;FIT2_TA028;media;Adaptar carga, volumen, frecuencia, rango, descansos y tareas al nivel, historial, molestias, material, preferencias y disponibilidad. No sustituye valoración médica/fisioterapéutica si hay dolor, lesión o señales de alarma.
FIT2_R0421;FIT2_P029;FIT2_T035;FIT2_TA004;alta;Adaptar carga, volumen, frecuencia, rango, descansos y tareas al nivel, historial, molestias, material, preferencias y disponibilidad. No sustituye valoración médica/fisioterapéutica si hay dolor, lesión o señales de alarma.
FIT2_R0422;FIT2_P029;FIT2_T056;FIT2_TA060;media;Adaptar carga, volumen, frecuencia, rango, descansos y tareas al nivel, historial, molestias, material, preferencias y disponibilidad. No sustituye valoración médica/fisioterapéutica si hay dolor, lesión o señales de alarma.
FIT2_R0423;FIT2_P029;FIT2_T056;FIT2_TA075;media;Adaptar carga, volumen, frecuencia, rango, descansos y tareas al nivel, historial, molestias, material, preferencias y disponibilidad. No sustituye valoración médica/fisioterapéutica si hay dolor, lesión o señales de alarma.
FIT2_R0424;FIT2_P030;FIT2_T028;FIT2_TA031;media;Adaptar carga, volumen, frecuencia, rango, descansos y tareas al nivel, historial, molestias, material, preferencias y disponibilidad. No sustituye valoración médica/fisioterapéutica si hay dolor, lesión o señales de alarma.
FIT2_R0425;FIT2_P030;FIT2_T028;FIT2_TA062;media;Adaptar carga, volumen, frecuencia, rango, descansos y tareas al nivel, historial, molestias, material, preferencias y disponibilidad. No sustituye valoración médica/fisioterapéutica si hay dolor, lesión o señales de alarma.
FIT2_R0426;FIT2_P030;FIT2_T028;FIT2_TA063;media;Adaptar carga, volumen, frecuencia, rango, descansos y tareas al nivel, historial, molestias, material, preferencias y disponibilidad. No sustituye valoración médica/fisioterapéutica si hay dolor, lesión o señales de alarma.
FIT2_R0427;FIT2_P030;FIT2_T029;FIT2_TA032;media;Adaptar carga, volumen, frecuencia, rango, descansos y tareas al nivel, historial, molestias, material, preferencias y disponibilidad. No sustituye valoración médica/fisioterapéutica si hay dolor, lesión o señales de alarma.
FIT2_R0428;FIT2_P030;FIT2_T029;FIT2_TA033;media;Adaptar carga, volumen, frecuencia, rango, descansos y tareas al nivel, historial, molestias, material, preferencias y disponibilidad. No sustituye valoración médica/fisioterapéutica si hay dolor, lesión o señales de alarma.
FIT2_R0429;FIT2_P030;FIT2_T030;FIT2_TA034;media;Adaptar carga, volumen, frecuencia, rango, descansos y tareas al nivel, historial, molestias, material, preferencias y disponibilidad. No sustituye valoración médica/fisioterapéutica si hay dolor, lesión o señales de alarma.
FIT2_R0430;FIT2_P030;FIT2_T015;FIT2_TA013;media;Adaptar carga, volumen, frecuencia, rango, descansos y tareas al nivel, historial, molestias, material, preferencias y disponibilidad. No sustituye valoración médica/fisioterapéutica si hay dolor, lesión o señales de alarma.
FIT2_R0431;FIT2_P030;FIT2_T015;FIT2_TA074;media;Adaptar carga, volumen, frecuencia, rango, descansos y tareas al nivel, historial, molestias, material, preferencias y disponibilidad. No sustituye valoración médica/fisioterapéutica si hay dolor, lesión o señales de alarma.
FIT2_R0432;FIT2_P030;FIT2_T024;FIT2_TA027;media;Adaptar carga, volumen, frecuencia, rango, descansos y tareas al nivel, historial, molestias, material, preferencias y disponibilidad. No sustituye valoración médica/fisioterapéutica si hay dolor, lesión o señales de alarma.
FIT2_R0433;FIT2_P030;FIT2_T025;FIT2_TA028;media;Adaptar carga, volumen, frecuencia, rango, descansos y tareas al nivel, historial, molestias, material, preferencias y disponibilidad. No sustituye valoración médica/fisioterapéutica si hay dolor, lesión o señales de alarma.
FIT2_R0434;FIT2_P030;FIT2_T035;FIT2_TA004;alta;Adaptar carga, volumen, frecuencia, rango, descansos y tareas al nivel, historial, molestias, material, preferencias y disponibilidad. No sustituye valoración médica/fisioterapéutica si hay dolor, lesión o señales de alarma.
FIT2_R0435;FIT2_P030;FIT2_T056;FIT2_TA060;media;Adaptar carga, volumen, frecuencia, rango, descansos y tareas al nivel, historial, molestias, material, preferencias y disponibilidad. No sustituye valoración médica/fisioterapéutica si hay dolor, lesión o señales de alarma.
FIT2_R0436;FIT2_P030;FIT2_T056;FIT2_TA075;media;Adaptar carga, volumen, frecuencia, rango, descansos y tareas al nivel, historial, molestias, material, preferencias y disponibilidad. No sustituye valoración médica/fisioterapéutica si hay dolor, lesión o señales de alarma.
FIT2_R0437;FIT2_P031;FIT2_T028;FIT2_TA031;media;Adaptar carga, volumen, frecuencia, rango, descansos y tareas al nivel, historial, molestias, material, preferencias y disponibilidad. No sustituye valoración médica/fisioterapéutica si hay dolor, lesión o señales de alarma.
FIT2_R0438;FIT2_P031;FIT2_T028;FIT2_TA062;media;Adaptar carga, volumen, frecuencia, rango, descansos y tareas al nivel, historial, molestias, material, preferencias y disponibilidad. No sustituye valoración médica/fisioterapéutica si hay dolor, lesión o señales de alarma.
FIT2_R0439;FIT2_P031;FIT2_T028;FIT2_TA063;media;Adaptar carga, volumen, frecuencia, rango, descansos y tareas al nivel, historial, molestias, material, preferencias y disponibilidad. No sustituye valoración médica/fisioterapéutica si hay dolor, lesión o señales de alarma.
FIT2_R0440;FIT2_P031;FIT2_T029;FIT2_TA032;media;Adaptar carga, volumen, frecuencia, rango, descansos y tareas al nivel, historial, molestias, material, preferencias y disponibilidad. No sustituye valoración médica/fisioterapéutica si hay dolor, lesión o señales de alarma.
FIT2_R0441;FIT2_P031;FIT2_T029;FIT2_TA033;media;Adaptar carga, volumen, frecuencia, rango, descansos y tareas al nivel, historial, molestias, material, preferencias y disponibilidad. No sustituye valoración médica/fisioterapéutica si hay dolor, lesión o señales de alarma.
FIT2_R0442;FIT2_P031;FIT2_T030;FIT2_TA034;media;Adaptar carga, volumen, frecuencia, rango, descansos y tareas al nivel, historial, molestias, material, preferencias y disponibilidad. No sustituye valoración médica/fisioterapéutica si hay dolor, lesión o señales de alarma.
FIT2_R0443;FIT2_P031;FIT2_T015;FIT2_TA013;media;Adaptar carga, volumen, frecuencia, rango, descansos y tareas al nivel, historial, molestias, material, preferencias y disponibilidad. No sustituye valoración médica/fisioterapéutica si hay dolor, lesión o señales de alarma.
FIT2_R0444;FIT2_P031;FIT2_T015;FIT2_TA074;media;Adaptar carga, volumen, frecuencia, rango, descansos y tareas al nivel, historial, molestias, material, preferencias y disponibilidad. No sustituye valoración médica/fisioterapéutica si hay dolor, lesión o señales de alarma.
FIT2_R0445;FIT2_P031;FIT2_T024;FIT2_TA027;media;Adaptar carga, volumen, frecuencia, rango, descansos y tareas al nivel, historial, molestias, material, preferencias y disponibilidad. No sustituye valoración médica/fisioterapéutica si hay dolor, lesión o señales de alarma.
FIT2_R0446;FIT2_P031;FIT2_T025;FIT2_TA028;media;Adaptar carga, volumen, frecuencia, rango, descansos y tareas al nivel, historial, molestias, material, preferencias y disponibilidad. No sustituye valoración médica/fisioterapéutica si hay dolor, lesión o señales de alarma.
FIT2_R0447;FIT2_P031;FIT2_T035;FIT2_TA004;alta;Adaptar carga, volumen, frecuencia, rango, descansos y tareas al nivel, historial, molestias, material, preferencias y disponibilidad. No sustituye valoración médica/fisioterapéutica si hay dolor, lesión o señales de alarma.
FIT2_R0448;FIT2_P031;FIT2_T056;FIT2_TA060;media;Adaptar carga, volumen, frecuencia, rango, descansos y tareas al nivel, historial, molestias, material, preferencias y disponibilidad. No sustituye valoración médica/fisioterapéutica si hay dolor, lesión o señales de alarma.
FIT2_R0449;FIT2_P031;FIT2_T056;FIT2_TA075;media;Adaptar carga, volumen, frecuencia, rango, descansos y tareas al nivel, historial, molestias, material, preferencias y disponibilidad. No sustituye valoración médica/fisioterapéutica si hay dolor, lesión o señales de alarma.
FIT2_R0450;FIT2_P032;FIT2_T028;FIT2_TA031;media;Adaptar carga, volumen, frecuencia, rango, descansos y tareas al nivel, historial, molestias, material, preferencias y disponibilidad. No sustituye valoración médica/fisioterapéutica si hay dolor, lesión o señales de alarma.
FIT2_R0451;FIT2_P032;FIT2_T028;FIT2_TA062;media;Adaptar carga, volumen, frecuencia, rango, descansos y tareas al nivel, historial, molestias, material, preferencias y disponibilidad. No sustituye valoración médica/fisioterapéutica si hay dolor, lesión o señales de alarma.
FIT2_R0452;FIT2_P032;FIT2_T028;FIT2_TA063;media;Adaptar carga, volumen, frecuencia, rango, descansos y tareas al nivel, historial, molestias, material, preferencias y disponibilidad. No sustituye valoración médica/fisioterapéutica si hay dolor, lesión o señales de alarma.
FIT2_R0453;FIT2_P032;FIT2_T029;FIT2_TA032;media;Adaptar carga, volumen, frecuencia, rango, descansos y tareas al nivel, historial, molestias, material, preferencias y disponibilidad. No sustituye valoración médica/fisioterapéutica si hay dolor, lesión o señales de alarma.
FIT2_R0454;FIT2_P032;FIT2_T029;FIT2_TA033;media;Adaptar carga, volumen, frecuencia, rango, descansos y tareas al nivel, historial, molestias, material, preferencias y disponibilidad. No sustituye valoración médica/fisioterapéutica si hay dolor, lesión o señales de alarma.
FIT2_R0455;FIT2_P032;FIT2_T030;FIT2_TA034;media;Adaptar carga, volumen, frecuencia, rango, descansos y tareas al nivel, historial, molestias, material, preferencias y disponibilidad. No sustituye valoración médica/fisioterapéutica si hay dolor, lesión o señales de alarma.
FIT2_R0456;FIT2_P032;FIT2_T015;FIT2_TA013;media;Adaptar carga, volumen, frecuencia, rango, descansos y tareas al nivel, historial, molestias, material, preferencias y disponibilidad. No sustituye valoración médica/fisioterapéutica si hay dolor, lesión o señales de alarma.
FIT2_R0457;FIT2_P032;FIT2_T015;FIT2_TA074;media;Adaptar carga, volumen, frecuencia, rango, descansos y tareas al nivel, historial, molestias, material, preferencias y disponibilidad. No sustituye valoración médica/fisioterapéutica si hay dolor, lesión o señales de alarma.
FIT2_R0458;FIT2_P032;FIT2_T024;FIT2_TA027;media;Adaptar carga, volumen, frecuencia, rango, descansos y tareas al nivel, historial, molestias, material, preferencias y disponibilidad. No sustituye valoración médica/fisioterapéutica si hay dolor, lesión o señales de alarma.
FIT2_R0459;FIT2_P032;FIT2_T025;FIT2_TA028;media;Adaptar carga, volumen, frecuencia, rango, descansos y tareas al nivel, historial, molestias, material, preferencias y disponibilidad. No sustituye valoración médica/fisioterapéutica si hay dolor, lesión o señales de alarma.
FIT2_R0460;FIT2_P032;FIT2_T035;FIT2_TA004;alta;Adaptar carga, volumen, frecuencia, rango, descansos y tareas al nivel, historial, molestias, material, preferencias y disponibilidad. No sustituye valoración médica/fisioterapéutica si hay dolor, lesión o señales de alarma.
FIT2_R0461;FIT2_P032;FIT2_T056;FIT2_TA060;media;Adaptar carga, volumen, frecuencia, rango, descansos y tareas al nivel, historial, molestias, material, preferencias y disponibilidad. No sustituye valoración médica/fisioterapéutica si hay dolor, lesión o señales de alarma.
FIT2_R0462;FIT2_P032;FIT2_T056;FIT2_TA075;media;Adaptar carga, volumen, frecuencia, rango, descansos y tareas al nivel, historial, molestias, material, preferencias y disponibilidad. No sustituye valoración médica/fisioterapéutica si hay dolor, lesión o señales de alarma.
FIT2_R0463;FIT2_P033;FIT2_T015;FIT2_TA013;media;Adaptar carga, volumen, frecuencia, rango, descansos y tareas al nivel, historial, molestias, material, preferencias y disponibilidad. No sustituye valoración médica/fisioterapéutica si hay dolor, lesión o señales de alarma.
FIT2_R0464;FIT2_P033;FIT2_T015;FIT2_TA074;media;Adaptar carga, volumen, frecuencia, rango, descansos y tareas al nivel, historial, molestias, material, preferencias y disponibilidad. No sustituye valoración médica/fisioterapéutica si hay dolor, lesión o señales de alarma.
FIT2_R0465;FIT2_P033;FIT2_T016;FIT2_TA014;media;Adaptar carga, volumen, frecuencia, rango, descansos y tareas al nivel, historial, molestias, material, preferencias y disponibilidad. No sustituye valoración médica/fisioterapéutica si hay dolor, lesión o señales de alarma.
FIT2_R0466;FIT2_P033;FIT2_T017;FIT2_TA015;media;Adaptar carga, volumen, frecuencia, rango, descansos y tareas al nivel, historial, molestias, material, preferencias y disponibilidad. No sustituye valoración médica/fisioterapéutica si hay dolor, lesión o señales de alarma.
FIT2_R0467;FIT2_P033;FIT2_T017;FIT2_TA016;media;Adaptar carga, volumen, frecuencia, rango, descansos y tareas al nivel, historial, molestias, material, preferencias y disponibilidad. No sustituye valoración médica/fisioterapéutica si hay dolor, lesión o señales de alarma.
FIT2_R0468;FIT2_P033;FIT2_T017;FIT2_TA017;media;Adaptar carga, volumen, frecuencia, rango, descansos y tareas al nivel, historial, molestias, material, preferencias y disponibilidad. No sustituye valoración médica/fisioterapéutica si hay dolor, lesión o señales de alarma.
FIT2_R0469;FIT2_P033;FIT2_T017;FIT2_TA065;media;Adaptar carga, volumen, frecuencia, rango, descansos y tareas al nivel, historial, molestias, material, preferencias y disponibilidad. No sustituye valoración médica/fisioterapéutica si hay dolor, lesión o señales de alarma.
FIT2_R0470;FIT2_P033;FIT2_T018;FIT2_TA018;media;Adaptar carga, volumen, frecuencia, rango, descansos y tareas al nivel, historial, molestias, material, preferencias y disponibilidad. No sustituye valoración médica/fisioterapéutica si hay dolor, lesión o señales de alarma.
FIT2_R0471;FIT2_P033;FIT2_T019;FIT2_TA019;media;Adaptar carga, volumen, frecuencia, rango, descansos y tareas al nivel, historial, molestias, material, preferencias y disponibilidad. No sustituye valoración médica/fisioterapéutica si hay dolor, lesión o señales de alarma.
FIT2_R0472;FIT2_P033;FIT2_T019;FIT2_TA066;media;Adaptar carga, volumen, frecuencia, rango, descansos y tareas al nivel, historial, molestias, material, preferencias y disponibilidad. No sustituye valoración médica/fisioterapéutica si hay dolor, lesión o señales de alarma.
FIT2_R0473;FIT2_P033;FIT2_T054;FIT2_TA012;media;Adaptar carga, volumen, frecuencia, rango, descansos y tareas al nivel, historial, molestias, material, preferencias y disponibilidad. No sustituye valoración médica/fisioterapéutica si hay dolor, lesión o señales de alarma.
FIT2_R0474;FIT2_P033;FIT2_T055;FIT2_TA061;media;Adaptar carga, volumen, frecuencia, rango, descansos y tareas al nivel, historial, molestias, material, preferencias y disponibilidad. No sustituye valoración médica/fisioterapéutica si hay dolor, lesión o señales de alarma.
FIT2_R0475;FIT2_P034;FIT2_T015;FIT2_TA013;media;Adaptar carga, volumen, frecuencia, rango, descansos y tareas al nivel, historial, molestias, material, preferencias y disponibilidad. No sustituye valoración médica/fisioterapéutica si hay dolor, lesión o señales de alarma.
FIT2_R0476;FIT2_P034;FIT2_T015;FIT2_TA074;media;Adaptar carga, volumen, frecuencia, rango, descansos y tareas al nivel, historial, molestias, material, preferencias y disponibilidad. No sustituye valoración médica/fisioterapéutica si hay dolor, lesión o señales de alarma.
FIT2_R0477;FIT2_P034;FIT2_T016;FIT2_TA014;media;Adaptar carga, volumen, frecuencia, rango, descansos y tareas al nivel, historial, molestias, material, preferencias y disponibilidad. No sustituye valoración médica/fisioterapéutica si hay dolor, lesión o señales de alarma.
FIT2_R0478;FIT2_P034;FIT2_T017;FIT2_TA015;media;Adaptar carga, volumen, frecuencia, rango, descansos y tareas al nivel, historial, molestias, material, preferencias y disponibilidad. No sustituye valoración médica/fisioterapéutica si hay dolor, lesión o señales de alarma.
FIT2_R0479;FIT2_P034;FIT2_T017;FIT2_TA016;media;Adaptar carga, volumen, frecuencia, rango, descansos y tareas al nivel, historial, molestias, material, preferencias y disponibilidad. No sustituye valoración médica/fisioterapéutica si hay dolor, lesión o señales de alarma.
FIT2_R0480;FIT2_P034;FIT2_T017;FIT2_TA017;media;Adaptar carga, volumen, frecuencia, rango, descansos y tareas al nivel, historial, molestias, material, preferencias y disponibilidad. No sustituye valoración médica/fisioterapéutica si hay dolor, lesión o señales de alarma.
FIT2_R0481;FIT2_P034;FIT2_T017;FIT2_TA065;media;Adaptar carga, volumen, frecuencia, rango, descansos y tareas al nivel, historial, molestias, material, preferencias y disponibilidad. No sustituye valoración médica/fisioterapéutica si hay dolor, lesión o señales de alarma.
FIT2_R0482;FIT2_P034;FIT2_T018;FIT2_TA018;media;Adaptar carga, volumen, frecuencia, rango, descansos y tareas al nivel, historial, molestias, material, preferencias y disponibilidad. No sustituye valoración médica/fisioterapéutica si hay dolor, lesión o señales de alarma.
FIT2_R0483;FIT2_P034;FIT2_T019;FIT2_TA019;media;Adaptar carga, volumen, frecuencia, rango, descansos y tareas al nivel, historial, molestias, material, preferencias y disponibilidad. No sustituye valoración médica/fisioterapéutica si hay dolor, lesión o señales de alarma.
FIT2_R0484;FIT2_P034;FIT2_T019;FIT2_TA066;media;Adaptar carga, volumen, frecuencia, rango, descansos y tareas al nivel, historial, molestias, material, preferencias y disponibilidad. No sustituye valoración médica/fisioterapéutica si hay dolor, lesión o señales de alarma.
FIT2_R0485;FIT2_P034;FIT2_T054;FIT2_TA012;media;Adaptar carga, volumen, frecuencia, rango, descansos y tareas al nivel, historial, molestias, material, preferencias y disponibilidad. No sustituye valoración médica/fisioterapéutica si hay dolor, lesión o señales de alarma.
FIT2_R0486;FIT2_P034;FIT2_T055;FIT2_TA061;media;Adaptar carga, volumen, frecuencia, rango, descansos y tareas al nivel, historial, molestias, material, preferencias y disponibilidad. No sustituye valoración médica/fisioterapéutica si hay dolor, lesión o señales de alarma.
FIT2_R0487;FIT2_P035;FIT2_T015;FIT2_TA013;media;Adaptar carga, volumen, frecuencia, rango, descansos y tareas al nivel, historial, molestias, material, preferencias y disponibilidad. No sustituye valoración médica/fisioterapéutica si hay dolor, lesión o señales de alarma.
FIT2_R0488;FIT2_P035;FIT2_T015;FIT2_TA074;media;Adaptar carga, volumen, frecuencia, rango, descansos y tareas al nivel, historial, molestias, material, preferencias y disponibilidad. No sustituye valoración médica/fisioterapéutica si hay dolor, lesión o señales de alarma.
FIT2_R0489;FIT2_P035;FIT2_T016;FIT2_TA014;media;Adaptar carga, volumen, frecuencia, rango, descansos y tareas al nivel, historial, molestias, material, preferencias y disponibilidad. No sustituye valoración médica/fisioterapéutica si hay dolor, lesión o señales de alarma.
FIT2_R0490;FIT2_P035;FIT2_T017;FIT2_TA015;media;Adaptar carga, volumen, frecuencia, rango, descansos y tareas al nivel, historial, molestias, material, preferencias y disponibilidad. No sustituye valoración médica/fisioterapéutica si hay dolor, lesión o señales de alarma.
FIT2_R0491;FIT2_P035;FIT2_T017;FIT2_TA016;media;Adaptar carga, volumen, frecuencia, rango, descansos y tareas al nivel, historial, molestias, material, preferencias y disponibilidad. No sustituye valoración médica/fisioterapéutica si hay dolor, lesión o señales de alarma.
FIT2_R0492;FIT2_P035;FIT2_T017;FIT2_TA017;media;Adaptar carga, volumen, frecuencia, rango, descansos y tareas al nivel, historial, molestias, material, preferencias y disponibilidad. No sustituye valoración médica/fisioterapéutica si hay dolor, lesión o señales de alarma.
FIT2_R0493;FIT2_P035;FIT2_T017;FIT2_TA065;media;Adaptar carga, volumen, frecuencia, rango, descansos y tareas al nivel, historial, molestias, material, preferencias y disponibilidad. No sustituye valoración médica/fisioterapéutica si hay dolor, lesión o señales de alarma.
FIT2_R0494;FIT2_P035;FIT2_T018;FIT2_TA018;media;Adaptar carga, volumen, frecuencia, rango, descansos y tareas al nivel, historial, molestias, material, preferencias y disponibilidad. No sustituye valoración médica/fisioterapéutica si hay dolor, lesión o señales de alarma.
FIT2_R0495;FIT2_P035;FIT2_T019;FIT2_TA019;media;Adaptar carga, volumen, frecuencia, rango, descansos y tareas al nivel, historial, molestias, material, preferencias y disponibilidad. No sustituye valoración médica/fisioterapéutica si hay dolor, lesión o señales de alarma.
FIT2_R0496;FIT2_P035;FIT2_T019;FIT2_TA066;media;Adaptar carga, volumen, frecuencia, rango, descansos y tareas al nivel, historial, molestias, material, preferencias y disponibilidad. No sustituye valoración médica/fisioterapéutica si hay dolor, lesión o señales de alarma.
FIT2_R0497;FIT2_P035;FIT2_T054;FIT2_TA012;media;Adaptar carga, volumen, frecuencia, rango, descansos y tareas al nivel, historial, molestias, material, preferencias y disponibilidad. No sustituye valoración médica/fisioterapéutica si hay dolor, lesión o señales de alarma.
FIT2_R0498;FIT2_P035;FIT2_T055;FIT2_TA061;media;Adaptar carga, volumen, frecuencia, rango, descansos y tareas al nivel, historial, molestias, material, preferencias y disponibilidad. No sustituye valoración médica/fisioterapéutica si hay dolor, lesión o señales de alarma.
FIT2_R0499;FIT2_P036;FIT2_T015;FIT2_TA013;media;Adaptar carga, volumen, frecuencia, rango, descansos y tareas al nivel, historial, molestias, material, preferencias y disponibilidad. No sustituye valoración médica/fisioterapéutica si hay dolor, lesión o señales de alarma.
FIT2_R0500;FIT2_P036;FIT2_T015;FIT2_TA074;media;Adaptar carga, volumen, frecuencia, rango, descansos y tareas al nivel, historial, molestias, material, preferencias y disponibilidad. No sustituye valoración médica/fisioterapéutica si hay dolor, lesión o señales de alarma.
FIT2_R0501;FIT2_P036;FIT2_T016;FIT2_TA014;media;Adaptar carga, volumen, frecuencia, rango, descansos y tareas al nivel, historial, molestias, material, preferencias y disponibilidad. No sustituye valoración médica/fisioterapéutica si hay dolor, lesión o señales de alarma.
FIT2_R0502;FIT2_P036;FIT2_T017;FIT2_TA015;media;Adaptar carga, volumen, frecuencia, rango, descansos y tareas al nivel, historial, molestias, material, preferencias y disponibilidad. No sustituye valoración médica/fisioterapéutica si hay dolor, lesión o señales de alarma.
FIT2_R0503;FIT2_P036;FIT2_T017;FIT2_TA016;media;Adaptar carga, volumen, frecuencia, rango, descansos y tareas al nivel, historial, molestias, material, preferencias y disponibilidad. No sustituye valoración médica/fisioterapéutica si hay dolor, lesión o señales de alarma.
FIT2_R0504;FIT2_P036;FIT2_T017;FIT2_TA017;media;Adaptar carga, volumen, frecuencia, rango, descansos y tareas al nivel, historial, molestias, material, preferencias y disponibilidad. No sustituye valoración médica/fisioterapéutica si hay dolor, lesión o señales de alarma.
FIT2_R0505;FIT2_P036;FIT2_T017;FIT2_TA065;media;Adaptar carga, volumen, frecuencia, rango, descansos y tareas al nivel, historial, molestias, material, preferencias y disponibilidad. No sustituye valoración médica/fisioterapéutica si hay dolor, lesión o señales de alarma.
FIT2_R0506;FIT2_P036;FIT2_T018;FIT2_TA018;media;Adaptar carga, volumen, frecuencia, rango, descansos y tareas al nivel, historial, molestias, material, preferencias y disponibilidad. No sustituye valoración médica/fisioterapéutica si hay dolor, lesión o señales de alarma.
FIT2_R0507;FIT2_P036;FIT2_T019;FIT2_TA019;media;Adaptar carga, volumen, frecuencia, rango, descansos y tareas al nivel, historial, molestias, material, preferencias y disponibilidad. No sustituye valoración médica/fisioterapéutica si hay dolor, lesión o señales de alarma.
FIT2_R0508;FIT2_P036;FIT2_T019;FIT2_TA066;media;Adaptar carga, volumen, frecuencia, rango, descansos y tareas al nivel, historial, molestias, material, preferencias y disponibilidad. No sustituye valoración médica/fisioterapéutica si hay dolor, lesión o señales de alarma.
FIT2_R0509;FIT2_P036;FIT2_T054;FIT2_TA012;media;Adaptar carga, volumen, frecuencia, rango, descansos y tareas al nivel, historial, molestias, material, preferencias y disponibilidad. No sustituye valoración médica/fisioterapéutica si hay dolor, lesión o señales de alarma.
FIT2_R0510;FIT2_P036;FIT2_T055;FIT2_TA061;media;Adaptar carga, volumen, frecuencia, rango, descansos y tareas al nivel, historial, molestias, material, preferencias y disponibilidad. No sustituye valoración médica/fisioterapéutica si hay dolor, lesión o señales de alarma.
FIT2_R0511;FIT2_P037;FIT2_T015;FIT2_TA013;media;Adaptar carga, volumen, frecuencia, rango, descansos y tareas al nivel, historial, molestias, material, preferencias y disponibilidad. No sustituye valoración médica/fisioterapéutica si hay dolor, lesión o señales de alarma.
FIT2_R0512;FIT2_P037;FIT2_T015;FIT2_TA074;media;Adaptar carga, volumen, frecuencia, rango, descansos y tareas al nivel, historial, molestias, material, preferencias y disponibilidad. No sustituye valoración médica/fisioterapéutica si hay dolor, lesión o señales de alarma.
FIT2_R0513;FIT2_P037;FIT2_T016;FIT2_TA014;media;Adaptar carga, volumen, frecuencia, rango, descansos y tareas al nivel, historial, molestias, material, preferencias y disponibilidad. No sustituye valoración médica/fisioterapéutica si hay dolor, lesión o señales de alarma.
FIT2_R0514;FIT2_P037;FIT2_T017;FIT2_TA015;media;Adaptar carga, volumen, frecuencia, rango, descansos y tareas al nivel, historial, molestias, material, preferencias y disponibilidad. No sustituye valoración médica/fisioterapéutica si hay dolor, lesión o señales de alarma.
FIT2_R0515;FIT2_P037;FIT2_T017;FIT2_TA016;media;Adaptar carga, volumen, frecuencia, rango, descansos y tareas al nivel, historial, molestias, material, preferencias y disponibilidad. No sustituye valoración médica/fisioterapéutica si hay dolor, lesión o señales de alarma.
FIT2_R0516;FIT2_P037;FIT2_T017;FIT2_TA017;media;Adaptar carga, volumen, frecuencia, rango, descansos y tareas al nivel, historial, molestias, material, preferencias y disponibilidad. No sustituye valoración médica/fisioterapéutica si hay dolor, lesión o señales de alarma.
FIT2_R0517;FIT2_P037;FIT2_T017;FIT2_TA065;media;Adaptar carga, volumen, frecuencia, rango, descansos y tareas al nivel, historial, molestias, material, preferencias y disponibilidad. No sustituye valoración médica/fisioterapéutica si hay dolor, lesión o señales de alarma.
FIT2_R0518;FIT2_P037;FIT2_T018;FIT2_TA018;media;Adaptar carga, volumen, frecuencia, rango, descansos y tareas al nivel, historial, molestias, material, preferencias y disponibilidad. No sustituye valoración médica/fisioterapéutica si hay dolor, lesión o señales de alarma.
FIT2_R0519;FIT2_P037;FIT2_T019;FIT2_TA019;media;Adaptar carga, volumen, frecuencia, rango, descansos y tareas al nivel, historial, molestias, material, preferencias y disponibilidad. No sustituye valoración médica/fisioterapéutica si hay dolor, lesión o señales de alarma.
FIT2_R0520;FIT2_P037;FIT2_T019;FIT2_TA066;media;Adaptar carga, volumen, frecuencia, rango, descansos y tareas al nivel, historial, molestias, material, preferencias y disponibilidad. No sustituye valoración médica/fisioterapéutica si hay dolor, lesión o señales de alarma.
FIT2_R0521;FIT2_P037;FIT2_T054;FIT2_TA012;media;Adaptar carga, volumen, frecuencia, rango, descansos y tareas al nivel, historial, molestias, material, preferencias y disponibilidad. No sustituye valoración médica/fisioterapéutica si hay dolor, lesión o señales de alarma.
FIT2_R0522;FIT2_P037;FIT2_T055;FIT2_TA061;media;Adaptar carga, volumen, frecuencia, rango, descansos y tareas al nivel, historial, molestias, material, preferencias y disponibilidad. No sustituye valoración médica/fisioterapéutica si hay dolor, lesión o señales de alarma.
FIT2_R0523;FIT2_P038;FIT2_T015;FIT2_TA013;media;Adaptar carga, volumen, frecuencia, rango, descansos y tareas al nivel, historial, molestias, material, preferencias y disponibilidad. No sustituye valoración médica/fisioterapéutica si hay dolor, lesión o señales de alarma.
FIT2_R0524;FIT2_P038;FIT2_T015;FIT2_TA074;media;Adaptar carga, volumen, frecuencia, rango, descansos y tareas al nivel, historial, molestias, material, preferencias y disponibilidad. No sustituye valoración médica/fisioterapéutica si hay dolor, lesión o señales de alarma.
FIT2_R0525;FIT2_P038;FIT2_T016;FIT2_TA014;media;Adaptar carga, volumen, frecuencia, rango, descansos y tareas al nivel, historial, molestias, material, preferencias y disponibilidad. No sustituye valoración médica/fisioterapéutica si hay dolor, lesión o señales de alarma.
FIT2_R0526;FIT2_P038;FIT2_T017;FIT2_TA015;media;Adaptar carga, volumen, frecuencia, rango, descansos y tareas al nivel, historial, molestias, material, preferencias y disponibilidad. No sustituye valoración médica/fisioterapéutica si hay dolor, lesión o señales de alarma.
FIT2_R0527;FIT2_P038;FIT2_T017;FIT2_TA016;media;Adaptar carga, volumen, frecuencia, rango, descansos y tareas al nivel, historial, molestias, material, preferencias y disponibilidad. No sustituye valoración médica/fisioterapéutica si hay dolor, lesión o señales de alarma.
FIT2_R0528;FIT2_P038;FIT2_T017;FIT2_TA017;media;Adaptar carga, volumen, frecuencia, rango, descansos y tareas al nivel, historial, molestias, material, preferencias y disponibilidad. No sustituye valoración médica/fisioterapéutica si hay dolor, lesión o señales de alarma.
FIT2_R0529;FIT2_P038;FIT2_T017;FIT2_TA065;media;Adaptar carga, volumen, frecuencia, rango, descansos y tareas al nivel, historial, molestias, material, preferencias y disponibilidad. No sustituye valoración médica/fisioterapéutica si hay dolor, lesión o señales de alarma.
FIT2_R0530;FIT2_P038;FIT2_T018;FIT2_TA018;media;Adaptar carga, volumen, frecuencia, rango, descansos y tareas al nivel, historial, molestias, material, preferencias y disponibilidad. No sustituye valoración médica/fisioterapéutica si hay dolor, lesión o señales de alarma.
FIT2_R0531;FIT2_P038;FIT2_T019;FIT2_TA019;media;Adaptar carga, volumen, frecuencia, rango, descansos y tareas al nivel, historial, molestias, material, preferencias y disponibilidad. No sustituye valoración médica/fisioterapéutica si hay dolor, lesión o señales de alarma.
FIT2_R0532;FIT2_P038;FIT2_T019;FIT2_TA066;media;Adaptar carga, volumen, frecuencia, rango, descansos y tareas al nivel, historial, molestias, material, preferencias y disponibilidad. No sustituye valoración médica/fisioterapéutica si hay dolor, lesión o señales de alarma.
FIT2_R0533;FIT2_P038;FIT2_T054;FIT2_TA012;media;Adaptar carga, volumen, frecuencia, rango, descansos y tareas al nivel, historial, molestias, material, preferencias y disponibilidad. No sustituye valoración médica/fisioterapéutica si hay dolor, lesión o señales de alarma.
FIT2_R0534;FIT2_P038;FIT2_T055;FIT2_TA061;media;Adaptar carga, volumen, frecuencia, rango, descansos y tareas al nivel, historial, molestias, material, preferencias y disponibilidad. No sustituye valoración médica/fisioterapéutica si hay dolor, lesión o señales de alarma.
FIT2_R0535;FIT2_P039;FIT2_T019;FIT2_TA019;media;Adaptar carga, volumen, frecuencia, rango, descansos y tareas al nivel, historial, molestias, material, preferencias y disponibilidad. No sustituye valoración médica/fisioterapéutica si hay dolor, lesión o señales de alarma.
FIT2_R0536;FIT2_P039;FIT2_T019;FIT2_TA066;media;Adaptar carga, volumen, frecuencia, rango, descansos y tareas al nivel, historial, molestias, material, preferencias y disponibilidad. No sustituye valoración médica/fisioterapéutica si hay dolor, lesión o señales de alarma.
FIT2_R0537;FIT2_P039;FIT2_T020;FIT2_TA020;media;Adaptar carga, volumen, frecuencia, rango, descansos y tareas al nivel, historial, molestias, material, preferencias y disponibilidad. No sustituye valoración médica/fisioterapéutica si hay dolor, lesión o señales de alarma.
FIT2_R0538;FIT2_P039;FIT2_T020;FIT2_TA021;media;Adaptar carga, volumen, frecuencia, rango, descansos y tareas al nivel, historial, molestias, material, preferencias y disponibilidad. No sustituye valoración médica/fisioterapéutica si hay dolor, lesión o señales de alarma.
FIT2_R0539;FIT2_P039;FIT2_T020;FIT2_TA022;media;Adaptar carga, volumen, frecuencia, rango, descansos y tareas al nivel, historial, molestias, material, preferencias y disponibilidad. No sustituye valoración médica/fisioterapéutica si hay dolor, lesión o señales de alarma.
FIT2_R0540;FIT2_P039;FIT2_T020;FIT2_TA064;media;Adaptar carga, volumen, frecuencia, rango, descansos y tareas al nivel, historial, molestias, material, preferencias y disponibilidad. No sustituye valoración médica/fisioterapéutica si hay dolor, lesión o señales de alarma.
FIT2_R0541;FIT2_P039;FIT2_T021;FIT2_TA023;media;Adaptar carga, volumen, frecuencia, rango, descansos y tareas al nivel, historial, molestias, material, preferencias y disponibilidad. No sustituye valoración médica/fisioterapéutica si hay dolor, lesión o señales de alarma.
FIT2_R0542;FIT2_P039;FIT2_T022;FIT2_TA024;media;Adaptar carga, volumen, frecuencia, rango, descansos y tareas al nivel, historial, molestias, material, preferencias y disponibilidad. No sustituye valoración médica/fisioterapéutica si hay dolor, lesión o señales de alarma.
FIT2_R0543;FIT2_P039;FIT2_T013;FIT2_TA068;alta;Adaptar carga, volumen, frecuencia, rango, descansos y tareas al nivel, historial, molestias, material, preferencias y disponibilidad. No sustituye valoración médica/fisioterapéutica si hay dolor, lesión o señales de alarma.
FIT2_R0544;FIT2_P039;FIT2_T013;FIT2_TA069;alta;Adaptar carga, volumen, frecuencia, rango, descansos y tareas al nivel, historial, molestias, material, preferencias y disponibilidad. No sustituye valoración médica/fisioterapéutica si hay dolor, lesión o señales de alarma.
FIT2_R0545;FIT2_P039;FIT2_T013;FIT2_TA070;alta;Adaptar carga, volumen, frecuencia, rango, descansos y tareas al nivel, historial, molestias, material, preferencias y disponibilidad. No sustituye valoración médica/fisioterapéutica si hay dolor, lesión o señales de alarma.
FIT2_R0546;FIT2_P039;FIT2_T013;FIT2_TA071;alta;Adaptar carga, volumen, frecuencia, rango, descansos y tareas al nivel, historial, molestias, material, preferencias y disponibilidad. No sustituye valoración médica/fisioterapéutica si hay dolor, lesión o señales de alarma.
FIT2_R0547;FIT2_P039;FIT2_T013;FIT2_TA072;alta;Adaptar carga, volumen, frecuencia, rango, descansos y tareas al nivel, historial, molestias, material, preferencias y disponibilidad. No sustituye valoración médica/fisioterapéutica si hay dolor, lesión o señales de alarma.
FIT2_R0548;FIT2_P039;FIT2_T015;FIT2_TA013;media;Adaptar carga, volumen, frecuencia, rango, descansos y tareas al nivel, historial, molestias, material, preferencias y disponibilidad. No sustituye valoración médica/fisioterapéutica si hay dolor, lesión o señales de alarma.
FIT2_R0549;FIT2_P039;FIT2_T015;FIT2_TA074;media;Adaptar carga, volumen, frecuencia, rango, descansos y tareas al nivel, historial, molestias, material, preferencias y disponibilidad. No sustituye valoración médica/fisioterapéutica si hay dolor, lesión o señales de alarma.
FIT2_R0550;FIT2_P039;FIT2_T054;FIT2_TA012;media;Adaptar carga, volumen, frecuencia, rango, descansos y tareas al nivel, historial, molestias, material, preferencias y disponibilidad. No sustituye valoración médica/fisioterapéutica si hay dolor, lesión o señales de alarma.
FIT2_R0551;FIT2_P039;FIT2_T055;FIT2_TA061;media;Adaptar carga, volumen, frecuencia, rango, descansos y tareas al nivel, historial, molestias, material, preferencias y disponibilidad. No sustituye valoración médica/fisioterapéutica si hay dolor, lesión o señales de alarma.
FIT2_R0552;FIT2_P040;FIT2_T019;FIT2_TA019;media;Adaptar carga, volumen, frecuencia, rango, descansos y tareas al nivel, historial, molestias, material, preferencias y disponibilidad. No sustituye valoración médica/fisioterapéutica si hay dolor, lesión o señales de alarma.
FIT2_R0553;FIT2_P040;FIT2_T019;FIT2_TA066;media;Adaptar carga, volumen, frecuencia, rango, descansos y tareas al nivel, historial, molestias, material, preferencias y disponibilidad. No sustituye valoración médica/fisioterapéutica si hay dolor, lesión o señales de alarma.
FIT2_R0554;FIT2_P040;FIT2_T020;FIT2_TA020;media;Adaptar carga, volumen, frecuencia, rango, descansos y tareas al nivel, historial, molestias, material, preferencias y disponibilidad. No sustituye valoración médica/fisioterapéutica si hay dolor, lesión o señales de alarma.
FIT2_R0555;FIT2_P040;FIT2_T020;FIT2_TA021;media;Adaptar carga, volumen, frecuencia, rango, descansos y tareas al nivel, historial, molestias, material, preferencias y disponibilidad. No sustituye valoración médica/fisioterapéutica si hay dolor, lesión o señales de alarma.
FIT2_R0556;FIT2_P040;FIT2_T020;FIT2_TA022;media;Adaptar carga, volumen, frecuencia, rango, descansos y tareas al nivel, historial, molestias, material, preferencias y disponibilidad. No sustituye valoración médica/fisioterapéutica si hay dolor, lesión o señales de alarma.
FIT2_R0557;FIT2_P040;FIT2_T020;FIT2_TA064;media;Adaptar carga, volumen, frecuencia, rango, descansos y tareas al nivel, historial, molestias, material, preferencias y disponibilidad. No sustituye valoración médica/fisioterapéutica si hay dolor, lesión o señales de alarma.
FIT2_R0558;FIT2_P040;FIT2_T021;FIT2_TA023;media;Adaptar carga, volumen, frecuencia, rango, descansos y tareas al nivel, historial, molestias, material, preferencias y disponibilidad. No sustituye valoración médica/fisioterapéutica si hay dolor, lesión o señales de alarma.
FIT2_R0559;FIT2_P040;FIT2_T022;FIT2_TA024;media;Adaptar carga, volumen, frecuencia, rango, descansos y tareas al nivel, historial, molestias, material, preferencias y disponibilidad. No sustituye valoración médica/fisioterapéutica si hay dolor, lesión o señales de alarma.
FIT2_R0560;FIT2_P040;FIT2_T013;FIT2_TA068;alta;Adaptar carga, volumen, frecuencia, rango, descansos y tareas al nivel, historial, molestias, material, preferencias y disponibilidad. No sustituye valoración médica/fisioterapéutica si hay dolor, lesión o señales de alarma.
FIT2_R0561;FIT2_P040;FIT2_T013;FIT2_TA069;alta;Adaptar carga, volumen, frecuencia, rango, descansos y tareas al nivel, historial, molestias, material, preferencias y disponibilidad. No sustituye valoración médica/fisioterapéutica si hay dolor, lesión o señales de alarma.
FIT2_R0562;FIT2_P040;FIT2_T013;FIT2_TA070;alta;Adaptar carga, volumen, frecuencia, rango, descansos y tareas al nivel, historial, molestias, material, preferencias y disponibilidad. No sustituye valoración médica/fisioterapéutica si hay dolor, lesión o señales de alarma.
FIT2_R0563;FIT2_P040;FIT2_T013;FIT2_TA071;alta;Adaptar carga, volumen, frecuencia, rango, descansos y tareas al nivel, historial, molestias, material, preferencias y disponibilidad. No sustituye valoración médica/fisioterapéutica si hay dolor, lesión o señales de alarma.
FIT2_R0564;FIT2_P040;FIT2_T013;FIT2_TA072;alta;Adaptar carga, volumen, frecuencia, rango, descansos y tareas al nivel, historial, molestias, material, preferencias y disponibilidad. No sustituye valoración médica/fisioterapéutica si hay dolor, lesión o señales de alarma.
FIT2_R0565;FIT2_P040;FIT2_T015;FIT2_TA013;media;Adaptar carga, volumen, frecuencia, rango, descansos y tareas al nivel, historial, molestias, material, preferencias y disponibilidad. No sustituye valoración médica/fisioterapéutica si hay dolor, lesión o señales de alarma.
FIT2_R0566;FIT2_P040;FIT2_T015;FIT2_TA074;media;Adaptar carga, volumen, frecuencia, rango, descansos y tareas al nivel, historial, molestias, material, preferencias y disponibilidad. No sustituye valoración médica/fisioterapéutica si hay dolor, lesión o señales de alarma.
FIT2_R0567;FIT2_P040;FIT2_T054;FIT2_TA012;media;Adaptar carga, volumen, frecuencia, rango, descansos y tareas al nivel, historial, molestias, material, preferencias y disponibilidad. No sustituye valoración médica/fisioterapéutica si hay dolor, lesión o señales de alarma.
FIT2_R0568;FIT2_P040;FIT2_T055;FIT2_TA061;media;Adaptar carga, volumen, frecuencia, rango, descansos y tareas al nivel, historial, molestias, material, preferencias y disponibilidad. No sustituye valoración médica/fisioterapéutica si hay dolor, lesión o señales de alarma.
FIT2_R0569;FIT2_P041;FIT2_T019;FIT2_TA019;media;Adaptar carga, volumen, frecuencia, rango, descansos y tareas al nivel, historial, molestias, material, preferencias y disponibilidad. No sustituye valoración médica/fisioterapéutica si hay dolor, lesión o señales de alarma.
FIT2_R0570;FIT2_P041;FIT2_T019;FIT2_TA066;media;Adaptar carga, volumen, frecuencia, rango, descansos y tareas al nivel, historial, molestias, material, preferencias y disponibilidad. No sustituye valoración médica/fisioterapéutica si hay dolor, lesión o señales de alarma.
FIT2_R0571;FIT2_P041;FIT2_T020;FIT2_TA020;media;Adaptar carga, volumen, frecuencia, rango, descansos y tareas al nivel, historial, molestias, material, preferencias y disponibilidad. No sustituye valoración médica/fisioterapéutica si hay dolor, lesión o señales de alarma.
FIT2_R0572;FIT2_P041;FIT2_T020;FIT2_TA021;media;Adaptar carga, volumen, frecuencia, rango, descansos y tareas al nivel, historial, molestias, material, preferencias y disponibilidad. No sustituye valoración médica/fisioterapéutica si hay dolor, lesión o señales de alarma.
FIT2_R0573;FIT2_P041;FIT2_T020;FIT2_TA022;media;Adaptar carga, volumen, frecuencia, rango, descansos y tareas al nivel, historial, molestias, material, preferencias y disponibilidad. No sustituye valoración médica/fisioterapéutica si hay dolor, lesión o señales de alarma.
FIT2_R0574;FIT2_P041;FIT2_T020;FIT2_TA064;media;Adaptar carga, volumen, frecuencia, rango, descansos y tareas al nivel, historial, molestias, material, preferencias y disponibilidad. No sustituye valoración médica/fisioterapéutica si hay dolor, lesión o señales de alarma.
FIT2_R0575;FIT2_P041;FIT2_T021;FIT2_TA023;media;Adaptar carga, volumen, frecuencia, rango, descansos y tareas al nivel, historial, molestias, material, preferencias y disponibilidad. No sustituye valoración médica/fisioterapéutica si hay dolor, lesión o señales de alarma.
FIT2_R0576;FIT2_P041;FIT2_T022;FIT2_TA024;media;Adaptar carga, volumen, frecuencia, rango, descansos y tareas al nivel, historial, molestias, material, preferencias y disponibilidad. No sustituye valoración médica/fisioterapéutica si hay dolor, lesión o señales de alarma.
FIT2_R0577;FIT2_P041;FIT2_T013;FIT2_TA068;alta;Adaptar carga, volumen, frecuencia, rango, descansos y tareas al nivel, historial, molestias, material, preferencias y disponibilidad. No sustituye valoración médica/fisioterapéutica si hay dolor, lesión o señales de alarma.
FIT2_R0578;FIT2_P041;FIT2_T013;FIT2_TA069;alta;Adaptar carga, volumen, frecuencia, rango, descansos y tareas al nivel, historial, molestias, material, preferencias y disponibilidad. No sustituye valoración médica/fisioterapéutica si hay dolor, lesión o señales de alarma.
FIT2_R0579;FIT2_P041;FIT2_T013;FIT2_TA070;alta;Adaptar carga, volumen, frecuencia, rango, descansos y tareas al nivel, historial, molestias, material, preferencias y disponibilidad. No sustituye valoración médica/fisioterapéutica si hay dolor, lesión o señales de alarma.
FIT2_R0580;FIT2_P041;FIT2_T013;FIT2_TA071;alta;Adaptar carga, volumen, frecuencia, rango, descansos y tareas al nivel, historial, molestias, material, preferencias y disponibilidad. No sustituye valoración médica/fisioterapéutica si hay dolor, lesión o señales de alarma.
FIT2_R0581;FIT2_P041;FIT2_T013;FIT2_TA072;alta;Adaptar carga, volumen, frecuencia, rango, descansos y tareas al nivel, historial, molestias, material, preferencias y disponibilidad. No sustituye valoración médica/fisioterapéutica si hay dolor, lesión o señales de alarma.
FIT2_R0582;FIT2_P041;FIT2_T015;FIT2_TA013;media;Adaptar carga, volumen, frecuencia, rango, descansos y tareas al nivel, historial, molestias, material, preferencias y disponibilidad. No sustituye valoración médica/fisioterapéutica si hay dolor, lesión o señales de alarma.
FIT2_R0583;FIT2_P041;FIT2_T015;FIT2_TA074;media;Adaptar carga, volumen, frecuencia, rango, descansos y tareas al nivel, historial, molestias, material, preferencias y disponibilidad. No sustituye valoración médica/fisioterapéutica si hay dolor, lesión o señales de alarma.
FIT2_R0584;FIT2_P041;FIT2_T054;FIT2_TA012;media;Adaptar carga, volumen, frecuencia, rango, descansos y tareas al nivel, historial, molestias, material, preferencias y disponibilidad. No sustituye valoración médica/fisioterapéutica si hay dolor, lesión o señales de alarma.
FIT2_R0585;FIT2_P041;FIT2_T055;FIT2_TA061;media;Adaptar carga, volumen, frecuencia, rango, descansos y tareas al nivel, historial, molestias, material, preferencias y disponibilidad. No sustituye valoración médica/fisioterapéutica si hay dolor, lesión o señales de alarma.
FIT2_R0586;FIT2_P042;FIT2_T019;FIT2_TA019;media;Adaptar carga, volumen, frecuencia, rango, descansos y tareas al nivel, historial, molestias, material, preferencias y disponibilidad. No sustituye valoración médica/fisioterapéutica si hay dolor, lesión o señales de alarma.
FIT2_R0587;FIT2_P042;FIT2_T019;FIT2_TA066;media;Adaptar carga, volumen, frecuencia, rango, descansos y tareas al nivel, historial, molestias, material, preferencias y disponibilidad. No sustituye valoración médica/fisioterapéutica si hay dolor, lesión o señales de alarma.
FIT2_R0588;FIT2_P042;FIT2_T020;FIT2_TA020;media;Adaptar carga, volumen, frecuencia, rango, descansos y tareas al nivel, historial, molestias, material, preferencias y disponibilidad. No sustituye valoración médica/fisioterapéutica si hay dolor, lesión o señales de alarma.
FIT2_R0589;FIT2_P042;FIT2_T020;FIT2_TA021;media;Adaptar carga, volumen, frecuencia, rango, descansos y tareas al nivel, historial, molestias, material, preferencias y disponibilidad. No sustituye valoración médica/fisioterapéutica si hay dolor, lesión o señales de alarma.
FIT2_R0590;FIT2_P042;FIT2_T020;FIT2_TA022;media;Adaptar carga, volumen, frecuencia, rango, descansos y tareas al nivel, historial, molestias, material, preferencias y disponibilidad. No sustituye valoración médica/fisioterapéutica si hay dolor, lesión o señales de alarma.
FIT2_R0591;FIT2_P042;FIT2_T020;FIT2_TA064;media;Adaptar carga, volumen, frecuencia, rango, descansos y tareas al nivel, historial, molestias, material, preferencias y disponibilidad. No sustituye valoración médica/fisioterapéutica si hay dolor, lesión o señales de alarma.
FIT2_R0592;FIT2_P042;FIT2_T021;FIT2_TA023;media;Adaptar carga, volumen, frecuencia, rango, descansos y tareas al nivel, historial, molestias, material, preferencias y disponibilidad. No sustituye valoración médica/fisioterapéutica si hay dolor, lesión o señales de alarma.
FIT2_R0593;FIT2_P042;FIT2_T022;FIT2_TA024;media;Adaptar carga, volumen, frecuencia, rango, descansos y tareas al nivel, historial, molestias, material, preferencias y disponibilidad. No sustituye valoración médica/fisioterapéutica si hay dolor, lesión o señales de alarma.
FIT2_R0594;FIT2_P042;FIT2_T013;FIT2_TA068;alta;Adaptar carga, volumen, frecuencia, rango, descansos y tareas al nivel, historial, molestias, material, preferencias y disponibilidad. No sustituye valoración médica/fisioterapéutica si hay dolor, lesión o señales de alarma.
FIT2_R0595;FIT2_P042;FIT2_T013;FIT2_TA069;alta;Adaptar carga, volumen, frecuencia, rango, descansos y tareas al nivel, historial, molestias, material, preferencias y disponibilidad. No sustituye valoración médica/fisioterapéutica si hay dolor, lesión o señales de alarma.
FIT2_R0596;FIT2_P042;FIT2_T013;FIT2_TA070;alta;Adaptar carga, volumen, frecuencia, rango, descansos y tareas al nivel, historial, molestias, material, preferencias y disponibilidad. No sustituye valoración médica/fisioterapéutica si hay dolor, lesión o señales de alarma.
FIT2_R0597;FIT2_P042;FIT2_T013;FIT2_TA071;alta;Adaptar carga, volumen, frecuencia, rango, descansos y tareas al nivel, historial, molestias, material, preferencias y disponibilidad. No sustituye valoración médica/fisioterapéutica si hay dolor, lesión o señales de alarma.
FIT2_R0598;FIT2_P042;FIT2_T013;FIT2_TA072;alta;Adaptar carga, volumen, frecuencia, rango, descansos y tareas al nivel, historial, molestias, material, preferencias y disponibilidad. No sustituye valoración médica/fisioterapéutica si hay dolor, lesión o señales de alarma.
FIT2_R0599;FIT2_P042;FIT2_T015;FIT2_TA013;media;Adaptar carga, volumen, frecuencia, rango, descansos y tareas al nivel, historial, molestias, material, preferencias y disponibilidad. No sustituye valoración médica/fisioterapéutica si hay dolor, lesión o señales de alarma.
FIT2_R0600;FIT2_P042;FIT2_T015;FIT2_TA074;media;Adaptar carga, volumen, frecuencia, rango, descansos y tareas al nivel, historial, molestias, material, preferencias y disponibilidad. No sustituye valoración médica/fisioterapéutica si hay dolor, lesión o señales de alarma.
FIT2_R0601;FIT2_P042;FIT2_T054;FIT2_TA012;media;Adaptar carga, volumen, frecuencia, rango, descansos y tareas al nivel, historial, molestias, material, preferencias y disponibilidad. No sustituye valoración médica/fisioterapéutica si hay dolor, lesión o señales de alarma.
FIT2_R0602;FIT2_P042;FIT2_T055;FIT2_TA061;media;Adaptar carga, volumen, frecuencia, rango, descansos y tareas al nivel, historial, molestias, material, preferencias y disponibilidad. No sustituye valoración médica/fisioterapéutica si hay dolor, lesión o señales de alarma.
FIT2_R0603;FIT2_P043;FIT2_T019;FIT2_TA019;media;Adaptar carga, volumen, frecuencia, rango, descansos y tareas al nivel, historial, molestias, material, preferencias y disponibilidad. No sustituye valoración médica/fisioterapéutica si hay dolor, lesión o señales de alarma.
FIT2_R0604;FIT2_P043;FIT2_T019;FIT2_TA066;media;Adaptar carga, volumen, frecuencia, rango, descansos y tareas al nivel, historial, molestias, material, preferencias y disponibilidad. No sustituye valoración médica/fisioterapéutica si hay dolor, lesión o señales de alarma.
FIT2_R0605;FIT2_P043;FIT2_T020;FIT2_TA020;media;Adaptar carga, volumen, frecuencia, rango, descansos y tareas al nivel, historial, molestias, material, preferencias y disponibilidad. No sustituye valoración médica/fisioterapéutica si hay dolor, lesión o señales de alarma.
FIT2_R0606;FIT2_P043;FIT2_T020;FIT2_TA021;media;Adaptar carga, volumen, frecuencia, rango, descansos y tareas al nivel, historial, molestias, material, preferencias y disponibilidad. No sustituye valoración médica/fisioterapéutica si hay dolor, lesión o señales de alarma.
FIT2_R0607;FIT2_P043;FIT2_T020;FIT2_TA022;media;Adaptar carga, volumen, frecuencia, rango, descansos y tareas al nivel, historial, molestias, material, preferencias y disponibilidad. No sustituye valoración médica/fisioterapéutica si hay dolor, lesión o señales de alarma.
FIT2_R0608;FIT2_P043;FIT2_T020;FIT2_TA064;media;Adaptar carga, volumen, frecuencia, rango, descansos y tareas al nivel, historial, molestias, material, preferencias y disponibilidad. No sustituye valoración médica/fisioterapéutica si hay dolor, lesión o señales de alarma.
FIT2_R0609;FIT2_P043;FIT2_T021;FIT2_TA023;media;Adaptar carga, volumen, frecuencia, rango, descansos y tareas al nivel, historial, molestias, material, preferencias y disponibilidad. No sustituye valoración médica/fisioterapéutica si hay dolor, lesión o señales de alarma.
FIT2_R0610;FIT2_P043;FIT2_T022;FIT2_TA024;media;Adaptar carga, volumen, frecuencia, rango, descansos y tareas al nivel, historial, molestias, material, preferencias y disponibilidad. No sustituye valoración médica/fisioterapéutica si hay dolor, lesión o señales de alarma.
FIT2_R0611;FIT2_P043;FIT2_T013;FIT2_TA068;alta;Adaptar carga, volumen, frecuencia, rango, descansos y tareas al nivel, historial, molestias, material, preferencias y disponibilidad. No sustituye valoración médica/fisioterapéutica si hay dolor, lesión o señales de alarma.
FIT2_R0612;FIT2_P043;FIT2_T013;FIT2_TA069;alta;Adaptar carga, volumen, frecuencia, rango, descansos y tareas al nivel, historial, molestias, material, preferencias y disponibilidad. No sustituye valoración médica/fisioterapéutica si hay dolor, lesión o señales de alarma.
FIT2_R0613;FIT2_P043;FIT2_T013;FIT2_TA070;alta;Adaptar carga, volumen, frecuencia, rango, descansos y tareas al nivel, historial, molestias, material, preferencias y disponibilidad. No sustituye valoración médica/fisioterapéutica si hay dolor, lesión o señales de alarma.
FIT2_R0614;FIT2_P043;FIT2_T013;FIT2_TA071;alta;Adaptar carga, volumen, frecuencia, rango, descansos y tareas al nivel, historial, molestias, material, preferencias y disponibilidad. No sustituye valoración médica/fisioterapéutica si hay dolor, lesión o señales de alarma.
FIT2_R0615;FIT2_P043;FIT2_T013;FIT2_TA072;alta;Adaptar carga, volumen, frecuencia, rango, descansos y tareas al nivel, historial, molestias, material, preferencias y disponibilidad. No sustituye valoración médica/fisioterapéutica si hay dolor, lesión o señales de alarma.
FIT2_R0616;FIT2_P043;FIT2_T015;FIT2_TA013;media;Adaptar carga, volumen, frecuencia, rango, descansos y tareas al nivel, historial, molestias, material, preferencias y disponibilidad. No sustituye valoración médica/fisioterapéutica si hay dolor, lesión o señales de alarma.
FIT2_R0617;FIT2_P043;FIT2_T015;FIT2_TA074;media;Adaptar carga, volumen, frecuencia, rango, descansos y tareas al nivel, historial, molestias, material, preferencias y disponibilidad. No sustituye valoración médica/fisioterapéutica si hay dolor, lesión o señales de alarma.
FIT2_R0618;FIT2_P043;FIT2_T054;FIT2_TA012;media;Adaptar carga, volumen, frecuencia, rango, descansos y tareas al nivel, historial, molestias, material, preferencias y disponibilidad. No sustituye valoración médica/fisioterapéutica si hay dolor, lesión o señales de alarma.
FIT2_R0619;FIT2_P043;FIT2_T055;FIT2_TA061;media;Adaptar carga, volumen, frecuencia, rango, descansos y tareas al nivel, historial, molestias, material, preferencias y disponibilidad. No sustituye valoración médica/fisioterapéutica si hay dolor, lesión o señales de alarma.
FIT2_R0620;FIT2_P044;FIT2_T023;FIT2_TA025;alta;Adaptar carga, volumen, frecuencia, rango, descansos y tareas al nivel, historial, molestias, material, preferencias y disponibilidad. No sustituye valoración médica/fisioterapéutica si hay dolor, lesión o señales de alarma.
FIT2_R0621;FIT2_P044;FIT2_T023;FIT2_TA026;alta;Adaptar carga, volumen, frecuencia, rango, descansos y tareas al nivel, historial, molestias, material, preferencias y disponibilidad. No sustituye valoración médica/fisioterapéutica si hay dolor, lesión o señales de alarma.
FIT2_R0622;FIT2_P044;FIT2_T023;FIT2_TA076;alta;Adaptar carga, volumen, frecuencia, rango, descansos y tareas al nivel, historial, molestias, material, preferencias y disponibilidad. No sustituye valoración médica/fisioterapéutica si hay dolor, lesión o señales de alarma.
FIT2_R0623;FIT2_P044;FIT2_T023;FIT2_TA080;alta;Adaptar carga, volumen, frecuencia, rango, descansos y tareas al nivel, historial, molestias, material, preferencias y disponibilidad. No sustituye valoración médica/fisioterapéutica si hay dolor, lesión o señales de alarma.
FIT2_R0624;FIT2_P044;FIT2_T024;FIT2_TA027;media;Adaptar carga, volumen, frecuencia, rango, descansos y tareas al nivel, historial, molestias, material, preferencias y disponibilidad. No sustituye valoración médica/fisioterapéutica si hay dolor, lesión o señales de alarma.
FIT2_R0625;FIT2_P044;FIT2_T025;FIT2_TA028;media;Adaptar carga, volumen, frecuencia, rango, descansos y tareas al nivel, historial, molestias, material, preferencias y disponibilidad. No sustituye valoración médica/fisioterapéutica si hay dolor, lesión o señales de alarma.
FIT2_R0626;FIT2_P044;FIT2_T026;FIT2_TA029;media;Adaptar carga, volumen, frecuencia, rango, descansos y tareas al nivel, historial, molestias, material, preferencias y disponibilidad. No sustituye valoración médica/fisioterapéutica si hay dolor, lesión o señales de alarma.
FIT2_R0627;FIT2_P044;FIT2_T027;FIT2_TA030;media;Adaptar carga, volumen, frecuencia, rango, descansos y tareas al nivel, historial, molestias, material, preferencias y disponibilidad. No sustituye valoración médica/fisioterapéutica si hay dolor, lesión o señales de alarma.
FIT2_R0628;FIT2_P044;FIT2_T033;FIT2_TA038;media;Adaptar carga, volumen, frecuencia, rango, descansos y tareas al nivel, historial, molestias, material, preferencias y disponibilidad. No sustituye valoración médica/fisioterapéutica si hay dolor, lesión o señales de alarma.
FIT2_R0629;FIT2_P044;FIT2_T035;FIT2_TA004;alta;Adaptar carga, volumen, frecuencia, rango, descansos y tareas al nivel, historial, molestias, material, preferencias y disponibilidad. No sustituye valoración médica/fisioterapéutica si hay dolor, lesión o señales de alarma.
FIT2_R0630;FIT2_P044;FIT2_T056;FIT2_TA060;media;Adaptar carga, volumen, frecuencia, rango, descansos y tareas al nivel, historial, molestias, material, preferencias y disponibilidad. No sustituye valoración médica/fisioterapéutica si hay dolor, lesión o señales de alarma.
FIT2_R0631;FIT2_P044;FIT2_T056;FIT2_TA075;media;Adaptar carga, volumen, frecuencia, rango, descansos y tareas al nivel, historial, molestias, material, preferencias y disponibilidad. No sustituye valoración médica/fisioterapéutica si hay dolor, lesión o señales de alarma.
FIT2_R0632;FIT2_P045;FIT2_T023;FIT2_TA025;alta;Adaptar carga, volumen, frecuencia, rango, descansos y tareas al nivel, historial, molestias, material, preferencias y disponibilidad. No sustituye valoración médica/fisioterapéutica si hay dolor, lesión o señales de alarma.
FIT2_R0633;FIT2_P045;FIT2_T023;FIT2_TA026;alta;Adaptar carga, volumen, frecuencia, rango, descansos y tareas al nivel, historial, molestias, material, preferencias y disponibilidad. No sustituye valoración médica/fisioterapéutica si hay dolor, lesión o señales de alarma.
FIT2_R0634;FIT2_P045;FIT2_T023;FIT2_TA076;alta;Adaptar carga, volumen, frecuencia, rango, descansos y tareas al nivel, historial, molestias, material, preferencias y disponibilidad. No sustituye valoración médica/fisioterapéutica si hay dolor, lesión o señales de alarma.
FIT2_R0635;FIT2_P045;FIT2_T023;FIT2_TA080;alta;Adaptar carga, volumen, frecuencia, rango, descansos y tareas al nivel, historial, molestias, material, preferencias y disponibilidad. No sustituye valoración médica/fisioterapéutica si hay dolor, lesión o señales de alarma.
FIT2_R0636;FIT2_P045;FIT2_T024;FIT2_TA027;media;Adaptar carga, volumen, frecuencia, rango, descansos y tareas al nivel, historial, molestias, material, preferencias y disponibilidad. No sustituye valoración médica/fisioterapéutica si hay dolor, lesión o señales de alarma.
FIT2_R0637;FIT2_P045;FIT2_T025;FIT2_TA028;media;Adaptar carga, volumen, frecuencia, rango, descansos y tareas al nivel, historial, molestias, material, preferencias y disponibilidad. No sustituye valoración médica/fisioterapéutica si hay dolor, lesión o señales de alarma.
FIT2_R0638;FIT2_P045;FIT2_T026;FIT2_TA029;media;Adaptar carga, volumen, frecuencia, rango, descansos y tareas al nivel, historial, molestias, material, preferencias y disponibilidad. No sustituye valoración médica/fisioterapéutica si hay dolor, lesión o señales de alarma.
FIT2_R0639;FIT2_P045;FIT2_T027;FIT2_TA030;media;Adaptar carga, volumen, frecuencia, rango, descansos y tareas al nivel, historial, molestias, material, preferencias y disponibilidad. No sustituye valoración médica/fisioterapéutica si hay dolor, lesión o señales de alarma.
FIT2_R0640;FIT2_P045;FIT2_T033;FIT2_TA038;media;Adaptar carga, volumen, frecuencia, rango, descansos y tareas al nivel, historial, molestias, material, preferencias y disponibilidad. No sustituye valoración médica/fisioterapéutica si hay dolor, lesión o señales de alarma.
FIT2_R0641;FIT2_P045;FIT2_T035;FIT2_TA004;alta;Adaptar carga, volumen, frecuencia, rango, descansos y tareas al nivel, historial, molestias, material, preferencias y disponibilidad. No sustituye valoración médica/fisioterapéutica si hay dolor, lesión o señales de alarma.
FIT2_R0642;FIT2_P045;FIT2_T056;FIT2_TA060;media;Adaptar carga, volumen, frecuencia, rango, descansos y tareas al nivel, historial, molestias, material, preferencias y disponibilidad. No sustituye valoración médica/fisioterapéutica si hay dolor, lesión o señales de alarma.
FIT2_R0643;FIT2_P045;FIT2_T056;FIT2_TA075;media;Adaptar carga, volumen, frecuencia, rango, descansos y tareas al nivel, historial, molestias, material, preferencias y disponibilidad. No sustituye valoración médica/fisioterapéutica si hay dolor, lesión o señales de alarma.
FIT2_R0644;FIT2_P046;FIT2_T023;FIT2_TA025;alta;Adaptar carga, volumen, frecuencia, rango, descansos y tareas al nivel, historial, molestias, material, preferencias y disponibilidad. No sustituye valoración médica/fisioterapéutica si hay dolor, lesión o señales de alarma.
FIT2_R0645;FIT2_P046;FIT2_T023;FIT2_TA026;alta;Adaptar carga, volumen, frecuencia, rango, descansos y tareas al nivel, historial, molestias, material, preferencias y disponibilidad. No sustituye valoración médica/fisioterapéutica si hay dolor, lesión o señales de alarma.
FIT2_R0646;FIT2_P046;FIT2_T023;FIT2_TA076;alta;Adaptar carga, volumen, frecuencia, rango, descansos y tareas al nivel, historial, molestias, material, preferencias y disponibilidad. No sustituye valoración médica/fisioterapéutica si hay dolor, lesión o señales de alarma.
FIT2_R0647;FIT2_P046;FIT2_T023;FIT2_TA080;alta;Adaptar carga, volumen, frecuencia, rango, descansos y tareas al nivel, historial, molestias, material, preferencias y disponibilidad. No sustituye valoración médica/fisioterapéutica si hay dolor, lesión o señales de alarma.
FIT2_R0648;FIT2_P046;FIT2_T024;FIT2_TA027;media;Adaptar carga, volumen, frecuencia, rango, descansos y tareas al nivel, historial, molestias, material, preferencias y disponibilidad. No sustituye valoración médica/fisioterapéutica si hay dolor, lesión o señales de alarma.
FIT2_R0649;FIT2_P046;FIT2_T025;FIT2_TA028;media;Adaptar carga, volumen, frecuencia, rango, descansos y tareas al nivel, historial, molestias, material, preferencias y disponibilidad. No sustituye valoración médica/fisioterapéutica si hay dolor, lesión o señales de alarma.
FIT2_R0650;FIT2_P046;FIT2_T026;FIT2_TA029;media;Adaptar carga, volumen, frecuencia, rango, descansos y tareas al nivel, historial, molestias, material, preferencias y disponibilidad. No sustituye valoración médica/fisioterapéutica si hay dolor, lesión o señales de alarma.
FIT2_R0651;FIT2_P046;FIT2_T027;FIT2_TA030;media;Adaptar carga, volumen, frecuencia, rango, descansos y tareas al nivel, historial, molestias, material, preferencias y disponibilidad. No sustituye valoración médica/fisioterapéutica si hay dolor, lesión o señales de alarma.
FIT2_R0652;FIT2_P046;FIT2_T033;FIT2_TA038;media;Adaptar carga, volumen, frecuencia, rango, descansos y tareas al nivel, historial, molestias, material, preferencias y disponibilidad. No sustituye valoración médica/fisioterapéutica si hay dolor, lesión o señales de alarma.
FIT2_R0653;FIT2_P046;FIT2_T035;FIT2_TA004;alta;Adaptar carga, volumen, frecuencia, rango, descansos y tareas al nivel, historial, molestias, material, preferencias y disponibilidad. No sustituye valoración médica/fisioterapéutica si hay dolor, lesión o señales de alarma.
FIT2_R0654;FIT2_P046;FIT2_T056;FIT2_TA060;media;Adaptar carga, volumen, frecuencia, rango, descansos y tareas al nivel, historial, molestias, material, preferencias y disponibilidad. No sustituye valoración médica/fisioterapéutica si hay dolor, lesión o señales de alarma.
FIT2_R0655;FIT2_P046;FIT2_T056;FIT2_TA075;media;Adaptar carga, volumen, frecuencia, rango, descansos y tareas al nivel, historial, molestias, material, preferencias y disponibilidad. No sustituye valoración médica/fisioterapéutica si hay dolor, lesión o señales de alarma.
FIT2_R0656;FIT2_P047;FIT2_T023;FIT2_TA025;alta;Adaptar carga, volumen, frecuencia, rango, descansos y tareas al nivel, historial, molestias, material, preferencias y disponibilidad. No sustituye valoración médica/fisioterapéutica si hay dolor, lesión o señales de alarma.
FIT2_R0657;FIT2_P047;FIT2_T023;FIT2_TA026;alta;Adaptar carga, volumen, frecuencia, rango, descansos y tareas al nivel, historial, molestias, material, preferencias y disponibilidad. No sustituye valoración médica/fisioterapéutica si hay dolor, lesión o señales de alarma.
FIT2_R0658;FIT2_P047;FIT2_T023;FIT2_TA076;alta;Adaptar carga, volumen, frecuencia, rango, descansos y tareas al nivel, historial, molestias, material, preferencias y disponibilidad. No sustituye valoración médica/fisioterapéutica si hay dolor, lesión o señales de alarma.
FIT2_R0659;FIT2_P047;FIT2_T023;FIT2_TA080;alta;Adaptar carga, volumen, frecuencia, rango, descansos y tareas al nivel, historial, molestias, material, preferencias y disponibilidad. No sustituye valoración médica/fisioterapéutica si hay dolor, lesión o señales de alarma.
FIT2_R0660;FIT2_P047;FIT2_T024;FIT2_TA027;media;Adaptar carga, volumen, frecuencia, rango, descansos y tareas al nivel, historial, molestias, material, preferencias y disponibilidad. No sustituye valoración médica/fisioterapéutica si hay dolor, lesión o señales de alarma.
FIT2_R0661;FIT2_P047;FIT2_T025;FIT2_TA028;media;Adaptar carga, volumen, frecuencia, rango, descansos y tareas al nivel, historial, molestias, material, preferencias y disponibilidad. No sustituye valoración médica/fisioterapéutica si hay dolor, lesión o señales de alarma.
FIT2_R0662;FIT2_P047;FIT2_T026;FIT2_TA029;media;Adaptar carga, volumen, frecuencia, rango, descansos y tareas al nivel, historial, molestias, material, preferencias y disponibilidad. No sustituye valoración médica/fisioterapéutica si hay dolor, lesión o señales de alarma.
FIT2_R0663;FIT2_P047;FIT2_T027;FIT2_TA030;media;Adaptar carga, volumen, frecuencia, rango, descansos y tareas al nivel, historial, molestias, material, preferencias y disponibilidad. No sustituye valoración médica/fisioterapéutica si hay dolor, lesión o señales de alarma.
FIT2_R0664;FIT2_P047;FIT2_T033;FIT2_TA038;media;Adaptar carga, volumen, frecuencia, rango, descansos y tareas al nivel, historial, molestias, material, preferencias y disponibilidad. No sustituye valoración médica/fisioterapéutica si hay dolor, lesión o señales de alarma.
FIT2_R0665;FIT2_P047;FIT2_T035;FIT2_TA004;alta;Adaptar carga, volumen, frecuencia, rango, descansos y tareas al nivel, historial, molestias, material, preferencias y disponibilidad. No sustituye valoración médica/fisioterapéutica si hay dolor, lesión o señales de alarma.
FIT2_R0666;FIT2_P047;FIT2_T056;FIT2_TA060;media;Adaptar carga, volumen, frecuencia, rango, descansos y tareas al nivel, historial, molestias, material, preferencias y disponibilidad. No sustituye valoración médica/fisioterapéutica si hay dolor, lesión o señales de alarma.
FIT2_R0667;FIT2_P047;FIT2_T056;FIT2_TA075;media;Adaptar carga, volumen, frecuencia, rango, descansos y tareas al nivel, historial, molestias, material, preferencias y disponibilidad. No sustituye valoración médica/fisioterapéutica si hay dolor, lesión o señales de alarma.
FIT2_R0668;FIT2_P048;FIT2_T023;FIT2_TA025;alta;Adaptar carga, volumen, frecuencia, rango, descansos y tareas al nivel, historial, molestias, material, preferencias y disponibilidad. No sustituye valoración médica/fisioterapéutica si hay dolor, lesión o señales de alarma.
FIT2_R0669;FIT2_P048;FIT2_T023;FIT2_TA026;alta;Adaptar carga, volumen, frecuencia, rango, descansos y tareas al nivel, historial, molestias, material, preferencias y disponibilidad. No sustituye valoración médica/fisioterapéutica si hay dolor, lesión o señales de alarma.
FIT2_R0670;FIT2_P048;FIT2_T023;FIT2_TA076;alta;Adaptar carga, volumen, frecuencia, rango, descansos y tareas al nivel, historial, molestias, material, preferencias y disponibilidad. No sustituye valoración médica/fisioterapéutica si hay dolor, lesión o señales de alarma.
FIT2_R0671;FIT2_P048;FIT2_T023;FIT2_TA080;alta;Adaptar carga, volumen, frecuencia, rango, descansos y tareas al nivel, historial, molestias, material, preferencias y disponibilidad. No sustituye valoración médica/fisioterapéutica si hay dolor, lesión o señales de alarma.
FIT2_R0672;FIT2_P048;FIT2_T024;FIT2_TA027;media;Adaptar carga, volumen, frecuencia, rango, descansos y tareas al nivel, historial, molestias, material, preferencias y disponibilidad. No sustituye valoración médica/fisioterapéutica si hay dolor, lesión o señales de alarma.
FIT2_R0673;FIT2_P048;FIT2_T025;FIT2_TA028;media;Adaptar carga, volumen, frecuencia, rango, descansos y tareas al nivel, historial, molestias, material, preferencias y disponibilidad. No sustituye valoración médica/fisioterapéutica si hay dolor, lesión o señales de alarma.
FIT2_R0674;FIT2_P048;FIT2_T026;FIT2_TA029;media;Adaptar carga, volumen, frecuencia, rango, descansos y tareas al nivel, historial, molestias, material, preferencias y disponibilidad. No sustituye valoración médica/fisioterapéutica si hay dolor, lesión o señales de alarma.
FIT2_R0675;FIT2_P048;FIT2_T027;FIT2_TA030;media;Adaptar carga, volumen, frecuencia, rango, descansos y tareas al nivel, historial, molestias, material, preferencias y disponibilidad. No sustituye valoración médica/fisioterapéutica si hay dolor, lesión o señales de alarma.
FIT2_R0676;FIT2_P048;FIT2_T033;FIT2_TA038;media;Adaptar carga, volumen, frecuencia, rango, descansos y tareas al nivel, historial, molestias, material, preferencias y disponibilidad. No sustituye valoración médica/fisioterapéutica si hay dolor, lesión o señales de alarma.
FIT2_R0677;FIT2_P048;FIT2_T035;FIT2_TA004;alta;Adaptar carga, volumen, frecuencia, rango, descansos y tareas al nivel, historial, molestias, material, preferencias y disponibilidad. No sustituye valoración médica/fisioterapéutica si hay dolor, lesión o señales de alarma.
FIT2_R0678;FIT2_P048;FIT2_T056;FIT2_TA060;media;Adaptar carga, volumen, frecuencia, rango, descansos y tareas al nivel, historial, molestias, material, preferencias y disponibilidad. No sustituye valoración médica/fisioterapéutica si hay dolor, lesión o señales de alarma.
FIT2_R0679;FIT2_P048;FIT2_T056;FIT2_TA075;media;Adaptar carga, volumen, frecuencia, rango, descansos y tareas al nivel, historial, molestias, material, preferencias y disponibilidad. No sustituye valoración médica/fisioterapéutica si hay dolor, lesión o señales de alarma.
FIT2_R0680;FIT2_P049;FIT2_T041;FIT2_TA046;media;Adaptar carga, volumen, frecuencia, rango, descansos y tareas al nivel, historial, molestias, material, preferencias y disponibilidad. No sustituye valoración médica/fisioterapéutica si hay dolor, lesión o señales de alarma.
FIT2_R0681;FIT2_P049;FIT2_T042;FIT2_TA047;media;Adaptar carga, volumen, frecuencia, rango, descansos y tareas al nivel, historial, molestias, material, preferencias y disponibilidad. No sustituye valoración médica/fisioterapéutica si hay dolor, lesión o señales de alarma.
FIT2_R0682;FIT2_P049;FIT2_T043;FIT2_TA048;media;Adaptar carga, volumen, frecuencia, rango, descansos y tareas al nivel, historial, molestias, material, preferencias y disponibilidad. No sustituye valoración médica/fisioterapéutica si hay dolor, lesión o señales de alarma.
FIT2_R0683;FIT2_P049;FIT2_T044;FIT2_TA049;media;Adaptar carga, volumen, frecuencia, rango, descansos y tareas al nivel, historial, molestias, material, preferencias y disponibilidad. No sustituye valoración médica/fisioterapéutica si hay dolor, lesión o señales de alarma.
FIT2_R0684;FIT2_P049;FIT2_T035;FIT2_TA004;alta;Adaptar carga, volumen, frecuencia, rango, descansos y tareas al nivel, historial, molestias, material, preferencias y disponibilidad. No sustituye valoración médica/fisioterapéutica si hay dolor, lesión o señales de alarma.
FIT2_R0685;FIT2_P049;FIT2_T037;FIT2_TA041;alta;Adaptar carga, volumen, frecuencia, rango, descansos y tareas al nivel, historial, molestias, material, preferencias y disponibilidad. No sustituye valoración médica/fisioterapéutica si hay dolor, lesión o señales de alarma.
FIT2_R0686;FIT2_P049;FIT2_T037;FIT2_TA042;alta;Adaptar carga, volumen, frecuencia, rango, descansos y tareas al nivel, historial, molestias, material, preferencias y disponibilidad. No sustituye valoración médica/fisioterapéutica si hay dolor, lesión o señales de alarma.
FIT2_R0687;FIT2_P050;FIT2_T041;FIT2_TA046;media;Adaptar carga, volumen, frecuencia, rango, descansos y tareas al nivel, historial, molestias, material, preferencias y disponibilidad. No sustituye valoración médica/fisioterapéutica si hay dolor, lesión o señales de alarma.
FIT2_R0688;FIT2_P050;FIT2_T042;FIT2_TA047;media;Adaptar carga, volumen, frecuencia, rango, descansos y tareas al nivel, historial, molestias, material, preferencias y disponibilidad. No sustituye valoración médica/fisioterapéutica si hay dolor, lesión o señales de alarma.
FIT2_R0689;FIT2_P050;FIT2_T043;FIT2_TA048;media;Adaptar carga, volumen, frecuencia, rango, descansos y tareas al nivel, historial, molestias, material, preferencias y disponibilidad. No sustituye valoración médica/fisioterapéutica si hay dolor, lesión o señales de alarma.
FIT2_R0690;FIT2_P050;FIT2_T044;FIT2_TA049;media;Adaptar carga, volumen, frecuencia, rango, descansos y tareas al nivel, historial, molestias, material, preferencias y disponibilidad. No sustituye valoración médica/fisioterapéutica si hay dolor, lesión o señales de alarma.
FIT2_R0691;FIT2_P050;FIT2_T035;FIT2_TA004;alta;Adaptar carga, volumen, frecuencia, rango, descansos y tareas al nivel, historial, molestias, material, preferencias y disponibilidad. No sustituye valoración médica/fisioterapéutica si hay dolor, lesión o señales de alarma.
FIT2_R0692;FIT2_P050;FIT2_T037;FIT2_TA041;alta;Adaptar carga, volumen, frecuencia, rango, descansos y tareas al nivel, historial, molestias, material, preferencias y disponibilidad. No sustituye valoración médica/fisioterapéutica si hay dolor, lesión o señales de alarma.
FIT2_R0693;FIT2_P050;FIT2_T037;FIT2_TA042;alta;Adaptar carga, volumen, frecuencia, rango, descansos y tareas al nivel, historial, molestias, material, preferencias y disponibilidad. No sustituye valoración médica/fisioterapéutica si hay dolor, lesión o señales de alarma.
FIT2_R0694;FIT2_P051;FIT2_T041;FIT2_TA046;media;Adaptar carga, volumen, frecuencia, rango, descansos y tareas al nivel, historial, molestias, material, preferencias y disponibilidad. No sustituye valoración médica/fisioterapéutica si hay dolor, lesión o señales de alarma.
FIT2_R0695;FIT2_P051;FIT2_T042;FIT2_TA047;media;Adaptar carga, volumen, frecuencia, rango, descansos y tareas al nivel, historial, molestias, material, preferencias y disponibilidad. No sustituye valoración médica/fisioterapéutica si hay dolor, lesión o señales de alarma.
FIT2_R0696;FIT2_P051;FIT2_T043;FIT2_TA048;media;Adaptar carga, volumen, frecuencia, rango, descansos y tareas al nivel, historial, molestias, material, preferencias y disponibilidad. No sustituye valoración médica/fisioterapéutica si hay dolor, lesión o señales de alarma.
FIT2_R0697;FIT2_P051;FIT2_T044;FIT2_TA049;media;Adaptar carga, volumen, frecuencia, rango, descansos y tareas al nivel, historial, molestias, material, preferencias y disponibilidad. No sustituye valoración médica/fisioterapéutica si hay dolor, lesión o señales de alarma.
FIT2_R0698;FIT2_P051;FIT2_T035;FIT2_TA004;alta;Adaptar carga, volumen, frecuencia, rango, descansos y tareas al nivel, historial, molestias, material, preferencias y disponibilidad. No sustituye valoración médica/fisioterapéutica si hay dolor, lesión o señales de alarma.
FIT2_R0699;FIT2_P051;FIT2_T037;FIT2_TA041;alta;Adaptar carga, volumen, frecuencia, rango, descansos y tareas al nivel, historial, molestias, material, preferencias y disponibilidad. No sustituye valoración médica/fisioterapéutica si hay dolor, lesión o señales de alarma.
FIT2_R0700;FIT2_P051;FIT2_T037;FIT2_TA042;alta;Adaptar carga, volumen, frecuencia, rango, descansos y tareas al nivel, historial, molestias, material, preferencias y disponibilidad. No sustituye valoración médica/fisioterapéutica si hay dolor, lesión o señales de alarma.
FIT2_R0701;FIT2_P052;FIT2_T041;FIT2_TA046;media;Adaptar carga, volumen, frecuencia, rango, descansos y tareas al nivel, historial, molestias, material, preferencias y disponibilidad. No sustituye valoración médica/fisioterapéutica si hay dolor, lesión o señales de alarma.
FIT2_R0702;FIT2_P052;FIT2_T042;FIT2_TA047;media;Adaptar carga, volumen, frecuencia, rango, descansos y tareas al nivel, historial, molestias, material, preferencias y disponibilidad. No sustituye valoración médica/fisioterapéutica si hay dolor, lesión o señales de alarma.
FIT2_R0703;FIT2_P052;FIT2_T043;FIT2_TA048;media;Adaptar carga, volumen, frecuencia, rango, descansos y tareas al nivel, historial, molestias, material, preferencias y disponibilidad. No sustituye valoración médica/fisioterapéutica si hay dolor, lesión o señales de alarma.
FIT2_R0704;FIT2_P052;FIT2_T044;FIT2_TA049;media;Adaptar carga, volumen, frecuencia, rango, descansos y tareas al nivel, historial, molestias, material, preferencias y disponibilidad. No sustituye valoración médica/fisioterapéutica si hay dolor, lesión o señales de alarma.
FIT2_R0705;FIT2_P052;FIT2_T035;FIT2_TA004;alta;Adaptar carga, volumen, frecuencia, rango, descansos y tareas al nivel, historial, molestias, material, preferencias y disponibilidad. No sustituye valoración médica/fisioterapéutica si hay dolor, lesión o señales de alarma.
FIT2_R0706;FIT2_P052;FIT2_T037;FIT2_TA041;alta;Adaptar carga, volumen, frecuencia, rango, descansos y tareas al nivel, historial, molestias, material, preferencias y disponibilidad. No sustituye valoración médica/fisioterapéutica si hay dolor, lesión o señales de alarma.
FIT2_R0707;FIT2_P052;FIT2_T037;FIT2_TA042;alta;Adaptar carga, volumen, frecuencia, rango, descansos y tareas al nivel, historial, molestias, material, preferencias y disponibilidad. No sustituye valoración médica/fisioterapéutica si hay dolor, lesión o señales de alarma.
FIT2_R0708;FIT2_P053;FIT2_T041;FIT2_TA046;media;Adaptar carga, volumen, frecuencia, rango, descansos y tareas al nivel, historial, molestias, material, preferencias y disponibilidad. No sustituye valoración médica/fisioterapéutica si hay dolor, lesión o señales de alarma.
FIT2_R0709;FIT2_P053;FIT2_T042;FIT2_TA047;media;Adaptar carga, volumen, frecuencia, rango, descansos y tareas al nivel, historial, molestias, material, preferencias y disponibilidad. No sustituye valoración médica/fisioterapéutica si hay dolor, lesión o señales de alarma.
FIT2_R0710;FIT2_P053;FIT2_T043;FIT2_TA048;media;Adaptar carga, volumen, frecuencia, rango, descansos y tareas al nivel, historial, molestias, material, preferencias y disponibilidad. No sustituye valoración médica/fisioterapéutica si hay dolor, lesión o señales de alarma.
FIT2_R0711;FIT2_P053;FIT2_T044;FIT2_TA049;media;Adaptar carga, volumen, frecuencia, rango, descansos y tareas al nivel, historial, molestias, material, preferencias y disponibilidad. No sustituye valoración médica/fisioterapéutica si hay dolor, lesión o señales de alarma.
FIT2_R0712;FIT2_P053;FIT2_T035;FIT2_TA004;alta;Adaptar carga, volumen, frecuencia, rango, descansos y tareas al nivel, historial, molestias, material, preferencias y disponibilidad. No sustituye valoración médica/fisioterapéutica si hay dolor, lesión o señales de alarma.
FIT2_R0713;FIT2_P053;FIT2_T037;FIT2_TA041;alta;Adaptar carga, volumen, frecuencia, rango, descansos y tareas al nivel, historial, molestias, material, preferencias y disponibilidad. No sustituye valoración médica/fisioterapéutica si hay dolor, lesión o señales de alarma.
FIT2_R0714;FIT2_P053;FIT2_T037;FIT2_TA042;alta;Adaptar carga, volumen, frecuencia, rango, descansos y tareas al nivel, historial, molestias, material, preferencias y disponibilidad. No sustituye valoración médica/fisioterapéutica si hay dolor, lesión o señales de alarma.
FIT2_R0715;FIT2_P054;FIT2_T013;FIT2_TA068;alta;Adaptar carga, volumen, frecuencia, rango, descansos y tareas al nivel, historial, molestias, material, preferencias y disponibilidad. No sustituye valoración médica/fisioterapéutica si hay dolor, lesión o señales de alarma.
FIT2_R0716;FIT2_P054;FIT2_T013;FIT2_TA069;alta;Adaptar carga, volumen, frecuencia, rango, descansos y tareas al nivel, historial, molestias, material, preferencias y disponibilidad. No sustituye valoración médica/fisioterapéutica si hay dolor, lesión o señales de alarma.
FIT2_R0717;FIT2_P054;FIT2_T013;FIT2_TA070;alta;Adaptar carga, volumen, frecuencia, rango, descansos y tareas al nivel, historial, molestias, material, preferencias y disponibilidad. No sustituye valoración médica/fisioterapéutica si hay dolor, lesión o señales de alarma.
FIT2_R0718;FIT2_P054;FIT2_T013;FIT2_TA071;alta;Adaptar carga, volumen, frecuencia, rango, descansos y tareas al nivel, historial, molestias, material, preferencias y disponibilidad. No sustituye valoración médica/fisioterapéutica si hay dolor, lesión o señales de alarma.
FIT2_R0719;FIT2_P054;FIT2_T013;FIT2_TA072;alta;Adaptar carga, volumen, frecuencia, rango, descansos y tareas al nivel, historial, molestias, material, preferencias y disponibilidad. No sustituye valoración médica/fisioterapéutica si hay dolor, lesión o señales de alarma.
FIT2_R0720;FIT2_P054;FIT2_T015;FIT2_TA013;media;Adaptar carga, volumen, frecuencia, rango, descansos y tareas al nivel, historial, molestias, material, preferencias y disponibilidad. No sustituye valoración médica/fisioterapéutica si hay dolor, lesión o señales de alarma.
FIT2_R0721;FIT2_P054;FIT2_T015;FIT2_TA074;media;Adaptar carga, volumen, frecuencia, rango, descansos y tareas al nivel, historial, molestias, material, preferencias y disponibilidad. No sustituye valoración médica/fisioterapéutica si hay dolor, lesión o señales de alarma.
FIT2_R0722;FIT2_P054;FIT2_T019;FIT2_TA019;media;Adaptar carga, volumen, frecuencia, rango, descansos y tareas al nivel, historial, molestias, material, preferencias y disponibilidad. No sustituye valoración médica/fisioterapéutica si hay dolor, lesión o señales de alarma.
FIT2_R0723;FIT2_P054;FIT2_T019;FIT2_TA066;media;Adaptar carga, volumen, frecuencia, rango, descansos y tareas al nivel, historial, molestias, material, preferencias y disponibilidad. No sustituye valoración médica/fisioterapéutica si hay dolor, lesión o señales de alarma.
FIT2_R0724;FIT2_P054;FIT2_T021;FIT2_TA023;media;Adaptar carga, volumen, frecuencia, rango, descansos y tareas al nivel, historial, molestias, material, preferencias y disponibilidad. No sustituye valoración médica/fisioterapéutica si hay dolor, lesión o señales de alarma.
FIT2_R0725;FIT2_P054;FIT2_T022;FIT2_TA024;media;Adaptar carga, volumen, frecuencia, rango, descansos y tareas al nivel, historial, molestias, material, preferencias y disponibilidad. No sustituye valoración médica/fisioterapéutica si hay dolor, lesión o señales de alarma.
FIT2_R0726;FIT2_P054;FIT2_T054;FIT2_TA012;media;Adaptar carga, volumen, frecuencia, rango, descansos y tareas al nivel, historial, molestias, material, preferencias y disponibilidad. No sustituye valoración médica/fisioterapéutica si hay dolor, lesión o señales de alarma.
FIT2_R0727;FIT2_P054;FIT2_T055;FIT2_TA061;media;Adaptar carga, volumen, frecuencia, rango, descansos y tareas al nivel, historial, molestias, material, preferencias y disponibilidad. No sustituye valoración médica/fisioterapéutica si hay dolor, lesión o señales de alarma.
FIT2_R0728;FIT2_P055;FIT2_T013;FIT2_TA068;alta;Adaptar carga, volumen, frecuencia, rango, descansos y tareas al nivel, historial, molestias, material, preferencias y disponibilidad. No sustituye valoración médica/fisioterapéutica si hay dolor, lesión o señales de alarma.
FIT2_R0729;FIT2_P055;FIT2_T013;FIT2_TA069;alta;Adaptar carga, volumen, frecuencia, rango, descansos y tareas al nivel, historial, molestias, material, preferencias y disponibilidad. No sustituye valoración médica/fisioterapéutica si hay dolor, lesión o señales de alarma.
FIT2_R0730;FIT2_P055;FIT2_T013;FIT2_TA070;alta;Adaptar carga, volumen, frecuencia, rango, descansos y tareas al nivel, historial, molestias, material, preferencias y disponibilidad. No sustituye valoración médica/fisioterapéutica si hay dolor, lesión o señales de alarma.
FIT2_R0731;FIT2_P055;FIT2_T013;FIT2_TA071;alta;Adaptar carga, volumen, frecuencia, rango, descansos y tareas al nivel, historial, molestias, material, preferencias y disponibilidad. No sustituye valoración médica/fisioterapéutica si hay dolor, lesión o señales de alarma.
FIT2_R0732;FIT2_P055;FIT2_T013;FIT2_TA072;alta;Adaptar carga, volumen, frecuencia, rango, descansos y tareas al nivel, historial, molestias, material, preferencias y disponibilidad. No sustituye valoración médica/fisioterapéutica si hay dolor, lesión o señales de alarma.
FIT2_R0733;FIT2_P055;FIT2_T015;FIT2_TA013;media;Adaptar carga, volumen, frecuencia, rango, descansos y tareas al nivel, historial, molestias, material, preferencias y disponibilidad. No sustituye valoración médica/fisioterapéutica si hay dolor, lesión o señales de alarma.
FIT2_R0734;FIT2_P055;FIT2_T015;FIT2_TA074;media;Adaptar carga, volumen, frecuencia, rango, descansos y tareas al nivel, historial, molestias, material, preferencias y disponibilidad. No sustituye valoración médica/fisioterapéutica si hay dolor, lesión o señales de alarma.
FIT2_R0735;FIT2_P055;FIT2_T019;FIT2_TA019;media;Adaptar carga, volumen, frecuencia, rango, descansos y tareas al nivel, historial, molestias, material, preferencias y disponibilidad. No sustituye valoración médica/fisioterapéutica si hay dolor, lesión o señales de alarma.
FIT2_R0736;FIT2_P055;FIT2_T019;FIT2_TA066;media;Adaptar carga, volumen, frecuencia, rango, descansos y tareas al nivel, historial, molestias, material, preferencias y disponibilidad. No sustituye valoración médica/fisioterapéutica si hay dolor, lesión o señales de alarma.
FIT2_R0737;FIT2_P055;FIT2_T021;FIT2_TA023;media;Adaptar carga, volumen, frecuencia, rango, descansos y tareas al nivel, historial, molestias, material, preferencias y disponibilidad. No sustituye valoración médica/fisioterapéutica si hay dolor, lesión o señales de alarma.
FIT2_R0738;FIT2_P055;FIT2_T022;FIT2_TA024;media;Adaptar carga, volumen, frecuencia, rango, descansos y tareas al nivel, historial, molestias, material, preferencias y disponibilidad. No sustituye valoración médica/fisioterapéutica si hay dolor, lesión o señales de alarma.
FIT2_R0739;FIT2_P055;FIT2_T054;FIT2_TA012;media;Adaptar carga, volumen, frecuencia, rango, descansos y tareas al nivel, historial, molestias, material, preferencias y disponibilidad. No sustituye valoración médica/fisioterapéutica si hay dolor, lesión o señales de alarma.
FIT2_R0740;FIT2_P055;FIT2_T055;FIT2_TA061;media;Adaptar carga, volumen, frecuencia, rango, descansos y tareas al nivel, historial, molestias, material, preferencias y disponibilidad. No sustituye valoración médica/fisioterapéutica si hay dolor, lesión o señales de alarma.
FIT2_R0741;FIT2_P056;FIT2_T013;FIT2_TA068;alta;Adaptar carga, volumen, frecuencia, rango, descansos y tareas al nivel, historial, molestias, material, preferencias y disponibilidad. No sustituye valoración médica/fisioterapéutica si hay dolor, lesión o señales de alarma.
FIT2_R0742;FIT2_P056;FIT2_T013;FIT2_TA069;alta;Adaptar carga, volumen, frecuencia, rango, descansos y tareas al nivel, historial, molestias, material, preferencias y disponibilidad. No sustituye valoración médica/fisioterapéutica si hay dolor, lesión o señales de alarma.
FIT2_R0743;FIT2_P056;FIT2_T013;FIT2_TA070;alta;Adaptar carga, volumen, frecuencia, rango, descansos y tareas al nivel, historial, molestias, material, preferencias y disponibilidad. No sustituye valoración médica/fisioterapéutica si hay dolor, lesión o señales de alarma.
FIT2_R0744;FIT2_P056;FIT2_T013;FIT2_TA071;alta;Adaptar carga, volumen, frecuencia, rango, descansos y tareas al nivel, historial, molestias, material, preferencias y disponibilidad. No sustituye valoración médica/fisioterapéutica si hay dolor, lesión o señales de alarma.
FIT2_R0745;FIT2_P056;FIT2_T013;FIT2_TA072;alta;Adaptar carga, volumen, frecuencia, rango, descansos y tareas al nivel, historial, molestias, material, preferencias y disponibilidad. No sustituye valoración médica/fisioterapéutica si hay dolor, lesión o señales de alarma.
FIT2_R0746;FIT2_P056;FIT2_T015;FIT2_TA013;media;Adaptar carga, volumen, frecuencia, rango, descansos y tareas al nivel, historial, molestias, material, preferencias y disponibilidad. No sustituye valoración médica/fisioterapéutica si hay dolor, lesión o señales de alarma.
FIT2_R0747;FIT2_P056;FIT2_T015;FIT2_TA074;media;Adaptar carga, volumen, frecuencia, rango, descansos y tareas al nivel, historial, molestias, material, preferencias y disponibilidad. No sustituye valoración médica/fisioterapéutica si hay dolor, lesión o señales de alarma.
FIT2_R0748;FIT2_P056;FIT2_T019;FIT2_TA019;media;Adaptar carga, volumen, frecuencia, rango, descansos y tareas al nivel, historial, molestias, material, preferencias y disponibilidad. No sustituye valoración médica/fisioterapéutica si hay dolor, lesión o señales de alarma.
FIT2_R0749;FIT2_P056;FIT2_T019;FIT2_TA066;media;Adaptar carga, volumen, frecuencia, rango, descansos y tareas al nivel, historial, molestias, material, preferencias y disponibilidad. No sustituye valoración médica/fisioterapéutica si hay dolor, lesión o señales de alarma.
FIT2_R0750;FIT2_P056;FIT2_T021;FIT2_TA023;media;Adaptar carga, volumen, frecuencia, rango, descansos y tareas al nivel, historial, molestias, material, preferencias y disponibilidad. No sustituye valoración médica/fisioterapéutica si hay dolor, lesión o señales de alarma.
FIT2_R0751;FIT2_P056;FIT2_T022;FIT2_TA024;media;Adaptar carga, volumen, frecuencia, rango, descansos y tareas al nivel, historial, molestias, material, preferencias y disponibilidad. No sustituye valoración médica/fisioterapéutica si hay dolor, lesión o señales de alarma.
FIT2_R0752;FIT2_P056;FIT2_T054;FIT2_TA012;media;Adaptar carga, volumen, frecuencia, rango, descansos y tareas al nivel, historial, molestias, material, preferencias y disponibilidad. No sustituye valoración médica/fisioterapéutica si hay dolor, lesión o señales de alarma.
FIT2_R0753;FIT2_P056;FIT2_T055;FIT2_TA061;media;Adaptar carga, volumen, frecuencia, rango, descansos y tareas al nivel, historial, molestias, material, preferencias y disponibilidad. No sustituye valoración médica/fisioterapéutica si hay dolor, lesión o señales de alarma.
FIT2_R0754;FIT2_P057;FIT2_T013;FIT2_TA068;alta;Adaptar carga, volumen, frecuencia, rango, descansos y tareas al nivel, historial, molestias, material, preferencias y disponibilidad. No sustituye valoración médica/fisioterapéutica si hay dolor, lesión o señales de alarma.
FIT2_R0755;FIT2_P057;FIT2_T013;FIT2_TA069;alta;Adaptar carga, volumen, frecuencia, rango, descansos y tareas al nivel, historial, molestias, material, preferencias y disponibilidad. No sustituye valoración médica/fisioterapéutica si hay dolor, lesión o señales de alarma.
FIT2_R0756;FIT2_P057;FIT2_T013;FIT2_TA070;alta;Adaptar carga, volumen, frecuencia, rango, descansos y tareas al nivel, historial, molestias, material, preferencias y disponibilidad. No sustituye valoración médica/fisioterapéutica si hay dolor, lesión o señales de alarma.
FIT2_R0757;FIT2_P057;FIT2_T013;FIT2_TA071;alta;Adaptar carga, volumen, frecuencia, rango, descansos y tareas al nivel, historial, molestias, material, preferencias y disponibilidad. No sustituye valoración médica/fisioterapéutica si hay dolor, lesión o señales de alarma.
FIT2_R0758;FIT2_P057;FIT2_T013;FIT2_TA072;alta;Adaptar carga, volumen, frecuencia, rango, descansos y tareas al nivel, historial, molestias, material, preferencias y disponibilidad. No sustituye valoración médica/fisioterapéutica si hay dolor, lesión o señales de alarma.
FIT2_R0759;FIT2_P057;FIT2_T015;FIT2_TA013;media;Adaptar carga, volumen, frecuencia, rango, descansos y tareas al nivel, historial, molestias, material, preferencias y disponibilidad. No sustituye valoración médica/fisioterapéutica si hay dolor, lesión o señales de alarma.
FIT2_R0760;FIT2_P057;FIT2_T015;FIT2_TA074;media;Adaptar carga, volumen, frecuencia, rango, descansos y tareas al nivel, historial, molestias, material, preferencias y disponibilidad. No sustituye valoración médica/fisioterapéutica si hay dolor, lesión o señales de alarma.
FIT2_R0761;FIT2_P057;FIT2_T019;FIT2_TA019;media;Adaptar carga, volumen, frecuencia, rango, descansos y tareas al nivel, historial, molestias, material, preferencias y disponibilidad. No sustituye valoración médica/fisioterapéutica si hay dolor, lesión o señales de alarma.
FIT2_R0762;FIT2_P057;FIT2_T019;FIT2_TA066;media;Adaptar carga, volumen, frecuencia, rango, descansos y tareas al nivel, historial, molestias, material, preferencias y disponibilidad. No sustituye valoración médica/fisioterapéutica si hay dolor, lesión o señales de alarma.
FIT2_R0763;FIT2_P057;FIT2_T021;FIT2_TA023;media;Adaptar carga, volumen, frecuencia, rango, descansos y tareas al nivel, historial, molestias, material, preferencias y disponibilidad. No sustituye valoración médica/fisioterapéutica si hay dolor, lesión o señales de alarma.
FIT2_R0764;FIT2_P057;FIT2_T022;FIT2_TA024;media;Adaptar carga, volumen, frecuencia, rango, descansos y tareas al nivel, historial, molestias, material, preferencias y disponibilidad. No sustituye valoración médica/fisioterapéutica si hay dolor, lesión o señales de alarma.
FIT2_R0765;FIT2_P057;FIT2_T054;FIT2_TA012;media;Adaptar carga, volumen, frecuencia, rango, descansos y tareas al nivel, historial, molestias, material, preferencias y disponibilidad. No sustituye valoración médica/fisioterapéutica si hay dolor, lesión o señales de alarma.
FIT2_R0766;FIT2_P057;FIT2_T055;FIT2_TA061;media;Adaptar carga, volumen, frecuencia, rango, descansos y tareas al nivel, historial, molestias, material, preferencias y disponibilidad. No sustituye valoración médica/fisioterapéutica si hay dolor, lesión o señales de alarma.
FIT2_R0767;FIT2_P058;FIT2_T013;FIT2_TA068;alta;Adaptar carga, volumen, frecuencia, rango, descansos y tareas al nivel, historial, molestias, material, preferencias y disponibilidad. No sustituye valoración médica/fisioterapéutica si hay dolor, lesión o señales de alarma.
FIT2_R0768;FIT2_P058;FIT2_T013;FIT2_TA069;alta;Adaptar carga, volumen, frecuencia, rango, descansos y tareas al nivel, historial, molestias, material, preferencias y disponibilidad. No sustituye valoración médica/fisioterapéutica si hay dolor, lesión o señales de alarma.
FIT2_R0769;FIT2_P058;FIT2_T013;FIT2_TA070;alta;Adaptar carga, volumen, frecuencia, rango, descansos y tareas al nivel, historial, molestias, material, preferencias y disponibilidad. No sustituye valoración médica/fisioterapéutica si hay dolor, lesión o señales de alarma.
FIT2_R0770;FIT2_P058;FIT2_T013;FIT2_TA071;alta;Adaptar carga, volumen, frecuencia, rango, descansos y tareas al nivel, historial, molestias, material, preferencias y disponibilidad. No sustituye valoración médica/fisioterapéutica si hay dolor, lesión o señales de alarma.
FIT2_R0771;FIT2_P058;FIT2_T013;FIT2_TA072;alta;Adaptar carga, volumen, frecuencia, rango, descansos y tareas al nivel, historial, molestias, material, preferencias y disponibilidad. No sustituye valoración médica/fisioterapéutica si hay dolor, lesión o señales de alarma.
FIT2_R0772;FIT2_P058;FIT2_T015;FIT2_TA013;media;Adaptar carga, volumen, frecuencia, rango, descansos y tareas al nivel, historial, molestias, material, preferencias y disponibilidad. No sustituye valoración médica/fisioterapéutica si hay dolor, lesión o señales de alarma.
FIT2_R0773;FIT2_P058;FIT2_T015;FIT2_TA074;media;Adaptar carga, volumen, frecuencia, rango, descansos y tareas al nivel, historial, molestias, material, preferencias y disponibilidad. No sustituye valoración médica/fisioterapéutica si hay dolor, lesión o señales de alarma.
FIT2_R0774;FIT2_P058;FIT2_T019;FIT2_TA019;media;Adaptar carga, volumen, frecuencia, rango, descansos y tareas al nivel, historial, molestias, material, preferencias y disponibilidad. No sustituye valoración médica/fisioterapéutica si hay dolor, lesión o señales de alarma.
FIT2_R0775;FIT2_P058;FIT2_T019;FIT2_TA066;media;Adaptar carga, volumen, frecuencia, rango, descansos y tareas al nivel, historial, molestias, material, preferencias y disponibilidad. No sustituye valoración médica/fisioterapéutica si hay dolor, lesión o señales de alarma.
FIT2_R0776;FIT2_P058;FIT2_T021;FIT2_TA023;media;Adaptar carga, volumen, frecuencia, rango, descansos y tareas al nivel, historial, molestias, material, preferencias y disponibilidad. No sustituye valoración médica/fisioterapéutica si hay dolor, lesión o señales de alarma.
FIT2_R0777;FIT2_P058;FIT2_T022;FIT2_TA024;media;Adaptar carga, volumen, frecuencia, rango, descansos y tareas al nivel, historial, molestias, material, preferencias y disponibilidad. No sustituye valoración médica/fisioterapéutica si hay dolor, lesión o señales de alarma.
FIT2_R0778;FIT2_P058;FIT2_T054;FIT2_TA012;media;Adaptar carga, volumen, frecuencia, rango, descansos y tareas al nivel, historial, molestias, material, preferencias y disponibilidad. No sustituye valoración médica/fisioterapéutica si hay dolor, lesión o señales de alarma.
FIT2_R0779;FIT2_P058;FIT2_T055;FIT2_TA061;media;Adaptar carga, volumen, frecuencia, rango, descansos y tareas al nivel, historial, molestias, material, preferencias y disponibilidad. No sustituye valoración médica/fisioterapéutica si hay dolor, lesión o señales de alarma.
FIT2_R0780;FIT2_P059;FIT2_T013;FIT2_TA068;alta;Adaptar carga, volumen, frecuencia, rango, descansos y tareas al nivel, historial, molestias, material, preferencias y disponibilidad. No sustituye valoración médica/fisioterapéutica si hay dolor, lesión o señales de alarma.
FIT2_R0781;FIT2_P059;FIT2_T013;FIT2_TA069;alta;Adaptar carga, volumen, frecuencia, rango, descansos y tareas al nivel, historial, molestias, material, preferencias y disponibilidad. No sustituye valoración médica/fisioterapéutica si hay dolor, lesión o señales de alarma.
FIT2_R0782;FIT2_P059;FIT2_T013;FIT2_TA070;alta;Adaptar carga, volumen, frecuencia, rango, descansos y tareas al nivel, historial, molestias, material, preferencias y disponibilidad. No sustituye valoración médica/fisioterapéutica si hay dolor, lesión o señales de alarma.
FIT2_R0783;FIT2_P059;FIT2_T013;FIT2_TA071;alta;Adaptar carga, volumen, frecuencia, rango, descansos y tareas al nivel, historial, molestias, material, preferencias y disponibilidad. No sustituye valoración médica/fisioterapéutica si hay dolor, lesión o señales de alarma.
FIT2_R0784;FIT2_P059;FIT2_T013;FIT2_TA072;alta;Adaptar carga, volumen, frecuencia, rango, descansos y tareas al nivel, historial, molestias, material, preferencias y disponibilidad. No sustituye valoración médica/fisioterapéutica si hay dolor, lesión o señales de alarma.
FIT2_R0785;FIT2_P059;FIT2_T015;FIT2_TA013;media;Adaptar carga, volumen, frecuencia, rango, descansos y tareas al nivel, historial, molestias, material, preferencias y disponibilidad. No sustituye valoración médica/fisioterapéutica si hay dolor, lesión o señales de alarma.
FIT2_R0786;FIT2_P059;FIT2_T015;FIT2_TA074;media;Adaptar carga, volumen, frecuencia, rango, descansos y tareas al nivel, historial, molestias, material, preferencias y disponibilidad. No sustituye valoración médica/fisioterapéutica si hay dolor, lesión o señales de alarma.
FIT2_R0787;FIT2_P059;FIT2_T019;FIT2_TA019;media;Adaptar carga, volumen, frecuencia, rango, descansos y tareas al nivel, historial, molestias, material, preferencias y disponibilidad. No sustituye valoración médica/fisioterapéutica si hay dolor, lesión o señales de alarma.
FIT2_R0788;FIT2_P059;FIT2_T019;FIT2_TA066;media;Adaptar carga, volumen, frecuencia, rango, descansos y tareas al nivel, historial, molestias, material, preferencias y disponibilidad. No sustituye valoración médica/fisioterapéutica si hay dolor, lesión o señales de alarma.
FIT2_R0789;FIT2_P059;FIT2_T021;FIT2_TA023;media;Adaptar carga, volumen, frecuencia, rango, descansos y tareas al nivel, historial, molestias, material, preferencias y disponibilidad. No sustituye valoración médica/fisioterapéutica si hay dolor, lesión o señales de alarma.
FIT2_R0790;FIT2_P059;FIT2_T022;FIT2_TA024;media;Adaptar carga, volumen, frecuencia, rango, descansos y tareas al nivel, historial, molestias, material, preferencias y disponibilidad. No sustituye valoración médica/fisioterapéutica si hay dolor, lesión o señales de alarma.
FIT2_R0791;FIT2_P059;FIT2_T054;FIT2_TA012;media;Adaptar carga, volumen, frecuencia, rango, descansos y tareas al nivel, historial, molestias, material, preferencias y disponibilidad. No sustituye valoración médica/fisioterapéutica si hay dolor, lesión o señales de alarma.
FIT2_R0792;FIT2_P059;FIT2_T055;FIT2_TA061;media;Adaptar carga, volumen, frecuencia, rango, descansos y tareas al nivel, historial, molestias, material, preferencias y disponibilidad. No sustituye valoración médica/fisioterapéutica si hay dolor, lesión o señales de alarma.
FIT2_R0793;FIT2_P060;FIT2_T045;FIT2_TA050;alta;Adaptar carga, volumen, frecuencia, rango, descansos y tareas al nivel, historial, molestias, material, preferencias y disponibilidad. No sustituye valoración médica/fisioterapéutica si hay dolor, lesión o señales de alarma.
FIT2_R0794;FIT2_P060;FIT2_T046;FIT2_TA051;media;Adaptar carga, volumen, frecuencia, rango, descansos y tareas al nivel, historial, molestias, material, preferencias y disponibilidad. No sustituye valoración médica/fisioterapéutica si hay dolor, lesión o señales de alarma.
FIT2_R0795;FIT2_P060;FIT2_T046;FIT2_TA073;media;Adaptar carga, volumen, frecuencia, rango, descansos y tareas al nivel, historial, molestias, material, preferencias y disponibilidad. No sustituye valoración médica/fisioterapéutica si hay dolor, lesión o señales de alarma.
FIT2_R0796;FIT2_P060;FIT2_T047;FIT2_TA052;alta;Adaptar carga, volumen, frecuencia, rango, descansos y tareas al nivel, historial, molestias, material, preferencias y disponibilidad. No sustituye valoración médica/fisioterapéutica si hay dolor, lesión o señales de alarma.
FIT2_R0797;FIT2_P060;FIT2_T015;FIT2_TA013;media;Adaptar carga, volumen, frecuencia, rango, descansos y tareas al nivel, historial, molestias, material, preferencias y disponibilidad. No sustituye valoración médica/fisioterapéutica si hay dolor, lesión o señales de alarma.
FIT2_R0798;FIT2_P060;FIT2_T015;FIT2_TA074;media;Adaptar carga, volumen, frecuencia, rango, descansos y tareas al nivel, historial, molestias, material, preferencias y disponibilidad. No sustituye valoración médica/fisioterapéutica si hay dolor, lesión o señales de alarma.
FIT2_R0799;FIT2_P060;FIT2_T019;FIT2_TA019;media;Adaptar carga, volumen, frecuencia, rango, descansos y tareas al nivel, historial, molestias, material, preferencias y disponibilidad. No sustituye valoración médica/fisioterapéutica si hay dolor, lesión o señales de alarma.
FIT2_R0800;FIT2_P060;FIT2_T019;FIT2_TA066;media;Adaptar carga, volumen, frecuencia, rango, descansos y tareas al nivel, historial, molestias, material, preferencias y disponibilidad. No sustituye valoración médica/fisioterapéutica si hay dolor, lesión o señales de alarma.
FIT2_R0801;FIT2_P060;FIT2_T056;FIT2_TA060;media;Adaptar carga, volumen, frecuencia, rango, descansos y tareas al nivel, historial, molestias, material, preferencias y disponibilidad. No sustituye valoración médica/fisioterapéutica si hay dolor, lesión o señales de alarma.
FIT2_R0802;FIT2_P060;FIT2_T056;FIT2_TA075;media;Adaptar carga, volumen, frecuencia, rango, descansos y tareas al nivel, historial, molestias, material, preferencias y disponibilidad. No sustituye valoración médica/fisioterapéutica si hay dolor, lesión o señales de alarma.
FIT2_R0803;FIT2_P061;FIT2_T045;FIT2_TA050;alta;Adaptar carga, volumen, frecuencia, rango, descansos y tareas al nivel, historial, molestias, material, preferencias y disponibilidad. No sustituye valoración médica/fisioterapéutica si hay dolor, lesión o señales de alarma.
FIT2_R0804;FIT2_P061;FIT2_T046;FIT2_TA051;media;Adaptar carga, volumen, frecuencia, rango, descansos y tareas al nivel, historial, molestias, material, preferencias y disponibilidad. No sustituye valoración médica/fisioterapéutica si hay dolor, lesión o señales de alarma.
FIT2_R0805;FIT2_P061;FIT2_T046;FIT2_TA073;media;Adaptar carga, volumen, frecuencia, rango, descansos y tareas al nivel, historial, molestias, material, preferencias y disponibilidad. No sustituye valoración médica/fisioterapéutica si hay dolor, lesión o señales de alarma.
FIT2_R0806;FIT2_P061;FIT2_T047;FIT2_TA052;alta;Adaptar carga, volumen, frecuencia, rango, descansos y tareas al nivel, historial, molestias, material, preferencias y disponibilidad. No sustituye valoración médica/fisioterapéutica si hay dolor, lesión o señales de alarma.
FIT2_R0807;FIT2_P061;FIT2_T015;FIT2_TA013;media;Adaptar carga, volumen, frecuencia, rango, descansos y tareas al nivel, historial, molestias, material, preferencias y disponibilidad. No sustituye valoración médica/fisioterapéutica si hay dolor, lesión o señales de alarma.
FIT2_R0808;FIT2_P061;FIT2_T015;FIT2_TA074;media;Adaptar carga, volumen, frecuencia, rango, descansos y tareas al nivel, historial, molestias, material, preferencias y disponibilidad. No sustituye valoración médica/fisioterapéutica si hay dolor, lesión o señales de alarma.
FIT2_R0809;FIT2_P061;FIT2_T019;FIT2_TA019;media;Adaptar carga, volumen, frecuencia, rango, descansos y tareas al nivel, historial, molestias, material, preferencias y disponibilidad. No sustituye valoración médica/fisioterapéutica si hay dolor, lesión o señales de alarma.
FIT2_R0810;FIT2_P061;FIT2_T019;FIT2_TA066;media;Adaptar carga, volumen, frecuencia, rango, descansos y tareas al nivel, historial, molestias, material, preferencias y disponibilidad. No sustituye valoración médica/fisioterapéutica si hay dolor, lesión o señales de alarma.
FIT2_R0811;FIT2_P061;FIT2_T056;FIT2_TA060;media;Adaptar carga, volumen, frecuencia, rango, descansos y tareas al nivel, historial, molestias, material, preferencias y disponibilidad. No sustituye valoración médica/fisioterapéutica si hay dolor, lesión o señales de alarma.
FIT2_R0812;FIT2_P061;FIT2_T056;FIT2_TA075;media;Adaptar carga, volumen, frecuencia, rango, descansos y tareas al nivel, historial, molestias, material, preferencias y disponibilidad. No sustituye valoración médica/fisioterapéutica si hay dolor, lesión o señales de alarma.
FIT2_R0813;FIT2_P062;FIT2_T045;FIT2_TA050;alta;Adaptar carga, volumen, frecuencia, rango, descansos y tareas al nivel, historial, molestias, material, preferencias y disponibilidad. No sustituye valoración médica/fisioterapéutica si hay dolor, lesión o señales de alarma.
FIT2_R0814;FIT2_P062;FIT2_T046;FIT2_TA051;media;Adaptar carga, volumen, frecuencia, rango, descansos y tareas al nivel, historial, molestias, material, preferencias y disponibilidad. No sustituye valoración médica/fisioterapéutica si hay dolor, lesión o señales de alarma.
FIT2_R0815;FIT2_P062;FIT2_T046;FIT2_TA073;media;Adaptar carga, volumen, frecuencia, rango, descansos y tareas al nivel, historial, molestias, material, preferencias y disponibilidad. No sustituye valoración médica/fisioterapéutica si hay dolor, lesión o señales de alarma.
FIT2_R0816;FIT2_P062;FIT2_T047;FIT2_TA052;alta;Adaptar carga, volumen, frecuencia, rango, descansos y tareas al nivel, historial, molestias, material, preferencias y disponibilidad. No sustituye valoración médica/fisioterapéutica si hay dolor, lesión o señales de alarma.
FIT2_R0817;FIT2_P062;FIT2_T015;FIT2_TA013;media;Adaptar carga, volumen, frecuencia, rango, descansos y tareas al nivel, historial, molestias, material, preferencias y disponibilidad. No sustituye valoración médica/fisioterapéutica si hay dolor, lesión o señales de alarma.
FIT2_R0818;FIT2_P062;FIT2_T015;FIT2_TA074;media;Adaptar carga, volumen, frecuencia, rango, descansos y tareas al nivel, historial, molestias, material, preferencias y disponibilidad. No sustituye valoración médica/fisioterapéutica si hay dolor, lesión o señales de alarma.
FIT2_R0819;FIT2_P062;FIT2_T019;FIT2_TA019;media;Adaptar carga, volumen, frecuencia, rango, descansos y tareas al nivel, historial, molestias, material, preferencias y disponibilidad. No sustituye valoración médica/fisioterapéutica si hay dolor, lesión o señales de alarma.
FIT2_R0820;FIT2_P062;FIT2_T019;FIT2_TA066;media;Adaptar carga, volumen, frecuencia, rango, descansos y tareas al nivel, historial, molestias, material, preferencias y disponibilidad. No sustituye valoración médica/fisioterapéutica si hay dolor, lesión o señales de alarma.
FIT2_R0821;FIT2_P062;FIT2_T056;FIT2_TA060;media;Adaptar carga, volumen, frecuencia, rango, descansos y tareas al nivel, historial, molestias, material, preferencias y disponibilidad. No sustituye valoración médica/fisioterapéutica si hay dolor, lesión o señales de alarma.
FIT2_R0822;FIT2_P062;FIT2_T056;FIT2_TA075;media;Adaptar carga, volumen, frecuencia, rango, descansos y tareas al nivel, historial, molestias, material, preferencias y disponibilidad. No sustituye valoración médica/fisioterapéutica si hay dolor, lesión o señales de alarma.
FIT2_R0823;FIT2_P063;FIT2_T045;FIT2_TA050;alta;Adaptar carga, volumen, frecuencia, rango, descansos y tareas al nivel, historial, molestias, material, preferencias y disponibilidad. No sustituye valoración médica/fisioterapéutica si hay dolor, lesión o señales de alarma.
FIT2_R0824;FIT2_P063;FIT2_T046;FIT2_TA051;media;Adaptar carga, volumen, frecuencia, rango, descansos y tareas al nivel, historial, molestias, material, preferencias y disponibilidad. No sustituye valoración médica/fisioterapéutica si hay dolor, lesión o señales de alarma.
FIT2_R0825;FIT2_P063;FIT2_T046;FIT2_TA073;media;Adaptar carga, volumen, frecuencia, rango, descansos y tareas al nivel, historial, molestias, material, preferencias y disponibilidad. No sustituye valoración médica/fisioterapéutica si hay dolor, lesión o señales de alarma.
FIT2_R0826;FIT2_P063;FIT2_T047;FIT2_TA052;alta;Adaptar carga, volumen, frecuencia, rango, descansos y tareas al nivel, historial, molestias, material, preferencias y disponibilidad. No sustituye valoración médica/fisioterapéutica si hay dolor, lesión o señales de alarma.
FIT2_R0827;FIT2_P063;FIT2_T015;FIT2_TA013;media;Adaptar carga, volumen, frecuencia, rango, descansos y tareas al nivel, historial, molestias, material, preferencias y disponibilidad. No sustituye valoración médica/fisioterapéutica si hay dolor, lesión o señales de alarma.
FIT2_R0828;FIT2_P063;FIT2_T015;FIT2_TA074;media;Adaptar carga, volumen, frecuencia, rango, descansos y tareas al nivel, historial, molestias, material, preferencias y disponibilidad. No sustituye valoración médica/fisioterapéutica si hay dolor, lesión o señales de alarma.
FIT2_R0829;FIT2_P063;FIT2_T019;FIT2_TA019;media;Adaptar carga, volumen, frecuencia, rango, descansos y tareas al nivel, historial, molestias, material, preferencias y disponibilidad. No sustituye valoración médica/fisioterapéutica si hay dolor, lesión o señales de alarma.
FIT2_R0830;FIT2_P063;FIT2_T019;FIT2_TA066;media;Adaptar carga, volumen, frecuencia, rango, descansos y tareas al nivel, historial, molestias, material, preferencias y disponibilidad. No sustituye valoración médica/fisioterapéutica si hay dolor, lesión o señales de alarma.
FIT2_R0831;FIT2_P063;FIT2_T056;FIT2_TA060;media;Adaptar carga, volumen, frecuencia, rango, descansos y tareas al nivel, historial, molestias, material, preferencias y disponibilidad. No sustituye valoración médica/fisioterapéutica si hay dolor, lesión o señales de alarma.
FIT2_R0832;FIT2_P063;FIT2_T056;FIT2_TA075;media;Adaptar carga, volumen, frecuencia, rango, descansos y tareas al nivel, historial, molestias, material, preferencias y disponibilidad. No sustituye valoración médica/fisioterapéutica si hay dolor, lesión o señales de alarma.
FIT2_R0833;FIT2_P064;FIT2_T048;FIT2_TA055;media;Adaptar carga, volumen, frecuencia, rango, descansos y tareas al nivel, historial, molestias, material, preferencias y disponibilidad. No sustituye valoración médica/fisioterapéutica si hay dolor, lesión o señales de alarma.
FIT2_R0834;FIT2_P064;FIT2_T048;FIT2_TA056;media;Adaptar carga, volumen, frecuencia, rango, descansos y tareas al nivel, historial, molestias, material, preferencias y disponibilidad. No sustituye valoración médica/fisioterapéutica si hay dolor, lesión o señales de alarma.
FIT2_R0835;FIT2_P064;FIT2_T049;FIT2_TA054;media;Adaptar carga, volumen, frecuencia, rango, descansos y tareas al nivel, historial, molestias, material, preferencias y disponibilidad. No sustituye valoración médica/fisioterapéutica si hay dolor, lesión o señales de alarma.
FIT2_R0836;FIT2_P064;FIT2_T050;FIT2_TA053;media;Adaptar carga, volumen, frecuencia, rango, descansos y tareas al nivel, historial, molestias, material, preferencias y disponibilidad. No sustituye valoración médica/fisioterapéutica si hay dolor, lesión o señales de alarma.
FIT2_R0837;FIT2_P064;FIT2_T016;FIT2_TA014;media;Adaptar carga, volumen, frecuencia, rango, descansos y tareas al nivel, historial, molestias, material, preferencias y disponibilidad. No sustituye valoración médica/fisioterapéutica si hay dolor, lesión o señales de alarma.
FIT2_R0838;FIT2_P064;FIT2_T023;FIT2_TA025;alta;Adaptar carga, volumen, frecuencia, rango, descansos y tareas al nivel, historial, molestias, material, preferencias y disponibilidad. No sustituye valoración médica/fisioterapéutica si hay dolor, lesión o señales de alarma.
FIT2_R0839;FIT2_P064;FIT2_T023;FIT2_TA026;alta;Adaptar carga, volumen, frecuencia, rango, descansos y tareas al nivel, historial, molestias, material, preferencias y disponibilidad. No sustituye valoración médica/fisioterapéutica si hay dolor, lesión o señales de alarma.
FIT2_R0840;FIT2_P064;FIT2_T023;FIT2_TA076;alta;Adaptar carga, volumen, frecuencia, rango, descansos y tareas al nivel, historial, molestias, material, preferencias y disponibilidad. No sustituye valoración médica/fisioterapéutica si hay dolor, lesión o señales de alarma.
FIT2_R0841;FIT2_P064;FIT2_T023;FIT2_TA080;alta;Adaptar carga, volumen, frecuencia, rango, descansos y tareas al nivel, historial, molestias, material, preferencias y disponibilidad. No sustituye valoración médica/fisioterapéutica si hay dolor, lesión o señales de alarma.
FIT2_R0842;FIT2_P064;FIT2_T024;FIT2_TA027;media;Adaptar carga, volumen, frecuencia, rango, descansos y tareas al nivel, historial, molestias, material, preferencias y disponibilidad. No sustituye valoración médica/fisioterapéutica si hay dolor, lesión o señales de alarma.
FIT2_R0843;FIT2_P064;FIT2_T047;FIT2_TA052;alta;Adaptar carga, volumen, frecuencia, rango, descansos y tareas al nivel, historial, molestias, material, preferencias y disponibilidad. No sustituye valoración médica/fisioterapéutica si hay dolor, lesión o señales de alarma.
FIT2_R0844;FIT2_P065;FIT2_T048;FIT2_TA055;media;Adaptar carga, volumen, frecuencia, rango, descansos y tareas al nivel, historial, molestias, material, preferencias y disponibilidad. No sustituye valoración médica/fisioterapéutica si hay dolor, lesión o señales de alarma.
FIT2_R0845;FIT2_P065;FIT2_T048;FIT2_TA056;media;Adaptar carga, volumen, frecuencia, rango, descansos y tareas al nivel, historial, molestias, material, preferencias y disponibilidad. No sustituye valoración médica/fisioterapéutica si hay dolor, lesión o señales de alarma.
FIT2_R0846;FIT2_P065;FIT2_T049;FIT2_TA054;media;Adaptar carga, volumen, frecuencia, rango, descansos y tareas al nivel, historial, molestias, material, preferencias y disponibilidad. No sustituye valoración médica/fisioterapéutica si hay dolor, lesión o señales de alarma.
FIT2_R0847;FIT2_P065;FIT2_T050;FIT2_TA053;media;Adaptar carga, volumen, frecuencia, rango, descansos y tareas al nivel, historial, molestias, material, preferencias y disponibilidad. No sustituye valoración médica/fisioterapéutica si hay dolor, lesión o señales de alarma.
FIT2_R0848;FIT2_P065;FIT2_T016;FIT2_TA014;media;Adaptar carga, volumen, frecuencia, rango, descansos y tareas al nivel, historial, molestias, material, preferencias y disponibilidad. No sustituye valoración médica/fisioterapéutica si hay dolor, lesión o señales de alarma.
FIT2_R0849;FIT2_P065;FIT2_T023;FIT2_TA025;alta;Adaptar carga, volumen, frecuencia, rango, descansos y tareas al nivel, historial, molestias, material, preferencias y disponibilidad. No sustituye valoración médica/fisioterapéutica si hay dolor, lesión o señales de alarma.
FIT2_R0850;FIT2_P065;FIT2_T023;FIT2_TA026;alta;Adaptar carga, volumen, frecuencia, rango, descansos y tareas al nivel, historial, molestias, material, preferencias y disponibilidad. No sustituye valoración médica/fisioterapéutica si hay dolor, lesión o señales de alarma.
FIT2_R0851;FIT2_P065;FIT2_T023;FIT2_TA076;alta;Adaptar carga, volumen, frecuencia, rango, descansos y tareas al nivel, historial, molestias, material, preferencias y disponibilidad. No sustituye valoración médica/fisioterapéutica si hay dolor, lesión o señales de alarma.
FIT2_R0852;FIT2_P065;FIT2_T023;FIT2_TA080;alta;Adaptar carga, volumen, frecuencia, rango, descansos y tareas al nivel, historial, molestias, material, preferencias y disponibilidad. No sustituye valoración médica/fisioterapéutica si hay dolor, lesión o señales de alarma.
FIT2_R0853;FIT2_P065;FIT2_T024;FIT2_TA027;media;Adaptar carga, volumen, frecuencia, rango, descansos y tareas al nivel, historial, molestias, material, preferencias y disponibilidad. No sustituye valoración médica/fisioterapéutica si hay dolor, lesión o señales de alarma.
FIT2_R0854;FIT2_P065;FIT2_T047;FIT2_TA052;alta;Adaptar carga, volumen, frecuencia, rango, descansos y tareas al nivel, historial, molestias, material, preferencias y disponibilidad. No sustituye valoración médica/fisioterapéutica si hay dolor, lesión o señales de alarma.
FIT2_R0855;FIT2_P066;FIT2_T048;FIT2_TA055;media;Adaptar carga, volumen, frecuencia, rango, descansos y tareas al nivel, historial, molestias, material, preferencias y disponibilidad. No sustituye valoración médica/fisioterapéutica si hay dolor, lesión o señales de alarma.
FIT2_R0856;FIT2_P066;FIT2_T048;FIT2_TA056;media;Adaptar carga, volumen, frecuencia, rango, descansos y tareas al nivel, historial, molestias, material, preferencias y disponibilidad. No sustituye valoración médica/fisioterapéutica si hay dolor, lesión o señales de alarma.
FIT2_R0857;FIT2_P066;FIT2_T049;FIT2_TA054;media;Adaptar carga, volumen, frecuencia, rango, descansos y tareas al nivel, historial, molestias, material, preferencias y disponibilidad. No sustituye valoración médica/fisioterapéutica si hay dolor, lesión o señales de alarma.
FIT2_R0858;FIT2_P066;FIT2_T050;FIT2_TA053;media;Adaptar carga, volumen, frecuencia, rango, descansos y tareas al nivel, historial, molestias, material, preferencias y disponibilidad. No sustituye valoración médica/fisioterapéutica si hay dolor, lesión o señales de alarma.
FIT2_R0859;FIT2_P066;FIT2_T016;FIT2_TA014;media;Adaptar carga, volumen, frecuencia, rango, descansos y tareas al nivel, historial, molestias, material, preferencias y disponibilidad. No sustituye valoración médica/fisioterapéutica si hay dolor, lesión o señales de alarma.
FIT2_R0860;FIT2_P066;FIT2_T023;FIT2_TA025;alta;Adaptar carga, volumen, frecuencia, rango, descansos y tareas al nivel, historial, molestias, material, preferencias y disponibilidad. No sustituye valoración médica/fisioterapéutica si hay dolor, lesión o señales de alarma.
FIT2_R0861;FIT2_P066;FIT2_T023;FIT2_TA026;alta;Adaptar carga, volumen, frecuencia, rango, descansos y tareas al nivel, historial, molestias, material, preferencias y disponibilidad. No sustituye valoración médica/fisioterapéutica si hay dolor, lesión o señales de alarma.
FIT2_R0862;FIT2_P066;FIT2_T023;FIT2_TA076;alta;Adaptar carga, volumen, frecuencia, rango, descansos y tareas al nivel, historial, molestias, material, preferencias y disponibilidad. No sustituye valoración médica/fisioterapéutica si hay dolor, lesión o señales de alarma.
FIT2_R0863;FIT2_P066;FIT2_T023;FIT2_TA080;alta;Adaptar carga, volumen, frecuencia, rango, descansos y tareas al nivel, historial, molestias, material, preferencias y disponibilidad. No sustituye valoración médica/fisioterapéutica si hay dolor, lesión o señales de alarma.
FIT2_R0864;FIT2_P066;FIT2_T024;FIT2_TA027;media;Adaptar carga, volumen, frecuencia, rango, descansos y tareas al nivel, historial, molestias, material, preferencias y disponibilidad. No sustituye valoración médica/fisioterapéutica si hay dolor, lesión o señales de alarma.
FIT2_R0865;FIT2_P066;FIT2_T047;FIT2_TA052;alta;Adaptar carga, volumen, frecuencia, rango, descansos y tareas al nivel, historial, molestias, material, preferencias y disponibilidad. No sustituye valoración médica/fisioterapéutica si hay dolor, lesión o señales de alarma.
FIT2_R0866;FIT2_P067;FIT2_T048;FIT2_TA055;media;Adaptar carga, volumen, frecuencia, rango, descansos y tareas al nivel, historial, molestias, material, preferencias y disponibilidad. No sustituye valoración médica/fisioterapéutica si hay dolor, lesión o señales de alarma.
FIT2_R0867;FIT2_P067;FIT2_T048;FIT2_TA056;media;Adaptar carga, volumen, frecuencia, rango, descansos y tareas al nivel, historial, molestias, material, preferencias y disponibilidad. No sustituye valoración médica/fisioterapéutica si hay dolor, lesión o señales de alarma.
FIT2_R0868;FIT2_P067;FIT2_T049;FIT2_TA054;media;Adaptar carga, volumen, frecuencia, rango, descansos y tareas al nivel, historial, molestias, material, preferencias y disponibilidad. No sustituye valoración médica/fisioterapéutica si hay dolor, lesión o señales de alarma.
FIT2_R0869;FIT2_P067;FIT2_T050;FIT2_TA053;media;Adaptar carga, volumen, frecuencia, rango, descansos y tareas al nivel, historial, molestias, material, preferencias y disponibilidad. No sustituye valoración médica/fisioterapéutica si hay dolor, lesión o señales de alarma.
FIT2_R0870;FIT2_P067;FIT2_T016;FIT2_TA014;media;Adaptar carga, volumen, frecuencia, rango, descansos y tareas al nivel, historial, molestias, material, preferencias y disponibilidad. No sustituye valoración médica/fisioterapéutica si hay dolor, lesión o señales de alarma.
FIT2_R0871;FIT2_P067;FIT2_T023;FIT2_TA025;alta;Adaptar carga, volumen, frecuencia, rango, descansos y tareas al nivel, historial, molestias, material, preferencias y disponibilidad. No sustituye valoración médica/fisioterapéutica si hay dolor, lesión o señales de alarma.
FIT2_R0872;FIT2_P067;FIT2_T023;FIT2_TA026;alta;Adaptar carga, volumen, frecuencia, rango, descansos y tareas al nivel, historial, molestias, material, preferencias y disponibilidad. No sustituye valoración médica/fisioterapéutica si hay dolor, lesión o señales de alarma.
FIT2_R0873;FIT2_P067;FIT2_T023;FIT2_TA076;alta;Adaptar carga, volumen, frecuencia, rango, descansos y tareas al nivel, historial, molestias, material, preferencias y disponibilidad. No sustituye valoración médica/fisioterapéutica si hay dolor, lesión o señales de alarma.
FIT2_R0874;FIT2_P067;FIT2_T023;FIT2_TA080;alta;Adaptar carga, volumen, frecuencia, rango, descansos y tareas al nivel, historial, molestias, material, preferencias y disponibilidad. No sustituye valoración médica/fisioterapéutica si hay dolor, lesión o señales de alarma.
FIT2_R0875;FIT2_P067;FIT2_T024;FIT2_TA027;media;Adaptar carga, volumen, frecuencia, rango, descansos y tareas al nivel, historial, molestias, material, preferencias y disponibilidad. No sustituye valoración médica/fisioterapéutica si hay dolor, lesión o señales de alarma.
FIT2_R0876;FIT2_P067;FIT2_T047;FIT2_TA052;alta;Adaptar carga, volumen, frecuencia, rango, descansos y tareas al nivel, historial, molestias, material, preferencias y disponibilidad. No sustituye valoración médica/fisioterapéutica si hay dolor, lesión o señales de alarma.
FIT2_R0877;FIT2_P068;FIT2_T002;FIT2_TA002;media;Adaptar carga, volumen, frecuencia, rango, descansos y tareas al nivel, historial, molestias, material, preferencias y disponibilidad. No sustituye valoración médica/fisioterapéutica si hay dolor, lesión o señales de alarma.
FIT2_R0878;FIT2_P068;FIT2_T037;FIT2_TA041;alta;Adaptar carga, volumen, frecuencia, rango, descansos y tareas al nivel, historial, molestias, material, preferencias y disponibilidad. No sustituye valoración médica/fisioterapéutica si hay dolor, lesión o señales de alarma.
FIT2_R0879;FIT2_P068;FIT2_T037;FIT2_TA042;alta;Adaptar carga, volumen, frecuencia, rango, descansos y tareas al nivel, historial, molestias, material, preferencias y disponibilidad. No sustituye valoración médica/fisioterapéutica si hay dolor, lesión o señales de alarma.
FIT2_R0880;FIT2_P068;FIT2_T038;FIT2_TA043;media;Adaptar carga, volumen, frecuencia, rango, descansos y tareas al nivel, historial, molestias, material, preferencias y disponibilidad. No sustituye valoración médica/fisioterapéutica si hay dolor, lesión o señales de alarma.
FIT2_R0881;FIT2_P068;FIT2_T039;FIT2_TA045;media;Adaptar carga, volumen, frecuencia, rango, descansos y tareas al nivel, historial, molestias, material, preferencias y disponibilidad. No sustituye valoración médica/fisioterapéutica si hay dolor, lesión o señales de alarma.
FIT2_R0882;FIT2_P068;FIT2_T039;FIT2_TA078;media;Adaptar carga, volumen, frecuencia, rango, descansos y tareas al nivel, historial, molestias, material, preferencias y disponibilidad. No sustituye valoración médica/fisioterapéutica si hay dolor, lesión o señales de alarma.
FIT2_R0883;FIT2_P068;FIT2_T040;FIT2_TA044;media;Adaptar carga, volumen, frecuencia, rango, descansos y tareas al nivel, historial, molestias, material, preferencias y disponibilidad. No sustituye valoración médica/fisioterapéutica si hay dolor, lesión o señales de alarma.
FIT2_R0884;FIT2_P068;FIT2_T051;FIT2_TA057;media;Adaptar carga, volumen, frecuencia, rango, descansos y tareas al nivel, historial, molestias, material, preferencias y disponibilidad. No sustituye valoración médica/fisioterapéutica si hay dolor, lesión o señales de alarma.
FIT2_R0885;FIT2_P068;FIT2_T051;FIT2_TA058;media;Adaptar carga, volumen, frecuencia, rango, descansos y tareas al nivel, historial, molestias, material, preferencias y disponibilidad. No sustituye valoración médica/fisioterapéutica si hay dolor, lesión o señales de alarma.
FIT2_R0886;FIT2_P068;FIT2_T053;FIT2_TA059;media;Adaptar carga, volumen, frecuencia, rango, descansos y tareas al nivel, historial, molestias, material, preferencias y disponibilidad. No sustituye valoración médica/fisioterapéutica si hay dolor, lesión o señales de alarma.
FIT2_R0887;FIT2_P068;FIT2_T053;FIT2_TA079;media;Adaptar carga, volumen, frecuencia, rango, descansos y tareas al nivel, historial, molestias, material, preferencias y disponibilidad. No sustituye valoración médica/fisioterapéutica si hay dolor, lesión o señales de alarma.
FIT2_R0888;FIT2_P069;FIT2_T002;FIT2_TA002;media;Adaptar carga, volumen, frecuencia, rango, descansos y tareas al nivel, historial, molestias, material, preferencias y disponibilidad. No sustituye valoración médica/fisioterapéutica si hay dolor, lesión o señales de alarma.
FIT2_R0889;FIT2_P069;FIT2_T037;FIT2_TA041;alta;Adaptar carga, volumen, frecuencia, rango, descansos y tareas al nivel, historial, molestias, material, preferencias y disponibilidad. No sustituye valoración médica/fisioterapéutica si hay dolor, lesión o señales de alarma.
FIT2_R0890;FIT2_P069;FIT2_T037;FIT2_TA042;alta;Adaptar carga, volumen, frecuencia, rango, descansos y tareas al nivel, historial, molestias, material, preferencias y disponibilidad. No sustituye valoración médica/fisioterapéutica si hay dolor, lesión o señales de alarma.
FIT2_R0891;FIT2_P069;FIT2_T038;FIT2_TA043;media;Adaptar carga, volumen, frecuencia, rango, descansos y tareas al nivel, historial, molestias, material, preferencias y disponibilidad. No sustituye valoración médica/fisioterapéutica si hay dolor, lesión o señales de alarma.
FIT2_R0892;FIT2_P069;FIT2_T039;FIT2_TA045;media;Adaptar carga, volumen, frecuencia, rango, descansos y tareas al nivel, historial, molestias, material, preferencias y disponibilidad. No sustituye valoración médica/fisioterapéutica si hay dolor, lesión o señales de alarma.
FIT2_R0893;FIT2_P069;FIT2_T039;FIT2_TA078;media;Adaptar carga, volumen, frecuencia, rango, descansos y tareas al nivel, historial, molestias, material, preferencias y disponibilidad. No sustituye valoración médica/fisioterapéutica si hay dolor, lesión o señales de alarma.
FIT2_R0894;FIT2_P069;FIT2_T040;FIT2_TA044;media;Adaptar carga, volumen, frecuencia, rango, descansos y tareas al nivel, historial, molestias, material, preferencias y disponibilidad. No sustituye valoración médica/fisioterapéutica si hay dolor, lesión o señales de alarma.
FIT2_R0895;FIT2_P069;FIT2_T051;FIT2_TA057;media;Adaptar carga, volumen, frecuencia, rango, descansos y tareas al nivel, historial, molestias, material, preferencias y disponibilidad. No sustituye valoración médica/fisioterapéutica si hay dolor, lesión o señales de alarma.
FIT2_R0896;FIT2_P069;FIT2_T051;FIT2_TA058;media;Adaptar carga, volumen, frecuencia, rango, descansos y tareas al nivel, historial, molestias, material, preferencias y disponibilidad. No sustituye valoración médica/fisioterapéutica si hay dolor, lesión o señales de alarma.
FIT2_R0897;FIT2_P069;FIT2_T053;FIT2_TA059;media;Adaptar carga, volumen, frecuencia, rango, descansos y tareas al nivel, historial, molestias, material, preferencias y disponibilidad. No sustituye valoración médica/fisioterapéutica si hay dolor, lesión o señales de alarma.
FIT2_R0898;FIT2_P069;FIT2_T053;FIT2_TA079;media;Adaptar carga, volumen, frecuencia, rango, descansos y tareas al nivel, historial, molestias, material, preferencias y disponibilidad. No sustituye valoración médica/fisioterapéutica si hay dolor, lesión o señales de alarma.
FIT2_R0899;FIT2_P070;FIT2_T002;FIT2_TA002;media;Adaptar carga, volumen, frecuencia, rango, descansos y tareas al nivel, historial, molestias, material, preferencias y disponibilidad. No sustituye valoración médica/fisioterapéutica si hay dolor, lesión o señales de alarma.
FIT2_R0900;FIT2_P070;FIT2_T037;FIT2_TA041;alta;Adaptar carga, volumen, frecuencia, rango, descansos y tareas al nivel, historial, molestias, material, preferencias y disponibilidad. No sustituye valoración médica/fisioterapéutica si hay dolor, lesión o señales de alarma.
FIT2_R0901;FIT2_P070;FIT2_T037;FIT2_TA042;alta;Adaptar carga, volumen, frecuencia, rango, descansos y tareas al nivel, historial, molestias, material, preferencias y disponibilidad. No sustituye valoración médica/fisioterapéutica si hay dolor, lesión o señales de alarma.
FIT2_R0902;FIT2_P070;FIT2_T038;FIT2_TA043;media;Adaptar carga, volumen, frecuencia, rango, descansos y tareas al nivel, historial, molestias, material, preferencias y disponibilidad. No sustituye valoración médica/fisioterapéutica si hay dolor, lesión o señales de alarma.
FIT2_R0903;FIT2_P070;FIT2_T039;FIT2_TA045;media;Adaptar carga, volumen, frecuencia, rango, descansos y tareas al nivel, historial, molestias, material, preferencias y disponibilidad. No sustituye valoración médica/fisioterapéutica si hay dolor, lesión o señales de alarma.
FIT2_R0904;FIT2_P070;FIT2_T039;FIT2_TA078;media;Adaptar carga, volumen, frecuencia, rango, descansos y tareas al nivel, historial, molestias, material, preferencias y disponibilidad. No sustituye valoración médica/fisioterapéutica si hay dolor, lesión o señales de alarma.
FIT2_R0905;FIT2_P070;FIT2_T040;FIT2_TA044;media;Adaptar carga, volumen, frecuencia, rango, descansos y tareas al nivel, historial, molestias, material, preferencias y disponibilidad. No sustituye valoración médica/fisioterapéutica si hay dolor, lesión o señales de alarma.
FIT2_R0906;FIT2_P070;FIT2_T051;FIT2_TA057;media;Adaptar carga, volumen, frecuencia, rango, descansos y tareas al nivel, historial, molestias, material, preferencias y disponibilidad. No sustituye valoración médica/fisioterapéutica si hay dolor, lesión o señales de alarma.
FIT2_R0907;FIT2_P070;FIT2_T051;FIT2_TA058;media;Adaptar carga, volumen, frecuencia, rango, descansos y tareas al nivel, historial, molestias, material, preferencias y disponibilidad. No sustituye valoración médica/fisioterapéutica si hay dolor, lesión o señales de alarma.
FIT2_R0908;FIT2_P070;FIT2_T053;FIT2_TA059;media;Adaptar carga, volumen, frecuencia, rango, descansos y tareas al nivel, historial, molestias, material, preferencias y disponibilidad. No sustituye valoración médica/fisioterapéutica si hay dolor, lesión o señales de alarma.
FIT2_R0909;FIT2_P070;FIT2_T053;FIT2_TA079;media;Adaptar carga, volumen, frecuencia, rango, descansos y tareas al nivel, historial, molestias, material, preferencias y disponibilidad. No sustituye valoración médica/fisioterapéutica si hay dolor, lesión o señales de alarma.
FIT2_R0910;FIT2_P071;FIT2_T002;FIT2_TA002;media;Adaptar carga, volumen, frecuencia, rango, descansos y tareas al nivel, historial, molestias, material, preferencias y disponibilidad. No sustituye valoración médica/fisioterapéutica si hay dolor, lesión o señales de alarma.
FIT2_R0911;FIT2_P071;FIT2_T037;FIT2_TA041;alta;Adaptar carga, volumen, frecuencia, rango, descansos y tareas al nivel, historial, molestias, material, preferencias y disponibilidad. No sustituye valoración médica/fisioterapéutica si hay dolor, lesión o señales de alarma.
FIT2_R0912;FIT2_P071;FIT2_T037;FIT2_TA042;alta;Adaptar carga, volumen, frecuencia, rango, descansos y tareas al nivel, historial, molestias, material, preferencias y disponibilidad. No sustituye valoración médica/fisioterapéutica si hay dolor, lesión o señales de alarma.
FIT2_R0913;FIT2_P071;FIT2_T038;FIT2_TA043;media;Adaptar carga, volumen, frecuencia, rango, descansos y tareas al nivel, historial, molestias, material, preferencias y disponibilidad. No sustituye valoración médica/fisioterapéutica si hay dolor, lesión o señales de alarma.
FIT2_R0914;FIT2_P071;FIT2_T039;FIT2_TA045;media;Adaptar carga, volumen, frecuencia, rango, descansos y tareas al nivel, historial, molestias, material, preferencias y disponibilidad. No sustituye valoración médica/fisioterapéutica si hay dolor, lesión o señales de alarma.
FIT2_R0915;FIT2_P071;FIT2_T039;FIT2_TA078;media;Adaptar carga, volumen, frecuencia, rango, descansos y tareas al nivel, historial, molestias, material, preferencias y disponibilidad. No sustituye valoración médica/fisioterapéutica si hay dolor, lesión o señales de alarma.
FIT2_R0916;FIT2_P071;FIT2_T040;FIT2_TA044;media;Adaptar carga, volumen, frecuencia, rango, descansos y tareas al nivel, historial, molestias, material, preferencias y disponibilidad. No sustituye valoración médica/fisioterapéutica si hay dolor, lesión o señales de alarma.
FIT2_R0917;FIT2_P071;FIT2_T051;FIT2_TA057;media;Adaptar carga, volumen, frecuencia, rango, descansos y tareas al nivel, historial, molestias, material, preferencias y disponibilidad. No sustituye valoración médica/fisioterapéutica si hay dolor, lesión o señales de alarma.
FIT2_R0918;FIT2_P071;FIT2_T051;FIT2_TA058;media;Adaptar carga, volumen, frecuencia, rango, descansos y tareas al nivel, historial, molestias, material, preferencias y disponibilidad. No sustituye valoración médica/fisioterapéutica si hay dolor, lesión o señales de alarma.
FIT2_R0919;FIT2_P071;FIT2_T053;FIT2_TA059;media;Adaptar carga, volumen, frecuencia, rango, descansos y tareas al nivel, historial, molestias, material, preferencias y disponibilidad. No sustituye valoración médica/fisioterapéutica si hay dolor, lesión o señales de alarma.
FIT2_R0920;FIT2_P071;FIT2_T053;FIT2_TA079;media;Adaptar carga, volumen, frecuencia, rango, descansos y tareas al nivel, historial, molestias, material, preferencias y disponibilidad. No sustituye valoración médica/fisioterapéutica si hay dolor, lesión o señales de alarma.
FIT2_R0921;FIT2_P072;FIT2_T002;FIT2_TA002;media;Adaptar carga, volumen, frecuencia, rango, descansos y tareas al nivel, historial, molestias, material, preferencias y disponibilidad. No sustituye valoración médica/fisioterapéutica si hay dolor, lesión o señales de alarma.
FIT2_R0922;FIT2_P072;FIT2_T037;FIT2_TA041;alta;Adaptar carga, volumen, frecuencia, rango, descansos y tareas al nivel, historial, molestias, material, preferencias y disponibilidad. No sustituye valoración médica/fisioterapéutica si hay dolor, lesión o señales de alarma.
FIT2_R0923;FIT2_P072;FIT2_T037;FIT2_TA042;alta;Adaptar carga, volumen, frecuencia, rango, descansos y tareas al nivel, historial, molestias, material, preferencias y disponibilidad. No sustituye valoración médica/fisioterapéutica si hay dolor, lesión o señales de alarma.
FIT2_R0924;FIT2_P072;FIT2_T038;FIT2_TA043;media;Adaptar carga, volumen, frecuencia, rango, descansos y tareas al nivel, historial, molestias, material, preferencias y disponibilidad. No sustituye valoración médica/fisioterapéutica si hay dolor, lesión o señales de alarma.
FIT2_R0925;FIT2_P072;FIT2_T039;FIT2_TA045;media;Adaptar carga, volumen, frecuencia, rango, descansos y tareas al nivel, historial, molestias, material, preferencias y disponibilidad. No sustituye valoración médica/fisioterapéutica si hay dolor, lesión o señales de alarma.
FIT2_R0926;FIT2_P072;FIT2_T039;FIT2_TA078;media;Adaptar carga, volumen, frecuencia, rango, descansos y tareas al nivel, historial, molestias, material, preferencias y disponibilidad. No sustituye valoración médica/fisioterapéutica si hay dolor, lesión o señales de alarma.
FIT2_R0927;FIT2_P072;FIT2_T040;FIT2_TA044;media;Adaptar carga, volumen, frecuencia, rango, descansos y tareas al nivel, historial, molestias, material, preferencias y disponibilidad. No sustituye valoración médica/fisioterapéutica si hay dolor, lesión o señales de alarma.
FIT2_R0928;FIT2_P072;FIT2_T051;FIT2_TA057;media;Adaptar carga, volumen, frecuencia, rango, descansos y tareas al nivel, historial, molestias, material, preferencias y disponibilidad. No sustituye valoración médica/fisioterapéutica si hay dolor, lesión o señales de alarma.
FIT2_R0929;FIT2_P072;FIT2_T051;FIT2_TA058;media;Adaptar carga, volumen, frecuencia, rango, descansos y tareas al nivel, historial, molestias, material, preferencias y disponibilidad. No sustituye valoración médica/fisioterapéutica si hay dolor, lesión o señales de alarma.
FIT2_R0930;FIT2_P072;FIT2_T053;FIT2_TA059;media;Adaptar carga, volumen, frecuencia, rango, descansos y tareas al nivel, historial, molestias, material, preferencias y disponibilidad. No sustituye valoración médica/fisioterapéutica si hay dolor, lesión o señales de alarma.
FIT2_R0931;FIT2_P072;FIT2_T053;FIT2_TA079;media;Adaptar carga, volumen, frecuencia, rango, descansos y tareas al nivel, historial, molestias, material, preferencias y disponibilidad. No sustituye valoración médica/fisioterapéutica si hay dolor, lesión o señales de alarma.
FIT2_R0932;FIT2_P073;FIT2_T032;FIT2_TA037;media;Adaptar carga, volumen, frecuencia, rango, descansos y tareas al nivel, historial, molestias, material, preferencias y disponibilidad. No sustituye valoración médica/fisioterapéutica si hay dolor, lesión o señales de alarma.
FIT2_R0933;FIT2_P073;FIT2_T032;FIT2_TA077;media;Adaptar carga, volumen, frecuencia, rango, descansos y tareas al nivel, historial, molestias, material, preferencias y disponibilidad. No sustituye valoración médica/fisioterapéutica si hay dolor, lesión o señales de alarma.
FIT2_R0934;FIT2_P073;FIT2_T033;FIT2_TA038;media;Adaptar carga, volumen, frecuencia, rango, descansos y tareas al nivel, historial, molestias, material, preferencias y disponibilidad. No sustituye valoración médica/fisioterapéutica si hay dolor, lesión o señales de alarma.
FIT2_R0935;FIT2_P073;FIT2_T052;FIT2_TA039;media;Adaptar carga, volumen, frecuencia, rango, descansos y tareas al nivel, historial, molestias, material, preferencias y disponibilidad. No sustituye valoración médica/fisioterapéutica si hay dolor, lesión o señales de alarma.
FIT2_R0936;FIT2_P073;FIT2_T052;FIT2_TA040;media;Adaptar carga, volumen, frecuencia, rango, descansos y tareas al nivel, historial, molestias, material, preferencias y disponibilidad. No sustituye valoración médica/fisioterapéutica si hay dolor, lesión o señales de alarma.
FIT2_R0937;FIT2_P073;FIT2_T051;FIT2_TA057;media;Adaptar carga, volumen, frecuencia, rango, descansos y tareas al nivel, historial, molestias, material, preferencias y disponibilidad. No sustituye valoración médica/fisioterapéutica si hay dolor, lesión o señales de alarma.
FIT2_R0938;FIT2_P073;FIT2_T051;FIT2_TA058;media;Adaptar carga, volumen, frecuencia, rango, descansos y tareas al nivel, historial, molestias, material, preferencias y disponibilidad. No sustituye valoración médica/fisioterapéutica si hay dolor, lesión o señales de alarma.
FIT2_R0939;FIT2_P074;FIT2_T032;FIT2_TA037;media;Adaptar carga, volumen, frecuencia, rango, descansos y tareas al nivel, historial, molestias, material, preferencias y disponibilidad. No sustituye valoración médica/fisioterapéutica si hay dolor, lesión o señales de alarma.
FIT2_R0940;FIT2_P074;FIT2_T032;FIT2_TA077;media;Adaptar carga, volumen, frecuencia, rango, descansos y tareas al nivel, historial, molestias, material, preferencias y disponibilidad. No sustituye valoración médica/fisioterapéutica si hay dolor, lesión o señales de alarma.
FIT2_R0941;FIT2_P074;FIT2_T033;FIT2_TA038;media;Adaptar carga, volumen, frecuencia, rango, descansos y tareas al nivel, historial, molestias, material, preferencias y disponibilidad. No sustituye valoración médica/fisioterapéutica si hay dolor, lesión o señales de alarma.
FIT2_R0942;FIT2_P074;FIT2_T052;FIT2_TA039;media;Adaptar carga, volumen, frecuencia, rango, descansos y tareas al nivel, historial, molestias, material, preferencias y disponibilidad. No sustituye valoración médica/fisioterapéutica si hay dolor, lesión o señales de alarma.
FIT2_R0943;FIT2_P074;FIT2_T052;FIT2_TA040;media;Adaptar carga, volumen, frecuencia, rango, descansos y tareas al nivel, historial, molestias, material, preferencias y disponibilidad. No sustituye valoración médica/fisioterapéutica si hay dolor, lesión o señales de alarma.
FIT2_R0944;FIT2_P074;FIT2_T051;FIT2_TA057;media;Adaptar carga, volumen, frecuencia, rango, descansos y tareas al nivel, historial, molestias, material, preferencias y disponibilidad. No sustituye valoración médica/fisioterapéutica si hay dolor, lesión o señales de alarma.
FIT2_R0945;FIT2_P074;FIT2_T051;FIT2_TA058;media;Adaptar carga, volumen, frecuencia, rango, descansos y tareas al nivel, historial, molestias, material, preferencias y disponibilidad. No sustituye valoración médica/fisioterapéutica si hay dolor, lesión o señales de alarma.
FIT2_R0946;FIT2_P075;FIT2_T032;FIT2_TA037;media;Adaptar carga, volumen, frecuencia, rango, descansos y tareas al nivel, historial, molestias, material, preferencias y disponibilidad. No sustituye valoración médica/fisioterapéutica si hay dolor, lesión o señales de alarma.
FIT2_R0947;FIT2_P075;FIT2_T032;FIT2_TA077;media;Adaptar carga, volumen, frecuencia, rango, descansos y tareas al nivel, historial, molestias, material, preferencias y disponibilidad. No sustituye valoración médica/fisioterapéutica si hay dolor, lesión o señales de alarma.
FIT2_R0948;FIT2_P075;FIT2_T033;FIT2_TA038;media;Adaptar carga, volumen, frecuencia, rango, descansos y tareas al nivel, historial, molestias, material, preferencias y disponibilidad. No sustituye valoración médica/fisioterapéutica si hay dolor, lesión o señales de alarma.
FIT2_R0949;FIT2_P075;FIT2_T052;FIT2_TA039;media;Adaptar carga, volumen, frecuencia, rango, descansos y tareas al nivel, historial, molestias, material, preferencias y disponibilidad. No sustituye valoración médica/fisioterapéutica si hay dolor, lesión o señales de alarma.
FIT2_R0950;FIT2_P075;FIT2_T052;FIT2_TA040;media;Adaptar carga, volumen, frecuencia, rango, descansos y tareas al nivel, historial, molestias, material, preferencias y disponibilidad. No sustituye valoración médica/fisioterapéutica si hay dolor, lesión o señales de alarma.
FIT2_R0951;FIT2_P075;FIT2_T051;FIT2_TA057;media;Adaptar carga, volumen, frecuencia, rango, descansos y tareas al nivel, historial, molestias, material, preferencias y disponibilidad. No sustituye valoración médica/fisioterapéutica si hay dolor, lesión o señales de alarma.
FIT2_R0952;FIT2_P075;FIT2_T051;FIT2_TA058;media;Adaptar carga, volumen, frecuencia, rango, descansos y tareas al nivel, historial, molestias, material, preferencias y disponibilidad. No sustituye valoración médica/fisioterapéutica si hay dolor, lesión o señales de alarma.
FIT2_R0953;FIT2_P076;FIT2_T032;FIT2_TA037;media;Adaptar carga, volumen, frecuencia, rango, descansos y tareas al nivel, historial, molestias, material, preferencias y disponibilidad. No sustituye valoración médica/fisioterapéutica si hay dolor, lesión o señales de alarma.
FIT2_R0954;FIT2_P076;FIT2_T032;FIT2_TA077;media;Adaptar carga, volumen, frecuencia, rango, descansos y tareas al nivel, historial, molestias, material, preferencias y disponibilidad. No sustituye valoración médica/fisioterapéutica si hay dolor, lesión o señales de alarma.
FIT2_R0955;FIT2_P076;FIT2_T033;FIT2_TA038;media;Adaptar carga, volumen, frecuencia, rango, descansos y tareas al nivel, historial, molestias, material, preferencias y disponibilidad. No sustituye valoración médica/fisioterapéutica si hay dolor, lesión o señales de alarma.
FIT2_R0956;FIT2_P076;FIT2_T052;FIT2_TA039;media;Adaptar carga, volumen, frecuencia, rango, descansos y tareas al nivel, historial, molestias, material, preferencias y disponibilidad. No sustituye valoración médica/fisioterapéutica si hay dolor, lesión o señales de alarma.
FIT2_R0957;FIT2_P076;FIT2_T052;FIT2_TA040;media;Adaptar carga, volumen, frecuencia, rango, descansos y tareas al nivel, historial, molestias, material, preferencias y disponibilidad. No sustituye valoración médica/fisioterapéutica si hay dolor, lesión o señales de alarma.
FIT2_R0958;FIT2_P076;FIT2_T051;FIT2_TA057;media;Adaptar carga, volumen, frecuencia, rango, descansos y tareas al nivel, historial, molestias, material, preferencias y disponibilidad. No sustituye valoración médica/fisioterapéutica si hay dolor, lesión o señales de alarma.
FIT2_R0959;FIT2_P076;FIT2_T051;FIT2_TA058;media;Adaptar carga, volumen, frecuencia, rango, descansos y tareas al nivel, historial, molestias, material, preferencias y disponibilidad. No sustituye valoración médica/fisioterapéutica si hay dolor, lesión o señales de alarma.
