AREA;PROBLEMA_OBJETIVO;DESCRIPCION_PROBLEMA;POBLACION;TIPO_INTERVENCION_PROBLEMA;RIESGO_PROBLEMA;FUENTE_IDS;TECNICA_METODO;DESCRIPCION_TECNICA;RIESGO_TECNICA;TIPO_INTERVENCION_TECNICA;TAREA_PAUTA;DESCRIPCION_TAREA;OBJETIVO_TAREA;RIESGO_TAREA;DURACION;TIPO_INTERVENCION_TAREA;PRIORIDAD;NOTA_PROFESIONAL
Educación nutricional básica;Mejorar alimentación general;Objetivo de construir un patrón alimentario más equilibrado y sostenible.;general;educativa;bajo;"NUT2_SRC001;NUT2_SRC010;NUT2_SRC011";Entrevista nutricional inicial;Recoger motivo, historia, horarios, gustos, salud, medicación, restricciones, objetivos y señales de derivación.;bajo;evaluación;Registro alimentario de 3 días;Registrar comidas, horarios, hambre, contexto y sensaciones sin cambiar nada inicialmente.;Conocer patrón real.;bajo;3 días;evaluación;media;Adaptar a historia clínica declarada, medicación, analíticas, cultura, economía, preferencias, etapa vital, riesgo de TCA y competencias profesionales. Derivar si hay señales de alarma.
Educación nutricional básica;Mejorar alimentación general;Objetivo de construir un patrón alimentario más equilibrado y sostenible.;general;educativa;bajo;"NUT2_SRC001;NUT2_SRC010;NUT2_SRC011";Objetivos SMART nutricionales;Convertir metas genéricas en objetivos concretos, medibles y revisables.;bajo;planificación;Objetivo SMART nutricional;Definir una meta concreta, medible y revisable para la semana.;Aumentar claridad y adherencia.;bajo;10 min semanal;planificación;media;Adaptar a historia clínica declarada, medicación, analíticas, cultura, economía, preferencias, etapa vital, riesgo de TCA y competencias profesionales. Derivar si hay señales de alarma.
Educación nutricional básica;Mejorar alimentación general;Objetivo de construir un patrón alimentario más equilibrado y sostenible.;general;educativa;bajo;"NUT2_SRC001;NUT2_SRC010;NUT2_SRC011";Objetivos SMART nutricionales;Convertir metas genéricas en objetivos concretos, medibles y revisables.;bajo;planificación;Plan de autonomía alimentaria;Elegir 2 habilidades: comprar, cocinar, elegir fuera o preparar snack.;Aumentar independencia.;bajo;semanal;educativa;media;Adaptar a historia clínica declarada, medicación, analíticas, cultura, economía, preferencias, etapa vital, riesgo de TCA y competencias profesionales. Derivar si hay señales de alarma.
Educación nutricional básica;Mejorar alimentación general;Objetivo de construir un patrón alimentario más equilibrado y sostenible.;general;educativa;bajo;"NUT2_SRC001;NUT2_SRC010;NUT2_SRC011";Educación del plato saludable;Usar proporciones visuales de verduras, proteína, carbohidratos, grasas y agua.;bajo;educativa;Construir plato saludable;Preparar una comida con verdura/proteína/hidrato/grasa saludable según objetivo.;Mejorar composición de comidas.;bajo;diario;educativa;media;Adaptar a historia clínica declarada, medicación, analíticas, cultura, economía, preferencias, etapa vital, riesgo de TCA y competencias profesionales. Derivar si hay señales de alarma.
Educación nutricional básica;Mejorar alimentación general;Objetivo de construir un patrón alimentario más equilibrado y sostenible.;general;educativa;bajo;"NUT2_SRC001;NUT2_SRC010;NUT2_SRC011";Educación del plato saludable;Usar proporciones visuales de verduras, proteína, carbohidratos, grasas y agua.;bajo;educativa;Revisión de cena habitual;Mejorar una cena frecuente con proteína, fibra y saciedad.;Optimizar comida clave.;bajo;semanal;educativa;media;Adaptar a historia clínica declarada, medicación, analíticas, cultura, economía, preferencias, etapa vital, riesgo de TCA y competencias profesionales. Derivar si hay señales de alarma.
Educación nutricional básica;Mejorar alimentación general;Objetivo de construir un patrón alimentario más equilibrado y sostenible.;general;educativa;bajo;"NUT2_SRC001;NUT2_SRC010;NUT2_SRC011";Lectura de etiquetas;Interpretar ración, energía, proteína, fibra, azúcar, sal, grasas e ingredientes.;bajo;educativa;Revisar etiqueta de 3 productos;Comparar ración, azúcar, sal, fibra, proteína e ingredientes.;Aprender lectura de etiquetas.;bajo;semanal;educativa;media;Adaptar a historia clínica declarada, medicación, analíticas, cultura, economía, preferencias, etapa vital, riesgo de TCA y competencias profesionales. Derivar si hay señales de alarma.
Educación nutricional básica;Mejorar alimentación general;Objetivo de construir un patrón alimentario más equilibrado y sostenible.;general;educativa;bajo;"NUT2_SRC001;NUT2_SRC010;NUT2_SRC011";Lectura de etiquetas;Interpretar ración, energía, proteína, fibra, azúcar, sal, grasas e ingredientes.;bajo;educativa;Checklist de platos preparados;Comparar platos preparados por proteína, fibra, sal y calorías.;Elegir mejor cuando no se cocina.;bajo;semanal;educativa;media;Adaptar a historia clínica declarada, medicación, analíticas, cultura, economía, preferencias, etapa vital, riesgo de TCA y competencias profesionales. Derivar si hay señales de alarma.
Educación nutricional básica;Mejorar alimentación general;Objetivo de construir un patrón alimentario más equilibrado y sostenible.;general;educativa;bajo;"NUT2_SRC001;NUT2_SRC010;NUT2_SRC011";Estimación de raciones con método visual;Usar mano, plato, tazas o referencias visuales para cantidades.;bajo;educativa;Método de la mano;Usar palma/puño/pulgar como referencia visual de proteína, hidratos y grasas.;Estimar raciones sin obsesión.;bajo;diario;educativa;media;Adaptar a historia clínica declarada, medicación, analíticas, cultura, economía, preferencias, etapa vital, riesgo de TCA y competencias profesionales. Derivar si hay señales de alarma.
Educación nutricional básica;Mejorar alimentación general;Objetivo de construir un patrón alimentario más equilibrado y sostenible.;general;educativa;bajo;"NUT2_SRC001;NUT2_SRC010;NUT2_SRC011";Aumento de frutas y verduras;Introducir variedad vegetal de forma gradual y práctica.;bajo;hábitos;Añadir una ración vegetal;Añadir verdura/fruta a una comida habitual.;Aumentar vegetales progresivamente.;bajo;diario;hábitos;media;Adaptar a historia clínica declarada, medicación, analíticas, cultura, economía, preferencias, etapa vital, riesgo de TCA y competencias profesionales. Derivar si hay señales de alarma.
Educación nutricional básica;Mejorar alimentación general;Objetivo de construir un patrón alimentario más equilibrado y sostenible.;general;educativa;bajo;"NUT2_SRC001;NUT2_SRC010;NUT2_SRC011";Aumento de fibra;Incluir legumbres, frutas, verduras, integrales, semillas y frutos secos según tolerancia.;bajo;hábitos;Legumbre semanal;Planificar al menos una comida con legumbres.;Aumentar fibra y calidad de dieta.;bajo;semanal;hábitos;media;Adaptar a historia clínica declarada, medicación, analíticas, cultura, economía, preferencias, etapa vital, riesgo de TCA y competencias profesionales. Derivar si hay señales de alarma.
Educación nutricional básica;Mejorar alimentación general;Objetivo de construir un patrón alimentario más equilibrado y sostenible.;general;educativa;bajo;"NUT2_SRC001;NUT2_SRC010;NUT2_SRC011";Aumento de fibra;Incluir legumbres, frutas, verduras, integrales, semillas y frutos secos según tolerancia.;bajo;hábitos;Preparar plato de legumbre completo;Crear plato con legumbre, verdura y proteína complementaria si procede.;Mejorar fibra y saciedad.;bajo;semanal;hábitos;media;Adaptar a historia clínica declarada, medicación, analíticas, cultura, economía, preferencias, etapa vital, riesgo de TCA y competencias profesionales. Derivar si hay señales de alarma.
Educación nutricional básica;Mejorar alimentación general;Objetivo de construir un patrón alimentario más equilibrado y sostenible.;general;educativa;bajo;"NUT2_SRC001;NUT2_SRC010;NUT2_SRC011";Reducción de ultraprocesados;Sustituir gradualmente productos poco saciantes por alternativas más nutritivas.;bajo;hábitos;Cambio de ultraprocesado frecuente;Sustituir un producto habitual por alternativa más saciante/nutritiva.;Reducir ultraprocesados sin rigidez.;bajo;semanal;hábitos;media;Adaptar a historia clínica declarada, medicación, analíticas, cultura, economía, preferencias, etapa vital, riesgo de TCA y competencias profesionales. Derivar si hay señales de alarma.
Educación nutricional básica;Mejorar alimentación general;Objetivo de construir un patrón alimentario más equilibrado y sostenible.;general;educativa;bajo;"NUT2_SRC001;NUT2_SRC010;NUT2_SRC011";Seguimiento de adherencia;Medir cumplimiento de hábitos, barreras y ajustes sin culpabilizar.;bajo;seguimiento;Seguimiento de adherencia semanal;Marcar hábitos cumplidos, barreras y ajustes.;Ajustar sin culpabilizar.;bajo;semanal;seguimiento;media;Adaptar a historia clínica declarada, medicación, analíticas, cultura, economía, preferencias, etapa vital, riesgo de TCA y competencias profesionales. Derivar si hay señales de alarma.
Educación nutricional básica;Mejorar alimentación general;Objetivo de construir un patrón alimentario más equilibrado y sostenible.;general;educativa;bajo;"NUT2_SRC001;NUT2_SRC010;NUT2_SRC011";Seguimiento de adherencia;Medir cumplimiento de hábitos, barreras y ajustes sin culpabilizar.;bajo;seguimiento;Diario de energía y sueño;Registrar energía, sueño, hambre y rendimiento.;Relacionar recuperación y alimentación.;bajo;7 días;seguimiento;media;Adaptar a historia clínica declarada, medicación, analíticas, cultura, economía, preferencias, etapa vital, riesgo de TCA y competencias profesionales. Derivar si hay señales de alarma.
Educación nutricional básica;Mejorar alimentación general;Objetivo de construir un patrón alimentario más equilibrado y sostenible.;general;educativa;bajo;"NUT2_SRC001;NUT2_SRC010;NUT2_SRC011";Educación sobre expectativas realistas;Explicar ritmos, fluctuaciones, retención, ciclo, estrés y margen de error.;bajo;educativa;Expectativas realistas de progreso;Escribir ritmo esperado, fluctuaciones y métricas de éxito no solo peso.;Reducir frustración.;bajo;mensual;educativa;media;Adaptar a historia clínica declarada, medicación, analíticas, cultura, economía, preferencias, etapa vital, riesgo de TCA y competencias profesionales. Derivar si hay señales de alarma.
Educación nutricional básica;Bajo consumo de frutas y verduras;Ingesta insuficiente de alimentos vegetales y variedad.;general;educativa;bajo;"NUT2_SRC001;NUT2_SRC010";Entrevista nutricional inicial;Recoger motivo, historia, horarios, gustos, salud, medicación, restricciones, objetivos y señales de derivación.;bajo;evaluación;Registro alimentario de 3 días;Registrar comidas, horarios, hambre, contexto y sensaciones sin cambiar nada inicialmente.;Conocer patrón real.;bajo;3 días;evaluación;media;Adaptar a historia clínica declarada, medicación, analíticas, cultura, economía, preferencias, etapa vital, riesgo de TCA y competencias profesionales. Derivar si hay señales de alarma.
Educación nutricional básica;Bajo consumo de frutas y verduras;Ingesta insuficiente de alimentos vegetales y variedad.;general;educativa;bajo;"NUT2_SRC001;NUT2_SRC010";Objetivos SMART nutricionales;Convertir metas genéricas en objetivos concretos, medibles y revisables.;bajo;planificación;Objetivo SMART nutricional;Definir una meta concreta, medible y revisable para la semana.;Aumentar claridad y adherencia.;bajo;10 min semanal;planificación;media;Adaptar a historia clínica declarada, medicación, analíticas, cultura, economía, preferencias, etapa vital, riesgo de TCA y competencias profesionales. Derivar si hay señales de alarma.
Educación nutricional básica;Bajo consumo de frutas y verduras;Ingesta insuficiente de alimentos vegetales y variedad.;general;educativa;bajo;"NUT2_SRC001;NUT2_SRC010";Objetivos SMART nutricionales;Convertir metas genéricas en objetivos concretos, medibles y revisables.;bajo;planificación;Plan de autonomía alimentaria;Elegir 2 habilidades: comprar, cocinar, elegir fuera o preparar snack.;Aumentar independencia.;bajo;semanal;educativa;media;Adaptar a historia clínica declarada, medicación, analíticas, cultura, economía, preferencias, etapa vital, riesgo de TCA y competencias profesionales. Derivar si hay señales de alarma.
Educación nutricional básica;Bajo consumo de frutas y verduras;Ingesta insuficiente de alimentos vegetales y variedad.;general;educativa;bajo;"NUT2_SRC001;NUT2_SRC010";Educación del plato saludable;Usar proporciones visuales de verduras, proteína, carbohidratos, grasas y agua.;bajo;educativa;Construir plato saludable;Preparar una comida con verdura/proteína/hidrato/grasa saludable según objetivo.;Mejorar composición de comidas.;bajo;diario;educativa;media;Adaptar a historia clínica declarada, medicación, analíticas, cultura, economía, preferencias, etapa vital, riesgo de TCA y competencias profesionales. Derivar si hay señales de alarma.
Educación nutricional básica;Bajo consumo de frutas y verduras;Ingesta insuficiente de alimentos vegetales y variedad.;general;educativa;bajo;"NUT2_SRC001;NUT2_SRC010";Educación del plato saludable;Usar proporciones visuales de verduras, proteína, carbohidratos, grasas y agua.;bajo;educativa;Revisión de cena habitual;Mejorar una cena frecuente con proteína, fibra y saciedad.;Optimizar comida clave.;bajo;semanal;educativa;media;Adaptar a historia clínica declarada, medicación, analíticas, cultura, economía, preferencias, etapa vital, riesgo de TCA y competencias profesionales. Derivar si hay señales de alarma.
Educación nutricional básica;Bajo consumo de frutas y verduras;Ingesta insuficiente de alimentos vegetales y variedad.;general;educativa;bajo;"NUT2_SRC001;NUT2_SRC010";Lectura de etiquetas;Interpretar ración, energía, proteína, fibra, azúcar, sal, grasas e ingredientes.;bajo;educativa;Revisar etiqueta de 3 productos;Comparar ración, azúcar, sal, fibra, proteína e ingredientes.;Aprender lectura de etiquetas.;bajo;semanal;educativa;media;Adaptar a historia clínica declarada, medicación, analíticas, cultura, economía, preferencias, etapa vital, riesgo de TCA y competencias profesionales. Derivar si hay señales de alarma.
Educación nutricional básica;Bajo consumo de frutas y verduras;Ingesta insuficiente de alimentos vegetales y variedad.;general;educativa;bajo;"NUT2_SRC001;NUT2_SRC010";Lectura de etiquetas;Interpretar ración, energía, proteína, fibra, azúcar, sal, grasas e ingredientes.;bajo;educativa;Checklist de platos preparados;Comparar platos preparados por proteína, fibra, sal y calorías.;Elegir mejor cuando no se cocina.;bajo;semanal;educativa;media;Adaptar a historia clínica declarada, medicación, analíticas, cultura, economía, preferencias, etapa vital, riesgo de TCA y competencias profesionales. Derivar si hay señales de alarma.
Educación nutricional básica;Bajo consumo de frutas y verduras;Ingesta insuficiente de alimentos vegetales y variedad.;general;educativa;bajo;"NUT2_SRC001;NUT2_SRC010";Estimación de raciones con método visual;Usar mano, plato, tazas o referencias visuales para cantidades.;bajo;educativa;Método de la mano;Usar palma/puño/pulgar como referencia visual de proteína, hidratos y grasas.;Estimar raciones sin obsesión.;bajo;diario;educativa;media;Adaptar a historia clínica declarada, medicación, analíticas, cultura, economía, preferencias, etapa vital, riesgo de TCA y competencias profesionales. Derivar si hay señales de alarma.
Educación nutricional básica;Bajo consumo de frutas y verduras;Ingesta insuficiente de alimentos vegetales y variedad.;general;educativa;bajo;"NUT2_SRC001;NUT2_SRC010";Aumento de frutas y verduras;Introducir variedad vegetal de forma gradual y práctica.;bajo;hábitos;Añadir una ración vegetal;Añadir verdura/fruta a una comida habitual.;Aumentar vegetales progresivamente.;bajo;diario;hábitos;media;Adaptar a historia clínica declarada, medicación, analíticas, cultura, economía, preferencias, etapa vital, riesgo de TCA y competencias profesionales. Derivar si hay señales de alarma.
Educación nutricional básica;Bajo consumo de frutas y verduras;Ingesta insuficiente de alimentos vegetales y variedad.;general;educativa;bajo;"NUT2_SRC001;NUT2_SRC010";Aumento de fibra;Incluir legumbres, frutas, verduras, integrales, semillas y frutos secos según tolerancia.;bajo;hábitos;Legumbre semanal;Planificar al menos una comida con legumbres.;Aumentar fibra y calidad de dieta.;bajo;semanal;hábitos;media;Adaptar a historia clínica declarada, medicación, analíticas, cultura, economía, preferencias, etapa vital, riesgo de TCA y competencias profesionales. Derivar si hay señales de alarma.
Educación nutricional básica;Bajo consumo de frutas y verduras;Ingesta insuficiente de alimentos vegetales y variedad.;general;educativa;bajo;"NUT2_SRC001;NUT2_SRC010";Aumento de fibra;Incluir legumbres, frutas, verduras, integrales, semillas y frutos secos según tolerancia.;bajo;hábitos;Preparar plato de legumbre completo;Crear plato con legumbre, verdura y proteína complementaria si procede.;Mejorar fibra y saciedad.;bajo;semanal;hábitos;media;Adaptar a historia clínica declarada, medicación, analíticas, cultura, economía, preferencias, etapa vital, riesgo de TCA y competencias profesionales. Derivar si hay señales de alarma.
Educación nutricional básica;Bajo consumo de frutas y verduras;Ingesta insuficiente de alimentos vegetales y variedad.;general;educativa;bajo;"NUT2_SRC001;NUT2_SRC010";Reducción de ultraprocesados;Sustituir gradualmente productos poco saciantes por alternativas más nutritivas.;bajo;hábitos;Cambio de ultraprocesado frecuente;Sustituir un producto habitual por alternativa más saciante/nutritiva.;Reducir ultraprocesados sin rigidez.;bajo;semanal;hábitos;media;Adaptar a historia clínica declarada, medicación, analíticas, cultura, economía, preferencias, etapa vital, riesgo de TCA y competencias profesionales. Derivar si hay señales de alarma.
Educación nutricional básica;Bajo consumo de frutas y verduras;Ingesta insuficiente de alimentos vegetales y variedad.;general;educativa;bajo;"NUT2_SRC001;NUT2_SRC010";Seguimiento de adherencia;Medir cumplimiento de hábitos, barreras y ajustes sin culpabilizar.;bajo;seguimiento;Seguimiento de adherencia semanal;Marcar hábitos cumplidos, barreras y ajustes.;Ajustar sin culpabilizar.;bajo;semanal;seguimiento;media;Adaptar a historia clínica declarada, medicación, analíticas, cultura, economía, preferencias, etapa vital, riesgo de TCA y competencias profesionales. Derivar si hay señales de alarma.
Educación nutricional básica;Bajo consumo de frutas y verduras;Ingesta insuficiente de alimentos vegetales y variedad.;general;educativa;bajo;"NUT2_SRC001;NUT2_SRC010";Seguimiento de adherencia;Medir cumplimiento de hábitos, barreras y ajustes sin culpabilizar.;bajo;seguimiento;Diario de energía y sueño;Registrar energía, sueño, hambre y rendimiento.;Relacionar recuperación y alimentación.;bajo;7 días;seguimiento;media;Adaptar a historia clínica declarada, medicación, analíticas, cultura, economía, preferencias, etapa vital, riesgo de TCA y competencias profesionales. Derivar si hay señales de alarma.
Educación nutricional básica;Bajo consumo de frutas y verduras;Ingesta insuficiente de alimentos vegetales y variedad.;general;educativa;bajo;"NUT2_SRC001;NUT2_SRC010";Educación sobre expectativas realistas;Explicar ritmos, fluctuaciones, retención, ciclo, estrés y margen de error.;bajo;educativa;Expectativas realistas de progreso;Escribir ritmo esperado, fluctuaciones y métricas de éxito no solo peso.;Reducir frustración.;bajo;mensual;educativa;media;Adaptar a historia clínica declarada, medicación, analíticas, cultura, economía, preferencias, etapa vital, riesgo de TCA y competencias profesionales. Derivar si hay señales de alarma.
Educación nutricional básica;Exceso de ultraprocesados;Consumo frecuente de productos de alta densidad energética, sal, azúcar o grasas de baja calidad.;general;educativa;medio;"NUT2_SRC001;NUT2_SRC011";Entrevista nutricional inicial;Recoger motivo, historia, horarios, gustos, salud, medicación, restricciones, objetivos y señales de derivación.;bajo;evaluación;Registro alimentario de 3 días;Registrar comidas, horarios, hambre, contexto y sensaciones sin cambiar nada inicialmente.;Conocer patrón real.;bajo;3 días;evaluación;media;Adaptar a historia clínica declarada, medicación, analíticas, cultura, economía, preferencias, etapa vital, riesgo de TCA y competencias profesionales. Derivar si hay señales de alarma.
Educación nutricional básica;Exceso de ultraprocesados;Consumo frecuente de productos de alta densidad energética, sal, azúcar o grasas de baja calidad.;general;educativa;medio;"NUT2_SRC001;NUT2_SRC011";Objetivos SMART nutricionales;Convertir metas genéricas en objetivos concretos, medibles y revisables.;bajo;planificación;Objetivo SMART nutricional;Definir una meta concreta, medible y revisable para la semana.;Aumentar claridad y adherencia.;bajo;10 min semanal;planificación;media;Adaptar a historia clínica declarada, medicación, analíticas, cultura, economía, preferencias, etapa vital, riesgo de TCA y competencias profesionales. Derivar si hay señales de alarma.
Educación nutricional básica;Exceso de ultraprocesados;Consumo frecuente de productos de alta densidad energética, sal, azúcar o grasas de baja calidad.;general;educativa;medio;"NUT2_SRC001;NUT2_SRC011";Objetivos SMART nutricionales;Convertir metas genéricas en objetivos concretos, medibles y revisables.;bajo;planificación;Plan de autonomía alimentaria;Elegir 2 habilidades: comprar, cocinar, elegir fuera o preparar snack.;Aumentar independencia.;bajo;semanal;educativa;media;Adaptar a historia clínica declarada, medicación, analíticas, cultura, economía, preferencias, etapa vital, riesgo de TCA y competencias profesionales. Derivar si hay señales de alarma.
Educación nutricional básica;Exceso de ultraprocesados;Consumo frecuente de productos de alta densidad energética, sal, azúcar o grasas de baja calidad.;general;educativa;medio;"NUT2_SRC001;NUT2_SRC011";Educación del plato saludable;Usar proporciones visuales de verduras, proteína, carbohidratos, grasas y agua.;bajo;educativa;Construir plato saludable;Preparar una comida con verdura/proteína/hidrato/grasa saludable según objetivo.;Mejorar composición de comidas.;bajo;diario;educativa;media;Adaptar a historia clínica declarada, medicación, analíticas, cultura, economía, preferencias, etapa vital, riesgo de TCA y competencias profesionales. Derivar si hay señales de alarma.
Educación nutricional básica;Exceso de ultraprocesados;Consumo frecuente de productos de alta densidad energética, sal, azúcar o grasas de baja calidad.;general;educativa;medio;"NUT2_SRC001;NUT2_SRC011";Educación del plato saludable;Usar proporciones visuales de verduras, proteína, carbohidratos, grasas y agua.;bajo;educativa;Revisión de cena habitual;Mejorar una cena frecuente con proteína, fibra y saciedad.;Optimizar comida clave.;bajo;semanal;educativa;media;Adaptar a historia clínica declarada, medicación, analíticas, cultura, economía, preferencias, etapa vital, riesgo de TCA y competencias profesionales. Derivar si hay señales de alarma.
Educación nutricional básica;Exceso de ultraprocesados;Consumo frecuente de productos de alta densidad energética, sal, azúcar o grasas de baja calidad.;general;educativa;medio;"NUT2_SRC001;NUT2_SRC011";Lectura de etiquetas;Interpretar ración, energía, proteína, fibra, azúcar, sal, grasas e ingredientes.;bajo;educativa;Revisar etiqueta de 3 productos;Comparar ración, azúcar, sal, fibra, proteína e ingredientes.;Aprender lectura de etiquetas.;bajo;semanal;educativa;media;Adaptar a historia clínica declarada, medicación, analíticas, cultura, economía, preferencias, etapa vital, riesgo de TCA y competencias profesionales. Derivar si hay señales de alarma.
Educación nutricional básica;Exceso de ultraprocesados;Consumo frecuente de productos de alta densidad energética, sal, azúcar o grasas de baja calidad.;general;educativa;medio;"NUT2_SRC001;NUT2_SRC011";Lectura de etiquetas;Interpretar ración, energía, proteína, fibra, azúcar, sal, grasas e ingredientes.;bajo;educativa;Checklist de platos preparados;Comparar platos preparados por proteína, fibra, sal y calorías.;Elegir mejor cuando no se cocina.;bajo;semanal;educativa;media;Adaptar a historia clínica declarada, medicación, analíticas, cultura, economía, preferencias, etapa vital, riesgo de TCA y competencias profesionales. Derivar si hay señales de alarma.
Educación nutricional básica;Exceso de ultraprocesados;Consumo frecuente de productos de alta densidad energética, sal, azúcar o grasas de baja calidad.;general;educativa;medio;"NUT2_SRC001;NUT2_SRC011";Estimación de raciones con método visual;Usar mano, plato, tazas o referencias visuales para cantidades.;bajo;educativa;Método de la mano;Usar palma/puño/pulgar como referencia visual de proteína, hidratos y grasas.;Estimar raciones sin obsesión.;bajo;diario;educativa;media;Adaptar a historia clínica declarada, medicación, analíticas, cultura, economía, preferencias, etapa vital, riesgo de TCA y competencias profesionales. Derivar si hay señales de alarma.
Educación nutricional básica;Exceso de ultraprocesados;Consumo frecuente de productos de alta densidad energética, sal, azúcar o grasas de baja calidad.;general;educativa;medio;"NUT2_SRC001;NUT2_SRC011";Aumento de frutas y verduras;Introducir variedad vegetal de forma gradual y práctica.;bajo;hábitos;Añadir una ración vegetal;Añadir verdura/fruta a una comida habitual.;Aumentar vegetales progresivamente.;bajo;diario;hábitos;media;Adaptar a historia clínica declarada, medicación, analíticas, cultura, economía, preferencias, etapa vital, riesgo de TCA y competencias profesionales. Derivar si hay señales de alarma.
Educación nutricional básica;Exceso de ultraprocesados;Consumo frecuente de productos de alta densidad energética, sal, azúcar o grasas de baja calidad.;general;educativa;medio;"NUT2_SRC001;NUT2_SRC011";Aumento de fibra;Incluir legumbres, frutas, verduras, integrales, semillas y frutos secos según tolerancia.;bajo;hábitos;Legumbre semanal;Planificar al menos una comida con legumbres.;Aumentar fibra y calidad de dieta.;bajo;semanal;hábitos;media;Adaptar a historia clínica declarada, medicación, analíticas, cultura, economía, preferencias, etapa vital, riesgo de TCA y competencias profesionales. Derivar si hay señales de alarma.
Educación nutricional básica;Exceso de ultraprocesados;Consumo frecuente de productos de alta densidad energética, sal, azúcar o grasas de baja calidad.;general;educativa;medio;"NUT2_SRC001;NUT2_SRC011";Aumento de fibra;Incluir legumbres, frutas, verduras, integrales, semillas y frutos secos según tolerancia.;bajo;hábitos;Preparar plato de legumbre completo;Crear plato con legumbre, verdura y proteína complementaria si procede.;Mejorar fibra y saciedad.;bajo;semanal;hábitos;media;Adaptar a historia clínica declarada, medicación, analíticas, cultura, economía, preferencias, etapa vital, riesgo de TCA y competencias profesionales. Derivar si hay señales de alarma.
Educación nutricional básica;Exceso de ultraprocesados;Consumo frecuente de productos de alta densidad energética, sal, azúcar o grasas de baja calidad.;general;educativa;medio;"NUT2_SRC001;NUT2_SRC011";Reducción de ultraprocesados;Sustituir gradualmente productos poco saciantes por alternativas más nutritivas.;bajo;hábitos;Cambio de ultraprocesado frecuente;Sustituir un producto habitual por alternativa más saciante/nutritiva.;Reducir ultraprocesados sin rigidez.;bajo;semanal;hábitos;media;Adaptar a historia clínica declarada, medicación, analíticas, cultura, economía, preferencias, etapa vital, riesgo de TCA y competencias profesionales. Derivar si hay señales de alarma.
Educación nutricional básica;Exceso de ultraprocesados;Consumo frecuente de productos de alta densidad energética, sal, azúcar o grasas de baja calidad.;general;educativa;medio;"NUT2_SRC001;NUT2_SRC011";Seguimiento de adherencia;Medir cumplimiento de hábitos, barreras y ajustes sin culpabilizar.;bajo;seguimiento;Seguimiento de adherencia semanal;Marcar hábitos cumplidos, barreras y ajustes.;Ajustar sin culpabilizar.;bajo;semanal;seguimiento;media;Adaptar a historia clínica declarada, medicación, analíticas, cultura, economía, preferencias, etapa vital, riesgo de TCA y competencias profesionales. Derivar si hay señales de alarma.
Educación nutricional básica;Exceso de ultraprocesados;Consumo frecuente de productos de alta densidad energética, sal, azúcar o grasas de baja calidad.;general;educativa;medio;"NUT2_SRC001;NUT2_SRC011";Seguimiento de adherencia;Medir cumplimiento de hábitos, barreras y ajustes sin culpabilizar.;bajo;seguimiento;Diario de energía y sueño;Registrar energía, sueño, hambre y rendimiento.;Relacionar recuperación y alimentación.;bajo;7 días;seguimiento;media;Adaptar a historia clínica declarada, medicación, analíticas, cultura, economía, preferencias, etapa vital, riesgo de TCA y competencias profesionales. Derivar si hay señales de alarma.
Educación nutricional básica;Exceso de ultraprocesados;Consumo frecuente de productos de alta densidad energética, sal, azúcar o grasas de baja calidad.;general;educativa;medio;"NUT2_SRC001;NUT2_SRC011";Educación sobre expectativas realistas;Explicar ritmos, fluctuaciones, retención, ciclo, estrés y margen de error.;bajo;educativa;Expectativas realistas de progreso;Escribir ritmo esperado, fluctuaciones y métricas de éxito no solo peso.;Reducir frustración.;bajo;mensual;educativa;media;Adaptar a historia clínica declarada, medicación, analíticas, cultura, economía, preferencias, etapa vital, riesgo de TCA y competencias profesionales. Derivar si hay señales de alarma.
Educación nutricional básica;Desconocimiento de raciones;Dificultad para estimar cantidades adecuadas sin pesar todo.;general;educativa;bajo;"NUT2_SRC004;NUT2_SRC010";Entrevista nutricional inicial;Recoger motivo, historia, horarios, gustos, salud, medicación, restricciones, objetivos y señales de derivación.;bajo;evaluación;Registro alimentario de 3 días;Registrar comidas, horarios, hambre, contexto y sensaciones sin cambiar nada inicialmente.;Conocer patrón real.;bajo;3 días;evaluación;media;Adaptar a historia clínica declarada, medicación, analíticas, cultura, economía, preferencias, etapa vital, riesgo de TCA y competencias profesionales. Derivar si hay señales de alarma.
Educación nutricional básica;Desconocimiento de raciones;Dificultad para estimar cantidades adecuadas sin pesar todo.;general;educativa;bajo;"NUT2_SRC004;NUT2_SRC010";Objetivos SMART nutricionales;Convertir metas genéricas en objetivos concretos, medibles y revisables.;bajo;planificación;Objetivo SMART nutricional;Definir una meta concreta, medible y revisable para la semana.;Aumentar claridad y adherencia.;bajo;10 min semanal;planificación;media;Adaptar a historia clínica declarada, medicación, analíticas, cultura, economía, preferencias, etapa vital, riesgo de TCA y competencias profesionales. Derivar si hay señales de alarma.
Educación nutricional básica;Desconocimiento de raciones;Dificultad para estimar cantidades adecuadas sin pesar todo.;general;educativa;bajo;"NUT2_SRC004;NUT2_SRC010";Objetivos SMART nutricionales;Convertir metas genéricas en objetivos concretos, medibles y revisables.;bajo;planificación;Plan de autonomía alimentaria;Elegir 2 habilidades: comprar, cocinar, elegir fuera o preparar snack.;Aumentar independencia.;bajo;semanal;educativa;media;Adaptar a historia clínica declarada, medicación, analíticas, cultura, economía, preferencias, etapa vital, riesgo de TCA y competencias profesionales. Derivar si hay señales de alarma.
Educación nutricional básica;Desconocimiento de raciones;Dificultad para estimar cantidades adecuadas sin pesar todo.;general;educativa;bajo;"NUT2_SRC004;NUT2_SRC010";Educación del plato saludable;Usar proporciones visuales de verduras, proteína, carbohidratos, grasas y agua.;bajo;educativa;Construir plato saludable;Preparar una comida con verdura/proteína/hidrato/grasa saludable según objetivo.;Mejorar composición de comidas.;bajo;diario;educativa;media;Adaptar a historia clínica declarada, medicación, analíticas, cultura, economía, preferencias, etapa vital, riesgo de TCA y competencias profesionales. Derivar si hay señales de alarma.
Educación nutricional básica;Desconocimiento de raciones;Dificultad para estimar cantidades adecuadas sin pesar todo.;general;educativa;bajo;"NUT2_SRC004;NUT2_SRC010";Educación del plato saludable;Usar proporciones visuales de verduras, proteína, carbohidratos, grasas y agua.;bajo;educativa;Revisión de cena habitual;Mejorar una cena frecuente con proteína, fibra y saciedad.;Optimizar comida clave.;bajo;semanal;educativa;media;Adaptar a historia clínica declarada, medicación, analíticas, cultura, economía, preferencias, etapa vital, riesgo de TCA y competencias profesionales. Derivar si hay señales de alarma.
Educación nutricional básica;Desconocimiento de raciones;Dificultad para estimar cantidades adecuadas sin pesar todo.;general;educativa;bajo;"NUT2_SRC004;NUT2_SRC010";Lectura de etiquetas;Interpretar ración, energía, proteína, fibra, azúcar, sal, grasas e ingredientes.;bajo;educativa;Revisar etiqueta de 3 productos;Comparar ración, azúcar, sal, fibra, proteína e ingredientes.;Aprender lectura de etiquetas.;bajo;semanal;educativa;media;Adaptar a historia clínica declarada, medicación, analíticas, cultura, economía, preferencias, etapa vital, riesgo de TCA y competencias profesionales. Derivar si hay señales de alarma.
Educación nutricional básica;Desconocimiento de raciones;Dificultad para estimar cantidades adecuadas sin pesar todo.;general;educativa;bajo;"NUT2_SRC004;NUT2_SRC010";Lectura de etiquetas;Interpretar ración, energía, proteína, fibra, azúcar, sal, grasas e ingredientes.;bajo;educativa;Checklist de platos preparados;Comparar platos preparados por proteína, fibra, sal y calorías.;Elegir mejor cuando no se cocina.;bajo;semanal;educativa;media;Adaptar a historia clínica declarada, medicación, analíticas, cultura, economía, preferencias, etapa vital, riesgo de TCA y competencias profesionales. Derivar si hay señales de alarma.
Educación nutricional básica;Desconocimiento de raciones;Dificultad para estimar cantidades adecuadas sin pesar todo.;general;educativa;bajo;"NUT2_SRC004;NUT2_SRC010";Estimación de raciones con método visual;Usar mano, plato, tazas o referencias visuales para cantidades.;bajo;educativa;Método de la mano;Usar palma/puño/pulgar como referencia visual de proteína, hidratos y grasas.;Estimar raciones sin obsesión.;bajo;diario;educativa;media;Adaptar a historia clínica declarada, medicación, analíticas, cultura, economía, preferencias, etapa vital, riesgo de TCA y competencias profesionales. Derivar si hay señales de alarma.
Educación nutricional básica;Desconocimiento de raciones;Dificultad para estimar cantidades adecuadas sin pesar todo.;general;educativa;bajo;"NUT2_SRC004;NUT2_SRC010";Aumento de frutas y verduras;Introducir variedad vegetal de forma gradual y práctica.;bajo;hábitos;Añadir una ración vegetal;Añadir verdura/fruta a una comida habitual.;Aumentar vegetales progresivamente.;bajo;diario;hábitos;media;Adaptar a historia clínica declarada, medicación, analíticas, cultura, economía, preferencias, etapa vital, riesgo de TCA y competencias profesionales. Derivar si hay señales de alarma.
Educación nutricional básica;Desconocimiento de raciones;Dificultad para estimar cantidades adecuadas sin pesar todo.;general;educativa;bajo;"NUT2_SRC004;NUT2_SRC010";Aumento de fibra;Incluir legumbres, frutas, verduras, integrales, semillas y frutos secos según tolerancia.;bajo;hábitos;Legumbre semanal;Planificar al menos una comida con legumbres.;Aumentar fibra y calidad de dieta.;bajo;semanal;hábitos;media;Adaptar a historia clínica declarada, medicación, analíticas, cultura, economía, preferencias, etapa vital, riesgo de TCA y competencias profesionales. Derivar si hay señales de alarma.
Educación nutricional básica;Desconocimiento de raciones;Dificultad para estimar cantidades adecuadas sin pesar todo.;general;educativa;bajo;"NUT2_SRC004;NUT2_SRC010";Aumento de fibra;Incluir legumbres, frutas, verduras, integrales, semillas y frutos secos según tolerancia.;bajo;hábitos;Preparar plato de legumbre completo;Crear plato con legumbre, verdura y proteína complementaria si procede.;Mejorar fibra y saciedad.;bajo;semanal;hábitos;media;Adaptar a historia clínica declarada, medicación, analíticas, cultura, economía, preferencias, etapa vital, riesgo de TCA y competencias profesionales. Derivar si hay señales de alarma.
Educación nutricional básica;Desconocimiento de raciones;Dificultad para estimar cantidades adecuadas sin pesar todo.;general;educativa;bajo;"NUT2_SRC004;NUT2_SRC010";Reducción de ultraprocesados;Sustituir gradualmente productos poco saciantes por alternativas más nutritivas.;bajo;hábitos;Cambio de ultraprocesado frecuente;Sustituir un producto habitual por alternativa más saciante/nutritiva.;Reducir ultraprocesados sin rigidez.;bajo;semanal;hábitos;media;Adaptar a historia clínica declarada, medicación, analíticas, cultura, economía, preferencias, etapa vital, riesgo de TCA y competencias profesionales. Derivar si hay señales de alarma.
Educación nutricional básica;Desconocimiento de raciones;Dificultad para estimar cantidades adecuadas sin pesar todo.;general;educativa;bajo;"NUT2_SRC004;NUT2_SRC010";Seguimiento de adherencia;Medir cumplimiento de hábitos, barreras y ajustes sin culpabilizar.;bajo;seguimiento;Seguimiento de adherencia semanal;Marcar hábitos cumplidos, barreras y ajustes.;Ajustar sin culpabilizar.;bajo;semanal;seguimiento;media;Adaptar a historia clínica declarada, medicación, analíticas, cultura, economía, preferencias, etapa vital, riesgo de TCA y competencias profesionales. Derivar si hay señales de alarma.
Educación nutricional básica;Desconocimiento de raciones;Dificultad para estimar cantidades adecuadas sin pesar todo.;general;educativa;bajo;"NUT2_SRC004;NUT2_SRC010";Seguimiento de adherencia;Medir cumplimiento de hábitos, barreras y ajustes sin culpabilizar.;bajo;seguimiento;Diario de energía y sueño;Registrar energía, sueño, hambre y rendimiento.;Relacionar recuperación y alimentación.;bajo;7 días;seguimiento;media;Adaptar a historia clínica declarada, medicación, analíticas, cultura, economía, preferencias, etapa vital, riesgo de TCA y competencias profesionales. Derivar si hay señales de alarma.
Educación nutricional básica;Desconocimiento de raciones;Dificultad para estimar cantidades adecuadas sin pesar todo.;general;educativa;bajo;"NUT2_SRC004;NUT2_SRC010";Educación sobre expectativas realistas;Explicar ritmos, fluctuaciones, retención, ciclo, estrés y margen de error.;bajo;educativa;Expectativas realistas de progreso;Escribir ritmo esperado, fluctuaciones y métricas de éxito no solo peso.;Reducir frustración.;bajo;mensual;educativa;media;Adaptar a historia clínica declarada, medicación, analíticas, cultura, economía, preferencias, etapa vital, riesgo de TCA y competencias profesionales. Derivar si hay señales de alarma.
Educación nutricional básica;Lectura de etiquetas insuficiente;Dificultad para interpretar calorías, raciones, azúcar, fibra, sal o ingredientes.;general;educativa;bajo;"NUT2_SRC004;NUT2_SRC011";Entrevista nutricional inicial;Recoger motivo, historia, horarios, gustos, salud, medicación, restricciones, objetivos y señales de derivación.;bajo;evaluación;Registro alimentario de 3 días;Registrar comidas, horarios, hambre, contexto y sensaciones sin cambiar nada inicialmente.;Conocer patrón real.;bajo;3 días;evaluación;media;Adaptar a historia clínica declarada, medicación, analíticas, cultura, economía, preferencias, etapa vital, riesgo de TCA y competencias profesionales. Derivar si hay señales de alarma.
Educación nutricional básica;Lectura de etiquetas insuficiente;Dificultad para interpretar calorías, raciones, azúcar, fibra, sal o ingredientes.;general;educativa;bajo;"NUT2_SRC004;NUT2_SRC011";Objetivos SMART nutricionales;Convertir metas genéricas en objetivos concretos, medibles y revisables.;bajo;planificación;Objetivo SMART nutricional;Definir una meta concreta, medible y revisable para la semana.;Aumentar claridad y adherencia.;bajo;10 min semanal;planificación;media;Adaptar a historia clínica declarada, medicación, analíticas, cultura, economía, preferencias, etapa vital, riesgo de TCA y competencias profesionales. Derivar si hay señales de alarma.
Educación nutricional básica;Lectura de etiquetas insuficiente;Dificultad para interpretar calorías, raciones, azúcar, fibra, sal o ingredientes.;general;educativa;bajo;"NUT2_SRC004;NUT2_SRC011";Objetivos SMART nutricionales;Convertir metas genéricas en objetivos concretos, medibles y revisables.;bajo;planificación;Plan de autonomía alimentaria;Elegir 2 habilidades: comprar, cocinar, elegir fuera o preparar snack.;Aumentar independencia.;bajo;semanal;educativa;media;Adaptar a historia clínica declarada, medicación, analíticas, cultura, economía, preferencias, etapa vital, riesgo de TCA y competencias profesionales. Derivar si hay señales de alarma.
Educación nutricional básica;Lectura de etiquetas insuficiente;Dificultad para interpretar calorías, raciones, azúcar, fibra, sal o ingredientes.;general;educativa;bajo;"NUT2_SRC004;NUT2_SRC011";Educación del plato saludable;Usar proporciones visuales de verduras, proteína, carbohidratos, grasas y agua.;bajo;educativa;Construir plato saludable;Preparar una comida con verdura/proteína/hidrato/grasa saludable según objetivo.;Mejorar composición de comidas.;bajo;diario;educativa;media;Adaptar a historia clínica declarada, medicación, analíticas, cultura, economía, preferencias, etapa vital, riesgo de TCA y competencias profesionales. Derivar si hay señales de alarma.
Educación nutricional básica;Lectura de etiquetas insuficiente;Dificultad para interpretar calorías, raciones, azúcar, fibra, sal o ingredientes.;general;educativa;bajo;"NUT2_SRC004;NUT2_SRC011";Educación del plato saludable;Usar proporciones visuales de verduras, proteína, carbohidratos, grasas y agua.;bajo;educativa;Revisión de cena habitual;Mejorar una cena frecuente con proteína, fibra y saciedad.;Optimizar comida clave.;bajo;semanal;educativa;media;Adaptar a historia clínica declarada, medicación, analíticas, cultura, economía, preferencias, etapa vital, riesgo de TCA y competencias profesionales. Derivar si hay señales de alarma.
Educación nutricional básica;Lectura de etiquetas insuficiente;Dificultad para interpretar calorías, raciones, azúcar, fibra, sal o ingredientes.;general;educativa;bajo;"NUT2_SRC004;NUT2_SRC011";Lectura de etiquetas;Interpretar ración, energía, proteína, fibra, azúcar, sal, grasas e ingredientes.;bajo;educativa;Revisar etiqueta de 3 productos;Comparar ración, azúcar, sal, fibra, proteína e ingredientes.;Aprender lectura de etiquetas.;bajo;semanal;educativa;media;Adaptar a historia clínica declarada, medicación, analíticas, cultura, economía, preferencias, etapa vital, riesgo de TCA y competencias profesionales. Derivar si hay señales de alarma.
Educación nutricional básica;Lectura de etiquetas insuficiente;Dificultad para interpretar calorías, raciones, azúcar, fibra, sal o ingredientes.;general;educativa;bajo;"NUT2_SRC004;NUT2_SRC011";Lectura de etiquetas;Interpretar ración, energía, proteína, fibra, azúcar, sal, grasas e ingredientes.;bajo;educativa;Checklist de platos preparados;Comparar platos preparados por proteína, fibra, sal y calorías.;Elegir mejor cuando no se cocina.;bajo;semanal;educativa;media;Adaptar a historia clínica declarada, medicación, analíticas, cultura, economía, preferencias, etapa vital, riesgo de TCA y competencias profesionales. Derivar si hay señales de alarma.
Educación nutricional básica;Lectura de etiquetas insuficiente;Dificultad para interpretar calorías, raciones, azúcar, fibra, sal o ingredientes.;general;educativa;bajo;"NUT2_SRC004;NUT2_SRC011";Estimación de raciones con método visual;Usar mano, plato, tazas o referencias visuales para cantidades.;bajo;educativa;Método de la mano;Usar palma/puño/pulgar como referencia visual de proteína, hidratos y grasas.;Estimar raciones sin obsesión.;bajo;diario;educativa;media;Adaptar a historia clínica declarada, medicación, analíticas, cultura, economía, preferencias, etapa vital, riesgo de TCA y competencias profesionales. Derivar si hay señales de alarma.
Educación nutricional básica;Lectura de etiquetas insuficiente;Dificultad para interpretar calorías, raciones, azúcar, fibra, sal o ingredientes.;general;educativa;bajo;"NUT2_SRC004;NUT2_SRC011";Aumento de frutas y verduras;Introducir variedad vegetal de forma gradual y práctica.;bajo;hábitos;Añadir una ración vegetal;Añadir verdura/fruta a una comida habitual.;Aumentar vegetales progresivamente.;bajo;diario;hábitos;media;Adaptar a historia clínica declarada, medicación, analíticas, cultura, economía, preferencias, etapa vital, riesgo de TCA y competencias profesionales. Derivar si hay señales de alarma.
Educación nutricional básica;Lectura de etiquetas insuficiente;Dificultad para interpretar calorías, raciones, azúcar, fibra, sal o ingredientes.;general;educativa;bajo;"NUT2_SRC004;NUT2_SRC011";Aumento de fibra;Incluir legumbres, frutas, verduras, integrales, semillas y frutos secos según tolerancia.;bajo;hábitos;Legumbre semanal;Planificar al menos una comida con legumbres.;Aumentar fibra y calidad de dieta.;bajo;semanal;hábitos;media;Adaptar a historia clínica declarada, medicación, analíticas, cultura, economía, preferencias, etapa vital, riesgo de TCA y competencias profesionales. Derivar si hay señales de alarma.
Educación nutricional básica;Lectura de etiquetas insuficiente;Dificultad para interpretar calorías, raciones, azúcar, fibra, sal o ingredientes.;general;educativa;bajo;"NUT2_SRC004;NUT2_SRC011";Aumento de fibra;Incluir legumbres, frutas, verduras, integrales, semillas y frutos secos según tolerancia.;bajo;hábitos;Preparar plato de legumbre completo;Crear plato con legumbre, verdura y proteína complementaria si procede.;Mejorar fibra y saciedad.;bajo;semanal;hábitos;media;Adaptar a historia clínica declarada, medicación, analíticas, cultura, economía, preferencias, etapa vital, riesgo de TCA y competencias profesionales. Derivar si hay señales de alarma.
Educación nutricional básica;Lectura de etiquetas insuficiente;Dificultad para interpretar calorías, raciones, azúcar, fibra, sal o ingredientes.;general;educativa;bajo;"NUT2_SRC004;NUT2_SRC011";Reducción de ultraprocesados;Sustituir gradualmente productos poco saciantes por alternativas más nutritivas.;bajo;hábitos;Cambio de ultraprocesado frecuente;Sustituir un producto habitual por alternativa más saciante/nutritiva.;Reducir ultraprocesados sin rigidez.;bajo;semanal;hábitos;media;Adaptar a historia clínica declarada, medicación, analíticas, cultura, economía, preferencias, etapa vital, riesgo de TCA y competencias profesionales. Derivar si hay señales de alarma.
Educación nutricional básica;Lectura de etiquetas insuficiente;Dificultad para interpretar calorías, raciones, azúcar, fibra, sal o ingredientes.;general;educativa;bajo;"NUT2_SRC004;NUT2_SRC011";Seguimiento de adherencia;Medir cumplimiento de hábitos, barreras y ajustes sin culpabilizar.;bajo;seguimiento;Seguimiento de adherencia semanal;Marcar hábitos cumplidos, barreras y ajustes.;Ajustar sin culpabilizar.;bajo;semanal;seguimiento;media;Adaptar a historia clínica declarada, medicación, analíticas, cultura, economía, preferencias, etapa vital, riesgo de TCA y competencias profesionales. Derivar si hay señales de alarma.
Educación nutricional básica;Lectura de etiquetas insuficiente;Dificultad para interpretar calorías, raciones, azúcar, fibra, sal o ingredientes.;general;educativa;bajo;"NUT2_SRC004;NUT2_SRC011";Seguimiento de adherencia;Medir cumplimiento de hábitos, barreras y ajustes sin culpabilizar.;bajo;seguimiento;Diario de energía y sueño;Registrar energía, sueño, hambre y rendimiento.;Relacionar recuperación y alimentación.;bajo;7 días;seguimiento;media;Adaptar a historia clínica declarada, medicación, analíticas, cultura, economía, preferencias, etapa vital, riesgo de TCA y competencias profesionales. Derivar si hay señales de alarma.
Educación nutricional básica;Lectura de etiquetas insuficiente;Dificultad para interpretar calorías, raciones, azúcar, fibra, sal o ingredientes.;general;educativa;bajo;"NUT2_SRC004;NUT2_SRC011";Educación sobre expectativas realistas;Explicar ritmos, fluctuaciones, retención, ciclo, estrés y margen de error.;bajo;educativa;Expectativas realistas de progreso;Escribir ritmo esperado, fluctuaciones y métricas de éxito no solo peso.;Reducir frustración.;bajo;mensual;educativa;media;Adaptar a historia clínica declarada, medicación, analíticas, cultura, economía, preferencias, etapa vital, riesgo de TCA y competencias profesionales. Derivar si hay señales de alarma.
Educación nutricional básica;Desayunos o cenas desequilibradas;Comidas repetitivas con baja proteína/fibra o exceso de opciones poco saciantes.;general;educativa;bajo;"NUT2_SRC010;NUT2_SRC014";Entrevista nutricional inicial;Recoger motivo, historia, horarios, gustos, salud, medicación, restricciones, objetivos y señales de derivación.;bajo;evaluación;Registro alimentario de 3 días;Registrar comidas, horarios, hambre, contexto y sensaciones sin cambiar nada inicialmente.;Conocer patrón real.;bajo;3 días;evaluación;media;Adaptar a historia clínica declarada, medicación, analíticas, cultura, economía, preferencias, etapa vital, riesgo de TCA y competencias profesionales. Derivar si hay señales de alarma.
Educación nutricional básica;Desayunos o cenas desequilibradas;Comidas repetitivas con baja proteína/fibra o exceso de opciones poco saciantes.;general;educativa;bajo;"NUT2_SRC010;NUT2_SRC014";Objetivos SMART nutricionales;Convertir metas genéricas en objetivos concretos, medibles y revisables.;bajo;planificación;Objetivo SMART nutricional;Definir una meta concreta, medible y revisable para la semana.;Aumentar claridad y adherencia.;bajo;10 min semanal;planificación;media;Adaptar a historia clínica declarada, medicación, analíticas, cultura, economía, preferencias, etapa vital, riesgo de TCA y competencias profesionales. Derivar si hay señales de alarma.
Educación nutricional básica;Desayunos o cenas desequilibradas;Comidas repetitivas con baja proteína/fibra o exceso de opciones poco saciantes.;general;educativa;bajo;"NUT2_SRC010;NUT2_SRC014";Objetivos SMART nutricionales;Convertir metas genéricas en objetivos concretos, medibles y revisables.;bajo;planificación;Plan de autonomía alimentaria;Elegir 2 habilidades: comprar, cocinar, elegir fuera o preparar snack.;Aumentar independencia.;bajo;semanal;educativa;media;Adaptar a historia clínica declarada, medicación, analíticas, cultura, economía, preferencias, etapa vital, riesgo de TCA y competencias profesionales. Derivar si hay señales de alarma.
Educación nutricional básica;Desayunos o cenas desequilibradas;Comidas repetitivas con baja proteína/fibra o exceso de opciones poco saciantes.;general;educativa;bajo;"NUT2_SRC010;NUT2_SRC014";Educación del plato saludable;Usar proporciones visuales de verduras, proteína, carbohidratos, grasas y agua.;bajo;educativa;Construir plato saludable;Preparar una comida con verdura/proteína/hidrato/grasa saludable según objetivo.;Mejorar composición de comidas.;bajo;diario;educativa;media;Adaptar a historia clínica declarada, medicación, analíticas, cultura, economía, preferencias, etapa vital, riesgo de TCA y competencias profesionales. Derivar si hay señales de alarma.
Educación nutricional básica;Desayunos o cenas desequilibradas;Comidas repetitivas con baja proteína/fibra o exceso de opciones poco saciantes.;general;educativa;bajo;"NUT2_SRC010;NUT2_SRC014";Educación del plato saludable;Usar proporciones visuales de verduras, proteína, carbohidratos, grasas y agua.;bajo;educativa;Revisión de cena habitual;Mejorar una cena frecuente con proteína, fibra y saciedad.;Optimizar comida clave.;bajo;semanal;educativa;media;Adaptar a historia clínica declarada, medicación, analíticas, cultura, economía, preferencias, etapa vital, riesgo de TCA y competencias profesionales. Derivar si hay señales de alarma.
Educación nutricional básica;Desayunos o cenas desequilibradas;Comidas repetitivas con baja proteína/fibra o exceso de opciones poco saciantes.;general;educativa;bajo;"NUT2_SRC010;NUT2_SRC014";Lectura de etiquetas;Interpretar ración, energía, proteína, fibra, azúcar, sal, grasas e ingredientes.;bajo;educativa;Revisar etiqueta de 3 productos;Comparar ración, azúcar, sal, fibra, proteína e ingredientes.;Aprender lectura de etiquetas.;bajo;semanal;educativa;media;Adaptar a historia clínica declarada, medicación, analíticas, cultura, economía, preferencias, etapa vital, riesgo de TCA y competencias profesionales. Derivar si hay señales de alarma.
Educación nutricional básica;Desayunos o cenas desequilibradas;Comidas repetitivas con baja proteína/fibra o exceso de opciones poco saciantes.;general;educativa;bajo;"NUT2_SRC010;NUT2_SRC014";Lectura de etiquetas;Interpretar ración, energía, proteína, fibra, azúcar, sal, grasas e ingredientes.;bajo;educativa;Checklist de platos preparados;Comparar platos preparados por proteína, fibra, sal y calorías.;Elegir mejor cuando no se cocina.;bajo;semanal;educativa;media;Adaptar a historia clínica declarada, medicación, analíticas, cultura, economía, preferencias, etapa vital, riesgo de TCA y competencias profesionales. Derivar si hay señales de alarma.
Educación nutricional básica;Desayunos o cenas desequilibradas;Comidas repetitivas con baja proteína/fibra o exceso de opciones poco saciantes.;general;educativa;bajo;"NUT2_SRC010;NUT2_SRC014";Estimación de raciones con método visual;Usar mano, plato, tazas o referencias visuales para cantidades.;bajo;educativa;Método de la mano;Usar palma/puño/pulgar como referencia visual de proteína, hidratos y grasas.;Estimar raciones sin obsesión.;bajo;diario;educativa;media;Adaptar a historia clínica declarada, medicación, analíticas, cultura, economía, preferencias, etapa vital, riesgo de TCA y competencias profesionales. Derivar si hay señales de alarma.
Educación nutricional básica;Desayunos o cenas desequilibradas;Comidas repetitivas con baja proteína/fibra o exceso de opciones poco saciantes.;general;educativa;bajo;"NUT2_SRC010;NUT2_SRC014";Aumento de frutas y verduras;Introducir variedad vegetal de forma gradual y práctica.;bajo;hábitos;Añadir una ración vegetal;Añadir verdura/fruta a una comida habitual.;Aumentar vegetales progresivamente.;bajo;diario;hábitos;media;Adaptar a historia clínica declarada, medicación, analíticas, cultura, economía, preferencias, etapa vital, riesgo de TCA y competencias profesionales. Derivar si hay señales de alarma.
Educación nutricional básica;Desayunos o cenas desequilibradas;Comidas repetitivas con baja proteína/fibra o exceso de opciones poco saciantes.;general;educativa;bajo;"NUT2_SRC010;NUT2_SRC014";Aumento de fibra;Incluir legumbres, frutas, verduras, integrales, semillas y frutos secos según tolerancia.;bajo;hábitos;Legumbre semanal;Planificar al menos una comida con legumbres.;Aumentar fibra y calidad de dieta.;bajo;semanal;hábitos;media;Adaptar a historia clínica declarada, medicación, analíticas, cultura, economía, preferencias, etapa vital, riesgo de TCA y competencias profesionales. Derivar si hay señales de alarma.
Educación nutricional básica;Desayunos o cenas desequilibradas;Comidas repetitivas con baja proteína/fibra o exceso de opciones poco saciantes.;general;educativa;bajo;"NUT2_SRC010;NUT2_SRC014";Aumento de fibra;Incluir legumbres, frutas, verduras, integrales, semillas y frutos secos según tolerancia.;bajo;hábitos;Preparar plato de legumbre completo;Crear plato con legumbre, verdura y proteína complementaria si procede.;Mejorar fibra y saciedad.;bajo;semanal;hábitos;media;Adaptar a historia clínica declarada, medicación, analíticas, cultura, economía, preferencias, etapa vital, riesgo de TCA y competencias profesionales. Derivar si hay señales de alarma.
Educación nutricional básica;Desayunos o cenas desequilibradas;Comidas repetitivas con baja proteína/fibra o exceso de opciones poco saciantes.;general;educativa;bajo;"NUT2_SRC010;NUT2_SRC014";Reducción de ultraprocesados;Sustituir gradualmente productos poco saciantes por alternativas más nutritivas.;bajo;hábitos;Cambio de ultraprocesado frecuente;Sustituir un producto habitual por alternativa más saciante/nutritiva.;Reducir ultraprocesados sin rigidez.;bajo;semanal;hábitos;media;Adaptar a historia clínica declarada, medicación, analíticas, cultura, economía, preferencias, etapa vital, riesgo de TCA y competencias profesionales. Derivar si hay señales de alarma.
Educación nutricional básica;Desayunos o cenas desequilibradas;Comidas repetitivas con baja proteína/fibra o exceso de opciones poco saciantes.;general;educativa;bajo;"NUT2_SRC010;NUT2_SRC014";Seguimiento de adherencia;Medir cumplimiento de hábitos, barreras y ajustes sin culpabilizar.;bajo;seguimiento;Seguimiento de adherencia semanal;Marcar hábitos cumplidos, barreras y ajustes.;Ajustar sin culpabilizar.;bajo;semanal;seguimiento;media;Adaptar a historia clínica declarada, medicación, analíticas, cultura, economía, preferencias, etapa vital, riesgo de TCA y competencias profesionales. Derivar si hay señales de alarma.
Educación nutricional básica;Desayunos o cenas desequilibradas;Comidas repetitivas con baja proteína/fibra o exceso de opciones poco saciantes.;general;educativa;bajo;"NUT2_SRC010;NUT2_SRC014";Seguimiento de adherencia;Medir cumplimiento de hábitos, barreras y ajustes sin culpabilizar.;bajo;seguimiento;Diario de energía y sueño;Registrar energía, sueño, hambre y rendimiento.;Relacionar recuperación y alimentación.;bajo;7 días;seguimiento;media;Adaptar a historia clínica declarada, medicación, analíticas, cultura, economía, preferencias, etapa vital, riesgo de TCA y competencias profesionales. Derivar si hay señales de alarma.
Educación nutricional básica;Desayunos o cenas desequilibradas;Comidas repetitivas con baja proteína/fibra o exceso de opciones poco saciantes.;general;educativa;bajo;"NUT2_SRC010;NUT2_SRC014";Educación sobre expectativas realistas;Explicar ritmos, fluctuaciones, retención, ciclo, estrés y margen de error.;bajo;educativa;Expectativas realistas de progreso;Escribir ritmo esperado, fluctuaciones y métricas de éxito no solo peso.;Reducir frustración.;bajo;mensual;educativa;media;Adaptar a historia clínica declarada, medicación, analíticas, cultura, economía, preferencias, etapa vital, riesgo de TCA y competencias profesionales. Derivar si hay señales de alarma.
Educación nutricional básica;Picoteo poco planificado;Ingestas entre comidas por disponibilidad, hambre, aburrimiento o hábito.;general;hábitos;bajo;"NUT2_SRC010;NUT2_SRC012";Entrevista nutricional inicial;Recoger motivo, historia, horarios, gustos, salud, medicación, restricciones, objetivos y señales de derivación.;bajo;evaluación;Registro alimentario de 3 días;Registrar comidas, horarios, hambre, contexto y sensaciones sin cambiar nada inicialmente.;Conocer patrón real.;bajo;3 días;evaluación;media;Adaptar a historia clínica declarada, medicación, analíticas, cultura, economía, preferencias, etapa vital, riesgo de TCA y competencias profesionales. Derivar si hay señales de alarma.
Educación nutricional básica;Picoteo poco planificado;Ingestas entre comidas por disponibilidad, hambre, aburrimiento o hábito.;general;hábitos;bajo;"NUT2_SRC010;NUT2_SRC012";Objetivos SMART nutricionales;Convertir metas genéricas en objetivos concretos, medibles y revisables.;bajo;planificación;Objetivo SMART nutricional;Definir una meta concreta, medible y revisable para la semana.;Aumentar claridad y adherencia.;bajo;10 min semanal;planificación;media;Adaptar a historia clínica declarada, medicación, analíticas, cultura, economía, preferencias, etapa vital, riesgo de TCA y competencias profesionales. Derivar si hay señales de alarma.
Educación nutricional básica;Picoteo poco planificado;Ingestas entre comidas por disponibilidad, hambre, aburrimiento o hábito.;general;hábitos;bajo;"NUT2_SRC010;NUT2_SRC012";Objetivos SMART nutricionales;Convertir metas genéricas en objetivos concretos, medibles y revisables.;bajo;planificación;Plan de autonomía alimentaria;Elegir 2 habilidades: comprar, cocinar, elegir fuera o preparar snack.;Aumentar independencia.;bajo;semanal;educativa;media;Adaptar a historia clínica declarada, medicación, analíticas, cultura, economía, preferencias, etapa vital, riesgo de TCA y competencias profesionales. Derivar si hay señales de alarma.
Educación nutricional básica;Picoteo poco planificado;Ingestas entre comidas por disponibilidad, hambre, aburrimiento o hábito.;general;hábitos;bajo;"NUT2_SRC010;NUT2_SRC012";Educación del plato saludable;Usar proporciones visuales de verduras, proteína, carbohidratos, grasas y agua.;bajo;educativa;Construir plato saludable;Preparar una comida con verdura/proteína/hidrato/grasa saludable según objetivo.;Mejorar composición de comidas.;bajo;diario;educativa;media;Adaptar a historia clínica declarada, medicación, analíticas, cultura, economía, preferencias, etapa vital, riesgo de TCA y competencias profesionales. Derivar si hay señales de alarma.
Educación nutricional básica;Picoteo poco planificado;Ingestas entre comidas por disponibilidad, hambre, aburrimiento o hábito.;general;hábitos;bajo;"NUT2_SRC010;NUT2_SRC012";Educación del plato saludable;Usar proporciones visuales de verduras, proteína, carbohidratos, grasas y agua.;bajo;educativa;Revisión de cena habitual;Mejorar una cena frecuente con proteína, fibra y saciedad.;Optimizar comida clave.;bajo;semanal;educativa;media;Adaptar a historia clínica declarada, medicación, analíticas, cultura, economía, preferencias, etapa vital, riesgo de TCA y competencias profesionales. Derivar si hay señales de alarma.
Educación nutricional básica;Picoteo poco planificado;Ingestas entre comidas por disponibilidad, hambre, aburrimiento o hábito.;general;hábitos;bajo;"NUT2_SRC010;NUT2_SRC012";Lectura de etiquetas;Interpretar ración, energía, proteína, fibra, azúcar, sal, grasas e ingredientes.;bajo;educativa;Revisar etiqueta de 3 productos;Comparar ración, azúcar, sal, fibra, proteína e ingredientes.;Aprender lectura de etiquetas.;bajo;semanal;educativa;media;Adaptar a historia clínica declarada, medicación, analíticas, cultura, economía, preferencias, etapa vital, riesgo de TCA y competencias profesionales. Derivar si hay señales de alarma.
Educación nutricional básica;Picoteo poco planificado;Ingestas entre comidas por disponibilidad, hambre, aburrimiento o hábito.;general;hábitos;bajo;"NUT2_SRC010;NUT2_SRC012";Lectura de etiquetas;Interpretar ración, energía, proteína, fibra, azúcar, sal, grasas e ingredientes.;bajo;educativa;Checklist de platos preparados;Comparar platos preparados por proteína, fibra, sal y calorías.;Elegir mejor cuando no se cocina.;bajo;semanal;educativa;media;Adaptar a historia clínica declarada, medicación, analíticas, cultura, economía, preferencias, etapa vital, riesgo de TCA y competencias profesionales. Derivar si hay señales de alarma.
Educación nutricional básica;Picoteo poco planificado;Ingestas entre comidas por disponibilidad, hambre, aburrimiento o hábito.;general;hábitos;bajo;"NUT2_SRC010;NUT2_SRC012";Estimación de raciones con método visual;Usar mano, plato, tazas o referencias visuales para cantidades.;bajo;educativa;Método de la mano;Usar palma/puño/pulgar como referencia visual de proteína, hidratos y grasas.;Estimar raciones sin obsesión.;bajo;diario;educativa;media;Adaptar a historia clínica declarada, medicación, analíticas, cultura, economía, preferencias, etapa vital, riesgo de TCA y competencias profesionales. Derivar si hay señales de alarma.
Educación nutricional básica;Picoteo poco planificado;Ingestas entre comidas por disponibilidad, hambre, aburrimiento o hábito.;general;hábitos;bajo;"NUT2_SRC010;NUT2_SRC012";Aumento de frutas y verduras;Introducir variedad vegetal de forma gradual y práctica.;bajo;hábitos;Añadir una ración vegetal;Añadir verdura/fruta a una comida habitual.;Aumentar vegetales progresivamente.;bajo;diario;hábitos;media;Adaptar a historia clínica declarada, medicación, analíticas, cultura, economía, preferencias, etapa vital, riesgo de TCA y competencias profesionales. Derivar si hay señales de alarma.
Educación nutricional básica;Picoteo poco planificado;Ingestas entre comidas por disponibilidad, hambre, aburrimiento o hábito.;general;hábitos;bajo;"NUT2_SRC010;NUT2_SRC012";Aumento de fibra;Incluir legumbres, frutas, verduras, integrales, semillas y frutos secos según tolerancia.;bajo;hábitos;Legumbre semanal;Planificar al menos una comida con legumbres.;Aumentar fibra y calidad de dieta.;bajo;semanal;hábitos;media;Adaptar a historia clínica declarada, medicación, analíticas, cultura, economía, preferencias, etapa vital, riesgo de TCA y competencias profesionales. Derivar si hay señales de alarma.
Educación nutricional básica;Picoteo poco planificado;Ingestas entre comidas por disponibilidad, hambre, aburrimiento o hábito.;general;hábitos;bajo;"NUT2_SRC010;NUT2_SRC012";Aumento de fibra;Incluir legumbres, frutas, verduras, integrales, semillas y frutos secos según tolerancia.;bajo;hábitos;Preparar plato de legumbre completo;Crear plato con legumbre, verdura y proteína complementaria si procede.;Mejorar fibra y saciedad.;bajo;semanal;hábitos;media;Adaptar a historia clínica declarada, medicación, analíticas, cultura, economía, preferencias, etapa vital, riesgo de TCA y competencias profesionales. Derivar si hay señales de alarma.
Educación nutricional básica;Picoteo poco planificado;Ingestas entre comidas por disponibilidad, hambre, aburrimiento o hábito.;general;hábitos;bajo;"NUT2_SRC010;NUT2_SRC012";Reducción de ultraprocesados;Sustituir gradualmente productos poco saciantes por alternativas más nutritivas.;bajo;hábitos;Cambio de ultraprocesado frecuente;Sustituir un producto habitual por alternativa más saciante/nutritiva.;Reducir ultraprocesados sin rigidez.;bajo;semanal;hábitos;media;Adaptar a historia clínica declarada, medicación, analíticas, cultura, economía, preferencias, etapa vital, riesgo de TCA y competencias profesionales. Derivar si hay señales de alarma.
Educación nutricional básica;Picoteo poco planificado;Ingestas entre comidas por disponibilidad, hambre, aburrimiento o hábito.;general;hábitos;bajo;"NUT2_SRC010;NUT2_SRC012";Seguimiento de adherencia;Medir cumplimiento de hábitos, barreras y ajustes sin culpabilizar.;bajo;seguimiento;Seguimiento de adherencia semanal;Marcar hábitos cumplidos, barreras y ajustes.;Ajustar sin culpabilizar.;bajo;semanal;seguimiento;media;Adaptar a historia clínica declarada, medicación, analíticas, cultura, economía, preferencias, etapa vital, riesgo de TCA y competencias profesionales. Derivar si hay señales de alarma.
Educación nutricional básica;Picoteo poco planificado;Ingestas entre comidas por disponibilidad, hambre, aburrimiento o hábito.;general;hábitos;bajo;"NUT2_SRC010;NUT2_SRC012";Seguimiento de adherencia;Medir cumplimiento de hábitos, barreras y ajustes sin culpabilizar.;bajo;seguimiento;Diario de energía y sueño;Registrar energía, sueño, hambre y rendimiento.;Relacionar recuperación y alimentación.;bajo;7 días;seguimiento;media;Adaptar a historia clínica declarada, medicación, analíticas, cultura, economía, preferencias, etapa vital, riesgo de TCA y competencias profesionales. Derivar si hay señales de alarma.
Educación nutricional básica;Picoteo poco planificado;Ingestas entre comidas por disponibilidad, hambre, aburrimiento o hábito.;general;hábitos;bajo;"NUT2_SRC010;NUT2_SRC012";Educación sobre expectativas realistas;Explicar ritmos, fluctuaciones, retención, ciclo, estrés y margen de error.;bajo;educativa;Expectativas realistas de progreso;Escribir ritmo esperado, fluctuaciones y métricas de éxito no solo peso.;Reducir frustración.;bajo;mensual;educativa;media;Adaptar a historia clínica declarada, medicación, analíticas, cultura, economía, preferencias, etapa vital, riesgo de TCA y competencias profesionales. Derivar si hay señales de alarma.
Pérdida de grasa y control de peso;Pérdida de grasa corporal;Objetivo de reducir grasa preservando salud, músculo y adherencia.;adultos;control_peso;medio;"NUT2_SRC003;NUT2_SRC012";Déficit energético moderado;Crear reducción energética sostenible sin pautas extremas.;medio;control_peso;Déficit moderado por hábitos;Elegir 1-2 cambios sostenibles de ingesta/gasto sin dieta extrema.;Favorecer pérdida de grasa.;medio;semanal;control_peso;alta;Adaptar a historia clínica declarada, medicación, analíticas, cultura, economía, preferencias, etapa vital, riesgo de TCA y competencias profesionales. Derivar si hay señales de alarma.
Pérdida de grasa y control de peso;Pérdida de grasa corporal;Objetivo de reducir grasa preservando salud, músculo y adherencia.;adultos;control_peso;medio;"NUT2_SRC003;NUT2_SRC012";Control de saciedad;Ajustar proteína, fibra, volumen, horarios y densidad energética.;bajo;control_peso;Aumentar saciedad en comida clave;Añadir proteína/fibra/volumen a la comida con más hambre posterior.;Reducir hambre y picoteo.;bajo;diario;control_peso;media;Adaptar a historia clínica declarada, medicación, analíticas, cultura, economía, preferencias, etapa vital, riesgo de TCA y competencias profesionales. Derivar si hay señales de alarma.
Pérdida de grasa y control de peso;Pérdida de grasa corporal;Objetivo de reducir grasa preservando salud, músculo y adherencia.;adultos;control_peso;medio;"NUT2_SRC003;NUT2_SRC012";Control de saciedad;Ajustar proteína, fibra, volumen, horarios y densidad energética.;bajo;control_peso;Semáforo de hambre;Clasificar hambre 0-3 baja, 4-7 adecuada, 8-10 alta y ajustar comidas.;Gestionar hambre.;bajo;diario;control_peso;media;Adaptar a historia clínica declarada, medicación, analíticas, cultura, economía, preferencias, etapa vital, riesgo de TCA y competencias profesionales. Derivar si hay señales de alarma.
Pérdida de grasa y control de peso;Pérdida de grasa corporal;Objetivo de reducir grasa preservando salud, músculo y adherencia.;adultos;control_peso;medio;"NUT2_SRC003;NUT2_SRC012";Control de saciedad;Ajustar proteína, fibra, volumen, horarios y densidad energética.;bajo;control_peso;Revisión de saciedad del desayuno;Valorar hambre 2-3h después y ajustar proteína/fibra.;Reducir hambre matutina.;bajo;7 días;control_peso;media;Adaptar a historia clínica declarada, medicación, analíticas, cultura, economía, preferencias, etapa vital, riesgo de TCA y competencias profesionales. Derivar si hay señales de alarma.
Pérdida de grasa y control de peso;Pérdida de grasa corporal;Objetivo de reducir grasa preservando salud, músculo y adherencia.;adultos;control_peso;medio;"NUT2_SRC003;NUT2_SRC012";Seguimiento de peso y medidas;Usar tendencia de peso, cintura, fotos y adherencia, no solo un dato aislado.;bajo;seguimiento;Peso medio semanal;Registrar peso 3-7 días y usar media, si es adecuado para la persona.;Valorar tendencia.;bajo;semanal;seguimiento;media;Adaptar a historia clínica declarada, medicación, analíticas, cultura, economía, preferencias, etapa vital, riesgo de TCA y competencias profesionales. Derivar si hay señales de alarma.
Pérdida de grasa y control de peso;Pérdida de grasa corporal;Objetivo de reducir grasa preservando salud, músculo y adherencia.;adultos;control_peso;medio;"NUT2_SRC003;NUT2_SRC012";Seguimiento de peso y medidas;Usar tendencia de peso, cintura, fotos y adherencia, no solo un dato aislado.;bajo;seguimiento;Medida de cintura;Medir cintura con mismo criterio y sin obsesión.;Seguir adiposidad central.;bajo;quincenal;seguimiento;media;Adaptar a historia clínica declarada, medicación, analíticas, cultura, economía, preferencias, etapa vital, riesgo de TCA y competencias profesionales. Derivar si hay señales de alarma.
Pérdida de grasa y control de peso;Pérdida de grasa corporal;Objetivo de reducir grasa preservando salud, músculo y adherencia.;adultos;control_peso;medio;"NUT2_SRC003;NUT2_SRC012";Seguimiento de peso y medidas;Usar tendencia de peso, cintura, fotos y adherencia, no solo un dato aislado.;bajo;seguimiento;Revisión mensual de medidas;Comparar peso, cintura, adherencia, hambre y energía.;Ajustar plan.;bajo;mensual;seguimiento;media;Adaptar a historia clínica declarada, medicación, analíticas, cultura, economía, preferencias, etapa vital, riesgo de TCA y competencias profesionales. Derivar si hay señales de alarma.
Pérdida de grasa y control de peso;Pérdida de grasa corporal;Objetivo de reducir grasa preservando salud, músculo y adherencia.;adultos;control_peso;medio;"NUT2_SRC003;NUT2_SRC012";Mantenimiento post-pérdida;Transición gradual a mantenimiento, hábitos, vigilancia flexible y prevención de rebote.;medio;control_peso;Plan de mantenimiento;Subir progresivamente hacia mantenimiento y conservar hábitos clave.;Prevenir rebote.;medio;2-8 semanas;control_peso;media;Adaptar a historia clínica declarada, medicación, analíticas, cultura, economía, preferencias, etapa vital, riesgo de TCA y competencias profesionales. Derivar si hay señales de alarma.
Pérdida de grasa y control de peso;Pérdida de grasa corporal;Objetivo de reducir grasa preservando salud, músculo y adherencia.;adultos;control_peso;medio;"NUT2_SRC003;NUT2_SRC012";Mantenimiento post-pérdida;Transición gradual a mantenimiento, hábitos, vigilancia flexible y prevención de rebote.;medio;control_peso;Semana de mantenimiento psicológico;Hacer semana sin déficit con hábitos base si hay fatiga dietética.;Mejorar sostenibilidad.;medio;cuando proceda;control_peso;media;Adaptar a historia clínica declarada, medicación, analíticas, cultura, economía, preferencias, etapa vital, riesgo de TCA y competencias profesionales. Derivar si hay señales de alarma.
Pérdida de grasa y control de peso;Pérdida de grasa corporal;Objetivo de reducir grasa preservando salud, músculo y adherencia.;adultos;control_peso;medio;"NUT2_SRC003;NUT2_SRC012";Reducción de bebidas azucaradas;Sustituir bebidas azucaradas por agua u opciones sin azúcar, si procede.;bajo;metabólica;Eliminar bebida azucarada habitual;Sustituir una bebida azucarada por agua, infusión o bebida sin azúcar.;Reducir azúcar líquido.;bajo;diario;metabólica;media;Adaptar a historia clínica declarada, medicación, analíticas, cultura, economía, preferencias, etapa vital, riesgo de TCA y competencias profesionales. Derivar si hay señales de alarma.
Pérdida de grasa y control de peso;Pérdida de grasa corporal;Objetivo de reducir grasa preservando salud, músculo y adherencia.;adultos;control_peso;medio;"NUT2_SRC003;NUT2_SRC012";Alimentación consciente;Observar hambre, saciedad, velocidad, emoción y satisfacción sin juicio.;bajo;conductual;Pausa consciente antes de comer;Parar 1 minuto y decidir si hay hambre física, emocional o ambas.;Reducir automatismos.;bajo;diario;conductual;media;Adaptar a historia clínica declarada, medicación, analíticas, cultura, economía, preferencias, etapa vital, riesgo de TCA y competencias profesionales. Derivar si hay señales de alarma.
Pérdida de grasa y control de peso;Pérdida de grasa corporal;Objetivo de reducir grasa preservando salud, músculo y adherencia.;adultos;control_peso;medio;"NUT2_SRC003;NUT2_SRC012";Flexibilidad alimentaria;Reducir pensamiento todo/nada e incluir elecciones disfrutables dentro del plan.;bajo;conductual;Registro de culpa alimentaria;Anotar alimento, pensamiento, emoción y respuesta flexible.;Reducir culpa y rigidez.;medio;7 días;conductual;media;Adaptar a historia clínica declarada, medicación, analíticas, cultura, economía, preferencias, etapa vital, riesgo de TCA y competencias profesionales. Derivar si hay señales de alarma.
Pérdida de grasa y control de peso;Pérdida de grasa corporal;Objetivo de reducir grasa preservando salud, músculo y adherencia.;adultos;control_peso;medio;"NUT2_SRC003;NUT2_SRC012";Flexibilidad alimentaria;Reducir pensamiento todo/nada e incluir elecciones disfrutables dentro del plan.;bajo;conductual;Comida flexible planificada;Incluir un alimento placentero en cantidad acordada sin compensación.;Reducir todo/nada.;bajo;semanal;conductual;media;Adaptar a historia clínica declarada, medicación, analíticas, cultura, economía, preferencias, etapa vital, riesgo de TCA y competencias profesionales. Derivar si hay señales de alarma.
Pérdida de grasa y control de peso;Pérdida de grasa corporal;Objetivo de reducir grasa preservando salud, músculo y adherencia.;adultos;control_peso;medio;"NUT2_SRC003;NUT2_SRC012";Flexibilidad alimentaria;Reducir pensamiento todo/nada e incluir elecciones disfrutables dentro del plan.;bajo;conductual;Revisión de alimentos tabú;Elegir un alimento evitado y trabajarlo con exposición flexible si procede.;Reducir rigidez.;medio;supervisado;conductual;media;Adaptar a historia clínica declarada, medicación, analíticas, cultura, economía, preferencias, etapa vital, riesgo de TCA y competencias profesionales. Derivar si hay señales de alarma.
Pérdida de grasa y control de peso;Pérdida de grasa corporal;Objetivo de reducir grasa preservando salud, músculo y adherencia.;adultos;control_peso;medio;"NUT2_SRC003;NUT2_SRC012";Flexibilidad alimentaria;Reducir pensamiento todo/nada e incluir elecciones disfrutables dentro del plan.;bajo;conductual;Plan de comidas sociales;Preparar estrategia de flexibilidad: elegir prioridades, disfrutar y volver normal.;Reducir miedo a eventos.;bajo;antes de evento;conductual;media;Adaptar a historia clínica declarada, medicación, analíticas, cultura, economía, preferencias, etapa vital, riesgo de TCA y competencias profesionales. Derivar si hay señales de alarma.
Pérdida de grasa y control de peso;Pérdida de grasa corporal;Objetivo de reducir grasa preservando salud, músculo y adherencia.;adultos;control_peso;medio;"NUT2_SRC003;NUT2_SRC012";Prevención de recaídas nutricionales;Planificar viajes, eventos, estrés y retorno tras desvíos.;bajo;hábitos;Plan viaje/eventos;Definir mínimos: proteína, agua, pasos, flexibilidad y vuelta al plan.;Prevenir recaídas rígidas.;bajo;antes de evento;hábitos;media;Adaptar a historia clínica declarada, medicación, analíticas, cultura, economía, preferencias, etapa vital, riesgo de TCA y competencias profesionales. Derivar si hay señales de alarma.
Pérdida de grasa y control de peso;Pérdida de grasa corporal;Objetivo de reducir grasa preservando salud, músculo y adherencia.;adultos;control_peso;medio;"NUT2_SRC003;NUT2_SRC012";Prevención de recaídas nutricionales;Planificar viajes, eventos, estrés y retorno tras desvíos.;bajo;hábitos;Plan de vuelta tras desvío;Definir siguiente comida normal, sin compensaciones extremas.;Evitar todo/nada.;bajo;cuando proceda;conductual;media;Adaptar a historia clínica declarada, medicación, analíticas, cultura, economía, preferencias, etapa vital, riesgo de TCA y competencias profesionales. Derivar si hay señales de alarma.
Pérdida de grasa y control de peso;Pérdida de grasa corporal;Objetivo de reducir grasa preservando salud, músculo y adherencia.;adultos;control_peso;medio;"NUT2_SRC003;NUT2_SRC012";Entrevista motivacional nutricional;Explorar ambivalencia, autonomía, barreras y pequeños compromisos.;bajo;conductual;Entrevista de barreras;Listar barreras, nivel de confianza y solución pequeña.;Mejorar adherencia.;bajo;semanal;conductual;media;Adaptar a historia clínica declarada, medicación, analíticas, cultura, economía, preferencias, etapa vital, riesgo de TCA y competencias profesionales. Derivar si hay señales de alarma.
Pérdida de grasa y control de peso;Sobrepeso con baja adherencia;Dificultad para mantener cambios más allá de pocas semanas.;adultos;control_peso;medio;"NUT2_SRC003;NUT2_SRC009";Déficit energético moderado;Crear reducción energética sostenible sin pautas extremas.;medio;control_peso;Déficit moderado por hábitos;Elegir 1-2 cambios sostenibles de ingesta/gasto sin dieta extrema.;Favorecer pérdida de grasa.;medio;semanal;control_peso;alta;Adaptar a historia clínica declarada, medicación, analíticas, cultura, economía, preferencias, etapa vital, riesgo de TCA y competencias profesionales. Derivar si hay señales de alarma.
Pérdida de grasa y control de peso;Sobrepeso con baja adherencia;Dificultad para mantener cambios más allá de pocas semanas.;adultos;control_peso;medio;"NUT2_SRC003;NUT2_SRC009";Control de saciedad;Ajustar proteína, fibra, volumen, horarios y densidad energética.;bajo;control_peso;Aumentar saciedad en comida clave;Añadir proteína/fibra/volumen a la comida con más hambre posterior.;Reducir hambre y picoteo.;bajo;diario;control_peso;media;Adaptar a historia clínica declarada, medicación, analíticas, cultura, economía, preferencias, etapa vital, riesgo de TCA y competencias profesionales. Derivar si hay señales de alarma.
Pérdida de grasa y control de peso;Sobrepeso con baja adherencia;Dificultad para mantener cambios más allá de pocas semanas.;adultos;control_peso;medio;"NUT2_SRC003;NUT2_SRC009";Control de saciedad;Ajustar proteína, fibra, volumen, horarios y densidad energética.;bajo;control_peso;Semáforo de hambre;Clasificar hambre 0-3 baja, 4-7 adecuada, 8-10 alta y ajustar comidas.;Gestionar hambre.;bajo;diario;control_peso;media;Adaptar a historia clínica declarada, medicación, analíticas, cultura, economía, preferencias, etapa vital, riesgo de TCA y competencias profesionales. Derivar si hay señales de alarma.
Pérdida de grasa y control de peso;Sobrepeso con baja adherencia;Dificultad para mantener cambios más allá de pocas semanas.;adultos;control_peso;medio;"NUT2_SRC003;NUT2_SRC009";Control de saciedad;Ajustar proteína, fibra, volumen, horarios y densidad energética.;bajo;control_peso;Revisión de saciedad del desayuno;Valorar hambre 2-3h después y ajustar proteína/fibra.;Reducir hambre matutina.;bajo;7 días;control_peso;media;Adaptar a historia clínica declarada, medicación, analíticas, cultura, economía, preferencias, etapa vital, riesgo de TCA y competencias profesionales. Derivar si hay señales de alarma.
Pérdida de grasa y control de peso;Sobrepeso con baja adherencia;Dificultad para mantener cambios más allá de pocas semanas.;adultos;control_peso;medio;"NUT2_SRC003;NUT2_SRC009";Seguimiento de peso y medidas;Usar tendencia de peso, cintura, fotos y adherencia, no solo un dato aislado.;bajo;seguimiento;Peso medio semanal;Registrar peso 3-7 días y usar media, si es adecuado para la persona.;Valorar tendencia.;bajo;semanal;seguimiento;media;Adaptar a historia clínica declarada, medicación, analíticas, cultura, economía, preferencias, etapa vital, riesgo de TCA y competencias profesionales. Derivar si hay señales de alarma.
Pérdida de grasa y control de peso;Sobrepeso con baja adherencia;Dificultad para mantener cambios más allá de pocas semanas.;adultos;control_peso;medio;"NUT2_SRC003;NUT2_SRC009";Seguimiento de peso y medidas;Usar tendencia de peso, cintura, fotos y adherencia, no solo un dato aislado.;bajo;seguimiento;Medida de cintura;Medir cintura con mismo criterio y sin obsesión.;Seguir adiposidad central.;bajo;quincenal;seguimiento;media;Adaptar a historia clínica declarada, medicación, analíticas, cultura, economía, preferencias, etapa vital, riesgo de TCA y competencias profesionales. Derivar si hay señales de alarma.
Pérdida de grasa y control de peso;Sobrepeso con baja adherencia;Dificultad para mantener cambios más allá de pocas semanas.;adultos;control_peso;medio;"NUT2_SRC003;NUT2_SRC009";Seguimiento de peso y medidas;Usar tendencia de peso, cintura, fotos y adherencia, no solo un dato aislado.;bajo;seguimiento;Revisión mensual de medidas;Comparar peso, cintura, adherencia, hambre y energía.;Ajustar plan.;bajo;mensual;seguimiento;media;Adaptar a historia clínica declarada, medicación, analíticas, cultura, economía, preferencias, etapa vital, riesgo de TCA y competencias profesionales. Derivar si hay señales de alarma.
Pérdida de grasa y control de peso;Sobrepeso con baja adherencia;Dificultad para mantener cambios más allá de pocas semanas.;adultos;control_peso;medio;"NUT2_SRC003;NUT2_SRC009";Mantenimiento post-pérdida;Transición gradual a mantenimiento, hábitos, vigilancia flexible y prevención de rebote.;medio;control_peso;Plan de mantenimiento;Subir progresivamente hacia mantenimiento y conservar hábitos clave.;Prevenir rebote.;medio;2-8 semanas;control_peso;media;Adaptar a historia clínica declarada, medicación, analíticas, cultura, economía, preferencias, etapa vital, riesgo de TCA y competencias profesionales. Derivar si hay señales de alarma.
Pérdida de grasa y control de peso;Sobrepeso con baja adherencia;Dificultad para mantener cambios más allá de pocas semanas.;adultos;control_peso;medio;"NUT2_SRC003;NUT2_SRC009";Mantenimiento post-pérdida;Transición gradual a mantenimiento, hábitos, vigilancia flexible y prevención de rebote.;medio;control_peso;Semana de mantenimiento psicológico;Hacer semana sin déficit con hábitos base si hay fatiga dietética.;Mejorar sostenibilidad.;medio;cuando proceda;control_peso;media;Adaptar a historia clínica declarada, medicación, analíticas, cultura, economía, preferencias, etapa vital, riesgo de TCA y competencias profesionales. Derivar si hay señales de alarma.
Pérdida de grasa y control de peso;Sobrepeso con baja adherencia;Dificultad para mantener cambios más allá de pocas semanas.;adultos;control_peso;medio;"NUT2_SRC003;NUT2_SRC009";Reducción de bebidas azucaradas;Sustituir bebidas azucaradas por agua u opciones sin azúcar, si procede.;bajo;metabólica;Eliminar bebida azucarada habitual;Sustituir una bebida azucarada por agua, infusión o bebida sin azúcar.;Reducir azúcar líquido.;bajo;diario;metabólica;media;Adaptar a historia clínica declarada, medicación, analíticas, cultura, economía, preferencias, etapa vital, riesgo de TCA y competencias profesionales. Derivar si hay señales de alarma.
Pérdida de grasa y control de peso;Sobrepeso con baja adherencia;Dificultad para mantener cambios más allá de pocas semanas.;adultos;control_peso;medio;"NUT2_SRC003;NUT2_SRC009";Alimentación consciente;Observar hambre, saciedad, velocidad, emoción y satisfacción sin juicio.;bajo;conductual;Pausa consciente antes de comer;Parar 1 minuto y decidir si hay hambre física, emocional o ambas.;Reducir automatismos.;bajo;diario;conductual;media;Adaptar a historia clínica declarada, medicación, analíticas, cultura, economía, preferencias, etapa vital, riesgo de TCA y competencias profesionales. Derivar si hay señales de alarma.
Pérdida de grasa y control de peso;Sobrepeso con baja adherencia;Dificultad para mantener cambios más allá de pocas semanas.;adultos;control_peso;medio;"NUT2_SRC003;NUT2_SRC009";Flexibilidad alimentaria;Reducir pensamiento todo/nada e incluir elecciones disfrutables dentro del plan.;bajo;conductual;Registro de culpa alimentaria;Anotar alimento, pensamiento, emoción y respuesta flexible.;Reducir culpa y rigidez.;medio;7 días;conductual;media;Adaptar a historia clínica declarada, medicación, analíticas, cultura, economía, preferencias, etapa vital, riesgo de TCA y competencias profesionales. Derivar si hay señales de alarma.
Pérdida de grasa y control de peso;Sobrepeso con baja adherencia;Dificultad para mantener cambios más allá de pocas semanas.;adultos;control_peso;medio;"NUT2_SRC003;NUT2_SRC009";Flexibilidad alimentaria;Reducir pensamiento todo/nada e incluir elecciones disfrutables dentro del plan.;bajo;conductual;Comida flexible planificada;Incluir un alimento placentero en cantidad acordada sin compensación.;Reducir todo/nada.;bajo;semanal;conductual;media;Adaptar a historia clínica declarada, medicación, analíticas, cultura, economía, preferencias, etapa vital, riesgo de TCA y competencias profesionales. Derivar si hay señales de alarma.
Pérdida de grasa y control de peso;Sobrepeso con baja adherencia;Dificultad para mantener cambios más allá de pocas semanas.;adultos;control_peso;medio;"NUT2_SRC003;NUT2_SRC009";Flexibilidad alimentaria;Reducir pensamiento todo/nada e incluir elecciones disfrutables dentro del plan.;bajo;conductual;Revisión de alimentos tabú;Elegir un alimento evitado y trabajarlo con exposición flexible si procede.;Reducir rigidez.;medio;supervisado;conductual;media;Adaptar a historia clínica declarada, medicación, analíticas, cultura, economía, preferencias, etapa vital, riesgo de TCA y competencias profesionales. Derivar si hay señales de alarma.
Pérdida de grasa y control de peso;Sobrepeso con baja adherencia;Dificultad para mantener cambios más allá de pocas semanas.;adultos;control_peso;medio;"NUT2_SRC003;NUT2_SRC009";Flexibilidad alimentaria;Reducir pensamiento todo/nada e incluir elecciones disfrutables dentro del plan.;bajo;conductual;Plan de comidas sociales;Preparar estrategia de flexibilidad: elegir prioridades, disfrutar y volver normal.;Reducir miedo a eventos.;bajo;antes de evento;conductual;media;Adaptar a historia clínica declarada, medicación, analíticas, cultura, economía, preferencias, etapa vital, riesgo de TCA y competencias profesionales. Derivar si hay señales de alarma.
Pérdida de grasa y control de peso;Sobrepeso con baja adherencia;Dificultad para mantener cambios más allá de pocas semanas.;adultos;control_peso;medio;"NUT2_SRC003;NUT2_SRC009";Prevención de recaídas nutricionales;Planificar viajes, eventos, estrés y retorno tras desvíos.;bajo;hábitos;Plan viaje/eventos;Definir mínimos: proteína, agua, pasos, flexibilidad y vuelta al plan.;Prevenir recaídas rígidas.;bajo;antes de evento;hábitos;media;Adaptar a historia clínica declarada, medicación, analíticas, cultura, economía, preferencias, etapa vital, riesgo de TCA y competencias profesionales. Derivar si hay señales de alarma.
Pérdida de grasa y control de peso;Sobrepeso con baja adherencia;Dificultad para mantener cambios más allá de pocas semanas.;adultos;control_peso;medio;"NUT2_SRC003;NUT2_SRC009";Prevención de recaídas nutricionales;Planificar viajes, eventos, estrés y retorno tras desvíos.;bajo;hábitos;Plan de vuelta tras desvío;Definir siguiente comida normal, sin compensaciones extremas.;Evitar todo/nada.;bajo;cuando proceda;conductual;media;Adaptar a historia clínica declarada, medicación, analíticas, cultura, economía, preferencias, etapa vital, riesgo de TCA y competencias profesionales. Derivar si hay señales de alarma.
Pérdida de grasa y control de peso;Sobrepeso con baja adherencia;Dificultad para mantener cambios más allá de pocas semanas.;adultos;control_peso;medio;"NUT2_SRC003;NUT2_SRC009";Entrevista motivacional nutricional;Explorar ambivalencia, autonomía, barreras y pequeños compromisos.;bajo;conductual;Entrevista de barreras;Listar barreras, nivel de confianza y solución pequeña.;Mejorar adherencia.;bajo;semanal;conductual;media;Adaptar a historia clínica declarada, medicación, analíticas, cultura, economía, preferencias, etapa vital, riesgo de TCA y competencias profesionales. Derivar si hay señales de alarma.
Pérdida de grasa y control de peso;Estancamiento de peso;Peso o medidas sin cambios tras periodo suficiente de seguimiento.;adultos;control_peso;bajo;"NUT2_SRC003;NUT2_SRC012";Déficit energético moderado;Crear reducción energética sostenible sin pautas extremas.;medio;control_peso;Déficit moderado por hábitos;Elegir 1-2 cambios sostenibles de ingesta/gasto sin dieta extrema.;Favorecer pérdida de grasa.;medio;semanal;control_peso;alta;Adaptar a historia clínica declarada, medicación, analíticas, cultura, economía, preferencias, etapa vital, riesgo de TCA y competencias profesionales. Derivar si hay señales de alarma.
Pérdida de grasa y control de peso;Estancamiento de peso;Peso o medidas sin cambios tras periodo suficiente de seguimiento.;adultos;control_peso;bajo;"NUT2_SRC003;NUT2_SRC012";Control de saciedad;Ajustar proteína, fibra, volumen, horarios y densidad energética.;bajo;control_peso;Aumentar saciedad en comida clave;Añadir proteína/fibra/volumen a la comida con más hambre posterior.;Reducir hambre y picoteo.;bajo;diario;control_peso;media;Adaptar a historia clínica declarada, medicación, analíticas, cultura, economía, preferencias, etapa vital, riesgo de TCA y competencias profesionales. Derivar si hay señales de alarma.
Pérdida de grasa y control de peso;Estancamiento de peso;Peso o medidas sin cambios tras periodo suficiente de seguimiento.;adultos;control_peso;bajo;"NUT2_SRC003;NUT2_SRC012";Control de saciedad;Ajustar proteína, fibra, volumen, horarios y densidad energética.;bajo;control_peso;Semáforo de hambre;Clasificar hambre 0-3 baja, 4-7 adecuada, 8-10 alta y ajustar comidas.;Gestionar hambre.;bajo;diario;control_peso;media;Adaptar a historia clínica declarada, medicación, analíticas, cultura, economía, preferencias, etapa vital, riesgo de TCA y competencias profesionales. Derivar si hay señales de alarma.
Pérdida de grasa y control de peso;Estancamiento de peso;Peso o medidas sin cambios tras periodo suficiente de seguimiento.;adultos;control_peso;bajo;"NUT2_SRC003;NUT2_SRC012";Control de saciedad;Ajustar proteína, fibra, volumen, horarios y densidad energética.;bajo;control_peso;Revisión de saciedad del desayuno;Valorar hambre 2-3h después y ajustar proteína/fibra.;Reducir hambre matutina.;bajo;7 días;control_peso;media;Adaptar a historia clínica declarada, medicación, analíticas, cultura, economía, preferencias, etapa vital, riesgo de TCA y competencias profesionales. Derivar si hay señales de alarma.
Pérdida de grasa y control de peso;Estancamiento de peso;Peso o medidas sin cambios tras periodo suficiente de seguimiento.;adultos;control_peso;bajo;"NUT2_SRC003;NUT2_SRC012";Seguimiento de peso y medidas;Usar tendencia de peso, cintura, fotos y adherencia, no solo un dato aislado.;bajo;seguimiento;Peso medio semanal;Registrar peso 3-7 días y usar media, si es adecuado para la persona.;Valorar tendencia.;bajo;semanal;seguimiento;media;Adaptar a historia clínica declarada, medicación, analíticas, cultura, economía, preferencias, etapa vital, riesgo de TCA y competencias profesionales. Derivar si hay señales de alarma.
Pérdida de grasa y control de peso;Estancamiento de peso;Peso o medidas sin cambios tras periodo suficiente de seguimiento.;adultos;control_peso;bajo;"NUT2_SRC003;NUT2_SRC012";Seguimiento de peso y medidas;Usar tendencia de peso, cintura, fotos y adherencia, no solo un dato aislado.;bajo;seguimiento;Medida de cintura;Medir cintura con mismo criterio y sin obsesión.;Seguir adiposidad central.;bajo;quincenal;seguimiento;media;Adaptar a historia clínica declarada, medicación, analíticas, cultura, economía, preferencias, etapa vital, riesgo de TCA y competencias profesionales. Derivar si hay señales de alarma.
Pérdida de grasa y control de peso;Estancamiento de peso;Peso o medidas sin cambios tras periodo suficiente de seguimiento.;adultos;control_peso;bajo;"NUT2_SRC003;NUT2_SRC012";Seguimiento de peso y medidas;Usar tendencia de peso, cintura, fotos y adherencia, no solo un dato aislado.;bajo;seguimiento;Revisión mensual de medidas;Comparar peso, cintura, adherencia, hambre y energía.;Ajustar plan.;bajo;mensual;seguimiento;media;Adaptar a historia clínica declarada, medicación, analíticas, cultura, economía, preferencias, etapa vital, riesgo de TCA y competencias profesionales. Derivar si hay señales de alarma.
Pérdida de grasa y control de peso;Estancamiento de peso;Peso o medidas sin cambios tras periodo suficiente de seguimiento.;adultos;control_peso;bajo;"NUT2_SRC003;NUT2_SRC012";Mantenimiento post-pérdida;Transición gradual a mantenimiento, hábitos, vigilancia flexible y prevención de rebote.;medio;control_peso;Plan de mantenimiento;Subir progresivamente hacia mantenimiento y conservar hábitos clave.;Prevenir rebote.;medio;2-8 semanas;control_peso;media;Adaptar a historia clínica declarada, medicación, analíticas, cultura, economía, preferencias, etapa vital, riesgo de TCA y competencias profesionales. Derivar si hay señales de alarma.
Pérdida de grasa y control de peso;Estancamiento de peso;Peso o medidas sin cambios tras periodo suficiente de seguimiento.;adultos;control_peso;bajo;"NUT2_SRC003;NUT2_SRC012";Mantenimiento post-pérdida;Transición gradual a mantenimiento, hábitos, vigilancia flexible y prevención de rebote.;medio;control_peso;Semana de mantenimiento psicológico;Hacer semana sin déficit con hábitos base si hay fatiga dietética.;Mejorar sostenibilidad.;medio;cuando proceda;control_peso;media;Adaptar a historia clínica declarada, medicación, analíticas, cultura, economía, preferencias, etapa vital, riesgo de TCA y competencias profesionales. Derivar si hay señales de alarma.
Pérdida de grasa y control de peso;Estancamiento de peso;Peso o medidas sin cambios tras periodo suficiente de seguimiento.;adultos;control_peso;bajo;"NUT2_SRC003;NUT2_SRC012";Reducción de bebidas azucaradas;Sustituir bebidas azucaradas por agua u opciones sin azúcar, si procede.;bajo;metabólica;Eliminar bebida azucarada habitual;Sustituir una bebida azucarada por agua, infusión o bebida sin azúcar.;Reducir azúcar líquido.;bajo;diario;metabólica;media;Adaptar a historia clínica declarada, medicación, analíticas, cultura, economía, preferencias, etapa vital, riesgo de TCA y competencias profesionales. Derivar si hay señales de alarma.
Pérdida de grasa y control de peso;Estancamiento de peso;Peso o medidas sin cambios tras periodo suficiente de seguimiento.;adultos;control_peso;bajo;"NUT2_SRC003;NUT2_SRC012";Alimentación consciente;Observar hambre, saciedad, velocidad, emoción y satisfacción sin juicio.;bajo;conductual;Pausa consciente antes de comer;Parar 1 minuto y decidir si hay hambre física, emocional o ambas.;Reducir automatismos.;bajo;diario;conductual;media;Adaptar a historia clínica declarada, medicación, analíticas, cultura, economía, preferencias, etapa vital, riesgo de TCA y competencias profesionales. Derivar si hay señales de alarma.
Pérdida de grasa y control de peso;Estancamiento de peso;Peso o medidas sin cambios tras periodo suficiente de seguimiento.;adultos;control_peso;bajo;"NUT2_SRC003;NUT2_SRC012";Flexibilidad alimentaria;Reducir pensamiento todo/nada e incluir elecciones disfrutables dentro del plan.;bajo;conductual;Registro de culpa alimentaria;Anotar alimento, pensamiento, emoción y respuesta flexible.;Reducir culpa y rigidez.;medio;7 días;conductual;media;Adaptar a historia clínica declarada, medicación, analíticas, cultura, economía, preferencias, etapa vital, riesgo de TCA y competencias profesionales. Derivar si hay señales de alarma.
Pérdida de grasa y control de peso;Estancamiento de peso;Peso o medidas sin cambios tras periodo suficiente de seguimiento.;adultos;control_peso;bajo;"NUT2_SRC003;NUT2_SRC012";Flexibilidad alimentaria;Reducir pensamiento todo/nada e incluir elecciones disfrutables dentro del plan.;bajo;conductual;Comida flexible planificada;Incluir un alimento placentero en cantidad acordada sin compensación.;Reducir todo/nada.;bajo;semanal;conductual;media;Adaptar a historia clínica declarada, medicación, analíticas, cultura, economía, preferencias, etapa vital, riesgo de TCA y competencias profesionales. Derivar si hay señales de alarma.
Pérdida de grasa y control de peso;Estancamiento de peso;Peso o medidas sin cambios tras periodo suficiente de seguimiento.;adultos;control_peso;bajo;"NUT2_SRC003;NUT2_SRC012";Flexibilidad alimentaria;Reducir pensamiento todo/nada e incluir elecciones disfrutables dentro del plan.;bajo;conductual;Revisión de alimentos tabú;Elegir un alimento evitado y trabajarlo con exposición flexible si procede.;Reducir rigidez.;medio;supervisado;conductual;media;Adaptar a historia clínica declarada, medicación, analíticas, cultura, economía, preferencias, etapa vital, riesgo de TCA y competencias profesionales. Derivar si hay señales de alarma.
Pérdida de grasa y control de peso;Estancamiento de peso;Peso o medidas sin cambios tras periodo suficiente de seguimiento.;adultos;control_peso;bajo;"NUT2_SRC003;NUT2_SRC012";Flexibilidad alimentaria;Reducir pensamiento todo/nada e incluir elecciones disfrutables dentro del plan.;bajo;conductual;Plan de comidas sociales;Preparar estrategia de flexibilidad: elegir prioridades, disfrutar y volver normal.;Reducir miedo a eventos.;bajo;antes de evento;conductual;media;Adaptar a historia clínica declarada, medicación, analíticas, cultura, economía, preferencias, etapa vital, riesgo de TCA y competencias profesionales. Derivar si hay señales de alarma.
Pérdida de grasa y control de peso;Estancamiento de peso;Peso o medidas sin cambios tras periodo suficiente de seguimiento.;adultos;control_peso;bajo;"NUT2_SRC003;NUT2_SRC012";Prevención de recaídas nutricionales;Planificar viajes, eventos, estrés y retorno tras desvíos.;bajo;hábitos;Plan viaje/eventos;Definir mínimos: proteína, agua, pasos, flexibilidad y vuelta al plan.;Prevenir recaídas rígidas.;bajo;antes de evento;hábitos;media;Adaptar a historia clínica declarada, medicación, analíticas, cultura, economía, preferencias, etapa vital, riesgo de TCA y competencias profesionales. Derivar si hay señales de alarma.
Pérdida de grasa y control de peso;Estancamiento de peso;Peso o medidas sin cambios tras periodo suficiente de seguimiento.;adultos;control_peso;bajo;"NUT2_SRC003;NUT2_SRC012";Prevención de recaídas nutricionales;Planificar viajes, eventos, estrés y retorno tras desvíos.;bajo;hábitos;Plan de vuelta tras desvío;Definir siguiente comida normal, sin compensaciones extremas.;Evitar todo/nada.;bajo;cuando proceda;conductual;media;Adaptar a historia clínica declarada, medicación, analíticas, cultura, economía, preferencias, etapa vital, riesgo de TCA y competencias profesionales. Derivar si hay señales de alarma.
Pérdida de grasa y control de peso;Estancamiento de peso;Peso o medidas sin cambios tras periodo suficiente de seguimiento.;adultos;control_peso;bajo;"NUT2_SRC003;NUT2_SRC012";Entrevista motivacional nutricional;Explorar ambivalencia, autonomía, barreras y pequeños compromisos.;bajo;conductual;Entrevista de barreras;Listar barreras, nivel de confianza y solución pequeña.;Mejorar adherencia.;bajo;semanal;conductual;media;Adaptar a historia clínica declarada, medicación, analíticas, cultura, economía, preferencias, etapa vital, riesgo de TCA y competencias profesionales. Derivar si hay señales de alarma.
Pérdida de grasa y control de peso;Hambre elevada en déficit;Sensación de hambre persistente que dificulta pérdida de grasa.;adultos;control_peso;medio;"NUT2_SRC012;NUT2_SRC014";Déficit energético moderado;Crear reducción energética sostenible sin pautas extremas.;medio;control_peso;Déficit moderado por hábitos;Elegir 1-2 cambios sostenibles de ingesta/gasto sin dieta extrema.;Favorecer pérdida de grasa.;medio;semanal;control_peso;alta;Adaptar a historia clínica declarada, medicación, analíticas, cultura, economía, preferencias, etapa vital, riesgo de TCA y competencias profesionales. Derivar si hay señales de alarma.
Pérdida de grasa y control de peso;Hambre elevada en déficit;Sensación de hambre persistente que dificulta pérdida de grasa.;adultos;control_peso;medio;"NUT2_SRC012;NUT2_SRC014";Control de saciedad;Ajustar proteína, fibra, volumen, horarios y densidad energética.;bajo;control_peso;Aumentar saciedad en comida clave;Añadir proteína/fibra/volumen a la comida con más hambre posterior.;Reducir hambre y picoteo.;bajo;diario;control_peso;media;Adaptar a historia clínica declarada, medicación, analíticas, cultura, economía, preferencias, etapa vital, riesgo de TCA y competencias profesionales. Derivar si hay señales de alarma.
Pérdida de grasa y control de peso;Hambre elevada en déficit;Sensación de hambre persistente que dificulta pérdida de grasa.;adultos;control_peso;medio;"NUT2_SRC012;NUT2_SRC014";Control de saciedad;Ajustar proteína, fibra, volumen, horarios y densidad energética.;bajo;control_peso;Semáforo de hambre;Clasificar hambre 0-3 baja, 4-7 adecuada, 8-10 alta y ajustar comidas.;Gestionar hambre.;bajo;diario;control_peso;media;Adaptar a historia clínica declarada, medicación, analíticas, cultura, economía, preferencias, etapa vital, riesgo de TCA y competencias profesionales. Derivar si hay señales de alarma.
Pérdida de grasa y control de peso;Hambre elevada en déficit;Sensación de hambre persistente que dificulta pérdida de grasa.;adultos;control_peso;medio;"NUT2_SRC012;NUT2_SRC014";Control de saciedad;Ajustar proteína, fibra, volumen, horarios y densidad energética.;bajo;control_peso;Revisión de saciedad del desayuno;Valorar hambre 2-3h después y ajustar proteína/fibra.;Reducir hambre matutina.;bajo;7 días;control_peso;media;Adaptar a historia clínica declarada, medicación, analíticas, cultura, economía, preferencias, etapa vital, riesgo de TCA y competencias profesionales. Derivar si hay señales de alarma.
Pérdida de grasa y control de peso;Hambre elevada en déficit;Sensación de hambre persistente que dificulta pérdida de grasa.;adultos;control_peso;medio;"NUT2_SRC012;NUT2_SRC014";Seguimiento de peso y medidas;Usar tendencia de peso, cintura, fotos y adherencia, no solo un dato aislado.;bajo;seguimiento;Peso medio semanal;Registrar peso 3-7 días y usar media, si es adecuado para la persona.;Valorar tendencia.;bajo;semanal;seguimiento;media;Adaptar a historia clínica declarada, medicación, analíticas, cultura, economía, preferencias, etapa vital, riesgo de TCA y competencias profesionales. Derivar si hay señales de alarma.
Pérdida de grasa y control de peso;Hambre elevada en déficit;Sensación de hambre persistente que dificulta pérdida de grasa.;adultos;control_peso;medio;"NUT2_SRC012;NUT2_SRC014";Seguimiento de peso y medidas;Usar tendencia de peso, cintura, fotos y adherencia, no solo un dato aislado.;bajo;seguimiento;Medida de cintura;Medir cintura con mismo criterio y sin obsesión.;Seguir adiposidad central.;bajo;quincenal;seguimiento;media;Adaptar a historia clínica declarada, medicación, analíticas, cultura, economía, preferencias, etapa vital, riesgo de TCA y competencias profesionales. Derivar si hay señales de alarma.
Pérdida de grasa y control de peso;Hambre elevada en déficit;Sensación de hambre persistente que dificulta pérdida de grasa.;adultos;control_peso;medio;"NUT2_SRC012;NUT2_SRC014";Seguimiento de peso y medidas;Usar tendencia de peso, cintura, fotos y adherencia, no solo un dato aislado.;bajo;seguimiento;Revisión mensual de medidas;Comparar peso, cintura, adherencia, hambre y energía.;Ajustar plan.;bajo;mensual;seguimiento;media;Adaptar a historia clínica declarada, medicación, analíticas, cultura, economía, preferencias, etapa vital, riesgo de TCA y competencias profesionales. Derivar si hay señales de alarma.
Pérdida de grasa y control de peso;Hambre elevada en déficit;Sensación de hambre persistente que dificulta pérdida de grasa.;adultos;control_peso;medio;"NUT2_SRC012;NUT2_SRC014";Mantenimiento post-pérdida;Transición gradual a mantenimiento, hábitos, vigilancia flexible y prevención de rebote.;medio;control_peso;Plan de mantenimiento;Subir progresivamente hacia mantenimiento y conservar hábitos clave.;Prevenir rebote.;medio;2-8 semanas;control_peso;media;Adaptar a historia clínica declarada, medicación, analíticas, cultura, economía, preferencias, etapa vital, riesgo de TCA y competencias profesionales. Derivar si hay señales de alarma.
Pérdida de grasa y control de peso;Hambre elevada en déficit;Sensación de hambre persistente que dificulta pérdida de grasa.;adultos;control_peso;medio;"NUT2_SRC012;NUT2_SRC014";Mantenimiento post-pérdida;Transición gradual a mantenimiento, hábitos, vigilancia flexible y prevención de rebote.;medio;control_peso;Semana de mantenimiento psicológico;Hacer semana sin déficit con hábitos base si hay fatiga dietética.;Mejorar sostenibilidad.;medio;cuando proceda;control_peso;media;Adaptar a historia clínica declarada, medicación, analíticas, cultura, economía, preferencias, etapa vital, riesgo de TCA y competencias profesionales. Derivar si hay señales de alarma.
Pérdida de grasa y control de peso;Hambre elevada en déficit;Sensación de hambre persistente que dificulta pérdida de grasa.;adultos;control_peso;medio;"NUT2_SRC012;NUT2_SRC014";Reducción de bebidas azucaradas;Sustituir bebidas azucaradas por agua u opciones sin azúcar, si procede.;bajo;metabólica;Eliminar bebida azucarada habitual;Sustituir una bebida azucarada por agua, infusión o bebida sin azúcar.;Reducir azúcar líquido.;bajo;diario;metabólica;media;Adaptar a historia clínica declarada, medicación, analíticas, cultura, economía, preferencias, etapa vital, riesgo de TCA y competencias profesionales. Derivar si hay señales de alarma.
Pérdida de grasa y control de peso;Hambre elevada en déficit;Sensación de hambre persistente que dificulta pérdida de grasa.;adultos;control_peso;medio;"NUT2_SRC012;NUT2_SRC014";Alimentación consciente;Observar hambre, saciedad, velocidad, emoción y satisfacción sin juicio.;bajo;conductual;Pausa consciente antes de comer;Parar 1 minuto y decidir si hay hambre física, emocional o ambas.;Reducir automatismos.;bajo;diario;conductual;media;Adaptar a historia clínica declarada, medicación, analíticas, cultura, economía, preferencias, etapa vital, riesgo de TCA y competencias profesionales. Derivar si hay señales de alarma.
Pérdida de grasa y control de peso;Hambre elevada en déficit;Sensación de hambre persistente que dificulta pérdida de grasa.;adultos;control_peso;medio;"NUT2_SRC012;NUT2_SRC014";Flexibilidad alimentaria;Reducir pensamiento todo/nada e incluir elecciones disfrutables dentro del plan.;bajo;conductual;Registro de culpa alimentaria;Anotar alimento, pensamiento, emoción y respuesta flexible.;Reducir culpa y rigidez.;medio;7 días;conductual;media;Adaptar a historia clínica declarada, medicación, analíticas, cultura, economía, preferencias, etapa vital, riesgo de TCA y competencias profesionales. Derivar si hay señales de alarma.
Pérdida de grasa y control de peso;Hambre elevada en déficit;Sensación de hambre persistente que dificulta pérdida de grasa.;adultos;control_peso;medio;"NUT2_SRC012;NUT2_SRC014";Flexibilidad alimentaria;Reducir pensamiento todo/nada e incluir elecciones disfrutables dentro del plan.;bajo;conductual;Comida flexible planificada;Incluir un alimento placentero en cantidad acordada sin compensación.;Reducir todo/nada.;bajo;semanal;conductual;media;Adaptar a historia clínica declarada, medicación, analíticas, cultura, economía, preferencias, etapa vital, riesgo de TCA y competencias profesionales. Derivar si hay señales de alarma.
Pérdida de grasa y control de peso;Hambre elevada en déficit;Sensación de hambre persistente que dificulta pérdida de grasa.;adultos;control_peso;medio;"NUT2_SRC012;NUT2_SRC014";Flexibilidad alimentaria;Reducir pensamiento todo/nada e incluir elecciones disfrutables dentro del plan.;bajo;conductual;Revisión de alimentos tabú;Elegir un alimento evitado y trabajarlo con exposición flexible si procede.;Reducir rigidez.;medio;supervisado;conductual;media;Adaptar a historia clínica declarada, medicación, analíticas, cultura, economía, preferencias, etapa vital, riesgo de TCA y competencias profesionales. Derivar si hay señales de alarma.
Pérdida de grasa y control de peso;Hambre elevada en déficit;Sensación de hambre persistente que dificulta pérdida de grasa.;adultos;control_peso;medio;"NUT2_SRC012;NUT2_SRC014";Flexibilidad alimentaria;Reducir pensamiento todo/nada e incluir elecciones disfrutables dentro del plan.;bajo;conductual;Plan de comidas sociales;Preparar estrategia de flexibilidad: elegir prioridades, disfrutar y volver normal.;Reducir miedo a eventos.;bajo;antes de evento;conductual;media;Adaptar a historia clínica declarada, medicación, analíticas, cultura, economía, preferencias, etapa vital, riesgo de TCA y competencias profesionales. Derivar si hay señales de alarma.
Pérdida de grasa y control de peso;Hambre elevada en déficit;Sensación de hambre persistente que dificulta pérdida de grasa.;adultos;control_peso;medio;"NUT2_SRC012;NUT2_SRC014";Prevención de recaídas nutricionales;Planificar viajes, eventos, estrés y retorno tras desvíos.;bajo;hábitos;Plan viaje/eventos;Definir mínimos: proteína, agua, pasos, flexibilidad y vuelta al plan.;Prevenir recaídas rígidas.;bajo;antes de evento;hábitos;media;Adaptar a historia clínica declarada, medicación, analíticas, cultura, economía, preferencias, etapa vital, riesgo de TCA y competencias profesionales. Derivar si hay señales de alarma.
Pérdida de grasa y control de peso;Hambre elevada en déficit;Sensación de hambre persistente que dificulta pérdida de grasa.;adultos;control_peso;medio;"NUT2_SRC012;NUT2_SRC014";Prevención de recaídas nutricionales;Planificar viajes, eventos, estrés y retorno tras desvíos.;bajo;hábitos;Plan de vuelta tras desvío;Definir siguiente comida normal, sin compensaciones extremas.;Evitar todo/nada.;bajo;cuando proceda;conductual;media;Adaptar a historia clínica declarada, medicación, analíticas, cultura, economía, preferencias, etapa vital, riesgo de TCA y competencias profesionales. Derivar si hay señales de alarma.
Pérdida de grasa y control de peso;Hambre elevada en déficit;Sensación de hambre persistente que dificulta pérdida de grasa.;adultos;control_peso;medio;"NUT2_SRC012;NUT2_SRC014";Entrevista motivacional nutricional;Explorar ambivalencia, autonomía, barreras y pequeños compromisos.;bajo;conductual;Entrevista de barreras;Listar barreras, nivel de confianza y solución pequeña.;Mejorar adherencia.;bajo;semanal;conductual;media;Adaptar a historia clínica declarada, medicación, analíticas, cultura, economía, preferencias, etapa vital, riesgo de TCA y competencias profesionales. Derivar si hay señales de alarma.
Pérdida de grasa y control de peso;Baja saciedad en comidas;Comidas poco saciantes por baja proteína, fibra, volumen o estructura.;general;control_peso;bajo;"NUT2_SRC001;NUT2_SRC014";Déficit energético moderado;Crear reducción energética sostenible sin pautas extremas.;medio;control_peso;Déficit moderado por hábitos;Elegir 1-2 cambios sostenibles de ingesta/gasto sin dieta extrema.;Favorecer pérdida de grasa.;medio;semanal;control_peso;alta;Adaptar a historia clínica declarada, medicación, analíticas, cultura, economía, preferencias, etapa vital, riesgo de TCA y competencias profesionales. Derivar si hay señales de alarma.
Pérdida de grasa y control de peso;Baja saciedad en comidas;Comidas poco saciantes por baja proteína, fibra, volumen o estructura.;general;control_peso;bajo;"NUT2_SRC001;NUT2_SRC014";Control de saciedad;Ajustar proteína, fibra, volumen, horarios y densidad energética.;bajo;control_peso;Aumentar saciedad en comida clave;Añadir proteína/fibra/volumen a la comida con más hambre posterior.;Reducir hambre y picoteo.;bajo;diario;control_peso;media;Adaptar a historia clínica declarada, medicación, analíticas, cultura, economía, preferencias, etapa vital, riesgo de TCA y competencias profesionales. Derivar si hay señales de alarma.
Pérdida de grasa y control de peso;Baja saciedad en comidas;Comidas poco saciantes por baja proteína, fibra, volumen o estructura.;general;control_peso;bajo;"NUT2_SRC001;NUT2_SRC014";Control de saciedad;Ajustar proteína, fibra, volumen, horarios y densidad energética.;bajo;control_peso;Semáforo de hambre;Clasificar hambre 0-3 baja, 4-7 adecuada, 8-10 alta y ajustar comidas.;Gestionar hambre.;bajo;diario;control_peso;media;Adaptar a historia clínica declarada, medicación, analíticas, cultura, economía, preferencias, etapa vital, riesgo de TCA y competencias profesionales. Derivar si hay señales de alarma.
Pérdida de grasa y control de peso;Baja saciedad en comidas;Comidas poco saciantes por baja proteína, fibra, volumen o estructura.;general;control_peso;bajo;"NUT2_SRC001;NUT2_SRC014";Control de saciedad;Ajustar proteína, fibra, volumen, horarios y densidad energética.;bajo;control_peso;Revisión de saciedad del desayuno;Valorar hambre 2-3h después y ajustar proteína/fibra.;Reducir hambre matutina.;bajo;7 días;control_peso;media;Adaptar a historia clínica declarada, medicación, analíticas, cultura, economía, preferencias, etapa vital, riesgo de TCA y competencias profesionales. Derivar si hay señales de alarma.
Pérdida de grasa y control de peso;Baja saciedad en comidas;Comidas poco saciantes por baja proteína, fibra, volumen o estructura.;general;control_peso;bajo;"NUT2_SRC001;NUT2_SRC014";Seguimiento de peso y medidas;Usar tendencia de peso, cintura, fotos y adherencia, no solo un dato aislado.;bajo;seguimiento;Peso medio semanal;Registrar peso 3-7 días y usar media, si es adecuado para la persona.;Valorar tendencia.;bajo;semanal;seguimiento;media;Adaptar a historia clínica declarada, medicación, analíticas, cultura, economía, preferencias, etapa vital, riesgo de TCA y competencias profesionales. Derivar si hay señales de alarma.
Pérdida de grasa y control de peso;Baja saciedad en comidas;Comidas poco saciantes por baja proteína, fibra, volumen o estructura.;general;control_peso;bajo;"NUT2_SRC001;NUT2_SRC014";Seguimiento de peso y medidas;Usar tendencia de peso, cintura, fotos y adherencia, no solo un dato aislado.;bajo;seguimiento;Medida de cintura;Medir cintura con mismo criterio y sin obsesión.;Seguir adiposidad central.;bajo;quincenal;seguimiento;media;Adaptar a historia clínica declarada, medicación, analíticas, cultura, economía, preferencias, etapa vital, riesgo de TCA y competencias profesionales. Derivar si hay señales de alarma.
Pérdida de grasa y control de peso;Baja saciedad en comidas;Comidas poco saciantes por baja proteína, fibra, volumen o estructura.;general;control_peso;bajo;"NUT2_SRC001;NUT2_SRC014";Seguimiento de peso y medidas;Usar tendencia de peso, cintura, fotos y adherencia, no solo un dato aislado.;bajo;seguimiento;Revisión mensual de medidas;Comparar peso, cintura, adherencia, hambre y energía.;Ajustar plan.;bajo;mensual;seguimiento;media;Adaptar a historia clínica declarada, medicación, analíticas, cultura, economía, preferencias, etapa vital, riesgo de TCA y competencias profesionales. Derivar si hay señales de alarma.
Pérdida de grasa y control de peso;Baja saciedad en comidas;Comidas poco saciantes por baja proteína, fibra, volumen o estructura.;general;control_peso;bajo;"NUT2_SRC001;NUT2_SRC014";Mantenimiento post-pérdida;Transición gradual a mantenimiento, hábitos, vigilancia flexible y prevención de rebote.;medio;control_peso;Plan de mantenimiento;Subir progresivamente hacia mantenimiento y conservar hábitos clave.;Prevenir rebote.;medio;2-8 semanas;control_peso;media;Adaptar a historia clínica declarada, medicación, analíticas, cultura, economía, preferencias, etapa vital, riesgo de TCA y competencias profesionales. Derivar si hay señales de alarma.
Pérdida de grasa y control de peso;Baja saciedad en comidas;Comidas poco saciantes por baja proteína, fibra, volumen o estructura.;general;control_peso;bajo;"NUT2_SRC001;NUT2_SRC014";Mantenimiento post-pérdida;Transición gradual a mantenimiento, hábitos, vigilancia flexible y prevención de rebote.;medio;control_peso;Semana de mantenimiento psicológico;Hacer semana sin déficit con hábitos base si hay fatiga dietética.;Mejorar sostenibilidad.;medio;cuando proceda;control_peso;media;Adaptar a historia clínica declarada, medicación, analíticas, cultura, economía, preferencias, etapa vital, riesgo de TCA y competencias profesionales. Derivar si hay señales de alarma.
Pérdida de grasa y control de peso;Baja saciedad en comidas;Comidas poco saciantes por baja proteína, fibra, volumen o estructura.;general;control_peso;bajo;"NUT2_SRC001;NUT2_SRC014";Reducción de bebidas azucaradas;Sustituir bebidas azucaradas por agua u opciones sin azúcar, si procede.;bajo;metabólica;Eliminar bebida azucarada habitual;Sustituir una bebida azucarada por agua, infusión o bebida sin azúcar.;Reducir azúcar líquido.;bajo;diario;metabólica;media;Adaptar a historia clínica declarada, medicación, analíticas, cultura, economía, preferencias, etapa vital, riesgo de TCA y competencias profesionales. Derivar si hay señales de alarma.
Pérdida de grasa y control de peso;Baja saciedad en comidas;Comidas poco saciantes por baja proteína, fibra, volumen o estructura.;general;control_peso;bajo;"NUT2_SRC001;NUT2_SRC014";Alimentación consciente;Observar hambre, saciedad, velocidad, emoción y satisfacción sin juicio.;bajo;conductual;Pausa consciente antes de comer;Parar 1 minuto y decidir si hay hambre física, emocional o ambas.;Reducir automatismos.;bajo;diario;conductual;media;Adaptar a historia clínica declarada, medicación, analíticas, cultura, economía, preferencias, etapa vital, riesgo de TCA y competencias profesionales. Derivar si hay señales de alarma.
Pérdida de grasa y control de peso;Baja saciedad en comidas;Comidas poco saciantes por baja proteína, fibra, volumen o estructura.;general;control_peso;bajo;"NUT2_SRC001;NUT2_SRC014";Flexibilidad alimentaria;Reducir pensamiento todo/nada e incluir elecciones disfrutables dentro del plan.;bajo;conductual;Registro de culpa alimentaria;Anotar alimento, pensamiento, emoción y respuesta flexible.;Reducir culpa y rigidez.;medio;7 días;conductual;media;Adaptar a historia clínica declarada, medicación, analíticas, cultura, economía, preferencias, etapa vital, riesgo de TCA y competencias profesionales. Derivar si hay señales de alarma.
Pérdida de grasa y control de peso;Baja saciedad en comidas;Comidas poco saciantes por baja proteína, fibra, volumen o estructura.;general;control_peso;bajo;"NUT2_SRC001;NUT2_SRC014";Flexibilidad alimentaria;Reducir pensamiento todo/nada e incluir elecciones disfrutables dentro del plan.;bajo;conductual;Comida flexible planificada;Incluir un alimento placentero en cantidad acordada sin compensación.;Reducir todo/nada.;bajo;semanal;conductual;media;Adaptar a historia clínica declarada, medicación, analíticas, cultura, economía, preferencias, etapa vital, riesgo de TCA y competencias profesionales. Derivar si hay señales de alarma.
Pérdida de grasa y control de peso;Baja saciedad en comidas;Comidas poco saciantes por baja proteína, fibra, volumen o estructura.;general;control_peso;bajo;"NUT2_SRC001;NUT2_SRC014";Flexibilidad alimentaria;Reducir pensamiento todo/nada e incluir elecciones disfrutables dentro del plan.;bajo;conductual;Revisión de alimentos tabú;Elegir un alimento evitado y trabajarlo con exposición flexible si procede.;Reducir rigidez.;medio;supervisado;conductual;media;Adaptar a historia clínica declarada, medicación, analíticas, cultura, economía, preferencias, etapa vital, riesgo de TCA y competencias profesionales. Derivar si hay señales de alarma.
Pérdida de grasa y control de peso;Baja saciedad en comidas;Comidas poco saciantes por baja proteína, fibra, volumen o estructura.;general;control_peso;bajo;"NUT2_SRC001;NUT2_SRC014";Flexibilidad alimentaria;Reducir pensamiento todo/nada e incluir elecciones disfrutables dentro del plan.;bajo;conductual;Plan de comidas sociales;Preparar estrategia de flexibilidad: elegir prioridades, disfrutar y volver normal.;Reducir miedo a eventos.;bajo;antes de evento;conductual;media;Adaptar a historia clínica declarada, medicación, analíticas, cultura, economía, preferencias, etapa vital, riesgo de TCA y competencias profesionales. Derivar si hay señales de alarma.
Pérdida de grasa y control de peso;Baja saciedad en comidas;Comidas poco saciantes por baja proteína, fibra, volumen o estructura.;general;control_peso;bajo;"NUT2_SRC001;NUT2_SRC014";Prevención de recaídas nutricionales;Planificar viajes, eventos, estrés y retorno tras desvíos.;bajo;hábitos;Plan viaje/eventos;Definir mínimos: proteína, agua, pasos, flexibilidad y vuelta al plan.;Prevenir recaídas rígidas.;bajo;antes de evento;hábitos;media;Adaptar a historia clínica declarada, medicación, analíticas, cultura, economía, preferencias, etapa vital, riesgo de TCA y competencias profesionales. Derivar si hay señales de alarma.
Pérdida de grasa y control de peso;Baja saciedad en comidas;Comidas poco saciantes por baja proteína, fibra, volumen o estructura.;general;control_peso;bajo;"NUT2_SRC001;NUT2_SRC014";Prevención de recaídas nutricionales;Planificar viajes, eventos, estrés y retorno tras desvíos.;bajo;hábitos;Plan de vuelta tras desvío;Definir siguiente comida normal, sin compensaciones extremas.;Evitar todo/nada.;bajo;cuando proceda;conductual;media;Adaptar a historia clínica declarada, medicación, analíticas, cultura, economía, preferencias, etapa vital, riesgo de TCA y competencias profesionales. Derivar si hay señales de alarma.
Pérdida de grasa y control de peso;Baja saciedad en comidas;Comidas poco saciantes por baja proteína, fibra, volumen o estructura.;general;control_peso;bajo;"NUT2_SRC001;NUT2_SRC014";Entrevista motivacional nutricional;Explorar ambivalencia, autonomía, barreras y pequeños compromisos.;bajo;conductual;Entrevista de barreras;Listar barreras, nivel de confianza y solución pequeña.;Mejorar adherencia.;bajo;semanal;conductual;media;Adaptar a historia clínica declarada, medicación, analíticas, cultura, economía, preferencias, etapa vital, riesgo de TCA y competencias profesionales. Derivar si hay señales de alarma.
Pérdida de grasa y control de peso;Miedo al efecto rebote;Preocupación por recuperar peso tras dieta o intentos previos.;adultos;control_peso;medio;"NUT2_SRC003;NUT2_SRC012";Déficit energético moderado;Crear reducción energética sostenible sin pautas extremas.;medio;control_peso;Déficit moderado por hábitos;Elegir 1-2 cambios sostenibles de ingesta/gasto sin dieta extrema.;Favorecer pérdida de grasa.;medio;semanal;control_peso;alta;Adaptar a historia clínica declarada, medicación, analíticas, cultura, economía, preferencias, etapa vital, riesgo de TCA y competencias profesionales. Derivar si hay señales de alarma.
Pérdida de grasa y control de peso;Miedo al efecto rebote;Preocupación por recuperar peso tras dieta o intentos previos.;adultos;control_peso;medio;"NUT2_SRC003;NUT2_SRC012";Control de saciedad;Ajustar proteína, fibra, volumen, horarios y densidad energética.;bajo;control_peso;Aumentar saciedad en comida clave;Añadir proteína/fibra/volumen a la comida con más hambre posterior.;Reducir hambre y picoteo.;bajo;diario;control_peso;media;Adaptar a historia clínica declarada, medicación, analíticas, cultura, economía, preferencias, etapa vital, riesgo de TCA y competencias profesionales. Derivar si hay señales de alarma.
Pérdida de grasa y control de peso;Miedo al efecto rebote;Preocupación por recuperar peso tras dieta o intentos previos.;adultos;control_peso;medio;"NUT2_SRC003;NUT2_SRC012";Control de saciedad;Ajustar proteína, fibra, volumen, horarios y densidad energética.;bajo;control_peso;Semáforo de hambre;Clasificar hambre 0-3 baja, 4-7 adecuada, 8-10 alta y ajustar comidas.;Gestionar hambre.;bajo;diario;control_peso;media;Adaptar a historia clínica declarada, medicación, analíticas, cultura, economía, preferencias, etapa vital, riesgo de TCA y competencias profesionales. Derivar si hay señales de alarma.
Pérdida de grasa y control de peso;Miedo al efecto rebote;Preocupación por recuperar peso tras dieta o intentos previos.;adultos;control_peso;medio;"NUT2_SRC003;NUT2_SRC012";Control de saciedad;Ajustar proteína, fibra, volumen, horarios y densidad energética.;bajo;control_peso;Revisión de saciedad del desayuno;Valorar hambre 2-3h después y ajustar proteína/fibra.;Reducir hambre matutina.;bajo;7 días;control_peso;media;Adaptar a historia clínica declarada, medicación, analíticas, cultura, economía, preferencias, etapa vital, riesgo de TCA y competencias profesionales. Derivar si hay señales de alarma.
Pérdida de grasa y control de peso;Miedo al efecto rebote;Preocupación por recuperar peso tras dieta o intentos previos.;adultos;control_peso;medio;"NUT2_SRC003;NUT2_SRC012";Seguimiento de peso y medidas;Usar tendencia de peso, cintura, fotos y adherencia, no solo un dato aislado.;bajo;seguimiento;Peso medio semanal;Registrar peso 3-7 días y usar media, si es adecuado para la persona.;Valorar tendencia.;bajo;semanal;seguimiento;media;Adaptar a historia clínica declarada, medicación, analíticas, cultura, economía, preferencias, etapa vital, riesgo de TCA y competencias profesionales. Derivar si hay señales de alarma.
Pérdida de grasa y control de peso;Miedo al efecto rebote;Preocupación por recuperar peso tras dieta o intentos previos.;adultos;control_peso;medio;"NUT2_SRC003;NUT2_SRC012";Seguimiento de peso y medidas;Usar tendencia de peso, cintura, fotos y adherencia, no solo un dato aislado.;bajo;seguimiento;Medida de cintura;Medir cintura con mismo criterio y sin obsesión.;Seguir adiposidad central.;bajo;quincenal;seguimiento;media;Adaptar a historia clínica declarada, medicación, analíticas, cultura, economía, preferencias, etapa vital, riesgo de TCA y competencias profesionales. Derivar si hay señales de alarma.
Pérdida de grasa y control de peso;Miedo al efecto rebote;Preocupación por recuperar peso tras dieta o intentos previos.;adultos;control_peso;medio;"NUT2_SRC003;NUT2_SRC012";Seguimiento de peso y medidas;Usar tendencia de peso, cintura, fotos y adherencia, no solo un dato aislado.;bajo;seguimiento;Revisión mensual de medidas;Comparar peso, cintura, adherencia, hambre y energía.;Ajustar plan.;bajo;mensual;seguimiento;media;Adaptar a historia clínica declarada, medicación, analíticas, cultura, economía, preferencias, etapa vital, riesgo de TCA y competencias profesionales. Derivar si hay señales de alarma.
Pérdida de grasa y control de peso;Miedo al efecto rebote;Preocupación por recuperar peso tras dieta o intentos previos.;adultos;control_peso;medio;"NUT2_SRC003;NUT2_SRC012";Mantenimiento post-pérdida;Transición gradual a mantenimiento, hábitos, vigilancia flexible y prevención de rebote.;medio;control_peso;Plan de mantenimiento;Subir progresivamente hacia mantenimiento y conservar hábitos clave.;Prevenir rebote.;medio;2-8 semanas;control_peso;media;Adaptar a historia clínica declarada, medicación, analíticas, cultura, economía, preferencias, etapa vital, riesgo de TCA y competencias profesionales. Derivar si hay señales de alarma.
Pérdida de grasa y control de peso;Miedo al efecto rebote;Preocupación por recuperar peso tras dieta o intentos previos.;adultos;control_peso;medio;"NUT2_SRC003;NUT2_SRC012";Mantenimiento post-pérdida;Transición gradual a mantenimiento, hábitos, vigilancia flexible y prevención de rebote.;medio;control_peso;Semana de mantenimiento psicológico;Hacer semana sin déficit con hábitos base si hay fatiga dietética.;Mejorar sostenibilidad.;medio;cuando proceda;control_peso;media;Adaptar a historia clínica declarada, medicación, analíticas, cultura, economía, preferencias, etapa vital, riesgo de TCA y competencias profesionales. Derivar si hay señales de alarma.
Pérdida de grasa y control de peso;Miedo al efecto rebote;Preocupación por recuperar peso tras dieta o intentos previos.;adultos;control_peso;medio;"NUT2_SRC003;NUT2_SRC012";Reducción de bebidas azucaradas;Sustituir bebidas azucaradas por agua u opciones sin azúcar, si procede.;bajo;metabólica;Eliminar bebida azucarada habitual;Sustituir una bebida azucarada por agua, infusión o bebida sin azúcar.;Reducir azúcar líquido.;bajo;diario;metabólica;media;Adaptar a historia clínica declarada, medicación, analíticas, cultura, economía, preferencias, etapa vital, riesgo de TCA y competencias profesionales. Derivar si hay señales de alarma.
Pérdida de grasa y control de peso;Miedo al efecto rebote;Preocupación por recuperar peso tras dieta o intentos previos.;adultos;control_peso;medio;"NUT2_SRC003;NUT2_SRC012";Alimentación consciente;Observar hambre, saciedad, velocidad, emoción y satisfacción sin juicio.;bajo;conductual;Pausa consciente antes de comer;Parar 1 minuto y decidir si hay hambre física, emocional o ambas.;Reducir automatismos.;bajo;diario;conductual;media;Adaptar a historia clínica declarada, medicación, analíticas, cultura, economía, preferencias, etapa vital, riesgo de TCA y competencias profesionales. Derivar si hay señales de alarma.
Pérdida de grasa y control de peso;Miedo al efecto rebote;Preocupación por recuperar peso tras dieta o intentos previos.;adultos;control_peso;medio;"NUT2_SRC003;NUT2_SRC012";Flexibilidad alimentaria;Reducir pensamiento todo/nada e incluir elecciones disfrutables dentro del plan.;bajo;conductual;Registro de culpa alimentaria;Anotar alimento, pensamiento, emoción y respuesta flexible.;Reducir culpa y rigidez.;medio;7 días;conductual;media;Adaptar a historia clínica declarada, medicación, analíticas, cultura, economía, preferencias, etapa vital, riesgo de TCA y competencias profesionales. Derivar si hay señales de alarma.
Pérdida de grasa y control de peso;Miedo al efecto rebote;Preocupación por recuperar peso tras dieta o intentos previos.;adultos;control_peso;medio;"NUT2_SRC003;NUT2_SRC012";Flexibilidad alimentaria;Reducir pensamiento todo/nada e incluir elecciones disfrutables dentro del plan.;bajo;conductual;Comida flexible planificada;Incluir un alimento placentero en cantidad acordada sin compensación.;Reducir todo/nada.;bajo;semanal;conductual;media;Adaptar a historia clínica declarada, medicación, analíticas, cultura, economía, preferencias, etapa vital, riesgo de TCA y competencias profesionales. Derivar si hay señales de alarma.
Pérdida de grasa y control de peso;Miedo al efecto rebote;Preocupación por recuperar peso tras dieta o intentos previos.;adultos;control_peso;medio;"NUT2_SRC003;NUT2_SRC012";Flexibilidad alimentaria;Reducir pensamiento todo/nada e incluir elecciones disfrutables dentro del plan.;bajo;conductual;Revisión de alimentos tabú;Elegir un alimento evitado y trabajarlo con exposición flexible si procede.;Reducir rigidez.;medio;supervisado;conductual;media;Adaptar a historia clínica declarada, medicación, analíticas, cultura, economía, preferencias, etapa vital, riesgo de TCA y competencias profesionales. Derivar si hay señales de alarma.
Pérdida de grasa y control de peso;Miedo al efecto rebote;Preocupación por recuperar peso tras dieta o intentos previos.;adultos;control_peso;medio;"NUT2_SRC003;NUT2_SRC012";Flexibilidad alimentaria;Reducir pensamiento todo/nada e incluir elecciones disfrutables dentro del plan.;bajo;conductual;Plan de comidas sociales;Preparar estrategia de flexibilidad: elegir prioridades, disfrutar y volver normal.;Reducir miedo a eventos.;bajo;antes de evento;conductual;media;Adaptar a historia clínica declarada, medicación, analíticas, cultura, economía, preferencias, etapa vital, riesgo de TCA y competencias profesionales. Derivar si hay señales de alarma.
Pérdida de grasa y control de peso;Miedo al efecto rebote;Preocupación por recuperar peso tras dieta o intentos previos.;adultos;control_peso;medio;"NUT2_SRC003;NUT2_SRC012";Prevención de recaídas nutricionales;Planificar viajes, eventos, estrés y retorno tras desvíos.;bajo;hábitos;Plan viaje/eventos;Definir mínimos: proteína, agua, pasos, flexibilidad y vuelta al plan.;Prevenir recaídas rígidas.;bajo;antes de evento;hábitos;media;Adaptar a historia clínica declarada, medicación, analíticas, cultura, economía, preferencias, etapa vital, riesgo de TCA y competencias profesionales. Derivar si hay señales de alarma.
Pérdida de grasa y control de peso;Miedo al efecto rebote;Preocupación por recuperar peso tras dieta o intentos previos.;adultos;control_peso;medio;"NUT2_SRC003;NUT2_SRC012";Prevención de recaídas nutricionales;Planificar viajes, eventos, estrés y retorno tras desvíos.;bajo;hábitos;Plan de vuelta tras desvío;Definir siguiente comida normal, sin compensaciones extremas.;Evitar todo/nada.;bajo;cuando proceda;conductual;media;Adaptar a historia clínica declarada, medicación, analíticas, cultura, economía, preferencias, etapa vital, riesgo de TCA y competencias profesionales. Derivar si hay señales de alarma.
Pérdida de grasa y control de peso;Miedo al efecto rebote;Preocupación por recuperar peso tras dieta o intentos previos.;adultos;control_peso;medio;"NUT2_SRC003;NUT2_SRC012";Entrevista motivacional nutricional;Explorar ambivalencia, autonomía, barreras y pequeños compromisos.;bajo;conductual;Entrevista de barreras;Listar barreras, nivel de confianza y solución pequeña.;Mejorar adherencia.;bajo;semanal;conductual;media;Adaptar a historia clínica declarada, medicación, analíticas, cultura, economía, preferencias, etapa vital, riesgo de TCA y competencias profesionales. Derivar si hay señales de alarma.
Pérdida de grasa y control de peso;Control de cintura abdominal;Necesidad de seguimiento de perímetro abdominal como indicador de adiposidad central.;adultos;seguimiento;medio;NUT2_SRC003;Déficit energético moderado;Crear reducción energética sostenible sin pautas extremas.;medio;control_peso;Déficit moderado por hábitos;Elegir 1-2 cambios sostenibles de ingesta/gasto sin dieta extrema.;Favorecer pérdida de grasa.;medio;semanal;control_peso;alta;Adaptar a historia clínica declarada, medicación, analíticas, cultura, economía, preferencias, etapa vital, riesgo de TCA y competencias profesionales. Derivar si hay señales de alarma.
Pérdida de grasa y control de peso;Control de cintura abdominal;Necesidad de seguimiento de perímetro abdominal como indicador de adiposidad central.;adultos;seguimiento;medio;NUT2_SRC003;Control de saciedad;Ajustar proteína, fibra, volumen, horarios y densidad energética.;bajo;control_peso;Aumentar saciedad en comida clave;Añadir proteína/fibra/volumen a la comida con más hambre posterior.;Reducir hambre y picoteo.;bajo;diario;control_peso;media;Adaptar a historia clínica declarada, medicación, analíticas, cultura, economía, preferencias, etapa vital, riesgo de TCA y competencias profesionales. Derivar si hay señales de alarma.
Pérdida de grasa y control de peso;Control de cintura abdominal;Necesidad de seguimiento de perímetro abdominal como indicador de adiposidad central.;adultos;seguimiento;medio;NUT2_SRC003;Control de saciedad;Ajustar proteína, fibra, volumen, horarios y densidad energética.;bajo;control_peso;Semáforo de hambre;Clasificar hambre 0-3 baja, 4-7 adecuada, 8-10 alta y ajustar comidas.;Gestionar hambre.;bajo;diario;control_peso;media;Adaptar a historia clínica declarada, medicación, analíticas, cultura, economía, preferencias, etapa vital, riesgo de TCA y competencias profesionales. Derivar si hay señales de alarma.
Pérdida de grasa y control de peso;Control de cintura abdominal;Necesidad de seguimiento de perímetro abdominal como indicador de adiposidad central.;adultos;seguimiento;medio;NUT2_SRC003;Control de saciedad;Ajustar proteína, fibra, volumen, horarios y densidad energética.;bajo;control_peso;Revisión de saciedad del desayuno;Valorar hambre 2-3h después y ajustar proteína/fibra.;Reducir hambre matutina.;bajo;7 días;control_peso;media;Adaptar a historia clínica declarada, medicación, analíticas, cultura, economía, preferencias, etapa vital, riesgo de TCA y competencias profesionales. Derivar si hay señales de alarma.
Pérdida de grasa y control de peso;Control de cintura abdominal;Necesidad de seguimiento de perímetro abdominal como indicador de adiposidad central.;adultos;seguimiento;medio;NUT2_SRC003;Seguimiento de peso y medidas;Usar tendencia de peso, cintura, fotos y adherencia, no solo un dato aislado.;bajo;seguimiento;Peso medio semanal;Registrar peso 3-7 días y usar media, si es adecuado para la persona.;Valorar tendencia.;bajo;semanal;seguimiento;media;Adaptar a historia clínica declarada, medicación, analíticas, cultura, economía, preferencias, etapa vital, riesgo de TCA y competencias profesionales. Derivar si hay señales de alarma.
Pérdida de grasa y control de peso;Control de cintura abdominal;Necesidad de seguimiento de perímetro abdominal como indicador de adiposidad central.;adultos;seguimiento;medio;NUT2_SRC003;Seguimiento de peso y medidas;Usar tendencia de peso, cintura, fotos y adherencia, no solo un dato aislado.;bajo;seguimiento;Medida de cintura;Medir cintura con mismo criterio y sin obsesión.;Seguir adiposidad central.;bajo;quincenal;seguimiento;media;Adaptar a historia clínica declarada, medicación, analíticas, cultura, economía, preferencias, etapa vital, riesgo de TCA y competencias profesionales. Derivar si hay señales de alarma.
Pérdida de grasa y control de peso;Control de cintura abdominal;Necesidad de seguimiento de perímetro abdominal como indicador de adiposidad central.;adultos;seguimiento;medio;NUT2_SRC003;Seguimiento de peso y medidas;Usar tendencia de peso, cintura, fotos y adherencia, no solo un dato aislado.;bajo;seguimiento;Revisión mensual de medidas;Comparar peso, cintura, adherencia, hambre y energía.;Ajustar plan.;bajo;mensual;seguimiento;media;Adaptar a historia clínica declarada, medicación, analíticas, cultura, economía, preferencias, etapa vital, riesgo de TCA y competencias profesionales. Derivar si hay señales de alarma.
Pérdida de grasa y control de peso;Control de cintura abdominal;Necesidad de seguimiento de perímetro abdominal como indicador de adiposidad central.;adultos;seguimiento;medio;NUT2_SRC003;Mantenimiento post-pérdida;Transición gradual a mantenimiento, hábitos, vigilancia flexible y prevención de rebote.;medio;control_peso;Plan de mantenimiento;Subir progresivamente hacia mantenimiento y conservar hábitos clave.;Prevenir rebote.;medio;2-8 semanas;control_peso;media;Adaptar a historia clínica declarada, medicación, analíticas, cultura, economía, preferencias, etapa vital, riesgo de TCA y competencias profesionales. Derivar si hay señales de alarma.
Pérdida de grasa y control de peso;Control de cintura abdominal;Necesidad de seguimiento de perímetro abdominal como indicador de adiposidad central.;adultos;seguimiento;medio;NUT2_SRC003;Mantenimiento post-pérdida;Transición gradual a mantenimiento, hábitos, vigilancia flexible y prevención de rebote.;medio;control_peso;Semana de mantenimiento psicológico;Hacer semana sin déficit con hábitos base si hay fatiga dietética.;Mejorar sostenibilidad.;medio;cuando proceda;control_peso;media;Adaptar a historia clínica declarada, medicación, analíticas, cultura, economía, preferencias, etapa vital, riesgo de TCA y competencias profesionales. Derivar si hay señales de alarma.
Pérdida de grasa y control de peso;Control de cintura abdominal;Necesidad de seguimiento de perímetro abdominal como indicador de adiposidad central.;adultos;seguimiento;medio;NUT2_SRC003;Reducción de bebidas azucaradas;Sustituir bebidas azucaradas por agua u opciones sin azúcar, si procede.;bajo;metabólica;Eliminar bebida azucarada habitual;Sustituir una bebida azucarada por agua, infusión o bebida sin azúcar.;Reducir azúcar líquido.;bajo;diario;metabólica;media;Adaptar a historia clínica declarada, medicación, analíticas, cultura, economía, preferencias, etapa vital, riesgo de TCA y competencias profesionales. Derivar si hay señales de alarma.
Pérdida de grasa y control de peso;Control de cintura abdominal;Necesidad de seguimiento de perímetro abdominal como indicador de adiposidad central.;adultos;seguimiento;medio;NUT2_SRC003;Alimentación consciente;Observar hambre, saciedad, velocidad, emoción y satisfacción sin juicio.;bajo;conductual;Pausa consciente antes de comer;Parar 1 minuto y decidir si hay hambre física, emocional o ambas.;Reducir automatismos.;bajo;diario;conductual;media;Adaptar a historia clínica declarada, medicación, analíticas, cultura, economía, preferencias, etapa vital, riesgo de TCA y competencias profesionales. Derivar si hay señales de alarma.
Pérdida de grasa y control de peso;Control de cintura abdominal;Necesidad de seguimiento de perímetro abdominal como indicador de adiposidad central.;adultos;seguimiento;medio;NUT2_SRC003;Flexibilidad alimentaria;Reducir pensamiento todo/nada e incluir elecciones disfrutables dentro del plan.;bajo;conductual;Registro de culpa alimentaria;Anotar alimento, pensamiento, emoción y respuesta flexible.;Reducir culpa y rigidez.;medio;7 días;conductual;media;Adaptar a historia clínica declarada, medicación, analíticas, cultura, economía, preferencias, etapa vital, riesgo de TCA y competencias profesionales. Derivar si hay señales de alarma.
Pérdida de grasa y control de peso;Control de cintura abdominal;Necesidad de seguimiento de perímetro abdominal como indicador de adiposidad central.;adultos;seguimiento;medio;NUT2_SRC003;Flexibilidad alimentaria;Reducir pensamiento todo/nada e incluir elecciones disfrutables dentro del plan.;bajo;conductual;Comida flexible planificada;Incluir un alimento placentero en cantidad acordada sin compensación.;Reducir todo/nada.;bajo;semanal;conductual;media;Adaptar a historia clínica declarada, medicación, analíticas, cultura, economía, preferencias, etapa vital, riesgo de TCA y competencias profesionales. Derivar si hay señales de alarma.
Pérdida de grasa y control de peso;Control de cintura abdominal;Necesidad de seguimiento de perímetro abdominal como indicador de adiposidad central.;adultos;seguimiento;medio;NUT2_SRC003;Flexibilidad alimentaria;Reducir pensamiento todo/nada e incluir elecciones disfrutables dentro del plan.;bajo;conductual;Revisión de alimentos tabú;Elegir un alimento evitado y trabajarlo con exposición flexible si procede.;Reducir rigidez.;medio;supervisado;conductual;media;Adaptar a historia clínica declarada, medicación, analíticas, cultura, economía, preferencias, etapa vital, riesgo de TCA y competencias profesionales. Derivar si hay señales de alarma.
Pérdida de grasa y control de peso;Control de cintura abdominal;Necesidad de seguimiento de perímetro abdominal como indicador de adiposidad central.;adultos;seguimiento;medio;NUT2_SRC003;Flexibilidad alimentaria;Reducir pensamiento todo/nada e incluir elecciones disfrutables dentro del plan.;bajo;conductual;Plan de comidas sociales;Preparar estrategia de flexibilidad: elegir prioridades, disfrutar y volver normal.;Reducir miedo a eventos.;bajo;antes de evento;conductual;media;Adaptar a historia clínica declarada, medicación, analíticas, cultura, economía, preferencias, etapa vital, riesgo de TCA y competencias profesionales. Derivar si hay señales de alarma.
Pérdida de grasa y control de peso;Control de cintura abdominal;Necesidad de seguimiento de perímetro abdominal como indicador de adiposidad central.;adultos;seguimiento;medio;NUT2_SRC003;Prevención de recaídas nutricionales;Planificar viajes, eventos, estrés y retorno tras desvíos.;bajo;hábitos;Plan viaje/eventos;Definir mínimos: proteína, agua, pasos, flexibilidad y vuelta al plan.;Prevenir recaídas rígidas.;bajo;antes de evento;hábitos;media;Adaptar a historia clínica declarada, medicación, analíticas, cultura, economía, preferencias, etapa vital, riesgo de TCA y competencias profesionales. Derivar si hay señales de alarma.
Pérdida de grasa y control de peso;Control de cintura abdominal;Necesidad de seguimiento de perímetro abdominal como indicador de adiposidad central.;adultos;seguimiento;medio;NUT2_SRC003;Prevención de recaídas nutricionales;Planificar viajes, eventos, estrés y retorno tras desvíos.;bajo;hábitos;Plan de vuelta tras desvío;Definir siguiente comida normal, sin compensaciones extremas.;Evitar todo/nada.;bajo;cuando proceda;conductual;media;Adaptar a historia clínica declarada, medicación, analíticas, cultura, economía, preferencias, etapa vital, riesgo de TCA y competencias profesionales. Derivar si hay señales de alarma.
Pérdida de grasa y control de peso;Control de cintura abdominal;Necesidad de seguimiento de perímetro abdominal como indicador de adiposidad central.;adultos;seguimiento;medio;NUT2_SRC003;Entrevista motivacional nutricional;Explorar ambivalencia, autonomía, barreras y pequeños compromisos.;bajo;conductual;Entrevista de barreras;Listar barreras, nivel de confianza y solución pequeña.;Mejorar adherencia.;bajo;semanal;conductual;media;Adaptar a historia clínica declarada, medicación, analíticas, cultura, economía, preferencias, etapa vital, riesgo de TCA y competencias profesionales. Derivar si hay señales de alarma.
Ganancia muscular y nutrición deportiva;Ganancia de masa muscular;Objetivo de apoyar hipertrofia con energía, proteína y constancia.;deportistas/general;deportiva;bajo;NUT2_SRC016;Proteína objetivo;Asegurar proteína suficiente según objetivo, preferencias y contexto.;bajo;deportiva;Distribuir proteína diaria;Incluir fuente proteica en 3-4 comidas según objetivo.;Mejorar saciedad/músculo.;bajo;diario;deportiva;alta;Adaptar a historia clínica declarada, medicación, analíticas, cultura, economía, preferencias, etapa vital, riesgo de TCA y competencias profesionales. Derivar si hay señales de alarma.
Ganancia muscular y nutrición deportiva;Ganancia de masa muscular;Objetivo de apoyar hipertrofia con energía, proteína y constancia.;deportistas/general;deportiva;bajo;NUT2_SRC016;Timing alrededor del entrenamiento;Organizar comida pre/post entreno de forma práctica.;bajo;deportiva;Comida pre-entreno;Planificar opción digerible y energética antes de entrenar.;Mejorar rendimiento.;bajo;según entreno;deportiva;media;Adaptar a historia clínica declarada, medicación, analíticas, cultura, economía, preferencias, etapa vital, riesgo de TCA y competencias profesionales. Derivar si hay señales de alarma.
Ganancia muscular y nutrición deportiva;Ganancia de masa muscular;Objetivo de apoyar hipertrofia con energía, proteína y constancia.;deportistas/general;deportiva;bajo;NUT2_SRC016;Timing alrededor del entrenamiento;Organizar comida pre/post entreno de forma práctica.;bajo;deportiva;Comida post-entreno;Asegurar comida con proteína y energía tras entrenamiento.;Apoyar recuperación.;bajo;según entreno;deportiva;media;Adaptar a historia clínica declarada, medicación, analíticas, cultura, economía, preferencias, etapa vital, riesgo de TCA y competencias profesionales. Derivar si hay señales de alarma.
Ganancia muscular y nutrición deportiva;Ganancia de masa muscular;Objetivo de apoyar hipertrofia con energía, proteína y constancia.;deportistas/general;deportiva;bajo;NUT2_SRC016;Timing alrededor del entrenamiento;Organizar comida pre/post entreno de forma práctica.;bajo;deportiva;Plan de hidratos para entrenamiento;Elegir fuente de hidrato antes/después según duración e intensidad.;Mejorar rendimiento.;bajo;según entreno;deportiva;media;Adaptar a historia clínica declarada, medicación, analíticas, cultura, economía, preferencias, etapa vital, riesgo de TCA y competencias profesionales. Derivar si hay señales de alarma.
Ganancia muscular y nutrición deportiva;Ganancia de masa muscular;Objetivo de apoyar hipertrofia con energía, proteína y constancia.;deportistas/general;deportiva;bajo;NUT2_SRC016;Nutrición para hipertrofia;Ajustar energía, proteína, reparto y seguimiento de rendimiento/peso.;bajo;deportiva;Plan hipercalórico gradual;Añadir pequeña cantidad energética diaria y revisar peso/rendimiento.;Ganar músculo con control.;bajo;semanal;deportiva;media;Adaptar a historia clínica declarada, medicación, analíticas, cultura, economía, preferencias, etapa vital, riesgo de TCA y competencias profesionales. Derivar si hay señales de alarma.
Ganancia muscular y nutrición deportiva;Ganancia de masa muscular;Objetivo de apoyar hipertrofia con energía, proteína y constancia.;deportistas/general;deportiva;bajo;NUT2_SRC016;Nutrición para resistencia;Planificar energía, carbohidratos, hidratación y recuperación para sesiones largas.;medio;deportiva;Plan para sesión larga;Preparar hidratación y aporte energético si la sesión lo requiere.;Sostener resistencia.;medio;antes de sesión;deportiva;media;Adaptar a historia clínica declarada, medicación, analíticas, cultura, economía, preferencias, etapa vital, riesgo de TCA y competencias profesionales. Derivar si hay señales de alarma.
Ganancia muscular y nutrición deportiva;Ganancia de masa muscular;Objetivo de apoyar hipertrofia con energía, proteína y constancia.;deportistas/general;deportiva;bajo;NUT2_SRC016;Plan de hidratación;Definir meta de agua y estrategias según clima, actividad y preferencias.;bajo;hábitos;Plan de hidratación;Definir botella/meta y momentos fijos de agua.;Mejorar hidratación.;bajo;diario;hábitos;media;Adaptar a historia clínica declarada, medicación, analíticas, cultura, economía, preferencias, etapa vital, riesgo de TCA y competencias profesionales. Derivar si hay señales de alarma.
Ganancia muscular y nutrición deportiva;Ganancia de masa muscular;Objetivo de apoyar hipertrofia con energía, proteína y constancia.;deportistas/general;deportiva;bajo;NUT2_SRC016;Suplementación segura;Evaluar necesidad, evidencia, dosis, interacciones y derivación si procede.;medio;suplementación;Revisión suplemento actual;Listar suplementos, dosis, motivo, coste y evidencia/seguridad.;Evitar exceso o riesgo.;medio;30 min;suplementación;media;Adaptar a historia clínica declarada, medicación, analíticas, cultura, economía, preferencias, etapa vital, riesgo de TCA y competencias profesionales. Derivar si hay señales de alarma.
Ganancia muscular y nutrición deportiva;Ganancia de masa muscular;Objetivo de apoyar hipertrofia con energía, proteína y constancia.;deportistas/general;deportiva;bajo;NUT2_SRC016;Suplementación segura;Evaluar necesidad, evidencia, dosis, interacciones y derivación si procede.;medio;suplementación;Revisión de suplementos con profesional sanitario;Consultar si hay enfermedad, medicación, embarazo, analíticas o dosis altas.;Evitar riesgos.;alto;si procede;suplementación;media;Adaptar a historia clínica declarada, medicación, analíticas, cultura, economía, preferencias, etapa vital, riesgo de TCA y competencias profesionales. Derivar si hay señales de alarma.
Ganancia muscular y nutrición deportiva;Ganancia de masa muscular;Objetivo de apoyar hipertrofia con energía, proteína y constancia.;deportistas/general;deportiva;bajo;NUT2_SRC016;Proteína en polvo como herramienta;Usar suplemento proteico solo como recurso práctico dentro de dieta.;bajo;suplementación;Usar proteína en polvo como recurso;Planificar cuándo usar batido si no se llega a proteína con comida.;Facilitar objetivo proteico.;bajo;según necesidad;suplementación;media;Adaptar a historia clínica declarada, medicación, analíticas, cultura, economía, preferencias, etapa vital, riesgo de TCA y competencias profesionales. Derivar si hay señales de alarma.
Ganancia muscular y nutrición deportiva;Ganancia de masa muscular;Objetivo de apoyar hipertrofia con energía, proteína y constancia.;deportistas/general;deportiva;bajo;NUT2_SRC016;Seguimiento de adherencia;Medir cumplimiento de hábitos, barreras y ajustes sin culpabilizar.;bajo;seguimiento;Seguimiento de adherencia semanal;Marcar hábitos cumplidos, barreras y ajustes.;Ajustar sin culpabilizar.;bajo;semanal;seguimiento;media;Adaptar a historia clínica declarada, medicación, analíticas, cultura, economía, preferencias, etapa vital, riesgo de TCA y competencias profesionales. Derivar si hay señales de alarma.
Ganancia muscular y nutrición deportiva;Ganancia de masa muscular;Objetivo de apoyar hipertrofia con energía, proteína y constancia.;deportistas/general;deportiva;bajo;NUT2_SRC016;Seguimiento de adherencia;Medir cumplimiento de hábitos, barreras y ajustes sin culpabilizar.;bajo;seguimiento;Diario de energía y sueño;Registrar energía, sueño, hambre y rendimiento.;Relacionar recuperación y alimentación.;bajo;7 días;seguimiento;media;Adaptar a historia clínica declarada, medicación, analíticas, cultura, economía, preferencias, etapa vital, riesgo de TCA y competencias profesionales. Derivar si hay señales de alarma.
Ganancia muscular y nutrición deportiva;Proteína insuficiente;Ingesta proteica baja para objetivos de fuerza, saciedad o mantenimiento muscular.;general/deportistas;deportiva;bajo;NUT2_SRC016;Proteína objetivo;Asegurar proteína suficiente según objetivo, preferencias y contexto.;bajo;deportiva;Distribuir proteína diaria;Incluir fuente proteica en 3-4 comidas según objetivo.;Mejorar saciedad/músculo.;bajo;diario;deportiva;alta;Adaptar a historia clínica declarada, medicación, analíticas, cultura, economía, preferencias, etapa vital, riesgo de TCA y competencias profesionales. Derivar si hay señales de alarma.
Ganancia muscular y nutrición deportiva;Proteína insuficiente;Ingesta proteica baja para objetivos de fuerza, saciedad o mantenimiento muscular.;general/deportistas;deportiva;bajo;NUT2_SRC016;Timing alrededor del entrenamiento;Organizar comida pre/post entreno de forma práctica.;bajo;deportiva;Comida pre-entreno;Planificar opción digerible y energética antes de entrenar.;Mejorar rendimiento.;bajo;según entreno;deportiva;media;Adaptar a historia clínica declarada, medicación, analíticas, cultura, economía, preferencias, etapa vital, riesgo de TCA y competencias profesionales. Derivar si hay señales de alarma.
Ganancia muscular y nutrición deportiva;Proteína insuficiente;Ingesta proteica baja para objetivos de fuerza, saciedad o mantenimiento muscular.;general/deportistas;deportiva;bajo;NUT2_SRC016;Timing alrededor del entrenamiento;Organizar comida pre/post entreno de forma práctica.;bajo;deportiva;Comida post-entreno;Asegurar comida con proteína y energía tras entrenamiento.;Apoyar recuperación.;bajo;según entreno;deportiva;media;Adaptar a historia clínica declarada, medicación, analíticas, cultura, economía, preferencias, etapa vital, riesgo de TCA y competencias profesionales. Derivar si hay señales de alarma.
Ganancia muscular y nutrición deportiva;Proteína insuficiente;Ingesta proteica baja para objetivos de fuerza, saciedad o mantenimiento muscular.;general/deportistas;deportiva;bajo;NUT2_SRC016;Timing alrededor del entrenamiento;Organizar comida pre/post entreno de forma práctica.;bajo;deportiva;Plan de hidratos para entrenamiento;Elegir fuente de hidrato antes/después según duración e intensidad.;Mejorar rendimiento.;bajo;según entreno;deportiva;media;Adaptar a historia clínica declarada, medicación, analíticas, cultura, economía, preferencias, etapa vital, riesgo de TCA y competencias profesionales. Derivar si hay señales de alarma.
Ganancia muscular y nutrición deportiva;Proteína insuficiente;Ingesta proteica baja para objetivos de fuerza, saciedad o mantenimiento muscular.;general/deportistas;deportiva;bajo;NUT2_SRC016;Nutrición para hipertrofia;Ajustar energía, proteína, reparto y seguimiento de rendimiento/peso.;bajo;deportiva;Plan hipercalórico gradual;Añadir pequeña cantidad energética diaria y revisar peso/rendimiento.;Ganar músculo con control.;bajo;semanal;deportiva;media;Adaptar a historia clínica declarada, medicación, analíticas, cultura, economía, preferencias, etapa vital, riesgo de TCA y competencias profesionales. Derivar si hay señales de alarma.
Ganancia muscular y nutrición deportiva;Proteína insuficiente;Ingesta proteica baja para objetivos de fuerza, saciedad o mantenimiento muscular.;general/deportistas;deportiva;bajo;NUT2_SRC016;Nutrición para resistencia;Planificar energía, carbohidratos, hidratación y recuperación para sesiones largas.;medio;deportiva;Plan para sesión larga;Preparar hidratación y aporte energético si la sesión lo requiere.;Sostener resistencia.;medio;antes de sesión;deportiva;media;Adaptar a historia clínica declarada, medicación, analíticas, cultura, economía, preferencias, etapa vital, riesgo de TCA y competencias profesionales. Derivar si hay señales de alarma.
Ganancia muscular y nutrición deportiva;Proteína insuficiente;Ingesta proteica baja para objetivos de fuerza, saciedad o mantenimiento muscular.;general/deportistas;deportiva;bajo;NUT2_SRC016;Plan de hidratación;Definir meta de agua y estrategias según clima, actividad y preferencias.;bajo;hábitos;Plan de hidratación;Definir botella/meta y momentos fijos de agua.;Mejorar hidratación.;bajo;diario;hábitos;media;Adaptar a historia clínica declarada, medicación, analíticas, cultura, economía, preferencias, etapa vital, riesgo de TCA y competencias profesionales. Derivar si hay señales de alarma.
Ganancia muscular y nutrición deportiva;Proteína insuficiente;Ingesta proteica baja para objetivos de fuerza, saciedad o mantenimiento muscular.;general/deportistas;deportiva;bajo;NUT2_SRC016;Suplementación segura;Evaluar necesidad, evidencia, dosis, interacciones y derivación si procede.;medio;suplementación;Revisión suplemento actual;Listar suplementos, dosis, motivo, coste y evidencia/seguridad.;Evitar exceso o riesgo.;medio;30 min;suplementación;media;Adaptar a historia clínica declarada, medicación, analíticas, cultura, economía, preferencias, etapa vital, riesgo de TCA y competencias profesionales. Derivar si hay señales de alarma.
Ganancia muscular y nutrición deportiva;Proteína insuficiente;Ingesta proteica baja para objetivos de fuerza, saciedad o mantenimiento muscular.;general/deportistas;deportiva;bajo;NUT2_SRC016;Suplementación segura;Evaluar necesidad, evidencia, dosis, interacciones y derivación si procede.;medio;suplementación;Revisión de suplementos con profesional sanitario;Consultar si hay enfermedad, medicación, embarazo, analíticas o dosis altas.;Evitar riesgos.;alto;si procede;suplementación;media;Adaptar a historia clínica declarada, medicación, analíticas, cultura, economía, preferencias, etapa vital, riesgo de TCA y competencias profesionales. Derivar si hay señales de alarma.
Ganancia muscular y nutrición deportiva;Proteína insuficiente;Ingesta proteica baja para objetivos de fuerza, saciedad o mantenimiento muscular.;general/deportistas;deportiva;bajo;NUT2_SRC016;Proteína en polvo como herramienta;Usar suplemento proteico solo como recurso práctico dentro de dieta.;bajo;suplementación;Usar proteína en polvo como recurso;Planificar cuándo usar batido si no se llega a proteína con comida.;Facilitar objetivo proteico.;bajo;según necesidad;suplementación;media;Adaptar a historia clínica declarada, medicación, analíticas, cultura, economía, preferencias, etapa vital, riesgo de TCA y competencias profesionales. Derivar si hay señales de alarma.
Ganancia muscular y nutrición deportiva;Proteína insuficiente;Ingesta proteica baja para objetivos de fuerza, saciedad o mantenimiento muscular.;general/deportistas;deportiva;bajo;NUT2_SRC016;Seguimiento de adherencia;Medir cumplimiento de hábitos, barreras y ajustes sin culpabilizar.;bajo;seguimiento;Seguimiento de adherencia semanal;Marcar hábitos cumplidos, barreras y ajustes.;Ajustar sin culpabilizar.;bajo;semanal;seguimiento;media;Adaptar a historia clínica declarada, medicación, analíticas, cultura, economía, preferencias, etapa vital, riesgo de TCA y competencias profesionales. Derivar si hay señales de alarma.
Ganancia muscular y nutrición deportiva;Proteína insuficiente;Ingesta proteica baja para objetivos de fuerza, saciedad o mantenimiento muscular.;general/deportistas;deportiva;bajo;NUT2_SRC016;Seguimiento de adherencia;Medir cumplimiento de hábitos, barreras y ajustes sin culpabilizar.;bajo;seguimiento;Diario de energía y sueño;Registrar energía, sueño, hambre y rendimiento.;Relacionar recuperación y alimentación.;bajo;7 días;seguimiento;media;Adaptar a historia clínica declarada, medicación, analíticas, cultura, economía, preferencias, etapa vital, riesgo de TCA y competencias profesionales. Derivar si hay señales de alarma.
Ganancia muscular y nutrición deportiva;Energía insuficiente para entrenar;Entrenamientos con fatiga por baja ingesta, horarios o distribución alimentaria.;deportistas/general;deportiva;medio;"NUT2_SRC016;NUT2_SRC009";Proteína objetivo;Asegurar proteína suficiente según objetivo, preferencias y contexto.;bajo;deportiva;Distribuir proteína diaria;Incluir fuente proteica en 3-4 comidas según objetivo.;Mejorar saciedad/músculo.;bajo;diario;deportiva;alta;Adaptar a historia clínica declarada, medicación, analíticas, cultura, economía, preferencias, etapa vital, riesgo de TCA y competencias profesionales. Derivar si hay señales de alarma.
Ganancia muscular y nutrición deportiva;Energía insuficiente para entrenar;Entrenamientos con fatiga por baja ingesta, horarios o distribución alimentaria.;deportistas/general;deportiva;medio;"NUT2_SRC016;NUT2_SRC009";Timing alrededor del entrenamiento;Organizar comida pre/post entreno de forma práctica.;bajo;deportiva;Comida pre-entreno;Planificar opción digerible y energética antes de entrenar.;Mejorar rendimiento.;bajo;según entreno;deportiva;media;Adaptar a historia clínica declarada, medicación, analíticas, cultura, economía, preferencias, etapa vital, riesgo de TCA y competencias profesionales. Derivar si hay señales de alarma.
Ganancia muscular y nutrición deportiva;Energía insuficiente para entrenar;Entrenamientos con fatiga por baja ingesta, horarios o distribución alimentaria.;deportistas/general;deportiva;medio;"NUT2_SRC016;NUT2_SRC009";Timing alrededor del entrenamiento;Organizar comida pre/post entreno de forma práctica.;bajo;deportiva;Comida post-entreno;Asegurar comida con proteína y energía tras entrenamiento.;Apoyar recuperación.;bajo;según entreno;deportiva;media;Adaptar a historia clínica declarada, medicación, analíticas, cultura, economía, preferencias, etapa vital, riesgo de TCA y competencias profesionales. Derivar si hay señales de alarma.
Ganancia muscular y nutrición deportiva;Energía insuficiente para entrenar;Entrenamientos con fatiga por baja ingesta, horarios o distribución alimentaria.;deportistas/general;deportiva;medio;"NUT2_SRC016;NUT2_SRC009";Timing alrededor del entrenamiento;Organizar comida pre/post entreno de forma práctica.;bajo;deportiva;Plan de hidratos para entrenamiento;Elegir fuente de hidrato antes/después según duración e intensidad.;Mejorar rendimiento.;bajo;según entreno;deportiva;media;Adaptar a historia clínica declarada, medicación, analíticas, cultura, economía, preferencias, etapa vital, riesgo de TCA y competencias profesionales. Derivar si hay señales de alarma.
Ganancia muscular y nutrición deportiva;Energía insuficiente para entrenar;Entrenamientos con fatiga por baja ingesta, horarios o distribución alimentaria.;deportistas/general;deportiva;medio;"NUT2_SRC016;NUT2_SRC009";Nutrición para hipertrofia;Ajustar energía, proteína, reparto y seguimiento de rendimiento/peso.;bajo;deportiva;Plan hipercalórico gradual;Añadir pequeña cantidad energética diaria y revisar peso/rendimiento.;Ganar músculo con control.;bajo;semanal;deportiva;media;Adaptar a historia clínica declarada, medicación, analíticas, cultura, economía, preferencias, etapa vital, riesgo de TCA y competencias profesionales. Derivar si hay señales de alarma.
Ganancia muscular y nutrición deportiva;Energía insuficiente para entrenar;Entrenamientos con fatiga por baja ingesta, horarios o distribución alimentaria.;deportistas/general;deportiva;medio;"NUT2_SRC016;NUT2_SRC009";Nutrición para resistencia;Planificar energía, carbohidratos, hidratación y recuperación para sesiones largas.;medio;deportiva;Plan para sesión larga;Preparar hidratación y aporte energético si la sesión lo requiere.;Sostener resistencia.;medio;antes de sesión;deportiva;media;Adaptar a historia clínica declarada, medicación, analíticas, cultura, economía, preferencias, etapa vital, riesgo de TCA y competencias profesionales. Derivar si hay señales de alarma.
Ganancia muscular y nutrición deportiva;Energía insuficiente para entrenar;Entrenamientos con fatiga por baja ingesta, horarios o distribución alimentaria.;deportistas/general;deportiva;medio;"NUT2_SRC016;NUT2_SRC009";Plan de hidratación;Definir meta de agua y estrategias según clima, actividad y preferencias.;bajo;hábitos;Plan de hidratación;Definir botella/meta y momentos fijos de agua.;Mejorar hidratación.;bajo;diario;hábitos;media;Adaptar a historia clínica declarada, medicación, analíticas, cultura, economía, preferencias, etapa vital, riesgo de TCA y competencias profesionales. Derivar si hay señales de alarma.
Ganancia muscular y nutrición deportiva;Energía insuficiente para entrenar;Entrenamientos con fatiga por baja ingesta, horarios o distribución alimentaria.;deportistas/general;deportiva;medio;"NUT2_SRC016;NUT2_SRC009";Suplementación segura;Evaluar necesidad, evidencia, dosis, interacciones y derivación si procede.;medio;suplementación;Revisión suplemento actual;Listar suplementos, dosis, motivo, coste y evidencia/seguridad.;Evitar exceso o riesgo.;medio;30 min;suplementación;media;Adaptar a historia clínica declarada, medicación, analíticas, cultura, economía, preferencias, etapa vital, riesgo de TCA y competencias profesionales. Derivar si hay señales de alarma.
Ganancia muscular y nutrición deportiva;Energía insuficiente para entrenar;Entrenamientos con fatiga por baja ingesta, horarios o distribución alimentaria.;deportistas/general;deportiva;medio;"NUT2_SRC016;NUT2_SRC009";Suplementación segura;Evaluar necesidad, evidencia, dosis, interacciones y derivación si procede.;medio;suplementación;Revisión de suplementos con profesional sanitario;Consultar si hay enfermedad, medicación, embarazo, analíticas o dosis altas.;Evitar riesgos.;alto;si procede;suplementación;media;Adaptar a historia clínica declarada, medicación, analíticas, cultura, economía, preferencias, etapa vital, riesgo de TCA y competencias profesionales. Derivar si hay señales de alarma.
Ganancia muscular y nutrición deportiva;Energía insuficiente para entrenar;Entrenamientos con fatiga por baja ingesta, horarios o distribución alimentaria.;deportistas/general;deportiva;medio;"NUT2_SRC016;NUT2_SRC009";Proteína en polvo como herramienta;Usar suplemento proteico solo como recurso práctico dentro de dieta.;bajo;suplementación;Usar proteína en polvo como recurso;Planificar cuándo usar batido si no se llega a proteína con comida.;Facilitar objetivo proteico.;bajo;según necesidad;suplementación;media;Adaptar a historia clínica declarada, medicación, analíticas, cultura, economía, preferencias, etapa vital, riesgo de TCA y competencias profesionales. Derivar si hay señales de alarma.
Ganancia muscular y nutrición deportiva;Energía insuficiente para entrenar;Entrenamientos con fatiga por baja ingesta, horarios o distribución alimentaria.;deportistas/general;deportiva;medio;"NUT2_SRC016;NUT2_SRC009";Seguimiento de adherencia;Medir cumplimiento de hábitos, barreras y ajustes sin culpabilizar.;bajo;seguimiento;Seguimiento de adherencia semanal;Marcar hábitos cumplidos, barreras y ajustes.;Ajustar sin culpabilizar.;bajo;semanal;seguimiento;media;Adaptar a historia clínica declarada, medicación, analíticas, cultura, economía, preferencias, etapa vital, riesgo de TCA y competencias profesionales. Derivar si hay señales de alarma.
Ganancia muscular y nutrición deportiva;Energía insuficiente para entrenar;Entrenamientos con fatiga por baja ingesta, horarios o distribución alimentaria.;deportistas/general;deportiva;medio;"NUT2_SRC016;NUT2_SRC009";Seguimiento de adherencia;Medir cumplimiento de hábitos, barreras y ajustes sin culpabilizar.;bajo;seguimiento;Diario de energía y sueño;Registrar energía, sueño, hambre y rendimiento.;Relacionar recuperación y alimentación.;bajo;7 días;seguimiento;media;Adaptar a historia clínica declarada, medicación, analíticas, cultura, economía, preferencias, etapa vital, riesgo de TCA y competencias profesionales. Derivar si hay señales de alarma.
Ganancia muscular y nutrición deportiva;Recuperación post-entreno mejorable;Dudas sobre comida posterior, proteína, hidratos, hidratación y descanso.;deportistas/general;deportiva;bajo;NUT2_SRC016;Proteína objetivo;Asegurar proteína suficiente según objetivo, preferencias y contexto.;bajo;deportiva;Distribuir proteína diaria;Incluir fuente proteica en 3-4 comidas según objetivo.;Mejorar saciedad/músculo.;bajo;diario;deportiva;alta;Adaptar a historia clínica declarada, medicación, analíticas, cultura, economía, preferencias, etapa vital, riesgo de TCA y competencias profesionales. Derivar si hay señales de alarma.
Ganancia muscular y nutrición deportiva;Recuperación post-entreno mejorable;Dudas sobre comida posterior, proteína, hidratos, hidratación y descanso.;deportistas/general;deportiva;bajo;NUT2_SRC016;Timing alrededor del entrenamiento;Organizar comida pre/post entreno de forma práctica.;bajo;deportiva;Comida pre-entreno;Planificar opción digerible y energética antes de entrenar.;Mejorar rendimiento.;bajo;según entreno;deportiva;media;Adaptar a historia clínica declarada, medicación, analíticas, cultura, economía, preferencias, etapa vital, riesgo de TCA y competencias profesionales. Derivar si hay señales de alarma.
Ganancia muscular y nutrición deportiva;Recuperación post-entreno mejorable;Dudas sobre comida posterior, proteína, hidratos, hidratación y descanso.;deportistas/general;deportiva;bajo;NUT2_SRC016;Timing alrededor del entrenamiento;Organizar comida pre/post entreno de forma práctica.;bajo;deportiva;Comida post-entreno;Asegurar comida con proteína y energía tras entrenamiento.;Apoyar recuperación.;bajo;según entreno;deportiva;media;Adaptar a historia clínica declarada, medicación, analíticas, cultura, economía, preferencias, etapa vital, riesgo de TCA y competencias profesionales. Derivar si hay señales de alarma.
Ganancia muscular y nutrición deportiva;Recuperación post-entreno mejorable;Dudas sobre comida posterior, proteína, hidratos, hidratación y descanso.;deportistas/general;deportiva;bajo;NUT2_SRC016;Timing alrededor del entrenamiento;Organizar comida pre/post entreno de forma práctica.;bajo;deportiva;Plan de hidratos para entrenamiento;Elegir fuente de hidrato antes/después según duración e intensidad.;Mejorar rendimiento.;bajo;según entreno;deportiva;media;Adaptar a historia clínica declarada, medicación, analíticas, cultura, economía, preferencias, etapa vital, riesgo de TCA y competencias profesionales. Derivar si hay señales de alarma.
Ganancia muscular y nutrición deportiva;Recuperación post-entreno mejorable;Dudas sobre comida posterior, proteína, hidratos, hidratación y descanso.;deportistas/general;deportiva;bajo;NUT2_SRC016;Nutrición para hipertrofia;Ajustar energía, proteína, reparto y seguimiento de rendimiento/peso.;bajo;deportiva;Plan hipercalórico gradual;Añadir pequeña cantidad energética diaria y revisar peso/rendimiento.;Ganar músculo con control.;bajo;semanal;deportiva;media;Adaptar a historia clínica declarada, medicación, analíticas, cultura, economía, preferencias, etapa vital, riesgo de TCA y competencias profesionales. Derivar si hay señales de alarma.
Ganancia muscular y nutrición deportiva;Recuperación post-entreno mejorable;Dudas sobre comida posterior, proteína, hidratos, hidratación y descanso.;deportistas/general;deportiva;bajo;NUT2_SRC016;Nutrición para resistencia;Planificar energía, carbohidratos, hidratación y recuperación para sesiones largas.;medio;deportiva;Plan para sesión larga;Preparar hidratación y aporte energético si la sesión lo requiere.;Sostener resistencia.;medio;antes de sesión;deportiva;media;Adaptar a historia clínica declarada, medicación, analíticas, cultura, economía, preferencias, etapa vital, riesgo de TCA y competencias profesionales. Derivar si hay señales de alarma.
Ganancia muscular y nutrición deportiva;Recuperación post-entreno mejorable;Dudas sobre comida posterior, proteína, hidratos, hidratación y descanso.;deportistas/general;deportiva;bajo;NUT2_SRC016;Plan de hidratación;Definir meta de agua y estrategias según clima, actividad y preferencias.;bajo;hábitos;Plan de hidratación;Definir botella/meta y momentos fijos de agua.;Mejorar hidratación.;bajo;diario;hábitos;media;Adaptar a historia clínica declarada, medicación, analíticas, cultura, economía, preferencias, etapa vital, riesgo de TCA y competencias profesionales. Derivar si hay señales de alarma.
Ganancia muscular y nutrición deportiva;Recuperación post-entreno mejorable;Dudas sobre comida posterior, proteína, hidratos, hidratación y descanso.;deportistas/general;deportiva;bajo;NUT2_SRC016;Suplementación segura;Evaluar necesidad, evidencia, dosis, interacciones y derivación si procede.;medio;suplementación;Revisión suplemento actual;Listar suplementos, dosis, motivo, coste y evidencia/seguridad.;Evitar exceso o riesgo.;medio;30 min;suplementación;media;Adaptar a historia clínica declarada, medicación, analíticas, cultura, economía, preferencias, etapa vital, riesgo de TCA y competencias profesionales. Derivar si hay señales de alarma.
Ganancia muscular y nutrición deportiva;Recuperación post-entreno mejorable;Dudas sobre comida posterior, proteína, hidratos, hidratación y descanso.;deportistas/general;deportiva;bajo;NUT2_SRC016;Suplementación segura;Evaluar necesidad, evidencia, dosis, interacciones y derivación si procede.;medio;suplementación;Revisión de suplementos con profesional sanitario;Consultar si hay enfermedad, medicación, embarazo, analíticas o dosis altas.;Evitar riesgos.;alto;si procede;suplementación;media;Adaptar a historia clínica declarada, medicación, analíticas, cultura, economía, preferencias, etapa vital, riesgo de TCA y competencias profesionales. Derivar si hay señales de alarma.
Ganancia muscular y nutrición deportiva;Recuperación post-entreno mejorable;Dudas sobre comida posterior, proteína, hidratos, hidratación y descanso.;deportistas/general;deportiva;bajo;NUT2_SRC016;Proteína en polvo como herramienta;Usar suplemento proteico solo como recurso práctico dentro de dieta.;bajo;suplementación;Usar proteína en polvo como recurso;Planificar cuándo usar batido si no se llega a proteína con comida.;Facilitar objetivo proteico.;bajo;según necesidad;suplementación;media;Adaptar a historia clínica declarada, medicación, analíticas, cultura, economía, preferencias, etapa vital, riesgo de TCA y competencias profesionales. Derivar si hay señales de alarma.
Ganancia muscular y nutrición deportiva;Recuperación post-entreno mejorable;Dudas sobre comida posterior, proteína, hidratos, hidratación y descanso.;deportistas/general;deportiva;bajo;NUT2_SRC016;Seguimiento de adherencia;Medir cumplimiento de hábitos, barreras y ajustes sin culpabilizar.;bajo;seguimiento;Seguimiento de adherencia semanal;Marcar hábitos cumplidos, barreras y ajustes.;Ajustar sin culpabilizar.;bajo;semanal;seguimiento;media;Adaptar a historia clínica declarada, medicación, analíticas, cultura, economía, preferencias, etapa vital, riesgo de TCA y competencias profesionales. Derivar si hay señales de alarma.
Ganancia muscular y nutrición deportiva;Recuperación post-entreno mejorable;Dudas sobre comida posterior, proteína, hidratos, hidratación y descanso.;deportistas/general;deportiva;bajo;NUT2_SRC016;Seguimiento de adherencia;Medir cumplimiento de hábitos, barreras y ajustes sin culpabilizar.;bajo;seguimiento;Diario de energía y sueño;Registrar energía, sueño, hambre y rendimiento.;Relacionar recuperación y alimentación.;bajo;7 días;seguimiento;media;Adaptar a historia clínica declarada, medicación, analíticas, cultura, economía, preferencias, etapa vital, riesgo de TCA y competencias profesionales. Derivar si hay señales de alarma.
Ganancia muscular y nutrición deportiva;Dudas sobre suplementos deportivos;Interés en proteína, creatina, cafeína u otros suplementos con seguridad.;deportistas/general;deportiva;medio;NUT2_SRC016;Proteína objetivo;Asegurar proteína suficiente según objetivo, preferencias y contexto.;bajo;deportiva;Distribuir proteína diaria;Incluir fuente proteica en 3-4 comidas según objetivo.;Mejorar saciedad/músculo.;bajo;diario;deportiva;alta;Adaptar a historia clínica declarada, medicación, analíticas, cultura, economía, preferencias, etapa vital, riesgo de TCA y competencias profesionales. Derivar si hay señales de alarma.
Ganancia muscular y nutrición deportiva;Dudas sobre suplementos deportivos;Interés en proteína, creatina, cafeína u otros suplementos con seguridad.;deportistas/general;deportiva;medio;NUT2_SRC016;Timing alrededor del entrenamiento;Organizar comida pre/post entreno de forma práctica.;bajo;deportiva;Comida pre-entreno;Planificar opción digerible y energética antes de entrenar.;Mejorar rendimiento.;bajo;según entreno;deportiva;media;Adaptar a historia clínica declarada, medicación, analíticas, cultura, economía, preferencias, etapa vital, riesgo de TCA y competencias profesionales. Derivar si hay señales de alarma.
Ganancia muscular y nutrición deportiva;Dudas sobre suplementos deportivos;Interés en proteína, creatina, cafeína u otros suplementos con seguridad.;deportistas/general;deportiva;medio;NUT2_SRC016;Timing alrededor del entrenamiento;Organizar comida pre/post entreno de forma práctica.;bajo;deportiva;Comida post-entreno;Asegurar comida con proteína y energía tras entrenamiento.;Apoyar recuperación.;bajo;según entreno;deportiva;media;Adaptar a historia clínica declarada, medicación, analíticas, cultura, economía, preferencias, etapa vital, riesgo de TCA y competencias profesionales. Derivar si hay señales de alarma.
Ganancia muscular y nutrición deportiva;Dudas sobre suplementos deportivos;Interés en proteína, creatina, cafeína u otros suplementos con seguridad.;deportistas/general;deportiva;medio;NUT2_SRC016;Timing alrededor del entrenamiento;Organizar comida pre/post entreno de forma práctica.;bajo;deportiva;Plan de hidratos para entrenamiento;Elegir fuente de hidrato antes/después según duración e intensidad.;Mejorar rendimiento.;bajo;según entreno;deportiva;media;Adaptar a historia clínica declarada, medicación, analíticas, cultura, economía, preferencias, etapa vital, riesgo de TCA y competencias profesionales. Derivar si hay señales de alarma.
Ganancia muscular y nutrición deportiva;Dudas sobre suplementos deportivos;Interés en proteína, creatina, cafeína u otros suplementos con seguridad.;deportistas/general;deportiva;medio;NUT2_SRC016;Nutrición para hipertrofia;Ajustar energía, proteína, reparto y seguimiento de rendimiento/peso.;bajo;deportiva;Plan hipercalórico gradual;Añadir pequeña cantidad energética diaria y revisar peso/rendimiento.;Ganar músculo con control.;bajo;semanal;deportiva;media;Adaptar a historia clínica declarada, medicación, analíticas, cultura, economía, preferencias, etapa vital, riesgo de TCA y competencias profesionales. Derivar si hay señales de alarma.
Ganancia muscular y nutrición deportiva;Dudas sobre suplementos deportivos;Interés en proteína, creatina, cafeína u otros suplementos con seguridad.;deportistas/general;deportiva;medio;NUT2_SRC016;Nutrición para resistencia;Planificar energía, carbohidratos, hidratación y recuperación para sesiones largas.;medio;deportiva;Plan para sesión larga;Preparar hidratación y aporte energético si la sesión lo requiere.;Sostener resistencia.;medio;antes de sesión;deportiva;media;Adaptar a historia clínica declarada, medicación, analíticas, cultura, economía, preferencias, etapa vital, riesgo de TCA y competencias profesionales. Derivar si hay señales de alarma.
Ganancia muscular y nutrición deportiva;Dudas sobre suplementos deportivos;Interés en proteína, creatina, cafeína u otros suplementos con seguridad.;deportistas/general;deportiva;medio;NUT2_SRC016;Plan de hidratación;Definir meta de agua y estrategias según clima, actividad y preferencias.;bajo;hábitos;Plan de hidratación;Definir botella/meta y momentos fijos de agua.;Mejorar hidratación.;bajo;diario;hábitos;media;Adaptar a historia clínica declarada, medicación, analíticas, cultura, economía, preferencias, etapa vital, riesgo de TCA y competencias profesionales. Derivar si hay señales de alarma.
Ganancia muscular y nutrición deportiva;Dudas sobre suplementos deportivos;Interés en proteína, creatina, cafeína u otros suplementos con seguridad.;deportistas/general;deportiva;medio;NUT2_SRC016;Suplementación segura;Evaluar necesidad, evidencia, dosis, interacciones y derivación si procede.;medio;suplementación;Revisión suplemento actual;Listar suplementos, dosis, motivo, coste y evidencia/seguridad.;Evitar exceso o riesgo.;medio;30 min;suplementación;media;Adaptar a historia clínica declarada, medicación, analíticas, cultura, economía, preferencias, etapa vital, riesgo de TCA y competencias profesionales. Derivar si hay señales de alarma.
Ganancia muscular y nutrición deportiva;Dudas sobre suplementos deportivos;Interés en proteína, creatina, cafeína u otros suplementos con seguridad.;deportistas/general;deportiva;medio;NUT2_SRC016;Suplementación segura;Evaluar necesidad, evidencia, dosis, interacciones y derivación si procede.;medio;suplementación;Revisión de suplementos con profesional sanitario;Consultar si hay enfermedad, medicación, embarazo, analíticas o dosis altas.;Evitar riesgos.;alto;si procede;suplementación;media;Adaptar a historia clínica declarada, medicación, analíticas, cultura, economía, preferencias, etapa vital, riesgo de TCA y competencias profesionales. Derivar si hay señales de alarma.
Ganancia muscular y nutrición deportiva;Dudas sobre suplementos deportivos;Interés en proteína, creatina, cafeína u otros suplementos con seguridad.;deportistas/general;deportiva;medio;NUT2_SRC016;Proteína en polvo como herramienta;Usar suplemento proteico solo como recurso práctico dentro de dieta.;bajo;suplementación;Usar proteína en polvo como recurso;Planificar cuándo usar batido si no se llega a proteína con comida.;Facilitar objetivo proteico.;bajo;según necesidad;suplementación;media;Adaptar a historia clínica declarada, medicación, analíticas, cultura, economía, preferencias, etapa vital, riesgo de TCA y competencias profesionales. Derivar si hay señales de alarma.
Ganancia muscular y nutrición deportiva;Dudas sobre suplementos deportivos;Interés en proteína, creatina, cafeína u otros suplementos con seguridad.;deportistas/general;deportiva;medio;NUT2_SRC016;Seguimiento de adherencia;Medir cumplimiento de hábitos, barreras y ajustes sin culpabilizar.;bajo;seguimiento;Seguimiento de adherencia semanal;Marcar hábitos cumplidos, barreras y ajustes.;Ajustar sin culpabilizar.;bajo;semanal;seguimiento;media;Adaptar a historia clínica declarada, medicación, analíticas, cultura, economía, preferencias, etapa vital, riesgo de TCA y competencias profesionales. Derivar si hay señales de alarma.
Ganancia muscular y nutrición deportiva;Dudas sobre suplementos deportivos;Interés en proteína, creatina, cafeína u otros suplementos con seguridad.;deportistas/general;deportiva;medio;NUT2_SRC016;Seguimiento de adherencia;Medir cumplimiento de hábitos, barreras y ajustes sin culpabilizar.;bajo;seguimiento;Diario de energía y sueño;Registrar energía, sueño, hambre y rendimiento.;Relacionar recuperación y alimentación.;bajo;7 días;seguimiento;media;Adaptar a historia clínica declarada, medicación, analíticas, cultura, economía, preferencias, etapa vital, riesgo de TCA y competencias profesionales. Derivar si hay señales de alarma.
Ganancia muscular y nutrición deportiva;Nutrición para resistencia/cardio;Necesidad de adaptar energía e hidratación a sesiones largas o frecuentes.;deportistas;deportiva;medio;NUT2_SRC016;Proteína objetivo;Asegurar proteína suficiente según objetivo, preferencias y contexto.;bajo;deportiva;Distribuir proteína diaria;Incluir fuente proteica en 3-4 comidas según objetivo.;Mejorar saciedad/músculo.;bajo;diario;deportiva;alta;Adaptar a historia clínica declarada, medicación, analíticas, cultura, economía, preferencias, etapa vital, riesgo de TCA y competencias profesionales. Derivar si hay señales de alarma.
Ganancia muscular y nutrición deportiva;Nutrición para resistencia/cardio;Necesidad de adaptar energía e hidratación a sesiones largas o frecuentes.;deportistas;deportiva;medio;NUT2_SRC016;Timing alrededor del entrenamiento;Organizar comida pre/post entreno de forma práctica.;bajo;deportiva;Comida pre-entreno;Planificar opción digerible y energética antes de entrenar.;Mejorar rendimiento.;bajo;según entreno;deportiva;media;Adaptar a historia clínica declarada, medicación, analíticas, cultura, economía, preferencias, etapa vital, riesgo de TCA y competencias profesionales. Derivar si hay señales de alarma.
Ganancia muscular y nutrición deportiva;Nutrición para resistencia/cardio;Necesidad de adaptar energía e hidratación a sesiones largas o frecuentes.;deportistas;deportiva;medio;NUT2_SRC016;Timing alrededor del entrenamiento;Organizar comida pre/post entreno de forma práctica.;bajo;deportiva;Comida post-entreno;Asegurar comida con proteína y energía tras entrenamiento.;Apoyar recuperación.;bajo;según entreno;deportiva;media;Adaptar a historia clínica declarada, medicación, analíticas, cultura, economía, preferencias, etapa vital, riesgo de TCA y competencias profesionales. Derivar si hay señales de alarma.
Ganancia muscular y nutrición deportiva;Nutrición para resistencia/cardio;Necesidad de adaptar energía e hidratación a sesiones largas o frecuentes.;deportistas;deportiva;medio;NUT2_SRC016;Timing alrededor del entrenamiento;Organizar comida pre/post entreno de forma práctica.;bajo;deportiva;Plan de hidratos para entrenamiento;Elegir fuente de hidrato antes/después según duración e intensidad.;Mejorar rendimiento.;bajo;según entreno;deportiva;media;Adaptar a historia clínica declarada, medicación, analíticas, cultura, economía, preferencias, etapa vital, riesgo de TCA y competencias profesionales. Derivar si hay señales de alarma.
Ganancia muscular y nutrición deportiva;Nutrición para resistencia/cardio;Necesidad de adaptar energía e hidratación a sesiones largas o frecuentes.;deportistas;deportiva;medio;NUT2_SRC016;Nutrición para hipertrofia;Ajustar energía, proteína, reparto y seguimiento de rendimiento/peso.;bajo;deportiva;Plan hipercalórico gradual;Añadir pequeña cantidad energética diaria y revisar peso/rendimiento.;Ganar músculo con control.;bajo;semanal;deportiva;media;Adaptar a historia clínica declarada, medicación, analíticas, cultura, economía, preferencias, etapa vital, riesgo de TCA y competencias profesionales. Derivar si hay señales de alarma.
Ganancia muscular y nutrición deportiva;Nutrición para resistencia/cardio;Necesidad de adaptar energía e hidratación a sesiones largas o frecuentes.;deportistas;deportiva;medio;NUT2_SRC016;Nutrición para resistencia;Planificar energía, carbohidratos, hidratación y recuperación para sesiones largas.;medio;deportiva;Plan para sesión larga;Preparar hidratación y aporte energético si la sesión lo requiere.;Sostener resistencia.;medio;antes de sesión;deportiva;media;Adaptar a historia clínica declarada, medicación, analíticas, cultura, economía, preferencias, etapa vital, riesgo de TCA y competencias profesionales. Derivar si hay señales de alarma.
Ganancia muscular y nutrición deportiva;Nutrición para resistencia/cardio;Necesidad de adaptar energía e hidratación a sesiones largas o frecuentes.;deportistas;deportiva;medio;NUT2_SRC016;Plan de hidratación;Definir meta de agua y estrategias según clima, actividad y preferencias.;bajo;hábitos;Plan de hidratación;Definir botella/meta y momentos fijos de agua.;Mejorar hidratación.;bajo;diario;hábitos;media;Adaptar a historia clínica declarada, medicación, analíticas, cultura, economía, preferencias, etapa vital, riesgo de TCA y competencias profesionales. Derivar si hay señales de alarma.
Ganancia muscular y nutrición deportiva;Nutrición para resistencia/cardio;Necesidad de adaptar energía e hidratación a sesiones largas o frecuentes.;deportistas;deportiva;medio;NUT2_SRC016;Suplementación segura;Evaluar necesidad, evidencia, dosis, interacciones y derivación si procede.;medio;suplementación;Revisión suplemento actual;Listar suplementos, dosis, motivo, coste y evidencia/seguridad.;Evitar exceso o riesgo.;medio;30 min;suplementación;media;Adaptar a historia clínica declarada, medicación, analíticas, cultura, economía, preferencias, etapa vital, riesgo de TCA y competencias profesionales. Derivar si hay señales de alarma.
Ganancia muscular y nutrición deportiva;Nutrición para resistencia/cardio;Necesidad de adaptar energía e hidratación a sesiones largas o frecuentes.;deportistas;deportiva;medio;NUT2_SRC016;Suplementación segura;Evaluar necesidad, evidencia, dosis, interacciones y derivación si procede.;medio;suplementación;Revisión de suplementos con profesional sanitario;Consultar si hay enfermedad, medicación, embarazo, analíticas o dosis altas.;Evitar riesgos.;alto;si procede;suplementación;media;Adaptar a historia clínica declarada, medicación, analíticas, cultura, economía, preferencias, etapa vital, riesgo de TCA y competencias profesionales. Derivar si hay señales de alarma.
Ganancia muscular y nutrición deportiva;Nutrición para resistencia/cardio;Necesidad de adaptar energía e hidratación a sesiones largas o frecuentes.;deportistas;deportiva;medio;NUT2_SRC016;Proteína en polvo como herramienta;Usar suplemento proteico solo como recurso práctico dentro de dieta.;bajo;suplementación;Usar proteína en polvo como recurso;Planificar cuándo usar batido si no se llega a proteína con comida.;Facilitar objetivo proteico.;bajo;según necesidad;suplementación;media;Adaptar a historia clínica declarada, medicación, analíticas, cultura, economía, preferencias, etapa vital, riesgo de TCA y competencias profesionales. Derivar si hay señales de alarma.
Ganancia muscular y nutrición deportiva;Nutrición para resistencia/cardio;Necesidad de adaptar energía e hidratación a sesiones largas o frecuentes.;deportistas;deportiva;medio;NUT2_SRC016;Seguimiento de adherencia;Medir cumplimiento de hábitos, barreras y ajustes sin culpabilizar.;bajo;seguimiento;Seguimiento de adherencia semanal;Marcar hábitos cumplidos, barreras y ajustes.;Ajustar sin culpabilizar.;bajo;semanal;seguimiento;media;Adaptar a historia clínica declarada, medicación, analíticas, cultura, economía, preferencias, etapa vital, riesgo de TCA y competencias profesionales. Derivar si hay señales de alarma.
Ganancia muscular y nutrición deportiva;Nutrición para resistencia/cardio;Necesidad de adaptar energía e hidratación a sesiones largas o frecuentes.;deportistas;deportiva;medio;NUT2_SRC016;Seguimiento de adherencia;Medir cumplimiento de hábitos, barreras y ajustes sin culpabilizar.;bajo;seguimiento;Diario de energía y sueño;Registrar energía, sueño, hambre y rendimiento.;Relacionar recuperación y alimentación.;bajo;7 días;seguimiento;media;Adaptar a historia clínica declarada, medicación, analíticas, cultura, economía, preferencias, etapa vital, riesgo de TCA y competencias profesionales. Derivar si hay señales de alarma.
Recomposición corporal;Recomposición corporal;Reducir grasa y mantener/ganar músculo simultáneamente.;adultos/deportistas;composición_corporal;medio;"NUT2_SRC016;NUT2_SRC003";Proteína objetivo;Asegurar proteína suficiente según objetivo, preferencias y contexto.;bajo;deportiva;Distribuir proteína diaria;Incluir fuente proteica en 3-4 comidas según objetivo.;Mejorar saciedad/músculo.;bajo;diario;deportiva;alta;Adaptar a historia clínica declarada, medicación, analíticas, cultura, economía, preferencias, etapa vital, riesgo de TCA y competencias profesionales. Derivar si hay señales de alarma.
Recomposición corporal;Recomposición corporal;Reducir grasa y mantener/ganar músculo simultáneamente.;adultos/deportistas;composición_corporal;medio;"NUT2_SRC016;NUT2_SRC003";Educación de recomposición corporal;Explicar expectativas, fuerza, proteína, medidas y ritmos realistas.;bajo;composición_corporal;Registro recomposición;Combinar peso, cintura, fotos, fuerza y adherencia.;Valorar cambios reales.;bajo;mensual;seguimiento;media;Adaptar a historia clínica declarada, medicación, analíticas, cultura, economía, preferencias, etapa vital, riesgo de TCA y competencias profesionales. Derivar si hay señales de alarma.
Recomposición corporal;Recomposición corporal;Reducir grasa y mantener/ganar músculo simultáneamente.;adultos/deportistas;composición_corporal;medio;"NUT2_SRC016;NUT2_SRC003";Seguimiento de peso y medidas;Usar tendencia de peso, cintura, fotos y adherencia, no solo un dato aislado.;bajo;seguimiento;Peso medio semanal;Registrar peso 3-7 días y usar media, si es adecuado para la persona.;Valorar tendencia.;bajo;semanal;seguimiento;media;Adaptar a historia clínica declarada, medicación, analíticas, cultura, economía, preferencias, etapa vital, riesgo de TCA y competencias profesionales. Derivar si hay señales de alarma.
Recomposición corporal;Recomposición corporal;Reducir grasa y mantener/ganar músculo simultáneamente.;adultos/deportistas;composición_corporal;medio;"NUT2_SRC016;NUT2_SRC003";Seguimiento de peso y medidas;Usar tendencia de peso, cintura, fotos y adherencia, no solo un dato aislado.;bajo;seguimiento;Medida de cintura;Medir cintura con mismo criterio y sin obsesión.;Seguir adiposidad central.;bajo;quincenal;seguimiento;media;Adaptar a historia clínica declarada, medicación, analíticas, cultura, economía, preferencias, etapa vital, riesgo de TCA y competencias profesionales. Derivar si hay señales de alarma.
Recomposición corporal;Recomposición corporal;Reducir grasa y mantener/ganar músculo simultáneamente.;adultos/deportistas;composición_corporal;medio;"NUT2_SRC016;NUT2_SRC003";Seguimiento de peso y medidas;Usar tendencia de peso, cintura, fotos y adherencia, no solo un dato aislado.;bajo;seguimiento;Revisión mensual de medidas;Comparar peso, cintura, adherencia, hambre y energía.;Ajustar plan.;bajo;mensual;seguimiento;media;Adaptar a historia clínica declarada, medicación, analíticas, cultura, economía, preferencias, etapa vital, riesgo de TCA y competencias profesionales. Derivar si hay señales de alarma.
Recomposición corporal;Recomposición corporal;Reducir grasa y mantener/ganar músculo simultáneamente.;adultos/deportistas;composición_corporal;medio;"NUT2_SRC016;NUT2_SRC003";Nutrición para hipertrofia;Ajustar energía, proteína, reparto y seguimiento de rendimiento/peso.;bajo;deportiva;Plan hipercalórico gradual;Añadir pequeña cantidad energética diaria y revisar peso/rendimiento.;Ganar músculo con control.;bajo;semanal;deportiva;media;Adaptar a historia clínica declarada, medicación, analíticas, cultura, economía, preferencias, etapa vital, riesgo de TCA y competencias profesionales. Derivar si hay señales de alarma.
Recomposición corporal;Recomposición corporal;Reducir grasa y mantener/ganar músculo simultáneamente.;adultos/deportistas;composición_corporal;medio;"NUT2_SRC016;NUT2_SRC003";Reducción de bebidas azucaradas;Sustituir bebidas azucaradas por agua u opciones sin azúcar, si procede.;bajo;metabólica;Eliminar bebida azucarada habitual;Sustituir una bebida azucarada por agua, infusión o bebida sin azúcar.;Reducir azúcar líquido.;bajo;diario;metabólica;media;Adaptar a historia clínica declarada, medicación, analíticas, cultura, economía, preferencias, etapa vital, riesgo de TCA y competencias profesionales. Derivar si hay señales de alarma.
Recomposición corporal;Recomposición corporal;Reducir grasa y mantener/ganar músculo simultáneamente.;adultos/deportistas;composición_corporal;medio;"NUT2_SRC016;NUT2_SRC003";Seguimiento de adherencia;Medir cumplimiento de hábitos, barreras y ajustes sin culpabilizar.;bajo;seguimiento;Seguimiento de adherencia semanal;Marcar hábitos cumplidos, barreras y ajustes.;Ajustar sin culpabilizar.;bajo;semanal;seguimiento;media;Adaptar a historia clínica declarada, medicación, analíticas, cultura, economía, preferencias, etapa vital, riesgo de TCA y competencias profesionales. Derivar si hay señales de alarma.
Recomposición corporal;Recomposición corporal;Reducir grasa y mantener/ganar músculo simultáneamente.;adultos/deportistas;composición_corporal;medio;"NUT2_SRC016;NUT2_SRC003";Seguimiento de adherencia;Medir cumplimiento de hábitos, barreras y ajustes sin culpabilizar.;bajo;seguimiento;Diario de energía y sueño;Registrar energía, sueño, hambre y rendimiento.;Relacionar recuperación y alimentación.;bajo;7 días;seguimiento;media;Adaptar a historia clínica declarada, medicación, analíticas, cultura, economía, preferencias, etapa vital, riesgo de TCA y competencias profesionales. Derivar si hay señales de alarma.
Recomposición corporal;Recomposición corporal;Reducir grasa y mantener/ganar músculo simultáneamente.;adultos/deportistas;composición_corporal;medio;"NUT2_SRC016;NUT2_SRC003";Educación sobre expectativas realistas;Explicar ritmos, fluctuaciones, retención, ciclo, estrés y margen de error.;bajo;educativa;Expectativas realistas de progreso;Escribir ritmo esperado, fluctuaciones y métricas de éxito no solo peso.;Reducir frustración.;bajo;mensual;educativa;media;Adaptar a historia clínica declarada, medicación, analíticas, cultura, economía, preferencias, etapa vital, riesgo de TCA y competencias profesionales. Derivar si hay señales de alarma.
Recomposición corporal;Ganar músculo sin subir demasiada grasa;Controlar superávit, proteína y seguimiento de medidas.;adultos/deportistas;composición_corporal;bajo;NUT2_SRC016;Proteína objetivo;Asegurar proteína suficiente según objetivo, preferencias y contexto.;bajo;deportiva;Distribuir proteína diaria;Incluir fuente proteica en 3-4 comidas según objetivo.;Mejorar saciedad/músculo.;bajo;diario;deportiva;alta;Adaptar a historia clínica declarada, medicación, analíticas, cultura, economía, preferencias, etapa vital, riesgo de TCA y competencias profesionales. Derivar si hay señales de alarma.
Recomposición corporal;Ganar músculo sin subir demasiada grasa;Controlar superávit, proteína y seguimiento de medidas.;adultos/deportistas;composición_corporal;bajo;NUT2_SRC016;Educación de recomposición corporal;Explicar expectativas, fuerza, proteína, medidas y ritmos realistas.;bajo;composición_corporal;Registro recomposición;Combinar peso, cintura, fotos, fuerza y adherencia.;Valorar cambios reales.;bajo;mensual;seguimiento;media;Adaptar a historia clínica declarada, medicación, analíticas, cultura, economía, preferencias, etapa vital, riesgo de TCA y competencias profesionales. Derivar si hay señales de alarma.
Recomposición corporal;Ganar músculo sin subir demasiada grasa;Controlar superávit, proteína y seguimiento de medidas.;adultos/deportistas;composición_corporal;bajo;NUT2_SRC016;Seguimiento de peso y medidas;Usar tendencia de peso, cintura, fotos y adherencia, no solo un dato aislado.;bajo;seguimiento;Peso medio semanal;Registrar peso 3-7 días y usar media, si es adecuado para la persona.;Valorar tendencia.;bajo;semanal;seguimiento;media;Adaptar a historia clínica declarada, medicación, analíticas, cultura, economía, preferencias, etapa vital, riesgo de TCA y competencias profesionales. Derivar si hay señales de alarma.
Recomposición corporal;Ganar músculo sin subir demasiada grasa;Controlar superávit, proteína y seguimiento de medidas.;adultos/deportistas;composición_corporal;bajo;NUT2_SRC016;Seguimiento de peso y medidas;Usar tendencia de peso, cintura, fotos y adherencia, no solo un dato aislado.;bajo;seguimiento;Medida de cintura;Medir cintura con mismo criterio y sin obsesión.;Seguir adiposidad central.;bajo;quincenal;seguimiento;media;Adaptar a historia clínica declarada, medicación, analíticas, cultura, economía, preferencias, etapa vital, riesgo de TCA y competencias profesionales. Derivar si hay señales de alarma.
Recomposición corporal;Ganar músculo sin subir demasiada grasa;Controlar superávit, proteína y seguimiento de medidas.;adultos/deportistas;composición_corporal;bajo;NUT2_SRC016;Seguimiento de peso y medidas;Usar tendencia de peso, cintura, fotos y adherencia, no solo un dato aislado.;bajo;seguimiento;Revisión mensual de medidas;Comparar peso, cintura, adherencia, hambre y energía.;Ajustar plan.;bajo;mensual;seguimiento;media;Adaptar a historia clínica declarada, medicación, analíticas, cultura, economía, preferencias, etapa vital, riesgo de TCA y competencias profesionales. Derivar si hay señales de alarma.
Recomposición corporal;Ganar músculo sin subir demasiada grasa;Controlar superávit, proteína y seguimiento de medidas.;adultos/deportistas;composición_corporal;bajo;NUT2_SRC016;Nutrición para hipertrofia;Ajustar energía, proteína, reparto y seguimiento de rendimiento/peso.;bajo;deportiva;Plan hipercalórico gradual;Añadir pequeña cantidad energética diaria y revisar peso/rendimiento.;Ganar músculo con control.;bajo;semanal;deportiva;media;Adaptar a historia clínica declarada, medicación, analíticas, cultura, economía, preferencias, etapa vital, riesgo de TCA y competencias profesionales. Derivar si hay señales de alarma.
Recomposición corporal;Ganar músculo sin subir demasiada grasa;Controlar superávit, proteína y seguimiento de medidas.;adultos/deportistas;composición_corporal;bajo;NUT2_SRC016;Reducción de bebidas azucaradas;Sustituir bebidas azucaradas por agua u opciones sin azúcar, si procede.;bajo;metabólica;Eliminar bebida azucarada habitual;Sustituir una bebida azucarada por agua, infusión o bebida sin azúcar.;Reducir azúcar líquido.;bajo;diario;metabólica;media;Adaptar a historia clínica declarada, medicación, analíticas, cultura, economía, preferencias, etapa vital, riesgo de TCA y competencias profesionales. Derivar si hay señales de alarma.
Recomposición corporal;Ganar músculo sin subir demasiada grasa;Controlar superávit, proteína y seguimiento de medidas.;adultos/deportistas;composición_corporal;bajo;NUT2_SRC016;Seguimiento de adherencia;Medir cumplimiento de hábitos, barreras y ajustes sin culpabilizar.;bajo;seguimiento;Seguimiento de adherencia semanal;Marcar hábitos cumplidos, barreras y ajustes.;Ajustar sin culpabilizar.;bajo;semanal;seguimiento;media;Adaptar a historia clínica declarada, medicación, analíticas, cultura, economía, preferencias, etapa vital, riesgo de TCA y competencias profesionales. Derivar si hay señales de alarma.
Recomposición corporal;Ganar músculo sin subir demasiada grasa;Controlar superávit, proteína y seguimiento de medidas.;adultos/deportistas;composición_corporal;bajo;NUT2_SRC016;Seguimiento de adherencia;Medir cumplimiento de hábitos, barreras y ajustes sin culpabilizar.;bajo;seguimiento;Diario de energía y sueño;Registrar energía, sueño, hambre y rendimiento.;Relacionar recuperación y alimentación.;bajo;7 días;seguimiento;media;Adaptar a historia clínica declarada, medicación, analíticas, cultura, economía, preferencias, etapa vital, riesgo de TCA y competencias profesionales. Derivar si hay señales de alarma.
Recomposición corporal;Ganar músculo sin subir demasiada grasa;Controlar superávit, proteína y seguimiento de medidas.;adultos/deportistas;composición_corporal;bajo;NUT2_SRC016;Educación sobre expectativas realistas;Explicar ritmos, fluctuaciones, retención, ciclo, estrés y margen de error.;bajo;educativa;Expectativas realistas de progreso;Escribir ritmo esperado, fluctuaciones y métricas de éxito no solo peso.;Reducir frustración.;bajo;mensual;educativa;media;Adaptar a historia clínica declarada, medicación, analíticas, cultura, economía, preferencias, etapa vital, riesgo de TCA y competencias profesionales. Derivar si hay señales de alarma.
Recomposición corporal;Definición muscular;Reducir grasa preservando rendimiento y masa muscular.;adultos/deportistas;composición_corporal;medio;"NUT2_SRC016;NUT2_SRC003";Proteína objetivo;Asegurar proteína suficiente según objetivo, preferencias y contexto.;bajo;deportiva;Distribuir proteína diaria;Incluir fuente proteica en 3-4 comidas según objetivo.;Mejorar saciedad/músculo.;bajo;diario;deportiva;alta;Adaptar a historia clínica declarada, medicación, analíticas, cultura, economía, preferencias, etapa vital, riesgo de TCA y competencias profesionales. Derivar si hay señales de alarma.
Recomposición corporal;Definición muscular;Reducir grasa preservando rendimiento y masa muscular.;adultos/deportistas;composición_corporal;medio;"NUT2_SRC016;NUT2_SRC003";Educación de recomposición corporal;Explicar expectativas, fuerza, proteína, medidas y ritmos realistas.;bajo;composición_corporal;Registro recomposición;Combinar peso, cintura, fotos, fuerza y adherencia.;Valorar cambios reales.;bajo;mensual;seguimiento;media;Adaptar a historia clínica declarada, medicación, analíticas, cultura, economía, preferencias, etapa vital, riesgo de TCA y competencias profesionales. Derivar si hay señales de alarma.
Recomposición corporal;Definición muscular;Reducir grasa preservando rendimiento y masa muscular.;adultos/deportistas;composición_corporal;medio;"NUT2_SRC016;NUT2_SRC003";Seguimiento de peso y medidas;Usar tendencia de peso, cintura, fotos y adherencia, no solo un dato aislado.;bajo;seguimiento;Peso medio semanal;Registrar peso 3-7 días y usar media, si es adecuado para la persona.;Valorar tendencia.;bajo;semanal;seguimiento;media;Adaptar a historia clínica declarada, medicación, analíticas, cultura, economía, preferencias, etapa vital, riesgo de TCA y competencias profesionales. Derivar si hay señales de alarma.
Recomposición corporal;Definición muscular;Reducir grasa preservando rendimiento y masa muscular.;adultos/deportistas;composición_corporal;medio;"NUT2_SRC016;NUT2_SRC003";Seguimiento de peso y medidas;Usar tendencia de peso, cintura, fotos y adherencia, no solo un dato aislado.;bajo;seguimiento;Medida de cintura;Medir cintura con mismo criterio y sin obsesión.;Seguir adiposidad central.;bajo;quincenal;seguimiento;media;Adaptar a historia clínica declarada, medicación, analíticas, cultura, economía, preferencias, etapa vital, riesgo de TCA y competencias profesionales. Derivar si hay señales de alarma.
Recomposición corporal;Definición muscular;Reducir grasa preservando rendimiento y masa muscular.;adultos/deportistas;composición_corporal;medio;"NUT2_SRC016;NUT2_SRC003";Seguimiento de peso y medidas;Usar tendencia de peso, cintura, fotos y adherencia, no solo un dato aislado.;bajo;seguimiento;Revisión mensual de medidas;Comparar peso, cintura, adherencia, hambre y energía.;Ajustar plan.;bajo;mensual;seguimiento;media;Adaptar a historia clínica declarada, medicación, analíticas, cultura, economía, preferencias, etapa vital, riesgo de TCA y competencias profesionales. Derivar si hay señales de alarma.
Recomposición corporal;Definición muscular;Reducir grasa preservando rendimiento y masa muscular.;adultos/deportistas;composición_corporal;medio;"NUT2_SRC016;NUT2_SRC003";Nutrición para hipertrofia;Ajustar energía, proteína, reparto y seguimiento de rendimiento/peso.;bajo;deportiva;Plan hipercalórico gradual;Añadir pequeña cantidad energética diaria y revisar peso/rendimiento.;Ganar músculo con control.;bajo;semanal;deportiva;media;Adaptar a historia clínica declarada, medicación, analíticas, cultura, economía, preferencias, etapa vital, riesgo de TCA y competencias profesionales. Derivar si hay señales de alarma.
Recomposición corporal;Definición muscular;Reducir grasa preservando rendimiento y masa muscular.;adultos/deportistas;composición_corporal;medio;"NUT2_SRC016;NUT2_SRC003";Reducción de bebidas azucaradas;Sustituir bebidas azucaradas por agua u opciones sin azúcar, si procede.;bajo;metabólica;Eliminar bebida azucarada habitual;Sustituir una bebida azucarada por agua, infusión o bebida sin azúcar.;Reducir azúcar líquido.;bajo;diario;metabólica;media;Adaptar a historia clínica declarada, medicación, analíticas, cultura, economía, preferencias, etapa vital, riesgo de TCA y competencias profesionales. Derivar si hay señales de alarma.
Recomposición corporal;Definición muscular;Reducir grasa preservando rendimiento y masa muscular.;adultos/deportistas;composición_corporal;medio;"NUT2_SRC016;NUT2_SRC003";Seguimiento de adherencia;Medir cumplimiento de hábitos, barreras y ajustes sin culpabilizar.;bajo;seguimiento;Seguimiento de adherencia semanal;Marcar hábitos cumplidos, barreras y ajustes.;Ajustar sin culpabilizar.;bajo;semanal;seguimiento;media;Adaptar a historia clínica declarada, medicación, analíticas, cultura, economía, preferencias, etapa vital, riesgo de TCA y competencias profesionales. Derivar si hay señales de alarma.
Recomposición corporal;Definición muscular;Reducir grasa preservando rendimiento y masa muscular.;adultos/deportistas;composición_corporal;medio;"NUT2_SRC016;NUT2_SRC003";Seguimiento de adherencia;Medir cumplimiento de hábitos, barreras y ajustes sin culpabilizar.;bajo;seguimiento;Diario de energía y sueño;Registrar energía, sueño, hambre y rendimiento.;Relacionar recuperación y alimentación.;bajo;7 días;seguimiento;media;Adaptar a historia clínica declarada, medicación, analíticas, cultura, economía, preferencias, etapa vital, riesgo de TCA y competencias profesionales. Derivar si hay señales de alarma.
Recomposición corporal;Definición muscular;Reducir grasa preservando rendimiento y masa muscular.;adultos/deportistas;composición_corporal;medio;"NUT2_SRC016;NUT2_SRC003";Educación sobre expectativas realistas;Explicar ritmos, fluctuaciones, retención, ciclo, estrés y margen de error.;bajo;educativa;Expectativas realistas de progreso;Escribir ritmo esperado, fluctuaciones y métricas de éxito no solo peso.;Reducir frustración.;bajo;mensual;educativa;media;Adaptar a historia clínica declarada, medicación, analíticas, cultura, economía, preferencias, etapa vital, riesgo de TCA y competencias profesionales. Derivar si hay señales de alarma.
Recomposición corporal;Seguimiento de composición corporal;Uso de peso, perímetros, fotos y rendimiento sin obsesión.;adultos;seguimiento;bajo;"NUT2_SRC003;NUT2_SRC012";Proteína objetivo;Asegurar proteína suficiente según objetivo, preferencias y contexto.;bajo;deportiva;Distribuir proteína diaria;Incluir fuente proteica en 3-4 comidas según objetivo.;Mejorar saciedad/músculo.;bajo;diario;deportiva;alta;Adaptar a historia clínica declarada, medicación, analíticas, cultura, economía, preferencias, etapa vital, riesgo de TCA y competencias profesionales. Derivar si hay señales de alarma.
Recomposición corporal;Seguimiento de composición corporal;Uso de peso, perímetros, fotos y rendimiento sin obsesión.;adultos;seguimiento;bajo;"NUT2_SRC003;NUT2_SRC012";Educación de recomposición corporal;Explicar expectativas, fuerza, proteína, medidas y ritmos realistas.;bajo;composición_corporal;Registro recomposición;Combinar peso, cintura, fotos, fuerza y adherencia.;Valorar cambios reales.;bajo;mensual;seguimiento;media;Adaptar a historia clínica declarada, medicación, analíticas, cultura, economía, preferencias, etapa vital, riesgo de TCA y competencias profesionales. Derivar si hay señales de alarma.
Recomposición corporal;Seguimiento de composición corporal;Uso de peso, perímetros, fotos y rendimiento sin obsesión.;adultos;seguimiento;bajo;"NUT2_SRC003;NUT2_SRC012";Seguimiento de peso y medidas;Usar tendencia de peso, cintura, fotos y adherencia, no solo un dato aislado.;bajo;seguimiento;Peso medio semanal;Registrar peso 3-7 días y usar media, si es adecuado para la persona.;Valorar tendencia.;bajo;semanal;seguimiento;media;Adaptar a historia clínica declarada, medicación, analíticas, cultura, economía, preferencias, etapa vital, riesgo de TCA y competencias profesionales. Derivar si hay señales de alarma.
Recomposición corporal;Seguimiento de composición corporal;Uso de peso, perímetros, fotos y rendimiento sin obsesión.;adultos;seguimiento;bajo;"NUT2_SRC003;NUT2_SRC012";Seguimiento de peso y medidas;Usar tendencia de peso, cintura, fotos y adherencia, no solo un dato aislado.;bajo;seguimiento;Medida de cintura;Medir cintura con mismo criterio y sin obsesión.;Seguir adiposidad central.;bajo;quincenal;seguimiento;media;Adaptar a historia clínica declarada, medicación, analíticas, cultura, economía, preferencias, etapa vital, riesgo de TCA y competencias profesionales. Derivar si hay señales de alarma.
Recomposición corporal;Seguimiento de composición corporal;Uso de peso, perímetros, fotos y rendimiento sin obsesión.;adultos;seguimiento;bajo;"NUT2_SRC003;NUT2_SRC012";Seguimiento de peso y medidas;Usar tendencia de peso, cintura, fotos y adherencia, no solo un dato aislado.;bajo;seguimiento;Revisión mensual de medidas;Comparar peso, cintura, adherencia, hambre y energía.;Ajustar plan.;bajo;mensual;seguimiento;media;Adaptar a historia clínica declarada, medicación, analíticas, cultura, economía, preferencias, etapa vital, riesgo de TCA y competencias profesionales. Derivar si hay señales de alarma.
Recomposición corporal;Seguimiento de composición corporal;Uso de peso, perímetros, fotos y rendimiento sin obsesión.;adultos;seguimiento;bajo;"NUT2_SRC003;NUT2_SRC012";Nutrición para hipertrofia;Ajustar energía, proteína, reparto y seguimiento de rendimiento/peso.;bajo;deportiva;Plan hipercalórico gradual;Añadir pequeña cantidad energética diaria y revisar peso/rendimiento.;Ganar músculo con control.;bajo;semanal;deportiva;media;Adaptar a historia clínica declarada, medicación, analíticas, cultura, economía, preferencias, etapa vital, riesgo de TCA y competencias profesionales. Derivar si hay señales de alarma.
Recomposición corporal;Seguimiento de composición corporal;Uso de peso, perímetros, fotos y rendimiento sin obsesión.;adultos;seguimiento;bajo;"NUT2_SRC003;NUT2_SRC012";Reducción de bebidas azucaradas;Sustituir bebidas azucaradas por agua u opciones sin azúcar, si procede.;bajo;metabólica;Eliminar bebida azucarada habitual;Sustituir una bebida azucarada por agua, infusión o bebida sin azúcar.;Reducir azúcar líquido.;bajo;diario;metabólica;media;Adaptar a historia clínica declarada, medicación, analíticas, cultura, economía, preferencias, etapa vital, riesgo de TCA y competencias profesionales. Derivar si hay señales de alarma.
Recomposición corporal;Seguimiento de composición corporal;Uso de peso, perímetros, fotos y rendimiento sin obsesión.;adultos;seguimiento;bajo;"NUT2_SRC003;NUT2_SRC012";Seguimiento de adherencia;Medir cumplimiento de hábitos, barreras y ajustes sin culpabilizar.;bajo;seguimiento;Seguimiento de adherencia semanal;Marcar hábitos cumplidos, barreras y ajustes.;Ajustar sin culpabilizar.;bajo;semanal;seguimiento;media;Adaptar a historia clínica declarada, medicación, analíticas, cultura, economía, preferencias, etapa vital, riesgo de TCA y competencias profesionales. Derivar si hay señales de alarma.
Recomposición corporal;Seguimiento de composición corporal;Uso de peso, perímetros, fotos y rendimiento sin obsesión.;adultos;seguimiento;bajo;"NUT2_SRC003;NUT2_SRC012";Seguimiento de adherencia;Medir cumplimiento de hábitos, barreras y ajustes sin culpabilizar.;bajo;seguimiento;Diario de energía y sueño;Registrar energía, sueño, hambre y rendimiento.;Relacionar recuperación y alimentación.;bajo;7 días;seguimiento;media;Adaptar a historia clínica declarada, medicación, analíticas, cultura, economía, preferencias, etapa vital, riesgo de TCA y competencias profesionales. Derivar si hay señales de alarma.
Recomposición corporal;Seguimiento de composición corporal;Uso de peso, perímetros, fotos y rendimiento sin obsesión.;adultos;seguimiento;bajo;"NUT2_SRC003;NUT2_SRC012";Educación sobre expectativas realistas;Explicar ritmos, fluctuaciones, retención, ciclo, estrés y margen de error.;bajo;educativa;Expectativas realistas de progreso;Escribir ritmo esperado, fluctuaciones y métricas de éxito no solo peso.;Reducir frustración.;bajo;mensual;educativa;media;Adaptar a historia clínica declarada, medicación, analíticas, cultura, economía, preferencias, etapa vital, riesgo de TCA y competencias profesionales. Derivar si hay señales de alarma.
Salud metabólica;Prediabetes / riesgo de diabetes tipo 2;Necesidad de hábitos alimentarios y actividad para reducir riesgo metabólico.;adultos;metabólica;alto;"NUT2_SRC007;NUT2_SRC008";Calidad de carbohidratos;Priorizar hidratos con fibra, legumbres, integrales, frutas y verduras.;bajo;metabólica;Cambiar cereal/refinado por integral;Sustituir una opción refinada por integral o legumbre si tolera.;Mejorar fibra/calidad de hidratos.;bajo;diario/semanal;metabólica;media;Adaptar a historia clínica declarada, medicación, analíticas, cultura, economía, preferencias, etapa vital, riesgo de TCA y competencias profesionales. Derivar si hay señales de alarma.
Salud metabólica;Prediabetes / riesgo de diabetes tipo 2;Necesidad de hábitos alimentarios y actividad para reducir riesgo metabólico.;adultos;metabólica;alto;"NUT2_SRC007;NUT2_SRC008";Calidad de carbohidratos;Priorizar hidratos con fibra, legumbres, integrales, frutas y verduras.;bajo;metabólica;Plato con hidrato de calidad;Elegir patata cocida, arroz integral, legumbre, avena, fruta u otro según contexto.;Mejorar calidad de carbohidratos.;bajo;diario;metabólica;media;Adaptar a historia clínica declarada, medicación, analíticas, cultura, economía, preferencias, etapa vital, riesgo de TCA y competencias profesionales. Derivar si hay señales de alarma.
Salud metabólica;Prediabetes / riesgo de diabetes tipo 2;Necesidad de hábitos alimentarios y actividad para reducir riesgo metabólico.;adultos;metabólica;alto;"NUT2_SRC007;NUT2_SRC008";Reducción de bebidas azucaradas;Sustituir bebidas azucaradas por agua u opciones sin azúcar, si procede.;bajo;metabólica;Eliminar bebida azucarada habitual;Sustituir una bebida azucarada por agua, infusión o bebida sin azúcar.;Reducir azúcar líquido.;bajo;diario;metabólica;media;Adaptar a historia clínica declarada, medicación, analíticas, cultura, economía, preferencias, etapa vital, riesgo de TCA y competencias profesionales. Derivar si hay señales de alarma.
Salud metabólica;Prediabetes / riesgo de diabetes tipo 2;Necesidad de hábitos alimentarios y actividad para reducir riesgo metabólico.;adultos;metabólica;alto;"NUT2_SRC007;NUT2_SRC008";Registro glucémico-alimentario supervisado;Relacionar comidas, actividad y glucemia si el paciente lo mide con indicación sanitaria.;alto;metabólica;Registro glucemia-comida;Si usa glucómetro por indicación, anotar comida, actividad y glucemia.;Coordinar alimentación-diabetes.;alto;según pauta sanitaria;metabólica;media;Adaptar a historia clínica declarada, medicación, analíticas, cultura, economía, preferencias, etapa vital, riesgo de TCA y competencias profesionales. Derivar si hay señales de alarma.
Salud metabólica;Prediabetes / riesgo de diabetes tipo 2;Necesidad de hábitos alimentarios y actividad para reducir riesgo metabólico.;adultos;metabólica;alto;"NUT2_SRC007;NUT2_SRC008";Aumento de fibra;Incluir legumbres, frutas, verduras, integrales, semillas y frutos secos según tolerancia.;bajo;hábitos;Legumbre semanal;Planificar al menos una comida con legumbres.;Aumentar fibra y calidad de dieta.;bajo;semanal;hábitos;media;Adaptar a historia clínica declarada, medicación, analíticas, cultura, economía, preferencias, etapa vital, riesgo de TCA y competencias profesionales. Derivar si hay señales de alarma.
Salud metabólica;Prediabetes / riesgo de diabetes tipo 2;Necesidad de hábitos alimentarios y actividad para reducir riesgo metabólico.;adultos;metabólica;alto;"NUT2_SRC007;NUT2_SRC008";Aumento de fibra;Incluir legumbres, frutas, verduras, integrales, semillas y frutos secos según tolerancia.;bajo;hábitos;Preparar plato de legumbre completo;Crear plato con legumbre, verdura y proteína complementaria si procede.;Mejorar fibra y saciedad.;bajo;semanal;hábitos;media;Adaptar a historia clínica declarada, medicación, analíticas, cultura, economía, preferencias, etapa vital, riesgo de TCA y competencias profesionales. Derivar si hay señales de alarma.
Salud metabólica;Prediabetes / riesgo de diabetes tipo 2;Necesidad de hábitos alimentarios y actividad para reducir riesgo metabólico.;adultos;metabólica;alto;"NUT2_SRC007;NUT2_SRC008";Patrón mediterráneo/cardiosaludable;Fomentar alimentos frescos, aceite de oliva, legumbres, pescado, frutos secos y vegetales.;bajo;cardiovascular;Día mediterráneo;Planificar día con legumbre/vegetal/fruta/aceite oliva/pescado o alternativa.;Reforzar patrón saludable.;bajo;semanal;cardiovascular;media;Adaptar a historia clínica declarada, medicación, analíticas, cultura, economía, preferencias, etapa vital, riesgo de TCA y competencias profesionales. Derivar si hay señales de alarma.
Salud metabólica;Prediabetes / riesgo de diabetes tipo 2;Necesidad de hábitos alimentarios y actividad para reducir riesgo metabólico.;adultos;metabólica;alto;"NUT2_SRC007;NUT2_SRC008";Reducción de sal;Disminuir sal añadida y productos salados, usando especias/alternativas.;medio;cardiovascular;Reducir sal añadida;Usar especias, limón, ajo, hierbas o reducción gradual de sal.;Apoyar salud cardiovascular.;medio;diario;cardiovascular;media;Adaptar a historia clínica declarada, medicación, analíticas, cultura, economía, preferencias, etapa vital, riesgo de TCA y competencias profesionales. Derivar si hay señales de alarma.
Salud metabólica;Prediabetes / riesgo de diabetes tipo 2;Necesidad de hábitos alimentarios y actividad para reducir riesgo metabólico.;adultos;metabólica;alto;"NUT2_SRC007;NUT2_SRC008";Reducción de sal;Disminuir sal añadida y productos salados, usando especias/alternativas.;medio;cardiovascular;Revisar productos salados;Identificar 3 productos altos en sal y buscar alternativa.;Reducir sal oculta.;medio;semanal;cardiovascular;media;Adaptar a historia clínica declarada, medicación, analíticas, cultura, economía, preferencias, etapa vital, riesgo de TCA y competencias profesionales. Derivar si hay señales de alarma.
Salud metabólica;Prediabetes / riesgo de diabetes tipo 2;Necesidad de hábitos alimentarios y actividad para reducir riesgo metabólico.;adultos;metabólica;alto;"NUT2_SRC007;NUT2_SRC008";Reducción de sal;Disminuir sal añadida y productos salados, usando especias/alternativas.;medio;cardiovascular;Plan de reducción gradual de sal;Reducir sal poco a poco durante varias semanas.;Adaptar paladar.;medio;2-4 semanas;cardiovascular;media;Adaptar a historia clínica declarada, medicación, analíticas, cultura, economía, preferencias, etapa vital, riesgo de TCA y competencias profesionales. Derivar si hay señales de alarma.
Salud metabólica;Prediabetes / riesgo de diabetes tipo 2;Necesidad de hábitos alimentarios y actividad para reducir riesgo metabólico.;adultos;metabólica;alto;"NUT2_SRC007;NUT2_SRC008";Señales de derivación nutricional/médica;Identificar pérdida involuntaria, síntomas, analíticas alteradas, TCA, embarazo o enfermedad.;alto;seguridad;Plan de derivación nutricional/médica;Identificar señal de alarma y profesional de referencia.;Aumentar seguridad.;alto;si aparece;seguridad;alta;Adaptar a historia clínica declarada, medicación, analíticas, cultura, economía, preferencias, etapa vital, riesgo de TCA y competencias profesionales. Derivar si hay señales de alarma.
Salud metabólica;Prediabetes / riesgo de diabetes tipo 2;Necesidad de hábitos alimentarios y actividad para reducir riesgo metabólico.;adultos;metabólica;alto;"NUT2_SRC007;NUT2_SRC008";Señales de derivación nutricional/médica;Identificar pérdida involuntaria, síntomas, analíticas alteradas, TCA, embarazo o enfermedad.;alto;seguridad;Revisión de analítica/diagnóstico referido;Registrar dato aportado y recomendar coordinación con sanitario si hay patología.;No invadir ámbito médico.;alto;según caso;seguridad;alta;Adaptar a historia clínica declarada, medicación, analíticas, cultura, economía, preferencias, etapa vital, riesgo de TCA y competencias profesionales. Derivar si hay señales de alarma.
Salud metabólica;Diabetes tipo 2 - educación alimentaria;Apoyo no médico para alimentación equilibrada coordinada con equipo sanitario.;adultos;metabólica;alto;"NUT2_SRC006;NUT2_SRC008";Calidad de carbohidratos;Priorizar hidratos con fibra, legumbres, integrales, frutas y verduras.;bajo;metabólica;Cambiar cereal/refinado por integral;Sustituir una opción refinada por integral o legumbre si tolera.;Mejorar fibra/calidad de hidratos.;bajo;diario/semanal;metabólica;media;Adaptar a historia clínica declarada, medicación, analíticas, cultura, economía, preferencias, etapa vital, riesgo de TCA y competencias profesionales. Derivar si hay señales de alarma.
Salud metabólica;Diabetes tipo 2 - educación alimentaria;Apoyo no médico para alimentación equilibrada coordinada con equipo sanitario.;adultos;metabólica;alto;"NUT2_SRC006;NUT2_SRC008";Calidad de carbohidratos;Priorizar hidratos con fibra, legumbres, integrales, frutas y verduras.;bajo;metabólica;Plato con hidrato de calidad;Elegir patata cocida, arroz integral, legumbre, avena, fruta u otro según contexto.;Mejorar calidad de carbohidratos.;bajo;diario;metabólica;media;Adaptar a historia clínica declarada, medicación, analíticas, cultura, economía, preferencias, etapa vital, riesgo de TCA y competencias profesionales. Derivar si hay señales de alarma.
Salud metabólica;Diabetes tipo 2 - educación alimentaria;Apoyo no médico para alimentación equilibrada coordinada con equipo sanitario.;adultos;metabólica;alto;"NUT2_SRC006;NUT2_SRC008";Reducción de bebidas azucaradas;Sustituir bebidas azucaradas por agua u opciones sin azúcar, si procede.;bajo;metabólica;Eliminar bebida azucarada habitual;Sustituir una bebida azucarada por agua, infusión o bebida sin azúcar.;Reducir azúcar líquido.;bajo;diario;metabólica;media;Adaptar a historia clínica declarada, medicación, analíticas, cultura, economía, preferencias, etapa vital, riesgo de TCA y competencias profesionales. Derivar si hay señales de alarma.
Salud metabólica;Diabetes tipo 2 - educación alimentaria;Apoyo no médico para alimentación equilibrada coordinada con equipo sanitario.;adultos;metabólica;alto;"NUT2_SRC006;NUT2_SRC008";Registro glucémico-alimentario supervisado;Relacionar comidas, actividad y glucemia si el paciente lo mide con indicación sanitaria.;alto;metabólica;Registro glucemia-comida;Si usa glucómetro por indicación, anotar comida, actividad y glucemia.;Coordinar alimentación-diabetes.;alto;según pauta sanitaria;metabólica;media;Adaptar a historia clínica declarada, medicación, analíticas, cultura, economía, preferencias, etapa vital, riesgo de TCA y competencias profesionales. Derivar si hay señales de alarma.
Salud metabólica;Diabetes tipo 2 - educación alimentaria;Apoyo no médico para alimentación equilibrada coordinada con equipo sanitario.;adultos;metabólica;alto;"NUT2_SRC006;NUT2_SRC008";Aumento de fibra;Incluir legumbres, frutas, verduras, integrales, semillas y frutos secos según tolerancia.;bajo;hábitos;Legumbre semanal;Planificar al menos una comida con legumbres.;Aumentar fibra y calidad de dieta.;bajo;semanal;hábitos;media;Adaptar a historia clínica declarada, medicación, analíticas, cultura, economía, preferencias, etapa vital, riesgo de TCA y competencias profesionales. Derivar si hay señales de alarma.
Salud metabólica;Diabetes tipo 2 - educación alimentaria;Apoyo no médico para alimentación equilibrada coordinada con equipo sanitario.;adultos;metabólica;alto;"NUT2_SRC006;NUT2_SRC008";Aumento de fibra;Incluir legumbres, frutas, verduras, integrales, semillas y frutos secos según tolerancia.;bajo;hábitos;Preparar plato de legumbre completo;Crear plato con legumbre, verdura y proteína complementaria si procede.;Mejorar fibra y saciedad.;bajo;semanal;hábitos;media;Adaptar a historia clínica declarada, medicación, analíticas, cultura, economía, preferencias, etapa vital, riesgo de TCA y competencias profesionales. Derivar si hay señales de alarma.
Salud metabólica;Diabetes tipo 2 - educación alimentaria;Apoyo no médico para alimentación equilibrada coordinada con equipo sanitario.;adultos;metabólica;alto;"NUT2_SRC006;NUT2_SRC008";Patrón mediterráneo/cardiosaludable;Fomentar alimentos frescos, aceite de oliva, legumbres, pescado, frutos secos y vegetales.;bajo;cardiovascular;Día mediterráneo;Planificar día con legumbre/vegetal/fruta/aceite oliva/pescado o alternativa.;Reforzar patrón saludable.;bajo;semanal;cardiovascular;media;Adaptar a historia clínica declarada, medicación, analíticas, cultura, economía, preferencias, etapa vital, riesgo de TCA y competencias profesionales. Derivar si hay señales de alarma.
Salud metabólica;Diabetes tipo 2 - educación alimentaria;Apoyo no médico para alimentación equilibrada coordinada con equipo sanitario.;adultos;metabólica;alto;"NUT2_SRC006;NUT2_SRC008";Reducción de sal;Disminuir sal añadida y productos salados, usando especias/alternativas.;medio;cardiovascular;Reducir sal añadida;Usar especias, limón, ajo, hierbas o reducción gradual de sal.;Apoyar salud cardiovascular.;medio;diario;cardiovascular;media;Adaptar a historia clínica declarada, medicación, analíticas, cultura, economía, preferencias, etapa vital, riesgo de TCA y competencias profesionales. Derivar si hay señales de alarma.
Salud metabólica;Diabetes tipo 2 - educación alimentaria;Apoyo no médico para alimentación equilibrada coordinada con equipo sanitario.;adultos;metabólica;alto;"NUT2_SRC006;NUT2_SRC008";Reducción de sal;Disminuir sal añadida y productos salados, usando especias/alternativas.;medio;cardiovascular;Revisar productos salados;Identificar 3 productos altos en sal y buscar alternativa.;Reducir sal oculta.;medio;semanal;cardiovascular;media;Adaptar a historia clínica declarada, medicación, analíticas, cultura, economía, preferencias, etapa vital, riesgo de TCA y competencias profesionales. Derivar si hay señales de alarma.
Salud metabólica;Diabetes tipo 2 - educación alimentaria;Apoyo no médico para alimentación equilibrada coordinada con equipo sanitario.;adultos;metabólica;alto;"NUT2_SRC006;NUT2_SRC008";Reducción de sal;Disminuir sal añadida y productos salados, usando especias/alternativas.;medio;cardiovascular;Plan de reducción gradual de sal;Reducir sal poco a poco durante varias semanas.;Adaptar paladar.;medio;2-4 semanas;cardiovascular;media;Adaptar a historia clínica declarada, medicación, analíticas, cultura, economía, preferencias, etapa vital, riesgo de TCA y competencias profesionales. Derivar si hay señales de alarma.
Salud metabólica;Diabetes tipo 2 - educación alimentaria;Apoyo no médico para alimentación equilibrada coordinada con equipo sanitario.;adultos;metabólica;alto;"NUT2_SRC006;NUT2_SRC008";Señales de derivación nutricional/médica;Identificar pérdida involuntaria, síntomas, analíticas alteradas, TCA, embarazo o enfermedad.;alto;seguridad;Plan de derivación nutricional/médica;Identificar señal de alarma y profesional de referencia.;Aumentar seguridad.;alto;si aparece;seguridad;alta;Adaptar a historia clínica declarada, medicación, analíticas, cultura, economía, preferencias, etapa vital, riesgo de TCA y competencias profesionales. Derivar si hay señales de alarma.
Salud metabólica;Diabetes tipo 2 - educación alimentaria;Apoyo no médico para alimentación equilibrada coordinada con equipo sanitario.;adultos;metabólica;alto;"NUT2_SRC006;NUT2_SRC008";Señales de derivación nutricional/médica;Identificar pérdida involuntaria, síntomas, analíticas alteradas, TCA, embarazo o enfermedad.;alto;seguridad;Revisión de analítica/diagnóstico referido;Registrar dato aportado y recomendar coordinación con sanitario si hay patología.;No invadir ámbito médico.;alto;según caso;seguridad;alta;Adaptar a historia clínica declarada, medicación, analíticas, cultura, economía, preferencias, etapa vital, riesgo de TCA y competencias profesionales. Derivar si hay señales de alarma.
Salud metabólica;Resistencia a la insulina referida;Objetivo de mejorar hábitos, peso si procede y calidad alimentaria.;adultos;metabólica;alto;"NUT2_SRC007;NUT2_SRC008";Calidad de carbohidratos;Priorizar hidratos con fibra, legumbres, integrales, frutas y verduras.;bajo;metabólica;Cambiar cereal/refinado por integral;Sustituir una opción refinada por integral o legumbre si tolera.;Mejorar fibra/calidad de hidratos.;bajo;diario/semanal;metabólica;media;Adaptar a historia clínica declarada, medicación, analíticas, cultura, economía, preferencias, etapa vital, riesgo de TCA y competencias profesionales. Derivar si hay señales de alarma.
Salud metabólica;Resistencia a la insulina referida;Objetivo de mejorar hábitos, peso si procede y calidad alimentaria.;adultos;metabólica;alto;"NUT2_SRC007;NUT2_SRC008";Calidad de carbohidratos;Priorizar hidratos con fibra, legumbres, integrales, frutas y verduras.;bajo;metabólica;Plato con hidrato de calidad;Elegir patata cocida, arroz integral, legumbre, avena, fruta u otro según contexto.;Mejorar calidad de carbohidratos.;bajo;diario;metabólica;media;Adaptar a historia clínica declarada, medicación, analíticas, cultura, economía, preferencias, etapa vital, riesgo de TCA y competencias profesionales. Derivar si hay señales de alarma.
Salud metabólica;Resistencia a la insulina referida;Objetivo de mejorar hábitos, peso si procede y calidad alimentaria.;adultos;metabólica;alto;"NUT2_SRC007;NUT2_SRC008";Reducción de bebidas azucaradas;Sustituir bebidas azucaradas por agua u opciones sin azúcar, si procede.;bajo;metabólica;Eliminar bebida azucarada habitual;Sustituir una bebida azucarada por agua, infusión o bebida sin azúcar.;Reducir azúcar líquido.;bajo;diario;metabólica;media;Adaptar a historia clínica declarada, medicación, analíticas, cultura, economía, preferencias, etapa vital, riesgo de TCA y competencias profesionales. Derivar si hay señales de alarma.
Salud metabólica;Resistencia a la insulina referida;Objetivo de mejorar hábitos, peso si procede y calidad alimentaria.;adultos;metabólica;alto;"NUT2_SRC007;NUT2_SRC008";Registro glucémico-alimentario supervisado;Relacionar comidas, actividad y glucemia si el paciente lo mide con indicación sanitaria.;alto;metabólica;Registro glucemia-comida;Si usa glucómetro por indicación, anotar comida, actividad y glucemia.;Coordinar alimentación-diabetes.;alto;según pauta sanitaria;metabólica;media;Adaptar a historia clínica declarada, medicación, analíticas, cultura, economía, preferencias, etapa vital, riesgo de TCA y competencias profesionales. Derivar si hay señales de alarma.
Salud metabólica;Resistencia a la insulina referida;Objetivo de mejorar hábitos, peso si procede y calidad alimentaria.;adultos;metabólica;alto;"NUT2_SRC007;NUT2_SRC008";Aumento de fibra;Incluir legumbres, frutas, verduras, integrales, semillas y frutos secos según tolerancia.;bajo;hábitos;Legumbre semanal;Planificar al menos una comida con legumbres.;Aumentar fibra y calidad de dieta.;bajo;semanal;hábitos;media;Adaptar a historia clínica declarada, medicación, analíticas, cultura, economía, preferencias, etapa vital, riesgo de TCA y competencias profesionales. Derivar si hay señales de alarma.
Salud metabólica;Resistencia a la insulina referida;Objetivo de mejorar hábitos, peso si procede y calidad alimentaria.;adultos;metabólica;alto;"NUT2_SRC007;NUT2_SRC008";Aumento de fibra;Incluir legumbres, frutas, verduras, integrales, semillas y frutos secos según tolerancia.;bajo;hábitos;Preparar plato de legumbre completo;Crear plato con legumbre, verdura y proteína complementaria si procede.;Mejorar fibra y saciedad.;bajo;semanal;hábitos;media;Adaptar a historia clínica declarada, medicación, analíticas, cultura, economía, preferencias, etapa vital, riesgo de TCA y competencias profesionales. Derivar si hay señales de alarma.
Salud metabólica;Resistencia a la insulina referida;Objetivo de mejorar hábitos, peso si procede y calidad alimentaria.;adultos;metabólica;alto;"NUT2_SRC007;NUT2_SRC008";Patrón mediterráneo/cardiosaludable;Fomentar alimentos frescos, aceite de oliva, legumbres, pescado, frutos secos y vegetales.;bajo;cardiovascular;Día mediterráneo;Planificar día con legumbre/vegetal/fruta/aceite oliva/pescado o alternativa.;Reforzar patrón saludable.;bajo;semanal;cardiovascular;media;Adaptar a historia clínica declarada, medicación, analíticas, cultura, economía, preferencias, etapa vital, riesgo de TCA y competencias profesionales. Derivar si hay señales de alarma.
Salud metabólica;Resistencia a la insulina referida;Objetivo de mejorar hábitos, peso si procede y calidad alimentaria.;adultos;metabólica;alto;"NUT2_SRC007;NUT2_SRC008";Reducción de sal;Disminuir sal añadida y productos salados, usando especias/alternativas.;medio;cardiovascular;Reducir sal añadida;Usar especias, limón, ajo, hierbas o reducción gradual de sal.;Apoyar salud cardiovascular.;medio;diario;cardiovascular;media;Adaptar a historia clínica declarada, medicación, analíticas, cultura, economía, preferencias, etapa vital, riesgo de TCA y competencias profesionales. Derivar si hay señales de alarma.
Salud metabólica;Resistencia a la insulina referida;Objetivo de mejorar hábitos, peso si procede y calidad alimentaria.;adultos;metabólica;alto;"NUT2_SRC007;NUT2_SRC008";Reducción de sal;Disminuir sal añadida y productos salados, usando especias/alternativas.;medio;cardiovascular;Revisar productos salados;Identificar 3 productos altos en sal y buscar alternativa.;Reducir sal oculta.;medio;semanal;cardiovascular;media;Adaptar a historia clínica declarada, medicación, analíticas, cultura, economía, preferencias, etapa vital, riesgo de TCA y competencias profesionales. Derivar si hay señales de alarma.
Salud metabólica;Resistencia a la insulina referida;Objetivo de mejorar hábitos, peso si procede y calidad alimentaria.;adultos;metabólica;alto;"NUT2_SRC007;NUT2_SRC008";Reducción de sal;Disminuir sal añadida y productos salados, usando especias/alternativas.;medio;cardiovascular;Plan de reducción gradual de sal;Reducir sal poco a poco durante varias semanas.;Adaptar paladar.;medio;2-4 semanas;cardiovascular;media;Adaptar a historia clínica declarada, medicación, analíticas, cultura, economía, preferencias, etapa vital, riesgo de TCA y competencias profesionales. Derivar si hay señales de alarma.
Salud metabólica;Resistencia a la insulina referida;Objetivo de mejorar hábitos, peso si procede y calidad alimentaria.;adultos;metabólica;alto;"NUT2_SRC007;NUT2_SRC008";Señales de derivación nutricional/médica;Identificar pérdida involuntaria, síntomas, analíticas alteradas, TCA, embarazo o enfermedad.;alto;seguridad;Plan de derivación nutricional/médica;Identificar señal de alarma y profesional de referencia.;Aumentar seguridad.;alto;si aparece;seguridad;alta;Adaptar a historia clínica declarada, medicación, analíticas, cultura, economía, preferencias, etapa vital, riesgo de TCA y competencias profesionales. Derivar si hay señales de alarma.
Salud metabólica;Resistencia a la insulina referida;Objetivo de mejorar hábitos, peso si procede y calidad alimentaria.;adultos;metabólica;alto;"NUT2_SRC007;NUT2_SRC008";Señales de derivación nutricional/médica;Identificar pérdida involuntaria, síntomas, analíticas alteradas, TCA, embarazo o enfermedad.;alto;seguridad;Revisión de analítica/diagnóstico referido;Registrar dato aportado y recomendar coordinación con sanitario si hay patología.;No invadir ámbito médico.;alto;según caso;seguridad;alta;Adaptar a historia clínica declarada, medicación, analíticas, cultura, economía, preferencias, etapa vital, riesgo de TCA y competencias profesionales. Derivar si hay señales de alarma.
Salud metabólica;Triglicéridos elevados referidos;Necesidad de orientación alimentaria y derivación/coordinación sanitaria.;adultos;metabólica;alto;"NUT2_SRC013;NUT2_SRC014";Calidad de carbohidratos;Priorizar hidratos con fibra, legumbres, integrales, frutas y verduras.;bajo;metabólica;Cambiar cereal/refinado por integral;Sustituir una opción refinada por integral o legumbre si tolera.;Mejorar fibra/calidad de hidratos.;bajo;diario/semanal;metabólica;media;Adaptar a historia clínica declarada, medicación, analíticas, cultura, economía, preferencias, etapa vital, riesgo de TCA y competencias profesionales. Derivar si hay señales de alarma.
Salud metabólica;Triglicéridos elevados referidos;Necesidad de orientación alimentaria y derivación/coordinación sanitaria.;adultos;metabólica;alto;"NUT2_SRC013;NUT2_SRC014";Calidad de carbohidratos;Priorizar hidratos con fibra, legumbres, integrales, frutas y verduras.;bajo;metabólica;Plato con hidrato de calidad;Elegir patata cocida, arroz integral, legumbre, avena, fruta u otro según contexto.;Mejorar calidad de carbohidratos.;bajo;diario;metabólica;media;Adaptar a historia clínica declarada, medicación, analíticas, cultura, economía, preferencias, etapa vital, riesgo de TCA y competencias profesionales. Derivar si hay señales de alarma.
Salud metabólica;Triglicéridos elevados referidos;Necesidad de orientación alimentaria y derivación/coordinación sanitaria.;adultos;metabólica;alto;"NUT2_SRC013;NUT2_SRC014";Reducción de bebidas azucaradas;Sustituir bebidas azucaradas por agua u opciones sin azúcar, si procede.;bajo;metabólica;Eliminar bebida azucarada habitual;Sustituir una bebida azucarada por agua, infusión o bebida sin azúcar.;Reducir azúcar líquido.;bajo;diario;metabólica;media;Adaptar a historia clínica declarada, medicación, analíticas, cultura, economía, preferencias, etapa vital, riesgo de TCA y competencias profesionales. Derivar si hay señales de alarma.
Salud metabólica;Triglicéridos elevados referidos;Necesidad de orientación alimentaria y derivación/coordinación sanitaria.;adultos;metabólica;alto;"NUT2_SRC013;NUT2_SRC014";Registro glucémico-alimentario supervisado;Relacionar comidas, actividad y glucemia si el paciente lo mide con indicación sanitaria.;alto;metabólica;Registro glucemia-comida;Si usa glucómetro por indicación, anotar comida, actividad y glucemia.;Coordinar alimentación-diabetes.;alto;según pauta sanitaria;metabólica;media;Adaptar a historia clínica declarada, medicación, analíticas, cultura, economía, preferencias, etapa vital, riesgo de TCA y competencias profesionales. Derivar si hay señales de alarma.
Salud metabólica;Triglicéridos elevados referidos;Necesidad de orientación alimentaria y derivación/coordinación sanitaria.;adultos;metabólica;alto;"NUT2_SRC013;NUT2_SRC014";Aumento de fibra;Incluir legumbres, frutas, verduras, integrales, semillas y frutos secos según tolerancia.;bajo;hábitos;Legumbre semanal;Planificar al menos una comida con legumbres.;Aumentar fibra y calidad de dieta.;bajo;semanal;hábitos;media;Adaptar a historia clínica declarada, medicación, analíticas, cultura, economía, preferencias, etapa vital, riesgo de TCA y competencias profesionales. Derivar si hay señales de alarma.
Salud metabólica;Triglicéridos elevados referidos;Necesidad de orientación alimentaria y derivación/coordinación sanitaria.;adultos;metabólica;alto;"NUT2_SRC013;NUT2_SRC014";Aumento de fibra;Incluir legumbres, frutas, verduras, integrales, semillas y frutos secos según tolerancia.;bajo;hábitos;Preparar plato de legumbre completo;Crear plato con legumbre, verdura y proteína complementaria si procede.;Mejorar fibra y saciedad.;bajo;semanal;hábitos;media;Adaptar a historia clínica declarada, medicación, analíticas, cultura, economía, preferencias, etapa vital, riesgo de TCA y competencias profesionales. Derivar si hay señales de alarma.
Salud metabólica;Triglicéridos elevados referidos;Necesidad de orientación alimentaria y derivación/coordinación sanitaria.;adultos;metabólica;alto;"NUT2_SRC013;NUT2_SRC014";Patrón mediterráneo/cardiosaludable;Fomentar alimentos frescos, aceite de oliva, legumbres, pescado, frutos secos y vegetales.;bajo;cardiovascular;Día mediterráneo;Planificar día con legumbre/vegetal/fruta/aceite oliva/pescado o alternativa.;Reforzar patrón saludable.;bajo;semanal;cardiovascular;media;Adaptar a historia clínica declarada, medicación, analíticas, cultura, economía, preferencias, etapa vital, riesgo de TCA y competencias profesionales. Derivar si hay señales de alarma.
Salud metabólica;Triglicéridos elevados referidos;Necesidad de orientación alimentaria y derivación/coordinación sanitaria.;adultos;metabólica;alto;"NUT2_SRC013;NUT2_SRC014";Reducción de sal;Disminuir sal añadida y productos salados, usando especias/alternativas.;medio;cardiovascular;Reducir sal añadida;Usar especias, limón, ajo, hierbas o reducción gradual de sal.;Apoyar salud cardiovascular.;medio;diario;cardiovascular;media;Adaptar a historia clínica declarada, medicación, analíticas, cultura, economía, preferencias, etapa vital, riesgo de TCA y competencias profesionales. Derivar si hay señales de alarma.
Salud metabólica;Triglicéridos elevados referidos;Necesidad de orientación alimentaria y derivación/coordinación sanitaria.;adultos;metabólica;alto;"NUT2_SRC013;NUT2_SRC014";Reducción de sal;Disminuir sal añadida y productos salados, usando especias/alternativas.;medio;cardiovascular;Revisar productos salados;Identificar 3 productos altos en sal y buscar alternativa.;Reducir sal oculta.;medio;semanal;cardiovascular;media;Adaptar a historia clínica declarada, medicación, analíticas, cultura, economía, preferencias, etapa vital, riesgo de TCA y competencias profesionales. Derivar si hay señales de alarma.
Salud metabólica;Triglicéridos elevados referidos;Necesidad de orientación alimentaria y derivación/coordinación sanitaria.;adultos;metabólica;alto;"NUT2_SRC013;NUT2_SRC014";Reducción de sal;Disminuir sal añadida y productos salados, usando especias/alternativas.;medio;cardiovascular;Plan de reducción gradual de sal;Reducir sal poco a poco durante varias semanas.;Adaptar paladar.;medio;2-4 semanas;cardiovascular;media;Adaptar a historia clínica declarada, medicación, analíticas, cultura, economía, preferencias, etapa vital, riesgo de TCA y competencias profesionales. Derivar si hay señales de alarma.
Salud metabólica;Triglicéridos elevados referidos;Necesidad de orientación alimentaria y derivación/coordinación sanitaria.;adultos;metabólica;alto;"NUT2_SRC013;NUT2_SRC014";Señales de derivación nutricional/médica;Identificar pérdida involuntaria, síntomas, analíticas alteradas, TCA, embarazo o enfermedad.;alto;seguridad;Plan de derivación nutricional/médica;Identificar señal de alarma y profesional de referencia.;Aumentar seguridad.;alto;si aparece;seguridad;alta;Adaptar a historia clínica declarada, medicación, analíticas, cultura, economía, preferencias, etapa vital, riesgo de TCA y competencias profesionales. Derivar si hay señales de alarma.
Salud metabólica;Triglicéridos elevados referidos;Necesidad de orientación alimentaria y derivación/coordinación sanitaria.;adultos;metabólica;alto;"NUT2_SRC013;NUT2_SRC014";Señales de derivación nutricional/médica;Identificar pérdida involuntaria, síntomas, analíticas alteradas, TCA, embarazo o enfermedad.;alto;seguridad;Revisión de analítica/diagnóstico referido;Registrar dato aportado y recomendar coordinación con sanitario si hay patología.;No invadir ámbito médico.;alto;según caso;seguridad;alta;Adaptar a historia clínica declarada, medicación, analíticas, cultura, economía, preferencias, etapa vital, riesgo de TCA y competencias profesionales. Derivar si hay señales de alarma.
Salud metabólica;Bebidas azucaradas frecuentes;Consumo habitual de refrescos, zumos o bebidas con azúcar.;general;metabólica;medio;"NUT2_SRC001;NUT2_SRC007";Calidad de carbohidratos;Priorizar hidratos con fibra, legumbres, integrales, frutas y verduras.;bajo;metabólica;Cambiar cereal/refinado por integral;Sustituir una opción refinada por integral o legumbre si tolera.;Mejorar fibra/calidad de hidratos.;bajo;diario/semanal;metabólica;media;Adaptar a historia clínica declarada, medicación, analíticas, cultura, economía, preferencias, etapa vital, riesgo de TCA y competencias profesionales. Derivar si hay señales de alarma.
Salud metabólica;Bebidas azucaradas frecuentes;Consumo habitual de refrescos, zumos o bebidas con azúcar.;general;metabólica;medio;"NUT2_SRC001;NUT2_SRC007";Calidad de carbohidratos;Priorizar hidratos con fibra, legumbres, integrales, frutas y verduras.;bajo;metabólica;Plato con hidrato de calidad;Elegir patata cocida, arroz integral, legumbre, avena, fruta u otro según contexto.;Mejorar calidad de carbohidratos.;bajo;diario;metabólica;media;Adaptar a historia clínica declarada, medicación, analíticas, cultura, economía, preferencias, etapa vital, riesgo de TCA y competencias profesionales. Derivar si hay señales de alarma.
Salud metabólica;Bebidas azucaradas frecuentes;Consumo habitual de refrescos, zumos o bebidas con azúcar.;general;metabólica;medio;"NUT2_SRC001;NUT2_SRC007";Reducción de bebidas azucaradas;Sustituir bebidas azucaradas por agua u opciones sin azúcar, si procede.;bajo;metabólica;Eliminar bebida azucarada habitual;Sustituir una bebida azucarada por agua, infusión o bebida sin azúcar.;Reducir azúcar líquido.;bajo;diario;metabólica;media;Adaptar a historia clínica declarada, medicación, analíticas, cultura, economía, preferencias, etapa vital, riesgo de TCA y competencias profesionales. Derivar si hay señales de alarma.
Salud metabólica;Bebidas azucaradas frecuentes;Consumo habitual de refrescos, zumos o bebidas con azúcar.;general;metabólica;medio;"NUT2_SRC001;NUT2_SRC007";Registro glucémico-alimentario supervisado;Relacionar comidas, actividad y glucemia si el paciente lo mide con indicación sanitaria.;alto;metabólica;Registro glucemia-comida;Si usa glucómetro por indicación, anotar comida, actividad y glucemia.;Coordinar alimentación-diabetes.;alto;según pauta sanitaria;metabólica;media;Adaptar a historia clínica declarada, medicación, analíticas, cultura, economía, preferencias, etapa vital, riesgo de TCA y competencias profesionales. Derivar si hay señales de alarma.
Salud metabólica;Bebidas azucaradas frecuentes;Consumo habitual de refrescos, zumos o bebidas con azúcar.;general;metabólica;medio;"NUT2_SRC001;NUT2_SRC007";Aumento de fibra;Incluir legumbres, frutas, verduras, integrales, semillas y frutos secos según tolerancia.;bajo;hábitos;Legumbre semanal;Planificar al menos una comida con legumbres.;Aumentar fibra y calidad de dieta.;bajo;semanal;hábitos;media;Adaptar a historia clínica declarada, medicación, analíticas, cultura, economía, preferencias, etapa vital, riesgo de TCA y competencias profesionales. Derivar si hay señales de alarma.
Salud metabólica;Bebidas azucaradas frecuentes;Consumo habitual de refrescos, zumos o bebidas con azúcar.;general;metabólica;medio;"NUT2_SRC001;NUT2_SRC007";Aumento de fibra;Incluir legumbres, frutas, verduras, integrales, semillas y frutos secos según tolerancia.;bajo;hábitos;Preparar plato de legumbre completo;Crear plato con legumbre, verdura y proteína complementaria si procede.;Mejorar fibra y saciedad.;bajo;semanal;hábitos;media;Adaptar a historia clínica declarada, medicación, analíticas, cultura, economía, preferencias, etapa vital, riesgo de TCA y competencias profesionales. Derivar si hay señales de alarma.
Salud metabólica;Bebidas azucaradas frecuentes;Consumo habitual de refrescos, zumos o bebidas con azúcar.;general;metabólica;medio;"NUT2_SRC001;NUT2_SRC007";Patrón mediterráneo/cardiosaludable;Fomentar alimentos frescos, aceite de oliva, legumbres, pescado, frutos secos y vegetales.;bajo;cardiovascular;Día mediterráneo;Planificar día con legumbre/vegetal/fruta/aceite oliva/pescado o alternativa.;Reforzar patrón saludable.;bajo;semanal;cardiovascular;media;Adaptar a historia clínica declarada, medicación, analíticas, cultura, economía, preferencias, etapa vital, riesgo de TCA y competencias profesionales. Derivar si hay señales de alarma.
Salud metabólica;Bebidas azucaradas frecuentes;Consumo habitual de refrescos, zumos o bebidas con azúcar.;general;metabólica;medio;"NUT2_SRC001;NUT2_SRC007";Reducción de sal;Disminuir sal añadida y productos salados, usando especias/alternativas.;medio;cardiovascular;Reducir sal añadida;Usar especias, limón, ajo, hierbas o reducción gradual de sal.;Apoyar salud cardiovascular.;medio;diario;cardiovascular;media;Adaptar a historia clínica declarada, medicación, analíticas, cultura, economía, preferencias, etapa vital, riesgo de TCA y competencias profesionales. Derivar si hay señales de alarma.
Salud metabólica;Bebidas azucaradas frecuentes;Consumo habitual de refrescos, zumos o bebidas con azúcar.;general;metabólica;medio;"NUT2_SRC001;NUT2_SRC007";Reducción de sal;Disminuir sal añadida y productos salados, usando especias/alternativas.;medio;cardiovascular;Revisar productos salados;Identificar 3 productos altos en sal y buscar alternativa.;Reducir sal oculta.;medio;semanal;cardiovascular;media;Adaptar a historia clínica declarada, medicación, analíticas, cultura, economía, preferencias, etapa vital, riesgo de TCA y competencias profesionales. Derivar si hay señales de alarma.
Salud metabólica;Bebidas azucaradas frecuentes;Consumo habitual de refrescos, zumos o bebidas con azúcar.;general;metabólica;medio;"NUT2_SRC001;NUT2_SRC007";Reducción de sal;Disminuir sal añadida y productos salados, usando especias/alternativas.;medio;cardiovascular;Plan de reducción gradual de sal;Reducir sal poco a poco durante varias semanas.;Adaptar paladar.;medio;2-4 semanas;cardiovascular;media;Adaptar a historia clínica declarada, medicación, analíticas, cultura, economía, preferencias, etapa vital, riesgo de TCA y competencias profesionales. Derivar si hay señales de alarma.
Salud metabólica;Bebidas azucaradas frecuentes;Consumo habitual de refrescos, zumos o bebidas con azúcar.;general;metabólica;medio;"NUT2_SRC001;NUT2_SRC007";Señales de derivación nutricional/médica;Identificar pérdida involuntaria, síntomas, analíticas alteradas, TCA, embarazo o enfermedad.;alto;seguridad;Plan de derivación nutricional/médica;Identificar señal de alarma y profesional de referencia.;Aumentar seguridad.;alto;si aparece;seguridad;alta;Adaptar a historia clínica declarada, medicación, analíticas, cultura, economía, preferencias, etapa vital, riesgo de TCA y competencias profesionales. Derivar si hay señales de alarma.
Salud metabólica;Bebidas azucaradas frecuentes;Consumo habitual de refrescos, zumos o bebidas con azúcar.;general;metabólica;medio;"NUT2_SRC001;NUT2_SRC007";Señales de derivación nutricional/médica;Identificar pérdida involuntaria, síntomas, analíticas alteradas, TCA, embarazo o enfermedad.;alto;seguridad;Revisión de analítica/diagnóstico referido;Registrar dato aportado y recomendar coordinación con sanitario si hay patología.;No invadir ámbito médico.;alto;según caso;seguridad;alta;Adaptar a historia clínica declarada, medicación, analíticas, cultura, economía, preferencias, etapa vital, riesgo de TCA y competencias profesionales. Derivar si hay señales de alarma.
Salud metabólica;Hidratos de baja calidad predominantes;Predominio de harinas refinadas/dulces y baja fibra.;general;metabólica;medio;"NUT2_SRC001;NUT2_SRC007";Calidad de carbohidratos;Priorizar hidratos con fibra, legumbres, integrales, frutas y verduras.;bajo;metabólica;Cambiar cereal/refinado por integral;Sustituir una opción refinada por integral o legumbre si tolera.;Mejorar fibra/calidad de hidratos.;bajo;diario/semanal;metabólica;media;Adaptar a historia clínica declarada, medicación, analíticas, cultura, economía, preferencias, etapa vital, riesgo de TCA y competencias profesionales. Derivar si hay señales de alarma.
Salud metabólica;Hidratos de baja calidad predominantes;Predominio de harinas refinadas/dulces y baja fibra.;general;metabólica;medio;"NUT2_SRC001;NUT2_SRC007";Calidad de carbohidratos;Priorizar hidratos con fibra, legumbres, integrales, frutas y verduras.;bajo;metabólica;Plato con hidrato de calidad;Elegir patata cocida, arroz integral, legumbre, avena, fruta u otro según contexto.;Mejorar calidad de carbohidratos.;bajo;diario;metabólica;media;Adaptar a historia clínica declarada, medicación, analíticas, cultura, economía, preferencias, etapa vital, riesgo de TCA y competencias profesionales. Derivar si hay señales de alarma.
Salud metabólica;Hidratos de baja calidad predominantes;Predominio de harinas refinadas/dulces y baja fibra.;general;metabólica;medio;"NUT2_SRC001;NUT2_SRC007";Reducción de bebidas azucaradas;Sustituir bebidas azucaradas por agua u opciones sin azúcar, si procede.;bajo;metabólica;Eliminar bebida azucarada habitual;Sustituir una bebida azucarada por agua, infusión o bebida sin azúcar.;Reducir azúcar líquido.;bajo;diario;metabólica;media;Adaptar a historia clínica declarada, medicación, analíticas, cultura, economía, preferencias, etapa vital, riesgo de TCA y competencias profesionales. Derivar si hay señales de alarma.
Salud metabólica;Hidratos de baja calidad predominantes;Predominio de harinas refinadas/dulces y baja fibra.;general;metabólica;medio;"NUT2_SRC001;NUT2_SRC007";Registro glucémico-alimentario supervisado;Relacionar comidas, actividad y glucemia si el paciente lo mide con indicación sanitaria.;alto;metabólica;Registro glucemia-comida;Si usa glucómetro por indicación, anotar comida, actividad y glucemia.;Coordinar alimentación-diabetes.;alto;según pauta sanitaria;metabólica;media;Adaptar a historia clínica declarada, medicación, analíticas, cultura, economía, preferencias, etapa vital, riesgo de TCA y competencias profesionales. Derivar si hay señales de alarma.
Salud metabólica;Hidratos de baja calidad predominantes;Predominio de harinas refinadas/dulces y baja fibra.;general;metabólica;medio;"NUT2_SRC001;NUT2_SRC007";Aumento de fibra;Incluir legumbres, frutas, verduras, integrales, semillas y frutos secos según tolerancia.;bajo;hábitos;Legumbre semanal;Planificar al menos una comida con legumbres.;Aumentar fibra y calidad de dieta.;bajo;semanal;hábitos;media;Adaptar a historia clínica declarada, medicación, analíticas, cultura, economía, preferencias, etapa vital, riesgo de TCA y competencias profesionales. Derivar si hay señales de alarma.
Salud metabólica;Hidratos de baja calidad predominantes;Predominio de harinas refinadas/dulces y baja fibra.;general;metabólica;medio;"NUT2_SRC001;NUT2_SRC007";Aumento de fibra;Incluir legumbres, frutas, verduras, integrales, semillas y frutos secos según tolerancia.;bajo;hábitos;Preparar plato de legumbre completo;Crear plato con legumbre, verdura y proteína complementaria si procede.;Mejorar fibra y saciedad.;bajo;semanal;hábitos;media;Adaptar a historia clínica declarada, medicación, analíticas, cultura, economía, preferencias, etapa vital, riesgo de TCA y competencias profesionales. Derivar si hay señales de alarma.
Salud metabólica;Hidratos de baja calidad predominantes;Predominio de harinas refinadas/dulces y baja fibra.;general;metabólica;medio;"NUT2_SRC001;NUT2_SRC007";Patrón mediterráneo/cardiosaludable;Fomentar alimentos frescos, aceite de oliva, legumbres, pescado, frutos secos y vegetales.;bajo;cardiovascular;Día mediterráneo;Planificar día con legumbre/vegetal/fruta/aceite oliva/pescado o alternativa.;Reforzar patrón saludable.;bajo;semanal;cardiovascular;media;Adaptar a historia clínica declarada, medicación, analíticas, cultura, economía, preferencias, etapa vital, riesgo de TCA y competencias profesionales. Derivar si hay señales de alarma.
Salud metabólica;Hidratos de baja calidad predominantes;Predominio de harinas refinadas/dulces y baja fibra.;general;metabólica;medio;"NUT2_SRC001;NUT2_SRC007";Reducción de sal;Disminuir sal añadida y productos salados, usando especias/alternativas.;medio;cardiovascular;Reducir sal añadida;Usar especias, limón, ajo, hierbas o reducción gradual de sal.;Apoyar salud cardiovascular.;medio;diario;cardiovascular;media;Adaptar a historia clínica declarada, medicación, analíticas, cultura, economía, preferencias, etapa vital, riesgo de TCA y competencias profesionales. Derivar si hay señales de alarma.
Salud metabólica;Hidratos de baja calidad predominantes;Predominio de harinas refinadas/dulces y baja fibra.;general;metabólica;medio;"NUT2_SRC001;NUT2_SRC007";Reducción de sal;Disminuir sal añadida y productos salados, usando especias/alternativas.;medio;cardiovascular;Revisar productos salados;Identificar 3 productos altos en sal y buscar alternativa.;Reducir sal oculta.;medio;semanal;cardiovascular;media;Adaptar a historia clínica declarada, medicación, analíticas, cultura, economía, preferencias, etapa vital, riesgo de TCA y competencias profesionales. Derivar si hay señales de alarma.
Salud metabólica;Hidratos de baja calidad predominantes;Predominio de harinas refinadas/dulces y baja fibra.;general;metabólica;medio;"NUT2_SRC001;NUT2_SRC007";Reducción de sal;Disminuir sal añadida y productos salados, usando especias/alternativas.;medio;cardiovascular;Plan de reducción gradual de sal;Reducir sal poco a poco durante varias semanas.;Adaptar paladar.;medio;2-4 semanas;cardiovascular;media;Adaptar a historia clínica declarada, medicación, analíticas, cultura, economía, preferencias, etapa vital, riesgo de TCA y competencias profesionales. Derivar si hay señales de alarma.
Salud metabólica;Hidratos de baja calidad predominantes;Predominio de harinas refinadas/dulces y baja fibra.;general;metabólica;medio;"NUT2_SRC001;NUT2_SRC007";Señales de derivación nutricional/médica;Identificar pérdida involuntaria, síntomas, analíticas alteradas, TCA, embarazo o enfermedad.;alto;seguridad;Plan de derivación nutricional/médica;Identificar señal de alarma y profesional de referencia.;Aumentar seguridad.;alto;si aparece;seguridad;alta;Adaptar a historia clínica declarada, medicación, analíticas, cultura, economía, preferencias, etapa vital, riesgo de TCA y competencias profesionales. Derivar si hay señales de alarma.
Salud metabólica;Hidratos de baja calidad predominantes;Predominio de harinas refinadas/dulces y baja fibra.;general;metabólica;medio;"NUT2_SRC001;NUT2_SRC007";Señales de derivación nutricional/médica;Identificar pérdida involuntaria, síntomas, analíticas alteradas, TCA, embarazo o enfermedad.;alto;seguridad;Revisión de analítica/diagnóstico referido;Registrar dato aportado y recomendar coordinación con sanitario si hay patología.;No invadir ámbito médico.;alto;según caso;seguridad;alta;Adaptar a historia clínica declarada, medicación, analíticas, cultura, economía, preferencias, etapa vital, riesgo de TCA y competencias profesionales. Derivar si hay señales de alarma.
Salud cardiovascular;Colesterol LDL elevado referido;Necesidad de orientación sobre grasas, fibra y patrón alimentario, coordinada con médico.;adultos;cardiovascular;alto;"NUT2_SRC013;NUT2_SRC014";Patrón mediterráneo/cardiosaludable;Fomentar alimentos frescos, aceite de oliva, legumbres, pescado, frutos secos y vegetales.;bajo;cardiovascular;Día mediterráneo;Planificar día con legumbre/vegetal/fruta/aceite oliva/pescado o alternativa.;Reforzar patrón saludable.;bajo;semanal;cardiovascular;media;Adaptar a historia clínica declarada, medicación, analíticas, cultura, economía, preferencias, etapa vital, riesgo de TCA y competencias profesionales. Derivar si hay señales de alarma.
Salud cardiovascular;Colesterol LDL elevado referido;Necesidad de orientación sobre grasas, fibra y patrón alimentario, coordinada con médico.;adultos;cardiovascular;alto;"NUT2_SRC013;NUT2_SRC014";Reducción de sal;Disminuir sal añadida y productos salados, usando especias/alternativas.;medio;cardiovascular;Reducir sal añadida;Usar especias, limón, ajo, hierbas o reducción gradual de sal.;Apoyar salud cardiovascular.;medio;diario;cardiovascular;media;Adaptar a historia clínica declarada, medicación, analíticas, cultura, economía, preferencias, etapa vital, riesgo de TCA y competencias profesionales. Derivar si hay señales de alarma.
Salud cardiovascular;Colesterol LDL elevado referido;Necesidad de orientación sobre grasas, fibra y patrón alimentario, coordinada con médico.;adultos;cardiovascular;alto;"NUT2_SRC013;NUT2_SRC014";Reducción de sal;Disminuir sal añadida y productos salados, usando especias/alternativas.;medio;cardiovascular;Revisar productos salados;Identificar 3 productos altos en sal y buscar alternativa.;Reducir sal oculta.;medio;semanal;cardiovascular;media;Adaptar a historia clínica declarada, medicación, analíticas, cultura, economía, preferencias, etapa vital, riesgo de TCA y competencias profesionales. Derivar si hay señales de alarma.
Salud cardiovascular;Colesterol LDL elevado referido;Necesidad de orientación sobre grasas, fibra y patrón alimentario, coordinada con médico.;adultos;cardiovascular;alto;"NUT2_SRC013;NUT2_SRC014";Reducción de sal;Disminuir sal añadida y productos salados, usando especias/alternativas.;medio;cardiovascular;Plan de reducción gradual de sal;Reducir sal poco a poco durante varias semanas.;Adaptar paladar.;medio;2-4 semanas;cardiovascular;media;Adaptar a historia clínica declarada, medicación, analíticas, cultura, economía, preferencias, etapa vital, riesgo de TCA y competencias profesionales. Derivar si hay señales de alarma.
Salud cardiovascular;Colesterol LDL elevado referido;Necesidad de orientación sobre grasas, fibra y patrón alimentario, coordinada con médico.;adultos;cardiovascular;alto;"NUT2_SRC013;NUT2_SRC014";Mejora de grasas dietéticas;Reducir saturadas/trans y priorizar insaturadas según contexto.;medio;cardiovascular;Cambio de grasa principal;Priorizar aceite de oliva/frutos secos/pescado y reducir grasas saturadas frecuentes.;Mejorar calidad grasa.;medio;semanal;cardiovascular;media;Adaptar a historia clínica declarada, medicación, analíticas, cultura, economía, preferencias, etapa vital, riesgo de TCA y competencias profesionales. Derivar si hay señales de alarma.
Salud cardiovascular;Colesterol LDL elevado referido;Necesidad de orientación sobre grasas, fibra y patrón alimentario, coordinada con médico.;adultos;cardiovascular;alto;"NUT2_SRC013;NUT2_SRC014";Mejora de grasas dietéticas;Reducir saturadas/trans y priorizar insaturadas según contexto.;medio;cardiovascular;Plan de grasa saludable;Incluir aceite de oliva/frutos secos/aguacate/pescado según preferencia.;Mejorar perfil graso.;bajo;semanal;cardiovascular;media;Adaptar a historia clínica declarada, medicación, analíticas, cultura, economía, preferencias, etapa vital, riesgo de TCA y competencias profesionales. Derivar si hay señales de alarma.
Salud cardiovascular;Colesterol LDL elevado referido;Necesidad de orientación sobre grasas, fibra y patrón alimentario, coordinada con médico.;adultos;cardiovascular;alto;"NUT2_SRC013;NUT2_SRC014";Aumento de fibra;Incluir legumbres, frutas, verduras, integrales, semillas y frutos secos según tolerancia.;bajo;hábitos;Legumbre semanal;Planificar al menos una comida con legumbres.;Aumentar fibra y calidad de dieta.;bajo;semanal;hábitos;media;Adaptar a historia clínica declarada, medicación, analíticas, cultura, economía, preferencias, etapa vital, riesgo de TCA y competencias profesionales. Derivar si hay señales de alarma.
Salud cardiovascular;Colesterol LDL elevado referido;Necesidad de orientación sobre grasas, fibra y patrón alimentario, coordinada con médico.;adultos;cardiovascular;alto;"NUT2_SRC013;NUT2_SRC014";Aumento de fibra;Incluir legumbres, frutas, verduras, integrales, semillas y frutos secos según tolerancia.;bajo;hábitos;Preparar plato de legumbre completo;Crear plato con legumbre, verdura y proteína complementaria si procede.;Mejorar fibra y saciedad.;bajo;semanal;hábitos;media;Adaptar a historia clínica declarada, medicación, analíticas, cultura, economía, preferencias, etapa vital, riesgo de TCA y competencias profesionales. Derivar si hay señales de alarma.
Salud cardiovascular;Colesterol LDL elevado referido;Necesidad de orientación sobre grasas, fibra y patrón alimentario, coordinada con médico.;adultos;cardiovascular;alto;"NUT2_SRC013;NUT2_SRC014";Calidad de carbohidratos;Priorizar hidratos con fibra, legumbres, integrales, frutas y verduras.;bajo;metabólica;Cambiar cereal/refinado por integral;Sustituir una opción refinada por integral o legumbre si tolera.;Mejorar fibra/calidad de hidratos.;bajo;diario/semanal;metabólica;media;Adaptar a historia clínica declarada, medicación, analíticas, cultura, economía, preferencias, etapa vital, riesgo de TCA y competencias profesionales. Derivar si hay señales de alarma.
Salud cardiovascular;Colesterol LDL elevado referido;Necesidad de orientación sobre grasas, fibra y patrón alimentario, coordinada con médico.;adultos;cardiovascular;alto;"NUT2_SRC013;NUT2_SRC014";Calidad de carbohidratos;Priorizar hidratos con fibra, legumbres, integrales, frutas y verduras.;bajo;metabólica;Plato con hidrato de calidad;Elegir patata cocida, arroz integral, legumbre, avena, fruta u otro según contexto.;Mejorar calidad de carbohidratos.;bajo;diario;metabólica;media;Adaptar a historia clínica declarada, medicación, analíticas, cultura, economía, preferencias, etapa vital, riesgo de TCA y competencias profesionales. Derivar si hay señales de alarma.
Salud cardiovascular;Colesterol LDL elevado referido;Necesidad de orientación sobre grasas, fibra y patrón alimentario, coordinada con médico.;adultos;cardiovascular;alto;"NUT2_SRC013;NUT2_SRC014";Reducción de alcohol;Valorar frecuencia, contexto, objetivos y alternativas.;medio;hábitos;Registro de alcohol;Anotar frecuencia, cantidad, contexto y efecto en objetivo.;Tomar decisiones informadas.;medio;2 semanas;hábitos;media;Adaptar a historia clínica declarada, medicación, analíticas, cultura, economía, preferencias, etapa vital, riesgo de TCA y competencias profesionales. Derivar si hay señales de alarma.
Salud cardiovascular;Colesterol LDL elevado referido;Necesidad de orientación sobre grasas, fibra y patrón alimentario, coordinada con médico.;adultos;cardiovascular;alto;"NUT2_SRC013;NUT2_SRC014";Señales de derivación nutricional/médica;Identificar pérdida involuntaria, síntomas, analíticas alteradas, TCA, embarazo o enfermedad.;alto;seguridad;Plan de derivación nutricional/médica;Identificar señal de alarma y profesional de referencia.;Aumentar seguridad.;alto;si aparece;seguridad;alta;Adaptar a historia clínica declarada, medicación, analíticas, cultura, economía, preferencias, etapa vital, riesgo de TCA y competencias profesionales. Derivar si hay señales de alarma.
Salud cardiovascular;Colesterol LDL elevado referido;Necesidad de orientación sobre grasas, fibra y patrón alimentario, coordinada con médico.;adultos;cardiovascular;alto;"NUT2_SRC013;NUT2_SRC014";Señales de derivación nutricional/médica;Identificar pérdida involuntaria, síntomas, analíticas alteradas, TCA, embarazo o enfermedad.;alto;seguridad;Revisión de analítica/diagnóstico referido;Registrar dato aportado y recomendar coordinación con sanitario si hay patología.;No invadir ámbito médico.;alto;según caso;seguridad;alta;Adaptar a historia clínica declarada, medicación, analíticas, cultura, economía, preferencias, etapa vital, riesgo de TCA y competencias profesionales. Derivar si hay señales de alarma.
Salud cardiovascular;Hipertensión referida;Necesidad de reducir sal, mejorar patrón dietético y coordinar con sanitario.;adultos;cardiovascular;alto;"NUT2_SRC001;NUT2_SRC013";Patrón mediterráneo/cardiosaludable;Fomentar alimentos frescos, aceite de oliva, legumbres, pescado, frutos secos y vegetales.;bajo;cardiovascular;Día mediterráneo;Planificar día con legumbre/vegetal/fruta/aceite oliva/pescado o alternativa.;Reforzar patrón saludable.;bajo;semanal;cardiovascular;media;Adaptar a historia clínica declarada, medicación, analíticas, cultura, economía, preferencias, etapa vital, riesgo de TCA y competencias profesionales. Derivar si hay señales de alarma.
Salud cardiovascular;Hipertensión referida;Necesidad de reducir sal, mejorar patrón dietético y coordinar con sanitario.;adultos;cardiovascular;alto;"NUT2_SRC001;NUT2_SRC013";Reducción de sal;Disminuir sal añadida y productos salados, usando especias/alternativas.;medio;cardiovascular;Reducir sal añadida;Usar especias, limón, ajo, hierbas o reducción gradual de sal.;Apoyar salud cardiovascular.;medio;diario;cardiovascular;media;Adaptar a historia clínica declarada, medicación, analíticas, cultura, economía, preferencias, etapa vital, riesgo de TCA y competencias profesionales. Derivar si hay señales de alarma.
Salud cardiovascular;Hipertensión referida;Necesidad de reducir sal, mejorar patrón dietético y coordinar con sanitario.;adultos;cardiovascular;alto;"NUT2_SRC001;NUT2_SRC013";Reducción de sal;Disminuir sal añadida y productos salados, usando especias/alternativas.;medio;cardiovascular;Revisar productos salados;Identificar 3 productos altos en sal y buscar alternativa.;Reducir sal oculta.;medio;semanal;cardiovascular;media;Adaptar a historia clínica declarada, medicación, analíticas, cultura, economía, preferencias, etapa vital, riesgo de TCA y competencias profesionales. Derivar si hay señales de alarma.
Salud cardiovascular;Hipertensión referida;Necesidad de reducir sal, mejorar patrón dietético y coordinar con sanitario.;adultos;cardiovascular;alto;"NUT2_SRC001;NUT2_SRC013";Reducción de sal;Disminuir sal añadida y productos salados, usando especias/alternativas.;medio;cardiovascular;Plan de reducción gradual de sal;Reducir sal poco a poco durante varias semanas.;Adaptar paladar.;medio;2-4 semanas;cardiovascular;media;Adaptar a historia clínica declarada, medicación, analíticas, cultura, economía, preferencias, etapa vital, riesgo de TCA y competencias profesionales. Derivar si hay señales de alarma.
Salud cardiovascular;Hipertensión referida;Necesidad de reducir sal, mejorar patrón dietético y coordinar con sanitario.;adultos;cardiovascular;alto;"NUT2_SRC001;NUT2_SRC013";Mejora de grasas dietéticas;Reducir saturadas/trans y priorizar insaturadas según contexto.;medio;cardiovascular;Cambio de grasa principal;Priorizar aceite de oliva/frutos secos/pescado y reducir grasas saturadas frecuentes.;Mejorar calidad grasa.;medio;semanal;cardiovascular;media;Adaptar a historia clínica declarada, medicación, analíticas, cultura, economía, preferencias, etapa vital, riesgo de TCA y competencias profesionales. Derivar si hay señales de alarma.
Salud cardiovascular;Hipertensión referida;Necesidad de reducir sal, mejorar patrón dietético y coordinar con sanitario.;adultos;cardiovascular;alto;"NUT2_SRC001;NUT2_SRC013";Mejora de grasas dietéticas;Reducir saturadas/trans y priorizar insaturadas según contexto.;medio;cardiovascular;Plan de grasa saludable;Incluir aceite de oliva/frutos secos/aguacate/pescado según preferencia.;Mejorar perfil graso.;bajo;semanal;cardiovascular;media;Adaptar a historia clínica declarada, medicación, analíticas, cultura, economía, preferencias, etapa vital, riesgo de TCA y competencias profesionales. Derivar si hay señales de alarma.
Salud cardiovascular;Hipertensión referida;Necesidad de reducir sal, mejorar patrón dietético y coordinar con sanitario.;adultos;cardiovascular;alto;"NUT2_SRC001;NUT2_SRC013";Aumento de fibra;Incluir legumbres, frutas, verduras, integrales, semillas y frutos secos según tolerancia.;bajo;hábitos;Legumbre semanal;Planificar al menos una comida con legumbres.;Aumentar fibra y calidad de dieta.;bajo;semanal;hábitos;media;Adaptar a historia clínica declarada, medicación, analíticas, cultura, economía, preferencias, etapa vital, riesgo de TCA y competencias profesionales. Derivar si hay señales de alarma.
Salud cardiovascular;Hipertensión referida;Necesidad de reducir sal, mejorar patrón dietético y coordinar con sanitario.;adultos;cardiovascular;alto;"NUT2_SRC001;NUT2_SRC013";Aumento de fibra;Incluir legumbres, frutas, verduras, integrales, semillas y frutos secos según tolerancia.;bajo;hábitos;Preparar plato de legumbre completo;Crear plato con legumbre, verdura y proteína complementaria si procede.;Mejorar fibra y saciedad.;bajo;semanal;hábitos;media;Adaptar a historia clínica declarada, medicación, analíticas, cultura, economía, preferencias, etapa vital, riesgo de TCA y competencias profesionales. Derivar si hay señales de alarma.
Salud cardiovascular;Hipertensión referida;Necesidad de reducir sal, mejorar patrón dietético y coordinar con sanitario.;adultos;cardiovascular;alto;"NUT2_SRC001;NUT2_SRC013";Calidad de carbohidratos;Priorizar hidratos con fibra, legumbres, integrales, frutas y verduras.;bajo;metabólica;Cambiar cereal/refinado por integral;Sustituir una opción refinada por integral o legumbre si tolera.;Mejorar fibra/calidad de hidratos.;bajo;diario/semanal;metabólica;media;Adaptar a historia clínica declarada, medicación, analíticas, cultura, economía, preferencias, etapa vital, riesgo de TCA y competencias profesionales. Derivar si hay señales de alarma.
Salud cardiovascular;Hipertensión referida;Necesidad de reducir sal, mejorar patrón dietético y coordinar con sanitario.;adultos;cardiovascular;alto;"NUT2_SRC001;NUT2_SRC013";Calidad de carbohidratos;Priorizar hidratos con fibra, legumbres, integrales, frutas y verduras.;bajo;metabólica;Plato con hidrato de calidad;Elegir patata cocida, arroz integral, legumbre, avena, fruta u otro según contexto.;Mejorar calidad de carbohidratos.;bajo;diario;metabólica;media;Adaptar a historia clínica declarada, medicación, analíticas, cultura, economía, preferencias, etapa vital, riesgo de TCA y competencias profesionales. Derivar si hay señales de alarma.
Salud cardiovascular;Hipertensión referida;Necesidad de reducir sal, mejorar patrón dietético y coordinar con sanitario.;adultos;cardiovascular;alto;"NUT2_SRC001;NUT2_SRC013";Reducción de alcohol;Valorar frecuencia, contexto, objetivos y alternativas.;medio;hábitos;Registro de alcohol;Anotar frecuencia, cantidad, contexto y efecto en objetivo.;Tomar decisiones informadas.;medio;2 semanas;hábitos;media;Adaptar a historia clínica declarada, medicación, analíticas, cultura, economía, preferencias, etapa vital, riesgo de TCA y competencias profesionales. Derivar si hay señales de alarma.
Salud cardiovascular;Hipertensión referida;Necesidad de reducir sal, mejorar patrón dietético y coordinar con sanitario.;adultos;cardiovascular;alto;"NUT2_SRC001;NUT2_SRC013";Señales de derivación nutricional/médica;Identificar pérdida involuntaria, síntomas, analíticas alteradas, TCA, embarazo o enfermedad.;alto;seguridad;Plan de derivación nutricional/médica;Identificar señal de alarma y profesional de referencia.;Aumentar seguridad.;alto;si aparece;seguridad;alta;Adaptar a historia clínica declarada, medicación, analíticas, cultura, economía, preferencias, etapa vital, riesgo de TCA y competencias profesionales. Derivar si hay señales de alarma.
Salud cardiovascular;Hipertensión referida;Necesidad de reducir sal, mejorar patrón dietético y coordinar con sanitario.;adultos;cardiovascular;alto;"NUT2_SRC001;NUT2_SRC013";Señales de derivación nutricional/médica;Identificar pérdida involuntaria, síntomas, analíticas alteradas, TCA, embarazo o enfermedad.;alto;seguridad;Revisión de analítica/diagnóstico referido;Registrar dato aportado y recomendar coordinación con sanitario si hay patología.;No invadir ámbito médico.;alto;según caso;seguridad;alta;Adaptar a historia clínica declarada, medicación, analíticas, cultura, economía, preferencias, etapa vital, riesgo de TCA y competencias profesionales. Derivar si hay señales de alarma.
Salud cardiovascular;Consumo elevado de sal;Uso frecuente de sal, productos salados o comidas preparadas.;general;cardiovascular;medio;"NUT2_SRC001;NUT2_SRC011";Patrón mediterráneo/cardiosaludable;Fomentar alimentos frescos, aceite de oliva, legumbres, pescado, frutos secos y vegetales.;bajo;cardiovascular;Día mediterráneo;Planificar día con legumbre/vegetal/fruta/aceite oliva/pescado o alternativa.;Reforzar patrón saludable.;bajo;semanal;cardiovascular;media;Adaptar a historia clínica declarada, medicación, analíticas, cultura, economía, preferencias, etapa vital, riesgo de TCA y competencias profesionales. Derivar si hay señales de alarma.
Salud cardiovascular;Consumo elevado de sal;Uso frecuente de sal, productos salados o comidas preparadas.;general;cardiovascular;medio;"NUT2_SRC001;NUT2_SRC011";Reducción de sal;Disminuir sal añadida y productos salados, usando especias/alternativas.;medio;cardiovascular;Reducir sal añadida;Usar especias, limón, ajo, hierbas o reducción gradual de sal.;Apoyar salud cardiovascular.;medio;diario;cardiovascular;media;Adaptar a historia clínica declarada, medicación, analíticas, cultura, economía, preferencias, etapa vital, riesgo de TCA y competencias profesionales. Derivar si hay señales de alarma.
Salud cardiovascular;Consumo elevado de sal;Uso frecuente de sal, productos salados o comidas preparadas.;general;cardiovascular;medio;"NUT2_SRC001;NUT2_SRC011";Reducción de sal;Disminuir sal añadida y productos salados, usando especias/alternativas.;medio;cardiovascular;Revisar productos salados;Identificar 3 productos altos en sal y buscar alternativa.;Reducir sal oculta.;medio;semanal;cardiovascular;media;Adaptar a historia clínica declarada, medicación, analíticas, cultura, economía, preferencias, etapa vital, riesgo de TCA y competencias profesionales. Derivar si hay señales de alarma.
Salud cardiovascular;Consumo elevado de sal;Uso frecuente de sal, productos salados o comidas preparadas.;general;cardiovascular;medio;"NUT2_SRC001;NUT2_SRC011";Reducción de sal;Disminuir sal añadida y productos salados, usando especias/alternativas.;medio;cardiovascular;Plan de reducción gradual de sal;Reducir sal poco a poco durante varias semanas.;Adaptar paladar.;medio;2-4 semanas;cardiovascular;media;Adaptar a historia clínica declarada, medicación, analíticas, cultura, economía, preferencias, etapa vital, riesgo de TCA y competencias profesionales. Derivar si hay señales de alarma.
Salud cardiovascular;Consumo elevado de sal;Uso frecuente de sal, productos salados o comidas preparadas.;general;cardiovascular;medio;"NUT2_SRC001;NUT2_SRC011";Mejora de grasas dietéticas;Reducir saturadas/trans y priorizar insaturadas según contexto.;medio;cardiovascular;Cambio de grasa principal;Priorizar aceite de oliva/frutos secos/pescado y reducir grasas saturadas frecuentes.;Mejorar calidad grasa.;medio;semanal;cardiovascular;media;Adaptar a historia clínica declarada, medicación, analíticas, cultura, economía, preferencias, etapa vital, riesgo de TCA y competencias profesionales. Derivar si hay señales de alarma.
Salud cardiovascular;Consumo elevado de sal;Uso frecuente de sal, productos salados o comidas preparadas.;general;cardiovascular;medio;"NUT2_SRC001;NUT2_SRC011";Mejora de grasas dietéticas;Reducir saturadas/trans y priorizar insaturadas según contexto.;medio;cardiovascular;Plan de grasa saludable;Incluir aceite de oliva/frutos secos/aguacate/pescado según preferencia.;Mejorar perfil graso.;bajo;semanal;cardiovascular;media;Adaptar a historia clínica declarada, medicación, analíticas, cultura, economía, preferencias, etapa vital, riesgo de TCA y competencias profesionales. Derivar si hay señales de alarma.
Salud cardiovascular;Consumo elevado de sal;Uso frecuente de sal, productos salados o comidas preparadas.;general;cardiovascular;medio;"NUT2_SRC001;NUT2_SRC011";Aumento de fibra;Incluir legumbres, frutas, verduras, integrales, semillas y frutos secos según tolerancia.;bajo;hábitos;Legumbre semanal;Planificar al menos una comida con legumbres.;Aumentar fibra y calidad de dieta.;bajo;semanal;hábitos;media;Adaptar a historia clínica declarada, medicación, analíticas, cultura, economía, preferencias, etapa vital, riesgo de TCA y competencias profesionales. Derivar si hay señales de alarma.
Salud cardiovascular;Consumo elevado de sal;Uso frecuente de sal, productos salados o comidas preparadas.;general;cardiovascular;medio;"NUT2_SRC001;NUT2_SRC011";Aumento de fibra;Incluir legumbres, frutas, verduras, integrales, semillas y frutos secos según tolerancia.;bajo;hábitos;Preparar plato de legumbre completo;Crear plato con legumbre, verdura y proteína complementaria si procede.;Mejorar fibra y saciedad.;bajo;semanal;hábitos;media;Adaptar a historia clínica declarada, medicación, analíticas, cultura, economía, preferencias, etapa vital, riesgo de TCA y competencias profesionales. Derivar si hay señales de alarma.
Salud cardiovascular;Consumo elevado de sal;Uso frecuente de sal, productos salados o comidas preparadas.;general;cardiovascular;medio;"NUT2_SRC001;NUT2_SRC011";Calidad de carbohidratos;Priorizar hidratos con fibra, legumbres, integrales, frutas y verduras.;bajo;metabólica;Cambiar cereal/refinado por integral;Sustituir una opción refinada por integral o legumbre si tolera.;Mejorar fibra/calidad de hidratos.;bajo;diario/semanal;metabólica;media;Adaptar a historia clínica declarada, medicación, analíticas, cultura, economía, preferencias, etapa vital, riesgo de TCA y competencias profesionales. Derivar si hay señales de alarma.
Salud cardiovascular;Consumo elevado de sal;Uso frecuente de sal, productos salados o comidas preparadas.;general;cardiovascular;medio;"NUT2_SRC001;NUT2_SRC011";Calidad de carbohidratos;Priorizar hidratos con fibra, legumbres, integrales, frutas y verduras.;bajo;metabólica;Plato con hidrato de calidad;Elegir patata cocida, arroz integral, legumbre, avena, fruta u otro según contexto.;Mejorar calidad de carbohidratos.;bajo;diario;metabólica;media;Adaptar a historia clínica declarada, medicación, analíticas, cultura, economía, preferencias, etapa vital, riesgo de TCA y competencias profesionales. Derivar si hay señales de alarma.
Salud cardiovascular;Consumo elevado de sal;Uso frecuente de sal, productos salados o comidas preparadas.;general;cardiovascular;medio;"NUT2_SRC001;NUT2_SRC011";Reducción de alcohol;Valorar frecuencia, contexto, objetivos y alternativas.;medio;hábitos;Registro de alcohol;Anotar frecuencia, cantidad, contexto y efecto en objetivo.;Tomar decisiones informadas.;medio;2 semanas;hábitos;media;Adaptar a historia clínica declarada, medicación, analíticas, cultura, economía, preferencias, etapa vital, riesgo de TCA y competencias profesionales. Derivar si hay señales de alarma.
Salud cardiovascular;Consumo elevado de sal;Uso frecuente de sal, productos salados o comidas preparadas.;general;cardiovascular;medio;"NUT2_SRC001;NUT2_SRC011";Señales de derivación nutricional/médica;Identificar pérdida involuntaria, síntomas, analíticas alteradas, TCA, embarazo o enfermedad.;alto;seguridad;Plan de derivación nutricional/médica;Identificar señal de alarma y profesional de referencia.;Aumentar seguridad.;alto;si aparece;seguridad;alta;Adaptar a historia clínica declarada, medicación, analíticas, cultura, economía, preferencias, etapa vital, riesgo de TCA y competencias profesionales. Derivar si hay señales de alarma.
Salud cardiovascular;Consumo elevado de sal;Uso frecuente de sal, productos salados o comidas preparadas.;general;cardiovascular;medio;"NUT2_SRC001;NUT2_SRC011";Señales de derivación nutricional/médica;Identificar pérdida involuntaria, síntomas, analíticas alteradas, TCA, embarazo o enfermedad.;alto;seguridad;Revisión de analítica/diagnóstico referido;Registrar dato aportado y recomendar coordinación con sanitario si hay patología.;No invadir ámbito médico.;alto;según caso;seguridad;alta;Adaptar a historia clínica declarada, medicación, analíticas, cultura, economía, preferencias, etapa vital, riesgo de TCA y competencias profesionales. Derivar si hay señales de alarma.
Salud cardiovascular;Baja ingesta de fibra;Consumo bajo de legumbres, frutas, verduras, cereales integrales o frutos secos.;general;cardiovascular/digestiva;bajo;"NUT2_SRC001;NUT2_SRC013";Patrón mediterráneo/cardiosaludable;Fomentar alimentos frescos, aceite de oliva, legumbres, pescado, frutos secos y vegetales.;bajo;cardiovascular;Día mediterráneo;Planificar día con legumbre/vegetal/fruta/aceite oliva/pescado o alternativa.;Reforzar patrón saludable.;bajo;semanal;cardiovascular;media;Adaptar a historia clínica declarada, medicación, analíticas, cultura, economía, preferencias, etapa vital, riesgo de TCA y competencias profesionales. Derivar si hay señales de alarma.
Salud cardiovascular;Baja ingesta de fibra;Consumo bajo de legumbres, frutas, verduras, cereales integrales o frutos secos.;general;cardiovascular/digestiva;bajo;"NUT2_SRC001;NUT2_SRC013";Reducción de sal;Disminuir sal añadida y productos salados, usando especias/alternativas.;medio;cardiovascular;Reducir sal añadida;Usar especias, limón, ajo, hierbas o reducción gradual de sal.;Apoyar salud cardiovascular.;medio;diario;cardiovascular;media;Adaptar a historia clínica declarada, medicación, analíticas, cultura, economía, preferencias, etapa vital, riesgo de TCA y competencias profesionales. Derivar si hay señales de alarma.
Salud cardiovascular;Baja ingesta de fibra;Consumo bajo de legumbres, frutas, verduras, cereales integrales o frutos secos.;general;cardiovascular/digestiva;bajo;"NUT2_SRC001;NUT2_SRC013";Reducción de sal;Disminuir sal añadida y productos salados, usando especias/alternativas.;medio;cardiovascular;Revisar productos salados;Identificar 3 productos altos en sal y buscar alternativa.;Reducir sal oculta.;medio;semanal;cardiovascular;media;Adaptar a historia clínica declarada, medicación, analíticas, cultura, economía, preferencias, etapa vital, riesgo de TCA y competencias profesionales. Derivar si hay señales de alarma.
Salud cardiovascular;Baja ingesta de fibra;Consumo bajo de legumbres, frutas, verduras, cereales integrales o frutos secos.;general;cardiovascular/digestiva;bajo;"NUT2_SRC001;NUT2_SRC013";Reducción de sal;Disminuir sal añadida y productos salados, usando especias/alternativas.;medio;cardiovascular;Plan de reducción gradual de sal;Reducir sal poco a poco durante varias semanas.;Adaptar paladar.;medio;2-4 semanas;cardiovascular;media;Adaptar a historia clínica declarada, medicación, analíticas, cultura, economía, preferencias, etapa vital, riesgo de TCA y competencias profesionales. Derivar si hay señales de alarma.
Salud cardiovascular;Baja ingesta de fibra;Consumo bajo de legumbres, frutas, verduras, cereales integrales o frutos secos.;general;cardiovascular/digestiva;bajo;"NUT2_SRC001;NUT2_SRC013";Mejora de grasas dietéticas;Reducir saturadas/trans y priorizar insaturadas según contexto.;medio;cardiovascular;Cambio de grasa principal;Priorizar aceite de oliva/frutos secos/pescado y reducir grasas saturadas frecuentes.;Mejorar calidad grasa.;medio;semanal;cardiovascular;media;Adaptar a historia clínica declarada, medicación, analíticas, cultura, economía, preferencias, etapa vital, riesgo de TCA y competencias profesionales. Derivar si hay señales de alarma.
Salud cardiovascular;Baja ingesta de fibra;Consumo bajo de legumbres, frutas, verduras, cereales integrales o frutos secos.;general;cardiovascular/digestiva;bajo;"NUT2_SRC001;NUT2_SRC013";Mejora de grasas dietéticas;Reducir saturadas/trans y priorizar insaturadas según contexto.;medio;cardiovascular;Plan de grasa saludable;Incluir aceite de oliva/frutos secos/aguacate/pescado según preferencia.;Mejorar perfil graso.;bajo;semanal;cardiovascular;media;Adaptar a historia clínica declarada, medicación, analíticas, cultura, economía, preferencias, etapa vital, riesgo de TCA y competencias profesionales. Derivar si hay señales de alarma.
Salud cardiovascular;Baja ingesta de fibra;Consumo bajo de legumbres, frutas, verduras, cereales integrales o frutos secos.;general;cardiovascular/digestiva;bajo;"NUT2_SRC001;NUT2_SRC013";Aumento de fibra;Incluir legumbres, frutas, verduras, integrales, semillas y frutos secos según tolerancia.;bajo;hábitos;Legumbre semanal;Planificar al menos una comida con legumbres.;Aumentar fibra y calidad de dieta.;bajo;semanal;hábitos;media;Adaptar a historia clínica declarada, medicación, analíticas, cultura, economía, preferencias, etapa vital, riesgo de TCA y competencias profesionales. Derivar si hay señales de alarma.
Salud cardiovascular;Baja ingesta de fibra;Consumo bajo de legumbres, frutas, verduras, cereales integrales o frutos secos.;general;cardiovascular/digestiva;bajo;"NUT2_SRC001;NUT2_SRC013";Aumento de fibra;Incluir legumbres, frutas, verduras, integrales, semillas y frutos secos según tolerancia.;bajo;hábitos;Preparar plato de legumbre completo;Crear plato con legumbre, verdura y proteína complementaria si procede.;Mejorar fibra y saciedad.;bajo;semanal;hábitos;media;Adaptar a historia clínica declarada, medicación, analíticas, cultura, economía, preferencias, etapa vital, riesgo de TCA y competencias profesionales. Derivar si hay señales de alarma.
Salud cardiovascular;Baja ingesta de fibra;Consumo bajo de legumbres, frutas, verduras, cereales integrales o frutos secos.;general;cardiovascular/digestiva;bajo;"NUT2_SRC001;NUT2_SRC013";Calidad de carbohidratos;Priorizar hidratos con fibra, legumbres, integrales, frutas y verduras.;bajo;metabólica;Cambiar cereal/refinado por integral;Sustituir una opción refinada por integral o legumbre si tolera.;Mejorar fibra/calidad de hidratos.;bajo;diario/semanal;metabólica;media;Adaptar a historia clínica declarada, medicación, analíticas, cultura, economía, preferencias, etapa vital, riesgo de TCA y competencias profesionales. Derivar si hay señales de alarma.
Salud cardiovascular;Baja ingesta de fibra;Consumo bajo de legumbres, frutas, verduras, cereales integrales o frutos secos.;general;cardiovascular/digestiva;bajo;"NUT2_SRC001;NUT2_SRC013";Calidad de carbohidratos;Priorizar hidratos con fibra, legumbres, integrales, frutas y verduras.;bajo;metabólica;Plato con hidrato de calidad;Elegir patata cocida, arroz integral, legumbre, avena, fruta u otro según contexto.;Mejorar calidad de carbohidratos.;bajo;diario;metabólica;media;Adaptar a historia clínica declarada, medicación, analíticas, cultura, economía, preferencias, etapa vital, riesgo de TCA y competencias profesionales. Derivar si hay señales de alarma.
Salud cardiovascular;Baja ingesta de fibra;Consumo bajo de legumbres, frutas, verduras, cereales integrales o frutos secos.;general;cardiovascular/digestiva;bajo;"NUT2_SRC001;NUT2_SRC013";Reducción de alcohol;Valorar frecuencia, contexto, objetivos y alternativas.;medio;hábitos;Registro de alcohol;Anotar frecuencia, cantidad, contexto y efecto en objetivo.;Tomar decisiones informadas.;medio;2 semanas;hábitos;media;Adaptar a historia clínica declarada, medicación, analíticas, cultura, economía, preferencias, etapa vital, riesgo de TCA y competencias profesionales. Derivar si hay señales de alarma.
Salud cardiovascular;Baja ingesta de fibra;Consumo bajo de legumbres, frutas, verduras, cereales integrales o frutos secos.;general;cardiovascular/digestiva;bajo;"NUT2_SRC001;NUT2_SRC013";Señales de derivación nutricional/médica;Identificar pérdida involuntaria, síntomas, analíticas alteradas, TCA, embarazo o enfermedad.;alto;seguridad;Plan de derivación nutricional/médica;Identificar señal de alarma y profesional de referencia.;Aumentar seguridad.;alto;si aparece;seguridad;alta;Adaptar a historia clínica declarada, medicación, analíticas, cultura, economía, preferencias, etapa vital, riesgo de TCA y competencias profesionales. Derivar si hay señales de alarma.
Salud cardiovascular;Baja ingesta de fibra;Consumo bajo de legumbres, frutas, verduras, cereales integrales o frutos secos.;general;cardiovascular/digestiva;bajo;"NUT2_SRC001;NUT2_SRC013";Señales de derivación nutricional/médica;Identificar pérdida involuntaria, síntomas, analíticas alteradas, TCA, embarazo o enfermedad.;alto;seguridad;Revisión de analítica/diagnóstico referido;Registrar dato aportado y recomendar coordinación con sanitario si hay patología.;No invadir ámbito médico.;alto;según caso;seguridad;alta;Adaptar a historia clínica declarada, medicación, analíticas, cultura, economía, preferencias, etapa vital, riesgo de TCA y competencias profesionales. Derivar si hay señales de alarma.
Salud cardiovascular;Grasas saturadas elevadas;Patrón con exceso de carnes procesadas, bollería, fritos o lácteos grasos.;general;cardiovascular;medio;"NUT2_SRC001;NUT2_SRC013";Patrón mediterráneo/cardiosaludable;Fomentar alimentos frescos, aceite de oliva, legumbres, pescado, frutos secos y vegetales.;bajo;cardiovascular;Día mediterráneo;Planificar día con legumbre/vegetal/fruta/aceite oliva/pescado o alternativa.;Reforzar patrón saludable.;bajo;semanal;cardiovascular;media;Adaptar a historia clínica declarada, medicación, analíticas, cultura, economía, preferencias, etapa vital, riesgo de TCA y competencias profesionales. Derivar si hay señales de alarma.
Salud cardiovascular;Grasas saturadas elevadas;Patrón con exceso de carnes procesadas, bollería, fritos o lácteos grasos.;general;cardiovascular;medio;"NUT2_SRC001;NUT2_SRC013";Reducción de sal;Disminuir sal añadida y productos salados, usando especias/alternativas.;medio;cardiovascular;Reducir sal añadida;Usar especias, limón, ajo, hierbas o reducción gradual de sal.;Apoyar salud cardiovascular.;medio;diario;cardiovascular;media;Adaptar a historia clínica declarada, medicación, analíticas, cultura, economía, preferencias, etapa vital, riesgo de TCA y competencias profesionales. Derivar si hay señales de alarma.
Salud cardiovascular;Grasas saturadas elevadas;Patrón con exceso de carnes procesadas, bollería, fritos o lácteos grasos.;general;cardiovascular;medio;"NUT2_SRC001;NUT2_SRC013";Reducción de sal;Disminuir sal añadida y productos salados, usando especias/alternativas.;medio;cardiovascular;Revisar productos salados;Identificar 3 productos altos en sal y buscar alternativa.;Reducir sal oculta.;medio;semanal;cardiovascular;media;Adaptar a historia clínica declarada, medicación, analíticas, cultura, economía, preferencias, etapa vital, riesgo de TCA y competencias profesionales. Derivar si hay señales de alarma.
Salud cardiovascular;Grasas saturadas elevadas;Patrón con exceso de carnes procesadas, bollería, fritos o lácteos grasos.;general;cardiovascular;medio;"NUT2_SRC001;NUT2_SRC013";Reducción de sal;Disminuir sal añadida y productos salados, usando especias/alternativas.;medio;cardiovascular;Plan de reducción gradual de sal;Reducir sal poco a poco durante varias semanas.;Adaptar paladar.;medio;2-4 semanas;cardiovascular;media;Adaptar a historia clínica declarada, medicación, analíticas, cultura, economía, preferencias, etapa vital, riesgo de TCA y competencias profesionales. Derivar si hay señales de alarma.
Salud cardiovascular;Grasas saturadas elevadas;Patrón con exceso de carnes procesadas, bollería, fritos o lácteos grasos.;general;cardiovascular;medio;"NUT2_SRC001;NUT2_SRC013";Mejora de grasas dietéticas;Reducir saturadas/trans y priorizar insaturadas según contexto.;medio;cardiovascular;Cambio de grasa principal;Priorizar aceite de oliva/frutos secos/pescado y reducir grasas saturadas frecuentes.;Mejorar calidad grasa.;medio;semanal;cardiovascular;media;Adaptar a historia clínica declarada, medicación, analíticas, cultura, economía, preferencias, etapa vital, riesgo de TCA y competencias profesionales. Derivar si hay señales de alarma.
Salud cardiovascular;Grasas saturadas elevadas;Patrón con exceso de carnes procesadas, bollería, fritos o lácteos grasos.;general;cardiovascular;medio;"NUT2_SRC001;NUT2_SRC013";Mejora de grasas dietéticas;Reducir saturadas/trans y priorizar insaturadas según contexto.;medio;cardiovascular;Plan de grasa saludable;Incluir aceite de oliva/frutos secos/aguacate/pescado según preferencia.;Mejorar perfil graso.;bajo;semanal;cardiovascular;media;Adaptar a historia clínica declarada, medicación, analíticas, cultura, economía, preferencias, etapa vital, riesgo de TCA y competencias profesionales. Derivar si hay señales de alarma.
Salud cardiovascular;Grasas saturadas elevadas;Patrón con exceso de carnes procesadas, bollería, fritos o lácteos grasos.;general;cardiovascular;medio;"NUT2_SRC001;NUT2_SRC013";Aumento de fibra;Incluir legumbres, frutas, verduras, integrales, semillas y frutos secos según tolerancia.;bajo;hábitos;Legumbre semanal;Planificar al menos una comida con legumbres.;Aumentar fibra y calidad de dieta.;bajo;semanal;hábitos;media;Adaptar a historia clínica declarada, medicación, analíticas, cultura, economía, preferencias, etapa vital, riesgo de TCA y competencias profesionales. Derivar si hay señales de alarma.
Salud cardiovascular;Grasas saturadas elevadas;Patrón con exceso de carnes procesadas, bollería, fritos o lácteos grasos.;general;cardiovascular;medio;"NUT2_SRC001;NUT2_SRC013";Aumento de fibra;Incluir legumbres, frutas, verduras, integrales, semillas y frutos secos según tolerancia.;bajo;hábitos;Preparar plato de legumbre completo;Crear plato con legumbre, verdura y proteína complementaria si procede.;Mejorar fibra y saciedad.;bajo;semanal;hábitos;media;Adaptar a historia clínica declarada, medicación, analíticas, cultura, economía, preferencias, etapa vital, riesgo de TCA y competencias profesionales. Derivar si hay señales de alarma.
Salud cardiovascular;Grasas saturadas elevadas;Patrón con exceso de carnes procesadas, bollería, fritos o lácteos grasos.;general;cardiovascular;medio;"NUT2_SRC001;NUT2_SRC013";Calidad de carbohidratos;Priorizar hidratos con fibra, legumbres, integrales, frutas y verduras.;bajo;metabólica;Cambiar cereal/refinado por integral;Sustituir una opción refinada por integral o legumbre si tolera.;Mejorar fibra/calidad de hidratos.;bajo;diario/semanal;metabólica;media;Adaptar a historia clínica declarada, medicación, analíticas, cultura, economía, preferencias, etapa vital, riesgo de TCA y competencias profesionales. Derivar si hay señales de alarma.
Salud cardiovascular;Grasas saturadas elevadas;Patrón con exceso de carnes procesadas, bollería, fritos o lácteos grasos.;general;cardiovascular;medio;"NUT2_SRC001;NUT2_SRC013";Calidad de carbohidratos;Priorizar hidratos con fibra, legumbres, integrales, frutas y verduras.;bajo;metabólica;Plato con hidrato de calidad;Elegir patata cocida, arroz integral, legumbre, avena, fruta u otro según contexto.;Mejorar calidad de carbohidratos.;bajo;diario;metabólica;media;Adaptar a historia clínica declarada, medicación, analíticas, cultura, economía, preferencias, etapa vital, riesgo de TCA y competencias profesionales. Derivar si hay señales de alarma.
Salud cardiovascular;Grasas saturadas elevadas;Patrón con exceso de carnes procesadas, bollería, fritos o lácteos grasos.;general;cardiovascular;medio;"NUT2_SRC001;NUT2_SRC013";Reducción de alcohol;Valorar frecuencia, contexto, objetivos y alternativas.;medio;hábitos;Registro de alcohol;Anotar frecuencia, cantidad, contexto y efecto en objetivo.;Tomar decisiones informadas.;medio;2 semanas;hábitos;media;Adaptar a historia clínica declarada, medicación, analíticas, cultura, economía, preferencias, etapa vital, riesgo de TCA y competencias profesionales. Derivar si hay señales de alarma.
Salud cardiovascular;Grasas saturadas elevadas;Patrón con exceso de carnes procesadas, bollería, fritos o lácteos grasos.;general;cardiovascular;medio;"NUT2_SRC001;NUT2_SRC013";Señales de derivación nutricional/médica;Identificar pérdida involuntaria, síntomas, analíticas alteradas, TCA, embarazo o enfermedad.;alto;seguridad;Plan de derivación nutricional/médica;Identificar señal de alarma y profesional de referencia.;Aumentar seguridad.;alto;si aparece;seguridad;alta;Adaptar a historia clínica declarada, medicación, analíticas, cultura, economía, preferencias, etapa vital, riesgo de TCA y competencias profesionales. Derivar si hay señales de alarma.
Salud cardiovascular;Grasas saturadas elevadas;Patrón con exceso de carnes procesadas, bollería, fritos o lácteos grasos.;general;cardiovascular;medio;"NUT2_SRC001;NUT2_SRC013";Señales de derivación nutricional/médica;Identificar pérdida involuntaria, síntomas, analíticas alteradas, TCA, embarazo o enfermedad.;alto;seguridad;Revisión de analítica/diagnóstico referido;Registrar dato aportado y recomendar coordinación con sanitario si hay patología.;No invadir ámbito médico.;alto;según caso;seguridad;alta;Adaptar a historia clínica declarada, medicación, analíticas, cultura, economía, preferencias, etapa vital, riesgo de TCA y competencias profesionales. Derivar si hay señales de alarma.
Salud cardiovascular;Patrón mediterráneo mejorable;Necesidad de reforzar aceite de oliva, legumbres, pescado, vegetales y alimentos frescos.;adultos;cardiovascular;bajo;"NUT2_SRC013;NUT2_SRC014";Patrón mediterráneo/cardiosaludable;Fomentar alimentos frescos, aceite de oliva, legumbres, pescado, frutos secos y vegetales.;bajo;cardiovascular;Día mediterráneo;Planificar día con legumbre/vegetal/fruta/aceite oliva/pescado o alternativa.;Reforzar patrón saludable.;bajo;semanal;cardiovascular;media;Adaptar a historia clínica declarada, medicación, analíticas, cultura, economía, preferencias, etapa vital, riesgo de TCA y competencias profesionales. Derivar si hay señales de alarma.
Salud cardiovascular;Patrón mediterráneo mejorable;Necesidad de reforzar aceite de oliva, legumbres, pescado, vegetales y alimentos frescos.;adultos;cardiovascular;bajo;"NUT2_SRC013;NUT2_SRC014";Reducción de sal;Disminuir sal añadida y productos salados, usando especias/alternativas.;medio;cardiovascular;Reducir sal añadida;Usar especias, limón, ajo, hierbas o reducción gradual de sal.;Apoyar salud cardiovascular.;medio;diario;cardiovascular;media;Adaptar a historia clínica declarada, medicación, analíticas, cultura, economía, preferencias, etapa vital, riesgo de TCA y competencias profesionales. Derivar si hay señales de alarma.
Salud cardiovascular;Patrón mediterráneo mejorable;Necesidad de reforzar aceite de oliva, legumbres, pescado, vegetales y alimentos frescos.;adultos;cardiovascular;bajo;"NUT2_SRC013;NUT2_SRC014";Reducción de sal;Disminuir sal añadida y productos salados, usando especias/alternativas.;medio;cardiovascular;Revisar productos salados;Identificar 3 productos altos en sal y buscar alternativa.;Reducir sal oculta.;medio;semanal;cardiovascular;media;Adaptar a historia clínica declarada, medicación, analíticas, cultura, economía, preferencias, etapa vital, riesgo de TCA y competencias profesionales. Derivar si hay señales de alarma.
Salud cardiovascular;Patrón mediterráneo mejorable;Necesidad de reforzar aceite de oliva, legumbres, pescado, vegetales y alimentos frescos.;adultos;cardiovascular;bajo;"NUT2_SRC013;NUT2_SRC014";Reducción de sal;Disminuir sal añadida y productos salados, usando especias/alternativas.;medio;cardiovascular;Plan de reducción gradual de sal;Reducir sal poco a poco durante varias semanas.;Adaptar paladar.;medio;2-4 semanas;cardiovascular;media;Adaptar a historia clínica declarada, medicación, analíticas, cultura, economía, preferencias, etapa vital, riesgo de TCA y competencias profesionales. Derivar si hay señales de alarma.
Salud cardiovascular;Patrón mediterráneo mejorable;Necesidad de reforzar aceite de oliva, legumbres, pescado, vegetales y alimentos frescos.;adultos;cardiovascular;bajo;"NUT2_SRC013;NUT2_SRC014";Mejora de grasas dietéticas;Reducir saturadas/trans y priorizar insaturadas según contexto.;medio;cardiovascular;Cambio de grasa principal;Priorizar aceite de oliva/frutos secos/pescado y reducir grasas saturadas frecuentes.;Mejorar calidad grasa.;medio;semanal;cardiovascular;media;Adaptar a historia clínica declarada, medicación, analíticas, cultura, economía, preferencias, etapa vital, riesgo de TCA y competencias profesionales. Derivar si hay señales de alarma.
Salud cardiovascular;Patrón mediterráneo mejorable;Necesidad de reforzar aceite de oliva, legumbres, pescado, vegetales y alimentos frescos.;adultos;cardiovascular;bajo;"NUT2_SRC013;NUT2_SRC014";Mejora de grasas dietéticas;Reducir saturadas/trans y priorizar insaturadas según contexto.;medio;cardiovascular;Plan de grasa saludable;Incluir aceite de oliva/frutos secos/aguacate/pescado según preferencia.;Mejorar perfil graso.;bajo;semanal;cardiovascular;media;Adaptar a historia clínica declarada, medicación, analíticas, cultura, economía, preferencias, etapa vital, riesgo de TCA y competencias profesionales. Derivar si hay señales de alarma.
Salud cardiovascular;Patrón mediterráneo mejorable;Necesidad de reforzar aceite de oliva, legumbres, pescado, vegetales y alimentos frescos.;adultos;cardiovascular;bajo;"NUT2_SRC013;NUT2_SRC014";Aumento de fibra;Incluir legumbres, frutas, verduras, integrales, semillas y frutos secos según tolerancia.;bajo;hábitos;Legumbre semanal;Planificar al menos una comida con legumbres.;Aumentar fibra y calidad de dieta.;bajo;semanal;hábitos;media;Adaptar a historia clínica declarada, medicación, analíticas, cultura, economía, preferencias, etapa vital, riesgo de TCA y competencias profesionales. Derivar si hay señales de alarma.
Salud cardiovascular;Patrón mediterráneo mejorable;Necesidad de reforzar aceite de oliva, legumbres, pescado, vegetales y alimentos frescos.;adultos;cardiovascular;bajo;"NUT2_SRC013;NUT2_SRC014";Aumento de fibra;Incluir legumbres, frutas, verduras, integrales, semillas y frutos secos según tolerancia.;bajo;hábitos;Preparar plato de legumbre completo;Crear plato con legumbre, verdura y proteína complementaria si procede.;Mejorar fibra y saciedad.;bajo;semanal;hábitos;media;Adaptar a historia clínica declarada, medicación, analíticas, cultura, economía, preferencias, etapa vital, riesgo de TCA y competencias profesionales. Derivar si hay señales de alarma.
Salud cardiovascular;Patrón mediterráneo mejorable;Necesidad de reforzar aceite de oliva, legumbres, pescado, vegetales y alimentos frescos.;adultos;cardiovascular;bajo;"NUT2_SRC013;NUT2_SRC014";Calidad de carbohidratos;Priorizar hidratos con fibra, legumbres, integrales, frutas y verduras.;bajo;metabólica;Cambiar cereal/refinado por integral;Sustituir una opción refinada por integral o legumbre si tolera.;Mejorar fibra/calidad de hidratos.;bajo;diario/semanal;metabólica;media;Adaptar a historia clínica declarada, medicación, analíticas, cultura, economía, preferencias, etapa vital, riesgo de TCA y competencias profesionales. Derivar si hay señales de alarma.
Salud cardiovascular;Patrón mediterráneo mejorable;Necesidad de reforzar aceite de oliva, legumbres, pescado, vegetales y alimentos frescos.;adultos;cardiovascular;bajo;"NUT2_SRC013;NUT2_SRC014";Calidad de carbohidratos;Priorizar hidratos con fibra, legumbres, integrales, frutas y verduras.;bajo;metabólica;Plato con hidrato de calidad;Elegir patata cocida, arroz integral, legumbre, avena, fruta u otro según contexto.;Mejorar calidad de carbohidratos.;bajo;diario;metabólica;media;Adaptar a historia clínica declarada, medicación, analíticas, cultura, economía, preferencias, etapa vital, riesgo de TCA y competencias profesionales. Derivar si hay señales de alarma.
Salud cardiovascular;Patrón mediterráneo mejorable;Necesidad de reforzar aceite de oliva, legumbres, pescado, vegetales y alimentos frescos.;adultos;cardiovascular;bajo;"NUT2_SRC013;NUT2_SRC014";Reducción de alcohol;Valorar frecuencia, contexto, objetivos y alternativas.;medio;hábitos;Registro de alcohol;Anotar frecuencia, cantidad, contexto y efecto en objetivo.;Tomar decisiones informadas.;medio;2 semanas;hábitos;media;Adaptar a historia clínica declarada, medicación, analíticas, cultura, economía, preferencias, etapa vital, riesgo de TCA y competencias profesionales. Derivar si hay señales de alarma.
Salud cardiovascular;Patrón mediterráneo mejorable;Necesidad de reforzar aceite de oliva, legumbres, pescado, vegetales y alimentos frescos.;adultos;cardiovascular;bajo;"NUT2_SRC013;NUT2_SRC014";Señales de derivación nutricional/médica;Identificar pérdida involuntaria, síntomas, analíticas alteradas, TCA, embarazo o enfermedad.;alto;seguridad;Plan de derivación nutricional/médica;Identificar señal de alarma y profesional de referencia.;Aumentar seguridad.;alto;si aparece;seguridad;alta;Adaptar a historia clínica declarada, medicación, analíticas, cultura, economía, preferencias, etapa vital, riesgo de TCA y competencias profesionales. Derivar si hay señales de alarma.
Salud cardiovascular;Patrón mediterráneo mejorable;Necesidad de reforzar aceite de oliva, legumbres, pescado, vegetales y alimentos frescos.;adultos;cardiovascular;bajo;"NUT2_SRC013;NUT2_SRC014";Señales de derivación nutricional/médica;Identificar pérdida involuntaria, síntomas, analíticas alteradas, TCA, embarazo o enfermedad.;alto;seguridad;Revisión de analítica/diagnóstico referido;Registrar dato aportado y recomendar coordinación con sanitario si hay patología.;No invadir ámbito médico.;alto;según caso;seguridad;alta;Adaptar a historia clínica declarada, medicación, analíticas, cultura, economía, preferencias, etapa vital, riesgo de TCA y competencias profesionales. Derivar si hay señales de alarma.
Digestivo e intolerancias;Síntomas digestivos inespecíficos;Hinchazón, gases o molestias que requieren registro y posible derivación.;adultos;digestiva;medio;"NUT2_SRC014;NUT2_SRC017";Registro digestivo;Anotar alimentos, síntomas, horarios, estrés, sueño y deposiciones.;medio;digestiva;Registro digestivo 7 días;Anotar alimentos, síntomas, deposiciones, estrés y sueño.;Detectar patrones digestivos.;medio;7 días;digestiva;media;Adaptar a historia clínica declarada, medicación, analíticas, cultura, economía, preferencias, etapa vital, riesgo de TCA y competencias profesionales. Derivar si hay señales de alarma.
Digestivo e intolerancias;Síntomas digestivos inespecíficos;Hinchazón, gases o molestias que requieren registro y posible derivación.;adultos;digestiva;medio;"NUT2_SRC014;NUT2_SRC017";Registro digestivo;Anotar alimentos, síntomas, horarios, estrés, sueño y deposiciones.;medio;digestiva;Registro de síntomas post-comida;Anotar comida, síntomas, intensidad y tiempo de aparición.;Ayudar evaluación digestiva.;medio;7 días;digestiva;media;Adaptar a historia clínica declarada, medicación, analíticas, cultura, economía, preferencias, etapa vital, riesgo de TCA y competencias profesionales. Derivar si hay señales de alarma.
Digestivo e intolerancias;Síntomas digestivos inespecíficos;Hinchazón, gases o molestias que requieren registro y posible derivación.;adultos;digestiva;medio;"NUT2_SRC014;NUT2_SRC017";Ajuste gradual de fibra;Subir fibra progresivamente y acompañar hidratación.;bajo;digestiva;Subida gradual de fibra;Añadir fibra poco a poco y revisar tolerancia.;Mejorar tránsito sin empeorar síntomas.;bajo;2-4 semanas;digestiva;media;Adaptar a historia clínica declarada, medicación, analíticas, cultura, economía, preferencias, etapa vital, riesgo de TCA y competencias profesionales. Derivar si hay señales de alarma.
Digestivo e intolerancias;Síntomas digestivos inespecíficos;Hinchazón, gases o molestias que requieren registro y posible derivación.;adultos;digestiva;medio;"NUT2_SRC014;NUT2_SRC017";Ajuste gradual de fibra;Subir fibra progresivamente y acompañar hidratación.;bajo;digestiva;Revisión de fibra por tolerancia;Ajustar tipo/cantidad de fibra según síntomas digestivos.;Personalizar digestivo.;medio;semanal;digestiva;media;Adaptar a historia clínica declarada, medicación, analíticas, cultura, economía, preferencias, etapa vital, riesgo de TCA y competencias profesionales. Derivar si hay señales de alarma.
Digestivo e intolerancias;Síntomas digestivos inespecíficos;Hinchazón, gases o molestias que requieren registro y posible derivación.;adultos;digestiva;medio;"NUT2_SRC014;NUT2_SRC017";Protocolo de eliminación/reintroducción supervisado;Eliminar solo lo necesario y reintroducir de forma estructurada.;medio;digestiva;Prueba estructurada de tolerancia;Eliminar/reintroducir solo bajo criterio profesional y con registro.;Identificar tolerancias.;medio;variable;digestiva;media;Adaptar a historia clínica declarada, medicación, analíticas, cultura, economía, preferencias, etapa vital, riesgo de TCA y competencias profesionales. Derivar si hay señales de alarma.
Digestivo e intolerancias;Síntomas digestivos inespecíficos;Hinchazón, gases o molestias que requieren registro y posible derivación.;adultos;digestiva;medio;"NUT2_SRC014;NUT2_SRC017";Educación sin gluten segura;Explicar gluten, contaminación cruzada y alternativas si hay celiaquía diagnosticada.;alto;dieta_especial;Checklist sin gluten seguro;Revisar etiqueta, contaminación cruzada y utensilios si celiaquía confirmada.;Aumentar seguridad alimentaria.;alto;semanal;dieta_especial;alta;Adaptar a historia clínica declarada, medicación, analíticas, cultura, economía, preferencias, etapa vital, riesgo de TCA y competencias profesionales. Derivar si hay señales de alarma.
Digestivo e intolerancias;Síntomas digestivos inespecíficos;Hinchazón, gases o molestias que requieren registro y posible derivación.;adultos;digestiva;medio;"NUT2_SRC014;NUT2_SRC017";Plan de hidratación;Definir meta de agua y estrategias según clima, actividad y preferencias.;bajo;hábitos;Plan de hidratación;Definir botella/meta y momentos fijos de agua.;Mejorar hidratación.;bajo;diario;hábitos;media;Adaptar a historia clínica declarada, medicación, analíticas, cultura, economía, preferencias, etapa vital, riesgo de TCA y competencias profesionales. Derivar si hay señales de alarma.
Digestivo e intolerancias;Síntomas digestivos inespecíficos;Hinchazón, gases o molestias que requieren registro y posible derivación.;adultos;digestiva;medio;"NUT2_SRC014;NUT2_SRC017";Señales de derivación nutricional/médica;Identificar pérdida involuntaria, síntomas, analíticas alteradas, TCA, embarazo o enfermedad.;alto;seguridad;Plan de derivación nutricional/médica;Identificar señal de alarma y profesional de referencia.;Aumentar seguridad.;alto;si aparece;seguridad;alta;Adaptar a historia clínica declarada, medicación, analíticas, cultura, economía, preferencias, etapa vital, riesgo de TCA y competencias profesionales. Derivar si hay señales de alarma.
Digestivo e intolerancias;Síntomas digestivos inespecíficos;Hinchazón, gases o molestias que requieren registro y posible derivación.;adultos;digestiva;medio;"NUT2_SRC014;NUT2_SRC017";Señales de derivación nutricional/médica;Identificar pérdida involuntaria, síntomas, analíticas alteradas, TCA, embarazo o enfermedad.;alto;seguridad;Revisión de analítica/diagnóstico referido;Registrar dato aportado y recomendar coordinación con sanitario si hay patología.;No invadir ámbito médico.;alto;según caso;seguridad;alta;Adaptar a historia clínica declarada, medicación, analíticas, cultura, economía, preferencias, etapa vital, riesgo de TCA y competencias profesionales. Derivar si hay señales de alarma.
Digestivo e intolerancias;Estreñimiento funcional leve;Baja frecuencia o dificultad evacuatoria sin señales de alarma.;adultos;digestiva;medio;"NUT2_SRC014;NUT2_SRC011";Registro digestivo;Anotar alimentos, síntomas, horarios, estrés, sueño y deposiciones.;medio;digestiva;Registro digestivo 7 días;Anotar alimentos, síntomas, deposiciones, estrés y sueño.;Detectar patrones digestivos.;medio;7 días;digestiva;media;Adaptar a historia clínica declarada, medicación, analíticas, cultura, economía, preferencias, etapa vital, riesgo de TCA y competencias profesionales. Derivar si hay señales de alarma.
Digestivo e intolerancias;Estreñimiento funcional leve;Baja frecuencia o dificultad evacuatoria sin señales de alarma.;adultos;digestiva;medio;"NUT2_SRC014;NUT2_SRC011";Registro digestivo;Anotar alimentos, síntomas, horarios, estrés, sueño y deposiciones.;medio;digestiva;Registro de síntomas post-comida;Anotar comida, síntomas, intensidad y tiempo de aparición.;Ayudar evaluación digestiva.;medio;7 días;digestiva;media;Adaptar a historia clínica declarada, medicación, analíticas, cultura, economía, preferencias, etapa vital, riesgo de TCA y competencias profesionales. Derivar si hay señales de alarma.
Digestivo e intolerancias;Estreñimiento funcional leve;Baja frecuencia o dificultad evacuatoria sin señales de alarma.;adultos;digestiva;medio;"NUT2_SRC014;NUT2_SRC011";Ajuste gradual de fibra;Subir fibra progresivamente y acompañar hidratación.;bajo;digestiva;Subida gradual de fibra;Añadir fibra poco a poco y revisar tolerancia.;Mejorar tránsito sin empeorar síntomas.;bajo;2-4 semanas;digestiva;media;Adaptar a historia clínica declarada, medicación, analíticas, cultura, economía, preferencias, etapa vital, riesgo de TCA y competencias profesionales. Derivar si hay señales de alarma.
Digestivo e intolerancias;Estreñimiento funcional leve;Baja frecuencia o dificultad evacuatoria sin señales de alarma.;adultos;digestiva;medio;"NUT2_SRC014;NUT2_SRC011";Ajuste gradual de fibra;Subir fibra progresivamente y acompañar hidratación.;bajo;digestiva;Revisión de fibra por tolerancia;Ajustar tipo/cantidad de fibra según síntomas digestivos.;Personalizar digestivo.;medio;semanal;digestiva;media;Adaptar a historia clínica declarada, medicación, analíticas, cultura, economía, preferencias, etapa vital, riesgo de TCA y competencias profesionales. Derivar si hay señales de alarma.
Digestivo e intolerancias;Estreñimiento funcional leve;Baja frecuencia o dificultad evacuatoria sin señales de alarma.;adultos;digestiva;medio;"NUT2_SRC014;NUT2_SRC011";Protocolo de eliminación/reintroducción supervisado;Eliminar solo lo necesario y reintroducir de forma estructurada.;medio;digestiva;Prueba estructurada de tolerancia;Eliminar/reintroducir solo bajo criterio profesional y con registro.;Identificar tolerancias.;medio;variable;digestiva;media;Adaptar a historia clínica declarada, medicación, analíticas, cultura, economía, preferencias, etapa vital, riesgo de TCA y competencias profesionales. Derivar si hay señales de alarma.
Digestivo e intolerancias;Estreñimiento funcional leve;Baja frecuencia o dificultad evacuatoria sin señales de alarma.;adultos;digestiva;medio;"NUT2_SRC014;NUT2_SRC011";Educación sin gluten segura;Explicar gluten, contaminación cruzada y alternativas si hay celiaquía diagnosticada.;alto;dieta_especial;Checklist sin gluten seguro;Revisar etiqueta, contaminación cruzada y utensilios si celiaquía confirmada.;Aumentar seguridad alimentaria.;alto;semanal;dieta_especial;alta;Adaptar a historia clínica declarada, medicación, analíticas, cultura, economía, preferencias, etapa vital, riesgo de TCA y competencias profesionales. Derivar si hay señales de alarma.
Digestivo e intolerancias;Estreñimiento funcional leve;Baja frecuencia o dificultad evacuatoria sin señales de alarma.;adultos;digestiva;medio;"NUT2_SRC014;NUT2_SRC011";Plan de hidratación;Definir meta de agua y estrategias según clima, actividad y preferencias.;bajo;hábitos;Plan de hidratación;Definir botella/meta y momentos fijos de agua.;Mejorar hidratación.;bajo;diario;hábitos;media;Adaptar a historia clínica declarada, medicación, analíticas, cultura, economía, preferencias, etapa vital, riesgo de TCA y competencias profesionales. Derivar si hay señales de alarma.
Digestivo e intolerancias;Estreñimiento funcional leve;Baja frecuencia o dificultad evacuatoria sin señales de alarma.;adultos;digestiva;medio;"NUT2_SRC014;NUT2_SRC011";Señales de derivación nutricional/médica;Identificar pérdida involuntaria, síntomas, analíticas alteradas, TCA, embarazo o enfermedad.;alto;seguridad;Plan de derivación nutricional/médica;Identificar señal de alarma y profesional de referencia.;Aumentar seguridad.;alto;si aparece;seguridad;alta;Adaptar a historia clínica declarada, medicación, analíticas, cultura, economía, preferencias, etapa vital, riesgo de TCA y competencias profesionales. Derivar si hay señales de alarma.
Digestivo e intolerancias;Estreñimiento funcional leve;Baja frecuencia o dificultad evacuatoria sin señales de alarma.;adultos;digestiva;medio;"NUT2_SRC014;NUT2_SRC011";Señales de derivación nutricional/médica;Identificar pérdida involuntaria, síntomas, analíticas alteradas, TCA, embarazo o enfermedad.;alto;seguridad;Revisión de analítica/diagnóstico referido;Registrar dato aportado y recomendar coordinación con sanitario si hay patología.;No invadir ámbito médico.;alto;según caso;seguridad;alta;Adaptar a historia clínica declarada, medicación, analíticas, cultura, economía, preferencias, etapa vital, riesgo de TCA y competencias profesionales. Derivar si hay señales de alarma.
Digestivo e intolerancias;Diarrea recurrente no explicada;Síntomas persistentes o alternantes que requieren valoración sanitaria.;adultos;derivación;alto;NUT2_SRC014;Registro digestivo;Anotar alimentos, síntomas, horarios, estrés, sueño y deposiciones.;medio;digestiva;Registro digestivo 7 días;Anotar alimentos, síntomas, deposiciones, estrés y sueño.;Detectar patrones digestivos.;medio;7 días;digestiva;media;Adaptar a historia clínica declarada, medicación, analíticas, cultura, economía, preferencias, etapa vital, riesgo de TCA y competencias profesionales. Derivar si hay señales de alarma.
Digestivo e intolerancias;Diarrea recurrente no explicada;Síntomas persistentes o alternantes que requieren valoración sanitaria.;adultos;derivación;alto;NUT2_SRC014;Registro digestivo;Anotar alimentos, síntomas, horarios, estrés, sueño y deposiciones.;medio;digestiva;Registro de síntomas post-comida;Anotar comida, síntomas, intensidad y tiempo de aparición.;Ayudar evaluación digestiva.;medio;7 días;digestiva;media;Adaptar a historia clínica declarada, medicación, analíticas, cultura, economía, preferencias, etapa vital, riesgo de TCA y competencias profesionales. Derivar si hay señales de alarma.
Digestivo e intolerancias;Diarrea recurrente no explicada;Síntomas persistentes o alternantes que requieren valoración sanitaria.;adultos;derivación;alto;NUT2_SRC014;Ajuste gradual de fibra;Subir fibra progresivamente y acompañar hidratación.;bajo;digestiva;Subida gradual de fibra;Añadir fibra poco a poco y revisar tolerancia.;Mejorar tránsito sin empeorar síntomas.;bajo;2-4 semanas;digestiva;media;Adaptar a historia clínica declarada, medicación, analíticas, cultura, economía, preferencias, etapa vital, riesgo de TCA y competencias profesionales. Derivar si hay señales de alarma.
Digestivo e intolerancias;Diarrea recurrente no explicada;Síntomas persistentes o alternantes que requieren valoración sanitaria.;adultos;derivación;alto;NUT2_SRC014;Ajuste gradual de fibra;Subir fibra progresivamente y acompañar hidratación.;bajo;digestiva;Revisión de fibra por tolerancia;Ajustar tipo/cantidad de fibra según síntomas digestivos.;Personalizar digestivo.;medio;semanal;digestiva;media;Adaptar a historia clínica declarada, medicación, analíticas, cultura, economía, preferencias, etapa vital, riesgo de TCA y competencias profesionales. Derivar si hay señales de alarma.
Digestivo e intolerancias;Diarrea recurrente no explicada;Síntomas persistentes o alternantes que requieren valoración sanitaria.;adultos;derivación;alto;NUT2_SRC014;Protocolo de eliminación/reintroducción supervisado;Eliminar solo lo necesario y reintroducir de forma estructurada.;medio;digestiva;Prueba estructurada de tolerancia;Eliminar/reintroducir solo bajo criterio profesional y con registro.;Identificar tolerancias.;medio;variable;digestiva;media;Adaptar a historia clínica declarada, medicación, analíticas, cultura, economía, preferencias, etapa vital, riesgo de TCA y competencias profesionales. Derivar si hay señales de alarma.
Digestivo e intolerancias;Diarrea recurrente no explicada;Síntomas persistentes o alternantes que requieren valoración sanitaria.;adultos;derivación;alto;NUT2_SRC014;Educación sin gluten segura;Explicar gluten, contaminación cruzada y alternativas si hay celiaquía diagnosticada.;alto;dieta_especial;Checklist sin gluten seguro;Revisar etiqueta, contaminación cruzada y utensilios si celiaquía confirmada.;Aumentar seguridad alimentaria.;alto;semanal;dieta_especial;alta;Adaptar a historia clínica declarada, medicación, analíticas, cultura, economía, preferencias, etapa vital, riesgo de TCA y competencias profesionales. Derivar si hay señales de alarma.
Digestivo e intolerancias;Diarrea recurrente no explicada;Síntomas persistentes o alternantes que requieren valoración sanitaria.;adultos;derivación;alto;NUT2_SRC014;Plan de hidratación;Definir meta de agua y estrategias según clima, actividad y preferencias.;bajo;hábitos;Plan de hidratación;Definir botella/meta y momentos fijos de agua.;Mejorar hidratación.;bajo;diario;hábitos;media;Adaptar a historia clínica declarada, medicación, analíticas, cultura, economía, preferencias, etapa vital, riesgo de TCA y competencias profesionales. Derivar si hay señales de alarma.
Digestivo e intolerancias;Diarrea recurrente no explicada;Síntomas persistentes o alternantes que requieren valoración sanitaria.;adultos;derivación;alto;NUT2_SRC014;Señales de derivación nutricional/médica;Identificar pérdida involuntaria, síntomas, analíticas alteradas, TCA, embarazo o enfermedad.;alto;seguridad;Plan de derivación nutricional/médica;Identificar señal de alarma y profesional de referencia.;Aumentar seguridad.;alto;si aparece;seguridad;alta;Adaptar a historia clínica declarada, medicación, analíticas, cultura, economía, preferencias, etapa vital, riesgo de TCA y competencias profesionales. Derivar si hay señales de alarma.
Digestivo e intolerancias;Diarrea recurrente no explicada;Síntomas persistentes o alternantes que requieren valoración sanitaria.;adultos;derivación;alto;NUT2_SRC014;Señales de derivación nutricional/médica;Identificar pérdida involuntaria, síntomas, analíticas alteradas, TCA, embarazo o enfermedad.;alto;seguridad;Revisión de analítica/diagnóstico referido;Registrar dato aportado y recomendar coordinación con sanitario si hay patología.;No invadir ámbito médico.;alto;según caso;seguridad;alta;Adaptar a historia clínica declarada, medicación, analíticas, cultura, economía, preferencias, etapa vital, riesgo de TCA y competencias profesionales. Derivar si hay señales de alarma.
Digestivo e intolerancias;Sospecha de intolerancia a lactosa;Molestias tras lácteos que requieren evaluación y prueba estructurada.;adultos;digestiva;medio;NUT2_SRC014;Registro digestivo;Anotar alimentos, síntomas, horarios, estrés, sueño y deposiciones.;medio;digestiva;Registro digestivo 7 días;Anotar alimentos, síntomas, deposiciones, estrés y sueño.;Detectar patrones digestivos.;medio;7 días;digestiva;media;Adaptar a historia clínica declarada, medicación, analíticas, cultura, economía, preferencias, etapa vital, riesgo de TCA y competencias profesionales. Derivar si hay señales de alarma.
Digestivo e intolerancias;Sospecha de intolerancia a lactosa;Molestias tras lácteos que requieren evaluación y prueba estructurada.;adultos;digestiva;medio;NUT2_SRC014;Registro digestivo;Anotar alimentos, síntomas, horarios, estrés, sueño y deposiciones.;medio;digestiva;Registro de síntomas post-comida;Anotar comida, síntomas, intensidad y tiempo de aparición.;Ayudar evaluación digestiva.;medio;7 días;digestiva;media;Adaptar a historia clínica declarada, medicación, analíticas, cultura, economía, preferencias, etapa vital, riesgo de TCA y competencias profesionales. Derivar si hay señales de alarma.
Digestivo e intolerancias;Sospecha de intolerancia a lactosa;Molestias tras lácteos que requieren evaluación y prueba estructurada.;adultos;digestiva;medio;NUT2_SRC014;Ajuste gradual de fibra;Subir fibra progresivamente y acompañar hidratación.;bajo;digestiva;Subida gradual de fibra;Añadir fibra poco a poco y revisar tolerancia.;Mejorar tránsito sin empeorar síntomas.;bajo;2-4 semanas;digestiva;media;Adaptar a historia clínica declarada, medicación, analíticas, cultura, economía, preferencias, etapa vital, riesgo de TCA y competencias profesionales. Derivar si hay señales de alarma.
Digestivo e intolerancias;Sospecha de intolerancia a lactosa;Molestias tras lácteos que requieren evaluación y prueba estructurada.;adultos;digestiva;medio;NUT2_SRC014;Ajuste gradual de fibra;Subir fibra progresivamente y acompañar hidratación.;bajo;digestiva;Revisión de fibra por tolerancia;Ajustar tipo/cantidad de fibra según síntomas digestivos.;Personalizar digestivo.;medio;semanal;digestiva;media;Adaptar a historia clínica declarada, medicación, analíticas, cultura, economía, preferencias, etapa vital, riesgo de TCA y competencias profesionales. Derivar si hay señales de alarma.
Digestivo e intolerancias;Sospecha de intolerancia a lactosa;Molestias tras lácteos que requieren evaluación y prueba estructurada.;adultos;digestiva;medio;NUT2_SRC014;Protocolo de eliminación/reintroducción supervisado;Eliminar solo lo necesario y reintroducir de forma estructurada.;medio;digestiva;Prueba estructurada de tolerancia;Eliminar/reintroducir solo bajo criterio profesional y con registro.;Identificar tolerancias.;medio;variable;digestiva;media;Adaptar a historia clínica declarada, medicación, analíticas, cultura, economía, preferencias, etapa vital, riesgo de TCA y competencias profesionales. Derivar si hay señales de alarma.
Digestivo e intolerancias;Sospecha de intolerancia a lactosa;Molestias tras lácteos que requieren evaluación y prueba estructurada.;adultos;digestiva;medio;NUT2_SRC014;Educación sin gluten segura;Explicar gluten, contaminación cruzada y alternativas si hay celiaquía diagnosticada.;alto;dieta_especial;Checklist sin gluten seguro;Revisar etiqueta, contaminación cruzada y utensilios si celiaquía confirmada.;Aumentar seguridad alimentaria.;alto;semanal;dieta_especial;alta;Adaptar a historia clínica declarada, medicación, analíticas, cultura, economía, preferencias, etapa vital, riesgo de TCA y competencias profesionales. Derivar si hay señales de alarma.
Digestivo e intolerancias;Sospecha de intolerancia a lactosa;Molestias tras lácteos que requieren evaluación y prueba estructurada.;adultos;digestiva;medio;NUT2_SRC014;Plan de hidratación;Definir meta de agua y estrategias según clima, actividad y preferencias.;bajo;hábitos;Plan de hidratación;Definir botella/meta y momentos fijos de agua.;Mejorar hidratación.;bajo;diario;hábitos;media;Adaptar a historia clínica declarada, medicación, analíticas, cultura, economía, preferencias, etapa vital, riesgo de TCA y competencias profesionales. Derivar si hay señales de alarma.
Digestivo e intolerancias;Sospecha de intolerancia a lactosa;Molestias tras lácteos que requieren evaluación y prueba estructurada.;adultos;digestiva;medio;NUT2_SRC014;Señales de derivación nutricional/médica;Identificar pérdida involuntaria, síntomas, analíticas alteradas, TCA, embarazo o enfermedad.;alto;seguridad;Plan de derivación nutricional/médica;Identificar señal de alarma y profesional de referencia.;Aumentar seguridad.;alto;si aparece;seguridad;alta;Adaptar a historia clínica declarada, medicación, analíticas, cultura, economía, preferencias, etapa vital, riesgo de TCA y competencias profesionales. Derivar si hay señales de alarma.
Digestivo e intolerancias;Sospecha de intolerancia a lactosa;Molestias tras lácteos que requieren evaluación y prueba estructurada.;adultos;digestiva;medio;NUT2_SRC014;Señales de derivación nutricional/médica;Identificar pérdida involuntaria, síntomas, analíticas alteradas, TCA, embarazo o enfermedad.;alto;seguridad;Revisión de analítica/diagnóstico referido;Registrar dato aportado y recomendar coordinación con sanitario si hay patología.;No invadir ámbito médico.;alto;según caso;seguridad;alta;Adaptar a historia clínica declarada, medicación, analíticas, cultura, economía, preferencias, etapa vital, riesgo de TCA y competencias profesionales. Derivar si hay señales de alarma.
Digestivo e intolerancias;Sospecha de sensibilidad digestiva a FODMAP;Síntomas compatibles que requieren supervisión dietética.;adultos;digestiva;medio;NUT2_SRC017;Registro digestivo;Anotar alimentos, síntomas, horarios, estrés, sueño y deposiciones.;medio;digestiva;Registro digestivo 7 días;Anotar alimentos, síntomas, deposiciones, estrés y sueño.;Detectar patrones digestivos.;medio;7 días;digestiva;media;Adaptar a historia clínica declarada, medicación, analíticas, cultura, economía, preferencias, etapa vital, riesgo de TCA y competencias profesionales. Derivar si hay señales de alarma.
Digestivo e intolerancias;Sospecha de sensibilidad digestiva a FODMAP;Síntomas compatibles que requieren supervisión dietética.;adultos;digestiva;medio;NUT2_SRC017;Registro digestivo;Anotar alimentos, síntomas, horarios, estrés, sueño y deposiciones.;medio;digestiva;Registro de síntomas post-comida;Anotar comida, síntomas, intensidad y tiempo de aparición.;Ayudar evaluación digestiva.;medio;7 días;digestiva;media;Adaptar a historia clínica declarada, medicación, analíticas, cultura, economía, preferencias, etapa vital, riesgo de TCA y competencias profesionales. Derivar si hay señales de alarma.
Digestivo e intolerancias;Sospecha de sensibilidad digestiva a FODMAP;Síntomas compatibles que requieren supervisión dietética.;adultos;digestiva;medio;NUT2_SRC017;Ajuste gradual de fibra;Subir fibra progresivamente y acompañar hidratación.;bajo;digestiva;Subida gradual de fibra;Añadir fibra poco a poco y revisar tolerancia.;Mejorar tránsito sin empeorar síntomas.;bajo;2-4 semanas;digestiva;media;Adaptar a historia clínica declarada, medicación, analíticas, cultura, economía, preferencias, etapa vital, riesgo de TCA y competencias profesionales. Derivar si hay señales de alarma.
Digestivo e intolerancias;Sospecha de sensibilidad digestiva a FODMAP;Síntomas compatibles que requieren supervisión dietética.;adultos;digestiva;medio;NUT2_SRC017;Ajuste gradual de fibra;Subir fibra progresivamente y acompañar hidratación.;bajo;digestiva;Revisión de fibra por tolerancia;Ajustar tipo/cantidad de fibra según síntomas digestivos.;Personalizar digestivo.;medio;semanal;digestiva;media;Adaptar a historia clínica declarada, medicación, analíticas, cultura, economía, preferencias, etapa vital, riesgo de TCA y competencias profesionales. Derivar si hay señales de alarma.
Digestivo e intolerancias;Sospecha de sensibilidad digestiva a FODMAP;Síntomas compatibles que requieren supervisión dietética.;adultos;digestiva;medio;NUT2_SRC017;Protocolo de eliminación/reintroducción supervisado;Eliminar solo lo necesario y reintroducir de forma estructurada.;medio;digestiva;Prueba estructurada de tolerancia;Eliminar/reintroducir solo bajo criterio profesional y con registro.;Identificar tolerancias.;medio;variable;digestiva;media;Adaptar a historia clínica declarada, medicación, analíticas, cultura, economía, preferencias, etapa vital, riesgo de TCA y competencias profesionales. Derivar si hay señales de alarma.
Digestivo e intolerancias;Sospecha de sensibilidad digestiva a FODMAP;Síntomas compatibles que requieren supervisión dietética.;adultos;digestiva;medio;NUT2_SRC017;Educación sin gluten segura;Explicar gluten, contaminación cruzada y alternativas si hay celiaquía diagnosticada.;alto;dieta_especial;Checklist sin gluten seguro;Revisar etiqueta, contaminación cruzada y utensilios si celiaquía confirmada.;Aumentar seguridad alimentaria.;alto;semanal;dieta_especial;alta;Adaptar a historia clínica declarada, medicación, analíticas, cultura, economía, preferencias, etapa vital, riesgo de TCA y competencias profesionales. Derivar si hay señales de alarma.
Digestivo e intolerancias;Sospecha de sensibilidad digestiva a FODMAP;Síntomas compatibles que requieren supervisión dietética.;adultos;digestiva;medio;NUT2_SRC017;Plan de hidratación;Definir meta de agua y estrategias según clima, actividad y preferencias.;bajo;hábitos;Plan de hidratación;Definir botella/meta y momentos fijos de agua.;Mejorar hidratación.;bajo;diario;hábitos;media;Adaptar a historia clínica declarada, medicación, analíticas, cultura, economía, preferencias, etapa vital, riesgo de TCA y competencias profesionales. Derivar si hay señales de alarma.
Digestivo e intolerancias;Sospecha de sensibilidad digestiva a FODMAP;Síntomas compatibles que requieren supervisión dietética.;adultos;digestiva;medio;NUT2_SRC017;Señales de derivación nutricional/médica;Identificar pérdida involuntaria, síntomas, analíticas alteradas, TCA, embarazo o enfermedad.;alto;seguridad;Plan de derivación nutricional/médica;Identificar señal de alarma y profesional de referencia.;Aumentar seguridad.;alto;si aparece;seguridad;alta;Adaptar a historia clínica declarada, medicación, analíticas, cultura, economía, preferencias, etapa vital, riesgo de TCA y competencias profesionales. Derivar si hay señales de alarma.
Digestivo e intolerancias;Sospecha de sensibilidad digestiva a FODMAP;Síntomas compatibles que requieren supervisión dietética.;adultos;digestiva;medio;NUT2_SRC017;Señales de derivación nutricional/médica;Identificar pérdida involuntaria, síntomas, analíticas alteradas, TCA, embarazo o enfermedad.;alto;seguridad;Revisión de analítica/diagnóstico referido;Registrar dato aportado y recomendar coordinación con sanitario si hay patología.;No invadir ámbito médico.;alto;según caso;seguridad;alta;Adaptar a historia clínica declarada, medicación, analíticas, cultura, economía, preferencias, etapa vital, riesgo de TCA y competencias profesionales. Derivar si hay señales de alarma.
Digestivo e intolerancias;Celiaquía diagnosticada / dieta sin gluten;Necesidad de adherencia estricta y prevención de contaminación cruzada.;adultos/niños;digestiva;alto;NUT2_SRC018;Registro digestivo;Anotar alimentos, síntomas, horarios, estrés, sueño y deposiciones.;medio;digestiva;Registro digestivo 7 días;Anotar alimentos, síntomas, deposiciones, estrés y sueño.;Detectar patrones digestivos.;medio;7 días;digestiva;media;Adaptar a historia clínica declarada, medicación, analíticas, cultura, economía, preferencias, etapa vital, riesgo de TCA y competencias profesionales. Derivar si hay señales de alarma.
Digestivo e intolerancias;Celiaquía diagnosticada / dieta sin gluten;Necesidad de adherencia estricta y prevención de contaminación cruzada.;adultos/niños;digestiva;alto;NUT2_SRC018;Registro digestivo;Anotar alimentos, síntomas, horarios, estrés, sueño y deposiciones.;medio;digestiva;Registro de síntomas post-comida;Anotar comida, síntomas, intensidad y tiempo de aparición.;Ayudar evaluación digestiva.;medio;7 días;digestiva;media;Adaptar a historia clínica declarada, medicación, analíticas, cultura, economía, preferencias, etapa vital, riesgo de TCA y competencias profesionales. Derivar si hay señales de alarma.
Digestivo e intolerancias;Celiaquía diagnosticada / dieta sin gluten;Necesidad de adherencia estricta y prevención de contaminación cruzada.;adultos/niños;digestiva;alto;NUT2_SRC018;Ajuste gradual de fibra;Subir fibra progresivamente y acompañar hidratación.;bajo;digestiva;Subida gradual de fibra;Añadir fibra poco a poco y revisar tolerancia.;Mejorar tránsito sin empeorar síntomas.;bajo;2-4 semanas;digestiva;media;Adaptar a historia clínica declarada, medicación, analíticas, cultura, economía, preferencias, etapa vital, riesgo de TCA y competencias profesionales. Derivar si hay señales de alarma.
Digestivo e intolerancias;Celiaquía diagnosticada / dieta sin gluten;Necesidad de adherencia estricta y prevención de contaminación cruzada.;adultos/niños;digestiva;alto;NUT2_SRC018;Ajuste gradual de fibra;Subir fibra progresivamente y acompañar hidratación.;bajo;digestiva;Revisión de fibra por tolerancia;Ajustar tipo/cantidad de fibra según síntomas digestivos.;Personalizar digestivo.;medio;semanal;digestiva;media;Adaptar a historia clínica declarada, medicación, analíticas, cultura, economía, preferencias, etapa vital, riesgo de TCA y competencias profesionales. Derivar si hay señales de alarma.
Digestivo e intolerancias;Celiaquía diagnosticada / dieta sin gluten;Necesidad de adherencia estricta y prevención de contaminación cruzada.;adultos/niños;digestiva;alto;NUT2_SRC018;Protocolo de eliminación/reintroducción supervisado;Eliminar solo lo necesario y reintroducir de forma estructurada.;medio;digestiva;Prueba estructurada de tolerancia;Eliminar/reintroducir solo bajo criterio profesional y con registro.;Identificar tolerancias.;medio;variable;digestiva;media;Adaptar a historia clínica declarada, medicación, analíticas, cultura, economía, preferencias, etapa vital, riesgo de TCA y competencias profesionales. Derivar si hay señales de alarma.
Digestivo e intolerancias;Celiaquía diagnosticada / dieta sin gluten;Necesidad de adherencia estricta y prevención de contaminación cruzada.;adultos/niños;digestiva;alto;NUT2_SRC018;Educación sin gluten segura;Explicar gluten, contaminación cruzada y alternativas si hay celiaquía diagnosticada.;alto;dieta_especial;Checklist sin gluten seguro;Revisar etiqueta, contaminación cruzada y utensilios si celiaquía confirmada.;Aumentar seguridad alimentaria.;alto;semanal;dieta_especial;alta;Adaptar a historia clínica declarada, medicación, analíticas, cultura, economía, preferencias, etapa vital, riesgo de TCA y competencias profesionales. Derivar si hay señales de alarma.
Digestivo e intolerancias;Celiaquía diagnosticada / dieta sin gluten;Necesidad de adherencia estricta y prevención de contaminación cruzada.;adultos/niños;digestiva;alto;NUT2_SRC018;Plan de hidratación;Definir meta de agua y estrategias según clima, actividad y preferencias.;bajo;hábitos;Plan de hidratación;Definir botella/meta y momentos fijos de agua.;Mejorar hidratación.;bajo;diario;hábitos;media;Adaptar a historia clínica declarada, medicación, analíticas, cultura, economía, preferencias, etapa vital, riesgo de TCA y competencias profesionales. Derivar si hay señales de alarma.
Digestivo e intolerancias;Celiaquía diagnosticada / dieta sin gluten;Necesidad de adherencia estricta y prevención de contaminación cruzada.;adultos/niños;digestiva;alto;NUT2_SRC018;Señales de derivación nutricional/médica;Identificar pérdida involuntaria, síntomas, analíticas alteradas, TCA, embarazo o enfermedad.;alto;seguridad;Plan de derivación nutricional/médica;Identificar señal de alarma y profesional de referencia.;Aumentar seguridad.;alto;si aparece;seguridad;alta;Adaptar a historia clínica declarada, medicación, analíticas, cultura, economía, preferencias, etapa vital, riesgo de TCA y competencias profesionales. Derivar si hay señales de alarma.
Digestivo e intolerancias;Celiaquía diagnosticada / dieta sin gluten;Necesidad de adherencia estricta y prevención de contaminación cruzada.;adultos/niños;digestiva;alto;NUT2_SRC018;Señales de derivación nutricional/médica;Identificar pérdida involuntaria, síntomas, analíticas alteradas, TCA, embarazo o enfermedad.;alto;seguridad;Revisión de analítica/diagnóstico referido;Registrar dato aportado y recomendar coordinación con sanitario si hay patología.;No invadir ámbito médico.;alto;según caso;seguridad;alta;Adaptar a historia clínica declarada, medicación, analíticas, cultura, economía, preferencias, etapa vital, riesgo de TCA y competencias profesionales. Derivar si hay señales de alarma.
Digestivo e intolerancias;Reintroducción alimentaria estructurada;Necesidad de identificar tolerancias sin restricciones innecesarias.;adultos;digestiva;medio;"NUT2_SRC017;NUT2_SRC014";Registro digestivo;Anotar alimentos, síntomas, horarios, estrés, sueño y deposiciones.;medio;digestiva;Registro digestivo 7 días;Anotar alimentos, síntomas, deposiciones, estrés y sueño.;Detectar patrones digestivos.;medio;7 días;digestiva;media;Adaptar a historia clínica declarada, medicación, analíticas, cultura, economía, preferencias, etapa vital, riesgo de TCA y competencias profesionales. Derivar si hay señales de alarma.
Digestivo e intolerancias;Reintroducción alimentaria estructurada;Necesidad de identificar tolerancias sin restricciones innecesarias.;adultos;digestiva;medio;"NUT2_SRC017;NUT2_SRC014";Registro digestivo;Anotar alimentos, síntomas, horarios, estrés, sueño y deposiciones.;medio;digestiva;Registro de síntomas post-comida;Anotar comida, síntomas, intensidad y tiempo de aparición.;Ayudar evaluación digestiva.;medio;7 días;digestiva;media;Adaptar a historia clínica declarada, medicación, analíticas, cultura, economía, preferencias, etapa vital, riesgo de TCA y competencias profesionales. Derivar si hay señales de alarma.
Digestivo e intolerancias;Reintroducción alimentaria estructurada;Necesidad de identificar tolerancias sin restricciones innecesarias.;adultos;digestiva;medio;"NUT2_SRC017;NUT2_SRC014";Ajuste gradual de fibra;Subir fibra progresivamente y acompañar hidratación.;bajo;digestiva;Subida gradual de fibra;Añadir fibra poco a poco y revisar tolerancia.;Mejorar tránsito sin empeorar síntomas.;bajo;2-4 semanas;digestiva;media;Adaptar a historia clínica declarada, medicación, analíticas, cultura, economía, preferencias, etapa vital, riesgo de TCA y competencias profesionales. Derivar si hay señales de alarma.
Digestivo e intolerancias;Reintroducción alimentaria estructurada;Necesidad de identificar tolerancias sin restricciones innecesarias.;adultos;digestiva;medio;"NUT2_SRC017;NUT2_SRC014";Ajuste gradual de fibra;Subir fibra progresivamente y acompañar hidratación.;bajo;digestiva;Revisión de fibra por tolerancia;Ajustar tipo/cantidad de fibra según síntomas digestivos.;Personalizar digestivo.;medio;semanal;digestiva;media;Adaptar a historia clínica declarada, medicación, analíticas, cultura, economía, preferencias, etapa vital, riesgo de TCA y competencias profesionales. Derivar si hay señales de alarma.
Digestivo e intolerancias;Reintroducción alimentaria estructurada;Necesidad de identificar tolerancias sin restricciones innecesarias.;adultos;digestiva;medio;"NUT2_SRC017;NUT2_SRC014";Protocolo de eliminación/reintroducción supervisado;Eliminar solo lo necesario y reintroducir de forma estructurada.;medio;digestiva;Prueba estructurada de tolerancia;Eliminar/reintroducir solo bajo criterio profesional y con registro.;Identificar tolerancias.;medio;variable;digestiva;media;Adaptar a historia clínica declarada, medicación, analíticas, cultura, economía, preferencias, etapa vital, riesgo de TCA y competencias profesionales. Derivar si hay señales de alarma.
Digestivo e intolerancias;Reintroducción alimentaria estructurada;Necesidad de identificar tolerancias sin restricciones innecesarias.;adultos;digestiva;medio;"NUT2_SRC017;NUT2_SRC014";Educación sin gluten segura;Explicar gluten, contaminación cruzada y alternativas si hay celiaquía diagnosticada.;alto;dieta_especial;Checklist sin gluten seguro;Revisar etiqueta, contaminación cruzada y utensilios si celiaquía confirmada.;Aumentar seguridad alimentaria.;alto;semanal;dieta_especial;alta;Adaptar a historia clínica declarada, medicación, analíticas, cultura, economía, preferencias, etapa vital, riesgo de TCA y competencias profesionales. Derivar si hay señales de alarma.
Digestivo e intolerancias;Reintroducción alimentaria estructurada;Necesidad de identificar tolerancias sin restricciones innecesarias.;adultos;digestiva;medio;"NUT2_SRC017;NUT2_SRC014";Plan de hidratación;Definir meta de agua y estrategias según clima, actividad y preferencias.;bajo;hábitos;Plan de hidratación;Definir botella/meta y momentos fijos de agua.;Mejorar hidratación.;bajo;diario;hábitos;media;Adaptar a historia clínica declarada, medicación, analíticas, cultura, economía, preferencias, etapa vital, riesgo de TCA y competencias profesionales. Derivar si hay señales de alarma.
Digestivo e intolerancias;Reintroducción alimentaria estructurada;Necesidad de identificar tolerancias sin restricciones innecesarias.;adultos;digestiva;medio;"NUT2_SRC017;NUT2_SRC014";Señales de derivación nutricional/médica;Identificar pérdida involuntaria, síntomas, analíticas alteradas, TCA, embarazo o enfermedad.;alto;seguridad;Plan de derivación nutricional/médica;Identificar señal de alarma y profesional de referencia.;Aumentar seguridad.;alto;si aparece;seguridad;alta;Adaptar a historia clínica declarada, medicación, analíticas, cultura, economía, preferencias, etapa vital, riesgo de TCA y competencias profesionales. Derivar si hay señales de alarma.
Digestivo e intolerancias;Reintroducción alimentaria estructurada;Necesidad de identificar tolerancias sin restricciones innecesarias.;adultos;digestiva;medio;"NUT2_SRC017;NUT2_SRC014";Señales de derivación nutricional/médica;Identificar pérdida involuntaria, síntomas, analíticas alteradas, TCA, embarazo o enfermedad.;alto;seguridad;Revisión de analítica/diagnóstico referido;Registrar dato aportado y recomendar coordinación con sanitario si hay patología.;No invadir ámbito médico.;alto;según caso;seguridad;alta;Adaptar a historia clínica declarada, medicación, analíticas, cultura, economía, preferencias, etapa vital, riesgo de TCA y competencias profesionales. Derivar si hay señales de alarma.
Relación con la comida;Comer emocional;Ingestas asociadas a estrés, tristeza, ansiedad o aburrimiento.;adultos;conductual;medio;"NUT2_SRC014;NUT2_SRC004";Alimentación consciente;Observar hambre, saciedad, velocidad, emoción y satisfacción sin juicio.;bajo;conductual;Pausa consciente antes de comer;Parar 1 minuto y decidir si hay hambre física, emocional o ambas.;Reducir automatismos.;bajo;diario;conductual;media;Adaptar a historia clínica declarada, medicación, analíticas, cultura, economía, preferencias, etapa vital, riesgo de TCA y competencias profesionales. Derivar si hay señales de alarma.
Relación con la comida;Comer emocional;Ingestas asociadas a estrés, tristeza, ansiedad o aburrimiento.;adultos;conductual;medio;"NUT2_SRC014;NUT2_SRC004";Registro de hambre-saciedad-emoción;Anotar hambre 0-10, emoción, contexto y respuesta.;bajo;conductual;Registro hambre-saciedad;Valorar hambre/saciedad 0-10 antes y después de comer.;Mejorar conciencia alimentaria.;bajo;7 días;conductual;media;Adaptar a historia clínica declarada, medicación, analíticas, cultura, economía, preferencias, etapa vital, riesgo de TCA y competencias profesionales. Derivar si hay señales de alarma.
Relación con la comida;Comer emocional;Ingestas asociadas a estrés, tristeza, ansiedad o aburrimiento.;adultos;conductual;medio;"NUT2_SRC014;NUT2_SRC004";Flexibilidad alimentaria;Reducir pensamiento todo/nada e incluir elecciones disfrutables dentro del plan.;bajo;conductual;Registro de culpa alimentaria;Anotar alimento, pensamiento, emoción y respuesta flexible.;Reducir culpa y rigidez.;medio;7 días;conductual;media;Adaptar a historia clínica declarada, medicación, analíticas, cultura, economía, preferencias, etapa vital, riesgo de TCA y competencias profesionales. Derivar si hay señales de alarma.
Relación con la comida;Comer emocional;Ingestas asociadas a estrés, tristeza, ansiedad o aburrimiento.;adultos;conductual;medio;"NUT2_SRC014;NUT2_SRC004";Flexibilidad alimentaria;Reducir pensamiento todo/nada e incluir elecciones disfrutables dentro del plan.;bajo;conductual;Comida flexible planificada;Incluir un alimento placentero en cantidad acordada sin compensación.;Reducir todo/nada.;bajo;semanal;conductual;media;Adaptar a historia clínica declarada, medicación, analíticas, cultura, economía, preferencias, etapa vital, riesgo de TCA y competencias profesionales. Derivar si hay señales de alarma.
Relación con la comida;Comer emocional;Ingestas asociadas a estrés, tristeza, ansiedad o aburrimiento.;adultos;conductual;medio;"NUT2_SRC014;NUT2_SRC004";Flexibilidad alimentaria;Reducir pensamiento todo/nada e incluir elecciones disfrutables dentro del plan.;bajo;conductual;Revisión de alimentos tabú;Elegir un alimento evitado y trabajarlo con exposición flexible si procede.;Reducir rigidez.;medio;supervisado;conductual;media;Adaptar a historia clínica declarada, medicación, analíticas, cultura, economía, preferencias, etapa vital, riesgo de TCA y competencias profesionales. Derivar si hay señales de alarma.
Relación con la comida;Comer emocional;Ingestas asociadas a estrés, tristeza, ansiedad o aburrimiento.;adultos;conductual;medio;"NUT2_SRC014;NUT2_SRC004";Flexibilidad alimentaria;Reducir pensamiento todo/nada e incluir elecciones disfrutables dentro del plan.;bajo;conductual;Plan de comidas sociales;Preparar estrategia de flexibilidad: elegir prioridades, disfrutar y volver normal.;Reducir miedo a eventos.;bajo;antes de evento;conductual;media;Adaptar a historia clínica declarada, medicación, analíticas, cultura, economía, preferencias, etapa vital, riesgo de TCA y competencias profesionales. Derivar si hay señales de alarma.
Relación con la comida;Comer emocional;Ingestas asociadas a estrés, tristeza, ansiedad o aburrimiento.;adultos;conductual;medio;"NUT2_SRC014;NUT2_SRC004";Plan de comidas emocionales;Diferenciar hambre física/emocional y crear alternativas de regulación.;medio;conductual;Plan alternativo al comer emocional;Elegir 3 acciones de regulación antes de comer por emoción, sin prohibir.;Aumentar opciones.;medio;cuando proceda;conductual;media;Adaptar a historia clínica declarada, medicación, analíticas, cultura, economía, preferencias, etapa vital, riesgo de TCA y competencias profesionales. Derivar si hay señales de alarma.
Relación con la comida;Comer emocional;Ingestas asociadas a estrés, tristeza, ansiedad o aburrimiento.;adultos;conductual;medio;"NUT2_SRC014;NUT2_SRC004";Cribado de TCA y derivación;Detectar señales de trastorno alimentario o riesgo y derivar.;alto;seguridad;Cribado de señales TCA;Revisar pérdida control, purgas, restricción extrema, miedo intenso y derivación.;Detectar riesgo.;alto;si procede;seguridad;alta;Adaptar a historia clínica declarada, medicación, analíticas, cultura, economía, preferencias, etapa vital, riesgo de TCA y competencias profesionales. Derivar si hay señales de alarma.
Relación con la comida;Comer emocional;Ingestas asociadas a estrés, tristeza, ansiedad o aburrimiento.;adultos;conductual;medio;"NUT2_SRC014;NUT2_SRC004";Entrevista motivacional nutricional;Explorar ambivalencia, autonomía, barreras y pequeños compromisos.;bajo;conductual;Entrevista de barreras;Listar barreras, nivel de confianza y solución pequeña.;Mejorar adherencia.;bajo;semanal;conductual;media;Adaptar a historia clínica declarada, medicación, analíticas, cultura, economía, preferencias, etapa vital, riesgo de TCA y competencias profesionales. Derivar si hay señales de alarma.
Relación con la comida;Comer emocional;Ingestas asociadas a estrés, tristeza, ansiedad o aburrimiento.;adultos;conductual;medio;"NUT2_SRC014;NUT2_SRC004";Seguimiento de adherencia;Medir cumplimiento de hábitos, barreras y ajustes sin culpabilizar.;bajo;seguimiento;Seguimiento de adherencia semanal;Marcar hábitos cumplidos, barreras y ajustes.;Ajustar sin culpabilizar.;bajo;semanal;seguimiento;media;Adaptar a historia clínica declarada, medicación, analíticas, cultura, economía, preferencias, etapa vital, riesgo de TCA y competencias profesionales. Derivar si hay señales de alarma.
Relación con la comida;Comer emocional;Ingestas asociadas a estrés, tristeza, ansiedad o aburrimiento.;adultos;conductual;medio;"NUT2_SRC014;NUT2_SRC004";Seguimiento de adherencia;Medir cumplimiento de hábitos, barreras y ajustes sin culpabilizar.;bajo;seguimiento;Diario de energía y sueño;Registrar energía, sueño, hambre y rendimiento.;Relacionar recuperación y alimentación.;bajo;7 días;seguimiento;media;Adaptar a historia clínica declarada, medicación, analíticas, cultura, economía, preferencias, etapa vital, riesgo de TCA y competencias profesionales. Derivar si hay señales de alarma.
Relación con la comida;Ansiedad por comida;Preocupación recurrente por comida, control, hambre o elección alimentaria.;adultos;conductual;medio;NUT2_SRC014;Alimentación consciente;Observar hambre, saciedad, velocidad, emoción y satisfacción sin juicio.;bajo;conductual;Pausa consciente antes de comer;Parar 1 minuto y decidir si hay hambre física, emocional o ambas.;Reducir automatismos.;bajo;diario;conductual;media;Adaptar a historia clínica declarada, medicación, analíticas, cultura, economía, preferencias, etapa vital, riesgo de TCA y competencias profesionales. Derivar si hay señales de alarma.
Relación con la comida;Ansiedad por comida;Preocupación recurrente por comida, control, hambre o elección alimentaria.;adultos;conductual;medio;NUT2_SRC014;Registro de hambre-saciedad-emoción;Anotar hambre 0-10, emoción, contexto y respuesta.;bajo;conductual;Registro hambre-saciedad;Valorar hambre/saciedad 0-10 antes y después de comer.;Mejorar conciencia alimentaria.;bajo;7 días;conductual;media;Adaptar a historia clínica declarada, medicación, analíticas, cultura, economía, preferencias, etapa vital, riesgo de TCA y competencias profesionales. Derivar si hay señales de alarma.
Relación con la comida;Ansiedad por comida;Preocupación recurrente por comida, control, hambre o elección alimentaria.;adultos;conductual;medio;NUT2_SRC014;Flexibilidad alimentaria;Reducir pensamiento todo/nada e incluir elecciones disfrutables dentro del plan.;bajo;conductual;Registro de culpa alimentaria;Anotar alimento, pensamiento, emoción y respuesta flexible.;Reducir culpa y rigidez.;medio;7 días;conductual;media;Adaptar a historia clínica declarada, medicación, analíticas, cultura, economía, preferencias, etapa vital, riesgo de TCA y competencias profesionales. Derivar si hay señales de alarma.
Relación con la comida;Ansiedad por comida;Preocupación recurrente por comida, control, hambre o elección alimentaria.;adultos;conductual;medio;NUT2_SRC014;Flexibilidad alimentaria;Reducir pensamiento todo/nada e incluir elecciones disfrutables dentro del plan.;bajo;conductual;Comida flexible planificada;Incluir un alimento placentero en cantidad acordada sin compensación.;Reducir todo/nada.;bajo;semanal;conductual;media;Adaptar a historia clínica declarada, medicación, analíticas, cultura, economía, preferencias, etapa vital, riesgo de TCA y competencias profesionales. Derivar si hay señales de alarma.
Relación con la comida;Ansiedad por comida;Preocupación recurrente por comida, control, hambre o elección alimentaria.;adultos;conductual;medio;NUT2_SRC014;Flexibilidad alimentaria;Reducir pensamiento todo/nada e incluir elecciones disfrutables dentro del plan.;bajo;conductual;Revisión de alimentos tabú;Elegir un alimento evitado y trabajarlo con exposición flexible si procede.;Reducir rigidez.;medio;supervisado;conductual;media;Adaptar a historia clínica declarada, medicación, analíticas, cultura, economía, preferencias, etapa vital, riesgo de TCA y competencias profesionales. Derivar si hay señales de alarma.
Relación con la comida;Ansiedad por comida;Preocupación recurrente por comida, control, hambre o elección alimentaria.;adultos;conductual;medio;NUT2_SRC014;Flexibilidad alimentaria;Reducir pensamiento todo/nada e incluir elecciones disfrutables dentro del plan.;bajo;conductual;Plan de comidas sociales;Preparar estrategia de flexibilidad: elegir prioridades, disfrutar y volver normal.;Reducir miedo a eventos.;bajo;antes de evento;conductual;media;Adaptar a historia clínica declarada, medicación, analíticas, cultura, economía, preferencias, etapa vital, riesgo de TCA y competencias profesionales. Derivar si hay señales de alarma.
Relación con la comida;Ansiedad por comida;Preocupación recurrente por comida, control, hambre o elección alimentaria.;adultos;conductual;medio;NUT2_SRC014;Plan de comidas emocionales;Diferenciar hambre física/emocional y crear alternativas de regulación.;medio;conductual;Plan alternativo al comer emocional;Elegir 3 acciones de regulación antes de comer por emoción, sin prohibir.;Aumentar opciones.;medio;cuando proceda;conductual;media;Adaptar a historia clínica declarada, medicación, analíticas, cultura, economía, preferencias, etapa vital, riesgo de TCA y competencias profesionales. Derivar si hay señales de alarma.
Relación con la comida;Ansiedad por comida;Preocupación recurrente por comida, control, hambre o elección alimentaria.;adultos;conductual;medio;NUT2_SRC014;Cribado de TCA y derivación;Detectar señales de trastorno alimentario o riesgo y derivar.;alto;seguridad;Cribado de señales TCA;Revisar pérdida control, purgas, restricción extrema, miedo intenso y derivación.;Detectar riesgo.;alto;si procede;seguridad;alta;Adaptar a historia clínica declarada, medicación, analíticas, cultura, economía, preferencias, etapa vital, riesgo de TCA y competencias profesionales. Derivar si hay señales de alarma.
Relación con la comida;Ansiedad por comida;Preocupación recurrente por comida, control, hambre o elección alimentaria.;adultos;conductual;medio;NUT2_SRC014;Entrevista motivacional nutricional;Explorar ambivalencia, autonomía, barreras y pequeños compromisos.;bajo;conductual;Entrevista de barreras;Listar barreras, nivel de confianza y solución pequeña.;Mejorar adherencia.;bajo;semanal;conductual;media;Adaptar a historia clínica declarada, medicación, analíticas, cultura, economía, preferencias, etapa vital, riesgo de TCA y competencias profesionales. Derivar si hay señales de alarma.
Relación con la comida;Ansiedad por comida;Preocupación recurrente por comida, control, hambre o elección alimentaria.;adultos;conductual;medio;NUT2_SRC014;Seguimiento de adherencia;Medir cumplimiento de hábitos, barreras y ajustes sin culpabilizar.;bajo;seguimiento;Seguimiento de adherencia semanal;Marcar hábitos cumplidos, barreras y ajustes.;Ajustar sin culpabilizar.;bajo;semanal;seguimiento;media;Adaptar a historia clínica declarada, medicación, analíticas, cultura, economía, preferencias, etapa vital, riesgo de TCA y competencias profesionales. Derivar si hay señales de alarma.
Relación con la comida;Ansiedad por comida;Preocupación recurrente por comida, control, hambre o elección alimentaria.;adultos;conductual;medio;NUT2_SRC014;Seguimiento de adherencia;Medir cumplimiento de hábitos, barreras y ajustes sin culpabilizar.;bajo;seguimiento;Diario de energía y sueño;Registrar energía, sueño, hambre y rendimiento.;Relacionar recuperación y alimentación.;bajo;7 días;seguimiento;media;Adaptar a historia clínica declarada, medicación, analíticas, cultura, economía, preferencias, etapa vital, riesgo de TCA y competencias profesionales. Derivar si hay señales de alarma.
Relación con la comida;Culpa tras comer;Malestar o autocrítica intensa tras comer ciertos alimentos.;adultos;conductual;medio;NUT2_SRC014;Alimentación consciente;Observar hambre, saciedad, velocidad, emoción y satisfacción sin juicio.;bajo;conductual;Pausa consciente antes de comer;Parar 1 minuto y decidir si hay hambre física, emocional o ambas.;Reducir automatismos.;bajo;diario;conductual;media;Adaptar a historia clínica declarada, medicación, analíticas, cultura, economía, preferencias, etapa vital, riesgo de TCA y competencias profesionales. Derivar si hay señales de alarma.
Relación con la comida;Culpa tras comer;Malestar o autocrítica intensa tras comer ciertos alimentos.;adultos;conductual;medio;NUT2_SRC014;Registro de hambre-saciedad-emoción;Anotar hambre 0-10, emoción, contexto y respuesta.;bajo;conductual;Registro hambre-saciedad;Valorar hambre/saciedad 0-10 antes y después de comer.;Mejorar conciencia alimentaria.;bajo;7 días;conductual;media;Adaptar a historia clínica declarada, medicación, analíticas, cultura, economía, preferencias, etapa vital, riesgo de TCA y competencias profesionales. Derivar si hay señales de alarma.
Relación con la comida;Culpa tras comer;Malestar o autocrítica intensa tras comer ciertos alimentos.;adultos;conductual;medio;NUT2_SRC014;Flexibilidad alimentaria;Reducir pensamiento todo/nada e incluir elecciones disfrutables dentro del plan.;bajo;conductual;Registro de culpa alimentaria;Anotar alimento, pensamiento, emoción y respuesta flexible.;Reducir culpa y rigidez.;medio;7 días;conductual;media;Adaptar a historia clínica declarada, medicación, analíticas, cultura, economía, preferencias, etapa vital, riesgo de TCA y competencias profesionales. Derivar si hay señales de alarma.
Relación con la comida;Culpa tras comer;Malestar o autocrítica intensa tras comer ciertos alimentos.;adultos;conductual;medio;NUT2_SRC014;Flexibilidad alimentaria;Reducir pensamiento todo/nada e incluir elecciones disfrutables dentro del plan.;bajo;conductual;Comida flexible planificada;Incluir un alimento placentero en cantidad acordada sin compensación.;Reducir todo/nada.;bajo;semanal;conductual;media;Adaptar a historia clínica declarada, medicación, analíticas, cultura, economía, preferencias, etapa vital, riesgo de TCA y competencias profesionales. Derivar si hay señales de alarma.
Relación con la comida;Culpa tras comer;Malestar o autocrítica intensa tras comer ciertos alimentos.;adultos;conductual;medio;NUT2_SRC014;Flexibilidad alimentaria;Reducir pensamiento todo/nada e incluir elecciones disfrutables dentro del plan.;bajo;conductual;Revisión de alimentos tabú;Elegir un alimento evitado y trabajarlo con exposición flexible si procede.;Reducir rigidez.;medio;supervisado;conductual;media;Adaptar a historia clínica declarada, medicación, analíticas, cultura, economía, preferencias, etapa vital, riesgo de TCA y competencias profesionales. Derivar si hay señales de alarma.
Relación con la comida;Culpa tras comer;Malestar o autocrítica intensa tras comer ciertos alimentos.;adultos;conductual;medio;NUT2_SRC014;Flexibilidad alimentaria;Reducir pensamiento todo/nada e incluir elecciones disfrutables dentro del plan.;bajo;conductual;Plan de comidas sociales;Preparar estrategia de flexibilidad: elegir prioridades, disfrutar y volver normal.;Reducir miedo a eventos.;bajo;antes de evento;conductual;media;Adaptar a historia clínica declarada, medicación, analíticas, cultura, economía, preferencias, etapa vital, riesgo de TCA y competencias profesionales. Derivar si hay señales de alarma.
Relación con la comida;Culpa tras comer;Malestar o autocrítica intensa tras comer ciertos alimentos.;adultos;conductual;medio;NUT2_SRC014;Plan de comidas emocionales;Diferenciar hambre física/emocional y crear alternativas de regulación.;medio;conductual;Plan alternativo al comer emocional;Elegir 3 acciones de regulación antes de comer por emoción, sin prohibir.;Aumentar opciones.;medio;cuando proceda;conductual;media;Adaptar a historia clínica declarada, medicación, analíticas, cultura, economía, preferencias, etapa vital, riesgo de TCA y competencias profesionales. Derivar si hay señales de alarma.
Relación con la comida;Culpa tras comer;Malestar o autocrítica intensa tras comer ciertos alimentos.;adultos;conductual;medio;NUT2_SRC014;Cribado de TCA y derivación;Detectar señales de trastorno alimentario o riesgo y derivar.;alto;seguridad;Cribado de señales TCA;Revisar pérdida control, purgas, restricción extrema, miedo intenso y derivación.;Detectar riesgo.;alto;si procede;seguridad;alta;Adaptar a historia clínica declarada, medicación, analíticas, cultura, economía, preferencias, etapa vital, riesgo de TCA y competencias profesionales. Derivar si hay señales de alarma.
Relación con la comida;Culpa tras comer;Malestar o autocrítica intensa tras comer ciertos alimentos.;adultos;conductual;medio;NUT2_SRC014;Entrevista motivacional nutricional;Explorar ambivalencia, autonomía, barreras y pequeños compromisos.;bajo;conductual;Entrevista de barreras;Listar barreras, nivel de confianza y solución pequeña.;Mejorar adherencia.;bajo;semanal;conductual;media;Adaptar a historia clínica declarada, medicación, analíticas, cultura, economía, preferencias, etapa vital, riesgo de TCA y competencias profesionales. Derivar si hay señales de alarma.
Relación con la comida;Culpa tras comer;Malestar o autocrítica intensa tras comer ciertos alimentos.;adultos;conductual;medio;NUT2_SRC014;Seguimiento de adherencia;Medir cumplimiento de hábitos, barreras y ajustes sin culpabilizar.;bajo;seguimiento;Seguimiento de adherencia semanal;Marcar hábitos cumplidos, barreras y ajustes.;Ajustar sin culpabilizar.;bajo;semanal;seguimiento;media;Adaptar a historia clínica declarada, medicación, analíticas, cultura, economía, preferencias, etapa vital, riesgo de TCA y competencias profesionales. Derivar si hay señales de alarma.
Relación con la comida;Culpa tras comer;Malestar o autocrítica intensa tras comer ciertos alimentos.;adultos;conductual;medio;NUT2_SRC014;Seguimiento de adherencia;Medir cumplimiento de hábitos, barreras y ajustes sin culpabilizar.;bajo;seguimiento;Diario de energía y sueño;Registrar energía, sueño, hambre y rendimiento.;Relacionar recuperación y alimentación.;bajo;7 días;seguimiento;media;Adaptar a historia clínica declarada, medicación, analíticas, cultura, economía, preferencias, etapa vital, riesgo de TCA y competencias profesionales. Derivar si hay señales de alarma.
Relación con la comida;Restricción excesiva;Eliminación rígida de alimentos o grupos sin indicación clara.;adultos;conductual;alto;NUT2_SRC014;Alimentación consciente;Observar hambre, saciedad, velocidad, emoción y satisfacción sin juicio.;bajo;conductual;Pausa consciente antes de comer;Parar 1 minuto y decidir si hay hambre física, emocional o ambas.;Reducir automatismos.;bajo;diario;conductual;media;Adaptar a historia clínica declarada, medicación, analíticas, cultura, economía, preferencias, etapa vital, riesgo de TCA y competencias profesionales. Derivar si hay señales de alarma.
Relación con la comida;Restricción excesiva;Eliminación rígida de alimentos o grupos sin indicación clara.;adultos;conductual;alto;NUT2_SRC014;Registro de hambre-saciedad-emoción;Anotar hambre 0-10, emoción, contexto y respuesta.;bajo;conductual;Registro hambre-saciedad;Valorar hambre/saciedad 0-10 antes y después de comer.;Mejorar conciencia alimentaria.;bajo;7 días;conductual;media;Adaptar a historia clínica declarada, medicación, analíticas, cultura, economía, preferencias, etapa vital, riesgo de TCA y competencias profesionales. Derivar si hay señales de alarma.
Relación con la comida;Restricción excesiva;Eliminación rígida de alimentos o grupos sin indicación clara.;adultos;conductual;alto;NUT2_SRC014;Flexibilidad alimentaria;Reducir pensamiento todo/nada e incluir elecciones disfrutables dentro del plan.;bajo;conductual;Registro de culpa alimentaria;Anotar alimento, pensamiento, emoción y respuesta flexible.;Reducir culpa y rigidez.;medio;7 días;conductual;media;Adaptar a historia clínica declarada, medicación, analíticas, cultura, economía, preferencias, etapa vital, riesgo de TCA y competencias profesionales. Derivar si hay señales de alarma.
Relación con la comida;Restricción excesiva;Eliminación rígida de alimentos o grupos sin indicación clara.;adultos;conductual;alto;NUT2_SRC014;Flexibilidad alimentaria;Reducir pensamiento todo/nada e incluir elecciones disfrutables dentro del plan.;bajo;conductual;Comida flexible planificada;Incluir un alimento placentero en cantidad acordada sin compensación.;Reducir todo/nada.;bajo;semanal;conductual;media;Adaptar a historia clínica declarada, medicación, analíticas, cultura, economía, preferencias, etapa vital, riesgo de TCA y competencias profesionales. Derivar si hay señales de alarma.
Relación con la comida;Restricción excesiva;Eliminación rígida de alimentos o grupos sin indicación clara.;adultos;conductual;alto;NUT2_SRC014;Flexibilidad alimentaria;Reducir pensamiento todo/nada e incluir elecciones disfrutables dentro del plan.;bajo;conductual;Revisión de alimentos tabú;Elegir un alimento evitado y trabajarlo con exposición flexible si procede.;Reducir rigidez.;medio;supervisado;conductual;media;Adaptar a historia clínica declarada, medicación, analíticas, cultura, economía, preferencias, etapa vital, riesgo de TCA y competencias profesionales. Derivar si hay señales de alarma.
Relación con la comida;Restricción excesiva;Eliminación rígida de alimentos o grupos sin indicación clara.;adultos;conductual;alto;NUT2_SRC014;Flexibilidad alimentaria;Reducir pensamiento todo/nada e incluir elecciones disfrutables dentro del plan.;bajo;conductual;Plan de comidas sociales;Preparar estrategia de flexibilidad: elegir prioridades, disfrutar y volver normal.;Reducir miedo a eventos.;bajo;antes de evento;conductual;media;Adaptar a historia clínica declarada, medicación, analíticas, cultura, economía, preferencias, etapa vital, riesgo de TCA y competencias profesionales. Derivar si hay señales de alarma.
Relación con la comida;Restricción excesiva;Eliminación rígida de alimentos o grupos sin indicación clara.;adultos;conductual;alto;NUT2_SRC014;Plan de comidas emocionales;Diferenciar hambre física/emocional y crear alternativas de regulación.;medio;conductual;Plan alternativo al comer emocional;Elegir 3 acciones de regulación antes de comer por emoción, sin prohibir.;Aumentar opciones.;medio;cuando proceda;conductual;media;Adaptar a historia clínica declarada, medicación, analíticas, cultura, economía, preferencias, etapa vital, riesgo de TCA y competencias profesionales. Derivar si hay señales de alarma.
Relación con la comida;Restricción excesiva;Eliminación rígida de alimentos o grupos sin indicación clara.;adultos;conductual;alto;NUT2_SRC014;Cribado de TCA y derivación;Detectar señales de trastorno alimentario o riesgo y derivar.;alto;seguridad;Cribado de señales TCA;Revisar pérdida control, purgas, restricción extrema, miedo intenso y derivación.;Detectar riesgo.;alto;si procede;seguridad;alta;Adaptar a historia clínica declarada, medicación, analíticas, cultura, economía, preferencias, etapa vital, riesgo de TCA y competencias profesionales. Derivar si hay señales de alarma.
Relación con la comida;Restricción excesiva;Eliminación rígida de alimentos o grupos sin indicación clara.;adultos;conductual;alto;NUT2_SRC014;Entrevista motivacional nutricional;Explorar ambivalencia, autonomía, barreras y pequeños compromisos.;bajo;conductual;Entrevista de barreras;Listar barreras, nivel de confianza y solución pequeña.;Mejorar adherencia.;bajo;semanal;conductual;media;Adaptar a historia clínica declarada, medicación, analíticas, cultura, economía, preferencias, etapa vital, riesgo de TCA y competencias profesionales. Derivar si hay señales de alarma.
Relación con la comida;Restricción excesiva;Eliminación rígida de alimentos o grupos sin indicación clara.;adultos;conductual;alto;NUT2_SRC014;Seguimiento de adherencia;Medir cumplimiento de hábitos, barreras y ajustes sin culpabilizar.;bajo;seguimiento;Seguimiento de adherencia semanal;Marcar hábitos cumplidos, barreras y ajustes.;Ajustar sin culpabilizar.;bajo;semanal;seguimiento;media;Adaptar a historia clínica declarada, medicación, analíticas, cultura, economía, preferencias, etapa vital, riesgo de TCA y competencias profesionales. Derivar si hay señales de alarma.
Relación con la comida;Restricción excesiva;Eliminación rígida de alimentos o grupos sin indicación clara.;adultos;conductual;alto;NUT2_SRC014;Seguimiento de adherencia;Medir cumplimiento de hábitos, barreras y ajustes sin culpabilizar.;bajo;seguimiento;Diario de energía y sueño;Registrar energía, sueño, hambre y rendimiento.;Relacionar recuperación y alimentación.;bajo;7 días;seguimiento;media;Adaptar a historia clínica declarada, medicación, analíticas, cultura, economía, preferencias, etapa vital, riesgo de TCA y competencias profesionales. Derivar si hay señales de alarma.
Relación con la comida;Atracones o pérdida de control referida;Episodios de ingesta con sensación de pérdida de control que requieren valoración especializada.;adultos;derivación;alto;NUT2_SRC014;Alimentación consciente;Observar hambre, saciedad, velocidad, emoción y satisfacción sin juicio.;bajo;conductual;Pausa consciente antes de comer;Parar 1 minuto y decidir si hay hambre física, emocional o ambas.;Reducir automatismos.;bajo;diario;conductual;media;Adaptar a historia clínica declarada, medicación, analíticas, cultura, economía, preferencias, etapa vital, riesgo de TCA y competencias profesionales. Derivar si hay señales de alarma.
Relación con la comida;Atracones o pérdida de control referida;Episodios de ingesta con sensación de pérdida de control que requieren valoración especializada.;adultos;derivación;alto;NUT2_SRC014;Registro de hambre-saciedad-emoción;Anotar hambre 0-10, emoción, contexto y respuesta.;bajo;conductual;Registro hambre-saciedad;Valorar hambre/saciedad 0-10 antes y después de comer.;Mejorar conciencia alimentaria.;bajo;7 días;conductual;media;Adaptar a historia clínica declarada, medicación, analíticas, cultura, economía, preferencias, etapa vital, riesgo de TCA y competencias profesionales. Derivar si hay señales de alarma.
Relación con la comida;Atracones o pérdida de control referida;Episodios de ingesta con sensación de pérdida de control que requieren valoración especializada.;adultos;derivación;alto;NUT2_SRC014;Flexibilidad alimentaria;Reducir pensamiento todo/nada e incluir elecciones disfrutables dentro del plan.;bajo;conductual;Registro de culpa alimentaria;Anotar alimento, pensamiento, emoción y respuesta flexible.;Reducir culpa y rigidez.;medio;7 días;conductual;media;Adaptar a historia clínica declarada, medicación, analíticas, cultura, economía, preferencias, etapa vital, riesgo de TCA y competencias profesionales. Derivar si hay señales de alarma.
Relación con la comida;Atracones o pérdida de control referida;Episodios de ingesta con sensación de pérdida de control que requieren valoración especializada.;adultos;derivación;alto;NUT2_SRC014;Flexibilidad alimentaria;Reducir pensamiento todo/nada e incluir elecciones disfrutables dentro del plan.;bajo;conductual;Comida flexible planificada;Incluir un alimento placentero en cantidad acordada sin compensación.;Reducir todo/nada.;bajo;semanal;conductual;media;Adaptar a historia clínica declarada, medicación, analíticas, cultura, economía, preferencias, etapa vital, riesgo de TCA y competencias profesionales. Derivar si hay señales de alarma.
Relación con la comida;Atracones o pérdida de control referida;Episodios de ingesta con sensación de pérdida de control que requieren valoración especializada.;adultos;derivación;alto;NUT2_SRC014;Flexibilidad alimentaria;Reducir pensamiento todo/nada e incluir elecciones disfrutables dentro del plan.;bajo;conductual;Revisión de alimentos tabú;Elegir un alimento evitado y trabajarlo con exposición flexible si procede.;Reducir rigidez.;medio;supervisado;conductual;media;Adaptar a historia clínica declarada, medicación, analíticas, cultura, economía, preferencias, etapa vital, riesgo de TCA y competencias profesionales. Derivar si hay señales de alarma.
Relación con la comida;Atracones o pérdida de control referida;Episodios de ingesta con sensación de pérdida de control que requieren valoración especializada.;adultos;derivación;alto;NUT2_SRC014;Flexibilidad alimentaria;Reducir pensamiento todo/nada e incluir elecciones disfrutables dentro del plan.;bajo;conductual;Plan de comidas sociales;Preparar estrategia de flexibilidad: elegir prioridades, disfrutar y volver normal.;Reducir miedo a eventos.;bajo;antes de evento;conductual;media;Adaptar a historia clínica declarada, medicación, analíticas, cultura, economía, preferencias, etapa vital, riesgo de TCA y competencias profesionales. Derivar si hay señales de alarma.
Relación con la comida;Atracones o pérdida de control referida;Episodios de ingesta con sensación de pérdida de control que requieren valoración especializada.;adultos;derivación;alto;NUT2_SRC014;Plan de comidas emocionales;Diferenciar hambre física/emocional y crear alternativas de regulación.;medio;conductual;Plan alternativo al comer emocional;Elegir 3 acciones de regulación antes de comer por emoción, sin prohibir.;Aumentar opciones.;medio;cuando proceda;conductual;media;Adaptar a historia clínica declarada, medicación, analíticas, cultura, economía, preferencias, etapa vital, riesgo de TCA y competencias profesionales. Derivar si hay señales de alarma.
Relación con la comida;Atracones o pérdida de control referida;Episodios de ingesta con sensación de pérdida de control que requieren valoración especializada.;adultos;derivación;alto;NUT2_SRC014;Cribado de TCA y derivación;Detectar señales de trastorno alimentario o riesgo y derivar.;alto;seguridad;Cribado de señales TCA;Revisar pérdida control, purgas, restricción extrema, miedo intenso y derivación.;Detectar riesgo.;alto;si procede;seguridad;alta;Adaptar a historia clínica declarada, medicación, analíticas, cultura, economía, preferencias, etapa vital, riesgo de TCA y competencias profesionales. Derivar si hay señales de alarma.
Relación con la comida;Atracones o pérdida de control referida;Episodios de ingesta con sensación de pérdida de control que requieren valoración especializada.;adultos;derivación;alto;NUT2_SRC014;Entrevista motivacional nutricional;Explorar ambivalencia, autonomía, barreras y pequeños compromisos.;bajo;conductual;Entrevista de barreras;Listar barreras, nivel de confianza y solución pequeña.;Mejorar adherencia.;bajo;semanal;conductual;media;Adaptar a historia clínica declarada, medicación, analíticas, cultura, economía, preferencias, etapa vital, riesgo de TCA y competencias profesionales. Derivar si hay señales de alarma.
Relación con la comida;Atracones o pérdida de control referida;Episodios de ingesta con sensación de pérdida de control que requieren valoración especializada.;adultos;derivación;alto;NUT2_SRC014;Seguimiento de adherencia;Medir cumplimiento de hábitos, barreras y ajustes sin culpabilizar.;bajo;seguimiento;Seguimiento de adherencia semanal;Marcar hábitos cumplidos, barreras y ajustes.;Ajustar sin culpabilizar.;bajo;semanal;seguimiento;media;Adaptar a historia clínica declarada, medicación, analíticas, cultura, economía, preferencias, etapa vital, riesgo de TCA y competencias profesionales. Derivar si hay señales de alarma.
Relación con la comida;Atracones o pérdida de control referida;Episodios de ingesta con sensación de pérdida de control que requieren valoración especializada.;adultos;derivación;alto;NUT2_SRC014;Seguimiento de adherencia;Medir cumplimiento de hábitos, barreras y ajustes sin culpabilizar.;bajo;seguimiento;Diario de energía y sueño;Registrar energía, sueño, hambre y rendimiento.;Relacionar recuperación y alimentación.;bajo;7 días;seguimiento;media;Adaptar a historia clínica declarada, medicación, analíticas, cultura, economía, preferencias, etapa vital, riesgo de TCA y competencias profesionales. Derivar si hay señales de alarma.
Relación con la comida;Pensamiento todo/nada en dieta;Alternar control rígido y abandono por errores puntuales.;adultos;conductual;medio;"NUT2_SRC012;NUT2_SRC014";Alimentación consciente;Observar hambre, saciedad, velocidad, emoción y satisfacción sin juicio.;bajo;conductual;Pausa consciente antes de comer;Parar 1 minuto y decidir si hay hambre física, emocional o ambas.;Reducir automatismos.;bajo;diario;conductual;media;Adaptar a historia clínica declarada, medicación, analíticas, cultura, economía, preferencias, etapa vital, riesgo de TCA y competencias profesionales. Derivar si hay señales de alarma.
Relación con la comida;Pensamiento todo/nada en dieta;Alternar control rígido y abandono por errores puntuales.;adultos;conductual;medio;"NUT2_SRC012;NUT2_SRC014";Registro de hambre-saciedad-emoción;Anotar hambre 0-10, emoción, contexto y respuesta.;bajo;conductual;Registro hambre-saciedad;Valorar hambre/saciedad 0-10 antes y después de comer.;Mejorar conciencia alimentaria.;bajo;7 días;conductual;media;Adaptar a historia clínica declarada, medicación, analíticas, cultura, economía, preferencias, etapa vital, riesgo de TCA y competencias profesionales. Derivar si hay señales de alarma.
Relación con la comida;Pensamiento todo/nada en dieta;Alternar control rígido y abandono por errores puntuales.;adultos;conductual;medio;"NUT2_SRC012;NUT2_SRC014";Flexibilidad alimentaria;Reducir pensamiento todo/nada e incluir elecciones disfrutables dentro del plan.;bajo;conductual;Registro de culpa alimentaria;Anotar alimento, pensamiento, emoción y respuesta flexible.;Reducir culpa y rigidez.;medio;7 días;conductual;media;Adaptar a historia clínica declarada, medicación, analíticas, cultura, economía, preferencias, etapa vital, riesgo de TCA y competencias profesionales. Derivar si hay señales de alarma.
Relación con la comida;Pensamiento todo/nada en dieta;Alternar control rígido y abandono por errores puntuales.;adultos;conductual;medio;"NUT2_SRC012;NUT2_SRC014";Flexibilidad alimentaria;Reducir pensamiento todo/nada e incluir elecciones disfrutables dentro del plan.;bajo;conductual;Comida flexible planificada;Incluir un alimento placentero en cantidad acordada sin compensación.;Reducir todo/nada.;bajo;semanal;conductual;media;Adaptar a historia clínica declarada, medicación, analíticas, cultura, economía, preferencias, etapa vital, riesgo de TCA y competencias profesionales. Derivar si hay señales de alarma.
Relación con la comida;Pensamiento todo/nada en dieta;Alternar control rígido y abandono por errores puntuales.;adultos;conductual;medio;"NUT2_SRC012;NUT2_SRC014";Flexibilidad alimentaria;Reducir pensamiento todo/nada e incluir elecciones disfrutables dentro del plan.;bajo;conductual;Revisión de alimentos tabú;Elegir un alimento evitado y trabajarlo con exposición flexible si procede.;Reducir rigidez.;medio;supervisado;conductual;media;Adaptar a historia clínica declarada, medicación, analíticas, cultura, economía, preferencias, etapa vital, riesgo de TCA y competencias profesionales. Derivar si hay señales de alarma.
Relación con la comida;Pensamiento todo/nada en dieta;Alternar control rígido y abandono por errores puntuales.;adultos;conductual;medio;"NUT2_SRC012;NUT2_SRC014";Flexibilidad alimentaria;Reducir pensamiento todo/nada e incluir elecciones disfrutables dentro del plan.;bajo;conductual;Plan de comidas sociales;Preparar estrategia de flexibilidad: elegir prioridades, disfrutar y volver normal.;Reducir miedo a eventos.;bajo;antes de evento;conductual;media;Adaptar a historia clínica declarada, medicación, analíticas, cultura, economía, preferencias, etapa vital, riesgo de TCA y competencias profesionales. Derivar si hay señales de alarma.
Relación con la comida;Pensamiento todo/nada en dieta;Alternar control rígido y abandono por errores puntuales.;adultos;conductual;medio;"NUT2_SRC012;NUT2_SRC014";Plan de comidas emocionales;Diferenciar hambre física/emocional y crear alternativas de regulación.;medio;conductual;Plan alternativo al comer emocional;Elegir 3 acciones de regulación antes de comer por emoción, sin prohibir.;Aumentar opciones.;medio;cuando proceda;conductual;media;Adaptar a historia clínica declarada, medicación, analíticas, cultura, economía, preferencias, etapa vital, riesgo de TCA y competencias profesionales. Derivar si hay señales de alarma.
Relación con la comida;Pensamiento todo/nada en dieta;Alternar control rígido y abandono por errores puntuales.;adultos;conductual;medio;"NUT2_SRC012;NUT2_SRC014";Cribado de TCA y derivación;Detectar señales de trastorno alimentario o riesgo y derivar.;alto;seguridad;Cribado de señales TCA;Revisar pérdida control, purgas, restricción extrema, miedo intenso y derivación.;Detectar riesgo.;alto;si procede;seguridad;alta;Adaptar a historia clínica declarada, medicación, analíticas, cultura, economía, preferencias, etapa vital, riesgo de TCA y competencias profesionales. Derivar si hay señales de alarma.
Relación con la comida;Pensamiento todo/nada en dieta;Alternar control rígido y abandono por errores puntuales.;adultos;conductual;medio;"NUT2_SRC012;NUT2_SRC014";Entrevista motivacional nutricional;Explorar ambivalencia, autonomía, barreras y pequeños compromisos.;bajo;conductual;Entrevista de barreras;Listar barreras, nivel de confianza y solución pequeña.;Mejorar adherencia.;bajo;semanal;conductual;media;Adaptar a historia clínica declarada, medicación, analíticas, cultura, economía, preferencias, etapa vital, riesgo de TCA y competencias profesionales. Derivar si hay señales de alarma.
Relación con la comida;Pensamiento todo/nada en dieta;Alternar control rígido y abandono por errores puntuales.;adultos;conductual;medio;"NUT2_SRC012;NUT2_SRC014";Seguimiento de adherencia;Medir cumplimiento de hábitos, barreras y ajustes sin culpabilizar.;bajo;seguimiento;Seguimiento de adherencia semanal;Marcar hábitos cumplidos, barreras y ajustes.;Ajustar sin culpabilizar.;bajo;semanal;seguimiento;media;Adaptar a historia clínica declarada, medicación, analíticas, cultura, economía, preferencias, etapa vital, riesgo de TCA y competencias profesionales. Derivar si hay señales de alarma.
Relación con la comida;Pensamiento todo/nada en dieta;Alternar control rígido y abandono por errores puntuales.;adultos;conductual;medio;"NUT2_SRC012;NUT2_SRC014";Seguimiento de adherencia;Medir cumplimiento de hábitos, barreras y ajustes sin culpabilizar.;bajo;seguimiento;Diario de energía y sueño;Registrar energía, sueño, hambre y rendimiento.;Relacionar recuperación y alimentación.;bajo;7 días;seguimiento;media;Adaptar a historia clínica declarada, medicación, analíticas, cultura, economía, preferencias, etapa vital, riesgo de TCA y competencias profesionales. Derivar si hay señales de alarma.
Relación con la comida;Miedo a comer fuera;Ansiedad por restaurantes, eventos o comidas sociales.;adultos;conductual;medio;NUT2_SRC014;Alimentación consciente;Observar hambre, saciedad, velocidad, emoción y satisfacción sin juicio.;bajo;conductual;Pausa consciente antes de comer;Parar 1 minuto y decidir si hay hambre física, emocional o ambas.;Reducir automatismos.;bajo;diario;conductual;media;Adaptar a historia clínica declarada, medicación, analíticas, cultura, economía, preferencias, etapa vital, riesgo de TCA y competencias profesionales. Derivar si hay señales de alarma.
Relación con la comida;Miedo a comer fuera;Ansiedad por restaurantes, eventos o comidas sociales.;adultos;conductual;medio;NUT2_SRC014;Registro de hambre-saciedad-emoción;Anotar hambre 0-10, emoción, contexto y respuesta.;bajo;conductual;Registro hambre-saciedad;Valorar hambre/saciedad 0-10 antes y después de comer.;Mejorar conciencia alimentaria.;bajo;7 días;conductual;media;Adaptar a historia clínica declarada, medicación, analíticas, cultura, economía, preferencias, etapa vital, riesgo de TCA y competencias profesionales. Derivar si hay señales de alarma.
Relación con la comida;Miedo a comer fuera;Ansiedad por restaurantes, eventos o comidas sociales.;adultos;conductual;medio;NUT2_SRC014;Flexibilidad alimentaria;Reducir pensamiento todo/nada e incluir elecciones disfrutables dentro del plan.;bajo;conductual;Registro de culpa alimentaria;Anotar alimento, pensamiento, emoción y respuesta flexible.;Reducir culpa y rigidez.;medio;7 días;conductual;media;Adaptar a historia clínica declarada, medicación, analíticas, cultura, economía, preferencias, etapa vital, riesgo de TCA y competencias profesionales. Derivar si hay señales de alarma.
Relación con la comida;Miedo a comer fuera;Ansiedad por restaurantes, eventos o comidas sociales.;adultos;conductual;medio;NUT2_SRC014;Flexibilidad alimentaria;Reducir pensamiento todo/nada e incluir elecciones disfrutables dentro del plan.;bajo;conductual;Comida flexible planificada;Incluir un alimento placentero en cantidad acordada sin compensación.;Reducir todo/nada.;bajo;semanal;conductual;media;Adaptar a historia clínica declarada, medicación, analíticas, cultura, economía, preferencias, etapa vital, riesgo de TCA y competencias profesionales. Derivar si hay señales de alarma.
Relación con la comida;Miedo a comer fuera;Ansiedad por restaurantes, eventos o comidas sociales.;adultos;conductual;medio;NUT2_SRC014;Flexibilidad alimentaria;Reducir pensamiento todo/nada e incluir elecciones disfrutables dentro del plan.;bajo;conductual;Revisión de alimentos tabú;Elegir un alimento evitado y trabajarlo con exposición flexible si procede.;Reducir rigidez.;medio;supervisado;conductual;media;Adaptar a historia clínica declarada, medicación, analíticas, cultura, economía, preferencias, etapa vital, riesgo de TCA y competencias profesionales. Derivar si hay señales de alarma.
Relación con la comida;Miedo a comer fuera;Ansiedad por restaurantes, eventos o comidas sociales.;adultos;conductual;medio;NUT2_SRC014;Flexibilidad alimentaria;Reducir pensamiento todo/nada e incluir elecciones disfrutables dentro del plan.;bajo;conductual;Plan de comidas sociales;Preparar estrategia de flexibilidad: elegir prioridades, disfrutar y volver normal.;Reducir miedo a eventos.;bajo;antes de evento;conductual;media;Adaptar a historia clínica declarada, medicación, analíticas, cultura, economía, preferencias, etapa vital, riesgo de TCA y competencias profesionales. Derivar si hay señales de alarma.
Relación con la comida;Miedo a comer fuera;Ansiedad por restaurantes, eventos o comidas sociales.;adultos;conductual;medio;NUT2_SRC014;Plan de comidas emocionales;Diferenciar hambre física/emocional y crear alternativas de regulación.;medio;conductual;Plan alternativo al comer emocional;Elegir 3 acciones de regulación antes de comer por emoción, sin prohibir.;Aumentar opciones.;medio;cuando proceda;conductual;media;Adaptar a historia clínica declarada, medicación, analíticas, cultura, economía, preferencias, etapa vital, riesgo de TCA y competencias profesionales. Derivar si hay señales de alarma.
Relación con la comida;Miedo a comer fuera;Ansiedad por restaurantes, eventos o comidas sociales.;adultos;conductual;medio;NUT2_SRC014;Cribado de TCA y derivación;Detectar señales de trastorno alimentario o riesgo y derivar.;alto;seguridad;Cribado de señales TCA;Revisar pérdida control, purgas, restricción extrema, miedo intenso y derivación.;Detectar riesgo.;alto;si procede;seguridad;alta;Adaptar a historia clínica declarada, medicación, analíticas, cultura, economía, preferencias, etapa vital, riesgo de TCA y competencias profesionales. Derivar si hay señales de alarma.
Relación con la comida;Miedo a comer fuera;Ansiedad por restaurantes, eventos o comidas sociales.;adultos;conductual;medio;NUT2_SRC014;Entrevista motivacional nutricional;Explorar ambivalencia, autonomía, barreras y pequeños compromisos.;bajo;conductual;Entrevista de barreras;Listar barreras, nivel de confianza y solución pequeña.;Mejorar adherencia.;bajo;semanal;conductual;media;Adaptar a historia clínica declarada, medicación, analíticas, cultura, economía, preferencias, etapa vital, riesgo de TCA y competencias profesionales. Derivar si hay señales de alarma.
Relación con la comida;Miedo a comer fuera;Ansiedad por restaurantes, eventos o comidas sociales.;adultos;conductual;medio;NUT2_SRC014;Seguimiento de adherencia;Medir cumplimiento de hábitos, barreras y ajustes sin culpabilizar.;bajo;seguimiento;Seguimiento de adherencia semanal;Marcar hábitos cumplidos, barreras y ajustes.;Ajustar sin culpabilizar.;bajo;semanal;seguimiento;media;Adaptar a historia clínica declarada, medicación, analíticas, cultura, economía, preferencias, etapa vital, riesgo de TCA y competencias profesionales. Derivar si hay señales de alarma.
Relación con la comida;Miedo a comer fuera;Ansiedad por restaurantes, eventos o comidas sociales.;adultos;conductual;medio;NUT2_SRC014;Seguimiento de adherencia;Medir cumplimiento de hábitos, barreras y ajustes sin culpabilizar.;bajo;seguimiento;Diario de energía y sueño;Registrar energía, sueño, hambre y rendimiento.;Relacionar recuperación y alimentación.;bajo;7 días;seguimiento;media;Adaptar a historia clínica declarada, medicación, analíticas, cultura, economía, preferencias, etapa vital, riesgo de TCA y competencias profesionales. Derivar si hay señales de alarma.
Planificación alimentaria;Falta de planificación semanal;Improvisación que lleva a elecciones poco alineadas con objetivos.;general;planificación;bajo;"NUT2_SRC010;NUT2_SRC011";Planificación semanal de menús;Crear menú realista según horarios, gustos, presupuesto y objetivo.;bajo;planificación;Menú semanal base;Planificar comidas/cenas principales de 5-7 días.;Reducir improvisación.;bajo;semanal;planificación;media;Adaptar a historia clínica declarada, medicación, analíticas, cultura, economía, preferencias, etapa vital, riesgo de TCA y competencias profesionales. Derivar si hay señales de alarma.
Planificación alimentaria;Falta de planificación semanal;Improvisación que lleva a elecciones poco alineadas con objetivos.;general;planificación;bajo;"NUT2_SRC010;NUT2_SRC011";Lista de compra estratégica;Transformar menú en lista de compra organizada por grupos.;bajo;planificación;Lista de compra por grupos;Crear lista de compra con proteína, vegetales, hidratos, grasas y extras.;Facilitar adherencia.;bajo;semanal;planificación;media;Adaptar a historia clínica declarada, medicación, analíticas, cultura, economía, preferencias, etapa vital, riesgo de TCA y competencias profesionales. Derivar si hay señales de alarma.
Planificación alimentaria;Falta de planificación semanal;Improvisación que lleva a elecciones poco alineadas con objetivos.;general;planificación;bajo;"NUT2_SRC010;NUT2_SRC011";Lista de compra estratégica;Transformar menú en lista de compra organizada por grupos.;bajo;planificación;Plan de compra económica;Seleccionar proteínas, legumbres, verduras congeladas y básicos asequibles.;Ajustar a presupuesto.;bajo;semanal;planificación;media;Adaptar a historia clínica declarada, medicación, analíticas, cultura, economía, preferencias, etapa vital, riesgo de TCA y competencias profesionales. Derivar si hay señales de alarma.
Planificación alimentaria;Falta de planificación semanal;Improvisación que lleva a elecciones poco alineadas con objetivos.;general;planificación;bajo;"NUT2_SRC010;NUT2_SRC011";Batch cooking flexible;Preparar bases combinables: proteína, carbohidrato, verduras y salsas simples.;bajo;planificación;Batch cooking de bases;Preparar 2 proteínas, 2 vegetales y 1-2 hidratos base.;Ahorrar tiempo y decidir mejor.;bajo;semanal;planificación;media;Adaptar a historia clínica declarada, medicación, analíticas, cultura, economía, preferencias, etapa vital, riesgo de TCA y competencias profesionales. Derivar si hay señales de alarma.
Planificación alimentaria;Falta de planificación semanal;Improvisación que lleva a elecciones poco alineadas con objetivos.;general;planificación;bajo;"NUT2_SRC010;NUT2_SRC011";Estrategia de comidas fuera;Tomar decisiones en restaurantes/cafeterías sin rigidez ni abandono.;bajo;planificación;Plan para comer fuera;Elegir 2-3 estrategias de restaurante: proteína, verdura, bebida, postre compartido, etc.;Mantener flexibilidad social.;bajo;antes de salir;planificación;media;Adaptar a historia clínica declarada, medicación, analíticas, cultura, economía, preferencias, etapa vital, riesgo de TCA y competencias profesionales. Derivar si hay señales de alarma.
Planificación alimentaria;Falta de planificación semanal;Improvisación que lleva a elecciones poco alineadas con objetivos.;general;planificación;bajo;"NUT2_SRC010;NUT2_SRC011";Plan de snacks saciantes;Diseñar opciones de merienda/picoteo con proteína/fibra/volumen.;bajo;planificación;Snack saciante;Diseñar merienda con proteína/fibra o fruta/lácteo/frutos secos según objetivo.;Reducir picoteo impulsivo.;bajo;diario;planificación;media;Adaptar a historia clínica declarada, medicación, analíticas, cultura, economía, preferencias, etapa vital, riesgo de TCA y competencias profesionales. Derivar si hay señales de alarma.
Planificación alimentaria;Falta de planificación semanal;Improvisación que lleva a elecciones poco alineadas con objetivos.;general;planificación;bajo;"NUT2_SRC010;NUT2_SRC011";Plan de snacks saciantes;Diseñar opciones de merienda/picoteo con proteína/fibra/volumen.;bajo;planificación;Lista de desayunos proteicos;Preparar 3 opciones realistas de desayuno con proteína/fibra.;Mejorar inicio del día.;bajo;semanal;planificación;media;Adaptar a historia clínica declarada, medicación, analíticas, cultura, economía, preferencias, etapa vital, riesgo de TCA y competencias profesionales. Derivar si hay señales de alarma.
Planificación alimentaria;Falta de planificación semanal;Improvisación que lleva a elecciones poco alineadas con objetivos.;general;planificación;bajo;"NUT2_SRC010;NUT2_SRC011";Plan de snacks saciantes;Diseñar opciones de merienda/picoteo con proteína/fibra/volumen.;bajo;planificación;Plan de meriendas de emergencia;Tener 2-3 opciones rápidas disponibles.;Evitar improvisación poco alineada.;bajo;semanal;planificación;media;Adaptar a historia clínica declarada, medicación, analíticas, cultura, economía, preferencias, etapa vital, riesgo de TCA y competencias profesionales. Derivar si hay señales de alarma.
Planificación alimentaria;Falta de planificación semanal;Improvisación que lleva a elecciones poco alineadas con objetivos.;general;planificación;bajo;"NUT2_SRC010;NUT2_SRC011";Organización para turnos laborales;Adaptar comidas, snacks, cafeína e hidratación a turnos.;medio;planificación;Plan de turnos;Preparar comidas portátiles, horarios realistas y cafeína limitada.;Adaptar alimentación a trabajo.;medio;semanal;planificación;media;Adaptar a historia clínica declarada, medicación, analíticas, cultura, economía, preferencias, etapa vital, riesgo de TCA y competencias profesionales. Derivar si hay señales de alarma.
Planificación alimentaria;Falta de planificación semanal;Improvisación que lleva a elecciones poco alineadas con objetivos.;general;planificación;bajo;"NUT2_SRC010;NUT2_SRC011";Diseño de entorno alimentario;Modificar disponibilidad, compra, cocina y señales del entorno.;bajo;hábitos;Organizar entorno alimentario;Dejar visible lo que ayuda y reducir fricción de elecciones deseadas.;Facilitar hábitos.;bajo;semanal;hábitos;media;Adaptar a historia clínica declarada, medicación, analíticas, cultura, economía, preferencias, etapa vital, riesgo de TCA y competencias profesionales. Derivar si hay señales de alarma.
Planificación alimentaria;Compra poco organizada;Lista de compra ausente o desconectada del menú previsto.;general;planificación;bajo;NUT2_SRC010;Planificación semanal de menús;Crear menú realista según horarios, gustos, presupuesto y objetivo.;bajo;planificación;Menú semanal base;Planificar comidas/cenas principales de 5-7 días.;Reducir improvisación.;bajo;semanal;planificación;media;Adaptar a historia clínica declarada, medicación, analíticas, cultura, economía, preferencias, etapa vital, riesgo de TCA y competencias profesionales. Derivar si hay señales de alarma.
Planificación alimentaria;Compra poco organizada;Lista de compra ausente o desconectada del menú previsto.;general;planificación;bajo;NUT2_SRC010;Lista de compra estratégica;Transformar menú en lista de compra organizada por grupos.;bajo;planificación;Lista de compra por grupos;Crear lista de compra con proteína, vegetales, hidratos, grasas y extras.;Facilitar adherencia.;bajo;semanal;planificación;media;Adaptar a historia clínica declarada, medicación, analíticas, cultura, economía, preferencias, etapa vital, riesgo de TCA y competencias profesionales. Derivar si hay señales de alarma.
Planificación alimentaria;Compra poco organizada;Lista de compra ausente o desconectada del menú previsto.;general;planificación;bajo;NUT2_SRC010;Lista de compra estratégica;Transformar menú en lista de compra organizada por grupos.;bajo;planificación;Plan de compra económica;Seleccionar proteínas, legumbres, verduras congeladas y básicos asequibles.;Ajustar a presupuesto.;bajo;semanal;planificación;media;Adaptar a historia clínica declarada, medicación, analíticas, cultura, economía, preferencias, etapa vital, riesgo de TCA y competencias profesionales. Derivar si hay señales de alarma.
Planificación alimentaria;Compra poco organizada;Lista de compra ausente o desconectada del menú previsto.;general;planificación;bajo;NUT2_SRC010;Batch cooking flexible;Preparar bases combinables: proteína, carbohidrato, verduras y salsas simples.;bajo;planificación;Batch cooking de bases;Preparar 2 proteínas, 2 vegetales y 1-2 hidratos base.;Ahorrar tiempo y decidir mejor.;bajo;semanal;planificación;media;Adaptar a historia clínica declarada, medicación, analíticas, cultura, economía, preferencias, etapa vital, riesgo de TCA y competencias profesionales. Derivar si hay señales de alarma.
Planificación alimentaria;Compra poco organizada;Lista de compra ausente o desconectada del menú previsto.;general;planificación;bajo;NUT2_SRC010;Estrategia de comidas fuera;Tomar decisiones en restaurantes/cafeterías sin rigidez ni abandono.;bajo;planificación;Plan para comer fuera;Elegir 2-3 estrategias de restaurante: proteína, verdura, bebida, postre compartido, etc.;Mantener flexibilidad social.;bajo;antes de salir;planificación;media;Adaptar a historia clínica declarada, medicación, analíticas, cultura, economía, preferencias, etapa vital, riesgo de TCA y competencias profesionales. Derivar si hay señales de alarma.
Planificación alimentaria;Compra poco organizada;Lista de compra ausente o desconectada del menú previsto.;general;planificación;bajo;NUT2_SRC010;Plan de snacks saciantes;Diseñar opciones de merienda/picoteo con proteína/fibra/volumen.;bajo;planificación;Snack saciante;Diseñar merienda con proteína/fibra o fruta/lácteo/frutos secos según objetivo.;Reducir picoteo impulsivo.;bajo;diario;planificación;media;Adaptar a historia clínica declarada, medicación, analíticas, cultura, economía, preferencias, etapa vital, riesgo de TCA y competencias profesionales. Derivar si hay señales de alarma.
Planificación alimentaria;Compra poco organizada;Lista de compra ausente o desconectada del menú previsto.;general;planificación;bajo;NUT2_SRC010;Plan de snacks saciantes;Diseñar opciones de merienda/picoteo con proteína/fibra/volumen.;bajo;planificación;Lista de desayunos proteicos;Preparar 3 opciones realistas de desayuno con proteína/fibra.;Mejorar inicio del día.;bajo;semanal;planificación;media;Adaptar a historia clínica declarada, medicación, analíticas, cultura, economía, preferencias, etapa vital, riesgo de TCA y competencias profesionales. Derivar si hay señales de alarma.
Planificación alimentaria;Compra poco organizada;Lista de compra ausente o desconectada del menú previsto.;general;planificación;bajo;NUT2_SRC010;Plan de snacks saciantes;Diseñar opciones de merienda/picoteo con proteína/fibra/volumen.;bajo;planificación;Plan de meriendas de emergencia;Tener 2-3 opciones rápidas disponibles.;Evitar improvisación poco alineada.;bajo;semanal;planificación;media;Adaptar a historia clínica declarada, medicación, analíticas, cultura, economía, preferencias, etapa vital, riesgo de TCA y competencias profesionales. Derivar si hay señales de alarma.
Planificación alimentaria;Compra poco organizada;Lista de compra ausente o desconectada del menú previsto.;general;planificación;bajo;NUT2_SRC010;Organización para turnos laborales;Adaptar comidas, snacks, cafeína e hidratación a turnos.;medio;planificación;Plan de turnos;Preparar comidas portátiles, horarios realistas y cafeína limitada.;Adaptar alimentación a trabajo.;medio;semanal;planificación;media;Adaptar a historia clínica declarada, medicación, analíticas, cultura, economía, preferencias, etapa vital, riesgo de TCA y competencias profesionales. Derivar si hay señales de alarma.
Planificación alimentaria;Compra poco organizada;Lista de compra ausente o desconectada del menú previsto.;general;planificación;bajo;NUT2_SRC010;Diseño de entorno alimentario;Modificar disponibilidad, compra, cocina y señales del entorno.;bajo;hábitos;Organizar entorno alimentario;Dejar visible lo que ayuda y reducir fricción de elecciones deseadas.;Facilitar hábitos.;bajo;semanal;hábitos;media;Adaptar a historia clínica declarada, medicación, analíticas, cultura, economía, preferencias, etapa vital, riesgo de TCA y competencias profesionales. Derivar si hay señales de alarma.
Planificación alimentaria;Poco tiempo para cocinar;Necesidad de comidas rápidas y saludables.;general;planificación;bajo;"NUT2_SRC011;NUT2_SRC014";Planificación semanal de menús;Crear menú realista según horarios, gustos, presupuesto y objetivo.;bajo;planificación;Menú semanal base;Planificar comidas/cenas principales de 5-7 días.;Reducir improvisación.;bajo;semanal;planificación;media;Adaptar a historia clínica declarada, medicación, analíticas, cultura, economía, preferencias, etapa vital, riesgo de TCA y competencias profesionales. Derivar si hay señales de alarma.
Planificación alimentaria;Poco tiempo para cocinar;Necesidad de comidas rápidas y saludables.;general;planificación;bajo;"NUT2_SRC011;NUT2_SRC014";Lista de compra estratégica;Transformar menú en lista de compra organizada por grupos.;bajo;planificación;Lista de compra por grupos;Crear lista de compra con proteína, vegetales, hidratos, grasas y extras.;Facilitar adherencia.;bajo;semanal;planificación;media;Adaptar a historia clínica declarada, medicación, analíticas, cultura, economía, preferencias, etapa vital, riesgo de TCA y competencias profesionales. Derivar si hay señales de alarma.
Planificación alimentaria;Poco tiempo para cocinar;Necesidad de comidas rápidas y saludables.;general;planificación;bajo;"NUT2_SRC011;NUT2_SRC014";Lista de compra estratégica;Transformar menú en lista de compra organizada por grupos.;bajo;planificación;Plan de compra económica;Seleccionar proteínas, legumbres, verduras congeladas y básicos asequibles.;Ajustar a presupuesto.;bajo;semanal;planificación;media;Adaptar a historia clínica declarada, medicación, analíticas, cultura, economía, preferencias, etapa vital, riesgo de TCA y competencias profesionales. Derivar si hay señales de alarma.
Planificación alimentaria;Poco tiempo para cocinar;Necesidad de comidas rápidas y saludables.;general;planificación;bajo;"NUT2_SRC011;NUT2_SRC014";Batch cooking flexible;Preparar bases combinables: proteína, carbohidrato, verduras y salsas simples.;bajo;planificación;Batch cooking de bases;Preparar 2 proteínas, 2 vegetales y 1-2 hidratos base.;Ahorrar tiempo y decidir mejor.;bajo;semanal;planificación;media;Adaptar a historia clínica declarada, medicación, analíticas, cultura, economía, preferencias, etapa vital, riesgo de TCA y competencias profesionales. Derivar si hay señales de alarma.
Planificación alimentaria;Poco tiempo para cocinar;Necesidad de comidas rápidas y saludables.;general;planificación;bajo;"NUT2_SRC011;NUT2_SRC014";Estrategia de comidas fuera;Tomar decisiones en restaurantes/cafeterías sin rigidez ni abandono.;bajo;planificación;Plan para comer fuera;Elegir 2-3 estrategias de restaurante: proteína, verdura, bebida, postre compartido, etc.;Mantener flexibilidad social.;bajo;antes de salir;planificación;media;Adaptar a historia clínica declarada, medicación, analíticas, cultura, economía, preferencias, etapa vital, riesgo de TCA y competencias profesionales. Derivar si hay señales de alarma.
Planificación alimentaria;Poco tiempo para cocinar;Necesidad de comidas rápidas y saludables.;general;planificación;bajo;"NUT2_SRC011;NUT2_SRC014";Plan de snacks saciantes;Diseñar opciones de merienda/picoteo con proteína/fibra/volumen.;bajo;planificación;Snack saciante;Diseñar merienda con proteína/fibra o fruta/lácteo/frutos secos según objetivo.;Reducir picoteo impulsivo.;bajo;diario;planificación;media;Adaptar a historia clínica declarada, medicación, analíticas, cultura, economía, preferencias, etapa vital, riesgo de TCA y competencias profesionales. Derivar si hay señales de alarma.
Planificación alimentaria;Poco tiempo para cocinar;Necesidad de comidas rápidas y saludables.;general;planificación;bajo;"NUT2_SRC011;NUT2_SRC014";Plan de snacks saciantes;Diseñar opciones de merienda/picoteo con proteína/fibra/volumen.;bajo;planificación;Lista de desayunos proteicos;Preparar 3 opciones realistas de desayuno con proteína/fibra.;Mejorar inicio del día.;bajo;semanal;planificación;media;Adaptar a historia clínica declarada, medicación, analíticas, cultura, economía, preferencias, etapa vital, riesgo de TCA y competencias profesionales. Derivar si hay señales de alarma.
Planificación alimentaria;Poco tiempo para cocinar;Necesidad de comidas rápidas y saludables.;general;planificación;bajo;"NUT2_SRC011;NUT2_SRC014";Plan de snacks saciantes;Diseñar opciones de merienda/picoteo con proteína/fibra/volumen.;bajo;planificación;Plan de meriendas de emergencia;Tener 2-3 opciones rápidas disponibles.;Evitar improvisación poco alineada.;bajo;semanal;planificación;media;Adaptar a historia clínica declarada, medicación, analíticas, cultura, economía, preferencias, etapa vital, riesgo de TCA y competencias profesionales. Derivar si hay señales de alarma.
Planificación alimentaria;Poco tiempo para cocinar;Necesidad de comidas rápidas y saludables.;general;planificación;bajo;"NUT2_SRC011;NUT2_SRC014";Organización para turnos laborales;Adaptar comidas, snacks, cafeína e hidratación a turnos.;medio;planificación;Plan de turnos;Preparar comidas portátiles, horarios realistas y cafeína limitada.;Adaptar alimentación a trabajo.;medio;semanal;planificación;media;Adaptar a historia clínica declarada, medicación, analíticas, cultura, economía, preferencias, etapa vital, riesgo de TCA y competencias profesionales. Derivar si hay señales de alarma.
Planificación alimentaria;Poco tiempo para cocinar;Necesidad de comidas rápidas y saludables.;general;planificación;bajo;"NUT2_SRC011;NUT2_SRC014";Diseño de entorno alimentario;Modificar disponibilidad, compra, cocina y señales del entorno.;bajo;hábitos;Organizar entorno alimentario;Dejar visible lo que ayuda y reducir fricción de elecciones deseadas.;Facilitar hábitos.;bajo;semanal;hábitos;media;Adaptar a historia clínica declarada, medicación, analíticas, cultura, economía, preferencias, etapa vital, riesgo de TCA y competencias profesionales. Derivar si hay señales de alarma.
Planificación alimentaria;Comidas fuera frecuentes;Necesidad de elegir mejor en restaurantes, cafeterías o trabajo.;general;planificación;bajo;"NUT2_SRC010;NUT2_SRC011";Planificación semanal de menús;Crear menú realista según horarios, gustos, presupuesto y objetivo.;bajo;planificación;Menú semanal base;Planificar comidas/cenas principales de 5-7 días.;Reducir improvisación.;bajo;semanal;planificación;media;Adaptar a historia clínica declarada, medicación, analíticas, cultura, economía, preferencias, etapa vital, riesgo de TCA y competencias profesionales. Derivar si hay señales de alarma.
Planificación alimentaria;Comidas fuera frecuentes;Necesidad de elegir mejor en restaurantes, cafeterías o trabajo.;general;planificación;bajo;"NUT2_SRC010;NUT2_SRC011";Lista de compra estratégica;Transformar menú en lista de compra organizada por grupos.;bajo;planificación;Lista de compra por grupos;Crear lista de compra con proteína, vegetales, hidratos, grasas y extras.;Facilitar adherencia.;bajo;semanal;planificación;media;Adaptar a historia clínica declarada, medicación, analíticas, cultura, economía, preferencias, etapa vital, riesgo de TCA y competencias profesionales. Derivar si hay señales de alarma.
Planificación alimentaria;Comidas fuera frecuentes;Necesidad de elegir mejor en restaurantes, cafeterías o trabajo.;general;planificación;bajo;"NUT2_SRC010;NUT2_SRC011";Lista de compra estratégica;Transformar menú en lista de compra organizada por grupos.;bajo;planificación;Plan de compra económica;Seleccionar proteínas, legumbres, verduras congeladas y básicos asequibles.;Ajustar a presupuesto.;bajo;semanal;planificación;media;Adaptar a historia clínica declarada, medicación, analíticas, cultura, economía, preferencias, etapa vital, riesgo de TCA y competencias profesionales. Derivar si hay señales de alarma.
Planificación alimentaria;Comidas fuera frecuentes;Necesidad de elegir mejor en restaurantes, cafeterías o trabajo.;general;planificación;bajo;"NUT2_SRC010;NUT2_SRC011";Batch cooking flexible;Preparar bases combinables: proteína, carbohidrato, verduras y salsas simples.;bajo;planificación;Batch cooking de bases;Preparar 2 proteínas, 2 vegetales y 1-2 hidratos base.;Ahorrar tiempo y decidir mejor.;bajo;semanal;planificación;media;Adaptar a historia clínica declarada, medicación, analíticas, cultura, economía, preferencias, etapa vital, riesgo de TCA y competencias profesionales. Derivar si hay señales de alarma.
Planificación alimentaria;Comidas fuera frecuentes;Necesidad de elegir mejor en restaurantes, cafeterías o trabajo.;general;planificación;bajo;"NUT2_SRC010;NUT2_SRC011";Estrategia de comidas fuera;Tomar decisiones en restaurantes/cafeterías sin rigidez ni abandono.;bajo;planificación;Plan para comer fuera;Elegir 2-3 estrategias de restaurante: proteína, verdura, bebida, postre compartido, etc.;Mantener flexibilidad social.;bajo;antes de salir;planificación;media;Adaptar a historia clínica declarada, medicación, analíticas, cultura, economía, preferencias, etapa vital, riesgo de TCA y competencias profesionales. Derivar si hay señales de alarma.
Planificación alimentaria;Comidas fuera frecuentes;Necesidad de elegir mejor en restaurantes, cafeterías o trabajo.;general;planificación;bajo;"NUT2_SRC010;NUT2_SRC011";Plan de snacks saciantes;Diseñar opciones de merienda/picoteo con proteína/fibra/volumen.;bajo;planificación;Snack saciante;Diseñar merienda con proteína/fibra o fruta/lácteo/frutos secos según objetivo.;Reducir picoteo impulsivo.;bajo;diario;planificación;media;Adaptar a historia clínica declarada, medicación, analíticas, cultura, economía, preferencias, etapa vital, riesgo de TCA y competencias profesionales. Derivar si hay señales de alarma.
Planificación alimentaria;Comidas fuera frecuentes;Necesidad de elegir mejor en restaurantes, cafeterías o trabajo.;general;planificación;bajo;"NUT2_SRC010;NUT2_SRC011";Plan de snacks saciantes;Diseñar opciones de merienda/picoteo con proteína/fibra/volumen.;bajo;planificación;Lista de desayunos proteicos;Preparar 3 opciones realistas de desayuno con proteína/fibra.;Mejorar inicio del día.;bajo;semanal;planificación;media;Adaptar a historia clínica declarada, medicación, analíticas, cultura, economía, preferencias, etapa vital, riesgo de TCA y competencias profesionales. Derivar si hay señales de alarma.
Planificación alimentaria;Comidas fuera frecuentes;Necesidad de elegir mejor en restaurantes, cafeterías o trabajo.;general;planificación;bajo;"NUT2_SRC010;NUT2_SRC011";Plan de snacks saciantes;Diseñar opciones de merienda/picoteo con proteína/fibra/volumen.;bajo;planificación;Plan de meriendas de emergencia;Tener 2-3 opciones rápidas disponibles.;Evitar improvisación poco alineada.;bajo;semanal;planificación;media;Adaptar a historia clínica declarada, medicación, analíticas, cultura, economía, preferencias, etapa vital, riesgo de TCA y competencias profesionales. Derivar si hay señales de alarma.
Planificación alimentaria;Comidas fuera frecuentes;Necesidad de elegir mejor en restaurantes, cafeterías o trabajo.;general;planificación;bajo;"NUT2_SRC010;NUT2_SRC011";Organización para turnos laborales;Adaptar comidas, snacks, cafeína e hidratación a turnos.;medio;planificación;Plan de turnos;Preparar comidas portátiles, horarios realistas y cafeína limitada.;Adaptar alimentación a trabajo.;medio;semanal;planificación;media;Adaptar a historia clínica declarada, medicación, analíticas, cultura, economía, preferencias, etapa vital, riesgo de TCA y competencias profesionales. Derivar si hay señales de alarma.
Planificación alimentaria;Comidas fuera frecuentes;Necesidad de elegir mejor en restaurantes, cafeterías o trabajo.;general;planificación;bajo;"NUT2_SRC010;NUT2_SRC011";Diseño de entorno alimentario;Modificar disponibilidad, compra, cocina y señales del entorno.;bajo;hábitos;Organizar entorno alimentario;Dejar visible lo que ayuda y reducir fricción de elecciones deseadas.;Facilitar hábitos.;bajo;semanal;hábitos;media;Adaptar a historia clínica declarada, medicación, analíticas, cultura, economía, preferencias, etapa vital, riesgo de TCA y competencias profesionales. Derivar si hay señales de alarma.
Planificación alimentaria;Turnos laborales y alimentación;Horarios irregulares que alteran comidas, hambre y planificación.;adultos;planificación;medio;NUT2_SRC014;Planificación semanal de menús;Crear menú realista según horarios, gustos, presupuesto y objetivo.;bajo;planificación;Menú semanal base;Planificar comidas/cenas principales de 5-7 días.;Reducir improvisación.;bajo;semanal;planificación;media;Adaptar a historia clínica declarada, medicación, analíticas, cultura, economía, preferencias, etapa vital, riesgo de TCA y competencias profesionales. Derivar si hay señales de alarma.
Planificación alimentaria;Turnos laborales y alimentación;Horarios irregulares que alteran comidas, hambre y planificación.;adultos;planificación;medio;NUT2_SRC014;Lista de compra estratégica;Transformar menú en lista de compra organizada por grupos.;bajo;planificación;Lista de compra por grupos;Crear lista de compra con proteína, vegetales, hidratos, grasas y extras.;Facilitar adherencia.;bajo;semanal;planificación;media;Adaptar a historia clínica declarada, medicación, analíticas, cultura, economía, preferencias, etapa vital, riesgo de TCA y competencias profesionales. Derivar si hay señales de alarma.
Planificación alimentaria;Turnos laborales y alimentación;Horarios irregulares que alteran comidas, hambre y planificación.;adultos;planificación;medio;NUT2_SRC014;Lista de compra estratégica;Transformar menú en lista de compra organizada por grupos.;bajo;planificación;Plan de compra económica;Seleccionar proteínas, legumbres, verduras congeladas y básicos asequibles.;Ajustar a presupuesto.;bajo;semanal;planificación;media;Adaptar a historia clínica declarada, medicación, analíticas, cultura, economía, preferencias, etapa vital, riesgo de TCA y competencias profesionales. Derivar si hay señales de alarma.
Planificación alimentaria;Turnos laborales y alimentación;Horarios irregulares que alteran comidas, hambre y planificación.;adultos;planificación;medio;NUT2_SRC014;Batch cooking flexible;Preparar bases combinables: proteína, carbohidrato, verduras y salsas simples.;bajo;planificación;Batch cooking de bases;Preparar 2 proteínas, 2 vegetales y 1-2 hidratos base.;Ahorrar tiempo y decidir mejor.;bajo;semanal;planificación;media;Adaptar a historia clínica declarada, medicación, analíticas, cultura, economía, preferencias, etapa vital, riesgo de TCA y competencias profesionales. Derivar si hay señales de alarma.
Planificación alimentaria;Turnos laborales y alimentación;Horarios irregulares que alteran comidas, hambre y planificación.;adultos;planificación;medio;NUT2_SRC014;Estrategia de comidas fuera;Tomar decisiones en restaurantes/cafeterías sin rigidez ni abandono.;bajo;planificación;Plan para comer fuera;Elegir 2-3 estrategias de restaurante: proteína, verdura, bebida, postre compartido, etc.;Mantener flexibilidad social.;bajo;antes de salir;planificación;media;Adaptar a historia clínica declarada, medicación, analíticas, cultura, economía, preferencias, etapa vital, riesgo de TCA y competencias profesionales. Derivar si hay señales de alarma.
Planificación alimentaria;Turnos laborales y alimentación;Horarios irregulares que alteran comidas, hambre y planificación.;adultos;planificación;medio;NUT2_SRC014;Plan de snacks saciantes;Diseñar opciones de merienda/picoteo con proteína/fibra/volumen.;bajo;planificación;Snack saciante;Diseñar merienda con proteína/fibra o fruta/lácteo/frutos secos según objetivo.;Reducir picoteo impulsivo.;bajo;diario;planificación;media;Adaptar a historia clínica declarada, medicación, analíticas, cultura, economía, preferencias, etapa vital, riesgo de TCA y competencias profesionales. Derivar si hay señales de alarma.
Planificación alimentaria;Turnos laborales y alimentación;Horarios irregulares que alteran comidas, hambre y planificación.;adultos;planificación;medio;NUT2_SRC014;Plan de snacks saciantes;Diseñar opciones de merienda/picoteo con proteína/fibra/volumen.;bajo;planificación;Lista de desayunos proteicos;Preparar 3 opciones realistas de desayuno con proteína/fibra.;Mejorar inicio del día.;bajo;semanal;planificación;media;Adaptar a historia clínica declarada, medicación, analíticas, cultura, economía, preferencias, etapa vital, riesgo de TCA y competencias profesionales. Derivar si hay señales de alarma.
Planificación alimentaria;Turnos laborales y alimentación;Horarios irregulares que alteran comidas, hambre y planificación.;adultos;planificación;medio;NUT2_SRC014;Plan de snacks saciantes;Diseñar opciones de merienda/picoteo con proteína/fibra/volumen.;bajo;planificación;Plan de meriendas de emergencia;Tener 2-3 opciones rápidas disponibles.;Evitar improvisación poco alineada.;bajo;semanal;planificación;media;Adaptar a historia clínica declarada, medicación, analíticas, cultura, economía, preferencias, etapa vital, riesgo de TCA y competencias profesionales. Derivar si hay señales de alarma.
Planificación alimentaria;Turnos laborales y alimentación;Horarios irregulares que alteran comidas, hambre y planificación.;adultos;planificación;medio;NUT2_SRC014;Organización para turnos laborales;Adaptar comidas, snacks, cafeína e hidratación a turnos.;medio;planificación;Plan de turnos;Preparar comidas portátiles, horarios realistas y cafeína limitada.;Adaptar alimentación a trabajo.;medio;semanal;planificación;media;Adaptar a historia clínica declarada, medicación, analíticas, cultura, economía, preferencias, etapa vital, riesgo de TCA y competencias profesionales. Derivar si hay señales de alarma.
Planificación alimentaria;Turnos laborales y alimentación;Horarios irregulares que alteran comidas, hambre y planificación.;adultos;planificación;medio;NUT2_SRC014;Diseño de entorno alimentario;Modificar disponibilidad, compra, cocina y señales del entorno.;bajo;hábitos;Organizar entorno alimentario;Dejar visible lo que ayuda y reducir fricción de elecciones deseadas.;Facilitar hábitos.;bajo;semanal;hábitos;media;Adaptar a historia clínica declarada, medicación, analíticas, cultura, economía, preferencias, etapa vital, riesgo de TCA y competencias profesionales. Derivar si hay señales de alarma.
Planificación alimentaria;Batch cooking inicial;Objetivo de preparar bases alimentarias para varios días.;general;planificación;bajo;"NUT2_SRC010;NUT2_SRC011";Planificación semanal de menús;Crear menú realista según horarios, gustos, presupuesto y objetivo.;bajo;planificación;Menú semanal base;Planificar comidas/cenas principales de 5-7 días.;Reducir improvisación.;bajo;semanal;planificación;media;Adaptar a historia clínica declarada, medicación, analíticas, cultura, economía, preferencias, etapa vital, riesgo de TCA y competencias profesionales. Derivar si hay señales de alarma.
Planificación alimentaria;Batch cooking inicial;Objetivo de preparar bases alimentarias para varios días.;general;planificación;bajo;"NUT2_SRC010;NUT2_SRC011";Lista de compra estratégica;Transformar menú en lista de compra organizada por grupos.;bajo;planificación;Lista de compra por grupos;Crear lista de compra con proteína, vegetales, hidratos, grasas y extras.;Facilitar adherencia.;bajo;semanal;planificación;media;Adaptar a historia clínica declarada, medicación, analíticas, cultura, economía, preferencias, etapa vital, riesgo de TCA y competencias profesionales. Derivar si hay señales de alarma.
Planificación alimentaria;Batch cooking inicial;Objetivo de preparar bases alimentarias para varios días.;general;planificación;bajo;"NUT2_SRC010;NUT2_SRC011";Lista de compra estratégica;Transformar menú en lista de compra organizada por grupos.;bajo;planificación;Plan de compra económica;Seleccionar proteínas, legumbres, verduras congeladas y básicos asequibles.;Ajustar a presupuesto.;bajo;semanal;planificación;media;Adaptar a historia clínica declarada, medicación, analíticas, cultura, economía, preferencias, etapa vital, riesgo de TCA y competencias profesionales. Derivar si hay señales de alarma.
Planificación alimentaria;Batch cooking inicial;Objetivo de preparar bases alimentarias para varios días.;general;planificación;bajo;"NUT2_SRC010;NUT2_SRC011";Batch cooking flexible;Preparar bases combinables: proteína, carbohidrato, verduras y salsas simples.;bajo;planificación;Batch cooking de bases;Preparar 2 proteínas, 2 vegetales y 1-2 hidratos base.;Ahorrar tiempo y decidir mejor.;bajo;semanal;planificación;media;Adaptar a historia clínica declarada, medicación, analíticas, cultura, economía, preferencias, etapa vital, riesgo de TCA y competencias profesionales. Derivar si hay señales de alarma.
Planificación alimentaria;Batch cooking inicial;Objetivo de preparar bases alimentarias para varios días.;general;planificación;bajo;"NUT2_SRC010;NUT2_SRC011";Estrategia de comidas fuera;Tomar decisiones en restaurantes/cafeterías sin rigidez ni abandono.;bajo;planificación;Plan para comer fuera;Elegir 2-3 estrategias de restaurante: proteína, verdura, bebida, postre compartido, etc.;Mantener flexibilidad social.;bajo;antes de salir;planificación;media;Adaptar a historia clínica declarada, medicación, analíticas, cultura, economía, preferencias, etapa vital, riesgo de TCA y competencias profesionales. Derivar si hay señales de alarma.
Planificación alimentaria;Batch cooking inicial;Objetivo de preparar bases alimentarias para varios días.;general;planificación;bajo;"NUT2_SRC010;NUT2_SRC011";Plan de snacks saciantes;Diseñar opciones de merienda/picoteo con proteína/fibra/volumen.;bajo;planificación;Snack saciante;Diseñar merienda con proteína/fibra o fruta/lácteo/frutos secos según objetivo.;Reducir picoteo impulsivo.;bajo;diario;planificación;media;Adaptar a historia clínica declarada, medicación, analíticas, cultura, economía, preferencias, etapa vital, riesgo de TCA y competencias profesionales. Derivar si hay señales de alarma.
Planificación alimentaria;Batch cooking inicial;Objetivo de preparar bases alimentarias para varios días.;general;planificación;bajo;"NUT2_SRC010;NUT2_SRC011";Plan de snacks saciantes;Diseñar opciones de merienda/picoteo con proteína/fibra/volumen.;bajo;planificación;Lista de desayunos proteicos;Preparar 3 opciones realistas de desayuno con proteína/fibra.;Mejorar inicio del día.;bajo;semanal;planificación;media;Adaptar a historia clínica declarada, medicación, analíticas, cultura, economía, preferencias, etapa vital, riesgo de TCA y competencias profesionales. Derivar si hay señales de alarma.
Planificación alimentaria;Batch cooking inicial;Objetivo de preparar bases alimentarias para varios días.;general;planificación;bajo;"NUT2_SRC010;NUT2_SRC011";Plan de snacks saciantes;Diseñar opciones de merienda/picoteo con proteína/fibra/volumen.;bajo;planificación;Plan de meriendas de emergencia;Tener 2-3 opciones rápidas disponibles.;Evitar improvisación poco alineada.;bajo;semanal;planificación;media;Adaptar a historia clínica declarada, medicación, analíticas, cultura, economía, preferencias, etapa vital, riesgo de TCA y competencias profesionales. Derivar si hay señales de alarma.
Planificación alimentaria;Batch cooking inicial;Objetivo de preparar bases alimentarias para varios días.;general;planificación;bajo;"NUT2_SRC010;NUT2_SRC011";Organización para turnos laborales;Adaptar comidas, snacks, cafeína e hidratación a turnos.;medio;planificación;Plan de turnos;Preparar comidas portátiles, horarios realistas y cafeína limitada.;Adaptar alimentación a trabajo.;medio;semanal;planificación;media;Adaptar a historia clínica declarada, medicación, analíticas, cultura, economía, preferencias, etapa vital, riesgo de TCA y competencias profesionales. Derivar si hay señales de alarma.
Planificación alimentaria;Batch cooking inicial;Objetivo de preparar bases alimentarias para varios días.;general;planificación;bajo;"NUT2_SRC010;NUT2_SRC011";Diseño de entorno alimentario;Modificar disponibilidad, compra, cocina y señales del entorno.;bajo;hábitos;Organizar entorno alimentario;Dejar visible lo que ayuda y reducir fricción de elecciones deseadas.;Facilitar hábitos.;bajo;semanal;hábitos;media;Adaptar a historia clínica declarada, medicación, analíticas, cultura, economía, preferencias, etapa vital, riesgo de TCA y competencias profesionales. Derivar si hay señales de alarma.
Nutrición por etapas vitales;Nutrición en adolescencia activa;Necesidades de energía, proteína y hábitos en crecimiento y actividad.;adolescentes;etapa_vital;medio;"NUT2_SRC001;NUT2_SRC014";Nutrición en menopausia;Trabajar proteína, fibra, calcio, salud cardiovascular y composición corporal.;medio;etapa_vital;Plan menopausia básico;Revisar proteína, fibra, calcio, fuerza, alcohol y sueño.;Apoyar etapa vital.;medio;mensual;etapa_vital;media;Adaptar a historia clínica declarada, medicación, analíticas, cultura, economía, preferencias, etapa vital, riesgo de TCA y competencias profesionales. Derivar si hay señales de alarma.
Nutrición por etapas vitales;Nutrición en adolescencia activa;Necesidades de energía, proteína y hábitos en crecimiento y actividad.;adolescentes;etapa_vital;medio;"NUT2_SRC001;NUT2_SRC014";Nutrición en menopausia;Trabajar proteína, fibra, calcio, salud cardiovascular y composición corporal.;medio;etapa_vital;Plan de calcio/vitamina D en etapa vital;Revisar fuentes alimentarias y derivación si hay dudas o analítica.;Apoyar salud ósea.;medio;mensual;etapa_vital;media;Adaptar a historia clínica declarada, medicación, analíticas, cultura, economía, preferencias, etapa vital, riesgo de TCA y competencias profesionales. Derivar si hay señales de alarma.
Nutrición por etapas vitales;Nutrición en adolescencia activa;Necesidades de energía, proteína y hábitos en crecimiento y actividad.;adolescentes;etapa_vital;medio;"NUT2_SRC001;NUT2_SRC014";Nutrición en mayores;Priorizar proteína, energía, hidratación, textura y prevención de riesgo nutricional.;alto;etapa_vital;Plan proteína en mayores;Asegurar proteína repartida y textura aceptada.;Preservar masa muscular.;alto;diario;etapa_vital;alta;Adaptar a historia clínica declarada, medicación, analíticas, cultura, economía, preferencias, etapa vital, riesgo de TCA y competencias profesionales. Derivar si hay señales de alarma.
Nutrición por etapas vitales;Nutrición en adolescencia activa;Necesidades de energía, proteína y hábitos en crecimiento y actividad.;adolescentes;etapa_vital;medio;"NUT2_SRC001;NUT2_SRC014";Nutrición en mayores;Priorizar proteína, energía, hidratación, textura y prevención de riesgo nutricional.;alto;etapa_vital;Registro apetito mayores;Anotar apetito, ingesta, peso, hidratación y barreras.;Detectar riesgo nutricional.;alto;7 días;etapa_vital;alta;Adaptar a historia clínica declarada, medicación, analíticas, cultura, economía, preferencias, etapa vital, riesgo de TCA y competencias profesionales. Derivar si hay señales de alarma.
Nutrición por etapas vitales;Nutrición en adolescencia activa;Necesidades de energía, proteína y hábitos en crecimiento y actividad.;adolescentes;etapa_vital;medio;"NUT2_SRC001;NUT2_SRC014";Nutrición embarazo/posparto coordinada;Apoyo general y derivación/coordinación sanitaria en etapa perinatal.;alto;etapa_vital;Consulta sanitaria embarazo;Listar dudas de alimentación, suplementos y seguridad alimentaria para matrona/médico.;Coordinar etapa perinatal.;alto;según etapa;etapa_vital;alta;Adaptar a historia clínica declarada, medicación, analíticas, cultura, economía, preferencias, etapa vital, riesgo de TCA y competencias profesionales. Derivar si hay señales de alarma.
Nutrición por etapas vitales;Nutrición en adolescencia activa;Necesidades de energía, proteína y hábitos en crecimiento y actividad.;adolescentes;etapa_vital;medio;"NUT2_SRC001;NUT2_SRC014";Proteína objetivo;Asegurar proteína suficiente según objetivo, preferencias y contexto.;bajo;deportiva;Distribuir proteína diaria;Incluir fuente proteica en 3-4 comidas según objetivo.;Mejorar saciedad/músculo.;bajo;diario;deportiva;alta;Adaptar a historia clínica declarada, medicación, analíticas, cultura, economía, preferencias, etapa vital, riesgo de TCA y competencias profesionales. Derivar si hay señales de alarma.
Nutrición por etapas vitales;Nutrición en adolescencia activa;Necesidades de energía, proteína y hábitos en crecimiento y actividad.;adolescentes;etapa_vital;medio;"NUT2_SRC001;NUT2_SRC014";Plan de hidratación;Definir meta de agua y estrategias según clima, actividad y preferencias.;bajo;hábitos;Plan de hidratación;Definir botella/meta y momentos fijos de agua.;Mejorar hidratación.;bajo;diario;hábitos;media;Adaptar a historia clínica declarada, medicación, analíticas, cultura, economía, preferencias, etapa vital, riesgo de TCA y competencias profesionales. Derivar si hay señales de alarma.
Nutrición por etapas vitales;Nutrición en adolescencia activa;Necesidades de energía, proteína y hábitos en crecimiento y actividad.;adolescentes;etapa_vital;medio;"NUT2_SRC001;NUT2_SRC014";Señales de derivación nutricional/médica;Identificar pérdida involuntaria, síntomas, analíticas alteradas, TCA, embarazo o enfermedad.;alto;seguridad;Plan de derivación nutricional/médica;Identificar señal de alarma y profesional de referencia.;Aumentar seguridad.;alto;si aparece;seguridad;alta;Adaptar a historia clínica declarada, medicación, analíticas, cultura, economía, preferencias, etapa vital, riesgo de TCA y competencias profesionales. Derivar si hay señales de alarma.
Nutrición por etapas vitales;Nutrición en adolescencia activa;Necesidades de energía, proteína y hábitos en crecimiento y actividad.;adolescentes;etapa_vital;medio;"NUT2_SRC001;NUT2_SRC014";Señales de derivación nutricional/médica;Identificar pérdida involuntaria, síntomas, analíticas alteradas, TCA, embarazo o enfermedad.;alto;seguridad;Revisión de analítica/diagnóstico referido;Registrar dato aportado y recomendar coordinación con sanitario si hay patología.;No invadir ámbito médico.;alto;según caso;seguridad;alta;Adaptar a historia clínica declarada, medicación, analíticas, cultura, economía, preferencias, etapa vital, riesgo de TCA y competencias profesionales. Derivar si hay señales de alarma.
Nutrición por etapas vitales;Nutrición en embarazo;Alimentación y seguridad alimentaria que requieren coordinación sanitaria.;embarazo;derivación/coordinación;alto;NUT2_SRC014;Nutrición en menopausia;Trabajar proteína, fibra, calcio, salud cardiovascular y composición corporal.;medio;etapa_vital;Plan menopausia básico;Revisar proteína, fibra, calcio, fuerza, alcohol y sueño.;Apoyar etapa vital.;medio;mensual;etapa_vital;media;Adaptar a historia clínica declarada, medicación, analíticas, cultura, economía, preferencias, etapa vital, riesgo de TCA y competencias profesionales. Derivar si hay señales de alarma.
Nutrición por etapas vitales;Nutrición en embarazo;Alimentación y seguridad alimentaria que requieren coordinación sanitaria.;embarazo;derivación/coordinación;alto;NUT2_SRC014;Nutrición en menopausia;Trabajar proteína, fibra, calcio, salud cardiovascular y composición corporal.;medio;etapa_vital;Plan de calcio/vitamina D en etapa vital;Revisar fuentes alimentarias y derivación si hay dudas o analítica.;Apoyar salud ósea.;medio;mensual;etapa_vital;media;Adaptar a historia clínica declarada, medicación, analíticas, cultura, economía, preferencias, etapa vital, riesgo de TCA y competencias profesionales. Derivar si hay señales de alarma.
Nutrición por etapas vitales;Nutrición en embarazo;Alimentación y seguridad alimentaria que requieren coordinación sanitaria.;embarazo;derivación/coordinación;alto;NUT2_SRC014;Nutrición en mayores;Priorizar proteína, energía, hidratación, textura y prevención de riesgo nutricional.;alto;etapa_vital;Plan proteína en mayores;Asegurar proteína repartida y textura aceptada.;Preservar masa muscular.;alto;diario;etapa_vital;alta;Adaptar a historia clínica declarada, medicación, analíticas, cultura, economía, preferencias, etapa vital, riesgo de TCA y competencias profesionales. Derivar si hay señales de alarma.
Nutrición por etapas vitales;Nutrición en embarazo;Alimentación y seguridad alimentaria que requieren coordinación sanitaria.;embarazo;derivación/coordinación;alto;NUT2_SRC014;Nutrición en mayores;Priorizar proteína, energía, hidratación, textura y prevención de riesgo nutricional.;alto;etapa_vital;Registro apetito mayores;Anotar apetito, ingesta, peso, hidratación y barreras.;Detectar riesgo nutricional.;alto;7 días;etapa_vital;alta;Adaptar a historia clínica declarada, medicación, analíticas, cultura, economía, preferencias, etapa vital, riesgo de TCA y competencias profesionales. Derivar si hay señales de alarma.
Nutrición por etapas vitales;Nutrición en embarazo;Alimentación y seguridad alimentaria que requieren coordinación sanitaria.;embarazo;derivación/coordinación;alto;NUT2_SRC014;Nutrición embarazo/posparto coordinada;Apoyo general y derivación/coordinación sanitaria en etapa perinatal.;alto;etapa_vital;Consulta sanitaria embarazo;Listar dudas de alimentación, suplementos y seguridad alimentaria para matrona/médico.;Coordinar etapa perinatal.;alto;según etapa;etapa_vital;alta;Adaptar a historia clínica declarada, medicación, analíticas, cultura, economía, preferencias, etapa vital, riesgo de TCA y competencias profesionales. Derivar si hay señales de alarma.
Nutrición por etapas vitales;Nutrición en embarazo;Alimentación y seguridad alimentaria que requieren coordinación sanitaria.;embarazo;derivación/coordinación;alto;NUT2_SRC014;Proteína objetivo;Asegurar proteína suficiente según objetivo, preferencias y contexto.;bajo;deportiva;Distribuir proteína diaria;Incluir fuente proteica en 3-4 comidas según objetivo.;Mejorar saciedad/músculo.;bajo;diario;deportiva;alta;Adaptar a historia clínica declarada, medicación, analíticas, cultura, economía, preferencias, etapa vital, riesgo de TCA y competencias profesionales. Derivar si hay señales de alarma.
Nutrición por etapas vitales;Nutrición en embarazo;Alimentación y seguridad alimentaria que requieren coordinación sanitaria.;embarazo;derivación/coordinación;alto;NUT2_SRC014;Plan de hidratación;Definir meta de agua y estrategias según clima, actividad y preferencias.;bajo;hábitos;Plan de hidratación;Definir botella/meta y momentos fijos de agua.;Mejorar hidratación.;bajo;diario;hábitos;media;Adaptar a historia clínica declarada, medicación, analíticas, cultura, economía, preferencias, etapa vital, riesgo de TCA y competencias profesionales. Derivar si hay señales de alarma.
Nutrición por etapas vitales;Nutrición en embarazo;Alimentación y seguridad alimentaria que requieren coordinación sanitaria.;embarazo;derivación/coordinación;alto;NUT2_SRC014;Señales de derivación nutricional/médica;Identificar pérdida involuntaria, síntomas, analíticas alteradas, TCA, embarazo o enfermedad.;alto;seguridad;Plan de derivación nutricional/médica;Identificar señal de alarma y profesional de referencia.;Aumentar seguridad.;alto;si aparece;seguridad;alta;Adaptar a historia clínica declarada, medicación, analíticas, cultura, economía, preferencias, etapa vital, riesgo de TCA y competencias profesionales. Derivar si hay señales de alarma.
Nutrición por etapas vitales;Nutrición en embarazo;Alimentación y seguridad alimentaria que requieren coordinación sanitaria.;embarazo;derivación/coordinación;alto;NUT2_SRC014;Señales de derivación nutricional/médica;Identificar pérdida involuntaria, síntomas, analíticas alteradas, TCA, embarazo o enfermedad.;alto;seguridad;Revisión de analítica/diagnóstico referido;Registrar dato aportado y recomendar coordinación con sanitario si hay patología.;No invadir ámbito médico.;alto;según caso;seguridad;alta;Adaptar a historia clínica declarada, medicación, analíticas, cultura, economía, preferencias, etapa vital, riesgo de TCA y competencias profesionales. Derivar si hay señales de alarma.
Nutrición por etapas vitales;Nutrición en posparto/lactancia;Necesidades, energía, hidratación y apoyo, coordinando con profesional sanitario.;posparto;etapa_vital;medio;NUT2_SRC014;Nutrición en menopausia;Trabajar proteína, fibra, calcio, salud cardiovascular y composición corporal.;medio;etapa_vital;Plan menopausia básico;Revisar proteína, fibra, calcio, fuerza, alcohol y sueño.;Apoyar etapa vital.;medio;mensual;etapa_vital;media;Adaptar a historia clínica declarada, medicación, analíticas, cultura, economía, preferencias, etapa vital, riesgo de TCA y competencias profesionales. Derivar si hay señales de alarma.
Nutrición por etapas vitales;Nutrición en posparto/lactancia;Necesidades, energía, hidratación y apoyo, coordinando con profesional sanitario.;posparto;etapa_vital;medio;NUT2_SRC014;Nutrición en menopausia;Trabajar proteína, fibra, calcio, salud cardiovascular y composición corporal.;medio;etapa_vital;Plan de calcio/vitamina D en etapa vital;Revisar fuentes alimentarias y derivación si hay dudas o analítica.;Apoyar salud ósea.;medio;mensual;etapa_vital;media;Adaptar a historia clínica declarada, medicación, analíticas, cultura, economía, preferencias, etapa vital, riesgo de TCA y competencias profesionales. Derivar si hay señales de alarma.
Nutrición por etapas vitales;Nutrición en posparto/lactancia;Necesidades, energía, hidratación y apoyo, coordinando con profesional sanitario.;posparto;etapa_vital;medio;NUT2_SRC014;Nutrición en mayores;Priorizar proteína, energía, hidratación, textura y prevención de riesgo nutricional.;alto;etapa_vital;Plan proteína en mayores;Asegurar proteína repartida y textura aceptada.;Preservar masa muscular.;alto;diario;etapa_vital;alta;Adaptar a historia clínica declarada, medicación, analíticas, cultura, economía, preferencias, etapa vital, riesgo de TCA y competencias profesionales. Derivar si hay señales de alarma.
Nutrición por etapas vitales;Nutrición en posparto/lactancia;Necesidades, energía, hidratación y apoyo, coordinando con profesional sanitario.;posparto;etapa_vital;medio;NUT2_SRC014;Nutrición en mayores;Priorizar proteína, energía, hidratación, textura y prevención de riesgo nutricional.;alto;etapa_vital;Registro apetito mayores;Anotar apetito, ingesta, peso, hidratación y barreras.;Detectar riesgo nutricional.;alto;7 días;etapa_vital;alta;Adaptar a historia clínica declarada, medicación, analíticas, cultura, economía, preferencias, etapa vital, riesgo de TCA y competencias profesionales. Derivar si hay señales de alarma.
Nutrición por etapas vitales;Nutrición en posparto/lactancia;Necesidades, energía, hidratación y apoyo, coordinando con profesional sanitario.;posparto;etapa_vital;medio;NUT2_SRC014;Nutrición embarazo/posparto coordinada;Apoyo general y derivación/coordinación sanitaria en etapa perinatal.;alto;etapa_vital;Consulta sanitaria embarazo;Listar dudas de alimentación, suplementos y seguridad alimentaria para matrona/médico.;Coordinar etapa perinatal.;alto;según etapa;etapa_vital;alta;Adaptar a historia clínica declarada, medicación, analíticas, cultura, economía, preferencias, etapa vital, riesgo de TCA y competencias profesionales. Derivar si hay señales de alarma.
Nutrición por etapas vitales;Nutrición en posparto/lactancia;Necesidades, energía, hidratación y apoyo, coordinando con profesional sanitario.;posparto;etapa_vital;medio;NUT2_SRC014;Proteína objetivo;Asegurar proteína suficiente según objetivo, preferencias y contexto.;bajo;deportiva;Distribuir proteína diaria;Incluir fuente proteica en 3-4 comidas según objetivo.;Mejorar saciedad/músculo.;bajo;diario;deportiva;alta;Adaptar a historia clínica declarada, medicación, analíticas, cultura, economía, preferencias, etapa vital, riesgo de TCA y competencias profesionales. Derivar si hay señales de alarma.
Nutrición por etapas vitales;Nutrición en posparto/lactancia;Necesidades, energía, hidratación y apoyo, coordinando con profesional sanitario.;posparto;etapa_vital;medio;NUT2_SRC014;Plan de hidratación;Definir meta de agua y estrategias según clima, actividad y preferencias.;bajo;hábitos;Plan de hidratación;Definir botella/meta y momentos fijos de agua.;Mejorar hidratación.;bajo;diario;hábitos;media;Adaptar a historia clínica declarada, medicación, analíticas, cultura, economía, preferencias, etapa vital, riesgo de TCA y competencias profesionales. Derivar si hay señales de alarma.
Nutrición por etapas vitales;Nutrición en posparto/lactancia;Necesidades, energía, hidratación y apoyo, coordinando con profesional sanitario.;posparto;etapa_vital;medio;NUT2_SRC014;Señales de derivación nutricional/médica;Identificar pérdida involuntaria, síntomas, analíticas alteradas, TCA, embarazo o enfermedad.;alto;seguridad;Plan de derivación nutricional/médica;Identificar señal de alarma y profesional de referencia.;Aumentar seguridad.;alto;si aparece;seguridad;alta;Adaptar a historia clínica declarada, medicación, analíticas, cultura, economía, preferencias, etapa vital, riesgo de TCA y competencias profesionales. Derivar si hay señales de alarma.
Nutrición por etapas vitales;Nutrición en posparto/lactancia;Necesidades, energía, hidratación y apoyo, coordinando con profesional sanitario.;posparto;etapa_vital;medio;NUT2_SRC014;Señales de derivación nutricional/médica;Identificar pérdida involuntaria, síntomas, analíticas alteradas, TCA, embarazo o enfermedad.;alto;seguridad;Revisión de analítica/diagnóstico referido;Registrar dato aportado y recomendar coordinación con sanitario si hay patología.;No invadir ámbito médico.;alto;según caso;seguridad;alta;Adaptar a historia clínica declarada, medicación, analíticas, cultura, economía, preferencias, etapa vital, riesgo de TCA y competencias profesionales. Derivar si hay señales de alarma.
Nutrición por etapas vitales;Nutrición en menopausia;Cambios de composición corporal, saciedad, calcio, proteína y salud cardiovascular.;adultas;etapa_vital;medio;"NUT2_SRC013;NUT2_SRC014";Nutrición en menopausia;Trabajar proteína, fibra, calcio, salud cardiovascular y composición corporal.;medio;etapa_vital;Plan menopausia básico;Revisar proteína, fibra, calcio, fuerza, alcohol y sueño.;Apoyar etapa vital.;medio;mensual;etapa_vital;media;Adaptar a historia clínica declarada, medicación, analíticas, cultura, economía, preferencias, etapa vital, riesgo de TCA y competencias profesionales. Derivar si hay señales de alarma.
Nutrición por etapas vitales;Nutrición en menopausia;Cambios de composición corporal, saciedad, calcio, proteína y salud cardiovascular.;adultas;etapa_vital;medio;"NUT2_SRC013;NUT2_SRC014";Nutrición en menopausia;Trabajar proteína, fibra, calcio, salud cardiovascular y composición corporal.;medio;etapa_vital;Plan de calcio/vitamina D en etapa vital;Revisar fuentes alimentarias y derivación si hay dudas o analítica.;Apoyar salud ósea.;medio;mensual;etapa_vital;media;Adaptar a historia clínica declarada, medicación, analíticas, cultura, economía, preferencias, etapa vital, riesgo de TCA y competencias profesionales. Derivar si hay señales de alarma.
Nutrición por etapas vitales;Nutrición en menopausia;Cambios de composición corporal, saciedad, calcio, proteína y salud cardiovascular.;adultas;etapa_vital;medio;"NUT2_SRC013;NUT2_SRC014";Nutrición en mayores;Priorizar proteína, energía, hidratación, textura y prevención de riesgo nutricional.;alto;etapa_vital;Plan proteína en mayores;Asegurar proteína repartida y textura aceptada.;Preservar masa muscular.;alto;diario;etapa_vital;alta;Adaptar a historia clínica declarada, medicación, analíticas, cultura, economía, preferencias, etapa vital, riesgo de TCA y competencias profesionales. Derivar si hay señales de alarma.
Nutrición por etapas vitales;Nutrición en menopausia;Cambios de composición corporal, saciedad, calcio, proteína y salud cardiovascular.;adultas;etapa_vital;medio;"NUT2_SRC013;NUT2_SRC014";Nutrición en mayores;Priorizar proteína, energía, hidratación, textura y prevención de riesgo nutricional.;alto;etapa_vital;Registro apetito mayores;Anotar apetito, ingesta, peso, hidratación y barreras.;Detectar riesgo nutricional.;alto;7 días;etapa_vital;alta;Adaptar a historia clínica declarada, medicación, analíticas, cultura, economía, preferencias, etapa vital, riesgo de TCA y competencias profesionales. Derivar si hay señales de alarma.
Nutrición por etapas vitales;Nutrición en menopausia;Cambios de composición corporal, saciedad, calcio, proteína y salud cardiovascular.;adultas;etapa_vital;medio;"NUT2_SRC013;NUT2_SRC014";Nutrición embarazo/posparto coordinada;Apoyo general y derivación/coordinación sanitaria en etapa perinatal.;alto;etapa_vital;Consulta sanitaria embarazo;Listar dudas de alimentación, suplementos y seguridad alimentaria para matrona/médico.;Coordinar etapa perinatal.;alto;según etapa;etapa_vital;alta;Adaptar a historia clínica declarada, medicación, analíticas, cultura, economía, preferencias, etapa vital, riesgo de TCA y competencias profesionales. Derivar si hay señales de alarma.
Nutrición por etapas vitales;Nutrición en menopausia;Cambios de composición corporal, saciedad, calcio, proteína y salud cardiovascular.;adultas;etapa_vital;medio;"NUT2_SRC013;NUT2_SRC014";Proteína objetivo;Asegurar proteína suficiente según objetivo, preferencias y contexto.;bajo;deportiva;Distribuir proteína diaria;Incluir fuente proteica en 3-4 comidas según objetivo.;Mejorar saciedad/músculo.;bajo;diario;deportiva;alta;Adaptar a historia clínica declarada, medicación, analíticas, cultura, economía, preferencias, etapa vital, riesgo de TCA y competencias profesionales. Derivar si hay señales de alarma.
Nutrición por etapas vitales;Nutrición en menopausia;Cambios de composición corporal, saciedad, calcio, proteína y salud cardiovascular.;adultas;etapa_vital;medio;"NUT2_SRC013;NUT2_SRC014";Plan de hidratación;Definir meta de agua y estrategias según clima, actividad y preferencias.;bajo;hábitos;Plan de hidratación;Definir botella/meta y momentos fijos de agua.;Mejorar hidratación.;bajo;diario;hábitos;media;Adaptar a historia clínica declarada, medicación, analíticas, cultura, economía, preferencias, etapa vital, riesgo de TCA y competencias profesionales. Derivar si hay señales de alarma.
Nutrición por etapas vitales;Nutrición en menopausia;Cambios de composición corporal, saciedad, calcio, proteína y salud cardiovascular.;adultas;etapa_vital;medio;"NUT2_SRC013;NUT2_SRC014";Señales de derivación nutricional/médica;Identificar pérdida involuntaria, síntomas, analíticas alteradas, TCA, embarazo o enfermedad.;alto;seguridad;Plan de derivación nutricional/médica;Identificar señal de alarma y profesional de referencia.;Aumentar seguridad.;alto;si aparece;seguridad;alta;Adaptar a historia clínica declarada, medicación, analíticas, cultura, economía, preferencias, etapa vital, riesgo de TCA y competencias profesionales. Derivar si hay señales de alarma.
Nutrición por etapas vitales;Nutrición en menopausia;Cambios de composición corporal, saciedad, calcio, proteína y salud cardiovascular.;adultas;etapa_vital;medio;"NUT2_SRC013;NUT2_SRC014";Señales de derivación nutricional/médica;Identificar pérdida involuntaria, síntomas, analíticas alteradas, TCA, embarazo o enfermedad.;alto;seguridad;Revisión de analítica/diagnóstico referido;Registrar dato aportado y recomendar coordinación con sanitario si hay patología.;No invadir ámbito médico.;alto;según caso;seguridad;alta;Adaptar a historia clínica declarada, medicación, analíticas, cultura, economía, preferencias, etapa vital, riesgo de TCA y competencias profesionales. Derivar si hay señales de alarma.
Nutrición por etapas vitales;Nutrición en mayores;Riesgo de baja proteína, pérdida muscular, hidratación y apetito bajo.;mayores;etapa_vital;alto;"NUT2_SRC015;NUT2_SRC014";Nutrición en menopausia;Trabajar proteína, fibra, calcio, salud cardiovascular y composición corporal.;medio;etapa_vital;Plan menopausia básico;Revisar proteína, fibra, calcio, fuerza, alcohol y sueño.;Apoyar etapa vital.;medio;mensual;etapa_vital;media;Adaptar a historia clínica declarada, medicación, analíticas, cultura, economía, preferencias, etapa vital, riesgo de TCA y competencias profesionales. Derivar si hay señales de alarma.
Nutrición por etapas vitales;Nutrición en mayores;Riesgo de baja proteína, pérdida muscular, hidratación y apetito bajo.;mayores;etapa_vital;alto;"NUT2_SRC015;NUT2_SRC014";Nutrición en menopausia;Trabajar proteína, fibra, calcio, salud cardiovascular y composición corporal.;medio;etapa_vital;Plan de calcio/vitamina D en etapa vital;Revisar fuentes alimentarias y derivación si hay dudas o analítica.;Apoyar salud ósea.;medio;mensual;etapa_vital;media;Adaptar a historia clínica declarada, medicación, analíticas, cultura, economía, preferencias, etapa vital, riesgo de TCA y competencias profesionales. Derivar si hay señales de alarma.
Nutrición por etapas vitales;Nutrición en mayores;Riesgo de baja proteína, pérdida muscular, hidratación y apetito bajo.;mayores;etapa_vital;alto;"NUT2_SRC015;NUT2_SRC014";Nutrición en mayores;Priorizar proteína, energía, hidratación, textura y prevención de riesgo nutricional.;alto;etapa_vital;Plan proteína en mayores;Asegurar proteína repartida y textura aceptada.;Preservar masa muscular.;alto;diario;etapa_vital;alta;Adaptar a historia clínica declarada, medicación, analíticas, cultura, economía, preferencias, etapa vital, riesgo de TCA y competencias profesionales. Derivar si hay señales de alarma.
Nutrición por etapas vitales;Nutrición en mayores;Riesgo de baja proteína, pérdida muscular, hidratación y apetito bajo.;mayores;etapa_vital;alto;"NUT2_SRC015;NUT2_SRC014";Nutrición en mayores;Priorizar proteína, energía, hidratación, textura y prevención de riesgo nutricional.;alto;etapa_vital;Registro apetito mayores;Anotar apetito, ingesta, peso, hidratación y barreras.;Detectar riesgo nutricional.;alto;7 días;etapa_vital;alta;Adaptar a historia clínica declarada, medicación, analíticas, cultura, economía, preferencias, etapa vital, riesgo de TCA y competencias profesionales. Derivar si hay señales de alarma.
Nutrición por etapas vitales;Nutrición en mayores;Riesgo de baja proteína, pérdida muscular, hidratación y apetito bajo.;mayores;etapa_vital;alto;"NUT2_SRC015;NUT2_SRC014";Nutrición embarazo/posparto coordinada;Apoyo general y derivación/coordinación sanitaria en etapa perinatal.;alto;etapa_vital;Consulta sanitaria embarazo;Listar dudas de alimentación, suplementos y seguridad alimentaria para matrona/médico.;Coordinar etapa perinatal.;alto;según etapa;etapa_vital;alta;Adaptar a historia clínica declarada, medicación, analíticas, cultura, economía, preferencias, etapa vital, riesgo de TCA y competencias profesionales. Derivar si hay señales de alarma.
Nutrición por etapas vitales;Nutrición en mayores;Riesgo de baja proteína, pérdida muscular, hidratación y apetito bajo.;mayores;etapa_vital;alto;"NUT2_SRC015;NUT2_SRC014";Proteína objetivo;Asegurar proteína suficiente según objetivo, preferencias y contexto.;bajo;deportiva;Distribuir proteína diaria;Incluir fuente proteica en 3-4 comidas según objetivo.;Mejorar saciedad/músculo.;bajo;diario;deportiva;alta;Adaptar a historia clínica declarada, medicación, analíticas, cultura, economía, preferencias, etapa vital, riesgo de TCA y competencias profesionales. Derivar si hay señales de alarma.
Nutrición por etapas vitales;Nutrición en mayores;Riesgo de baja proteína, pérdida muscular, hidratación y apetito bajo.;mayores;etapa_vital;alto;"NUT2_SRC015;NUT2_SRC014";Plan de hidratación;Definir meta de agua y estrategias según clima, actividad y preferencias.;bajo;hábitos;Plan de hidratación;Definir botella/meta y momentos fijos de agua.;Mejorar hidratación.;bajo;diario;hábitos;media;Adaptar a historia clínica declarada, medicación, analíticas, cultura, economía, preferencias, etapa vital, riesgo de TCA y competencias profesionales. Derivar si hay señales de alarma.
Nutrición por etapas vitales;Nutrición en mayores;Riesgo de baja proteína, pérdida muscular, hidratación y apetito bajo.;mayores;etapa_vital;alto;"NUT2_SRC015;NUT2_SRC014";Señales de derivación nutricional/médica;Identificar pérdida involuntaria, síntomas, analíticas alteradas, TCA, embarazo o enfermedad.;alto;seguridad;Plan de derivación nutricional/médica;Identificar señal de alarma y profesional de referencia.;Aumentar seguridad.;alto;si aparece;seguridad;alta;Adaptar a historia clínica declarada, medicación, analíticas, cultura, economía, preferencias, etapa vital, riesgo de TCA y competencias profesionales. Derivar si hay señales de alarma.
Nutrición por etapas vitales;Nutrición en mayores;Riesgo de baja proteína, pérdida muscular, hidratación y apetito bajo.;mayores;etapa_vital;alto;"NUT2_SRC015;NUT2_SRC014";Señales de derivación nutricional/médica;Identificar pérdida involuntaria, síntomas, analíticas alteradas, TCA, embarazo o enfermedad.;alto;seguridad;Revisión de analítica/diagnóstico referido;Registrar dato aportado y recomendar coordinación con sanitario si hay patología.;No invadir ámbito médico.;alto;según caso;seguridad;alta;Adaptar a historia clínica declarada, medicación, analíticas, cultura, economía, preferencias, etapa vital, riesgo de TCA y competencias profesionales. Derivar si hay señales de alarma.
Nutrición por etapas vitales;Pérdida de apetito en mayores;Disminución de ingesta que puede afectar peso y masa muscular.;mayores;derivación/coordinación;alto;NUT2_SRC015;Nutrición en menopausia;Trabajar proteína, fibra, calcio, salud cardiovascular y composición corporal.;medio;etapa_vital;Plan menopausia básico;Revisar proteína, fibra, calcio, fuerza, alcohol y sueño.;Apoyar etapa vital.;medio;mensual;etapa_vital;media;Adaptar a historia clínica declarada, medicación, analíticas, cultura, economía, preferencias, etapa vital, riesgo de TCA y competencias profesionales. Derivar si hay señales de alarma.
Nutrición por etapas vitales;Pérdida de apetito en mayores;Disminución de ingesta que puede afectar peso y masa muscular.;mayores;derivación/coordinación;alto;NUT2_SRC015;Nutrición en menopausia;Trabajar proteína, fibra, calcio, salud cardiovascular y composición corporal.;medio;etapa_vital;Plan de calcio/vitamina D en etapa vital;Revisar fuentes alimentarias y derivación si hay dudas o analítica.;Apoyar salud ósea.;medio;mensual;etapa_vital;media;Adaptar a historia clínica declarada, medicación, analíticas, cultura, economía, preferencias, etapa vital, riesgo de TCA y competencias profesionales. Derivar si hay señales de alarma.
Nutrición por etapas vitales;Pérdida de apetito en mayores;Disminución de ingesta que puede afectar peso y masa muscular.;mayores;derivación/coordinación;alto;NUT2_SRC015;Nutrición en mayores;Priorizar proteína, energía, hidratación, textura y prevención de riesgo nutricional.;alto;etapa_vital;Plan proteína en mayores;Asegurar proteína repartida y textura aceptada.;Preservar masa muscular.;alto;diario;etapa_vital;alta;Adaptar a historia clínica declarada, medicación, analíticas, cultura, economía, preferencias, etapa vital, riesgo de TCA y competencias profesionales. Derivar si hay señales de alarma.
Nutrición por etapas vitales;Pérdida de apetito en mayores;Disminución de ingesta que puede afectar peso y masa muscular.;mayores;derivación/coordinación;alto;NUT2_SRC015;Nutrición en mayores;Priorizar proteína, energía, hidratación, textura y prevención de riesgo nutricional.;alto;etapa_vital;Registro apetito mayores;Anotar apetito, ingesta, peso, hidratación y barreras.;Detectar riesgo nutricional.;alto;7 días;etapa_vital;alta;Adaptar a historia clínica declarada, medicación, analíticas, cultura, economía, preferencias, etapa vital, riesgo de TCA y competencias profesionales. Derivar si hay señales de alarma.
Nutrición por etapas vitales;Pérdida de apetito en mayores;Disminución de ingesta que puede afectar peso y masa muscular.;mayores;derivación/coordinación;alto;NUT2_SRC015;Nutrición embarazo/posparto coordinada;Apoyo general y derivación/coordinación sanitaria en etapa perinatal.;alto;etapa_vital;Consulta sanitaria embarazo;Listar dudas de alimentación, suplementos y seguridad alimentaria para matrona/médico.;Coordinar etapa perinatal.;alto;según etapa;etapa_vital;alta;Adaptar a historia clínica declarada, medicación, analíticas, cultura, economía, preferencias, etapa vital, riesgo de TCA y competencias profesionales. Derivar si hay señales de alarma.
Nutrición por etapas vitales;Pérdida de apetito en mayores;Disminución de ingesta que puede afectar peso y masa muscular.;mayores;derivación/coordinación;alto;NUT2_SRC015;Proteína objetivo;Asegurar proteína suficiente según objetivo, preferencias y contexto.;bajo;deportiva;Distribuir proteína diaria;Incluir fuente proteica en 3-4 comidas según objetivo.;Mejorar saciedad/músculo.;bajo;diario;deportiva;alta;Adaptar a historia clínica declarada, medicación, analíticas, cultura, economía, preferencias, etapa vital, riesgo de TCA y competencias profesionales. Derivar si hay señales de alarma.
Nutrición por etapas vitales;Pérdida de apetito en mayores;Disminución de ingesta que puede afectar peso y masa muscular.;mayores;derivación/coordinación;alto;NUT2_SRC015;Plan de hidratación;Definir meta de agua y estrategias según clima, actividad y preferencias.;bajo;hábitos;Plan de hidratación;Definir botella/meta y momentos fijos de agua.;Mejorar hidratación.;bajo;diario;hábitos;media;Adaptar a historia clínica declarada, medicación, analíticas, cultura, economía, preferencias, etapa vital, riesgo de TCA y competencias profesionales. Derivar si hay señales de alarma.
Nutrición por etapas vitales;Pérdida de apetito en mayores;Disminución de ingesta que puede afectar peso y masa muscular.;mayores;derivación/coordinación;alto;NUT2_SRC015;Señales de derivación nutricional/médica;Identificar pérdida involuntaria, síntomas, analíticas alteradas, TCA, embarazo o enfermedad.;alto;seguridad;Plan de derivación nutricional/médica;Identificar señal de alarma y profesional de referencia.;Aumentar seguridad.;alto;si aparece;seguridad;alta;Adaptar a historia clínica declarada, medicación, analíticas, cultura, economía, preferencias, etapa vital, riesgo de TCA y competencias profesionales. Derivar si hay señales de alarma.
Nutrición por etapas vitales;Pérdida de apetito en mayores;Disminución de ingesta que puede afectar peso y masa muscular.;mayores;derivación/coordinación;alto;NUT2_SRC015;Señales de derivación nutricional/médica;Identificar pérdida involuntaria, síntomas, analíticas alteradas, TCA, embarazo o enfermedad.;alto;seguridad;Revisión de analítica/diagnóstico referido;Registrar dato aportado y recomendar coordinación con sanitario si hay patología.;No invadir ámbito médico.;alto;según caso;seguridad;alta;Adaptar a historia clínica declarada, medicación, analíticas, cultura, economía, preferencias, etapa vital, riesgo de TCA y competencias profesionales. Derivar si hay señales de alarma.
Dietas especiales y preferencias;Dieta vegetariana equilibrada;Planificar proteína, hierro, B12, omega-3 y variedad.;general;dieta_especial;medio;"NUT2_SRC014;NUT2_SRC004";Plan vegetariano/vegano equilibrado;Asegurar proteína, B12, hierro, calcio, omega-3 y variedad.;medio;dieta_especial;Menú vegetariano proteico;Planificar 3 comidas vegetarianas con proteína clara.;Equilibrar dieta vegetariana.;medio;semanal;dieta_especial;media;Adaptar a historia clínica declarada, medicación, analíticas, cultura, economía, preferencias, etapa vital, riesgo de TCA y competencias profesionales. Derivar si hay señales de alarma.
Dietas especiales y preferencias;Dieta vegetariana equilibrada;Planificar proteína, hierro, B12, omega-3 y variedad.;general;dieta_especial;medio;"NUT2_SRC014;NUT2_SRC004";Plan vegetariano/vegano equilibrado;Asegurar proteína, B12, hierro, calcio, omega-3 y variedad.;medio;dieta_especial;Checklist vegano B12;Registrar suplementación B12/seguimiento sanitario si dieta vegana.;Prevenir déficit.;alto;mensual;dieta_especial;media;Adaptar a historia clínica declarada, medicación, analíticas, cultura, economía, preferencias, etapa vital, riesgo de TCA y competencias profesionales. Derivar si hay señales de alarma.
Dietas especiales y preferencias;Dieta vegetariana equilibrada;Planificar proteína, hierro, B12, omega-3 y variedad.;general;dieta_especial;medio;"NUT2_SRC014;NUT2_SRC004";Adaptación cultural y preferencias;Diseñar pautas respetando cultura, religión, economía, gustos y disponibilidad.;bajo;dieta_especial;Adaptación cultural de menú;Sustituir alimentos del plan por equivalentes culturalmente adecuados.;Aumentar adherencia.;bajo;según plan;dieta_especial;media;Adaptar a historia clínica declarada, medicación, analíticas, cultura, economía, preferencias, etapa vital, riesgo de TCA y competencias profesionales. Derivar si hay señales de alarma.
Dietas especiales y preferencias;Dieta vegetariana equilibrada;Planificar proteína, hierro, B12, omega-3 y variedad.;general;dieta_especial;medio;"NUT2_SRC014;NUT2_SRC004";Educación sin gluten segura;Explicar gluten, contaminación cruzada y alternativas si hay celiaquía diagnosticada.;alto;dieta_especial;Checklist sin gluten seguro;Revisar etiqueta, contaminación cruzada y utensilios si celiaquía confirmada.;Aumentar seguridad alimentaria.;alto;semanal;dieta_especial;alta;Adaptar a historia clínica declarada, medicación, analíticas, cultura, economía, preferencias, etapa vital, riesgo de TCA y competencias profesionales. Derivar si hay señales de alarma.
Dietas especiales y preferencias;Dieta vegetariana equilibrada;Planificar proteína, hierro, B12, omega-3 y variedad.;general;dieta_especial;medio;"NUT2_SRC014;NUT2_SRC004";Protocolo de eliminación/reintroducción supervisado;Eliminar solo lo necesario y reintroducir de forma estructurada.;medio;digestiva;Prueba estructurada de tolerancia;Eliminar/reintroducir solo bajo criterio profesional y con registro.;Identificar tolerancias.;medio;variable;digestiva;media;Adaptar a historia clínica declarada, medicación, analíticas, cultura, economía, preferencias, etapa vital, riesgo de TCA y competencias profesionales. Derivar si hay señales de alarma.
Dietas especiales y preferencias;Dieta vegetariana equilibrada;Planificar proteína, hierro, B12, omega-3 y variedad.;general;dieta_especial;medio;"NUT2_SRC014;NUT2_SRC004";Suplementación segura;Evaluar necesidad, evidencia, dosis, interacciones y derivación si procede.;medio;suplementación;Revisión suplemento actual;Listar suplementos, dosis, motivo, coste y evidencia/seguridad.;Evitar exceso o riesgo.;medio;30 min;suplementación;media;Adaptar a historia clínica declarada, medicación, analíticas, cultura, economía, preferencias, etapa vital, riesgo de TCA y competencias profesionales. Derivar si hay señales de alarma.
Dietas especiales y preferencias;Dieta vegetariana equilibrada;Planificar proteína, hierro, B12, omega-3 y variedad.;general;dieta_especial;medio;"NUT2_SRC014;NUT2_SRC004";Suplementación segura;Evaluar necesidad, evidencia, dosis, interacciones y derivación si procede.;medio;suplementación;Revisión de suplementos con profesional sanitario;Consultar si hay enfermedad, medicación, embarazo, analíticas o dosis altas.;Evitar riesgos.;alto;si procede;suplementación;media;Adaptar a historia clínica declarada, medicación, analíticas, cultura, economía, preferencias, etapa vital, riesgo de TCA y competencias profesionales. Derivar si hay señales de alarma.
Dietas especiales y preferencias;Dieta vegetariana equilibrada;Planificar proteína, hierro, B12, omega-3 y variedad.;general;dieta_especial;medio;"NUT2_SRC014;NUT2_SRC004";Señales de derivación nutricional/médica;Identificar pérdida involuntaria, síntomas, analíticas alteradas, TCA, embarazo o enfermedad.;alto;seguridad;Plan de derivación nutricional/médica;Identificar señal de alarma y profesional de referencia.;Aumentar seguridad.;alto;si aparece;seguridad;alta;Adaptar a historia clínica declarada, medicación, analíticas, cultura, economía, preferencias, etapa vital, riesgo de TCA y competencias profesionales. Derivar si hay señales de alarma.
Dietas especiales y preferencias;Dieta vegetariana equilibrada;Planificar proteína, hierro, B12, omega-3 y variedad.;general;dieta_especial;medio;"NUT2_SRC014;NUT2_SRC004";Señales de derivación nutricional/médica;Identificar pérdida involuntaria, síntomas, analíticas alteradas, TCA, embarazo o enfermedad.;alto;seguridad;Revisión de analítica/diagnóstico referido;Registrar dato aportado y recomendar coordinación con sanitario si hay patología.;No invadir ámbito médico.;alto;según caso;seguridad;alta;Adaptar a historia clínica declarada, medicación, analíticas, cultura, economía, preferencias, etapa vital, riesgo de TCA y competencias profesionales. Derivar si hay señales de alarma.
Dietas especiales y preferencias;Dieta vegana equilibrada;Planificación de B12, proteína, hierro, calcio, omega-3 y alimentos clave.;general;dieta_especial;alto;"NUT2_SRC014;NUT2_SRC004";Plan vegetariano/vegano equilibrado;Asegurar proteína, B12, hierro, calcio, omega-3 y variedad.;medio;dieta_especial;Menú vegetariano proteico;Planificar 3 comidas vegetarianas con proteína clara.;Equilibrar dieta vegetariana.;medio;semanal;dieta_especial;media;Adaptar a historia clínica declarada, medicación, analíticas, cultura, economía, preferencias, etapa vital, riesgo de TCA y competencias profesionales. Derivar si hay señales de alarma.
Dietas especiales y preferencias;Dieta vegana equilibrada;Planificación de B12, proteína, hierro, calcio, omega-3 y alimentos clave.;general;dieta_especial;alto;"NUT2_SRC014;NUT2_SRC004";Plan vegetariano/vegano equilibrado;Asegurar proteína, B12, hierro, calcio, omega-3 y variedad.;medio;dieta_especial;Checklist vegano B12;Registrar suplementación B12/seguimiento sanitario si dieta vegana.;Prevenir déficit.;alto;mensual;dieta_especial;media;Adaptar a historia clínica declarada, medicación, analíticas, cultura, economía, preferencias, etapa vital, riesgo de TCA y competencias profesionales. Derivar si hay señales de alarma.
Dietas especiales y preferencias;Dieta vegana equilibrada;Planificación de B12, proteína, hierro, calcio, omega-3 y alimentos clave.;general;dieta_especial;alto;"NUT2_SRC014;NUT2_SRC004";Adaptación cultural y preferencias;Diseñar pautas respetando cultura, religión, economía, gustos y disponibilidad.;bajo;dieta_especial;Adaptación cultural de menú;Sustituir alimentos del plan por equivalentes culturalmente adecuados.;Aumentar adherencia.;bajo;según plan;dieta_especial;media;Adaptar a historia clínica declarada, medicación, analíticas, cultura, economía, preferencias, etapa vital, riesgo de TCA y competencias profesionales. Derivar si hay señales de alarma.
Dietas especiales y preferencias;Dieta vegana equilibrada;Planificación de B12, proteína, hierro, calcio, omega-3 y alimentos clave.;general;dieta_especial;alto;"NUT2_SRC014;NUT2_SRC004";Educación sin gluten segura;Explicar gluten, contaminación cruzada y alternativas si hay celiaquía diagnosticada.;alto;dieta_especial;Checklist sin gluten seguro;Revisar etiqueta, contaminación cruzada y utensilios si celiaquía confirmada.;Aumentar seguridad alimentaria.;alto;semanal;dieta_especial;alta;Adaptar a historia clínica declarada, medicación, analíticas, cultura, economía, preferencias, etapa vital, riesgo de TCA y competencias profesionales. Derivar si hay señales de alarma.
Dietas especiales y preferencias;Dieta vegana equilibrada;Planificación de B12, proteína, hierro, calcio, omega-3 y alimentos clave.;general;dieta_especial;alto;"NUT2_SRC014;NUT2_SRC004";Protocolo de eliminación/reintroducción supervisado;Eliminar solo lo necesario y reintroducir de forma estructurada.;medio;digestiva;Prueba estructurada de tolerancia;Eliminar/reintroducir solo bajo criterio profesional y con registro.;Identificar tolerancias.;medio;variable;digestiva;media;Adaptar a historia clínica declarada, medicación, analíticas, cultura, economía, preferencias, etapa vital, riesgo de TCA y competencias profesionales. Derivar si hay señales de alarma.
Dietas especiales y preferencias;Dieta vegana equilibrada;Planificación de B12, proteína, hierro, calcio, omega-3 y alimentos clave.;general;dieta_especial;alto;"NUT2_SRC014;NUT2_SRC004";Suplementación segura;Evaluar necesidad, evidencia, dosis, interacciones y derivación si procede.;medio;suplementación;Revisión suplemento actual;Listar suplementos, dosis, motivo, coste y evidencia/seguridad.;Evitar exceso o riesgo.;medio;30 min;suplementación;media;Adaptar a historia clínica declarada, medicación, analíticas, cultura, economía, preferencias, etapa vital, riesgo de TCA y competencias profesionales. Derivar si hay señales de alarma.
Dietas especiales y preferencias;Dieta vegana equilibrada;Planificación de B12, proteína, hierro, calcio, omega-3 y alimentos clave.;general;dieta_especial;alto;"NUT2_SRC014;NUT2_SRC004";Suplementación segura;Evaluar necesidad, evidencia, dosis, interacciones y derivación si procede.;medio;suplementación;Revisión de suplementos con profesional sanitario;Consultar si hay enfermedad, medicación, embarazo, analíticas o dosis altas.;Evitar riesgos.;alto;si procede;suplementación;media;Adaptar a historia clínica declarada, medicación, analíticas, cultura, economía, preferencias, etapa vital, riesgo de TCA y competencias profesionales. Derivar si hay señales de alarma.
Dietas especiales y preferencias;Dieta vegana equilibrada;Planificación de B12, proteína, hierro, calcio, omega-3 y alimentos clave.;general;dieta_especial;alto;"NUT2_SRC014;NUT2_SRC004";Señales de derivación nutricional/médica;Identificar pérdida involuntaria, síntomas, analíticas alteradas, TCA, embarazo o enfermedad.;alto;seguridad;Plan de derivación nutricional/médica;Identificar señal de alarma y profesional de referencia.;Aumentar seguridad.;alto;si aparece;seguridad;alta;Adaptar a historia clínica declarada, medicación, analíticas, cultura, economía, preferencias, etapa vital, riesgo de TCA y competencias profesionales. Derivar si hay señales de alarma.
Dietas especiales y preferencias;Dieta vegana equilibrada;Planificación de B12, proteína, hierro, calcio, omega-3 y alimentos clave.;general;dieta_especial;alto;"NUT2_SRC014;NUT2_SRC004";Señales de derivación nutricional/médica;Identificar pérdida involuntaria, síntomas, analíticas alteradas, TCA, embarazo o enfermedad.;alto;seguridad;Revisión de analítica/diagnóstico referido;Registrar dato aportado y recomendar coordinación con sanitario si hay patología.;No invadir ámbito médico.;alto;según caso;seguridad;alta;Adaptar a historia clínica declarada, medicación, analíticas, cultura, economía, preferencias, etapa vital, riesgo de TCA y competencias profesionales. Derivar si hay señales de alarma.
Dietas especiales y preferencias;Dieta sin gluten por celiaquía;Adherencia y contaminación cruzada tras diagnóstico confirmado.;general;dieta_especial;alto;NUT2_SRC018;Plan vegetariano/vegano equilibrado;Asegurar proteína, B12, hierro, calcio, omega-3 y variedad.;medio;dieta_especial;Menú vegetariano proteico;Planificar 3 comidas vegetarianas con proteína clara.;Equilibrar dieta vegetariana.;medio;semanal;dieta_especial;media;Adaptar a historia clínica declarada, medicación, analíticas, cultura, economía, preferencias, etapa vital, riesgo de TCA y competencias profesionales. Derivar si hay señales de alarma.
Dietas especiales y preferencias;Dieta sin gluten por celiaquía;Adherencia y contaminación cruzada tras diagnóstico confirmado.;general;dieta_especial;alto;NUT2_SRC018;Plan vegetariano/vegano equilibrado;Asegurar proteína, B12, hierro, calcio, omega-3 y variedad.;medio;dieta_especial;Checklist vegano B12;Registrar suplementación B12/seguimiento sanitario si dieta vegana.;Prevenir déficit.;alto;mensual;dieta_especial;media;Adaptar a historia clínica declarada, medicación, analíticas, cultura, economía, preferencias, etapa vital, riesgo de TCA y competencias profesionales. Derivar si hay señales de alarma.
Dietas especiales y preferencias;Dieta sin gluten por celiaquía;Adherencia y contaminación cruzada tras diagnóstico confirmado.;general;dieta_especial;alto;NUT2_SRC018;Adaptación cultural y preferencias;Diseñar pautas respetando cultura, religión, economía, gustos y disponibilidad.;bajo;dieta_especial;Adaptación cultural de menú;Sustituir alimentos del plan por equivalentes culturalmente adecuados.;Aumentar adherencia.;bajo;según plan;dieta_especial;media;Adaptar a historia clínica declarada, medicación, analíticas, cultura, economía, preferencias, etapa vital, riesgo de TCA y competencias profesionales. Derivar si hay señales de alarma.
Dietas especiales y preferencias;Dieta sin gluten por celiaquía;Adherencia y contaminación cruzada tras diagnóstico confirmado.;general;dieta_especial;alto;NUT2_SRC018;Educación sin gluten segura;Explicar gluten, contaminación cruzada y alternativas si hay celiaquía diagnosticada.;alto;dieta_especial;Checklist sin gluten seguro;Revisar etiqueta, contaminación cruzada y utensilios si celiaquía confirmada.;Aumentar seguridad alimentaria.;alto;semanal;dieta_especial;alta;Adaptar a historia clínica declarada, medicación, analíticas, cultura, economía, preferencias, etapa vital, riesgo de TCA y competencias profesionales. Derivar si hay señales de alarma.
Dietas especiales y preferencias;Dieta sin gluten por celiaquía;Adherencia y contaminación cruzada tras diagnóstico confirmado.;general;dieta_especial;alto;NUT2_SRC018;Protocolo de eliminación/reintroducción supervisado;Eliminar solo lo necesario y reintroducir de forma estructurada.;medio;digestiva;Prueba estructurada de tolerancia;Eliminar/reintroducir solo bajo criterio profesional y con registro.;Identificar tolerancias.;medio;variable;digestiva;media;Adaptar a historia clínica declarada, medicación, analíticas, cultura, economía, preferencias, etapa vital, riesgo de TCA y competencias profesionales. Derivar si hay señales de alarma.
Dietas especiales y preferencias;Dieta sin gluten por celiaquía;Adherencia y contaminación cruzada tras diagnóstico confirmado.;general;dieta_especial;alto;NUT2_SRC018;Suplementación segura;Evaluar necesidad, evidencia, dosis, interacciones y derivación si procede.;medio;suplementación;Revisión suplemento actual;Listar suplementos, dosis, motivo, coste y evidencia/seguridad.;Evitar exceso o riesgo.;medio;30 min;suplementación;media;Adaptar a historia clínica declarada, medicación, analíticas, cultura, economía, preferencias, etapa vital, riesgo de TCA y competencias profesionales. Derivar si hay señales de alarma.
Dietas especiales y preferencias;Dieta sin gluten por celiaquía;Adherencia y contaminación cruzada tras diagnóstico confirmado.;general;dieta_especial;alto;NUT2_SRC018;Suplementación segura;Evaluar necesidad, evidencia, dosis, interacciones y derivación si procede.;medio;suplementación;Revisión de suplementos con profesional sanitario;Consultar si hay enfermedad, medicación, embarazo, analíticas o dosis altas.;Evitar riesgos.;alto;si procede;suplementación;media;Adaptar a historia clínica declarada, medicación, analíticas, cultura, economía, preferencias, etapa vital, riesgo de TCA y competencias profesionales. Derivar si hay señales de alarma.
Dietas especiales y preferencias;Dieta sin gluten por celiaquía;Adherencia y contaminación cruzada tras diagnóstico confirmado.;general;dieta_especial;alto;NUT2_SRC018;Señales de derivación nutricional/médica;Identificar pérdida involuntaria, síntomas, analíticas alteradas, TCA, embarazo o enfermedad.;alto;seguridad;Plan de derivación nutricional/médica;Identificar señal de alarma y profesional de referencia.;Aumentar seguridad.;alto;si aparece;seguridad;alta;Adaptar a historia clínica declarada, medicación, analíticas, cultura, economía, preferencias, etapa vital, riesgo de TCA y competencias profesionales. Derivar si hay señales de alarma.
Dietas especiales y preferencias;Dieta sin gluten por celiaquía;Adherencia y contaminación cruzada tras diagnóstico confirmado.;general;dieta_especial;alto;NUT2_SRC018;Señales de derivación nutricional/médica;Identificar pérdida involuntaria, síntomas, analíticas alteradas, TCA, embarazo o enfermedad.;alto;seguridad;Revisión de analítica/diagnóstico referido;Registrar dato aportado y recomendar coordinación con sanitario si hay patología.;No invadir ámbito médico.;alto;según caso;seguridad;alta;Adaptar a historia clínica declarada, medicación, analíticas, cultura, economía, preferencias, etapa vital, riesgo de TCA y competencias profesionales. Derivar si hay señales de alarma.
Dietas especiales y preferencias;Dieta sin lactosa no planificada;Evitar lácteos sin estrategia de calcio/proteína o sin prueba clara.;general;dieta_especial;medio;NUT2_SRC014;Plan vegetariano/vegano equilibrado;Asegurar proteína, B12, hierro, calcio, omega-3 y variedad.;medio;dieta_especial;Menú vegetariano proteico;Planificar 3 comidas vegetarianas con proteína clara.;Equilibrar dieta vegetariana.;medio;semanal;dieta_especial;media;Adaptar a historia clínica declarada, medicación, analíticas, cultura, economía, preferencias, etapa vital, riesgo de TCA y competencias profesionales. Derivar si hay señales de alarma.
Dietas especiales y preferencias;Dieta sin lactosa no planificada;Evitar lácteos sin estrategia de calcio/proteína o sin prueba clara.;general;dieta_especial;medio;NUT2_SRC014;Plan vegetariano/vegano equilibrado;Asegurar proteína, B12, hierro, calcio, omega-3 y variedad.;medio;dieta_especial;Checklist vegano B12;Registrar suplementación B12/seguimiento sanitario si dieta vegana.;Prevenir déficit.;alto;mensual;dieta_especial;media;Adaptar a historia clínica declarada, medicación, analíticas, cultura, economía, preferencias, etapa vital, riesgo de TCA y competencias profesionales. Derivar si hay señales de alarma.
Dietas especiales y preferencias;Dieta sin lactosa no planificada;Evitar lácteos sin estrategia de calcio/proteína o sin prueba clara.;general;dieta_especial;medio;NUT2_SRC014;Adaptación cultural y preferencias;Diseñar pautas respetando cultura, religión, economía, gustos y disponibilidad.;bajo;dieta_especial;Adaptación cultural de menú;Sustituir alimentos del plan por equivalentes culturalmente adecuados.;Aumentar adherencia.;bajo;según plan;dieta_especial;media;Adaptar a historia clínica declarada, medicación, analíticas, cultura, economía, preferencias, etapa vital, riesgo de TCA y competencias profesionales. Derivar si hay señales de alarma.
Dietas especiales y preferencias;Dieta sin lactosa no planificada;Evitar lácteos sin estrategia de calcio/proteína o sin prueba clara.;general;dieta_especial;medio;NUT2_SRC014;Educación sin gluten segura;Explicar gluten, contaminación cruzada y alternativas si hay celiaquía diagnosticada.;alto;dieta_especial;Checklist sin gluten seguro;Revisar etiqueta, contaminación cruzada y utensilios si celiaquía confirmada.;Aumentar seguridad alimentaria.;alto;semanal;dieta_especial;alta;Adaptar a historia clínica declarada, medicación, analíticas, cultura, economía, preferencias, etapa vital, riesgo de TCA y competencias profesionales. Derivar si hay señales de alarma.
Dietas especiales y preferencias;Dieta sin lactosa no planificada;Evitar lácteos sin estrategia de calcio/proteína o sin prueba clara.;general;dieta_especial;medio;NUT2_SRC014;Protocolo de eliminación/reintroducción supervisado;Eliminar solo lo necesario y reintroducir de forma estructurada.;medio;digestiva;Prueba estructurada de tolerancia;Eliminar/reintroducir solo bajo criterio profesional y con registro.;Identificar tolerancias.;medio;variable;digestiva;media;Adaptar a historia clínica declarada, medicación, analíticas, cultura, economía, preferencias, etapa vital, riesgo de TCA y competencias profesionales. Derivar si hay señales de alarma.
Dietas especiales y preferencias;Dieta sin lactosa no planificada;Evitar lácteos sin estrategia de calcio/proteína o sin prueba clara.;general;dieta_especial;medio;NUT2_SRC014;Suplementación segura;Evaluar necesidad, evidencia, dosis, interacciones y derivación si procede.;medio;suplementación;Revisión suplemento actual;Listar suplementos, dosis, motivo, coste y evidencia/seguridad.;Evitar exceso o riesgo.;medio;30 min;suplementación;media;Adaptar a historia clínica declarada, medicación, analíticas, cultura, economía, preferencias, etapa vital, riesgo de TCA y competencias profesionales. Derivar si hay señales de alarma.
Dietas especiales y preferencias;Dieta sin lactosa no planificada;Evitar lácteos sin estrategia de calcio/proteína o sin prueba clara.;general;dieta_especial;medio;NUT2_SRC014;Suplementación segura;Evaluar necesidad, evidencia, dosis, interacciones y derivación si procede.;medio;suplementación;Revisión de suplementos con profesional sanitario;Consultar si hay enfermedad, medicación, embarazo, analíticas o dosis altas.;Evitar riesgos.;alto;si procede;suplementación;media;Adaptar a historia clínica declarada, medicación, analíticas, cultura, economía, preferencias, etapa vital, riesgo de TCA y competencias profesionales. Derivar si hay señales de alarma.
Dietas especiales y preferencias;Dieta sin lactosa no planificada;Evitar lácteos sin estrategia de calcio/proteína o sin prueba clara.;general;dieta_especial;medio;NUT2_SRC014;Señales de derivación nutricional/médica;Identificar pérdida involuntaria, síntomas, analíticas alteradas, TCA, embarazo o enfermedad.;alto;seguridad;Plan de derivación nutricional/médica;Identificar señal de alarma y profesional de referencia.;Aumentar seguridad.;alto;si aparece;seguridad;alta;Adaptar a historia clínica declarada, medicación, analíticas, cultura, economía, preferencias, etapa vital, riesgo de TCA y competencias profesionales. Derivar si hay señales de alarma.
Dietas especiales y preferencias;Dieta sin lactosa no planificada;Evitar lácteos sin estrategia de calcio/proteína o sin prueba clara.;general;dieta_especial;medio;NUT2_SRC014;Señales de derivación nutricional/médica;Identificar pérdida involuntaria, síntomas, analíticas alteradas, TCA, embarazo o enfermedad.;alto;seguridad;Revisión de analítica/diagnóstico referido;Registrar dato aportado y recomendar coordinación con sanitario si hay patología.;No invadir ámbito médico.;alto;según caso;seguridad;alta;Adaptar a historia clínica declarada, medicación, analíticas, cultura, economía, preferencias, etapa vital, riesgo de TCA y competencias profesionales. Derivar si hay señales de alarma.
Dietas especiales y preferencias;Adaptación cultural/religiosa;Ajustar pauta a cultura, religión, horarios o disponibilidad de alimentos.;general;dieta_especial;bajo;"NUT2_SRC010;NUT2_SRC004";Plan vegetariano/vegano equilibrado;Asegurar proteína, B12, hierro, calcio, omega-3 y variedad.;medio;dieta_especial;Menú vegetariano proteico;Planificar 3 comidas vegetarianas con proteína clara.;Equilibrar dieta vegetariana.;medio;semanal;dieta_especial;media;Adaptar a historia clínica declarada, medicación, analíticas, cultura, economía, preferencias, etapa vital, riesgo de TCA y competencias profesionales. Derivar si hay señales de alarma.
Dietas especiales y preferencias;Adaptación cultural/religiosa;Ajustar pauta a cultura, religión, horarios o disponibilidad de alimentos.;general;dieta_especial;bajo;"NUT2_SRC010;NUT2_SRC004";Plan vegetariano/vegano equilibrado;Asegurar proteína, B12, hierro, calcio, omega-3 y variedad.;medio;dieta_especial;Checklist vegano B12;Registrar suplementación B12/seguimiento sanitario si dieta vegana.;Prevenir déficit.;alto;mensual;dieta_especial;media;Adaptar a historia clínica declarada, medicación, analíticas, cultura, economía, preferencias, etapa vital, riesgo de TCA y competencias profesionales. Derivar si hay señales de alarma.
Dietas especiales y preferencias;Adaptación cultural/religiosa;Ajustar pauta a cultura, religión, horarios o disponibilidad de alimentos.;general;dieta_especial;bajo;"NUT2_SRC010;NUT2_SRC004";Adaptación cultural y preferencias;Diseñar pautas respetando cultura, religión, economía, gustos y disponibilidad.;bajo;dieta_especial;Adaptación cultural de menú;Sustituir alimentos del plan por equivalentes culturalmente adecuados.;Aumentar adherencia.;bajo;según plan;dieta_especial;media;Adaptar a historia clínica declarada, medicación, analíticas, cultura, economía, preferencias, etapa vital, riesgo de TCA y competencias profesionales. Derivar si hay señales de alarma.
Dietas especiales y preferencias;Adaptación cultural/religiosa;Ajustar pauta a cultura, religión, horarios o disponibilidad de alimentos.;general;dieta_especial;bajo;"NUT2_SRC010;NUT2_SRC004";Educación sin gluten segura;Explicar gluten, contaminación cruzada y alternativas si hay celiaquía diagnosticada.;alto;dieta_especial;Checklist sin gluten seguro;Revisar etiqueta, contaminación cruzada y utensilios si celiaquía confirmada.;Aumentar seguridad alimentaria.;alto;semanal;dieta_especial;alta;Adaptar a historia clínica declarada, medicación, analíticas, cultura, economía, preferencias, etapa vital, riesgo de TCA y competencias profesionales. Derivar si hay señales de alarma.
Dietas especiales y preferencias;Adaptación cultural/religiosa;Ajustar pauta a cultura, religión, horarios o disponibilidad de alimentos.;general;dieta_especial;bajo;"NUT2_SRC010;NUT2_SRC004";Protocolo de eliminación/reintroducción supervisado;Eliminar solo lo necesario y reintroducir de forma estructurada.;medio;digestiva;Prueba estructurada de tolerancia;Eliminar/reintroducir solo bajo criterio profesional y con registro.;Identificar tolerancias.;medio;variable;digestiva;media;Adaptar a historia clínica declarada, medicación, analíticas, cultura, economía, preferencias, etapa vital, riesgo de TCA y competencias profesionales. Derivar si hay señales de alarma.
Dietas especiales y preferencias;Adaptación cultural/religiosa;Ajustar pauta a cultura, religión, horarios o disponibilidad de alimentos.;general;dieta_especial;bajo;"NUT2_SRC010;NUT2_SRC004";Suplementación segura;Evaluar necesidad, evidencia, dosis, interacciones y derivación si procede.;medio;suplementación;Revisión suplemento actual;Listar suplementos, dosis, motivo, coste y evidencia/seguridad.;Evitar exceso o riesgo.;medio;30 min;suplementación;media;Adaptar a historia clínica declarada, medicación, analíticas, cultura, economía, preferencias, etapa vital, riesgo de TCA y competencias profesionales. Derivar si hay señales de alarma.
Dietas especiales y preferencias;Adaptación cultural/religiosa;Ajustar pauta a cultura, religión, horarios o disponibilidad de alimentos.;general;dieta_especial;bajo;"NUT2_SRC010;NUT2_SRC004";Suplementación segura;Evaluar necesidad, evidencia, dosis, interacciones y derivación si procede.;medio;suplementación;Revisión de suplementos con profesional sanitario;Consultar si hay enfermedad, medicación, embarazo, analíticas o dosis altas.;Evitar riesgos.;alto;si procede;suplementación;media;Adaptar a historia clínica declarada, medicación, analíticas, cultura, economía, preferencias, etapa vital, riesgo de TCA y competencias profesionales. Derivar si hay señales de alarma.
Dietas especiales y preferencias;Adaptación cultural/religiosa;Ajustar pauta a cultura, religión, horarios o disponibilidad de alimentos.;general;dieta_especial;bajo;"NUT2_SRC010;NUT2_SRC004";Señales de derivación nutricional/médica;Identificar pérdida involuntaria, síntomas, analíticas alteradas, TCA, embarazo o enfermedad.;alto;seguridad;Plan de derivación nutricional/médica;Identificar señal de alarma y profesional de referencia.;Aumentar seguridad.;alto;si aparece;seguridad;alta;Adaptar a historia clínica declarada, medicación, analíticas, cultura, economía, preferencias, etapa vital, riesgo de TCA y competencias profesionales. Derivar si hay señales de alarma.
Dietas especiales y preferencias;Adaptación cultural/religiosa;Ajustar pauta a cultura, religión, horarios o disponibilidad de alimentos.;general;dieta_especial;bajo;"NUT2_SRC010;NUT2_SRC004";Señales de derivación nutricional/médica;Identificar pérdida involuntaria, síntomas, analíticas alteradas, TCA, embarazo o enfermedad.;alto;seguridad;Revisión de analítica/diagnóstico referido;Registrar dato aportado y recomendar coordinación con sanitario si hay patología.;No invadir ámbito médico.;alto;según caso;seguridad;alta;Adaptar a historia clínica declarada, medicación, analíticas, cultura, economía, preferencias, etapa vital, riesgo de TCA y competencias profesionales. Derivar si hay señales de alarma.
Riesgo nutricional y derivación;Bajo peso o pérdida involuntaria;Peso bajo o pérdida no intencional que requiere valoración sanitaria.;adultos/mayores;derivación;alto;NUT2_SRC015;Cribado de TCA y derivación;Detectar señales de trastorno alimentario o riesgo y derivar.;alto;seguridad;Cribado de señales TCA;Revisar pérdida control, purgas, restricción extrema, miedo intenso y derivación.;Detectar riesgo.;alto;si procede;seguridad;alta;Adaptar a historia clínica declarada, medicación, analíticas, cultura, economía, preferencias, etapa vital, riesgo de TCA y competencias profesionales. Derivar si hay señales de alarma.
Riesgo nutricional y derivación;Bajo peso o pérdida involuntaria;Peso bajo o pérdida no intencional que requiere valoración sanitaria.;adultos/mayores;derivación;alto;NUT2_SRC015;Nutrición en mayores;Priorizar proteína, energía, hidratación, textura y prevención de riesgo nutricional.;alto;etapa_vital;Plan proteína en mayores;Asegurar proteína repartida y textura aceptada.;Preservar masa muscular.;alto;diario;etapa_vital;alta;Adaptar a historia clínica declarada, medicación, analíticas, cultura, economía, preferencias, etapa vital, riesgo de TCA y competencias profesionales. Derivar si hay señales de alarma.
Riesgo nutricional y derivación;Bajo peso o pérdida involuntaria;Peso bajo o pérdida no intencional que requiere valoración sanitaria.;adultos/mayores;derivación;alto;NUT2_SRC015;Nutrición en mayores;Priorizar proteína, energía, hidratación, textura y prevención de riesgo nutricional.;alto;etapa_vital;Registro apetito mayores;Anotar apetito, ingesta, peso, hidratación y barreras.;Detectar riesgo nutricional.;alto;7 días;etapa_vital;alta;Adaptar a historia clínica declarada, medicación, analíticas, cultura, economía, preferencias, etapa vital, riesgo de TCA y competencias profesionales. Derivar si hay señales de alarma.
Riesgo nutricional y derivación;Bajo peso o pérdida involuntaria;Peso bajo o pérdida no intencional que requiere valoración sanitaria.;adultos/mayores;derivación;alto;NUT2_SRC015;Suplementación segura;Evaluar necesidad, evidencia, dosis, interacciones y derivación si procede.;medio;suplementación;Revisión suplemento actual;Listar suplementos, dosis, motivo, coste y evidencia/seguridad.;Evitar exceso o riesgo.;medio;30 min;suplementación;media;Adaptar a historia clínica declarada, medicación, analíticas, cultura, economía, preferencias, etapa vital, riesgo de TCA y competencias profesionales. Derivar si hay señales de alarma.
Riesgo nutricional y derivación;Bajo peso o pérdida involuntaria;Peso bajo o pérdida no intencional que requiere valoración sanitaria.;adultos/mayores;derivación;alto;NUT2_SRC015;Suplementación segura;Evaluar necesidad, evidencia, dosis, interacciones y derivación si procede.;medio;suplementación;Revisión de suplementos con profesional sanitario;Consultar si hay enfermedad, medicación, embarazo, analíticas o dosis altas.;Evitar riesgos.;alto;si procede;suplementación;media;Adaptar a historia clínica declarada, medicación, analíticas, cultura, economía, preferencias, etapa vital, riesgo de TCA y competencias profesionales. Derivar si hay señales de alarma.
Riesgo nutricional y derivación;Bajo peso o pérdida involuntaria;Peso bajo o pérdida no intencional que requiere valoración sanitaria.;adultos/mayores;derivación;alto;NUT2_SRC015;Señales de derivación nutricional/médica;Identificar pérdida involuntaria, síntomas, analíticas alteradas, TCA, embarazo o enfermedad.;alto;seguridad;Plan de derivación nutricional/médica;Identificar señal de alarma y profesional de referencia.;Aumentar seguridad.;alto;si aparece;seguridad;alta;Adaptar a historia clínica declarada, medicación, analíticas, cultura, economía, preferencias, etapa vital, riesgo de TCA y competencias profesionales. Derivar si hay señales de alarma.
Riesgo nutricional y derivación;Bajo peso o pérdida involuntaria;Peso bajo o pérdida no intencional que requiere valoración sanitaria.;adultos/mayores;derivación;alto;NUT2_SRC015;Señales de derivación nutricional/médica;Identificar pérdida involuntaria, síntomas, analíticas alteradas, TCA, embarazo o enfermedad.;alto;seguridad;Revisión de analítica/diagnóstico referido;Registrar dato aportado y recomendar coordinación con sanitario si hay patología.;No invadir ámbito médico.;alto;según caso;seguridad;alta;Adaptar a historia clínica declarada, medicación, analíticas, cultura, economía, preferencias, etapa vital, riesgo de TCA y competencias profesionales. Derivar si hay señales de alarma.
Riesgo nutricional y derivación;Bajo peso o pérdida involuntaria;Peso bajo o pérdida no intencional que requiere valoración sanitaria.;adultos/mayores;derivación;alto;NUT2_SRC015;Entrevista nutricional inicial;Recoger motivo, historia, horarios, gustos, salud, medicación, restricciones, objetivos y señales de derivación.;bajo;evaluación;Registro alimentario de 3 días;Registrar comidas, horarios, hambre, contexto y sensaciones sin cambiar nada inicialmente.;Conocer patrón real.;bajo;3 días;evaluación;media;Adaptar a historia clínica declarada, medicación, analíticas, cultura, economía, preferencias, etapa vital, riesgo de TCA y competencias profesionales. Derivar si hay señales de alarma.
Riesgo nutricional y derivación;Bajo peso o pérdida involuntaria;Peso bajo o pérdida no intencional que requiere valoración sanitaria.;adultos/mayores;derivación;alto;NUT2_SRC015;Seguimiento de adherencia;Medir cumplimiento de hábitos, barreras y ajustes sin culpabilizar.;bajo;seguimiento;Seguimiento de adherencia semanal;Marcar hábitos cumplidos, barreras y ajustes.;Ajustar sin culpabilizar.;bajo;semanal;seguimiento;media;Adaptar a historia clínica declarada, medicación, analíticas, cultura, economía, preferencias, etapa vital, riesgo de TCA y competencias profesionales. Derivar si hay señales de alarma.
Riesgo nutricional y derivación;Bajo peso o pérdida involuntaria;Peso bajo o pérdida no intencional que requiere valoración sanitaria.;adultos/mayores;derivación;alto;NUT2_SRC015;Seguimiento de adherencia;Medir cumplimiento de hábitos, barreras y ajustes sin culpabilizar.;bajo;seguimiento;Diario de energía y sueño;Registrar energía, sueño, hambre y rendimiento.;Relacionar recuperación y alimentación.;bajo;7 días;seguimiento;media;Adaptar a historia clínica declarada, medicación, analíticas, cultura, economía, preferencias, etapa vital, riesgo de TCA y competencias profesionales. Derivar si hay señales de alarma.
Riesgo nutricional y derivación;Riesgo de desnutrición;Ingesta insuficiente, fragilidad o enfermedad con riesgo nutricional.;adultos/mayores;derivación;alto;NUT2_SRC015;Cribado de TCA y derivación;Detectar señales de trastorno alimentario o riesgo y derivar.;alto;seguridad;Cribado de señales TCA;Revisar pérdida control, purgas, restricción extrema, miedo intenso y derivación.;Detectar riesgo.;alto;si procede;seguridad;alta;Adaptar a historia clínica declarada, medicación, analíticas, cultura, economía, preferencias, etapa vital, riesgo de TCA y competencias profesionales. Derivar si hay señales de alarma.
Riesgo nutricional y derivación;Riesgo de desnutrición;Ingesta insuficiente, fragilidad o enfermedad con riesgo nutricional.;adultos/mayores;derivación;alto;NUT2_SRC015;Nutrición en mayores;Priorizar proteína, energía, hidratación, textura y prevención de riesgo nutricional.;alto;etapa_vital;Plan proteína en mayores;Asegurar proteína repartida y textura aceptada.;Preservar masa muscular.;alto;diario;etapa_vital;alta;Adaptar a historia clínica declarada, medicación, analíticas, cultura, economía, preferencias, etapa vital, riesgo de TCA y competencias profesionales. Derivar si hay señales de alarma.
Riesgo nutricional y derivación;Riesgo de desnutrición;Ingesta insuficiente, fragilidad o enfermedad con riesgo nutricional.;adultos/mayores;derivación;alto;NUT2_SRC015;Nutrición en mayores;Priorizar proteína, energía, hidratación, textura y prevención de riesgo nutricional.;alto;etapa_vital;Registro apetito mayores;Anotar apetito, ingesta, peso, hidratación y barreras.;Detectar riesgo nutricional.;alto;7 días;etapa_vital;alta;Adaptar a historia clínica declarada, medicación, analíticas, cultura, economía, preferencias, etapa vital, riesgo de TCA y competencias profesionales. Derivar si hay señales de alarma.
Riesgo nutricional y derivación;Riesgo de desnutrición;Ingesta insuficiente, fragilidad o enfermedad con riesgo nutricional.;adultos/mayores;derivación;alto;NUT2_SRC015;Suplementación segura;Evaluar necesidad, evidencia, dosis, interacciones y derivación si procede.;medio;suplementación;Revisión suplemento actual;Listar suplementos, dosis, motivo, coste y evidencia/seguridad.;Evitar exceso o riesgo.;medio;30 min;suplementación;media;Adaptar a historia clínica declarada, medicación, analíticas, cultura, economía, preferencias, etapa vital, riesgo de TCA y competencias profesionales. Derivar si hay señales de alarma.
Riesgo nutricional y derivación;Riesgo de desnutrición;Ingesta insuficiente, fragilidad o enfermedad con riesgo nutricional.;adultos/mayores;derivación;alto;NUT2_SRC015;Suplementación segura;Evaluar necesidad, evidencia, dosis, interacciones y derivación si procede.;medio;suplementación;Revisión de suplementos con profesional sanitario;Consultar si hay enfermedad, medicación, embarazo, analíticas o dosis altas.;Evitar riesgos.;alto;si procede;suplementación;media;Adaptar a historia clínica declarada, medicación, analíticas, cultura, economía, preferencias, etapa vital, riesgo de TCA y competencias profesionales. Derivar si hay señales de alarma.
Riesgo nutricional y derivación;Riesgo de desnutrición;Ingesta insuficiente, fragilidad o enfermedad con riesgo nutricional.;adultos/mayores;derivación;alto;NUT2_SRC015;Señales de derivación nutricional/médica;Identificar pérdida involuntaria, síntomas, analíticas alteradas, TCA, embarazo o enfermedad.;alto;seguridad;Plan de derivación nutricional/médica;Identificar señal de alarma y profesional de referencia.;Aumentar seguridad.;alto;si aparece;seguridad;alta;Adaptar a historia clínica declarada, medicación, analíticas, cultura, economía, preferencias, etapa vital, riesgo de TCA y competencias profesionales. Derivar si hay señales de alarma.
Riesgo nutricional y derivación;Riesgo de desnutrición;Ingesta insuficiente, fragilidad o enfermedad con riesgo nutricional.;adultos/mayores;derivación;alto;NUT2_SRC015;Señales de derivación nutricional/médica;Identificar pérdida involuntaria, síntomas, analíticas alteradas, TCA, embarazo o enfermedad.;alto;seguridad;Revisión de analítica/diagnóstico referido;Registrar dato aportado y recomendar coordinación con sanitario si hay patología.;No invadir ámbito médico.;alto;según caso;seguridad;alta;Adaptar a historia clínica declarada, medicación, analíticas, cultura, economía, preferencias, etapa vital, riesgo de TCA y competencias profesionales. Derivar si hay señales de alarma.
Riesgo nutricional y derivación;Riesgo de desnutrición;Ingesta insuficiente, fragilidad o enfermedad con riesgo nutricional.;adultos/mayores;derivación;alto;NUT2_SRC015;Entrevista nutricional inicial;Recoger motivo, historia, horarios, gustos, salud, medicación, restricciones, objetivos y señales de derivación.;bajo;evaluación;Registro alimentario de 3 días;Registrar comidas, horarios, hambre, contexto y sensaciones sin cambiar nada inicialmente.;Conocer patrón real.;bajo;3 días;evaluación;media;Adaptar a historia clínica declarada, medicación, analíticas, cultura, economía, preferencias, etapa vital, riesgo de TCA y competencias profesionales. Derivar si hay señales de alarma.
Riesgo nutricional y derivación;Riesgo de desnutrición;Ingesta insuficiente, fragilidad o enfermedad con riesgo nutricional.;adultos/mayores;derivación;alto;NUT2_SRC015;Seguimiento de adherencia;Medir cumplimiento de hábitos, barreras y ajustes sin culpabilizar.;bajo;seguimiento;Seguimiento de adherencia semanal;Marcar hábitos cumplidos, barreras y ajustes.;Ajustar sin culpabilizar.;bajo;semanal;seguimiento;media;Adaptar a historia clínica declarada, medicación, analíticas, cultura, economía, preferencias, etapa vital, riesgo de TCA y competencias profesionales. Derivar si hay señales de alarma.
Riesgo nutricional y derivación;Riesgo de desnutrición;Ingesta insuficiente, fragilidad o enfermedad con riesgo nutricional.;adultos/mayores;derivación;alto;NUT2_SRC015;Seguimiento de adherencia;Medir cumplimiento de hábitos, barreras y ajustes sin culpabilizar.;bajo;seguimiento;Diario de energía y sueño;Registrar energía, sueño, hambre y rendimiento.;Relacionar recuperación y alimentación.;bajo;7 días;seguimiento;media;Adaptar a historia clínica declarada, medicación, analíticas, cultura, economía, preferencias, etapa vital, riesgo de TCA y competencias profesionales. Derivar si hay señales de alarma.
Riesgo nutricional y derivación;Señales de TCA;Restricción extrema, atracones, purgas, miedo intenso a peso o distorsión corporal.;general;derivación;alto;NUT2_SRC014;Cribado de TCA y derivación;Detectar señales de trastorno alimentario o riesgo y derivar.;alto;seguridad;Cribado de señales TCA;Revisar pérdida control, purgas, restricción extrema, miedo intenso y derivación.;Detectar riesgo.;alto;si procede;seguridad;alta;Adaptar a historia clínica declarada, medicación, analíticas, cultura, economía, preferencias, etapa vital, riesgo de TCA y competencias profesionales. Derivar si hay señales de alarma.
Riesgo nutricional y derivación;Señales de TCA;Restricción extrema, atracones, purgas, miedo intenso a peso o distorsión corporal.;general;derivación;alto;NUT2_SRC014;Nutrición en mayores;Priorizar proteína, energía, hidratación, textura y prevención de riesgo nutricional.;alto;etapa_vital;Plan proteína en mayores;Asegurar proteína repartida y textura aceptada.;Preservar masa muscular.;alto;diario;etapa_vital;alta;Adaptar a historia clínica declarada, medicación, analíticas, cultura, economía, preferencias, etapa vital, riesgo de TCA y competencias profesionales. Derivar si hay señales de alarma.
Riesgo nutricional y derivación;Señales de TCA;Restricción extrema, atracones, purgas, miedo intenso a peso o distorsión corporal.;general;derivación;alto;NUT2_SRC014;Nutrición en mayores;Priorizar proteína, energía, hidratación, textura y prevención de riesgo nutricional.;alto;etapa_vital;Registro apetito mayores;Anotar apetito, ingesta, peso, hidratación y barreras.;Detectar riesgo nutricional.;alto;7 días;etapa_vital;alta;Adaptar a historia clínica declarada, medicación, analíticas, cultura, economía, preferencias, etapa vital, riesgo de TCA y competencias profesionales. Derivar si hay señales de alarma.
Riesgo nutricional y derivación;Señales de TCA;Restricción extrema, atracones, purgas, miedo intenso a peso o distorsión corporal.;general;derivación;alto;NUT2_SRC014;Suplementación segura;Evaluar necesidad, evidencia, dosis, interacciones y derivación si procede.;medio;suplementación;Revisión suplemento actual;Listar suplementos, dosis, motivo, coste y evidencia/seguridad.;Evitar exceso o riesgo.;medio;30 min;suplementación;media;Adaptar a historia clínica declarada, medicación, analíticas, cultura, economía, preferencias, etapa vital, riesgo de TCA y competencias profesionales. Derivar si hay señales de alarma.
Riesgo nutricional y derivación;Señales de TCA;Restricción extrema, atracones, purgas, miedo intenso a peso o distorsión corporal.;general;derivación;alto;NUT2_SRC014;Suplementación segura;Evaluar necesidad, evidencia, dosis, interacciones y derivación si procede.;medio;suplementación;Revisión de suplementos con profesional sanitario;Consultar si hay enfermedad, medicación, embarazo, analíticas o dosis altas.;Evitar riesgos.;alto;si procede;suplementación;media;Adaptar a historia clínica declarada, medicación, analíticas, cultura, economía, preferencias, etapa vital, riesgo de TCA y competencias profesionales. Derivar si hay señales de alarma.
Riesgo nutricional y derivación;Señales de TCA;Restricción extrema, atracones, purgas, miedo intenso a peso o distorsión corporal.;general;derivación;alto;NUT2_SRC014;Señales de derivación nutricional/médica;Identificar pérdida involuntaria, síntomas, analíticas alteradas, TCA, embarazo o enfermedad.;alto;seguridad;Plan de derivación nutricional/médica;Identificar señal de alarma y profesional de referencia.;Aumentar seguridad.;alto;si aparece;seguridad;alta;Adaptar a historia clínica declarada, medicación, analíticas, cultura, economía, preferencias, etapa vital, riesgo de TCA y competencias profesionales. Derivar si hay señales de alarma.
Riesgo nutricional y derivación;Señales de TCA;Restricción extrema, atracones, purgas, miedo intenso a peso o distorsión corporal.;general;derivación;alto;NUT2_SRC014;Señales de derivación nutricional/médica;Identificar pérdida involuntaria, síntomas, analíticas alteradas, TCA, embarazo o enfermedad.;alto;seguridad;Revisión de analítica/diagnóstico referido;Registrar dato aportado y recomendar coordinación con sanitario si hay patología.;No invadir ámbito médico.;alto;según caso;seguridad;alta;Adaptar a historia clínica declarada, medicación, analíticas, cultura, economía, preferencias, etapa vital, riesgo de TCA y competencias profesionales. Derivar si hay señales de alarma.
Riesgo nutricional y derivación;Señales de TCA;Restricción extrema, atracones, purgas, miedo intenso a peso o distorsión corporal.;general;derivación;alto;NUT2_SRC014;Entrevista nutricional inicial;Recoger motivo, historia, horarios, gustos, salud, medicación, restricciones, objetivos y señales de derivación.;bajo;evaluación;Registro alimentario de 3 días;Registrar comidas, horarios, hambre, contexto y sensaciones sin cambiar nada inicialmente.;Conocer patrón real.;bajo;3 días;evaluación;media;Adaptar a historia clínica declarada, medicación, analíticas, cultura, economía, preferencias, etapa vital, riesgo de TCA y competencias profesionales. Derivar si hay señales de alarma.
Riesgo nutricional y derivación;Señales de TCA;Restricción extrema, atracones, purgas, miedo intenso a peso o distorsión corporal.;general;derivación;alto;NUT2_SRC014;Seguimiento de adherencia;Medir cumplimiento de hábitos, barreras y ajustes sin culpabilizar.;bajo;seguimiento;Seguimiento de adherencia semanal;Marcar hábitos cumplidos, barreras y ajustes.;Ajustar sin culpabilizar.;bajo;semanal;seguimiento;media;Adaptar a historia clínica declarada, medicación, analíticas, cultura, economía, preferencias, etapa vital, riesgo de TCA y competencias profesionales. Derivar si hay señales de alarma.
Riesgo nutricional y derivación;Señales de TCA;Restricción extrema, atracones, purgas, miedo intenso a peso o distorsión corporal.;general;derivación;alto;NUT2_SRC014;Seguimiento de adherencia;Medir cumplimiento de hábitos, barreras y ajustes sin culpabilizar.;bajo;seguimiento;Diario de energía y sueño;Registrar energía, sueño, hambre y rendimiento.;Relacionar recuperación y alimentación.;bajo;7 días;seguimiento;media;Adaptar a historia clínica declarada, medicación, analíticas, cultura, economía, preferencias, etapa vital, riesgo de TCA y competencias profesionales. Derivar si hay señales de alarma.
Riesgo nutricional y derivación;Dietas extremas o detox;Prácticas restrictivas, promesas rápidas o eliminación innecesaria de grupos.;general;seguridad;medio;"NUT2_SRC005;NUT2_SRC014";Cribado de TCA y derivación;Detectar señales de trastorno alimentario o riesgo y derivar.;alto;seguridad;Cribado de señales TCA;Revisar pérdida control, purgas, restricción extrema, miedo intenso y derivación.;Detectar riesgo.;alto;si procede;seguridad;alta;Adaptar a historia clínica declarada, medicación, analíticas, cultura, economía, preferencias, etapa vital, riesgo de TCA y competencias profesionales. Derivar si hay señales de alarma.
Riesgo nutricional y derivación;Dietas extremas o detox;Prácticas restrictivas, promesas rápidas o eliminación innecesaria de grupos.;general;seguridad;medio;"NUT2_SRC005;NUT2_SRC014";Nutrición en mayores;Priorizar proteína, energía, hidratación, textura y prevención de riesgo nutricional.;alto;etapa_vital;Plan proteína en mayores;Asegurar proteína repartida y textura aceptada.;Preservar masa muscular.;alto;diario;etapa_vital;alta;Adaptar a historia clínica declarada, medicación, analíticas, cultura, economía, preferencias, etapa vital, riesgo de TCA y competencias profesionales. Derivar si hay señales de alarma.
Riesgo nutricional y derivación;Dietas extremas o detox;Prácticas restrictivas, promesas rápidas o eliminación innecesaria de grupos.;general;seguridad;medio;"NUT2_SRC005;NUT2_SRC014";Nutrición en mayores;Priorizar proteína, energía, hidratación, textura y prevención de riesgo nutricional.;alto;etapa_vital;Registro apetito mayores;Anotar apetito, ingesta, peso, hidratación y barreras.;Detectar riesgo nutricional.;alto;7 días;etapa_vital;alta;Adaptar a historia clínica declarada, medicación, analíticas, cultura, economía, preferencias, etapa vital, riesgo de TCA y competencias profesionales. Derivar si hay señales de alarma.
Riesgo nutricional y derivación;Dietas extremas o detox;Prácticas restrictivas, promesas rápidas o eliminación innecesaria de grupos.;general;seguridad;medio;"NUT2_SRC005;NUT2_SRC014";Suplementación segura;Evaluar necesidad, evidencia, dosis, interacciones y derivación si procede.;medio;suplementación;Revisión suplemento actual;Listar suplementos, dosis, motivo, coste y evidencia/seguridad.;Evitar exceso o riesgo.;medio;30 min;suplementación;media;Adaptar a historia clínica declarada, medicación, analíticas, cultura, economía, preferencias, etapa vital, riesgo de TCA y competencias profesionales. Derivar si hay señales de alarma.
Riesgo nutricional y derivación;Dietas extremas o detox;Prácticas restrictivas, promesas rápidas o eliminación innecesaria de grupos.;general;seguridad;medio;"NUT2_SRC005;NUT2_SRC014";Suplementación segura;Evaluar necesidad, evidencia, dosis, interacciones y derivación si procede.;medio;suplementación;Revisión de suplementos con profesional sanitario;Consultar si hay enfermedad, medicación, embarazo, analíticas o dosis altas.;Evitar riesgos.;alto;si procede;suplementación;media;Adaptar a historia clínica declarada, medicación, analíticas, cultura, economía, preferencias, etapa vital, riesgo de TCA y competencias profesionales. Derivar si hay señales de alarma.
Riesgo nutricional y derivación;Dietas extremas o detox;Prácticas restrictivas, promesas rápidas o eliminación innecesaria de grupos.;general;seguridad;medio;"NUT2_SRC005;NUT2_SRC014";Señales de derivación nutricional/médica;Identificar pérdida involuntaria, síntomas, analíticas alteradas, TCA, embarazo o enfermedad.;alto;seguridad;Plan de derivación nutricional/médica;Identificar señal de alarma y profesional de referencia.;Aumentar seguridad.;alto;si aparece;seguridad;alta;Adaptar a historia clínica declarada, medicación, analíticas, cultura, economía, preferencias, etapa vital, riesgo de TCA y competencias profesionales. Derivar si hay señales de alarma.
Riesgo nutricional y derivación;Dietas extremas o detox;Prácticas restrictivas, promesas rápidas o eliminación innecesaria de grupos.;general;seguridad;medio;"NUT2_SRC005;NUT2_SRC014";Señales de derivación nutricional/médica;Identificar pérdida involuntaria, síntomas, analíticas alteradas, TCA, embarazo o enfermedad.;alto;seguridad;Revisión de analítica/diagnóstico referido;Registrar dato aportado y recomendar coordinación con sanitario si hay patología.;No invadir ámbito médico.;alto;según caso;seguridad;alta;Adaptar a historia clínica declarada, medicación, analíticas, cultura, economía, preferencias, etapa vital, riesgo de TCA y competencias profesionales. Derivar si hay señales de alarma.
Riesgo nutricional y derivación;Dietas extremas o detox;Prácticas restrictivas, promesas rápidas o eliminación innecesaria de grupos.;general;seguridad;medio;"NUT2_SRC005;NUT2_SRC014";Entrevista nutricional inicial;Recoger motivo, historia, horarios, gustos, salud, medicación, restricciones, objetivos y señales de derivación.;bajo;evaluación;Registro alimentario de 3 días;Registrar comidas, horarios, hambre, contexto y sensaciones sin cambiar nada inicialmente.;Conocer patrón real.;bajo;3 días;evaluación;media;Adaptar a historia clínica declarada, medicación, analíticas, cultura, economía, preferencias, etapa vital, riesgo de TCA y competencias profesionales. Derivar si hay señales de alarma.
Riesgo nutricional y derivación;Dietas extremas o detox;Prácticas restrictivas, promesas rápidas o eliminación innecesaria de grupos.;general;seguridad;medio;"NUT2_SRC005;NUT2_SRC014";Seguimiento de adherencia;Medir cumplimiento de hábitos, barreras y ajustes sin culpabilizar.;bajo;seguimiento;Seguimiento de adherencia semanal;Marcar hábitos cumplidos, barreras y ajustes.;Ajustar sin culpabilizar.;bajo;semanal;seguimiento;media;Adaptar a historia clínica declarada, medicación, analíticas, cultura, economía, preferencias, etapa vital, riesgo de TCA y competencias profesionales. Derivar si hay señales de alarma.
Riesgo nutricional y derivación;Dietas extremas o detox;Prácticas restrictivas, promesas rápidas o eliminación innecesaria de grupos.;general;seguridad;medio;"NUT2_SRC005;NUT2_SRC014";Seguimiento de adherencia;Medir cumplimiento de hábitos, barreras y ajustes sin culpabilizar.;bajo;seguimiento;Diario de energía y sueño;Registrar energía, sueño, hambre y rendimiento.;Relacionar recuperación y alimentación.;bajo;7 días;seguimiento;media;Adaptar a historia clínica declarada, medicación, analíticas, cultura, economía, preferencias, etapa vital, riesgo de TCA y competencias profesionales. Derivar si hay señales de alarma.
Riesgo nutricional y derivación;Síntomas físicos asociados a dieta;Mareos, debilidad, amenorrea, caída de pelo o fatiga marcada.;general;derivación;alto;"NUT2_SRC014;NUT2_SRC015";Cribado de TCA y derivación;Detectar señales de trastorno alimentario o riesgo y derivar.;alto;seguridad;Cribado de señales TCA;Revisar pérdida control, purgas, restricción extrema, miedo intenso y derivación.;Detectar riesgo.;alto;si procede;seguridad;alta;Adaptar a historia clínica declarada, medicación, analíticas, cultura, economía, preferencias, etapa vital, riesgo de TCA y competencias profesionales. Derivar si hay señales de alarma.
Riesgo nutricional y derivación;Síntomas físicos asociados a dieta;Mareos, debilidad, amenorrea, caída de pelo o fatiga marcada.;general;derivación;alto;"NUT2_SRC014;NUT2_SRC015";Nutrición en mayores;Priorizar proteína, energía, hidratación, textura y prevención de riesgo nutricional.;alto;etapa_vital;Plan proteína en mayores;Asegurar proteína repartida y textura aceptada.;Preservar masa muscular.;alto;diario;etapa_vital;alta;Adaptar a historia clínica declarada, medicación, analíticas, cultura, economía, preferencias, etapa vital, riesgo de TCA y competencias profesionales. Derivar si hay señales de alarma.
Riesgo nutricional y derivación;Síntomas físicos asociados a dieta;Mareos, debilidad, amenorrea, caída de pelo o fatiga marcada.;general;derivación;alto;"NUT2_SRC014;NUT2_SRC015";Nutrición en mayores;Priorizar proteína, energía, hidratación, textura y prevención de riesgo nutricional.;alto;etapa_vital;Registro apetito mayores;Anotar apetito, ingesta, peso, hidratación y barreras.;Detectar riesgo nutricional.;alto;7 días;etapa_vital;alta;Adaptar a historia clínica declarada, medicación, analíticas, cultura, economía, preferencias, etapa vital, riesgo de TCA y competencias profesionales. Derivar si hay señales de alarma.
Riesgo nutricional y derivación;Síntomas físicos asociados a dieta;Mareos, debilidad, amenorrea, caída de pelo o fatiga marcada.;general;derivación;alto;"NUT2_SRC014;NUT2_SRC015";Suplementación segura;Evaluar necesidad, evidencia, dosis, interacciones y derivación si procede.;medio;suplementación;Revisión suplemento actual;Listar suplementos, dosis, motivo, coste y evidencia/seguridad.;Evitar exceso o riesgo.;medio;30 min;suplementación;media;Adaptar a historia clínica declarada, medicación, analíticas, cultura, economía, preferencias, etapa vital, riesgo de TCA y competencias profesionales. Derivar si hay señales de alarma.
Riesgo nutricional y derivación;Síntomas físicos asociados a dieta;Mareos, debilidad, amenorrea, caída de pelo o fatiga marcada.;general;derivación;alto;"NUT2_SRC014;NUT2_SRC015";Suplementación segura;Evaluar necesidad, evidencia, dosis, interacciones y derivación si procede.;medio;suplementación;Revisión de suplementos con profesional sanitario;Consultar si hay enfermedad, medicación, embarazo, analíticas o dosis altas.;Evitar riesgos.;alto;si procede;suplementación;media;Adaptar a historia clínica declarada, medicación, analíticas, cultura, economía, preferencias, etapa vital, riesgo de TCA y competencias profesionales. Derivar si hay señales de alarma.
Riesgo nutricional y derivación;Síntomas físicos asociados a dieta;Mareos, debilidad, amenorrea, caída de pelo o fatiga marcada.;general;derivación;alto;"NUT2_SRC014;NUT2_SRC015";Señales de derivación nutricional/médica;Identificar pérdida involuntaria, síntomas, analíticas alteradas, TCA, embarazo o enfermedad.;alto;seguridad;Plan de derivación nutricional/médica;Identificar señal de alarma y profesional de referencia.;Aumentar seguridad.;alto;si aparece;seguridad;alta;Adaptar a historia clínica declarada, medicación, analíticas, cultura, economía, preferencias, etapa vital, riesgo de TCA y competencias profesionales. Derivar si hay señales de alarma.
Riesgo nutricional y derivación;Síntomas físicos asociados a dieta;Mareos, debilidad, amenorrea, caída de pelo o fatiga marcada.;general;derivación;alto;"NUT2_SRC014;NUT2_SRC015";Señales de derivación nutricional/médica;Identificar pérdida involuntaria, síntomas, analíticas alteradas, TCA, embarazo o enfermedad.;alto;seguridad;Revisión de analítica/diagnóstico referido;Registrar dato aportado y recomendar coordinación con sanitario si hay patología.;No invadir ámbito médico.;alto;según caso;seguridad;alta;Adaptar a historia clínica declarada, medicación, analíticas, cultura, economía, preferencias, etapa vital, riesgo de TCA y competencias profesionales. Derivar si hay señales de alarma.
Riesgo nutricional y derivación;Síntomas físicos asociados a dieta;Mareos, debilidad, amenorrea, caída de pelo o fatiga marcada.;general;derivación;alto;"NUT2_SRC014;NUT2_SRC015";Entrevista nutricional inicial;Recoger motivo, historia, horarios, gustos, salud, medicación, restricciones, objetivos y señales de derivación.;bajo;evaluación;Registro alimentario de 3 días;Registrar comidas, horarios, hambre, contexto y sensaciones sin cambiar nada inicialmente.;Conocer patrón real.;bajo;3 días;evaluación;media;Adaptar a historia clínica declarada, medicación, analíticas, cultura, economía, preferencias, etapa vital, riesgo de TCA y competencias profesionales. Derivar si hay señales de alarma.
Riesgo nutricional y derivación;Síntomas físicos asociados a dieta;Mareos, debilidad, amenorrea, caída de pelo o fatiga marcada.;general;derivación;alto;"NUT2_SRC014;NUT2_SRC015";Seguimiento de adherencia;Medir cumplimiento de hábitos, barreras y ajustes sin culpabilizar.;bajo;seguimiento;Seguimiento de adherencia semanal;Marcar hábitos cumplidos, barreras y ajustes.;Ajustar sin culpabilizar.;bajo;semanal;seguimiento;media;Adaptar a historia clínica declarada, medicación, analíticas, cultura, economía, preferencias, etapa vital, riesgo de TCA y competencias profesionales. Derivar si hay señales de alarma.
Riesgo nutricional y derivación;Síntomas físicos asociados a dieta;Mareos, debilidad, amenorrea, caída de pelo o fatiga marcada.;general;derivación;alto;"NUT2_SRC014;NUT2_SRC015";Seguimiento de adherencia;Medir cumplimiento de hábitos, barreras y ajustes sin culpabilizar.;bajo;seguimiento;Diario de energía y sueño;Registrar energía, sueño, hambre y rendimiento.;Relacionar recuperación y alimentación.;bajo;7 días;seguimiento;media;Adaptar a historia clínica declarada, medicación, analíticas, cultura, economía, preferencias, etapa vital, riesgo de TCA y competencias profesionales. Derivar si hay señales de alarma.
Hidratación y hábitos diarios;Hidratación insuficiente;Baja ingesta de agua o dificultad para mantener hidratación.;general;hábitos;bajo;"NUT2_SRC011;NUT2_SRC009";Plan de hidratación;Definir meta de agua y estrategias según clima, actividad y preferencias.;bajo;hábitos;Plan de hidratación;Definir botella/meta y momentos fijos de agua.;Mejorar hidratación.;bajo;diario;hábitos;media;Adaptar a historia clínica declarada, medicación, analíticas, cultura, economía, preferencias, etapa vital, riesgo de TCA y competencias profesionales. Derivar si hay señales de alarma.
Hidratación y hábitos diarios;Hidratación insuficiente;Baja ingesta de agua o dificultad para mantener hidratación.;general;hábitos;bajo;"NUT2_SRC011;NUT2_SRC009";Reducción de alcohol;Valorar frecuencia, contexto, objetivos y alternativas.;medio;hábitos;Registro de alcohol;Anotar frecuencia, cantidad, contexto y efecto en objetivo.;Tomar decisiones informadas.;medio;2 semanas;hábitos;media;Adaptar a historia clínica declarada, medicación, analíticas, cultura, economía, preferencias, etapa vital, riesgo de TCA y competencias profesionales. Derivar si hay señales de alarma.
Hidratación y hábitos diarios;Hidratación insuficiente;Baja ingesta de agua o dificultad para mantener hidratación.;general;hábitos;bajo;"NUT2_SRC011;NUT2_SRC009";Gestión de cafeína;Ajustar cantidad y horario para sueño, ansiedad o rendimiento.;bajo;hábitos;Ajuste de cafeína;Limitar cafeína después de hora acordada y revisar sueño/ansiedad.;Mejorar descanso.;bajo;7-14 días;hábitos;media;Adaptar a historia clínica declarada, medicación, analíticas, cultura, economía, preferencias, etapa vital, riesgo de TCA y competencias profesionales. Derivar si hay señales de alarma.
Hidratación y hábitos diarios;Hidratación insuficiente;Baja ingesta de agua o dificultad para mantener hidratación.;general;hábitos;bajo;"NUT2_SRC011;NUT2_SRC009";Reducción de bebidas azucaradas;Sustituir bebidas azucaradas por agua u opciones sin azúcar, si procede.;bajo;metabólica;Eliminar bebida azucarada habitual;Sustituir una bebida azucarada por agua, infusión o bebida sin azúcar.;Reducir azúcar líquido.;bajo;diario;metabólica;media;Adaptar a historia clínica declarada, medicación, analíticas, cultura, economía, preferencias, etapa vital, riesgo de TCA y competencias profesionales. Derivar si hay señales de alarma.
Hidratación y hábitos diarios;Hidratación insuficiente;Baja ingesta de agua o dificultad para mantener hidratación.;general;hábitos;bajo;"NUT2_SRC011;NUT2_SRC009";Seguimiento de adherencia;Medir cumplimiento de hábitos, barreras y ajustes sin culpabilizar.;bajo;seguimiento;Seguimiento de adherencia semanal;Marcar hábitos cumplidos, barreras y ajustes.;Ajustar sin culpabilizar.;bajo;semanal;seguimiento;media;Adaptar a historia clínica declarada, medicación, analíticas, cultura, economía, preferencias, etapa vital, riesgo de TCA y competencias profesionales. Derivar si hay señales de alarma.
Hidratación y hábitos diarios;Hidratación insuficiente;Baja ingesta de agua o dificultad para mantener hidratación.;general;hábitos;bajo;"NUT2_SRC011;NUT2_SRC009";Seguimiento de adherencia;Medir cumplimiento de hábitos, barreras y ajustes sin culpabilizar.;bajo;seguimiento;Diario de energía y sueño;Registrar energía, sueño, hambre y rendimiento.;Relacionar recuperación y alimentación.;bajo;7 días;seguimiento;media;Adaptar a historia clínica declarada, medicación, analíticas, cultura, economía, preferencias, etapa vital, riesgo de TCA y competencias profesionales. Derivar si hay señales de alarma.
Hidratación y hábitos diarios;Consumo frecuente de alcohol;Alcohol frecuente que afecta energía, sueño, peso o salud.;adultos;hábitos;medio;"NUT2_SRC001;NUT2_SRC011";Plan de hidratación;Definir meta de agua y estrategias según clima, actividad y preferencias.;bajo;hábitos;Plan de hidratación;Definir botella/meta y momentos fijos de agua.;Mejorar hidratación.;bajo;diario;hábitos;media;Adaptar a historia clínica declarada, medicación, analíticas, cultura, economía, preferencias, etapa vital, riesgo de TCA y competencias profesionales. Derivar si hay señales de alarma.
Hidratación y hábitos diarios;Consumo frecuente de alcohol;Alcohol frecuente que afecta energía, sueño, peso o salud.;adultos;hábitos;medio;"NUT2_SRC001;NUT2_SRC011";Reducción de alcohol;Valorar frecuencia, contexto, objetivos y alternativas.;medio;hábitos;Registro de alcohol;Anotar frecuencia, cantidad, contexto y efecto en objetivo.;Tomar decisiones informadas.;medio;2 semanas;hábitos;media;Adaptar a historia clínica declarada, medicación, analíticas, cultura, economía, preferencias, etapa vital, riesgo de TCA y competencias profesionales. Derivar si hay señales de alarma.
Hidratación y hábitos diarios;Consumo frecuente de alcohol;Alcohol frecuente que afecta energía, sueño, peso o salud.;adultos;hábitos;medio;"NUT2_SRC001;NUT2_SRC011";Gestión de cafeína;Ajustar cantidad y horario para sueño, ansiedad o rendimiento.;bajo;hábitos;Ajuste de cafeína;Limitar cafeína después de hora acordada y revisar sueño/ansiedad.;Mejorar descanso.;bajo;7-14 días;hábitos;media;Adaptar a historia clínica declarada, medicación, analíticas, cultura, economía, preferencias, etapa vital, riesgo de TCA y competencias profesionales. Derivar si hay señales de alarma.
Hidratación y hábitos diarios;Consumo frecuente de alcohol;Alcohol frecuente que afecta energía, sueño, peso o salud.;adultos;hábitos;medio;"NUT2_SRC001;NUT2_SRC011";Reducción de bebidas azucaradas;Sustituir bebidas azucaradas por agua u opciones sin azúcar, si procede.;bajo;metabólica;Eliminar bebida azucarada habitual;Sustituir una bebida azucarada por agua, infusión o bebida sin azúcar.;Reducir azúcar líquido.;bajo;diario;metabólica;media;Adaptar a historia clínica declarada, medicación, analíticas, cultura, economía, preferencias, etapa vital, riesgo de TCA y competencias profesionales. Derivar si hay señales de alarma.
Hidratación y hábitos diarios;Consumo frecuente de alcohol;Alcohol frecuente que afecta energía, sueño, peso o salud.;adultos;hábitos;medio;"NUT2_SRC001;NUT2_SRC011";Seguimiento de adherencia;Medir cumplimiento de hábitos, barreras y ajustes sin culpabilizar.;bajo;seguimiento;Seguimiento de adherencia semanal;Marcar hábitos cumplidos, barreras y ajustes.;Ajustar sin culpabilizar.;bajo;semanal;seguimiento;media;Adaptar a historia clínica declarada, medicación, analíticas, cultura, economía, preferencias, etapa vital, riesgo de TCA y competencias profesionales. Derivar si hay señales de alarma.
Hidratación y hábitos diarios;Consumo frecuente de alcohol;Alcohol frecuente que afecta energía, sueño, peso o salud.;adultos;hábitos;medio;"NUT2_SRC001;NUT2_SRC011";Seguimiento de adherencia;Medir cumplimiento de hábitos, barreras y ajustes sin culpabilizar.;bajo;seguimiento;Diario de energía y sueño;Registrar energía, sueño, hambre y rendimiento.;Relacionar recuperación y alimentación.;bajo;7 días;seguimiento;media;Adaptar a historia clínica declarada, medicación, analíticas, cultura, economía, preferencias, etapa vital, riesgo de TCA y competencias profesionales. Derivar si hay señales de alarma.
Hidratación y hábitos diarios;Refrescos azucarados frecuentes;Bebidas azucaradas como fuente relevante de energía y azúcar.;general;hábitos;medio;"NUT2_SRC001;NUT2_SRC007";Plan de hidratación;Definir meta de agua y estrategias según clima, actividad y preferencias.;bajo;hábitos;Plan de hidratación;Definir botella/meta y momentos fijos de agua.;Mejorar hidratación.;bajo;diario;hábitos;media;Adaptar a historia clínica declarada, medicación, analíticas, cultura, economía, preferencias, etapa vital, riesgo de TCA y competencias profesionales. Derivar si hay señales de alarma.
Hidratación y hábitos diarios;Refrescos azucarados frecuentes;Bebidas azucaradas como fuente relevante de energía y azúcar.;general;hábitos;medio;"NUT2_SRC001;NUT2_SRC007";Reducción de alcohol;Valorar frecuencia, contexto, objetivos y alternativas.;medio;hábitos;Registro de alcohol;Anotar frecuencia, cantidad, contexto y efecto en objetivo.;Tomar decisiones informadas.;medio;2 semanas;hábitos;media;Adaptar a historia clínica declarada, medicación, analíticas, cultura, economía, preferencias, etapa vital, riesgo de TCA y competencias profesionales. Derivar si hay señales de alarma.
Hidratación y hábitos diarios;Refrescos azucarados frecuentes;Bebidas azucaradas como fuente relevante de energía y azúcar.;general;hábitos;medio;"NUT2_SRC001;NUT2_SRC007";Gestión de cafeína;Ajustar cantidad y horario para sueño, ansiedad o rendimiento.;bajo;hábitos;Ajuste de cafeína;Limitar cafeína después de hora acordada y revisar sueño/ansiedad.;Mejorar descanso.;bajo;7-14 días;hábitos;media;Adaptar a historia clínica declarada, medicación, analíticas, cultura, economía, preferencias, etapa vital, riesgo de TCA y competencias profesionales. Derivar si hay señales de alarma.
Hidratación y hábitos diarios;Refrescos azucarados frecuentes;Bebidas azucaradas como fuente relevante de energía y azúcar.;general;hábitos;medio;"NUT2_SRC001;NUT2_SRC007";Reducción de bebidas azucaradas;Sustituir bebidas azucaradas por agua u opciones sin azúcar, si procede.;bajo;metabólica;Eliminar bebida azucarada habitual;Sustituir una bebida azucarada por agua, infusión o bebida sin azúcar.;Reducir azúcar líquido.;bajo;diario;metabólica;media;Adaptar a historia clínica declarada, medicación, analíticas, cultura, economía, preferencias, etapa vital, riesgo de TCA y competencias profesionales. Derivar si hay señales de alarma.
Hidratación y hábitos diarios;Refrescos azucarados frecuentes;Bebidas azucaradas como fuente relevante de energía y azúcar.;general;hábitos;medio;"NUT2_SRC001;NUT2_SRC007";Seguimiento de adherencia;Medir cumplimiento de hábitos, barreras y ajustes sin culpabilizar.;bajo;seguimiento;Seguimiento de adherencia semanal;Marcar hábitos cumplidos, barreras y ajustes.;Ajustar sin culpabilizar.;bajo;semanal;seguimiento;media;Adaptar a historia clínica declarada, medicación, analíticas, cultura, economía, preferencias, etapa vital, riesgo de TCA y competencias profesionales. Derivar si hay señales de alarma.
Hidratación y hábitos diarios;Refrescos azucarados frecuentes;Bebidas azucaradas como fuente relevante de energía y azúcar.;general;hábitos;medio;"NUT2_SRC001;NUT2_SRC007";Seguimiento de adherencia;Medir cumplimiento de hábitos, barreras y ajustes sin culpabilizar.;bajo;seguimiento;Diario de energía y sueño;Registrar energía, sueño, hambre y rendimiento.;Relacionar recuperación y alimentación.;bajo;7 días;seguimiento;media;Adaptar a historia clínica declarada, medicación, analíticas, cultura, economía, preferencias, etapa vital, riesgo de TCA y competencias profesionales. Derivar si hay señales de alarma.
Hidratación y hábitos diarios;Cafeína desorganizada;Consumo de cafeína que afecta sueño, ansiedad o entrenamientos.;adultos;hábitos;bajo;NUT2_SRC014;Plan de hidratación;Definir meta de agua y estrategias según clima, actividad y preferencias.;bajo;hábitos;Plan de hidratación;Definir botella/meta y momentos fijos de agua.;Mejorar hidratación.;bajo;diario;hábitos;media;Adaptar a historia clínica declarada, medicación, analíticas, cultura, economía, preferencias, etapa vital, riesgo de TCA y competencias profesionales. Derivar si hay señales de alarma.
Hidratación y hábitos diarios;Cafeína desorganizada;Consumo de cafeína que afecta sueño, ansiedad o entrenamientos.;adultos;hábitos;bajo;NUT2_SRC014;Reducción de alcohol;Valorar frecuencia, contexto, objetivos y alternativas.;medio;hábitos;Registro de alcohol;Anotar frecuencia, cantidad, contexto y efecto en objetivo.;Tomar decisiones informadas.;medio;2 semanas;hábitos;media;Adaptar a historia clínica declarada, medicación, analíticas, cultura, economía, preferencias, etapa vital, riesgo de TCA y competencias profesionales. Derivar si hay señales de alarma.
Hidratación y hábitos diarios;Cafeína desorganizada;Consumo de cafeína que afecta sueño, ansiedad o entrenamientos.;adultos;hábitos;bajo;NUT2_SRC014;Gestión de cafeína;Ajustar cantidad y horario para sueño, ansiedad o rendimiento.;bajo;hábitos;Ajuste de cafeína;Limitar cafeína después de hora acordada y revisar sueño/ansiedad.;Mejorar descanso.;bajo;7-14 días;hábitos;media;Adaptar a historia clínica declarada, medicación, analíticas, cultura, economía, preferencias, etapa vital, riesgo de TCA y competencias profesionales. Derivar si hay señales de alarma.
Hidratación y hábitos diarios;Cafeína desorganizada;Consumo de cafeína que afecta sueño, ansiedad o entrenamientos.;adultos;hábitos;bajo;NUT2_SRC014;Reducción de bebidas azucaradas;Sustituir bebidas azucaradas por agua u opciones sin azúcar, si procede.;bajo;metabólica;Eliminar bebida azucarada habitual;Sustituir una bebida azucarada por agua, infusión o bebida sin azúcar.;Reducir azúcar líquido.;bajo;diario;metabólica;media;Adaptar a historia clínica declarada, medicación, analíticas, cultura, economía, preferencias, etapa vital, riesgo de TCA y competencias profesionales. Derivar si hay señales de alarma.
Hidratación y hábitos diarios;Cafeína desorganizada;Consumo de cafeína que afecta sueño, ansiedad o entrenamientos.;adultos;hábitos;bajo;NUT2_SRC014;Seguimiento de adherencia;Medir cumplimiento de hábitos, barreras y ajustes sin culpabilizar.;bajo;seguimiento;Seguimiento de adherencia semanal;Marcar hábitos cumplidos, barreras y ajustes.;Ajustar sin culpabilizar.;bajo;semanal;seguimiento;media;Adaptar a historia clínica declarada, medicación, analíticas, cultura, economía, preferencias, etapa vital, riesgo de TCA y competencias profesionales. Derivar si hay señales de alarma.
Hidratación y hábitos diarios;Cafeína desorganizada;Consumo de cafeína que afecta sueño, ansiedad o entrenamientos.;adultos;hábitos;bajo;NUT2_SRC014;Seguimiento de adherencia;Medir cumplimiento de hábitos, barreras y ajustes sin culpabilizar.;bajo;seguimiento;Diario de energía y sueño;Registrar energía, sueño, hambre y rendimiento.;Relacionar recuperación y alimentación.;bajo;7 días;seguimiento;media;Adaptar a historia clínica declarada, medicación, analíticas, cultura, economía, preferencias, etapa vital, riesgo de TCA y competencias profesionales. Derivar si hay señales de alarma.
Suplementación básica;Uso de proteína en polvo;Interés en usar proteína como ayuda práctica, no sustituto de dieta.;general/deportistas;suplementación;bajo;NUT2_SRC016;Suplementación segura;Evaluar necesidad, evidencia, dosis, interacciones y derivación si procede.;medio;suplementación;Revisión suplemento actual;Listar suplementos, dosis, motivo, coste y evidencia/seguridad.;Evitar exceso o riesgo.;medio;30 min;suplementación;media;Adaptar a historia clínica declarada, medicación, analíticas, cultura, economía, preferencias, etapa vital, riesgo de TCA y competencias profesionales. Derivar si hay señales de alarma.
Suplementación básica;Uso de proteína en polvo;Interés en usar proteína como ayuda práctica, no sustituto de dieta.;general/deportistas;suplementación;bajo;NUT2_SRC016;Suplementación segura;Evaluar necesidad, evidencia, dosis, interacciones y derivación si procede.;medio;suplementación;Revisión de suplementos con profesional sanitario;Consultar si hay enfermedad, medicación, embarazo, analíticas o dosis altas.;Evitar riesgos.;alto;si procede;suplementación;media;Adaptar a historia clínica declarada, medicación, analíticas, cultura, economía, preferencias, etapa vital, riesgo de TCA y competencias profesionales. Derivar si hay señales de alarma.
Suplementación básica;Uso de proteína en polvo;Interés en usar proteína como ayuda práctica, no sustituto de dieta.;general/deportistas;suplementación;bajo;NUT2_SRC016;Creatina educativa;Explicar expectativas, uso general, seguridad y contraindicaciones/derivación.;medio;suplementación;Plan creatina informado;Definir objetivo, dosis según profesional, hidratación y contraindicaciones.;Usar creatina con criterio.;medio;según plan;suplementación;media;Adaptar a historia clínica declarada, medicación, analíticas, cultura, economía, preferencias, etapa vital, riesgo de TCA y competencias profesionales. Derivar si hay señales de alarma.
Suplementación básica;Uso de proteína en polvo;Interés en usar proteína como ayuda práctica, no sustituto de dieta.;general/deportistas;suplementación;bajo;NUT2_SRC016;Proteína en polvo como herramienta;Usar suplemento proteico solo como recurso práctico dentro de dieta.;bajo;suplementación;Usar proteína en polvo como recurso;Planificar cuándo usar batido si no se llega a proteína con comida.;Facilitar objetivo proteico.;bajo;según necesidad;suplementación;media;Adaptar a historia clínica declarada, medicación, analíticas, cultura, economía, preferencias, etapa vital, riesgo de TCA y competencias profesionales. Derivar si hay señales de alarma.
Suplementación básica;Uso de proteína en polvo;Interés en usar proteína como ayuda práctica, no sustituto de dieta.;general/deportistas;suplementación;bajo;NUT2_SRC016;Proteína objetivo;Asegurar proteína suficiente según objetivo, preferencias y contexto.;bajo;deportiva;Distribuir proteína diaria;Incluir fuente proteica en 3-4 comidas según objetivo.;Mejorar saciedad/músculo.;bajo;diario;deportiva;alta;Adaptar a historia clínica declarada, medicación, analíticas, cultura, economía, preferencias, etapa vital, riesgo de TCA y competencias profesionales. Derivar si hay señales de alarma.
Suplementación básica;Uso de proteína en polvo;Interés en usar proteína como ayuda práctica, no sustituto de dieta.;general/deportistas;suplementación;bajo;NUT2_SRC016;Señales de derivación nutricional/médica;Identificar pérdida involuntaria, síntomas, analíticas alteradas, TCA, embarazo o enfermedad.;alto;seguridad;Plan de derivación nutricional/médica;Identificar señal de alarma y profesional de referencia.;Aumentar seguridad.;alto;si aparece;seguridad;alta;Adaptar a historia clínica declarada, medicación, analíticas, cultura, economía, preferencias, etapa vital, riesgo de TCA y competencias profesionales. Derivar si hay señales de alarma.
Suplementación básica;Uso de proteína en polvo;Interés en usar proteína como ayuda práctica, no sustituto de dieta.;general/deportistas;suplementación;bajo;NUT2_SRC016;Señales de derivación nutricional/médica;Identificar pérdida involuntaria, síntomas, analíticas alteradas, TCA, embarazo o enfermedad.;alto;seguridad;Revisión de analítica/diagnóstico referido;Registrar dato aportado y recomendar coordinación con sanitario si hay patología.;No invadir ámbito médico.;alto;según caso;seguridad;alta;Adaptar a historia clínica declarada, medicación, analíticas, cultura, economía, preferencias, etapa vital, riesgo de TCA y competencias profesionales. Derivar si hay señales de alarma.
Suplementación básica;Uso de creatina;Interés en creatina y pautas generales de seguridad/expectativas.;deportistas/general;suplementación;medio;NUT2_SRC016;Suplementación segura;Evaluar necesidad, evidencia, dosis, interacciones y derivación si procede.;medio;suplementación;Revisión suplemento actual;Listar suplementos, dosis, motivo, coste y evidencia/seguridad.;Evitar exceso o riesgo.;medio;30 min;suplementación;media;Adaptar a historia clínica declarada, medicación, analíticas, cultura, economía, preferencias, etapa vital, riesgo de TCA y competencias profesionales. Derivar si hay señales de alarma.
Suplementación básica;Uso de creatina;Interés en creatina y pautas generales de seguridad/expectativas.;deportistas/general;suplementación;medio;NUT2_SRC016;Suplementación segura;Evaluar necesidad, evidencia, dosis, interacciones y derivación si procede.;medio;suplementación;Revisión de suplementos con profesional sanitario;Consultar si hay enfermedad, medicación, embarazo, analíticas o dosis altas.;Evitar riesgos.;alto;si procede;suplementación;media;Adaptar a historia clínica declarada, medicación, analíticas, cultura, economía, preferencias, etapa vital, riesgo de TCA y competencias profesionales. Derivar si hay señales de alarma.
Suplementación básica;Uso de creatina;Interés en creatina y pautas generales de seguridad/expectativas.;deportistas/general;suplementación;medio;NUT2_SRC016;Creatina educativa;Explicar expectativas, uso general, seguridad y contraindicaciones/derivación.;medio;suplementación;Plan creatina informado;Definir objetivo, dosis según profesional, hidratación y contraindicaciones.;Usar creatina con criterio.;medio;según plan;suplementación;media;Adaptar a historia clínica declarada, medicación, analíticas, cultura, economía, preferencias, etapa vital, riesgo de TCA y competencias profesionales. Derivar si hay señales de alarma.
Suplementación básica;Uso de creatina;Interés en creatina y pautas generales de seguridad/expectativas.;deportistas/general;suplementación;medio;NUT2_SRC016;Proteína en polvo como herramienta;Usar suplemento proteico solo como recurso práctico dentro de dieta.;bajo;suplementación;Usar proteína en polvo como recurso;Planificar cuándo usar batido si no se llega a proteína con comida.;Facilitar objetivo proteico.;bajo;según necesidad;suplementación;media;Adaptar a historia clínica declarada, medicación, analíticas, cultura, economía, preferencias, etapa vital, riesgo de TCA y competencias profesionales. Derivar si hay señales de alarma.
Suplementación básica;Uso de creatina;Interés en creatina y pautas generales de seguridad/expectativas.;deportistas/general;suplementación;medio;NUT2_SRC016;Proteína objetivo;Asegurar proteína suficiente según objetivo, preferencias y contexto.;bajo;deportiva;Distribuir proteína diaria;Incluir fuente proteica en 3-4 comidas según objetivo.;Mejorar saciedad/músculo.;bajo;diario;deportiva;alta;Adaptar a historia clínica declarada, medicación, analíticas, cultura, economía, preferencias, etapa vital, riesgo de TCA y competencias profesionales. Derivar si hay señales de alarma.
Suplementación básica;Uso de creatina;Interés en creatina y pautas generales de seguridad/expectativas.;deportistas/general;suplementación;medio;NUT2_SRC016;Señales de derivación nutricional/médica;Identificar pérdida involuntaria, síntomas, analíticas alteradas, TCA, embarazo o enfermedad.;alto;seguridad;Plan de derivación nutricional/médica;Identificar señal de alarma y profesional de referencia.;Aumentar seguridad.;alto;si aparece;seguridad;alta;Adaptar a historia clínica declarada, medicación, analíticas, cultura, economía, preferencias, etapa vital, riesgo de TCA y competencias profesionales. Derivar si hay señales de alarma.
Suplementación básica;Uso de creatina;Interés en creatina y pautas generales de seguridad/expectativas.;deportistas/general;suplementación;medio;NUT2_SRC016;Señales de derivación nutricional/médica;Identificar pérdida involuntaria, síntomas, analíticas alteradas, TCA, embarazo o enfermedad.;alto;seguridad;Revisión de analítica/diagnóstico referido;Registrar dato aportado y recomendar coordinación con sanitario si hay patología.;No invadir ámbito médico.;alto;según caso;seguridad;alta;Adaptar a historia clínica declarada, medicación, analíticas, cultura, economía, preferencias, etapa vital, riesgo de TCA y competencias profesionales. Derivar si hay señales de alarma.
Suplementación básica;Vitamina B12 en dieta vegana;Necesidad de suplementación/seguimiento en dieta vegana.;veganos;suplementación;alto;NUT2_SRC014;Suplementación segura;Evaluar necesidad, evidencia, dosis, interacciones y derivación si procede.;medio;suplementación;Revisión suplemento actual;Listar suplementos, dosis, motivo, coste y evidencia/seguridad.;Evitar exceso o riesgo.;medio;30 min;suplementación;media;Adaptar a historia clínica declarada, medicación, analíticas, cultura, economía, preferencias, etapa vital, riesgo de TCA y competencias profesionales. Derivar si hay señales de alarma.
Suplementación básica;Vitamina B12 en dieta vegana;Necesidad de suplementación/seguimiento en dieta vegana.;veganos;suplementación;alto;NUT2_SRC014;Suplementación segura;Evaluar necesidad, evidencia, dosis, interacciones y derivación si procede.;medio;suplementación;Revisión de suplementos con profesional sanitario;Consultar si hay enfermedad, medicación, embarazo, analíticas o dosis altas.;Evitar riesgos.;alto;si procede;suplementación;media;Adaptar a historia clínica declarada, medicación, analíticas, cultura, economía, preferencias, etapa vital, riesgo de TCA y competencias profesionales. Derivar si hay señales de alarma.
Suplementación básica;Vitamina B12 en dieta vegana;Necesidad de suplementación/seguimiento en dieta vegana.;veganos;suplementación;alto;NUT2_SRC014;Creatina educativa;Explicar expectativas, uso general, seguridad y contraindicaciones/derivación.;medio;suplementación;Plan creatina informado;Definir objetivo, dosis según profesional, hidratación y contraindicaciones.;Usar creatina con criterio.;medio;según plan;suplementación;media;Adaptar a historia clínica declarada, medicación, analíticas, cultura, economía, preferencias, etapa vital, riesgo de TCA y competencias profesionales. Derivar si hay señales de alarma.
Suplementación básica;Vitamina B12 en dieta vegana;Necesidad de suplementación/seguimiento en dieta vegana.;veganos;suplementación;alto;NUT2_SRC014;Proteína en polvo como herramienta;Usar suplemento proteico solo como recurso práctico dentro de dieta.;bajo;suplementación;Usar proteína en polvo como recurso;Planificar cuándo usar batido si no se llega a proteína con comida.;Facilitar objetivo proteico.;bajo;según necesidad;suplementación;media;Adaptar a historia clínica declarada, medicación, analíticas, cultura, economía, preferencias, etapa vital, riesgo de TCA y competencias profesionales. Derivar si hay señales de alarma.
Suplementación básica;Vitamina B12 en dieta vegana;Necesidad de suplementación/seguimiento en dieta vegana.;veganos;suplementación;alto;NUT2_SRC014;Proteína objetivo;Asegurar proteína suficiente según objetivo, preferencias y contexto.;bajo;deportiva;Distribuir proteína diaria;Incluir fuente proteica en 3-4 comidas según objetivo.;Mejorar saciedad/músculo.;bajo;diario;deportiva;alta;Adaptar a historia clínica declarada, medicación, analíticas, cultura, economía, preferencias, etapa vital, riesgo de TCA y competencias profesionales. Derivar si hay señales de alarma.
Suplementación básica;Vitamina B12 en dieta vegana;Necesidad de suplementación/seguimiento en dieta vegana.;veganos;suplementación;alto;NUT2_SRC014;Señales de derivación nutricional/médica;Identificar pérdida involuntaria, síntomas, analíticas alteradas, TCA, embarazo o enfermedad.;alto;seguridad;Plan de derivación nutricional/médica;Identificar señal de alarma y profesional de referencia.;Aumentar seguridad.;alto;si aparece;seguridad;alta;Adaptar a historia clínica declarada, medicación, analíticas, cultura, economía, preferencias, etapa vital, riesgo de TCA y competencias profesionales. Derivar si hay señales de alarma.
Suplementación básica;Vitamina B12 en dieta vegana;Necesidad de suplementación/seguimiento en dieta vegana.;veganos;suplementación;alto;NUT2_SRC014;Señales de derivación nutricional/médica;Identificar pérdida involuntaria, síntomas, analíticas alteradas, TCA, embarazo o enfermedad.;alto;seguridad;Revisión de analítica/diagnóstico referido;Registrar dato aportado y recomendar coordinación con sanitario si hay patología.;No invadir ámbito médico.;alto;según caso;seguridad;alta;Adaptar a historia clínica declarada, medicación, analíticas, cultura, economía, preferencias, etapa vital, riesgo de TCA y competencias profesionales. Derivar si hay señales de alarma.
Suplementación básica;Vitamina D o hierro bajos referidos;Resultados o sospecha que requieren coordinación sanitaria.;general;derivación/coordinación;alto;NUT2_SRC014;Suplementación segura;Evaluar necesidad, evidencia, dosis, interacciones y derivación si procede.;medio;suplementación;Revisión suplemento actual;Listar suplementos, dosis, motivo, coste y evidencia/seguridad.;Evitar exceso o riesgo.;medio;30 min;suplementación;media;Adaptar a historia clínica declarada, medicación, analíticas, cultura, economía, preferencias, etapa vital, riesgo de TCA y competencias profesionales. Derivar si hay señales de alarma.
Suplementación básica;Vitamina D o hierro bajos referidos;Resultados o sospecha que requieren coordinación sanitaria.;general;derivación/coordinación;alto;NUT2_SRC014;Suplementación segura;Evaluar necesidad, evidencia, dosis, interacciones y derivación si procede.;medio;suplementación;Revisión de suplementos con profesional sanitario;Consultar si hay enfermedad, medicación, embarazo, analíticas o dosis altas.;Evitar riesgos.;alto;si procede;suplementación;media;Adaptar a historia clínica declarada, medicación, analíticas, cultura, economía, preferencias, etapa vital, riesgo de TCA y competencias profesionales. Derivar si hay señales de alarma.
Suplementación básica;Vitamina D o hierro bajos referidos;Resultados o sospecha que requieren coordinación sanitaria.;general;derivación/coordinación;alto;NUT2_SRC014;Creatina educativa;Explicar expectativas, uso general, seguridad y contraindicaciones/derivación.;medio;suplementación;Plan creatina informado;Definir objetivo, dosis según profesional, hidratación y contraindicaciones.;Usar creatina con criterio.;medio;según plan;suplementación;media;Adaptar a historia clínica declarada, medicación, analíticas, cultura, economía, preferencias, etapa vital, riesgo de TCA y competencias profesionales. Derivar si hay señales de alarma.
Suplementación básica;Vitamina D o hierro bajos referidos;Resultados o sospecha que requieren coordinación sanitaria.;general;derivación/coordinación;alto;NUT2_SRC014;Proteína en polvo como herramienta;Usar suplemento proteico solo como recurso práctico dentro de dieta.;bajo;suplementación;Usar proteína en polvo como recurso;Planificar cuándo usar batido si no se llega a proteína con comida.;Facilitar objetivo proteico.;bajo;según necesidad;suplementación;media;Adaptar a historia clínica declarada, medicación, analíticas, cultura, economía, preferencias, etapa vital, riesgo de TCA y competencias profesionales. Derivar si hay señales de alarma.
Suplementación básica;Vitamina D o hierro bajos referidos;Resultados o sospecha que requieren coordinación sanitaria.;general;derivación/coordinación;alto;NUT2_SRC014;Proteína objetivo;Asegurar proteína suficiente según objetivo, preferencias y contexto.;bajo;deportiva;Distribuir proteína diaria;Incluir fuente proteica en 3-4 comidas según objetivo.;Mejorar saciedad/músculo.;bajo;diario;deportiva;alta;Adaptar a historia clínica declarada, medicación, analíticas, cultura, economía, preferencias, etapa vital, riesgo de TCA y competencias profesionales. Derivar si hay señales de alarma.
Suplementación básica;Vitamina D o hierro bajos referidos;Resultados o sospecha que requieren coordinación sanitaria.;general;derivación/coordinación;alto;NUT2_SRC014;Señales de derivación nutricional/médica;Identificar pérdida involuntaria, síntomas, analíticas alteradas, TCA, embarazo o enfermedad.;alto;seguridad;Plan de derivación nutricional/médica;Identificar señal de alarma y profesional de referencia.;Aumentar seguridad.;alto;si aparece;seguridad;alta;Adaptar a historia clínica declarada, medicación, analíticas, cultura, economía, preferencias, etapa vital, riesgo de TCA y competencias profesionales. Derivar si hay señales de alarma.
Suplementación básica;Vitamina D o hierro bajos referidos;Resultados o sospecha que requieren coordinación sanitaria.;general;derivación/coordinación;alto;NUT2_SRC014;Señales de derivación nutricional/médica;Identificar pérdida involuntaria, síntomas, analíticas alteradas, TCA, embarazo o enfermedad.;alto;seguridad;Revisión de analítica/diagnóstico referido;Registrar dato aportado y recomendar coordinación con sanitario si hay patología.;No invadir ámbito médico.;alto;según caso;seguridad;alta;Adaptar a historia clínica declarada, medicación, analíticas, cultura, economía, preferencias, etapa vital, riesgo de TCA y competencias profesionales. Derivar si hay señales de alarma.
Suplementación básica;Exceso de suplementos innecesarios;Uso de múltiples suplementos sin indicación, expectativa o control claro.;general;suplementación;medio;"NUT2_SRC005;NUT2_SRC014";Suplementación segura;Evaluar necesidad, evidencia, dosis, interacciones y derivación si procede.;medio;suplementación;Revisión suplemento actual;Listar suplementos, dosis, motivo, coste y evidencia/seguridad.;Evitar exceso o riesgo.;medio;30 min;suplementación;media;Adaptar a historia clínica declarada, medicación, analíticas, cultura, economía, preferencias, etapa vital, riesgo de TCA y competencias profesionales. Derivar si hay señales de alarma.
Suplementación básica;Exceso de suplementos innecesarios;Uso de múltiples suplementos sin indicación, expectativa o control claro.;general;suplementación;medio;"NUT2_SRC005;NUT2_SRC014";Suplementación segura;Evaluar necesidad, evidencia, dosis, interacciones y derivación si procede.;medio;suplementación;Revisión de suplementos con profesional sanitario;Consultar si hay enfermedad, medicación, embarazo, analíticas o dosis altas.;Evitar riesgos.;alto;si procede;suplementación;media;Adaptar a historia clínica declarada, medicación, analíticas, cultura, economía, preferencias, etapa vital, riesgo de TCA y competencias profesionales. Derivar si hay señales de alarma.
Suplementación básica;Exceso de suplementos innecesarios;Uso de múltiples suplementos sin indicación, expectativa o control claro.;general;suplementación;medio;"NUT2_SRC005;NUT2_SRC014";Creatina educativa;Explicar expectativas, uso general, seguridad y contraindicaciones/derivación.;medio;suplementación;Plan creatina informado;Definir objetivo, dosis según profesional, hidratación y contraindicaciones.;Usar creatina con criterio.;medio;según plan;suplementación;media;Adaptar a historia clínica declarada, medicación, analíticas, cultura, economía, preferencias, etapa vital, riesgo de TCA y competencias profesionales. Derivar si hay señales de alarma.
Suplementación básica;Exceso de suplementos innecesarios;Uso de múltiples suplementos sin indicación, expectativa o control claro.;general;suplementación;medio;"NUT2_SRC005;NUT2_SRC014";Proteína en polvo como herramienta;Usar suplemento proteico solo como recurso práctico dentro de dieta.;bajo;suplementación;Usar proteína en polvo como recurso;Planificar cuándo usar batido si no se llega a proteína con comida.;Facilitar objetivo proteico.;bajo;según necesidad;suplementación;media;Adaptar a historia clínica declarada, medicación, analíticas, cultura, economía, preferencias, etapa vital, riesgo de TCA y competencias profesionales. Derivar si hay señales de alarma.
Suplementación básica;Exceso de suplementos innecesarios;Uso de múltiples suplementos sin indicación, expectativa o control claro.;general;suplementación;medio;"NUT2_SRC005;NUT2_SRC014";Proteína objetivo;Asegurar proteína suficiente según objetivo, preferencias y contexto.;bajo;deportiva;Distribuir proteína diaria;Incluir fuente proteica en 3-4 comidas según objetivo.;Mejorar saciedad/músculo.;bajo;diario;deportiva;alta;Adaptar a historia clínica declarada, medicación, analíticas, cultura, economía, preferencias, etapa vital, riesgo de TCA y competencias profesionales. Derivar si hay señales de alarma.
Suplementación básica;Exceso de suplementos innecesarios;Uso de múltiples suplementos sin indicación, expectativa o control claro.;general;suplementación;medio;"NUT2_SRC005;NUT2_SRC014";Señales de derivación nutricional/médica;Identificar pérdida involuntaria, síntomas, analíticas alteradas, TCA, embarazo o enfermedad.;alto;seguridad;Plan de derivación nutricional/médica;Identificar señal de alarma y profesional de referencia.;Aumentar seguridad.;alto;si aparece;seguridad;alta;Adaptar a historia clínica declarada, medicación, analíticas, cultura, economía, preferencias, etapa vital, riesgo de TCA y competencias profesionales. Derivar si hay señales de alarma.
Suplementación básica;Exceso de suplementos innecesarios;Uso de múltiples suplementos sin indicación, expectativa o control claro.;general;suplementación;medio;"NUT2_SRC005;NUT2_SRC014";Señales de derivación nutricional/médica;Identificar pérdida involuntaria, síntomas, analíticas alteradas, TCA, embarazo o enfermedad.;alto;seguridad;Revisión de analítica/diagnóstico referido;Registrar dato aportado y recomendar coordinación con sanitario si hay patología.;No invadir ámbito médico.;alto;según caso;seguridad;alta;Adaptar a historia clínica declarada, medicación, analíticas, cultura, economía, preferencias, etapa vital, riesgo de TCA y competencias profesionales. Derivar si hay señales de alarma.
