recomendacion_id;problema_id;tecnica_id;tarea_id;prioridad;nota_profesional
NUT2_R0001;NUT2_P001;NUT2_T001;NUT2_TA001;media;Adaptar a historia clínica declarada, medicación, analíticas, cultura, economía, preferencias, etapa vital, riesgo de TCA y competencias profesionales. Derivar si hay señales de alarma.
NUT2_R0002;NUT2_P001;NUT2_T002;NUT2_TA002;media;Adaptar a historia clínica declarada, medicación, analíticas, cultura, economía, preferencias, etapa vital, riesgo de TCA y competencias profesionales. Derivar si hay señales de alarma.
NUT2_R0003;NUT2_P001;NUT2_T002;NUT2_TA080;media;Adaptar a historia clínica declarada, medicación, analíticas, cultura, economía, preferencias, etapa vital, riesgo de TCA y competencias profesionales. Derivar si hay señales de alarma.
NUT2_R0004;NUT2_P001;NUT2_T003;NUT2_TA003;media;Adaptar a historia clínica declarada, medicación, analíticas, cultura, economía, preferencias, etapa vital, riesgo de TCA y competencias profesionales. Derivar si hay señales de alarma.
NUT2_R0005;NUT2_P001;NUT2_T003;NUT2_TA064;media;Adaptar a historia clínica declarada, medicación, analíticas, cultura, economía, preferencias, etapa vital, riesgo de TCA y competencias profesionales. Derivar si hay señales de alarma.
NUT2_R0006;NUT2_P001;NUT2_T004;NUT2_TA004;media;Adaptar a historia clínica declarada, medicación, analíticas, cultura, economía, preferencias, etapa vital, riesgo de TCA y competencias profesionales. Derivar si hay señales de alarma.
NUT2_R0007;NUT2_P001;NUT2_T004;NUT2_TA081;media;Adaptar a historia clínica declarada, medicación, analíticas, cultura, economía, preferencias, etapa vital, riesgo de TCA y competencias profesionales. Derivar si hay señales de alarma.
NUT2_R0008;NUT2_P001;NUT2_T005;NUT2_TA005;media;Adaptar a historia clínica declarada, medicación, analíticas, cultura, economía, preferencias, etapa vital, riesgo de TCA y competencias profesionales. Derivar si hay señales de alarma.
NUT2_R0009;NUT2_P001;NUT2_T006;NUT2_TA006;media;Adaptar a historia clínica declarada, medicación, analíticas, cultura, economía, preferencias, etapa vital, riesgo de TCA y competencias profesionales. Derivar si hay señales de alarma.
NUT2_R0010;NUT2_P001;NUT2_T007;NUT2_TA007;media;Adaptar a historia clínica declarada, medicación, analíticas, cultura, economía, preferencias, etapa vital, riesgo de TCA y competencias profesionales. Derivar si hay señales de alarma.
NUT2_R0011;NUT2_P001;NUT2_T007;NUT2_TA075;media;Adaptar a historia clínica declarada, medicación, analíticas, cultura, economía, preferencias, etapa vital, riesgo de TCA y competencias profesionales. Derivar si hay señales de alarma.
NUT2_R0012;NUT2_P001;NUT2_T008;NUT2_TA008;media;Adaptar a historia clínica declarada, medicación, analíticas, cultura, economía, preferencias, etapa vital, riesgo de TCA y competencias profesionales. Derivar si hay señales de alarma.
NUT2_R0013;NUT2_P001;NUT2_T052;NUT2_TA060;media;Adaptar a historia clínica declarada, medicación, analíticas, cultura, economía, preferencias, etapa vital, riesgo de TCA y competencias profesionales. Derivar si hay señales de alarma.
NUT2_R0014;NUT2_P001;NUT2_T052;NUT2_TA063;media;Adaptar a historia clínica declarada, medicación, analíticas, cultura, economía, preferencias, etapa vital, riesgo de TCA y competencias profesionales. Derivar si hay señales de alarma.
NUT2_R0015;NUT2_P001;NUT2_T053;NUT2_TA061;media;Adaptar a historia clínica declarada, medicación, analíticas, cultura, economía, preferencias, etapa vital, riesgo de TCA y competencias profesionales. Derivar si hay señales de alarma.
NUT2_R0016;NUT2_P002;NUT2_T001;NUT2_TA001;media;Adaptar a historia clínica declarada, medicación, analíticas, cultura, economía, preferencias, etapa vital, riesgo de TCA y competencias profesionales. Derivar si hay señales de alarma.
NUT2_R0017;NUT2_P002;NUT2_T002;NUT2_TA002;media;Adaptar a historia clínica declarada, medicación, analíticas, cultura, economía, preferencias, etapa vital, riesgo de TCA y competencias profesionales. Derivar si hay señales de alarma.
NUT2_R0018;NUT2_P002;NUT2_T002;NUT2_TA080;media;Adaptar a historia clínica declarada, medicación, analíticas, cultura, economía, preferencias, etapa vital, riesgo de TCA y competencias profesionales. Derivar si hay señales de alarma.
NUT2_R0019;NUT2_P002;NUT2_T003;NUT2_TA003;media;Adaptar a historia clínica declarada, medicación, analíticas, cultura, economía, preferencias, etapa vital, riesgo de TCA y competencias profesionales. Derivar si hay señales de alarma.
NUT2_R0020;NUT2_P002;NUT2_T003;NUT2_TA064;media;Adaptar a historia clínica declarada, medicación, analíticas, cultura, economía, preferencias, etapa vital, riesgo de TCA y competencias profesionales. Derivar si hay señales de alarma.
NUT2_R0021;NUT2_P002;NUT2_T004;NUT2_TA004;media;Adaptar a historia clínica declarada, medicación, analíticas, cultura, economía, preferencias, etapa vital, riesgo de TCA y competencias profesionales. Derivar si hay señales de alarma.
NUT2_R0022;NUT2_P002;NUT2_T004;NUT2_TA081;media;Adaptar a historia clínica declarada, medicación, analíticas, cultura, economía, preferencias, etapa vital, riesgo de TCA y competencias profesionales. Derivar si hay señales de alarma.
NUT2_R0023;NUT2_P002;NUT2_T005;NUT2_TA005;media;Adaptar a historia clínica declarada, medicación, analíticas, cultura, economía, preferencias, etapa vital, riesgo de TCA y competencias profesionales. Derivar si hay señales de alarma.
NUT2_R0024;NUT2_P002;NUT2_T006;NUT2_TA006;media;Adaptar a historia clínica declarada, medicación, analíticas, cultura, economía, preferencias, etapa vital, riesgo de TCA y competencias profesionales. Derivar si hay señales de alarma.
NUT2_R0025;NUT2_P002;NUT2_T007;NUT2_TA007;media;Adaptar a historia clínica declarada, medicación, analíticas, cultura, economía, preferencias, etapa vital, riesgo de TCA y competencias profesionales. Derivar si hay señales de alarma.
NUT2_R0026;NUT2_P002;NUT2_T007;NUT2_TA075;media;Adaptar a historia clínica declarada, medicación, analíticas, cultura, economía, preferencias, etapa vital, riesgo de TCA y competencias profesionales. Derivar si hay señales de alarma.
NUT2_R0027;NUT2_P002;NUT2_T008;NUT2_TA008;media;Adaptar a historia clínica declarada, medicación, analíticas, cultura, economía, preferencias, etapa vital, riesgo de TCA y competencias profesionales. Derivar si hay señales de alarma.
NUT2_R0028;NUT2_P002;NUT2_T052;NUT2_TA060;media;Adaptar a historia clínica declarada, medicación, analíticas, cultura, economía, preferencias, etapa vital, riesgo de TCA y competencias profesionales. Derivar si hay señales de alarma.
NUT2_R0029;NUT2_P002;NUT2_T052;NUT2_TA063;media;Adaptar a historia clínica declarada, medicación, analíticas, cultura, economía, preferencias, etapa vital, riesgo de TCA y competencias profesionales. Derivar si hay señales de alarma.
NUT2_R0030;NUT2_P002;NUT2_T053;NUT2_TA061;media;Adaptar a historia clínica declarada, medicación, analíticas, cultura, economía, preferencias, etapa vital, riesgo de TCA y competencias profesionales. Derivar si hay señales de alarma.
NUT2_R0031;NUT2_P003;NUT2_T001;NUT2_TA001;media;Adaptar a historia clínica declarada, medicación, analíticas, cultura, economía, preferencias, etapa vital, riesgo de TCA y competencias profesionales. Derivar si hay señales de alarma.
NUT2_R0032;NUT2_P003;NUT2_T002;NUT2_TA002;media;Adaptar a historia clínica declarada, medicación, analíticas, cultura, economía, preferencias, etapa vital, riesgo de TCA y competencias profesionales. Derivar si hay señales de alarma.
NUT2_R0033;NUT2_P003;NUT2_T002;NUT2_TA080;media;Adaptar a historia clínica declarada, medicación, analíticas, cultura, economía, preferencias, etapa vital, riesgo de TCA y competencias profesionales. Derivar si hay señales de alarma.
NUT2_R0034;NUT2_P003;NUT2_T003;NUT2_TA003;media;Adaptar a historia clínica declarada, medicación, analíticas, cultura, economía, preferencias, etapa vital, riesgo de TCA y competencias profesionales. Derivar si hay señales de alarma.
NUT2_R0035;NUT2_P003;NUT2_T003;NUT2_TA064;media;Adaptar a historia clínica declarada, medicación, analíticas, cultura, economía, preferencias, etapa vital, riesgo de TCA y competencias profesionales. Derivar si hay señales de alarma.
NUT2_R0036;NUT2_P003;NUT2_T004;NUT2_TA004;media;Adaptar a historia clínica declarada, medicación, analíticas, cultura, economía, preferencias, etapa vital, riesgo de TCA y competencias profesionales. Derivar si hay señales de alarma.
NUT2_R0037;NUT2_P003;NUT2_T004;NUT2_TA081;media;Adaptar a historia clínica declarada, medicación, analíticas, cultura, economía, preferencias, etapa vital, riesgo de TCA y competencias profesionales. Derivar si hay señales de alarma.
NUT2_R0038;NUT2_P003;NUT2_T005;NUT2_TA005;media;Adaptar a historia clínica declarada, medicación, analíticas, cultura, economía, preferencias, etapa vital, riesgo de TCA y competencias profesionales. Derivar si hay señales de alarma.
NUT2_R0039;NUT2_P003;NUT2_T006;NUT2_TA006;media;Adaptar a historia clínica declarada, medicación, analíticas, cultura, economía, preferencias, etapa vital, riesgo de TCA y competencias profesionales. Derivar si hay señales de alarma.
NUT2_R0040;NUT2_P003;NUT2_T007;NUT2_TA007;media;Adaptar a historia clínica declarada, medicación, analíticas, cultura, economía, preferencias, etapa vital, riesgo de TCA y competencias profesionales. Derivar si hay señales de alarma.
NUT2_R0041;NUT2_P003;NUT2_T007;NUT2_TA075;media;Adaptar a historia clínica declarada, medicación, analíticas, cultura, economía, preferencias, etapa vital, riesgo de TCA y competencias profesionales. Derivar si hay señales de alarma.
NUT2_R0042;NUT2_P003;NUT2_T008;NUT2_TA008;media;Adaptar a historia clínica declarada, medicación, analíticas, cultura, economía, preferencias, etapa vital, riesgo de TCA y competencias profesionales. Derivar si hay señales de alarma.
NUT2_R0043;NUT2_P003;NUT2_T052;NUT2_TA060;media;Adaptar a historia clínica declarada, medicación, analíticas, cultura, economía, preferencias, etapa vital, riesgo de TCA y competencias profesionales. Derivar si hay señales de alarma.
NUT2_R0044;NUT2_P003;NUT2_T052;NUT2_TA063;media;Adaptar a historia clínica declarada, medicación, analíticas, cultura, economía, preferencias, etapa vital, riesgo de TCA y competencias profesionales. Derivar si hay señales de alarma.
NUT2_R0045;NUT2_P003;NUT2_T053;NUT2_TA061;media;Adaptar a historia clínica declarada, medicación, analíticas, cultura, economía, preferencias, etapa vital, riesgo de TCA y competencias profesionales. Derivar si hay señales de alarma.
NUT2_R0046;NUT2_P004;NUT2_T001;NUT2_TA001;media;Adaptar a historia clínica declarada, medicación, analíticas, cultura, economía, preferencias, etapa vital, riesgo de TCA y competencias profesionales. Derivar si hay señales de alarma.
NUT2_R0047;NUT2_P004;NUT2_T002;NUT2_TA002;media;Adaptar a historia clínica declarada, medicación, analíticas, cultura, economía, preferencias, etapa vital, riesgo de TCA y competencias profesionales. Derivar si hay señales de alarma.
NUT2_R0048;NUT2_P004;NUT2_T002;NUT2_TA080;media;Adaptar a historia clínica declarada, medicación, analíticas, cultura, economía, preferencias, etapa vital, riesgo de TCA y competencias profesionales. Derivar si hay señales de alarma.
NUT2_R0049;NUT2_P004;NUT2_T003;NUT2_TA003;media;Adaptar a historia clínica declarada, medicación, analíticas, cultura, economía, preferencias, etapa vital, riesgo de TCA y competencias profesionales. Derivar si hay señales de alarma.
NUT2_R0050;NUT2_P004;NUT2_T003;NUT2_TA064;media;Adaptar a historia clínica declarada, medicación, analíticas, cultura, economía, preferencias, etapa vital, riesgo de TCA y competencias profesionales. Derivar si hay señales de alarma.
NUT2_R0051;NUT2_P004;NUT2_T004;NUT2_TA004;media;Adaptar a historia clínica declarada, medicación, analíticas, cultura, economía, preferencias, etapa vital, riesgo de TCA y competencias profesionales. Derivar si hay señales de alarma.
NUT2_R0052;NUT2_P004;NUT2_T004;NUT2_TA081;media;Adaptar a historia clínica declarada, medicación, analíticas, cultura, economía, preferencias, etapa vital, riesgo de TCA y competencias profesionales. Derivar si hay señales de alarma.
NUT2_R0053;NUT2_P004;NUT2_T005;NUT2_TA005;media;Adaptar a historia clínica declarada, medicación, analíticas, cultura, economía, preferencias, etapa vital, riesgo de TCA y competencias profesionales. Derivar si hay señales de alarma.
NUT2_R0054;NUT2_P004;NUT2_T006;NUT2_TA006;media;Adaptar a historia clínica declarada, medicación, analíticas, cultura, economía, preferencias, etapa vital, riesgo de TCA y competencias profesionales. Derivar si hay señales de alarma.
NUT2_R0055;NUT2_P004;NUT2_T007;NUT2_TA007;media;Adaptar a historia clínica declarada, medicación, analíticas, cultura, economía, preferencias, etapa vital, riesgo de TCA y competencias profesionales. Derivar si hay señales de alarma.
NUT2_R0056;NUT2_P004;NUT2_T007;NUT2_TA075;media;Adaptar a historia clínica declarada, medicación, analíticas, cultura, economía, preferencias, etapa vital, riesgo de TCA y competencias profesionales. Derivar si hay señales de alarma.
NUT2_R0057;NUT2_P004;NUT2_T008;NUT2_TA008;media;Adaptar a historia clínica declarada, medicación, analíticas, cultura, economía, preferencias, etapa vital, riesgo de TCA y competencias profesionales. Derivar si hay señales de alarma.
NUT2_R0058;NUT2_P004;NUT2_T052;NUT2_TA060;media;Adaptar a historia clínica declarada, medicación, analíticas, cultura, economía, preferencias, etapa vital, riesgo de TCA y competencias profesionales. Derivar si hay señales de alarma.
NUT2_R0059;NUT2_P004;NUT2_T052;NUT2_TA063;media;Adaptar a historia clínica declarada, medicación, analíticas, cultura, economía, preferencias, etapa vital, riesgo de TCA y competencias profesionales. Derivar si hay señales de alarma.
NUT2_R0060;NUT2_P004;NUT2_T053;NUT2_TA061;media;Adaptar a historia clínica declarada, medicación, analíticas, cultura, economía, preferencias, etapa vital, riesgo de TCA y competencias profesionales. Derivar si hay señales de alarma.
NUT2_R0061;NUT2_P005;NUT2_T001;NUT2_TA001;media;Adaptar a historia clínica declarada, medicación, analíticas, cultura, economía, preferencias, etapa vital, riesgo de TCA y competencias profesionales. Derivar si hay señales de alarma.
NUT2_R0062;NUT2_P005;NUT2_T002;NUT2_TA002;media;Adaptar a historia clínica declarada, medicación, analíticas, cultura, economía, preferencias, etapa vital, riesgo de TCA y competencias profesionales. Derivar si hay señales de alarma.
NUT2_R0063;NUT2_P005;NUT2_T002;NUT2_TA080;media;Adaptar a historia clínica declarada, medicación, analíticas, cultura, economía, preferencias, etapa vital, riesgo de TCA y competencias profesionales. Derivar si hay señales de alarma.
NUT2_R0064;NUT2_P005;NUT2_T003;NUT2_TA003;media;Adaptar a historia clínica declarada, medicación, analíticas, cultura, economía, preferencias, etapa vital, riesgo de TCA y competencias profesionales. Derivar si hay señales de alarma.
NUT2_R0065;NUT2_P005;NUT2_T003;NUT2_TA064;media;Adaptar a historia clínica declarada, medicación, analíticas, cultura, economía, preferencias, etapa vital, riesgo de TCA y competencias profesionales. Derivar si hay señales de alarma.
NUT2_R0066;NUT2_P005;NUT2_T004;NUT2_TA004;media;Adaptar a historia clínica declarada, medicación, analíticas, cultura, economía, preferencias, etapa vital, riesgo de TCA y competencias profesionales. Derivar si hay señales de alarma.
NUT2_R0067;NUT2_P005;NUT2_T004;NUT2_TA081;media;Adaptar a historia clínica declarada, medicación, analíticas, cultura, economía, preferencias, etapa vital, riesgo de TCA y competencias profesionales. Derivar si hay señales de alarma.
NUT2_R0068;NUT2_P005;NUT2_T005;NUT2_TA005;media;Adaptar a historia clínica declarada, medicación, analíticas, cultura, economía, preferencias, etapa vital, riesgo de TCA y competencias profesionales. Derivar si hay señales de alarma.
NUT2_R0069;NUT2_P005;NUT2_T006;NUT2_TA006;media;Adaptar a historia clínica declarada, medicación, analíticas, cultura, economía, preferencias, etapa vital, riesgo de TCA y competencias profesionales. Derivar si hay señales de alarma.
NUT2_R0070;NUT2_P005;NUT2_T007;NUT2_TA007;media;Adaptar a historia clínica declarada, medicación, analíticas, cultura, economía, preferencias, etapa vital, riesgo de TCA y competencias profesionales. Derivar si hay señales de alarma.
NUT2_R0071;NUT2_P005;NUT2_T007;NUT2_TA075;media;Adaptar a historia clínica declarada, medicación, analíticas, cultura, economía, preferencias, etapa vital, riesgo de TCA y competencias profesionales. Derivar si hay señales de alarma.
NUT2_R0072;NUT2_P005;NUT2_T008;NUT2_TA008;media;Adaptar a historia clínica declarada, medicación, analíticas, cultura, economía, preferencias, etapa vital, riesgo de TCA y competencias profesionales. Derivar si hay señales de alarma.
NUT2_R0073;NUT2_P005;NUT2_T052;NUT2_TA060;media;Adaptar a historia clínica declarada, medicación, analíticas, cultura, economía, preferencias, etapa vital, riesgo de TCA y competencias profesionales. Derivar si hay señales de alarma.
NUT2_R0074;NUT2_P005;NUT2_T052;NUT2_TA063;media;Adaptar a historia clínica declarada, medicación, analíticas, cultura, economía, preferencias, etapa vital, riesgo de TCA y competencias profesionales. Derivar si hay señales de alarma.
NUT2_R0075;NUT2_P005;NUT2_T053;NUT2_TA061;media;Adaptar a historia clínica declarada, medicación, analíticas, cultura, economía, preferencias, etapa vital, riesgo de TCA y competencias profesionales. Derivar si hay señales de alarma.
NUT2_R0076;NUT2_P006;NUT2_T001;NUT2_TA001;media;Adaptar a historia clínica declarada, medicación, analíticas, cultura, economía, preferencias, etapa vital, riesgo de TCA y competencias profesionales. Derivar si hay señales de alarma.
NUT2_R0077;NUT2_P006;NUT2_T002;NUT2_TA002;media;Adaptar a historia clínica declarada, medicación, analíticas, cultura, economía, preferencias, etapa vital, riesgo de TCA y competencias profesionales. Derivar si hay señales de alarma.
NUT2_R0078;NUT2_P006;NUT2_T002;NUT2_TA080;media;Adaptar a historia clínica declarada, medicación, analíticas, cultura, economía, preferencias, etapa vital, riesgo de TCA y competencias profesionales. Derivar si hay señales de alarma.
NUT2_R0079;NUT2_P006;NUT2_T003;NUT2_TA003;media;Adaptar a historia clínica declarada, medicación, analíticas, cultura, economía, preferencias, etapa vital, riesgo de TCA y competencias profesionales. Derivar si hay señales de alarma.
NUT2_R0080;NUT2_P006;NUT2_T003;NUT2_TA064;media;Adaptar a historia clínica declarada, medicación, analíticas, cultura, economía, preferencias, etapa vital, riesgo de TCA y competencias profesionales. Derivar si hay señales de alarma.
NUT2_R0081;NUT2_P006;NUT2_T004;NUT2_TA004;media;Adaptar a historia clínica declarada, medicación, analíticas, cultura, economía, preferencias, etapa vital, riesgo de TCA y competencias profesionales. Derivar si hay señales de alarma.
NUT2_R0082;NUT2_P006;NUT2_T004;NUT2_TA081;media;Adaptar a historia clínica declarada, medicación, analíticas, cultura, economía, preferencias, etapa vital, riesgo de TCA y competencias profesionales. Derivar si hay señales de alarma.
NUT2_R0083;NUT2_P006;NUT2_T005;NUT2_TA005;media;Adaptar a historia clínica declarada, medicación, analíticas, cultura, economía, preferencias, etapa vital, riesgo de TCA y competencias profesionales. Derivar si hay señales de alarma.
NUT2_R0084;NUT2_P006;NUT2_T006;NUT2_TA006;media;Adaptar a historia clínica declarada, medicación, analíticas, cultura, economía, preferencias, etapa vital, riesgo de TCA y competencias profesionales. Derivar si hay señales de alarma.
NUT2_R0085;NUT2_P006;NUT2_T007;NUT2_TA007;media;Adaptar a historia clínica declarada, medicación, analíticas, cultura, economía, preferencias, etapa vital, riesgo de TCA y competencias profesionales. Derivar si hay señales de alarma.
NUT2_R0086;NUT2_P006;NUT2_T007;NUT2_TA075;media;Adaptar a historia clínica declarada, medicación, analíticas, cultura, economía, preferencias, etapa vital, riesgo de TCA y competencias profesionales. Derivar si hay señales de alarma.
NUT2_R0087;NUT2_P006;NUT2_T008;NUT2_TA008;media;Adaptar a historia clínica declarada, medicación, analíticas, cultura, economía, preferencias, etapa vital, riesgo de TCA y competencias profesionales. Derivar si hay señales de alarma.
NUT2_R0088;NUT2_P006;NUT2_T052;NUT2_TA060;media;Adaptar a historia clínica declarada, medicación, analíticas, cultura, economía, preferencias, etapa vital, riesgo de TCA y competencias profesionales. Derivar si hay señales de alarma.
NUT2_R0089;NUT2_P006;NUT2_T052;NUT2_TA063;media;Adaptar a historia clínica declarada, medicación, analíticas, cultura, economía, preferencias, etapa vital, riesgo de TCA y competencias profesionales. Derivar si hay señales de alarma.
NUT2_R0090;NUT2_P006;NUT2_T053;NUT2_TA061;media;Adaptar a historia clínica declarada, medicación, analíticas, cultura, economía, preferencias, etapa vital, riesgo de TCA y competencias profesionales. Derivar si hay señales de alarma.
NUT2_R0091;NUT2_P007;NUT2_T001;NUT2_TA001;media;Adaptar a historia clínica declarada, medicación, analíticas, cultura, economía, preferencias, etapa vital, riesgo de TCA y competencias profesionales. Derivar si hay señales de alarma.
NUT2_R0092;NUT2_P007;NUT2_T002;NUT2_TA002;media;Adaptar a historia clínica declarada, medicación, analíticas, cultura, economía, preferencias, etapa vital, riesgo de TCA y competencias profesionales. Derivar si hay señales de alarma.
NUT2_R0093;NUT2_P007;NUT2_T002;NUT2_TA080;media;Adaptar a historia clínica declarada, medicación, analíticas, cultura, economía, preferencias, etapa vital, riesgo de TCA y competencias profesionales. Derivar si hay señales de alarma.
NUT2_R0094;NUT2_P007;NUT2_T003;NUT2_TA003;media;Adaptar a historia clínica declarada, medicación, analíticas, cultura, economía, preferencias, etapa vital, riesgo de TCA y competencias profesionales. Derivar si hay señales de alarma.
NUT2_R0095;NUT2_P007;NUT2_T003;NUT2_TA064;media;Adaptar a historia clínica declarada, medicación, analíticas, cultura, economía, preferencias, etapa vital, riesgo de TCA y competencias profesionales. Derivar si hay señales de alarma.
NUT2_R0096;NUT2_P007;NUT2_T004;NUT2_TA004;media;Adaptar a historia clínica declarada, medicación, analíticas, cultura, economía, preferencias, etapa vital, riesgo de TCA y competencias profesionales. Derivar si hay señales de alarma.
NUT2_R0097;NUT2_P007;NUT2_T004;NUT2_TA081;media;Adaptar a historia clínica declarada, medicación, analíticas, cultura, economía, preferencias, etapa vital, riesgo de TCA y competencias profesionales. Derivar si hay señales de alarma.
NUT2_R0098;NUT2_P007;NUT2_T005;NUT2_TA005;media;Adaptar a historia clínica declarada, medicación, analíticas, cultura, economía, preferencias, etapa vital, riesgo de TCA y competencias profesionales. Derivar si hay señales de alarma.
NUT2_R0099;NUT2_P007;NUT2_T006;NUT2_TA006;media;Adaptar a historia clínica declarada, medicación, analíticas, cultura, economía, preferencias, etapa vital, riesgo de TCA y competencias profesionales. Derivar si hay señales de alarma.
NUT2_R0100;NUT2_P007;NUT2_T007;NUT2_TA007;media;Adaptar a historia clínica declarada, medicación, analíticas, cultura, economía, preferencias, etapa vital, riesgo de TCA y competencias profesionales. Derivar si hay señales de alarma.
NUT2_R0101;NUT2_P007;NUT2_T007;NUT2_TA075;media;Adaptar a historia clínica declarada, medicación, analíticas, cultura, economía, preferencias, etapa vital, riesgo de TCA y competencias profesionales. Derivar si hay señales de alarma.
NUT2_R0102;NUT2_P007;NUT2_T008;NUT2_TA008;media;Adaptar a historia clínica declarada, medicación, analíticas, cultura, economía, preferencias, etapa vital, riesgo de TCA y competencias profesionales. Derivar si hay señales de alarma.
NUT2_R0103;NUT2_P007;NUT2_T052;NUT2_TA060;media;Adaptar a historia clínica declarada, medicación, analíticas, cultura, economía, preferencias, etapa vital, riesgo de TCA y competencias profesionales. Derivar si hay señales de alarma.
NUT2_R0104;NUT2_P007;NUT2_T052;NUT2_TA063;media;Adaptar a historia clínica declarada, medicación, analíticas, cultura, economía, preferencias, etapa vital, riesgo de TCA y competencias profesionales. Derivar si hay señales de alarma.
NUT2_R0105;NUT2_P007;NUT2_T053;NUT2_TA061;media;Adaptar a historia clínica declarada, medicación, analíticas, cultura, economía, preferencias, etapa vital, riesgo de TCA y competencias profesionales. Derivar si hay señales de alarma.
NUT2_R0106;NUT2_P008;NUT2_T013;NUT2_TA013;alta;Adaptar a historia clínica declarada, medicación, analíticas, cultura, economía, preferencias, etapa vital, riesgo de TCA y competencias profesionales. Derivar si hay señales de alarma.
NUT2_R0107;NUT2_P008;NUT2_T014;NUT2_TA014;media;Adaptar a historia clínica declarada, medicación, analíticas, cultura, economía, preferencias, etapa vital, riesgo de TCA y competencias profesionales. Derivar si hay señales de alarma.
NUT2_R0108;NUT2_P008;NUT2_T014;NUT2_TA071;media;Adaptar a historia clínica declarada, medicación, analíticas, cultura, economía, preferencias, etapa vital, riesgo de TCA y competencias profesionales. Derivar si hay señales de alarma.
NUT2_R0109;NUT2_P008;NUT2_T014;NUT2_TA082;media;Adaptar a historia clínica declarada, medicación, analíticas, cultura, economía, preferencias, etapa vital, riesgo de TCA y competencias profesionales. Derivar si hay señales de alarma.
NUT2_R0110;NUT2_P008;NUT2_T015;NUT2_TA015;media;Adaptar a historia clínica declarada, medicación, analíticas, cultura, economía, preferencias, etapa vital, riesgo de TCA y competencias profesionales. Derivar si hay señales de alarma.
NUT2_R0111;NUT2_P008;NUT2_T015;NUT2_TA016;media;Adaptar a historia clínica declarada, medicación, analíticas, cultura, economía, preferencias, etapa vital, riesgo de TCA y competencias profesionales. Derivar si hay señales de alarma.
NUT2_R0112;NUT2_P008;NUT2_T015;NUT2_TA067;media;Adaptar a historia clínica declarada, medicación, analíticas, cultura, economía, preferencias, etapa vital, riesgo de TCA y competencias profesionales. Derivar si hay señales de alarma.
NUT2_R0113;NUT2_P008;NUT2_T016;NUT2_TA017;media;Adaptar a historia clínica declarada, medicación, analíticas, cultura, economía, preferencias, etapa vital, riesgo de TCA y competencias profesionales. Derivar si hay señales de alarma.
NUT2_R0114;NUT2_P008;NUT2_T016;NUT2_TA068;media;Adaptar a historia clínica declarada, medicación, analíticas, cultura, economía, preferencias, etapa vital, riesgo de TCA y competencias profesionales. Derivar si hay señales de alarma.
NUT2_R0115;NUT2_P008;NUT2_T023;NUT2_TA024;media;Adaptar a historia clínica declarada, medicación, analíticas, cultura, economía, preferencias, etapa vital, riesgo de TCA y competencias profesionales. Derivar si hay señales de alarma.
NUT2_R0116;NUT2_P008;NUT2_T033;NUT2_TA037;media;Adaptar a historia clínica declarada, medicación, analíticas, cultura, economía, preferencias, etapa vital, riesgo de TCA y competencias profesionales. Derivar si hay señales de alarma.
NUT2_R0117;NUT2_P008;NUT2_T035;NUT2_TA039;media;Adaptar a historia clínica declarada, medicación, analíticas, cultura, economía, preferencias, etapa vital, riesgo de TCA y competencias profesionales. Derivar si hay señales de alarma.
NUT2_R0118;NUT2_P008;NUT2_T035;NUT2_TA040;media;Adaptar a historia clínica declarada, medicación, analíticas, cultura, economía, preferencias, etapa vital, riesgo de TCA y competencias profesionales. Derivar si hay señales de alarma.
NUT2_R0119;NUT2_P008;NUT2_T035;NUT2_TA073;media;Adaptar a historia clínica declarada, medicación, analíticas, cultura, economía, preferencias, etapa vital, riesgo de TCA y competencias profesionales. Derivar si hay señales de alarma.
NUT2_R0120;NUT2_P008;NUT2_T035;NUT2_TA083;media;Adaptar a historia clínica declarada, medicación, analíticas, cultura, economía, preferencias, etapa vital, riesgo de TCA y competencias profesionales. Derivar si hay señales de alarma.
NUT2_R0121;NUT2_P008;NUT2_T049;NUT2_TA058;media;Adaptar a historia clínica declarada, medicación, analíticas, cultura, economía, preferencias, etapa vital, riesgo de TCA y competencias profesionales. Derivar si hay señales de alarma.
NUT2_R0122;NUT2_P008;NUT2_T049;NUT2_TA072;media;Adaptar a historia clínica declarada, medicación, analíticas, cultura, economía, preferencias, etapa vital, riesgo de TCA y competencias profesionales. Derivar si hay señales de alarma.
NUT2_R0123;NUT2_P008;NUT2_T050;NUT2_TA059;media;Adaptar a historia clínica declarada, medicación, analíticas, cultura, economía, preferencias, etapa vital, riesgo de TCA y competencias profesionales. Derivar si hay señales de alarma.
NUT2_R0127;NUT2_P009;NUT2_T013;NUT2_TA013;alta;Adaptar a historia clínica declarada, medicación, analíticas, cultura, economía, preferencias, etapa vital, riesgo de TCA y competencias profesionales. Derivar si hay señales de alarma.
NUT2_R0128;NUT2_P009;NUT2_T014;NUT2_TA014;media;Adaptar a historia clínica declarada, medicación, analíticas, cultura, economía, preferencias, etapa vital, riesgo de TCA y competencias profesionales. Derivar si hay señales de alarma.
NUT2_R0129;NUT2_P009;NUT2_T014;NUT2_TA071;media;Adaptar a historia clínica declarada, medicación, analíticas, cultura, economía, preferencias, etapa vital, riesgo de TCA y competencias profesionales. Derivar si hay señales de alarma.
NUT2_R0130;NUT2_P009;NUT2_T014;NUT2_TA082;media;Adaptar a historia clínica declarada, medicación, analíticas, cultura, economía, preferencias, etapa vital, riesgo de TCA y competencias profesionales. Derivar si hay señales de alarma.
NUT2_R0131;NUT2_P009;NUT2_T015;NUT2_TA015;media;Adaptar a historia clínica declarada, medicación, analíticas, cultura, economía, preferencias, etapa vital, riesgo de TCA y competencias profesionales. Derivar si hay señales de alarma.
NUT2_R0132;NUT2_P009;NUT2_T015;NUT2_TA016;media;Adaptar a historia clínica declarada, medicación, analíticas, cultura, economía, preferencias, etapa vital, riesgo de TCA y competencias profesionales. Derivar si hay señales de alarma.
NUT2_R0133;NUT2_P009;NUT2_T015;NUT2_TA067;media;Adaptar a historia clínica declarada, medicación, analíticas, cultura, economía, preferencias, etapa vital, riesgo de TCA y competencias profesionales. Derivar si hay señales de alarma.
NUT2_R0134;NUT2_P009;NUT2_T016;NUT2_TA017;media;Adaptar a historia clínica declarada, medicación, analíticas, cultura, economía, preferencias, etapa vital, riesgo de TCA y competencias profesionales. Derivar si hay señales de alarma.
NUT2_R0135;NUT2_P009;NUT2_T016;NUT2_TA068;media;Adaptar a historia clínica declarada, medicación, analíticas, cultura, economía, preferencias, etapa vital, riesgo de TCA y competencias profesionales. Derivar si hay señales de alarma.
NUT2_R0136;NUT2_P009;NUT2_T023;NUT2_TA024;media;Adaptar a historia clínica declarada, medicación, analíticas, cultura, economía, preferencias, etapa vital, riesgo de TCA y competencias profesionales. Derivar si hay señales de alarma.
NUT2_R0137;NUT2_P009;NUT2_T033;NUT2_TA037;media;Adaptar a historia clínica declarada, medicación, analíticas, cultura, economía, preferencias, etapa vital, riesgo de TCA y competencias profesionales. Derivar si hay señales de alarma.
NUT2_R0138;NUT2_P009;NUT2_T035;NUT2_TA039;media;Adaptar a historia clínica declarada, medicación, analíticas, cultura, economía, preferencias, etapa vital, riesgo de TCA y competencias profesionales. Derivar si hay señales de alarma.
NUT2_R0139;NUT2_P009;NUT2_T035;NUT2_TA040;media;Adaptar a historia clínica declarada, medicación, analíticas, cultura, economía, preferencias, etapa vital, riesgo de TCA y competencias profesionales. Derivar si hay señales de alarma.
NUT2_R0140;NUT2_P009;NUT2_T035;NUT2_TA073;media;Adaptar a historia clínica declarada, medicación, analíticas, cultura, economía, preferencias, etapa vital, riesgo de TCA y competencias profesionales. Derivar si hay señales de alarma.
NUT2_R0141;NUT2_P009;NUT2_T035;NUT2_TA083;media;Adaptar a historia clínica declarada, medicación, analíticas, cultura, economía, preferencias, etapa vital, riesgo de TCA y competencias profesionales. Derivar si hay señales de alarma.
NUT2_R0142;NUT2_P009;NUT2_T049;NUT2_TA058;media;Adaptar a historia clínica declarada, medicación, analíticas, cultura, economía, preferencias, etapa vital, riesgo de TCA y competencias profesionales. Derivar si hay señales de alarma.
NUT2_R0143;NUT2_P009;NUT2_T049;NUT2_TA072;media;Adaptar a historia clínica declarada, medicación, analíticas, cultura, economía, preferencias, etapa vital, riesgo de TCA y competencias profesionales. Derivar si hay señales de alarma.
NUT2_R0144;NUT2_P009;NUT2_T050;NUT2_TA059;media;Adaptar a historia clínica declarada, medicación, analíticas, cultura, economía, preferencias, etapa vital, riesgo de TCA y competencias profesionales. Derivar si hay señales de alarma.
NUT2_R0148;NUT2_P010;NUT2_T013;NUT2_TA013;alta;Adaptar a historia clínica declarada, medicación, analíticas, cultura, economía, preferencias, etapa vital, riesgo de TCA y competencias profesionales. Derivar si hay señales de alarma.
NUT2_R0149;NUT2_P010;NUT2_T014;NUT2_TA014;media;Adaptar a historia clínica declarada, medicación, analíticas, cultura, economía, preferencias, etapa vital, riesgo de TCA y competencias profesionales. Derivar si hay señales de alarma.
NUT2_R0150;NUT2_P010;NUT2_T014;NUT2_TA071;media;Adaptar a historia clínica declarada, medicación, analíticas, cultura, economía, preferencias, etapa vital, riesgo de TCA y competencias profesionales. Derivar si hay señales de alarma.
NUT2_R0151;NUT2_P010;NUT2_T014;NUT2_TA082;media;Adaptar a historia clínica declarada, medicación, analíticas, cultura, economía, preferencias, etapa vital, riesgo de TCA y competencias profesionales. Derivar si hay señales de alarma.
NUT2_R0152;NUT2_P010;NUT2_T015;NUT2_TA015;media;Adaptar a historia clínica declarada, medicación, analíticas, cultura, economía, preferencias, etapa vital, riesgo de TCA y competencias profesionales. Derivar si hay señales de alarma.
NUT2_R0153;NUT2_P010;NUT2_T015;NUT2_TA016;media;Adaptar a historia clínica declarada, medicación, analíticas, cultura, economía, preferencias, etapa vital, riesgo de TCA y competencias profesionales. Derivar si hay señales de alarma.
NUT2_R0154;NUT2_P010;NUT2_T015;NUT2_TA067;media;Adaptar a historia clínica declarada, medicación, analíticas, cultura, economía, preferencias, etapa vital, riesgo de TCA y competencias profesionales. Derivar si hay señales de alarma.
NUT2_R0155;NUT2_P010;NUT2_T016;NUT2_TA017;media;Adaptar a historia clínica declarada, medicación, analíticas, cultura, economía, preferencias, etapa vital, riesgo de TCA y competencias profesionales. Derivar si hay señales de alarma.
NUT2_R0156;NUT2_P010;NUT2_T016;NUT2_TA068;media;Adaptar a historia clínica declarada, medicación, analíticas, cultura, economía, preferencias, etapa vital, riesgo de TCA y competencias profesionales. Derivar si hay señales de alarma.
NUT2_R0157;NUT2_P010;NUT2_T023;NUT2_TA024;media;Adaptar a historia clínica declarada, medicación, analíticas, cultura, economía, preferencias, etapa vital, riesgo de TCA y competencias profesionales. Derivar si hay señales de alarma.
NUT2_R0158;NUT2_P010;NUT2_T033;NUT2_TA037;media;Adaptar a historia clínica declarada, medicación, analíticas, cultura, economía, preferencias, etapa vital, riesgo de TCA y competencias profesionales. Derivar si hay señales de alarma.
NUT2_R0159;NUT2_P010;NUT2_T035;NUT2_TA039;media;Adaptar a historia clínica declarada, medicación, analíticas, cultura, economía, preferencias, etapa vital, riesgo de TCA y competencias profesionales. Derivar si hay señales de alarma.
NUT2_R0160;NUT2_P010;NUT2_T035;NUT2_TA040;media;Adaptar a historia clínica declarada, medicación, analíticas, cultura, economía, preferencias, etapa vital, riesgo de TCA y competencias profesionales. Derivar si hay señales de alarma.
NUT2_R0161;NUT2_P010;NUT2_T035;NUT2_TA073;media;Adaptar a historia clínica declarada, medicación, analíticas, cultura, economía, preferencias, etapa vital, riesgo de TCA y competencias profesionales. Derivar si hay señales de alarma.
NUT2_R0162;NUT2_P010;NUT2_T035;NUT2_TA083;media;Adaptar a historia clínica declarada, medicación, analíticas, cultura, economía, preferencias, etapa vital, riesgo de TCA y competencias profesionales. Derivar si hay señales de alarma.
NUT2_R0163;NUT2_P010;NUT2_T049;NUT2_TA058;media;Adaptar a historia clínica declarada, medicación, analíticas, cultura, economía, preferencias, etapa vital, riesgo de TCA y competencias profesionales. Derivar si hay señales de alarma.
NUT2_R0164;NUT2_P010;NUT2_T049;NUT2_TA072;media;Adaptar a historia clínica declarada, medicación, analíticas, cultura, economía, preferencias, etapa vital, riesgo de TCA y competencias profesionales. Derivar si hay señales de alarma.
NUT2_R0165;NUT2_P010;NUT2_T050;NUT2_TA059;media;Adaptar a historia clínica declarada, medicación, analíticas, cultura, economía, preferencias, etapa vital, riesgo de TCA y competencias profesionales. Derivar si hay señales de alarma.
NUT2_R0169;NUT2_P011;NUT2_T013;NUT2_TA013;alta;Adaptar a historia clínica declarada, medicación, analíticas, cultura, economía, preferencias, etapa vital, riesgo de TCA y competencias profesionales. Derivar si hay señales de alarma.
NUT2_R0170;NUT2_P011;NUT2_T014;NUT2_TA014;media;Adaptar a historia clínica declarada, medicación, analíticas, cultura, economía, preferencias, etapa vital, riesgo de TCA y competencias profesionales. Derivar si hay señales de alarma.
NUT2_R0171;NUT2_P011;NUT2_T014;NUT2_TA071;media;Adaptar a historia clínica declarada, medicación, analíticas, cultura, economía, preferencias, etapa vital, riesgo de TCA y competencias profesionales. Derivar si hay señales de alarma.
NUT2_R0172;NUT2_P011;NUT2_T014;NUT2_TA082;media;Adaptar a historia clínica declarada, medicación, analíticas, cultura, economía, preferencias, etapa vital, riesgo de TCA y competencias profesionales. Derivar si hay señales de alarma.
NUT2_R0173;NUT2_P011;NUT2_T015;NUT2_TA015;media;Adaptar a historia clínica declarada, medicación, analíticas, cultura, economía, preferencias, etapa vital, riesgo de TCA y competencias profesionales. Derivar si hay señales de alarma.
NUT2_R0174;NUT2_P011;NUT2_T015;NUT2_TA016;media;Adaptar a historia clínica declarada, medicación, analíticas, cultura, economía, preferencias, etapa vital, riesgo de TCA y competencias profesionales. Derivar si hay señales de alarma.
NUT2_R0175;NUT2_P011;NUT2_T015;NUT2_TA067;media;Adaptar a historia clínica declarada, medicación, analíticas, cultura, economía, preferencias, etapa vital, riesgo de TCA y competencias profesionales. Derivar si hay señales de alarma.
NUT2_R0176;NUT2_P011;NUT2_T016;NUT2_TA017;media;Adaptar a historia clínica declarada, medicación, analíticas, cultura, economía, preferencias, etapa vital, riesgo de TCA y competencias profesionales. Derivar si hay señales de alarma.
NUT2_R0177;NUT2_P011;NUT2_T016;NUT2_TA068;media;Adaptar a historia clínica declarada, medicación, analíticas, cultura, economía, preferencias, etapa vital, riesgo de TCA y competencias profesionales. Derivar si hay señales de alarma.
NUT2_R0178;NUT2_P011;NUT2_T023;NUT2_TA024;media;Adaptar a historia clínica declarada, medicación, analíticas, cultura, economía, preferencias, etapa vital, riesgo de TCA y competencias profesionales. Derivar si hay señales de alarma.
NUT2_R0179;NUT2_P011;NUT2_T033;NUT2_TA037;media;Adaptar a historia clínica declarada, medicación, analíticas, cultura, economía, preferencias, etapa vital, riesgo de TCA y competencias profesionales. Derivar si hay señales de alarma.
NUT2_R0180;NUT2_P011;NUT2_T035;NUT2_TA039;media;Adaptar a historia clínica declarada, medicación, analíticas, cultura, economía, preferencias, etapa vital, riesgo de TCA y competencias profesionales. Derivar si hay señales de alarma.
NUT2_R0181;NUT2_P011;NUT2_T035;NUT2_TA040;media;Adaptar a historia clínica declarada, medicación, analíticas, cultura, economía, preferencias, etapa vital, riesgo de TCA y competencias profesionales. Derivar si hay señales de alarma.
NUT2_R0182;NUT2_P011;NUT2_T035;NUT2_TA073;media;Adaptar a historia clínica declarada, medicación, analíticas, cultura, economía, preferencias, etapa vital, riesgo de TCA y competencias profesionales. Derivar si hay señales de alarma.
NUT2_R0183;NUT2_P011;NUT2_T035;NUT2_TA083;media;Adaptar a historia clínica declarada, medicación, analíticas, cultura, economía, preferencias, etapa vital, riesgo de TCA y competencias profesionales. Derivar si hay señales de alarma.
NUT2_R0184;NUT2_P011;NUT2_T049;NUT2_TA058;media;Adaptar a historia clínica declarada, medicación, analíticas, cultura, economía, preferencias, etapa vital, riesgo de TCA y competencias profesionales. Derivar si hay señales de alarma.
NUT2_R0185;NUT2_P011;NUT2_T049;NUT2_TA072;media;Adaptar a historia clínica declarada, medicación, analíticas, cultura, economía, preferencias, etapa vital, riesgo de TCA y competencias profesionales. Derivar si hay señales de alarma.
NUT2_R0186;NUT2_P011;NUT2_T050;NUT2_TA059;media;Adaptar a historia clínica declarada, medicación, analíticas, cultura, economía, preferencias, etapa vital, riesgo de TCA y competencias profesionales. Derivar si hay señales de alarma.
NUT2_R0190;NUT2_P012;NUT2_T013;NUT2_TA013;alta;Adaptar a historia clínica declarada, medicación, analíticas, cultura, economía, preferencias, etapa vital, riesgo de TCA y competencias profesionales. Derivar si hay señales de alarma.
NUT2_R0191;NUT2_P012;NUT2_T014;NUT2_TA014;media;Adaptar a historia clínica declarada, medicación, analíticas, cultura, economía, preferencias, etapa vital, riesgo de TCA y competencias profesionales. Derivar si hay señales de alarma.
NUT2_R0192;NUT2_P012;NUT2_T014;NUT2_TA071;media;Adaptar a historia clínica declarada, medicación, analíticas, cultura, economía, preferencias, etapa vital, riesgo de TCA y competencias profesionales. Derivar si hay señales de alarma.
NUT2_R0193;NUT2_P012;NUT2_T014;NUT2_TA082;media;Adaptar a historia clínica declarada, medicación, analíticas, cultura, economía, preferencias, etapa vital, riesgo de TCA y competencias profesionales. Derivar si hay señales de alarma.
NUT2_R0194;NUT2_P012;NUT2_T015;NUT2_TA015;media;Adaptar a historia clínica declarada, medicación, analíticas, cultura, economía, preferencias, etapa vital, riesgo de TCA y competencias profesionales. Derivar si hay señales de alarma.
NUT2_R0195;NUT2_P012;NUT2_T015;NUT2_TA016;media;Adaptar a historia clínica declarada, medicación, analíticas, cultura, economía, preferencias, etapa vital, riesgo de TCA y competencias profesionales. Derivar si hay señales de alarma.
NUT2_R0196;NUT2_P012;NUT2_T015;NUT2_TA067;media;Adaptar a historia clínica declarada, medicación, analíticas, cultura, economía, preferencias, etapa vital, riesgo de TCA y competencias profesionales. Derivar si hay señales de alarma.
NUT2_R0197;NUT2_P012;NUT2_T016;NUT2_TA017;media;Adaptar a historia clínica declarada, medicación, analíticas, cultura, economía, preferencias, etapa vital, riesgo de TCA y competencias profesionales. Derivar si hay señales de alarma.
NUT2_R0198;NUT2_P012;NUT2_T016;NUT2_TA068;media;Adaptar a historia clínica declarada, medicación, analíticas, cultura, economía, preferencias, etapa vital, riesgo de TCA y competencias profesionales. Derivar si hay señales de alarma.
NUT2_R0199;NUT2_P012;NUT2_T023;NUT2_TA024;media;Adaptar a historia clínica declarada, medicación, analíticas, cultura, economía, preferencias, etapa vital, riesgo de TCA y competencias profesionales. Derivar si hay señales de alarma.
NUT2_R0200;NUT2_P012;NUT2_T033;NUT2_TA037;media;Adaptar a historia clínica declarada, medicación, analíticas, cultura, economía, preferencias, etapa vital, riesgo de TCA y competencias profesionales. Derivar si hay señales de alarma.
NUT2_R0201;NUT2_P012;NUT2_T035;NUT2_TA039;media;Adaptar a historia clínica declarada, medicación, analíticas, cultura, economía, preferencias, etapa vital, riesgo de TCA y competencias profesionales. Derivar si hay señales de alarma.
NUT2_R0202;NUT2_P012;NUT2_T035;NUT2_TA040;media;Adaptar a historia clínica declarada, medicación, analíticas, cultura, economía, preferencias, etapa vital, riesgo de TCA y competencias profesionales. Derivar si hay señales de alarma.
NUT2_R0203;NUT2_P012;NUT2_T035;NUT2_TA073;media;Adaptar a historia clínica declarada, medicación, analíticas, cultura, economía, preferencias, etapa vital, riesgo de TCA y competencias profesionales. Derivar si hay señales de alarma.
NUT2_R0204;NUT2_P012;NUT2_T035;NUT2_TA083;media;Adaptar a historia clínica declarada, medicación, analíticas, cultura, economía, preferencias, etapa vital, riesgo de TCA y competencias profesionales. Derivar si hay señales de alarma.
NUT2_R0205;NUT2_P012;NUT2_T049;NUT2_TA058;media;Adaptar a historia clínica declarada, medicación, analíticas, cultura, economía, preferencias, etapa vital, riesgo de TCA y competencias profesionales. Derivar si hay señales de alarma.
NUT2_R0206;NUT2_P012;NUT2_T049;NUT2_TA072;media;Adaptar a historia clínica declarada, medicación, analíticas, cultura, economía, preferencias, etapa vital, riesgo de TCA y competencias profesionales. Derivar si hay señales de alarma.
NUT2_R0207;NUT2_P012;NUT2_T050;NUT2_TA059;media;Adaptar a historia clínica declarada, medicación, analíticas, cultura, economía, preferencias, etapa vital, riesgo de TCA y competencias profesionales. Derivar si hay señales de alarma.
NUT2_R0211;NUT2_P013;NUT2_T013;NUT2_TA013;alta;Adaptar a historia clínica declarada, medicación, analíticas, cultura, economía, preferencias, etapa vital, riesgo de TCA y competencias profesionales. Derivar si hay señales de alarma.
NUT2_R0212;NUT2_P013;NUT2_T014;NUT2_TA014;media;Adaptar a historia clínica declarada, medicación, analíticas, cultura, economía, preferencias, etapa vital, riesgo de TCA y competencias profesionales. Derivar si hay señales de alarma.
NUT2_R0213;NUT2_P013;NUT2_T014;NUT2_TA071;media;Adaptar a historia clínica declarada, medicación, analíticas, cultura, economía, preferencias, etapa vital, riesgo de TCA y competencias profesionales. Derivar si hay señales de alarma.
NUT2_R0214;NUT2_P013;NUT2_T014;NUT2_TA082;media;Adaptar a historia clínica declarada, medicación, analíticas, cultura, economía, preferencias, etapa vital, riesgo de TCA y competencias profesionales. Derivar si hay señales de alarma.
NUT2_R0215;NUT2_P013;NUT2_T015;NUT2_TA015;media;Adaptar a historia clínica declarada, medicación, analíticas, cultura, economía, preferencias, etapa vital, riesgo de TCA y competencias profesionales. Derivar si hay señales de alarma.
NUT2_R0216;NUT2_P013;NUT2_T015;NUT2_TA016;media;Adaptar a historia clínica declarada, medicación, analíticas, cultura, economía, preferencias, etapa vital, riesgo de TCA y competencias profesionales. Derivar si hay señales de alarma.
NUT2_R0217;NUT2_P013;NUT2_T015;NUT2_TA067;media;Adaptar a historia clínica declarada, medicación, analíticas, cultura, economía, preferencias, etapa vital, riesgo de TCA y competencias profesionales. Derivar si hay señales de alarma.
NUT2_R0218;NUT2_P013;NUT2_T016;NUT2_TA017;media;Adaptar a historia clínica declarada, medicación, analíticas, cultura, economía, preferencias, etapa vital, riesgo de TCA y competencias profesionales. Derivar si hay señales de alarma.
NUT2_R0219;NUT2_P013;NUT2_T016;NUT2_TA068;media;Adaptar a historia clínica declarada, medicación, analíticas, cultura, economía, preferencias, etapa vital, riesgo de TCA y competencias profesionales. Derivar si hay señales de alarma.
NUT2_R0220;NUT2_P013;NUT2_T023;NUT2_TA024;media;Adaptar a historia clínica declarada, medicación, analíticas, cultura, economía, preferencias, etapa vital, riesgo de TCA y competencias profesionales. Derivar si hay señales de alarma.
NUT2_R0221;NUT2_P013;NUT2_T033;NUT2_TA037;media;Adaptar a historia clínica declarada, medicación, analíticas, cultura, economía, preferencias, etapa vital, riesgo de TCA y competencias profesionales. Derivar si hay señales de alarma.
NUT2_R0222;NUT2_P013;NUT2_T035;NUT2_TA039;media;Adaptar a historia clínica declarada, medicación, analíticas, cultura, economía, preferencias, etapa vital, riesgo de TCA y competencias profesionales. Derivar si hay señales de alarma.
NUT2_R0223;NUT2_P013;NUT2_T035;NUT2_TA040;media;Adaptar a historia clínica declarada, medicación, analíticas, cultura, economía, preferencias, etapa vital, riesgo de TCA y competencias profesionales. Derivar si hay señales de alarma.
NUT2_R0224;NUT2_P013;NUT2_T035;NUT2_TA073;media;Adaptar a historia clínica declarada, medicación, analíticas, cultura, economía, preferencias, etapa vital, riesgo de TCA y competencias profesionales. Derivar si hay señales de alarma.
NUT2_R0225;NUT2_P013;NUT2_T035;NUT2_TA083;media;Adaptar a historia clínica declarada, medicación, analíticas, cultura, economía, preferencias, etapa vital, riesgo de TCA y competencias profesionales. Derivar si hay señales de alarma.
NUT2_R0226;NUT2_P013;NUT2_T049;NUT2_TA058;media;Adaptar a historia clínica declarada, medicación, analíticas, cultura, economía, preferencias, etapa vital, riesgo de TCA y competencias profesionales. Derivar si hay señales de alarma.
NUT2_R0227;NUT2_P013;NUT2_T049;NUT2_TA072;media;Adaptar a historia clínica declarada, medicación, analíticas, cultura, economía, preferencias, etapa vital, riesgo de TCA y competencias profesionales. Derivar si hay señales de alarma.
NUT2_R0228;NUT2_P013;NUT2_T050;NUT2_TA059;media;Adaptar a historia clínica declarada, medicación, analíticas, cultura, economía, preferencias, etapa vital, riesgo de TCA y competencias profesionales. Derivar si hay señales de alarma.
NUT2_R0232;NUT2_P014;NUT2_T013;NUT2_TA013;alta;Adaptar a historia clínica declarada, medicación, analíticas, cultura, economía, preferencias, etapa vital, riesgo de TCA y competencias profesionales. Derivar si hay señales de alarma.
NUT2_R0233;NUT2_P014;NUT2_T014;NUT2_TA014;media;Adaptar a historia clínica declarada, medicación, analíticas, cultura, economía, preferencias, etapa vital, riesgo de TCA y competencias profesionales. Derivar si hay señales de alarma.
NUT2_R0234;NUT2_P014;NUT2_T014;NUT2_TA071;media;Adaptar a historia clínica declarada, medicación, analíticas, cultura, economía, preferencias, etapa vital, riesgo de TCA y competencias profesionales. Derivar si hay señales de alarma.
NUT2_R0235;NUT2_P014;NUT2_T014;NUT2_TA082;media;Adaptar a historia clínica declarada, medicación, analíticas, cultura, economía, preferencias, etapa vital, riesgo de TCA y competencias profesionales. Derivar si hay señales de alarma.
NUT2_R0236;NUT2_P014;NUT2_T015;NUT2_TA015;media;Adaptar a historia clínica declarada, medicación, analíticas, cultura, economía, preferencias, etapa vital, riesgo de TCA y competencias profesionales. Derivar si hay señales de alarma.
NUT2_R0237;NUT2_P014;NUT2_T015;NUT2_TA016;media;Adaptar a historia clínica declarada, medicación, analíticas, cultura, economía, preferencias, etapa vital, riesgo de TCA y competencias profesionales. Derivar si hay señales de alarma.
NUT2_R0238;NUT2_P014;NUT2_T015;NUT2_TA067;media;Adaptar a historia clínica declarada, medicación, analíticas, cultura, economía, preferencias, etapa vital, riesgo de TCA y competencias profesionales. Derivar si hay señales de alarma.
NUT2_R0239;NUT2_P014;NUT2_T016;NUT2_TA017;media;Adaptar a historia clínica declarada, medicación, analíticas, cultura, economía, preferencias, etapa vital, riesgo de TCA y competencias profesionales. Derivar si hay señales de alarma.
NUT2_R0240;NUT2_P014;NUT2_T016;NUT2_TA068;media;Adaptar a historia clínica declarada, medicación, analíticas, cultura, economía, preferencias, etapa vital, riesgo de TCA y competencias profesionales. Derivar si hay señales de alarma.
NUT2_R0241;NUT2_P014;NUT2_T023;NUT2_TA024;media;Adaptar a historia clínica declarada, medicación, analíticas, cultura, economía, preferencias, etapa vital, riesgo de TCA y competencias profesionales. Derivar si hay señales de alarma.
NUT2_R0242;NUT2_P014;NUT2_T033;NUT2_TA037;media;Adaptar a historia clínica declarada, medicación, analíticas, cultura, economía, preferencias, etapa vital, riesgo de TCA y competencias profesionales. Derivar si hay señales de alarma.
NUT2_R0243;NUT2_P014;NUT2_T035;NUT2_TA039;media;Adaptar a historia clínica declarada, medicación, analíticas, cultura, economía, preferencias, etapa vital, riesgo de TCA y competencias profesionales. Derivar si hay señales de alarma.
NUT2_R0244;NUT2_P014;NUT2_T035;NUT2_TA040;media;Adaptar a historia clínica declarada, medicación, analíticas, cultura, economía, preferencias, etapa vital, riesgo de TCA y competencias profesionales. Derivar si hay señales de alarma.
NUT2_R0245;NUT2_P014;NUT2_T035;NUT2_TA073;media;Adaptar a historia clínica declarada, medicación, analíticas, cultura, economía, preferencias, etapa vital, riesgo de TCA y competencias profesionales. Derivar si hay señales de alarma.
NUT2_R0246;NUT2_P014;NUT2_T035;NUT2_TA083;media;Adaptar a historia clínica declarada, medicación, analíticas, cultura, economía, preferencias, etapa vital, riesgo de TCA y competencias profesionales. Derivar si hay señales de alarma.
NUT2_R0247;NUT2_P014;NUT2_T049;NUT2_TA058;media;Adaptar a historia clínica declarada, medicación, analíticas, cultura, economía, preferencias, etapa vital, riesgo de TCA y competencias profesionales. Derivar si hay señales de alarma.
NUT2_R0248;NUT2_P014;NUT2_T049;NUT2_TA072;media;Adaptar a historia clínica declarada, medicación, analíticas, cultura, economía, preferencias, etapa vital, riesgo de TCA y competencias profesionales. Derivar si hay señales de alarma.
NUT2_R0249;NUT2_P014;NUT2_T050;NUT2_TA059;media;Adaptar a historia clínica declarada, medicación, analíticas, cultura, economía, preferencias, etapa vital, riesgo de TCA y competencias profesionales. Derivar si hay señales de alarma.
NUT2_R0253;NUT2_P015;NUT2_T017;NUT2_TA018;alta;Adaptar a historia clínica declarada, medicación, analíticas, cultura, economía, preferencias, etapa vital, riesgo de TCA y competencias profesionales. Derivar si hay señales de alarma.
NUT2_R0254;NUT2_P015;NUT2_T018;NUT2_TA019;media;Adaptar a historia clínica declarada, medicación, analíticas, cultura, economía, preferencias, etapa vital, riesgo de TCA y competencias profesionales. Derivar si hay señales de alarma.
NUT2_R0255;NUT2_P015;NUT2_T018;NUT2_TA020;media;Adaptar a historia clínica declarada, medicación, analíticas, cultura, economía, preferencias, etapa vital, riesgo de TCA y competencias profesionales. Derivar si hay señales de alarma.
NUT2_R0256;NUT2_P015;NUT2_T018;NUT2_TA084;media;Adaptar a historia clínica declarada, medicación, analíticas, cultura, economía, preferencias, etapa vital, riesgo de TCA y competencias profesionales. Derivar si hay señales de alarma.
NUT2_R0257;NUT2_P015;NUT2_T019;NUT2_TA021;media;Adaptar a historia clínica declarada, medicación, analíticas, cultura, economía, preferencias, etapa vital, riesgo de TCA y competencias profesionales. Derivar si hay señales de alarma.
NUT2_R0258;NUT2_P015;NUT2_T020;NUT2_TA022;media;Adaptar a historia clínica declarada, medicación, analíticas, cultura, economía, preferencias, etapa vital, riesgo de TCA y competencias profesionales. Derivar si hay señales de alarma.
NUT2_R0259;NUT2_P015;NUT2_T038;NUT2_TA045;media;Adaptar a historia clínica declarada, medicación, analíticas, cultura, economía, preferencias, etapa vital, riesgo de TCA y competencias profesionales. Derivar si hay señales de alarma.
NUT2_R0260;NUT2_P015;NUT2_T046;NUT2_TA055;media;Adaptar a historia clínica declarada, medicación, analíticas, cultura, economía, preferencias, etapa vital, riesgo de TCA y competencias profesionales. Derivar si hay señales de alarma.
NUT2_R0261;NUT2_P015;NUT2_T046;NUT2_TA079;media;Adaptar a historia clínica declarada, medicación, analíticas, cultura, economía, preferencias, etapa vital, riesgo de TCA y competencias profesionales. Derivar si hay señales de alarma.
NUT2_R0262;NUT2_P015;NUT2_T048;NUT2_TA057;media;Adaptar a historia clínica declarada, medicación, analíticas, cultura, economía, preferencias, etapa vital, riesgo de TCA y competencias profesionales. Derivar si hay señales de alarma.
NUT2_R0263;NUT2_P015;NUT2_T052;NUT2_TA060;media;Adaptar a historia clínica declarada, medicación, analíticas, cultura, economía, preferencias, etapa vital, riesgo de TCA y competencias profesionales. Derivar si hay señales de alarma.
NUT2_R0264;NUT2_P015;NUT2_T052;NUT2_TA063;media;Adaptar a historia clínica declarada, medicación, analíticas, cultura, economía, preferencias, etapa vital, riesgo de TCA y competencias profesionales. Derivar si hay señales de alarma.
NUT2_R0265;NUT2_P016;NUT2_T017;NUT2_TA018;alta;Adaptar a historia clínica declarada, medicación, analíticas, cultura, economía, preferencias, etapa vital, riesgo de TCA y competencias profesionales. Derivar si hay señales de alarma.
NUT2_R0266;NUT2_P016;NUT2_T018;NUT2_TA019;media;Adaptar a historia clínica declarada, medicación, analíticas, cultura, economía, preferencias, etapa vital, riesgo de TCA y competencias profesionales. Derivar si hay señales de alarma.
NUT2_R0267;NUT2_P016;NUT2_T018;NUT2_TA020;media;Adaptar a historia clínica declarada, medicación, analíticas, cultura, economía, preferencias, etapa vital, riesgo de TCA y competencias profesionales. Derivar si hay señales de alarma.
NUT2_R0268;NUT2_P016;NUT2_T018;NUT2_TA084;media;Adaptar a historia clínica declarada, medicación, analíticas, cultura, economía, preferencias, etapa vital, riesgo de TCA y competencias profesionales. Derivar si hay señales de alarma.
NUT2_R0269;NUT2_P016;NUT2_T019;NUT2_TA021;media;Adaptar a historia clínica declarada, medicación, analíticas, cultura, economía, preferencias, etapa vital, riesgo de TCA y competencias profesionales. Derivar si hay señales de alarma.
NUT2_R0270;NUT2_P016;NUT2_T020;NUT2_TA022;media;Adaptar a historia clínica declarada, medicación, analíticas, cultura, economía, preferencias, etapa vital, riesgo de TCA y competencias profesionales. Derivar si hay señales de alarma.
NUT2_R0271;NUT2_P016;NUT2_T038;NUT2_TA045;media;Adaptar a historia clínica declarada, medicación, analíticas, cultura, economía, preferencias, etapa vital, riesgo de TCA y competencias profesionales. Derivar si hay señales de alarma.
NUT2_R0272;NUT2_P016;NUT2_T046;NUT2_TA055;media;Adaptar a historia clínica declarada, medicación, analíticas, cultura, economía, preferencias, etapa vital, riesgo de TCA y competencias profesionales. Derivar si hay señales de alarma.
NUT2_R0273;NUT2_P016;NUT2_T046;NUT2_TA079;media;Adaptar a historia clínica declarada, medicación, analíticas, cultura, economía, preferencias, etapa vital, riesgo de TCA y competencias profesionales. Derivar si hay señales de alarma.
NUT2_R0274;NUT2_P016;NUT2_T048;NUT2_TA057;media;Adaptar a historia clínica declarada, medicación, analíticas, cultura, economía, preferencias, etapa vital, riesgo de TCA y competencias profesionales. Derivar si hay señales de alarma.
NUT2_R0275;NUT2_P016;NUT2_T052;NUT2_TA060;media;Adaptar a historia clínica declarada, medicación, analíticas, cultura, economía, preferencias, etapa vital, riesgo de TCA y competencias profesionales. Derivar si hay señales de alarma.
NUT2_R0276;NUT2_P016;NUT2_T052;NUT2_TA063;media;Adaptar a historia clínica declarada, medicación, analíticas, cultura, economía, preferencias, etapa vital, riesgo de TCA y competencias profesionales. Derivar si hay señales de alarma.
NUT2_R0277;NUT2_P017;NUT2_T017;NUT2_TA018;alta;Adaptar a historia clínica declarada, medicación, analíticas, cultura, economía, preferencias, etapa vital, riesgo de TCA y competencias profesionales. Derivar si hay señales de alarma.
NUT2_R0278;NUT2_P017;NUT2_T018;NUT2_TA019;media;Adaptar a historia clínica declarada, medicación, analíticas, cultura, economía, preferencias, etapa vital, riesgo de TCA y competencias profesionales. Derivar si hay señales de alarma.
NUT2_R0279;NUT2_P017;NUT2_T018;NUT2_TA020;media;Adaptar a historia clínica declarada, medicación, analíticas, cultura, economía, preferencias, etapa vital, riesgo de TCA y competencias profesionales. Derivar si hay señales de alarma.
NUT2_R0280;NUT2_P017;NUT2_T018;NUT2_TA084;media;Adaptar a historia clínica declarada, medicación, analíticas, cultura, economía, preferencias, etapa vital, riesgo de TCA y competencias profesionales. Derivar si hay señales de alarma.
NUT2_R0281;NUT2_P017;NUT2_T019;NUT2_TA021;media;Adaptar a historia clínica declarada, medicación, analíticas, cultura, economía, preferencias, etapa vital, riesgo de TCA y competencias profesionales. Derivar si hay señales de alarma.
NUT2_R0282;NUT2_P017;NUT2_T020;NUT2_TA022;media;Adaptar a historia clínica declarada, medicación, analíticas, cultura, economía, preferencias, etapa vital, riesgo de TCA y competencias profesionales. Derivar si hay señales de alarma.
NUT2_R0283;NUT2_P017;NUT2_T038;NUT2_TA045;media;Adaptar a historia clínica declarada, medicación, analíticas, cultura, economía, preferencias, etapa vital, riesgo de TCA y competencias profesionales. Derivar si hay señales de alarma.
NUT2_R0284;NUT2_P017;NUT2_T046;NUT2_TA055;media;Adaptar a historia clínica declarada, medicación, analíticas, cultura, economía, preferencias, etapa vital, riesgo de TCA y competencias profesionales. Derivar si hay señales de alarma.
NUT2_R0285;NUT2_P017;NUT2_T046;NUT2_TA079;media;Adaptar a historia clínica declarada, medicación, analíticas, cultura, economía, preferencias, etapa vital, riesgo de TCA y competencias profesionales. Derivar si hay señales de alarma.
NUT2_R0286;NUT2_P017;NUT2_T048;NUT2_TA057;media;Adaptar a historia clínica declarada, medicación, analíticas, cultura, economía, preferencias, etapa vital, riesgo de TCA y competencias profesionales. Derivar si hay señales de alarma.
NUT2_R0287;NUT2_P017;NUT2_T052;NUT2_TA060;media;Adaptar a historia clínica declarada, medicación, analíticas, cultura, economía, preferencias, etapa vital, riesgo de TCA y competencias profesionales. Derivar si hay señales de alarma.
NUT2_R0288;NUT2_P017;NUT2_T052;NUT2_TA063;media;Adaptar a historia clínica declarada, medicación, analíticas, cultura, economía, preferencias, etapa vital, riesgo de TCA y competencias profesionales. Derivar si hay señales de alarma.
NUT2_R0289;NUT2_P018;NUT2_T017;NUT2_TA018;alta;Adaptar a historia clínica declarada, medicación, analíticas, cultura, economía, preferencias, etapa vital, riesgo de TCA y competencias profesionales. Derivar si hay señales de alarma.
NUT2_R0290;NUT2_P018;NUT2_T018;NUT2_TA019;media;Adaptar a historia clínica declarada, medicación, analíticas, cultura, economía, preferencias, etapa vital, riesgo de TCA y competencias profesionales. Derivar si hay señales de alarma.
NUT2_R0291;NUT2_P018;NUT2_T018;NUT2_TA020;media;Adaptar a historia clínica declarada, medicación, analíticas, cultura, economía, preferencias, etapa vital, riesgo de TCA y competencias profesionales. Derivar si hay señales de alarma.
NUT2_R0292;NUT2_P018;NUT2_T018;NUT2_TA084;media;Adaptar a historia clínica declarada, medicación, analíticas, cultura, economía, preferencias, etapa vital, riesgo de TCA y competencias profesionales. Derivar si hay señales de alarma.
NUT2_R0293;NUT2_P018;NUT2_T019;NUT2_TA021;media;Adaptar a historia clínica declarada, medicación, analíticas, cultura, economía, preferencias, etapa vital, riesgo de TCA y competencias profesionales. Derivar si hay señales de alarma.
NUT2_R0294;NUT2_P018;NUT2_T020;NUT2_TA022;media;Adaptar a historia clínica declarada, medicación, analíticas, cultura, economía, preferencias, etapa vital, riesgo de TCA y competencias profesionales. Derivar si hay señales de alarma.
NUT2_R0295;NUT2_P018;NUT2_T038;NUT2_TA045;media;Adaptar a historia clínica declarada, medicación, analíticas, cultura, economía, preferencias, etapa vital, riesgo de TCA y competencias profesionales. Derivar si hay señales de alarma.
NUT2_R0296;NUT2_P018;NUT2_T046;NUT2_TA055;media;Adaptar a historia clínica declarada, medicación, analíticas, cultura, economía, preferencias, etapa vital, riesgo de TCA y competencias profesionales. Derivar si hay señales de alarma.
NUT2_R0297;NUT2_P018;NUT2_T046;NUT2_TA079;media;Adaptar a historia clínica declarada, medicación, analíticas, cultura, economía, preferencias, etapa vital, riesgo de TCA y competencias profesionales. Derivar si hay señales de alarma.
NUT2_R0298;NUT2_P018;NUT2_T048;NUT2_TA057;media;Adaptar a historia clínica declarada, medicación, analíticas, cultura, economía, preferencias, etapa vital, riesgo de TCA y competencias profesionales. Derivar si hay señales de alarma.
NUT2_R0299;NUT2_P018;NUT2_T052;NUT2_TA060;media;Adaptar a historia clínica declarada, medicación, analíticas, cultura, economía, preferencias, etapa vital, riesgo de TCA y competencias profesionales. Derivar si hay señales de alarma.
NUT2_R0300;NUT2_P018;NUT2_T052;NUT2_TA063;media;Adaptar a historia clínica declarada, medicación, analíticas, cultura, economía, preferencias, etapa vital, riesgo de TCA y competencias profesionales. Derivar si hay señales de alarma.
NUT2_R0301;NUT2_P019;NUT2_T017;NUT2_TA018;alta;Adaptar a historia clínica declarada, medicación, analíticas, cultura, economía, preferencias, etapa vital, riesgo de TCA y competencias profesionales. Derivar si hay señales de alarma.
NUT2_R0302;NUT2_P019;NUT2_T018;NUT2_TA019;media;Adaptar a historia clínica declarada, medicación, analíticas, cultura, economía, preferencias, etapa vital, riesgo de TCA y competencias profesionales. Derivar si hay señales de alarma.
NUT2_R0303;NUT2_P019;NUT2_T018;NUT2_TA020;media;Adaptar a historia clínica declarada, medicación, analíticas, cultura, economía, preferencias, etapa vital, riesgo de TCA y competencias profesionales. Derivar si hay señales de alarma.
NUT2_R0304;NUT2_P019;NUT2_T018;NUT2_TA084;media;Adaptar a historia clínica declarada, medicación, analíticas, cultura, economía, preferencias, etapa vital, riesgo de TCA y competencias profesionales. Derivar si hay señales de alarma.
NUT2_R0305;NUT2_P019;NUT2_T019;NUT2_TA021;media;Adaptar a historia clínica declarada, medicación, analíticas, cultura, economía, preferencias, etapa vital, riesgo de TCA y competencias profesionales. Derivar si hay señales de alarma.
NUT2_R0306;NUT2_P019;NUT2_T020;NUT2_TA022;media;Adaptar a historia clínica declarada, medicación, analíticas, cultura, economía, preferencias, etapa vital, riesgo de TCA y competencias profesionales. Derivar si hay señales de alarma.
NUT2_R0307;NUT2_P019;NUT2_T038;NUT2_TA045;media;Adaptar a historia clínica declarada, medicación, analíticas, cultura, economía, preferencias, etapa vital, riesgo de TCA y competencias profesionales. Derivar si hay señales de alarma.
NUT2_R0308;NUT2_P019;NUT2_T046;NUT2_TA055;media;Adaptar a historia clínica declarada, medicación, analíticas, cultura, economía, preferencias, etapa vital, riesgo de TCA y competencias profesionales. Derivar si hay señales de alarma.
NUT2_R0309;NUT2_P019;NUT2_T046;NUT2_TA079;media;Adaptar a historia clínica declarada, medicación, analíticas, cultura, economía, preferencias, etapa vital, riesgo de TCA y competencias profesionales. Derivar si hay señales de alarma.
NUT2_R0310;NUT2_P019;NUT2_T048;NUT2_TA057;media;Adaptar a historia clínica declarada, medicación, analíticas, cultura, economía, preferencias, etapa vital, riesgo de TCA y competencias profesionales. Derivar si hay señales de alarma.
NUT2_R0311;NUT2_P019;NUT2_T052;NUT2_TA060;media;Adaptar a historia clínica declarada, medicación, analíticas, cultura, economía, preferencias, etapa vital, riesgo de TCA y competencias profesionales. Derivar si hay señales de alarma.
NUT2_R0312;NUT2_P019;NUT2_T052;NUT2_TA063;media;Adaptar a historia clínica declarada, medicación, analíticas, cultura, economía, preferencias, etapa vital, riesgo de TCA y competencias profesionales. Derivar si hay señales de alarma.
NUT2_R0313;NUT2_P020;NUT2_T017;NUT2_TA018;alta;Adaptar a historia clínica declarada, medicación, analíticas, cultura, economía, preferencias, etapa vital, riesgo de TCA y competencias profesionales. Derivar si hay señales de alarma.
NUT2_R0314;NUT2_P020;NUT2_T018;NUT2_TA019;media;Adaptar a historia clínica declarada, medicación, analíticas, cultura, economía, preferencias, etapa vital, riesgo de TCA y competencias profesionales. Derivar si hay señales de alarma.
NUT2_R0315;NUT2_P020;NUT2_T018;NUT2_TA020;media;Adaptar a historia clínica declarada, medicación, analíticas, cultura, economía, preferencias, etapa vital, riesgo de TCA y competencias profesionales. Derivar si hay señales de alarma.
NUT2_R0316;NUT2_P020;NUT2_T018;NUT2_TA084;media;Adaptar a historia clínica declarada, medicación, analíticas, cultura, economía, preferencias, etapa vital, riesgo de TCA y competencias profesionales. Derivar si hay señales de alarma.
NUT2_R0317;NUT2_P020;NUT2_T019;NUT2_TA021;media;Adaptar a historia clínica declarada, medicación, analíticas, cultura, economía, preferencias, etapa vital, riesgo de TCA y competencias profesionales. Derivar si hay señales de alarma.
NUT2_R0318;NUT2_P020;NUT2_T020;NUT2_TA022;media;Adaptar a historia clínica declarada, medicación, analíticas, cultura, economía, preferencias, etapa vital, riesgo de TCA y competencias profesionales. Derivar si hay señales de alarma.
NUT2_R0319;NUT2_P020;NUT2_T038;NUT2_TA045;media;Adaptar a historia clínica declarada, medicación, analíticas, cultura, economía, preferencias, etapa vital, riesgo de TCA y competencias profesionales. Derivar si hay señales de alarma.
NUT2_R0320;NUT2_P020;NUT2_T046;NUT2_TA055;media;Adaptar a historia clínica declarada, medicación, analíticas, cultura, economía, preferencias, etapa vital, riesgo de TCA y competencias profesionales. Derivar si hay señales de alarma.
NUT2_R0321;NUT2_P020;NUT2_T046;NUT2_TA079;media;Adaptar a historia clínica declarada, medicación, analíticas, cultura, economía, preferencias, etapa vital, riesgo de TCA y competencias profesionales. Derivar si hay señales de alarma.
NUT2_R0322;NUT2_P020;NUT2_T048;NUT2_TA057;media;Adaptar a historia clínica declarada, medicación, analíticas, cultura, economía, preferencias, etapa vital, riesgo de TCA y competencias profesionales. Derivar si hay señales de alarma.
NUT2_R0323;NUT2_P020;NUT2_T052;NUT2_TA060;media;Adaptar a historia clínica declarada, medicación, analíticas, cultura, economía, preferencias, etapa vital, riesgo de TCA y competencias profesionales. Derivar si hay señales de alarma.
NUT2_R0324;NUT2_P020;NUT2_T052;NUT2_TA063;media;Adaptar a historia clínica declarada, medicación, analíticas, cultura, economía, preferencias, etapa vital, riesgo de TCA y competencias profesionales. Derivar si hay señales de alarma.
NUT2_R0325;NUT2_P021;NUT2_T017;NUT2_TA018;alta;Adaptar a historia clínica declarada, medicación, analíticas, cultura, economía, preferencias, etapa vital, riesgo de TCA y competencias profesionales. Derivar si hay señales de alarma.
NUT2_R0326;NUT2_P021;NUT2_T021;NUT2_TA023;media;Adaptar a historia clínica declarada, medicación, analíticas, cultura, economía, preferencias, etapa vital, riesgo de TCA y competencias profesionales. Derivar si hay señales de alarma.
NUT2_R0327;NUT2_P021;NUT2_T015;NUT2_TA015;media;Adaptar a historia clínica declarada, medicación, analíticas, cultura, economía, preferencias, etapa vital, riesgo de TCA y competencias profesionales. Derivar si hay señales de alarma.
NUT2_R0328;NUT2_P021;NUT2_T015;NUT2_TA016;media;Adaptar a historia clínica declarada, medicación, analíticas, cultura, economía, preferencias, etapa vital, riesgo de TCA y competencias profesionales. Derivar si hay señales de alarma.
NUT2_R0329;NUT2_P021;NUT2_T015;NUT2_TA067;media;Adaptar a historia clínica declarada, medicación, analíticas, cultura, economía, preferencias, etapa vital, riesgo de TCA y competencias profesionales. Derivar si hay señales de alarma.
NUT2_R0330;NUT2_P021;NUT2_T019;NUT2_TA021;media;Adaptar a historia clínica declarada, medicación, analíticas, cultura, economía, preferencias, etapa vital, riesgo de TCA y competencias profesionales. Derivar si hay señales de alarma.
NUT2_R0331;NUT2_P021;NUT2_T023;NUT2_TA024;media;Adaptar a historia clínica declarada, medicación, analíticas, cultura, economía, preferencias, etapa vital, riesgo de TCA y competencias profesionales. Derivar si hay señales de alarma.
NUT2_R0332;NUT2_P021;NUT2_T052;NUT2_TA060;media;Adaptar a historia clínica declarada, medicación, analíticas, cultura, economía, preferencias, etapa vital, riesgo de TCA y competencias profesionales. Derivar si hay señales de alarma.
NUT2_R0333;NUT2_P021;NUT2_T052;NUT2_TA063;media;Adaptar a historia clínica declarada, medicación, analíticas, cultura, economía, preferencias, etapa vital, riesgo de TCA y competencias profesionales. Derivar si hay señales de alarma.
NUT2_R0334;NUT2_P021;NUT2_T053;NUT2_TA061;media;Adaptar a historia clínica declarada, medicación, analíticas, cultura, economía, preferencias, etapa vital, riesgo de TCA y competencias profesionales. Derivar si hay señales de alarma.
NUT2_R0335;NUT2_P022;NUT2_T017;NUT2_TA018;alta;Adaptar a historia clínica declarada, medicación, analíticas, cultura, economía, preferencias, etapa vital, riesgo de TCA y competencias profesionales. Derivar si hay señales de alarma.
NUT2_R0336;NUT2_P022;NUT2_T021;NUT2_TA023;media;Adaptar a historia clínica declarada, medicación, analíticas, cultura, economía, preferencias, etapa vital, riesgo de TCA y competencias profesionales. Derivar si hay señales de alarma.
NUT2_R0337;NUT2_P022;NUT2_T015;NUT2_TA015;media;Adaptar a historia clínica declarada, medicación, analíticas, cultura, economía, preferencias, etapa vital, riesgo de TCA y competencias profesionales. Derivar si hay señales de alarma.
NUT2_R0338;NUT2_P022;NUT2_T015;NUT2_TA016;media;Adaptar a historia clínica declarada, medicación, analíticas, cultura, economía, preferencias, etapa vital, riesgo de TCA y competencias profesionales. Derivar si hay señales de alarma.
NUT2_R0339;NUT2_P022;NUT2_T015;NUT2_TA067;media;Adaptar a historia clínica declarada, medicación, analíticas, cultura, economía, preferencias, etapa vital, riesgo de TCA y competencias profesionales. Derivar si hay señales de alarma.
NUT2_R0340;NUT2_P022;NUT2_T019;NUT2_TA021;media;Adaptar a historia clínica declarada, medicación, analíticas, cultura, economía, preferencias, etapa vital, riesgo de TCA y competencias profesionales. Derivar si hay señales de alarma.
NUT2_R0341;NUT2_P022;NUT2_T023;NUT2_TA024;media;Adaptar a historia clínica declarada, medicación, analíticas, cultura, economía, preferencias, etapa vital, riesgo de TCA y competencias profesionales. Derivar si hay señales de alarma.
NUT2_R0342;NUT2_P022;NUT2_T052;NUT2_TA060;media;Adaptar a historia clínica declarada, medicación, analíticas, cultura, economía, preferencias, etapa vital, riesgo de TCA y competencias profesionales. Derivar si hay señales de alarma.
NUT2_R0343;NUT2_P022;NUT2_T052;NUT2_TA063;media;Adaptar a historia clínica declarada, medicación, analíticas, cultura, economía, preferencias, etapa vital, riesgo de TCA y competencias profesionales. Derivar si hay señales de alarma.
NUT2_R0344;NUT2_P022;NUT2_T053;NUT2_TA061;media;Adaptar a historia clínica declarada, medicación, analíticas, cultura, economía, preferencias, etapa vital, riesgo de TCA y competencias profesionales. Derivar si hay señales de alarma.
NUT2_R0345;NUT2_P023;NUT2_T017;NUT2_TA018;alta;Adaptar a historia clínica declarada, medicación, analíticas, cultura, economía, preferencias, etapa vital, riesgo de TCA y competencias profesionales. Derivar si hay señales de alarma.
NUT2_R0346;NUT2_P023;NUT2_T021;NUT2_TA023;media;Adaptar a historia clínica declarada, medicación, analíticas, cultura, economía, preferencias, etapa vital, riesgo de TCA y competencias profesionales. Derivar si hay señales de alarma.
NUT2_R0347;NUT2_P023;NUT2_T015;NUT2_TA015;media;Adaptar a historia clínica declarada, medicación, analíticas, cultura, economía, preferencias, etapa vital, riesgo de TCA y competencias profesionales. Derivar si hay señales de alarma.
NUT2_R0348;NUT2_P023;NUT2_T015;NUT2_TA016;media;Adaptar a historia clínica declarada, medicación, analíticas, cultura, economía, preferencias, etapa vital, riesgo de TCA y competencias profesionales. Derivar si hay señales de alarma.
NUT2_R0349;NUT2_P023;NUT2_T015;NUT2_TA067;media;Adaptar a historia clínica declarada, medicación, analíticas, cultura, economía, preferencias, etapa vital, riesgo de TCA y competencias profesionales. Derivar si hay señales de alarma.
NUT2_R0350;NUT2_P023;NUT2_T019;NUT2_TA021;media;Adaptar a historia clínica declarada, medicación, analíticas, cultura, economía, preferencias, etapa vital, riesgo de TCA y competencias profesionales. Derivar si hay señales de alarma.
NUT2_R0351;NUT2_P023;NUT2_T023;NUT2_TA024;media;Adaptar a historia clínica declarada, medicación, analíticas, cultura, economía, preferencias, etapa vital, riesgo de TCA y competencias profesionales. Derivar si hay señales de alarma.
NUT2_R0352;NUT2_P023;NUT2_T052;NUT2_TA060;media;Adaptar a historia clínica declarada, medicación, analíticas, cultura, economía, preferencias, etapa vital, riesgo de TCA y competencias profesionales. Derivar si hay señales de alarma.
NUT2_R0353;NUT2_P023;NUT2_T052;NUT2_TA063;media;Adaptar a historia clínica declarada, medicación, analíticas, cultura, economía, preferencias, etapa vital, riesgo de TCA y competencias profesionales. Derivar si hay señales de alarma.
NUT2_R0354;NUT2_P023;NUT2_T053;NUT2_TA061;media;Adaptar a historia clínica declarada, medicación, analíticas, cultura, economía, preferencias, etapa vital, riesgo de TCA y competencias profesionales. Derivar si hay señales de alarma.
NUT2_R0355;NUT2_P024;NUT2_T017;NUT2_TA018;alta;Adaptar a historia clínica declarada, medicación, analíticas, cultura, economía, preferencias, etapa vital, riesgo de TCA y competencias profesionales. Derivar si hay señales de alarma.
NUT2_R0356;NUT2_P024;NUT2_T021;NUT2_TA023;media;Adaptar a historia clínica declarada, medicación, analíticas, cultura, economía, preferencias, etapa vital, riesgo de TCA y competencias profesionales. Derivar si hay señales de alarma.
NUT2_R0357;NUT2_P024;NUT2_T015;NUT2_TA015;media;Adaptar a historia clínica declarada, medicación, analíticas, cultura, economía, preferencias, etapa vital, riesgo de TCA y competencias profesionales. Derivar si hay señales de alarma.
NUT2_R0358;NUT2_P024;NUT2_T015;NUT2_TA016;media;Adaptar a historia clínica declarada, medicación, analíticas, cultura, economía, preferencias, etapa vital, riesgo de TCA y competencias profesionales. Derivar si hay señales de alarma.
NUT2_R0359;NUT2_P024;NUT2_T015;NUT2_TA067;media;Adaptar a historia clínica declarada, medicación, analíticas, cultura, economía, preferencias, etapa vital, riesgo de TCA y competencias profesionales. Derivar si hay señales de alarma.
NUT2_R0360;NUT2_P024;NUT2_T019;NUT2_TA021;media;Adaptar a historia clínica declarada, medicación, analíticas, cultura, economía, preferencias, etapa vital, riesgo de TCA y competencias profesionales. Derivar si hay señales de alarma.
NUT2_R0361;NUT2_P024;NUT2_T023;NUT2_TA024;media;Adaptar a historia clínica declarada, medicación, analíticas, cultura, economía, preferencias, etapa vital, riesgo de TCA y competencias profesionales. Derivar si hay señales de alarma.
NUT2_R0362;NUT2_P024;NUT2_T052;NUT2_TA060;media;Adaptar a historia clínica declarada, medicación, analíticas, cultura, economía, preferencias, etapa vital, riesgo de TCA y competencias profesionales. Derivar si hay señales de alarma.
NUT2_R0363;NUT2_P024;NUT2_T052;NUT2_TA063;media;Adaptar a historia clínica declarada, medicación, analíticas, cultura, economía, preferencias, etapa vital, riesgo de TCA y competencias profesionales. Derivar si hay señales de alarma.
NUT2_R0364;NUT2_P024;NUT2_T053;NUT2_TA061;media;Adaptar a historia clínica declarada, medicación, analíticas, cultura, economía, preferencias, etapa vital, riesgo de TCA y competencias profesionales. Derivar si hay señales de alarma.
NUT2_R0365;NUT2_P025;NUT2_T022;NUT2_TA025;media;Adaptar a historia clínica declarada, medicación, analíticas, cultura, economía, preferencias, etapa vital, riesgo de TCA y competencias profesionales. Derivar si hay señales de alarma.
NUT2_R0366;NUT2_P025;NUT2_T022;NUT2_TA026;media;Adaptar a historia clínica declarada, medicación, analíticas, cultura, economía, preferencias, etapa vital, riesgo de TCA y competencias profesionales. Derivar si hay señales de alarma.
NUT2_R0367;NUT2_P025;NUT2_T023;NUT2_TA024;media;Adaptar a historia clínica declarada, medicación, analíticas, cultura, economía, preferencias, etapa vital, riesgo de TCA y competencias profesionales. Derivar si hay señales de alarma.
NUT2_R0368;NUT2_P025;NUT2_T028;NUT2_TA027;media;Adaptar a historia clínica declarada, medicación, analíticas, cultura, economía, preferencias, etapa vital, riesgo de TCA y competencias profesionales. Derivar si hay señales de alarma.
NUT2_R0369;NUT2_P025;NUT2_T007;NUT2_TA007;media;Adaptar a historia clínica declarada, medicación, analíticas, cultura, economía, preferencias, etapa vital, riesgo de TCA y competencias profesionales. Derivar si hay señales de alarma.
NUT2_R0370;NUT2_P025;NUT2_T007;NUT2_TA075;media;Adaptar a historia clínica declarada, medicación, analíticas, cultura, economía, preferencias, etapa vital, riesgo de TCA y competencias profesionales. Derivar si hay señales de alarma.
NUT2_R0371;NUT2_P025;NUT2_T024;NUT2_TA031;media;Adaptar a historia clínica declarada, medicación, analíticas, cultura, economía, preferencias, etapa vital, riesgo de TCA y competencias profesionales. Derivar si hay señales de alarma.
NUT2_R0372;NUT2_P025;NUT2_T025;NUT2_TA028;media;Adaptar a historia clínica declarada, medicación, analíticas, cultura, economía, preferencias, etapa vital, riesgo de TCA y competencias profesionales. Derivar si hay señales de alarma.
NUT2_R0373;NUT2_P025;NUT2_T025;NUT2_TA029;media;Adaptar a historia clínica declarada, medicación, analíticas, cultura, economía, preferencias, etapa vital, riesgo de TCA y competencias profesionales. Derivar si hay señales de alarma.
NUT2_R0374;NUT2_P025;NUT2_T025;NUT2_TA076;media;Adaptar a historia clínica declarada, medicación, analíticas, cultura, economía, preferencias, etapa vital, riesgo de TCA y competencias profesionales. Derivar si hay señales de alarma.
NUT2_R0375;NUT2_P025;NUT2_T056;NUT2_TA062;alta;Adaptar a historia clínica declarada, medicación, analíticas, cultura, economía, preferencias, etapa vital, riesgo de TCA y competencias profesionales. Derivar si hay señales de alarma.
NUT2_R0376;NUT2_P025;NUT2_T056;NUT2_TA085;alta;Adaptar a historia clínica declarada, medicación, analíticas, cultura, economía, preferencias, etapa vital, riesgo de TCA y competencias profesionales. Derivar si hay señales de alarma.
NUT2_R0377;NUT2_P026;NUT2_T022;NUT2_TA025;media;Adaptar a historia clínica declarada, medicación, analíticas, cultura, economía, preferencias, etapa vital, riesgo de TCA y competencias profesionales. Derivar si hay señales de alarma.
NUT2_R0378;NUT2_P026;NUT2_T022;NUT2_TA026;media;Adaptar a historia clínica declarada, medicación, analíticas, cultura, economía, preferencias, etapa vital, riesgo de TCA y competencias profesionales. Derivar si hay señales de alarma.
NUT2_R0379;NUT2_P026;NUT2_T023;NUT2_TA024;media;Adaptar a historia clínica declarada, medicación, analíticas, cultura, economía, preferencias, etapa vital, riesgo de TCA y competencias profesionales. Derivar si hay señales de alarma.
NUT2_R0380;NUT2_P026;NUT2_T028;NUT2_TA027;media;Adaptar a historia clínica declarada, medicación, analíticas, cultura, economía, preferencias, etapa vital, riesgo de TCA y competencias profesionales. Derivar si hay señales de alarma.
NUT2_R0381;NUT2_P026;NUT2_T007;NUT2_TA007;media;Adaptar a historia clínica declarada, medicación, analíticas, cultura, economía, preferencias, etapa vital, riesgo de TCA y competencias profesionales. Derivar si hay señales de alarma.
NUT2_R0382;NUT2_P026;NUT2_T007;NUT2_TA075;media;Adaptar a historia clínica declarada, medicación, analíticas, cultura, economía, preferencias, etapa vital, riesgo de TCA y competencias profesionales. Derivar si hay señales de alarma.
NUT2_R0383;NUT2_P026;NUT2_T024;NUT2_TA031;media;Adaptar a historia clínica declarada, medicación, analíticas, cultura, economía, preferencias, etapa vital, riesgo de TCA y competencias profesionales. Derivar si hay señales de alarma.
NUT2_R0384;NUT2_P026;NUT2_T025;NUT2_TA028;media;Adaptar a historia clínica declarada, medicación, analíticas, cultura, economía, preferencias, etapa vital, riesgo de TCA y competencias profesionales. Derivar si hay señales de alarma.
NUT2_R0385;NUT2_P026;NUT2_T025;NUT2_TA029;media;Adaptar a historia clínica declarada, medicación, analíticas, cultura, economía, preferencias, etapa vital, riesgo de TCA y competencias profesionales. Derivar si hay señales de alarma.
NUT2_R0386;NUT2_P026;NUT2_T025;NUT2_TA076;media;Adaptar a historia clínica declarada, medicación, analíticas, cultura, economía, preferencias, etapa vital, riesgo de TCA y competencias profesionales. Derivar si hay señales de alarma.
NUT2_R0387;NUT2_P026;NUT2_T056;NUT2_TA062;alta;Adaptar a historia clínica declarada, medicación, analíticas, cultura, economía, preferencias, etapa vital, riesgo de TCA y competencias profesionales. Derivar si hay señales de alarma.
NUT2_R0388;NUT2_P026;NUT2_T056;NUT2_TA085;alta;Adaptar a historia clínica declarada, medicación, analíticas, cultura, economía, preferencias, etapa vital, riesgo de TCA y competencias profesionales. Derivar si hay señales de alarma.
NUT2_R0389;NUT2_P027;NUT2_T022;NUT2_TA025;media;Adaptar a historia clínica declarada, medicación, analíticas, cultura, economía, preferencias, etapa vital, riesgo de TCA y competencias profesionales. Derivar si hay señales de alarma.
NUT2_R0390;NUT2_P027;NUT2_T022;NUT2_TA026;media;Adaptar a historia clínica declarada, medicación, analíticas, cultura, economía, preferencias, etapa vital, riesgo de TCA y competencias profesionales. Derivar si hay señales de alarma.
NUT2_R0391;NUT2_P027;NUT2_T023;NUT2_TA024;media;Adaptar a historia clínica declarada, medicación, analíticas, cultura, economía, preferencias, etapa vital, riesgo de TCA y competencias profesionales. Derivar si hay señales de alarma.
NUT2_R0392;NUT2_P027;NUT2_T028;NUT2_TA027;media;Adaptar a historia clínica declarada, medicación, analíticas, cultura, economía, preferencias, etapa vital, riesgo de TCA y competencias profesionales. Derivar si hay señales de alarma.
NUT2_R0393;NUT2_P027;NUT2_T007;NUT2_TA007;media;Adaptar a historia clínica declarada, medicación, analíticas, cultura, economía, preferencias, etapa vital, riesgo de TCA y competencias profesionales. Derivar si hay señales de alarma.
NUT2_R0394;NUT2_P027;NUT2_T007;NUT2_TA075;media;Adaptar a historia clínica declarada, medicación, analíticas, cultura, economía, preferencias, etapa vital, riesgo de TCA y competencias profesionales. Derivar si hay señales de alarma.
NUT2_R0395;NUT2_P027;NUT2_T024;NUT2_TA031;media;Adaptar a historia clínica declarada, medicación, analíticas, cultura, economía, preferencias, etapa vital, riesgo de TCA y competencias profesionales. Derivar si hay señales de alarma.
NUT2_R0396;NUT2_P027;NUT2_T025;NUT2_TA028;media;Adaptar a historia clínica declarada, medicación, analíticas, cultura, economía, preferencias, etapa vital, riesgo de TCA y competencias profesionales. Derivar si hay señales de alarma.
NUT2_R0397;NUT2_P027;NUT2_T025;NUT2_TA029;media;Adaptar a historia clínica declarada, medicación, analíticas, cultura, economía, preferencias, etapa vital, riesgo de TCA y competencias profesionales. Derivar si hay señales de alarma.
NUT2_R0398;NUT2_P027;NUT2_T025;NUT2_TA076;media;Adaptar a historia clínica declarada, medicación, analíticas, cultura, economía, preferencias, etapa vital, riesgo de TCA y competencias profesionales. Derivar si hay señales de alarma.
NUT2_R0399;NUT2_P027;NUT2_T056;NUT2_TA062;alta;Adaptar a historia clínica declarada, medicación, analíticas, cultura, economía, preferencias, etapa vital, riesgo de TCA y competencias profesionales. Derivar si hay señales de alarma.
NUT2_R0400;NUT2_P027;NUT2_T056;NUT2_TA085;alta;Adaptar a historia clínica declarada, medicación, analíticas, cultura, economía, preferencias, etapa vital, riesgo de TCA y competencias profesionales. Derivar si hay señales de alarma.
NUT2_R0401;NUT2_P028;NUT2_T022;NUT2_TA025;media;Adaptar a historia clínica declarada, medicación, analíticas, cultura, economía, preferencias, etapa vital, riesgo de TCA y competencias profesionales. Derivar si hay señales de alarma.
NUT2_R0402;NUT2_P028;NUT2_T022;NUT2_TA026;media;Adaptar a historia clínica declarada, medicación, analíticas, cultura, economía, preferencias, etapa vital, riesgo de TCA y competencias profesionales. Derivar si hay señales de alarma.
NUT2_R0403;NUT2_P028;NUT2_T023;NUT2_TA024;media;Adaptar a historia clínica declarada, medicación, analíticas, cultura, economía, preferencias, etapa vital, riesgo de TCA y competencias profesionales. Derivar si hay señales de alarma.
NUT2_R0404;NUT2_P028;NUT2_T028;NUT2_TA027;media;Adaptar a historia clínica declarada, medicación, analíticas, cultura, economía, preferencias, etapa vital, riesgo de TCA y competencias profesionales. Derivar si hay señales de alarma.
NUT2_R0405;NUT2_P028;NUT2_T007;NUT2_TA007;media;Adaptar a historia clínica declarada, medicación, analíticas, cultura, economía, preferencias, etapa vital, riesgo de TCA y competencias profesionales. Derivar si hay señales de alarma.
NUT2_R0406;NUT2_P028;NUT2_T007;NUT2_TA075;media;Adaptar a historia clínica declarada, medicación, analíticas, cultura, economía, preferencias, etapa vital, riesgo de TCA y competencias profesionales. Derivar si hay señales de alarma.
NUT2_R0407;NUT2_P028;NUT2_T024;NUT2_TA031;media;Adaptar a historia clínica declarada, medicación, analíticas, cultura, economía, preferencias, etapa vital, riesgo de TCA y competencias profesionales. Derivar si hay señales de alarma.
NUT2_R0408;NUT2_P028;NUT2_T025;NUT2_TA028;media;Adaptar a historia clínica declarada, medicación, analíticas, cultura, economía, preferencias, etapa vital, riesgo de TCA y competencias profesionales. Derivar si hay señales de alarma.
NUT2_R0409;NUT2_P028;NUT2_T025;NUT2_TA029;media;Adaptar a historia clínica declarada, medicación, analíticas, cultura, economía, preferencias, etapa vital, riesgo de TCA y competencias profesionales. Derivar si hay señales de alarma.
NUT2_R0410;NUT2_P028;NUT2_T025;NUT2_TA076;media;Adaptar a historia clínica declarada, medicación, analíticas, cultura, economía, preferencias, etapa vital, riesgo de TCA y competencias profesionales. Derivar si hay señales de alarma.
NUT2_R0411;NUT2_P028;NUT2_T056;NUT2_TA062;alta;Adaptar a historia clínica declarada, medicación, analíticas, cultura, economía, preferencias, etapa vital, riesgo de TCA y competencias profesionales. Derivar si hay señales de alarma.
NUT2_R0412;NUT2_P028;NUT2_T056;NUT2_TA085;alta;Adaptar a historia clínica declarada, medicación, analíticas, cultura, economía, preferencias, etapa vital, riesgo de TCA y competencias profesionales. Derivar si hay señales de alarma.
NUT2_R0413;NUT2_P029;NUT2_T022;NUT2_TA025;media;Adaptar a historia clínica declarada, medicación, analíticas, cultura, economía, preferencias, etapa vital, riesgo de TCA y competencias profesionales. Derivar si hay señales de alarma.
NUT2_R0414;NUT2_P029;NUT2_T022;NUT2_TA026;media;Adaptar a historia clínica declarada, medicación, analíticas, cultura, economía, preferencias, etapa vital, riesgo de TCA y competencias profesionales. Derivar si hay señales de alarma.
NUT2_R0415;NUT2_P029;NUT2_T023;NUT2_TA024;media;Adaptar a historia clínica declarada, medicación, analíticas, cultura, economía, preferencias, etapa vital, riesgo de TCA y competencias profesionales. Derivar si hay señales de alarma.
NUT2_R0416;NUT2_P029;NUT2_T028;NUT2_TA027;media;Adaptar a historia clínica declarada, medicación, analíticas, cultura, economía, preferencias, etapa vital, riesgo de TCA y competencias profesionales. Derivar si hay señales de alarma.
NUT2_R0417;NUT2_P029;NUT2_T007;NUT2_TA007;media;Adaptar a historia clínica declarada, medicación, analíticas, cultura, economía, preferencias, etapa vital, riesgo de TCA y competencias profesionales. Derivar si hay señales de alarma.
NUT2_R0418;NUT2_P029;NUT2_T007;NUT2_TA075;media;Adaptar a historia clínica declarada, medicación, analíticas, cultura, economía, preferencias, etapa vital, riesgo de TCA y competencias profesionales. Derivar si hay señales de alarma.
NUT2_R0419;NUT2_P029;NUT2_T024;NUT2_TA031;media;Adaptar a historia clínica declarada, medicación, analíticas, cultura, economía, preferencias, etapa vital, riesgo de TCA y competencias profesionales. Derivar si hay señales de alarma.
NUT2_R0420;NUT2_P029;NUT2_T025;NUT2_TA028;media;Adaptar a historia clínica declarada, medicación, analíticas, cultura, economía, preferencias, etapa vital, riesgo de TCA y competencias profesionales. Derivar si hay señales de alarma.
NUT2_R0421;NUT2_P029;NUT2_T025;NUT2_TA029;media;Adaptar a historia clínica declarada, medicación, analíticas, cultura, economía, preferencias, etapa vital, riesgo de TCA y competencias profesionales. Derivar si hay señales de alarma.
NUT2_R0422;NUT2_P029;NUT2_T025;NUT2_TA076;media;Adaptar a historia clínica declarada, medicación, analíticas, cultura, economía, preferencias, etapa vital, riesgo de TCA y competencias profesionales. Derivar si hay señales de alarma.
NUT2_R0423;NUT2_P029;NUT2_T056;NUT2_TA062;alta;Adaptar a historia clínica declarada, medicación, analíticas, cultura, economía, preferencias, etapa vital, riesgo de TCA y competencias profesionales. Derivar si hay señales de alarma.
NUT2_R0424;NUT2_P029;NUT2_T056;NUT2_TA085;alta;Adaptar a historia clínica declarada, medicación, analíticas, cultura, economía, preferencias, etapa vital, riesgo de TCA y competencias profesionales. Derivar si hay señales de alarma.
NUT2_R0425;NUT2_P030;NUT2_T022;NUT2_TA025;media;Adaptar a historia clínica declarada, medicación, analíticas, cultura, economía, preferencias, etapa vital, riesgo de TCA y competencias profesionales. Derivar si hay señales de alarma.
NUT2_R0426;NUT2_P030;NUT2_T022;NUT2_TA026;media;Adaptar a historia clínica declarada, medicación, analíticas, cultura, economía, preferencias, etapa vital, riesgo de TCA y competencias profesionales. Derivar si hay señales de alarma.
NUT2_R0427;NUT2_P030;NUT2_T023;NUT2_TA024;media;Adaptar a historia clínica declarada, medicación, analíticas, cultura, economía, preferencias, etapa vital, riesgo de TCA y competencias profesionales. Derivar si hay señales de alarma.
NUT2_R0428;NUT2_P030;NUT2_T028;NUT2_TA027;media;Adaptar a historia clínica declarada, medicación, analíticas, cultura, economía, preferencias, etapa vital, riesgo de TCA y competencias profesionales. Derivar si hay señales de alarma.
NUT2_R0429;NUT2_P030;NUT2_T007;NUT2_TA007;media;Adaptar a historia clínica declarada, medicación, analíticas, cultura, economía, preferencias, etapa vital, riesgo de TCA y competencias profesionales. Derivar si hay señales de alarma.
NUT2_R0430;NUT2_P030;NUT2_T007;NUT2_TA075;media;Adaptar a historia clínica declarada, medicación, analíticas, cultura, economía, preferencias, etapa vital, riesgo de TCA y competencias profesionales. Derivar si hay señales de alarma.
NUT2_R0431;NUT2_P030;NUT2_T024;NUT2_TA031;media;Adaptar a historia clínica declarada, medicación, analíticas, cultura, economía, preferencias, etapa vital, riesgo de TCA y competencias profesionales. Derivar si hay señales de alarma.
NUT2_R0432;NUT2_P030;NUT2_T025;NUT2_TA028;media;Adaptar a historia clínica declarada, medicación, analíticas, cultura, economía, preferencias, etapa vital, riesgo de TCA y competencias profesionales. Derivar si hay señales de alarma.
NUT2_R0433;NUT2_P030;NUT2_T025;NUT2_TA029;media;Adaptar a historia clínica declarada, medicación, analíticas, cultura, economía, preferencias, etapa vital, riesgo de TCA y competencias profesionales. Derivar si hay señales de alarma.
NUT2_R0434;NUT2_P030;NUT2_T025;NUT2_TA076;media;Adaptar a historia clínica declarada, medicación, analíticas, cultura, economía, preferencias, etapa vital, riesgo de TCA y competencias profesionales. Derivar si hay señales de alarma.
NUT2_R0435;NUT2_P030;NUT2_T056;NUT2_TA062;alta;Adaptar a historia clínica declarada, medicación, analíticas, cultura, economía, preferencias, etapa vital, riesgo de TCA y competencias profesionales. Derivar si hay señales de alarma.
NUT2_R0436;NUT2_P030;NUT2_T056;NUT2_TA085;alta;Adaptar a historia clínica declarada, medicación, analíticas, cultura, economía, preferencias, etapa vital, riesgo de TCA y competencias profesionales. Derivar si hay señales de alarma.
NUT2_R0437;NUT2_P031;NUT2_T024;NUT2_TA031;media;Adaptar a historia clínica declarada, medicación, analíticas, cultura, economía, preferencias, etapa vital, riesgo de TCA y competencias profesionales. Derivar si hay señales de alarma.
NUT2_R0438;NUT2_P031;NUT2_T025;NUT2_TA028;media;Adaptar a historia clínica declarada, medicación, analíticas, cultura, economía, preferencias, etapa vital, riesgo de TCA y competencias profesionales. Derivar si hay señales de alarma.
NUT2_R0439;NUT2_P031;NUT2_T025;NUT2_TA029;media;Adaptar a historia clínica declarada, medicación, analíticas, cultura, economía, preferencias, etapa vital, riesgo de TCA y competencias profesionales. Derivar si hay señales de alarma.
NUT2_R0440;NUT2_P031;NUT2_T025;NUT2_TA076;media;Adaptar a historia clínica declarada, medicación, analíticas, cultura, economía, preferencias, etapa vital, riesgo de TCA y competencias profesionales. Derivar si hay señales de alarma.
NUT2_R0441;NUT2_P031;NUT2_T026;NUT2_TA030;media;Adaptar a historia clínica declarada, medicación, analíticas, cultura, economía, preferencias, etapa vital, riesgo de TCA y competencias profesionales. Derivar si hay señales de alarma.
NUT2_R0442;NUT2_P031;NUT2_T026;NUT2_TA077;media;Adaptar a historia clínica declarada, medicación, analíticas, cultura, economía, preferencias, etapa vital, riesgo de TCA y competencias profesionales. Derivar si hay señales de alarma.
NUT2_R0443;NUT2_P031;NUT2_T007;NUT2_TA007;media;Adaptar a historia clínica declarada, medicación, analíticas, cultura, economía, preferencias, etapa vital, riesgo de TCA y competencias profesionales. Derivar si hay señales de alarma.
NUT2_R0444;NUT2_P031;NUT2_T007;NUT2_TA075;media;Adaptar a historia clínica declarada, medicación, analíticas, cultura, economía, preferencias, etapa vital, riesgo de TCA y competencias profesionales. Derivar si hay señales de alarma.
NUT2_R0445;NUT2_P031;NUT2_T022;NUT2_TA025;media;Adaptar a historia clínica declarada, medicación, analíticas, cultura, economía, preferencias, etapa vital, riesgo de TCA y competencias profesionales. Derivar si hay señales de alarma.
NUT2_R0446;NUT2_P031;NUT2_T022;NUT2_TA026;media;Adaptar a historia clínica declarada, medicación, analíticas, cultura, economía, preferencias, etapa vital, riesgo de TCA y competencias profesionales. Derivar si hay señales de alarma.
NUT2_R0447;NUT2_P031;NUT2_T039;NUT2_TA046;media;Adaptar a historia clínica declarada, medicación, analíticas, cultura, economía, preferencias, etapa vital, riesgo de TCA y competencias profesionales. Derivar si hay señales de alarma.
NUT2_R0448;NUT2_P031;NUT2_T056;NUT2_TA062;alta;Adaptar a historia clínica declarada, medicación, analíticas, cultura, economía, preferencias, etapa vital, riesgo de TCA y competencias profesionales. Derivar si hay señales de alarma.
NUT2_R0449;NUT2_P031;NUT2_T056;NUT2_TA085;alta;Adaptar a historia clínica declarada, medicación, analíticas, cultura, economía, preferencias, etapa vital, riesgo de TCA y competencias profesionales. Derivar si hay señales de alarma.
NUT2_R0450;NUT2_P032;NUT2_T024;NUT2_TA031;media;Adaptar a historia clínica declarada, medicación, analíticas, cultura, economía, preferencias, etapa vital, riesgo de TCA y competencias profesionales. Derivar si hay señales de alarma.
NUT2_R0451;NUT2_P032;NUT2_T025;NUT2_TA028;media;Adaptar a historia clínica declarada, medicación, analíticas, cultura, economía, preferencias, etapa vital, riesgo de TCA y competencias profesionales. Derivar si hay señales de alarma.
NUT2_R0452;NUT2_P032;NUT2_T025;NUT2_TA029;media;Adaptar a historia clínica declarada, medicación, analíticas, cultura, economía, preferencias, etapa vital, riesgo de TCA y competencias profesionales. Derivar si hay señales de alarma.
NUT2_R0453;NUT2_P032;NUT2_T025;NUT2_TA076;media;Adaptar a historia clínica declarada, medicación, analíticas, cultura, economía, preferencias, etapa vital, riesgo de TCA y competencias profesionales. Derivar si hay señales de alarma.
NUT2_R0454;NUT2_P032;NUT2_T026;NUT2_TA030;media;Adaptar a historia clínica declarada, medicación, analíticas, cultura, economía, preferencias, etapa vital, riesgo de TCA y competencias profesionales. Derivar si hay señales de alarma.
NUT2_R0455;NUT2_P032;NUT2_T026;NUT2_TA077;media;Adaptar a historia clínica declarada, medicación, analíticas, cultura, economía, preferencias, etapa vital, riesgo de TCA y competencias profesionales. Derivar si hay señales de alarma.
NUT2_R0456;NUT2_P032;NUT2_T007;NUT2_TA007;media;Adaptar a historia clínica declarada, medicación, analíticas, cultura, economía, preferencias, etapa vital, riesgo de TCA y competencias profesionales. Derivar si hay señales de alarma.
NUT2_R0457;NUT2_P032;NUT2_T007;NUT2_TA075;media;Adaptar a historia clínica declarada, medicación, analíticas, cultura, economía, preferencias, etapa vital, riesgo de TCA y competencias profesionales. Derivar si hay señales de alarma.
NUT2_R0458;NUT2_P032;NUT2_T022;NUT2_TA025;media;Adaptar a historia clínica declarada, medicación, analíticas, cultura, economía, preferencias, etapa vital, riesgo de TCA y competencias profesionales. Derivar si hay señales de alarma.
NUT2_R0459;NUT2_P032;NUT2_T022;NUT2_TA026;media;Adaptar a historia clínica declarada, medicación, analíticas, cultura, economía, preferencias, etapa vital, riesgo de TCA y competencias profesionales. Derivar si hay señales de alarma.
NUT2_R0460;NUT2_P032;NUT2_T039;NUT2_TA046;media;Adaptar a historia clínica declarada, medicación, analíticas, cultura, economía, preferencias, etapa vital, riesgo de TCA y competencias profesionales. Derivar si hay señales de alarma.
NUT2_R0461;NUT2_P032;NUT2_T056;NUT2_TA062;alta;Adaptar a historia clínica declarada, medicación, analíticas, cultura, economía, preferencias, etapa vital, riesgo de TCA y competencias profesionales. Derivar si hay señales de alarma.
NUT2_R0462;NUT2_P032;NUT2_T056;NUT2_TA085;alta;Adaptar a historia clínica declarada, medicación, analíticas, cultura, economía, preferencias, etapa vital, riesgo de TCA y competencias profesionales. Derivar si hay señales de alarma.
NUT2_R0463;NUT2_P033;NUT2_T024;NUT2_TA031;media;Adaptar a historia clínica declarada, medicación, analíticas, cultura, economía, preferencias, etapa vital, riesgo de TCA y competencias profesionales. Derivar si hay señales de alarma.
NUT2_R0464;NUT2_P033;NUT2_T025;NUT2_TA028;media;Adaptar a historia clínica declarada, medicación, analíticas, cultura, economía, preferencias, etapa vital, riesgo de TCA y competencias profesionales. Derivar si hay señales de alarma.
NUT2_R0465;NUT2_P033;NUT2_T025;NUT2_TA029;media;Adaptar a historia clínica declarada, medicación, analíticas, cultura, economía, preferencias, etapa vital, riesgo de TCA y competencias profesionales. Derivar si hay señales de alarma.
NUT2_R0466;NUT2_P033;NUT2_T025;NUT2_TA076;media;Adaptar a historia clínica declarada, medicación, analíticas, cultura, economía, preferencias, etapa vital, riesgo de TCA y competencias profesionales. Derivar si hay señales de alarma.
NUT2_R0467;NUT2_P033;NUT2_T026;NUT2_TA030;media;Adaptar a historia clínica declarada, medicación, analíticas, cultura, economía, preferencias, etapa vital, riesgo de TCA y competencias profesionales. Derivar si hay señales de alarma.
NUT2_R0468;NUT2_P033;NUT2_T026;NUT2_TA077;media;Adaptar a historia clínica declarada, medicación, analíticas, cultura, economía, preferencias, etapa vital, riesgo de TCA y competencias profesionales. Derivar si hay señales de alarma.
NUT2_R0469;NUT2_P033;NUT2_T007;NUT2_TA007;media;Adaptar a historia clínica declarada, medicación, analíticas, cultura, economía, preferencias, etapa vital, riesgo de TCA y competencias profesionales. Derivar si hay señales de alarma.
NUT2_R0470;NUT2_P033;NUT2_T007;NUT2_TA075;media;Adaptar a historia clínica declarada, medicación, analíticas, cultura, economía, preferencias, etapa vital, riesgo de TCA y competencias profesionales. Derivar si hay señales de alarma.
NUT2_R0471;NUT2_P033;NUT2_T022;NUT2_TA025;media;Adaptar a historia clínica declarada, medicación, analíticas, cultura, economía, preferencias, etapa vital, riesgo de TCA y competencias profesionales. Derivar si hay señales de alarma.
NUT2_R0472;NUT2_P033;NUT2_T022;NUT2_TA026;media;Adaptar a historia clínica declarada, medicación, analíticas, cultura, economía, preferencias, etapa vital, riesgo de TCA y competencias profesionales. Derivar si hay señales de alarma.
NUT2_R0473;NUT2_P033;NUT2_T039;NUT2_TA046;media;Adaptar a historia clínica declarada, medicación, analíticas, cultura, economía, preferencias, etapa vital, riesgo de TCA y competencias profesionales. Derivar si hay señales de alarma.
NUT2_R0474;NUT2_P033;NUT2_T056;NUT2_TA062;alta;Adaptar a historia clínica declarada, medicación, analíticas, cultura, economía, preferencias, etapa vital, riesgo de TCA y competencias profesionales. Derivar si hay señales de alarma.
NUT2_R0475;NUT2_P033;NUT2_T056;NUT2_TA085;alta;Adaptar a historia clínica declarada, medicación, analíticas, cultura, economía, preferencias, etapa vital, riesgo de TCA y competencias profesionales. Derivar si hay señales de alarma.
NUT2_R0476;NUT2_P034;NUT2_T024;NUT2_TA031;media;Adaptar a historia clínica declarada, medicación, analíticas, cultura, economía, preferencias, etapa vital, riesgo de TCA y competencias profesionales. Derivar si hay señales de alarma.
NUT2_R0477;NUT2_P034;NUT2_T025;NUT2_TA028;media;Adaptar a historia clínica declarada, medicación, analíticas, cultura, economía, preferencias, etapa vital, riesgo de TCA y competencias profesionales. Derivar si hay señales de alarma.
NUT2_R0478;NUT2_P034;NUT2_T025;NUT2_TA029;media;Adaptar a historia clínica declarada, medicación, analíticas, cultura, economía, preferencias, etapa vital, riesgo de TCA y competencias profesionales. Derivar si hay señales de alarma.
NUT2_R0479;NUT2_P034;NUT2_T025;NUT2_TA076;media;Adaptar a historia clínica declarada, medicación, analíticas, cultura, economía, preferencias, etapa vital, riesgo de TCA y competencias profesionales. Derivar si hay señales de alarma.
NUT2_R0480;NUT2_P034;NUT2_T026;NUT2_TA030;media;Adaptar a historia clínica declarada, medicación, analíticas, cultura, economía, preferencias, etapa vital, riesgo de TCA y competencias profesionales. Derivar si hay señales de alarma.
NUT2_R0481;NUT2_P034;NUT2_T026;NUT2_TA077;media;Adaptar a historia clínica declarada, medicación, analíticas, cultura, economía, preferencias, etapa vital, riesgo de TCA y competencias profesionales. Derivar si hay señales de alarma.
NUT2_R0482;NUT2_P034;NUT2_T007;NUT2_TA007;media;Adaptar a historia clínica declarada, medicación, analíticas, cultura, economía, preferencias, etapa vital, riesgo de TCA y competencias profesionales. Derivar si hay señales de alarma.
NUT2_R0483;NUT2_P034;NUT2_T007;NUT2_TA075;media;Adaptar a historia clínica declarada, medicación, analíticas, cultura, economía, preferencias, etapa vital, riesgo de TCA y competencias profesionales. Derivar si hay señales de alarma.
NUT2_R0484;NUT2_P034;NUT2_T022;NUT2_TA025;media;Adaptar a historia clínica declarada, medicación, analíticas, cultura, economía, preferencias, etapa vital, riesgo de TCA y competencias profesionales. Derivar si hay señales de alarma.
NUT2_R0485;NUT2_P034;NUT2_T022;NUT2_TA026;media;Adaptar a historia clínica declarada, medicación, analíticas, cultura, economía, preferencias, etapa vital, riesgo de TCA y competencias profesionales. Derivar si hay señales de alarma.
NUT2_R0486;NUT2_P034;NUT2_T039;NUT2_TA046;media;Adaptar a historia clínica declarada, medicación, analíticas, cultura, economía, preferencias, etapa vital, riesgo de TCA y competencias profesionales. Derivar si hay señales de alarma.
NUT2_R0487;NUT2_P034;NUT2_T056;NUT2_TA062;alta;Adaptar a historia clínica declarada, medicación, analíticas, cultura, economía, preferencias, etapa vital, riesgo de TCA y competencias profesionales. Derivar si hay señales de alarma.
NUT2_R0488;NUT2_P034;NUT2_T056;NUT2_TA085;alta;Adaptar a historia clínica declarada, medicación, analíticas, cultura, economía, preferencias, etapa vital, riesgo de TCA y competencias profesionales. Derivar si hay señales de alarma.
NUT2_R0489;NUT2_P035;NUT2_T024;NUT2_TA031;media;Adaptar a historia clínica declarada, medicación, analíticas, cultura, economía, preferencias, etapa vital, riesgo de TCA y competencias profesionales. Derivar si hay señales de alarma.
NUT2_R0490;NUT2_P035;NUT2_T025;NUT2_TA028;media;Adaptar a historia clínica declarada, medicación, analíticas, cultura, economía, preferencias, etapa vital, riesgo de TCA y competencias profesionales. Derivar si hay señales de alarma.
NUT2_R0491;NUT2_P035;NUT2_T025;NUT2_TA029;media;Adaptar a historia clínica declarada, medicación, analíticas, cultura, economía, preferencias, etapa vital, riesgo de TCA y competencias profesionales. Derivar si hay señales de alarma.
NUT2_R0492;NUT2_P035;NUT2_T025;NUT2_TA076;media;Adaptar a historia clínica declarada, medicación, analíticas, cultura, economía, preferencias, etapa vital, riesgo de TCA y competencias profesionales. Derivar si hay señales de alarma.
NUT2_R0493;NUT2_P035;NUT2_T026;NUT2_TA030;media;Adaptar a historia clínica declarada, medicación, analíticas, cultura, economía, preferencias, etapa vital, riesgo de TCA y competencias profesionales. Derivar si hay señales de alarma.
NUT2_R0494;NUT2_P035;NUT2_T026;NUT2_TA077;media;Adaptar a historia clínica declarada, medicación, analíticas, cultura, economía, preferencias, etapa vital, riesgo de TCA y competencias profesionales. Derivar si hay señales de alarma.
NUT2_R0495;NUT2_P035;NUT2_T007;NUT2_TA007;media;Adaptar a historia clínica declarada, medicación, analíticas, cultura, economía, preferencias, etapa vital, riesgo de TCA y competencias profesionales. Derivar si hay señales de alarma.
NUT2_R0496;NUT2_P035;NUT2_T007;NUT2_TA075;media;Adaptar a historia clínica declarada, medicación, analíticas, cultura, economía, preferencias, etapa vital, riesgo de TCA y competencias profesionales. Derivar si hay señales de alarma.
NUT2_R0497;NUT2_P035;NUT2_T022;NUT2_TA025;media;Adaptar a historia clínica declarada, medicación, analíticas, cultura, economía, preferencias, etapa vital, riesgo de TCA y competencias profesionales. Derivar si hay señales de alarma.
NUT2_R0498;NUT2_P035;NUT2_T022;NUT2_TA026;media;Adaptar a historia clínica declarada, medicación, analíticas, cultura, economía, preferencias, etapa vital, riesgo de TCA y competencias profesionales. Derivar si hay señales de alarma.
NUT2_R0499;NUT2_P035;NUT2_T039;NUT2_TA046;media;Adaptar a historia clínica declarada, medicación, analíticas, cultura, economía, preferencias, etapa vital, riesgo de TCA y competencias profesionales. Derivar si hay señales de alarma.
NUT2_R0500;NUT2_P035;NUT2_T056;NUT2_TA062;alta;Adaptar a historia clínica declarada, medicación, analíticas, cultura, economía, preferencias, etapa vital, riesgo de TCA y competencias profesionales. Derivar si hay señales de alarma.
NUT2_R0501;NUT2_P035;NUT2_T056;NUT2_TA085;alta;Adaptar a historia clínica declarada, medicación, analíticas, cultura, economía, preferencias, etapa vital, riesgo de TCA y competencias profesionales. Derivar si hay señales de alarma.
NUT2_R0502;NUT2_P036;NUT2_T024;NUT2_TA031;media;Adaptar a historia clínica declarada, medicación, analíticas, cultura, economía, preferencias, etapa vital, riesgo de TCA y competencias profesionales. Derivar si hay señales de alarma.
NUT2_R0503;NUT2_P036;NUT2_T025;NUT2_TA028;media;Adaptar a historia clínica declarada, medicación, analíticas, cultura, economía, preferencias, etapa vital, riesgo de TCA y competencias profesionales. Derivar si hay señales de alarma.
NUT2_R0504;NUT2_P036;NUT2_T025;NUT2_TA029;media;Adaptar a historia clínica declarada, medicación, analíticas, cultura, economía, preferencias, etapa vital, riesgo de TCA y competencias profesionales. Derivar si hay señales de alarma.
NUT2_R0505;NUT2_P036;NUT2_T025;NUT2_TA076;media;Adaptar a historia clínica declarada, medicación, analíticas, cultura, economía, preferencias, etapa vital, riesgo de TCA y competencias profesionales. Derivar si hay señales de alarma.
NUT2_R0506;NUT2_P036;NUT2_T026;NUT2_TA030;media;Adaptar a historia clínica declarada, medicación, analíticas, cultura, economía, preferencias, etapa vital, riesgo de TCA y competencias profesionales. Derivar si hay señales de alarma.
NUT2_R0507;NUT2_P036;NUT2_T026;NUT2_TA077;media;Adaptar a historia clínica declarada, medicación, analíticas, cultura, economía, preferencias, etapa vital, riesgo de TCA y competencias profesionales. Derivar si hay señales de alarma.
NUT2_R0508;NUT2_P036;NUT2_T007;NUT2_TA007;media;Adaptar a historia clínica declarada, medicación, analíticas, cultura, economía, preferencias, etapa vital, riesgo de TCA y competencias profesionales. Derivar si hay señales de alarma.
NUT2_R0509;NUT2_P036;NUT2_T007;NUT2_TA075;media;Adaptar a historia clínica declarada, medicación, analíticas, cultura, economía, preferencias, etapa vital, riesgo de TCA y competencias profesionales. Derivar si hay señales de alarma.
NUT2_R0510;NUT2_P036;NUT2_T022;NUT2_TA025;media;Adaptar a historia clínica declarada, medicación, analíticas, cultura, economía, preferencias, etapa vital, riesgo de TCA y competencias profesionales. Derivar si hay señales de alarma.
NUT2_R0511;NUT2_P036;NUT2_T022;NUT2_TA026;media;Adaptar a historia clínica declarada, medicación, analíticas, cultura, economía, preferencias, etapa vital, riesgo de TCA y competencias profesionales. Derivar si hay señales de alarma.
NUT2_R0512;NUT2_P036;NUT2_T039;NUT2_TA046;media;Adaptar a historia clínica declarada, medicación, analíticas, cultura, economía, preferencias, etapa vital, riesgo de TCA y competencias profesionales. Derivar si hay señales de alarma.
NUT2_R0513;NUT2_P036;NUT2_T056;NUT2_TA062;alta;Adaptar a historia clínica declarada, medicación, analíticas, cultura, economía, preferencias, etapa vital, riesgo de TCA y competencias profesionales. Derivar si hay señales de alarma.
NUT2_R0514;NUT2_P036;NUT2_T056;NUT2_TA085;alta;Adaptar a historia clínica declarada, medicación, analíticas, cultura, economía, preferencias, etapa vital, riesgo de TCA y competencias profesionales. Derivar si hay señales de alarma.
NUT2_R0515;NUT2_P037;NUT2_T029;NUT2_TA032;media;Adaptar a historia clínica declarada, medicación, analíticas, cultura, economía, preferencias, etapa vital, riesgo de TCA y competencias profesionales. Derivar si hay señales de alarma.
NUT2_R0516;NUT2_P037;NUT2_T029;NUT2_TA078;media;Adaptar a historia clínica declarada, medicación, analíticas, cultura, economía, preferencias, etapa vital, riesgo de TCA y competencias profesionales. Derivar si hay señales de alarma.
NUT2_R0517;NUT2_P037;NUT2_T030;NUT2_TA033;media;Adaptar a historia clínica declarada, medicación, analíticas, cultura, economía, preferencias, etapa vital, riesgo de TCA y competencias profesionales. Derivar si hay señales de alarma.
NUT2_R0518;NUT2_P037;NUT2_T030;NUT2_TA070;media;Adaptar a historia clínica declarada, medicación, analíticas, cultura, economía, preferencias, etapa vital, riesgo de TCA y competencias profesionales. Derivar si hay señales de alarma.
NUT2_R0519;NUT2_P037;NUT2_T031;NUT2_TA034;media;Adaptar a historia clínica declarada, medicación, analíticas, cultura, economía, preferencias, etapa vital, riesgo de TCA y competencias profesionales. Derivar si hay señales de alarma.
NUT2_R0520;NUT2_P037;NUT2_T032;NUT2_TA035;alta;Adaptar a historia clínica declarada, medicación, analíticas, cultura, economía, preferencias, etapa vital, riesgo de TCA y competencias profesionales. Derivar si hay señales de alarma.
NUT2_R0521;NUT2_P037;NUT2_T038;NUT2_TA045;media;Adaptar a historia clínica declarada, medicación, analíticas, cultura, economía, preferencias, etapa vital, riesgo de TCA y competencias profesionales. Derivar si hay señales de alarma.
NUT2_R0522;NUT2_P037;NUT2_T056;NUT2_TA062;alta;Adaptar a historia clínica declarada, medicación, analíticas, cultura, economía, preferencias, etapa vital, riesgo de TCA y competencias profesionales. Derivar si hay señales de alarma.
NUT2_R0523;NUT2_P037;NUT2_T056;NUT2_TA085;alta;Adaptar a historia clínica declarada, medicación, analíticas, cultura, economía, preferencias, etapa vital, riesgo de TCA y competencias profesionales. Derivar si hay señales de alarma.
NUT2_R0524;NUT2_P038;NUT2_T029;NUT2_TA032;media;Adaptar a historia clínica declarada, medicación, analíticas, cultura, economía, preferencias, etapa vital, riesgo de TCA y competencias profesionales. Derivar si hay señales de alarma.
NUT2_R0525;NUT2_P038;NUT2_T029;NUT2_TA078;media;Adaptar a historia clínica declarada, medicación, analíticas, cultura, economía, preferencias, etapa vital, riesgo de TCA y competencias profesionales. Derivar si hay señales de alarma.
NUT2_R0526;NUT2_P038;NUT2_T030;NUT2_TA033;media;Adaptar a historia clínica declarada, medicación, analíticas, cultura, economía, preferencias, etapa vital, riesgo de TCA y competencias profesionales. Derivar si hay señales de alarma.
NUT2_R0527;NUT2_P038;NUT2_T030;NUT2_TA070;media;Adaptar a historia clínica declarada, medicación, analíticas, cultura, economía, preferencias, etapa vital, riesgo de TCA y competencias profesionales. Derivar si hay señales de alarma.
NUT2_R0528;NUT2_P038;NUT2_T031;NUT2_TA034;media;Adaptar a historia clínica declarada, medicación, analíticas, cultura, economía, preferencias, etapa vital, riesgo de TCA y competencias profesionales. Derivar si hay señales de alarma.
NUT2_R0529;NUT2_P038;NUT2_T032;NUT2_TA035;alta;Adaptar a historia clínica declarada, medicación, analíticas, cultura, economía, preferencias, etapa vital, riesgo de TCA y competencias profesionales. Derivar si hay señales de alarma.
NUT2_R0530;NUT2_P038;NUT2_T038;NUT2_TA045;media;Adaptar a historia clínica declarada, medicación, analíticas, cultura, economía, preferencias, etapa vital, riesgo de TCA y competencias profesionales. Derivar si hay señales de alarma.
NUT2_R0531;NUT2_P038;NUT2_T056;NUT2_TA062;alta;Adaptar a historia clínica declarada, medicación, analíticas, cultura, economía, preferencias, etapa vital, riesgo de TCA y competencias profesionales. Derivar si hay señales de alarma.
NUT2_R0532;NUT2_P038;NUT2_T056;NUT2_TA085;alta;Adaptar a historia clínica declarada, medicación, analíticas, cultura, economía, preferencias, etapa vital, riesgo de TCA y competencias profesionales. Derivar si hay señales de alarma.
NUT2_R0533;NUT2_P039;NUT2_T029;NUT2_TA032;media;Adaptar a historia clínica declarada, medicación, analíticas, cultura, economía, preferencias, etapa vital, riesgo de TCA y competencias profesionales. Derivar si hay señales de alarma.
NUT2_R0534;NUT2_P039;NUT2_T029;NUT2_TA078;media;Adaptar a historia clínica declarada, medicación, analíticas, cultura, economía, preferencias, etapa vital, riesgo de TCA y competencias profesionales. Derivar si hay señales de alarma.
NUT2_R0535;NUT2_P039;NUT2_T030;NUT2_TA033;media;Adaptar a historia clínica declarada, medicación, analíticas, cultura, economía, preferencias, etapa vital, riesgo de TCA y competencias profesionales. Derivar si hay señales de alarma.
NUT2_R0536;NUT2_P039;NUT2_T030;NUT2_TA070;media;Adaptar a historia clínica declarada, medicación, analíticas, cultura, economía, preferencias, etapa vital, riesgo de TCA y competencias profesionales. Derivar si hay señales de alarma.
NUT2_R0537;NUT2_P039;NUT2_T031;NUT2_TA034;media;Adaptar a historia clínica declarada, medicación, analíticas, cultura, economía, preferencias, etapa vital, riesgo de TCA y competencias profesionales. Derivar si hay señales de alarma.
NUT2_R0538;NUT2_P039;NUT2_T032;NUT2_TA035;alta;Adaptar a historia clínica declarada, medicación, analíticas, cultura, economía, preferencias, etapa vital, riesgo de TCA y competencias profesionales. Derivar si hay señales de alarma.
NUT2_R0539;NUT2_P039;NUT2_T038;NUT2_TA045;media;Adaptar a historia clínica declarada, medicación, analíticas, cultura, economía, preferencias, etapa vital, riesgo de TCA y competencias profesionales. Derivar si hay señales de alarma.
NUT2_R0540;NUT2_P039;NUT2_T056;NUT2_TA062;alta;Adaptar a historia clínica declarada, medicación, analíticas, cultura, economía, preferencias, etapa vital, riesgo de TCA y competencias profesionales. Derivar si hay señales de alarma.
NUT2_R0541;NUT2_P039;NUT2_T056;NUT2_TA085;alta;Adaptar a historia clínica declarada, medicación, analíticas, cultura, economía, preferencias, etapa vital, riesgo de TCA y competencias profesionales. Derivar si hay señales de alarma.
NUT2_R0542;NUT2_P040;NUT2_T029;NUT2_TA032;media;Adaptar a historia clínica declarada, medicación, analíticas, cultura, economía, preferencias, etapa vital, riesgo de TCA y competencias profesionales. Derivar si hay señales de alarma.
NUT2_R0543;NUT2_P040;NUT2_T029;NUT2_TA078;media;Adaptar a historia clínica declarada, medicación, analíticas, cultura, economía, preferencias, etapa vital, riesgo de TCA y competencias profesionales. Derivar si hay señales de alarma.
NUT2_R0544;NUT2_P040;NUT2_T030;NUT2_TA033;media;Adaptar a historia clínica declarada, medicación, analíticas, cultura, economía, preferencias, etapa vital, riesgo de TCA y competencias profesionales. Derivar si hay señales de alarma.
NUT2_R0545;NUT2_P040;NUT2_T030;NUT2_TA070;media;Adaptar a historia clínica declarada, medicación, analíticas, cultura, economía, preferencias, etapa vital, riesgo de TCA y competencias profesionales. Derivar si hay señales de alarma.
NUT2_R0546;NUT2_P040;NUT2_T031;NUT2_TA034;media;Adaptar a historia clínica declarada, medicación, analíticas, cultura, economía, preferencias, etapa vital, riesgo de TCA y competencias profesionales. Derivar si hay señales de alarma.
NUT2_R0547;NUT2_P040;NUT2_T032;NUT2_TA035;alta;Adaptar a historia clínica declarada, medicación, analíticas, cultura, economía, preferencias, etapa vital, riesgo de TCA y competencias profesionales. Derivar si hay señales de alarma.
NUT2_R0548;NUT2_P040;NUT2_T038;NUT2_TA045;media;Adaptar a historia clínica declarada, medicación, analíticas, cultura, economía, preferencias, etapa vital, riesgo de TCA y competencias profesionales. Derivar si hay señales de alarma.
NUT2_R0549;NUT2_P040;NUT2_T056;NUT2_TA062;alta;Adaptar a historia clínica declarada, medicación, analíticas, cultura, economía, preferencias, etapa vital, riesgo de TCA y competencias profesionales. Derivar si hay señales de alarma.
NUT2_R0550;NUT2_P040;NUT2_T056;NUT2_TA085;alta;Adaptar a historia clínica declarada, medicación, analíticas, cultura, economía, preferencias, etapa vital, riesgo de TCA y competencias profesionales. Derivar si hay señales de alarma.
NUT2_R0551;NUT2_P041;NUT2_T029;NUT2_TA032;media;Adaptar a historia clínica declarada, medicación, analíticas, cultura, economía, preferencias, etapa vital, riesgo de TCA y competencias profesionales. Derivar si hay señales de alarma.
NUT2_R0552;NUT2_P041;NUT2_T029;NUT2_TA078;media;Adaptar a historia clínica declarada, medicación, analíticas, cultura, economía, preferencias, etapa vital, riesgo de TCA y competencias profesionales. Derivar si hay señales de alarma.
NUT2_R0553;NUT2_P041;NUT2_T030;NUT2_TA033;media;Adaptar a historia clínica declarada, medicación, analíticas, cultura, economía, preferencias, etapa vital, riesgo de TCA y competencias profesionales. Derivar si hay señales de alarma.
NUT2_R0554;NUT2_P041;NUT2_T030;NUT2_TA070;media;Adaptar a historia clínica declarada, medicación, analíticas, cultura, economía, preferencias, etapa vital, riesgo de TCA y competencias profesionales. Derivar si hay señales de alarma.
NUT2_R0555;NUT2_P041;NUT2_T031;NUT2_TA034;media;Adaptar a historia clínica declarada, medicación, analíticas, cultura, economía, preferencias, etapa vital, riesgo de TCA y competencias profesionales. Derivar si hay señales de alarma.
NUT2_R0556;NUT2_P041;NUT2_T032;NUT2_TA035;alta;Adaptar a historia clínica declarada, medicación, analíticas, cultura, economía, preferencias, etapa vital, riesgo de TCA y competencias profesionales. Derivar si hay señales de alarma.
NUT2_R0557;NUT2_P041;NUT2_T038;NUT2_TA045;media;Adaptar a historia clínica declarada, medicación, analíticas, cultura, economía, preferencias, etapa vital, riesgo de TCA y competencias profesionales. Derivar si hay señales de alarma.
NUT2_R0558;NUT2_P041;NUT2_T056;NUT2_TA062;alta;Adaptar a historia clínica declarada, medicación, analíticas, cultura, economía, preferencias, etapa vital, riesgo de TCA y competencias profesionales. Derivar si hay señales de alarma.
NUT2_R0559;NUT2_P041;NUT2_T056;NUT2_TA085;alta;Adaptar a historia clínica declarada, medicación, analíticas, cultura, economía, preferencias, etapa vital, riesgo de TCA y competencias profesionales. Derivar si hay señales de alarma.
NUT2_R0560;NUT2_P042;NUT2_T029;NUT2_TA032;media;Adaptar a historia clínica declarada, medicación, analíticas, cultura, economía, preferencias, etapa vital, riesgo de TCA y competencias profesionales. Derivar si hay señales de alarma.
NUT2_R0561;NUT2_P042;NUT2_T029;NUT2_TA078;media;Adaptar a historia clínica declarada, medicación, analíticas, cultura, economía, preferencias, etapa vital, riesgo de TCA y competencias profesionales. Derivar si hay señales de alarma.
NUT2_R0562;NUT2_P042;NUT2_T030;NUT2_TA033;media;Adaptar a historia clínica declarada, medicación, analíticas, cultura, economía, preferencias, etapa vital, riesgo de TCA y competencias profesionales. Derivar si hay señales de alarma.
NUT2_R0563;NUT2_P042;NUT2_T030;NUT2_TA070;media;Adaptar a historia clínica declarada, medicación, analíticas, cultura, economía, preferencias, etapa vital, riesgo de TCA y competencias profesionales. Derivar si hay señales de alarma.
NUT2_R0564;NUT2_P042;NUT2_T031;NUT2_TA034;media;Adaptar a historia clínica declarada, medicación, analíticas, cultura, economía, preferencias, etapa vital, riesgo de TCA y competencias profesionales. Derivar si hay señales de alarma.
NUT2_R0565;NUT2_P042;NUT2_T032;NUT2_TA035;alta;Adaptar a historia clínica declarada, medicación, analíticas, cultura, economía, preferencias, etapa vital, riesgo de TCA y competencias profesionales. Derivar si hay señales de alarma.
NUT2_R0566;NUT2_P042;NUT2_T038;NUT2_TA045;media;Adaptar a historia clínica declarada, medicación, analíticas, cultura, economía, preferencias, etapa vital, riesgo de TCA y competencias profesionales. Derivar si hay señales de alarma.
NUT2_R0567;NUT2_P042;NUT2_T056;NUT2_TA062;alta;Adaptar a historia clínica declarada, medicación, analíticas, cultura, economía, preferencias, etapa vital, riesgo de TCA y competencias profesionales. Derivar si hay señales de alarma.
NUT2_R0568;NUT2_P042;NUT2_T056;NUT2_TA085;alta;Adaptar a historia clínica declarada, medicación, analíticas, cultura, economía, preferencias, etapa vital, riesgo de TCA y competencias profesionales. Derivar si hay señales de alarma.
NUT2_R0569;NUT2_P043;NUT2_T029;NUT2_TA032;media;Adaptar a historia clínica declarada, medicación, analíticas, cultura, economía, preferencias, etapa vital, riesgo de TCA y competencias profesionales. Derivar si hay señales de alarma.
NUT2_R0570;NUT2_P043;NUT2_T029;NUT2_TA078;media;Adaptar a historia clínica declarada, medicación, analíticas, cultura, economía, preferencias, etapa vital, riesgo de TCA y competencias profesionales. Derivar si hay señales de alarma.
NUT2_R0571;NUT2_P043;NUT2_T030;NUT2_TA033;media;Adaptar a historia clínica declarada, medicación, analíticas, cultura, economía, preferencias, etapa vital, riesgo de TCA y competencias profesionales. Derivar si hay señales de alarma.
NUT2_R0572;NUT2_P043;NUT2_T030;NUT2_TA070;media;Adaptar a historia clínica declarada, medicación, analíticas, cultura, economía, preferencias, etapa vital, riesgo de TCA y competencias profesionales. Derivar si hay señales de alarma.
NUT2_R0573;NUT2_P043;NUT2_T031;NUT2_TA034;media;Adaptar a historia clínica declarada, medicación, analíticas, cultura, economía, preferencias, etapa vital, riesgo de TCA y competencias profesionales. Derivar si hay señales de alarma.
NUT2_R0574;NUT2_P043;NUT2_T032;NUT2_TA035;alta;Adaptar a historia clínica declarada, medicación, analíticas, cultura, economía, preferencias, etapa vital, riesgo de TCA y competencias profesionales. Derivar si hay señales de alarma.
NUT2_R0575;NUT2_P043;NUT2_T038;NUT2_TA045;media;Adaptar a historia clínica declarada, medicación, analíticas, cultura, economía, preferencias, etapa vital, riesgo de TCA y competencias profesionales. Derivar si hay señales de alarma.
NUT2_R0576;NUT2_P043;NUT2_T056;NUT2_TA062;alta;Adaptar a historia clínica declarada, medicación, analíticas, cultura, economía, preferencias, etapa vital, riesgo de TCA y competencias profesionales. Derivar si hay señales de alarma.
NUT2_R0577;NUT2_P043;NUT2_T056;NUT2_TA085;alta;Adaptar a historia clínica declarada, medicación, analíticas, cultura, economía, preferencias, etapa vital, riesgo de TCA y competencias profesionales. Derivar si hay señales de alarma.
NUT2_R0578;NUT2_P044;NUT2_T033;NUT2_TA037;media;Adaptar a historia clínica declarada, medicación, analíticas, cultura, economía, preferencias, etapa vital, riesgo de TCA y competencias profesionales. Derivar si hay señales de alarma.
NUT2_R0579;NUT2_P044;NUT2_T034;NUT2_TA036;media;Adaptar a historia clínica declarada, medicación, analíticas, cultura, economía, preferencias, etapa vital, riesgo de TCA y competencias profesionales. Derivar si hay señales de alarma.
NUT2_R0580;NUT2_P044;NUT2_T035;NUT2_TA039;media;Adaptar a historia clínica declarada, medicación, analíticas, cultura, economía, preferencias, etapa vital, riesgo de TCA y competencias profesionales. Derivar si hay señales de alarma.
NUT2_R0581;NUT2_P044;NUT2_T035;NUT2_TA040;media;Adaptar a historia clínica declarada, medicación, analíticas, cultura, economía, preferencias, etapa vital, riesgo de TCA y competencias profesionales. Derivar si hay señales de alarma.
NUT2_R0582;NUT2_P044;NUT2_T035;NUT2_TA073;media;Adaptar a historia clínica declarada, medicación, analíticas, cultura, economía, preferencias, etapa vital, riesgo de TCA y competencias profesionales. Derivar si hay señales de alarma.
NUT2_R0583;NUT2_P044;NUT2_T035;NUT2_TA083;media;Adaptar a historia clínica declarada, medicación, analíticas, cultura, economía, preferencias, etapa vital, riesgo de TCA y competencias profesionales. Derivar si hay señales de alarma.
NUT2_R0584;NUT2_P044;NUT2_T036;NUT2_TA038;media;Adaptar a historia clínica declarada, medicación, analíticas, cultura, economía, preferencias, etapa vital, riesgo de TCA y competencias profesionales. Derivar si hay señales de alarma.
NUT2_R0585;NUT2_P044;NUT2_T037;NUT2_TA041;alta;Adaptar a historia clínica declarada, medicación, analíticas, cultura, economía, preferencias, etapa vital, riesgo de TCA y competencias profesionales. Derivar si hay señales de alarma.
NUT2_R0586;NUT2_P044;NUT2_T050;NUT2_TA059;media;Adaptar a historia clínica declarada, medicación, analíticas, cultura, economía, preferencias, etapa vital, riesgo de TCA y competencias profesionales. Derivar si hay señales de alarma.
NUT2_R0587;NUT2_P044;NUT2_T052;NUT2_TA060;media;Adaptar a historia clínica declarada, medicación, analíticas, cultura, economía, preferencias, etapa vital, riesgo de TCA y competencias profesionales. Derivar si hay señales de alarma.
NUT2_R0588;NUT2_P044;NUT2_T052;NUT2_TA063;media;Adaptar a historia clínica declarada, medicación, analíticas, cultura, economía, preferencias, etapa vital, riesgo de TCA y competencias profesionales. Derivar si hay señales de alarma.
NUT2_R0589;NUT2_P045;NUT2_T033;NUT2_TA037;media;Adaptar a historia clínica declarada, medicación, analíticas, cultura, economía, preferencias, etapa vital, riesgo de TCA y competencias profesionales. Derivar si hay señales de alarma.
NUT2_R0590;NUT2_P045;NUT2_T034;NUT2_TA036;media;Adaptar a historia clínica declarada, medicación, analíticas, cultura, economía, preferencias, etapa vital, riesgo de TCA y competencias profesionales. Derivar si hay señales de alarma.
NUT2_R0591;NUT2_P045;NUT2_T035;NUT2_TA039;media;Adaptar a historia clínica declarada, medicación, analíticas, cultura, economía, preferencias, etapa vital, riesgo de TCA y competencias profesionales. Derivar si hay señales de alarma.
NUT2_R0592;NUT2_P045;NUT2_T035;NUT2_TA040;media;Adaptar a historia clínica declarada, medicación, analíticas, cultura, economía, preferencias, etapa vital, riesgo de TCA y competencias profesionales. Derivar si hay señales de alarma.
NUT2_R0593;NUT2_P045;NUT2_T035;NUT2_TA073;media;Adaptar a historia clínica declarada, medicación, analíticas, cultura, economía, preferencias, etapa vital, riesgo de TCA y competencias profesionales. Derivar si hay señales de alarma.
NUT2_R0594;NUT2_P045;NUT2_T035;NUT2_TA083;media;Adaptar a historia clínica declarada, medicación, analíticas, cultura, economía, preferencias, etapa vital, riesgo de TCA y competencias profesionales. Derivar si hay señales de alarma.
NUT2_R0595;NUT2_P045;NUT2_T036;NUT2_TA038;media;Adaptar a historia clínica declarada, medicación, analíticas, cultura, economía, preferencias, etapa vital, riesgo de TCA y competencias profesionales. Derivar si hay señales de alarma.
NUT2_R0596;NUT2_P045;NUT2_T037;NUT2_TA041;alta;Adaptar a historia clínica declarada, medicación, analíticas, cultura, economía, preferencias, etapa vital, riesgo de TCA y competencias profesionales. Derivar si hay señales de alarma.
NUT2_R0597;NUT2_P045;NUT2_T050;NUT2_TA059;media;Adaptar a historia clínica declarada, medicación, analíticas, cultura, economía, preferencias, etapa vital, riesgo de TCA y competencias profesionales. Derivar si hay señales de alarma.
NUT2_R0598;NUT2_P045;NUT2_T052;NUT2_TA060;media;Adaptar a historia clínica declarada, medicación, analíticas, cultura, economía, preferencias, etapa vital, riesgo de TCA y competencias profesionales. Derivar si hay señales de alarma.
NUT2_R0599;NUT2_P045;NUT2_T052;NUT2_TA063;media;Adaptar a historia clínica declarada, medicación, analíticas, cultura, economía, preferencias, etapa vital, riesgo de TCA y competencias profesionales. Derivar si hay señales de alarma.
NUT2_R0600;NUT2_P046;NUT2_T033;NUT2_TA037;media;Adaptar a historia clínica declarada, medicación, analíticas, cultura, economía, preferencias, etapa vital, riesgo de TCA y competencias profesionales. Derivar si hay señales de alarma.
NUT2_R0601;NUT2_P046;NUT2_T034;NUT2_TA036;media;Adaptar a historia clínica declarada, medicación, analíticas, cultura, economía, preferencias, etapa vital, riesgo de TCA y competencias profesionales. Derivar si hay señales de alarma.
NUT2_R0602;NUT2_P046;NUT2_T035;NUT2_TA039;media;Adaptar a historia clínica declarada, medicación, analíticas, cultura, economía, preferencias, etapa vital, riesgo de TCA y competencias profesionales. Derivar si hay señales de alarma.
NUT2_R0603;NUT2_P046;NUT2_T035;NUT2_TA040;media;Adaptar a historia clínica declarada, medicación, analíticas, cultura, economía, preferencias, etapa vital, riesgo de TCA y competencias profesionales. Derivar si hay señales de alarma.
NUT2_R0604;NUT2_P046;NUT2_T035;NUT2_TA073;media;Adaptar a historia clínica declarada, medicación, analíticas, cultura, economía, preferencias, etapa vital, riesgo de TCA y competencias profesionales. Derivar si hay señales de alarma.
NUT2_R0605;NUT2_P046;NUT2_T035;NUT2_TA083;media;Adaptar a historia clínica declarada, medicación, analíticas, cultura, economía, preferencias, etapa vital, riesgo de TCA y competencias profesionales. Derivar si hay señales de alarma.
NUT2_R0606;NUT2_P046;NUT2_T036;NUT2_TA038;media;Adaptar a historia clínica declarada, medicación, analíticas, cultura, economía, preferencias, etapa vital, riesgo de TCA y competencias profesionales. Derivar si hay señales de alarma.
NUT2_R0607;NUT2_P046;NUT2_T037;NUT2_TA041;alta;Adaptar a historia clínica declarada, medicación, analíticas, cultura, economía, preferencias, etapa vital, riesgo de TCA y competencias profesionales. Derivar si hay señales de alarma.
NUT2_R0608;NUT2_P046;NUT2_T050;NUT2_TA059;media;Adaptar a historia clínica declarada, medicación, analíticas, cultura, economía, preferencias, etapa vital, riesgo de TCA y competencias profesionales. Derivar si hay señales de alarma.
NUT2_R0609;NUT2_P046;NUT2_T052;NUT2_TA060;media;Adaptar a historia clínica declarada, medicación, analíticas, cultura, economía, preferencias, etapa vital, riesgo de TCA y competencias profesionales. Derivar si hay señales de alarma.
NUT2_R0610;NUT2_P046;NUT2_T052;NUT2_TA063;media;Adaptar a historia clínica declarada, medicación, analíticas, cultura, economía, preferencias, etapa vital, riesgo de TCA y competencias profesionales. Derivar si hay señales de alarma.
NUT2_R0611;NUT2_P047;NUT2_T033;NUT2_TA037;media;Adaptar a historia clínica declarada, medicación, analíticas, cultura, economía, preferencias, etapa vital, riesgo de TCA y competencias profesionales. Derivar si hay señales de alarma.
NUT2_R0612;NUT2_P047;NUT2_T034;NUT2_TA036;media;Adaptar a historia clínica declarada, medicación, analíticas, cultura, economía, preferencias, etapa vital, riesgo de TCA y competencias profesionales. Derivar si hay señales de alarma.
NUT2_R0613;NUT2_P047;NUT2_T035;NUT2_TA039;media;Adaptar a historia clínica declarada, medicación, analíticas, cultura, economía, preferencias, etapa vital, riesgo de TCA y competencias profesionales. Derivar si hay señales de alarma.
NUT2_R0614;NUT2_P047;NUT2_T035;NUT2_TA040;media;Adaptar a historia clínica declarada, medicación, analíticas, cultura, economía, preferencias, etapa vital, riesgo de TCA y competencias profesionales. Derivar si hay señales de alarma.
NUT2_R0615;NUT2_P047;NUT2_T035;NUT2_TA073;media;Adaptar a historia clínica declarada, medicación, analíticas, cultura, economía, preferencias, etapa vital, riesgo de TCA y competencias profesionales. Derivar si hay señales de alarma.
NUT2_R0616;NUT2_P047;NUT2_T035;NUT2_TA083;media;Adaptar a historia clínica declarada, medicación, analíticas, cultura, economía, preferencias, etapa vital, riesgo de TCA y competencias profesionales. Derivar si hay señales de alarma.
NUT2_R0617;NUT2_P047;NUT2_T036;NUT2_TA038;media;Adaptar a historia clínica declarada, medicación, analíticas, cultura, economía, preferencias, etapa vital, riesgo de TCA y competencias profesionales. Derivar si hay señales de alarma.
NUT2_R0618;NUT2_P047;NUT2_T037;NUT2_TA041;alta;Adaptar a historia clínica declarada, medicación, analíticas, cultura, economía, preferencias, etapa vital, riesgo de TCA y competencias profesionales. Derivar si hay señales de alarma.
NUT2_R0619;NUT2_P047;NUT2_T050;NUT2_TA059;media;Adaptar a historia clínica declarada, medicación, analíticas, cultura, economía, preferencias, etapa vital, riesgo de TCA y competencias profesionales. Derivar si hay señales de alarma.
NUT2_R0620;NUT2_P047;NUT2_T052;NUT2_TA060;media;Adaptar a historia clínica declarada, medicación, analíticas, cultura, economía, preferencias, etapa vital, riesgo de TCA y competencias profesionales. Derivar si hay señales de alarma.
NUT2_R0621;NUT2_P047;NUT2_T052;NUT2_TA063;media;Adaptar a historia clínica declarada, medicación, analíticas, cultura, economía, preferencias, etapa vital, riesgo de TCA y competencias profesionales. Derivar si hay señales de alarma.
NUT2_R0622;NUT2_P048;NUT2_T033;NUT2_TA037;media;Adaptar a historia clínica declarada, medicación, analíticas, cultura, economía, preferencias, etapa vital, riesgo de TCA y competencias profesionales. Derivar si hay señales de alarma.
NUT2_R0623;NUT2_P048;NUT2_T034;NUT2_TA036;media;Adaptar a historia clínica declarada, medicación, analíticas, cultura, economía, preferencias, etapa vital, riesgo de TCA y competencias profesionales. Derivar si hay señales de alarma.
NUT2_R0624;NUT2_P048;NUT2_T035;NUT2_TA039;media;Adaptar a historia clínica declarada, medicación, analíticas, cultura, economía, preferencias, etapa vital, riesgo de TCA y competencias profesionales. Derivar si hay señales de alarma.
NUT2_R0625;NUT2_P048;NUT2_T035;NUT2_TA040;media;Adaptar a historia clínica declarada, medicación, analíticas, cultura, economía, preferencias, etapa vital, riesgo de TCA y competencias profesionales. Derivar si hay señales de alarma.
NUT2_R0626;NUT2_P048;NUT2_T035;NUT2_TA073;media;Adaptar a historia clínica declarada, medicación, analíticas, cultura, economía, preferencias, etapa vital, riesgo de TCA y competencias profesionales. Derivar si hay señales de alarma.
NUT2_R0627;NUT2_P048;NUT2_T035;NUT2_TA083;media;Adaptar a historia clínica declarada, medicación, analíticas, cultura, economía, preferencias, etapa vital, riesgo de TCA y competencias profesionales. Derivar si hay señales de alarma.
NUT2_R0628;NUT2_P048;NUT2_T036;NUT2_TA038;media;Adaptar a historia clínica declarada, medicación, analíticas, cultura, economía, preferencias, etapa vital, riesgo de TCA y competencias profesionales. Derivar si hay señales de alarma.
NUT2_R0629;NUT2_P048;NUT2_T037;NUT2_TA041;alta;Adaptar a historia clínica declarada, medicación, analíticas, cultura, economía, preferencias, etapa vital, riesgo de TCA y competencias profesionales. Derivar si hay señales de alarma.
NUT2_R0630;NUT2_P048;NUT2_T050;NUT2_TA059;media;Adaptar a historia clínica declarada, medicación, analíticas, cultura, economía, preferencias, etapa vital, riesgo de TCA y competencias profesionales. Derivar si hay señales de alarma.
NUT2_R0631;NUT2_P048;NUT2_T052;NUT2_TA060;media;Adaptar a historia clínica declarada, medicación, analíticas, cultura, economía, preferencias, etapa vital, riesgo de TCA y competencias profesionales. Derivar si hay señales de alarma.
NUT2_R0632;NUT2_P048;NUT2_T052;NUT2_TA063;media;Adaptar a historia clínica declarada, medicación, analíticas, cultura, economía, preferencias, etapa vital, riesgo de TCA y competencias profesionales. Derivar si hay señales de alarma.
NUT2_R0633;NUT2_P049;NUT2_T033;NUT2_TA037;media;Adaptar a historia clínica declarada, medicación, analíticas, cultura, economía, preferencias, etapa vital, riesgo de TCA y competencias profesionales. Derivar si hay señales de alarma.
NUT2_R0634;NUT2_P049;NUT2_T034;NUT2_TA036;media;Adaptar a historia clínica declarada, medicación, analíticas, cultura, economía, preferencias, etapa vital, riesgo de TCA y competencias profesionales. Derivar si hay señales de alarma.
NUT2_R0635;NUT2_P049;NUT2_T035;NUT2_TA039;media;Adaptar a historia clínica declarada, medicación, analíticas, cultura, economía, preferencias, etapa vital, riesgo de TCA y competencias profesionales. Derivar si hay señales de alarma.
NUT2_R0636;NUT2_P049;NUT2_T035;NUT2_TA040;media;Adaptar a historia clínica declarada, medicación, analíticas, cultura, economía, preferencias, etapa vital, riesgo de TCA y competencias profesionales. Derivar si hay señales de alarma.
NUT2_R0637;NUT2_P049;NUT2_T035;NUT2_TA073;media;Adaptar a historia clínica declarada, medicación, analíticas, cultura, economía, preferencias, etapa vital, riesgo de TCA y competencias profesionales. Derivar si hay señales de alarma.
NUT2_R0638;NUT2_P049;NUT2_T035;NUT2_TA083;media;Adaptar a historia clínica declarada, medicación, analíticas, cultura, economía, preferencias, etapa vital, riesgo de TCA y competencias profesionales. Derivar si hay señales de alarma.
NUT2_R0639;NUT2_P049;NUT2_T036;NUT2_TA038;media;Adaptar a historia clínica declarada, medicación, analíticas, cultura, economía, preferencias, etapa vital, riesgo de TCA y competencias profesionales. Derivar si hay señales de alarma.
NUT2_R0640;NUT2_P049;NUT2_T037;NUT2_TA041;alta;Adaptar a historia clínica declarada, medicación, analíticas, cultura, economía, preferencias, etapa vital, riesgo de TCA y competencias profesionales. Derivar si hay señales de alarma.
NUT2_R0641;NUT2_P049;NUT2_T050;NUT2_TA059;media;Adaptar a historia clínica declarada, medicación, analíticas, cultura, economía, preferencias, etapa vital, riesgo de TCA y competencias profesionales. Derivar si hay señales de alarma.
NUT2_R0642;NUT2_P049;NUT2_T052;NUT2_TA060;media;Adaptar a historia clínica declarada, medicación, analíticas, cultura, economía, preferencias, etapa vital, riesgo de TCA y competencias profesionales. Derivar si hay señales de alarma.
NUT2_R0643;NUT2_P049;NUT2_T052;NUT2_TA063;media;Adaptar a historia clínica declarada, medicación, analíticas, cultura, economía, preferencias, etapa vital, riesgo de TCA y competencias profesionales. Derivar si hay señales de alarma.
NUT2_R0644;NUT2_P050;NUT2_T033;NUT2_TA037;media;Adaptar a historia clínica declarada, medicación, analíticas, cultura, economía, preferencias, etapa vital, riesgo de TCA y competencias profesionales. Derivar si hay señales de alarma.
NUT2_R0645;NUT2_P050;NUT2_T034;NUT2_TA036;media;Adaptar a historia clínica declarada, medicación, analíticas, cultura, economía, preferencias, etapa vital, riesgo de TCA y competencias profesionales. Derivar si hay señales de alarma.
NUT2_R0646;NUT2_P050;NUT2_T035;NUT2_TA039;media;Adaptar a historia clínica declarada, medicación, analíticas, cultura, economía, preferencias, etapa vital, riesgo de TCA y competencias profesionales. Derivar si hay señales de alarma.
NUT2_R0647;NUT2_P050;NUT2_T035;NUT2_TA040;media;Adaptar a historia clínica declarada, medicación, analíticas, cultura, economía, preferencias, etapa vital, riesgo de TCA y competencias profesionales. Derivar si hay señales de alarma.
NUT2_R0648;NUT2_P050;NUT2_T035;NUT2_TA073;media;Adaptar a historia clínica declarada, medicación, analíticas, cultura, economía, preferencias, etapa vital, riesgo de TCA y competencias profesionales. Derivar si hay señales de alarma.
NUT2_R0649;NUT2_P050;NUT2_T035;NUT2_TA083;media;Adaptar a historia clínica declarada, medicación, analíticas, cultura, economía, preferencias, etapa vital, riesgo de TCA y competencias profesionales. Derivar si hay señales de alarma.
NUT2_R0650;NUT2_P050;NUT2_T036;NUT2_TA038;media;Adaptar a historia clínica declarada, medicación, analíticas, cultura, economía, preferencias, etapa vital, riesgo de TCA y competencias profesionales. Derivar si hay señales de alarma.
NUT2_R0651;NUT2_P050;NUT2_T037;NUT2_TA041;alta;Adaptar a historia clínica declarada, medicación, analíticas, cultura, economía, preferencias, etapa vital, riesgo de TCA y competencias profesionales. Derivar si hay señales de alarma.
NUT2_R0652;NUT2_P050;NUT2_T050;NUT2_TA059;media;Adaptar a historia clínica declarada, medicación, analíticas, cultura, economía, preferencias, etapa vital, riesgo de TCA y competencias profesionales. Derivar si hay señales de alarma.
NUT2_R0653;NUT2_P050;NUT2_T052;NUT2_TA060;media;Adaptar a historia clínica declarada, medicación, analíticas, cultura, economía, preferencias, etapa vital, riesgo de TCA y competencias profesionales. Derivar si hay señales de alarma.
NUT2_R0654;NUT2_P050;NUT2_T052;NUT2_TA063;media;Adaptar a historia clínica declarada, medicación, analíticas, cultura, economía, preferencias, etapa vital, riesgo de TCA y competencias profesionales. Derivar si hay señales de alarma.
NUT2_R0655;NUT2_P051;NUT2_T009;NUT2_TA009;media;Adaptar a historia clínica declarada, medicación, analíticas, cultura, economía, preferencias, etapa vital, riesgo de TCA y competencias profesionales. Derivar si hay señales de alarma.
NUT2_R0656;NUT2_P051;NUT2_T010;NUT2_TA010;media;Adaptar a historia clínica declarada, medicación, analíticas, cultura, economía, preferencias, etapa vital, riesgo de TCA y competencias profesionales. Derivar si hay señales de alarma.
NUT2_R0657;NUT2_P051;NUT2_T010;NUT2_TA074;media;Adaptar a historia clínica declarada, medicación, analíticas, cultura, economía, preferencias, etapa vital, riesgo de TCA y competencias profesionales. Derivar si hay señales de alarma.
NUT2_R0658;NUT2_P051;NUT2_T011;NUT2_TA011;media;Adaptar a historia clínica declarada, medicación, analíticas, cultura, economía, preferencias, etapa vital, riesgo de TCA y competencias profesionales. Derivar si hay señales de alarma.
NUT2_R0659;NUT2_P051;NUT2_T012;NUT2_TA012;media;Adaptar a historia clínica declarada, medicación, analíticas, cultura, economía, preferencias, etapa vital, riesgo de TCA y competencias profesionales. Derivar si hay señales de alarma.
NUT2_R0660;NUT2_P051;NUT2_T054;NUT2_TA042;media;Adaptar a historia clínica declarada, medicación, analíticas, cultura, economía, preferencias, etapa vital, riesgo de TCA y competencias profesionales. Derivar si hay señales de alarma.
NUT2_R0661;NUT2_P051;NUT2_T054;NUT2_TA065;media;Adaptar a historia clínica declarada, medicación, analíticas, cultura, economía, preferencias, etapa vital, riesgo de TCA y competencias profesionales. Derivar si hay señales de alarma.
NUT2_R0662;NUT2_P051;NUT2_T054;NUT2_TA066;media;Adaptar a historia clínica declarada, medicación, analíticas, cultura, economía, preferencias, etapa vital, riesgo de TCA y competencias profesionales. Derivar si hay señales de alarma.
NUT2_R0663;NUT2_P051;NUT2_T055;NUT2_TA043;media;Adaptar a historia clínica declarada, medicación, analíticas, cultura, economía, preferencias, etapa vital, riesgo de TCA y competencias profesionales. Derivar si hay señales de alarma.
NUT2_R0664;NUT2_P051;NUT2_T051;NUT2_TA044;media;Adaptar a historia clínica declarada, medicación, analíticas, cultura, economía, preferencias, etapa vital, riesgo de TCA y competencias profesionales. Derivar si hay señales de alarma.
NUT2_R0665;NUT2_P052;NUT2_T009;NUT2_TA009;media;Adaptar a historia clínica declarada, medicación, analíticas, cultura, economía, preferencias, etapa vital, riesgo de TCA y competencias profesionales. Derivar si hay señales de alarma.
NUT2_R0666;NUT2_P052;NUT2_T010;NUT2_TA010;media;Adaptar a historia clínica declarada, medicación, analíticas, cultura, economía, preferencias, etapa vital, riesgo de TCA y competencias profesionales. Derivar si hay señales de alarma.
NUT2_R0667;NUT2_P052;NUT2_T010;NUT2_TA074;media;Adaptar a historia clínica declarada, medicación, analíticas, cultura, economía, preferencias, etapa vital, riesgo de TCA y competencias profesionales. Derivar si hay señales de alarma.
NUT2_R0668;NUT2_P052;NUT2_T011;NUT2_TA011;media;Adaptar a historia clínica declarada, medicación, analíticas, cultura, economía, preferencias, etapa vital, riesgo de TCA y competencias profesionales. Derivar si hay señales de alarma.
NUT2_R0669;NUT2_P052;NUT2_T012;NUT2_TA012;media;Adaptar a historia clínica declarada, medicación, analíticas, cultura, economía, preferencias, etapa vital, riesgo de TCA y competencias profesionales. Derivar si hay señales de alarma.
NUT2_R0670;NUT2_P052;NUT2_T054;NUT2_TA042;media;Adaptar a historia clínica declarada, medicación, analíticas, cultura, economía, preferencias, etapa vital, riesgo de TCA y competencias profesionales. Derivar si hay señales de alarma.
NUT2_R0671;NUT2_P052;NUT2_T054;NUT2_TA065;media;Adaptar a historia clínica declarada, medicación, analíticas, cultura, economía, preferencias, etapa vital, riesgo de TCA y competencias profesionales. Derivar si hay señales de alarma.
NUT2_R0672;NUT2_P052;NUT2_T054;NUT2_TA066;media;Adaptar a historia clínica declarada, medicación, analíticas, cultura, economía, preferencias, etapa vital, riesgo de TCA y competencias profesionales. Derivar si hay señales de alarma.
NUT2_R0673;NUT2_P052;NUT2_T055;NUT2_TA043;media;Adaptar a historia clínica declarada, medicación, analíticas, cultura, economía, preferencias, etapa vital, riesgo de TCA y competencias profesionales. Derivar si hay señales de alarma.
NUT2_R0674;NUT2_P052;NUT2_T051;NUT2_TA044;media;Adaptar a historia clínica declarada, medicación, analíticas, cultura, economía, preferencias, etapa vital, riesgo de TCA y competencias profesionales. Derivar si hay señales de alarma.
NUT2_R0675;NUT2_P053;NUT2_T009;NUT2_TA009;media;Adaptar a historia clínica declarada, medicación, analíticas, cultura, economía, preferencias, etapa vital, riesgo de TCA y competencias profesionales. Derivar si hay señales de alarma.
NUT2_R0676;NUT2_P053;NUT2_T010;NUT2_TA010;media;Adaptar a historia clínica declarada, medicación, analíticas, cultura, economía, preferencias, etapa vital, riesgo de TCA y competencias profesionales. Derivar si hay señales de alarma.
NUT2_R0677;NUT2_P053;NUT2_T010;NUT2_TA074;media;Adaptar a historia clínica declarada, medicación, analíticas, cultura, economía, preferencias, etapa vital, riesgo de TCA y competencias profesionales. Derivar si hay señales de alarma.
NUT2_R0678;NUT2_P053;NUT2_T011;NUT2_TA011;media;Adaptar a historia clínica declarada, medicación, analíticas, cultura, economía, preferencias, etapa vital, riesgo de TCA y competencias profesionales. Derivar si hay señales de alarma.
NUT2_R0679;NUT2_P053;NUT2_T012;NUT2_TA012;media;Adaptar a historia clínica declarada, medicación, analíticas, cultura, economía, preferencias, etapa vital, riesgo de TCA y competencias profesionales. Derivar si hay señales de alarma.
NUT2_R0680;NUT2_P053;NUT2_T054;NUT2_TA042;media;Adaptar a historia clínica declarada, medicación, analíticas, cultura, economía, preferencias, etapa vital, riesgo de TCA y competencias profesionales. Derivar si hay señales de alarma.
NUT2_R0681;NUT2_P053;NUT2_T054;NUT2_TA065;media;Adaptar a historia clínica declarada, medicación, analíticas, cultura, economía, preferencias, etapa vital, riesgo de TCA y competencias profesionales. Derivar si hay señales de alarma.
NUT2_R0682;NUT2_P053;NUT2_T054;NUT2_TA066;media;Adaptar a historia clínica declarada, medicación, analíticas, cultura, economía, preferencias, etapa vital, riesgo de TCA y competencias profesionales. Derivar si hay señales de alarma.
NUT2_R0683;NUT2_P053;NUT2_T055;NUT2_TA043;media;Adaptar a historia clínica declarada, medicación, analíticas, cultura, economía, preferencias, etapa vital, riesgo de TCA y competencias profesionales. Derivar si hay señales de alarma.
NUT2_R0684;NUT2_P053;NUT2_T051;NUT2_TA044;media;Adaptar a historia clínica declarada, medicación, analíticas, cultura, economía, preferencias, etapa vital, riesgo de TCA y competencias profesionales. Derivar si hay señales de alarma.
NUT2_R0685;NUT2_P054;NUT2_T009;NUT2_TA009;media;Adaptar a historia clínica declarada, medicación, analíticas, cultura, economía, preferencias, etapa vital, riesgo de TCA y competencias profesionales. Derivar si hay señales de alarma.
NUT2_R0686;NUT2_P054;NUT2_T010;NUT2_TA010;media;Adaptar a historia clínica declarada, medicación, analíticas, cultura, economía, preferencias, etapa vital, riesgo de TCA y competencias profesionales. Derivar si hay señales de alarma.
NUT2_R0687;NUT2_P054;NUT2_T010;NUT2_TA074;media;Adaptar a historia clínica declarada, medicación, analíticas, cultura, economía, preferencias, etapa vital, riesgo de TCA y competencias profesionales. Derivar si hay señales de alarma.
NUT2_R0688;NUT2_P054;NUT2_T011;NUT2_TA011;media;Adaptar a historia clínica declarada, medicación, analíticas, cultura, economía, preferencias, etapa vital, riesgo de TCA y competencias profesionales. Derivar si hay señales de alarma.
NUT2_R0689;NUT2_P054;NUT2_T012;NUT2_TA012;media;Adaptar a historia clínica declarada, medicación, analíticas, cultura, economía, preferencias, etapa vital, riesgo de TCA y competencias profesionales. Derivar si hay señales de alarma.
NUT2_R0690;NUT2_P054;NUT2_T054;NUT2_TA042;media;Adaptar a historia clínica declarada, medicación, analíticas, cultura, economía, preferencias, etapa vital, riesgo de TCA y competencias profesionales. Derivar si hay señales de alarma.
NUT2_R0691;NUT2_P054;NUT2_T054;NUT2_TA065;media;Adaptar a historia clínica declarada, medicación, analíticas, cultura, economía, preferencias, etapa vital, riesgo de TCA y competencias profesionales. Derivar si hay señales de alarma.
NUT2_R0692;NUT2_P054;NUT2_T054;NUT2_TA066;media;Adaptar a historia clínica declarada, medicación, analíticas, cultura, economía, preferencias, etapa vital, riesgo de TCA y competencias profesionales. Derivar si hay señales de alarma.
NUT2_R0693;NUT2_P054;NUT2_T055;NUT2_TA043;media;Adaptar a historia clínica declarada, medicación, analíticas, cultura, economía, preferencias, etapa vital, riesgo de TCA y competencias profesionales. Derivar si hay señales de alarma.
NUT2_R0694;NUT2_P054;NUT2_T051;NUT2_TA044;media;Adaptar a historia clínica declarada, medicación, analíticas, cultura, economía, preferencias, etapa vital, riesgo de TCA y competencias profesionales. Derivar si hay señales de alarma.
NUT2_R0695;NUT2_P055;NUT2_T009;NUT2_TA009;media;Adaptar a historia clínica declarada, medicación, analíticas, cultura, economía, preferencias, etapa vital, riesgo de TCA y competencias profesionales. Derivar si hay señales de alarma.
NUT2_R0696;NUT2_P055;NUT2_T010;NUT2_TA010;media;Adaptar a historia clínica declarada, medicación, analíticas, cultura, economía, preferencias, etapa vital, riesgo de TCA y competencias profesionales. Derivar si hay señales de alarma.
NUT2_R0697;NUT2_P055;NUT2_T010;NUT2_TA074;media;Adaptar a historia clínica declarada, medicación, analíticas, cultura, economía, preferencias, etapa vital, riesgo de TCA y competencias profesionales. Derivar si hay señales de alarma.
NUT2_R0698;NUT2_P055;NUT2_T011;NUT2_TA011;media;Adaptar a historia clínica declarada, medicación, analíticas, cultura, economía, preferencias, etapa vital, riesgo de TCA y competencias profesionales. Derivar si hay señales de alarma.
NUT2_R0699;NUT2_P055;NUT2_T012;NUT2_TA012;media;Adaptar a historia clínica declarada, medicación, analíticas, cultura, economía, preferencias, etapa vital, riesgo de TCA y competencias profesionales. Derivar si hay señales de alarma.
NUT2_R0700;NUT2_P055;NUT2_T054;NUT2_TA042;media;Adaptar a historia clínica declarada, medicación, analíticas, cultura, economía, preferencias, etapa vital, riesgo de TCA y competencias profesionales. Derivar si hay señales de alarma.
NUT2_R0701;NUT2_P055;NUT2_T054;NUT2_TA065;media;Adaptar a historia clínica declarada, medicación, analíticas, cultura, economía, preferencias, etapa vital, riesgo de TCA y competencias profesionales. Derivar si hay señales de alarma.
NUT2_R0702;NUT2_P055;NUT2_T054;NUT2_TA066;media;Adaptar a historia clínica declarada, medicación, analíticas, cultura, economía, preferencias, etapa vital, riesgo de TCA y competencias profesionales. Derivar si hay señales de alarma.
NUT2_R0703;NUT2_P055;NUT2_T055;NUT2_TA043;media;Adaptar a historia clínica declarada, medicación, analíticas, cultura, economía, preferencias, etapa vital, riesgo de TCA y competencias profesionales. Derivar si hay señales de alarma.
NUT2_R0704;NUT2_P055;NUT2_T051;NUT2_TA044;media;Adaptar a historia clínica declarada, medicación, analíticas, cultura, economía, preferencias, etapa vital, riesgo de TCA y competencias profesionales. Derivar si hay señales de alarma.
NUT2_R0705;NUT2_P056;NUT2_T009;NUT2_TA009;media;Adaptar a historia clínica declarada, medicación, analíticas, cultura, economía, preferencias, etapa vital, riesgo de TCA y competencias profesionales. Derivar si hay señales de alarma.
NUT2_R0706;NUT2_P056;NUT2_T010;NUT2_TA010;media;Adaptar a historia clínica declarada, medicación, analíticas, cultura, economía, preferencias, etapa vital, riesgo de TCA y competencias profesionales. Derivar si hay señales de alarma.
NUT2_R0707;NUT2_P056;NUT2_T010;NUT2_TA074;media;Adaptar a historia clínica declarada, medicación, analíticas, cultura, economía, preferencias, etapa vital, riesgo de TCA y competencias profesionales. Derivar si hay señales de alarma.
NUT2_R0708;NUT2_P056;NUT2_T011;NUT2_TA011;media;Adaptar a historia clínica declarada, medicación, analíticas, cultura, economía, preferencias, etapa vital, riesgo de TCA y competencias profesionales. Derivar si hay señales de alarma.
NUT2_R0709;NUT2_P056;NUT2_T012;NUT2_TA012;media;Adaptar a historia clínica declarada, medicación, analíticas, cultura, economía, preferencias, etapa vital, riesgo de TCA y competencias profesionales. Derivar si hay señales de alarma.
NUT2_R0710;NUT2_P056;NUT2_T054;NUT2_TA042;media;Adaptar a historia clínica declarada, medicación, analíticas, cultura, economía, preferencias, etapa vital, riesgo de TCA y competencias profesionales. Derivar si hay señales de alarma.
NUT2_R0711;NUT2_P056;NUT2_T054;NUT2_TA065;media;Adaptar a historia clínica declarada, medicación, analíticas, cultura, economía, preferencias, etapa vital, riesgo de TCA y competencias profesionales. Derivar si hay señales de alarma.
NUT2_R0712;NUT2_P056;NUT2_T054;NUT2_TA066;media;Adaptar a historia clínica declarada, medicación, analíticas, cultura, economía, preferencias, etapa vital, riesgo de TCA y competencias profesionales. Derivar si hay señales de alarma.
NUT2_R0713;NUT2_P056;NUT2_T055;NUT2_TA043;media;Adaptar a historia clínica declarada, medicación, analíticas, cultura, economía, preferencias, etapa vital, riesgo de TCA y competencias profesionales. Derivar si hay señales de alarma.
NUT2_R0714;NUT2_P056;NUT2_T051;NUT2_TA044;media;Adaptar a historia clínica declarada, medicación, analíticas, cultura, economía, preferencias, etapa vital, riesgo de TCA y competencias profesionales. Derivar si hay señales de alarma.
NUT2_R0715;NUT2_P057;NUT2_T043;NUT2_TA051;media;Adaptar a historia clínica declarada, medicación, analíticas, cultura, economía, preferencias, etapa vital, riesgo de TCA y competencias profesionales. Derivar si hay señales de alarma.
NUT2_R0716;NUT2_P057;NUT2_T043;NUT2_TA069;media;Adaptar a historia clínica declarada, medicación, analíticas, cultura, economía, preferencias, etapa vital, riesgo de TCA y competencias profesionales. Derivar si hay señales de alarma.
NUT2_R0717;NUT2_P057;NUT2_T044;NUT2_TA052;alta;Adaptar a historia clínica declarada, medicación, analíticas, cultura, economía, preferencias, etapa vital, riesgo de TCA y competencias profesionales. Derivar si hay señales de alarma.
NUT2_R0718;NUT2_P057;NUT2_T044;NUT2_TA053;alta;Adaptar a historia clínica declarada, medicación, analíticas, cultura, economía, preferencias, etapa vital, riesgo de TCA y competencias profesionales. Derivar si hay señales de alarma.
NUT2_R0719;NUT2_P057;NUT2_T045;NUT2_TA054;alta;Adaptar a historia clínica declarada, medicación, analíticas, cultura, economía, preferencias, etapa vital, riesgo de TCA y competencias profesionales. Derivar si hay señales de alarma.
NUT2_R0720;NUT2_P057;NUT2_T017;NUT2_TA018;alta;Adaptar a historia clínica declarada, medicación, analíticas, cultura, economía, preferencias, etapa vital, riesgo de TCA y competencias profesionales. Derivar si hay señales de alarma.
NUT2_R0721;NUT2_P057;NUT2_T038;NUT2_TA045;media;Adaptar a historia clínica declarada, medicación, analíticas, cultura, economía, preferencias, etapa vital, riesgo de TCA y competencias profesionales. Derivar si hay señales de alarma.
NUT2_R0722;NUT2_P057;NUT2_T056;NUT2_TA062;alta;Adaptar a historia clínica declarada, medicación, analíticas, cultura, economía, preferencias, etapa vital, riesgo de TCA y competencias profesionales. Derivar si hay señales de alarma.
NUT2_R0723;NUT2_P057;NUT2_T056;NUT2_TA085;alta;Adaptar a historia clínica declarada, medicación, analíticas, cultura, economía, preferencias, etapa vital, riesgo de TCA y competencias profesionales. Derivar si hay señales de alarma.
NUT2_R0724;NUT2_P058;NUT2_T043;NUT2_TA051;media;Adaptar a historia clínica declarada, medicación, analíticas, cultura, economía, preferencias, etapa vital, riesgo de TCA y competencias profesionales. Derivar si hay señales de alarma.
NUT2_R0725;NUT2_P058;NUT2_T043;NUT2_TA069;media;Adaptar a historia clínica declarada, medicación, analíticas, cultura, economía, preferencias, etapa vital, riesgo de TCA y competencias profesionales. Derivar si hay señales de alarma.
NUT2_R0726;NUT2_P058;NUT2_T044;NUT2_TA052;alta;Adaptar a historia clínica declarada, medicación, analíticas, cultura, economía, preferencias, etapa vital, riesgo de TCA y competencias profesionales. Derivar si hay señales de alarma.
NUT2_R0727;NUT2_P058;NUT2_T044;NUT2_TA053;alta;Adaptar a historia clínica declarada, medicación, analíticas, cultura, economía, preferencias, etapa vital, riesgo de TCA y competencias profesionales. Derivar si hay señales de alarma.
NUT2_R0728;NUT2_P058;NUT2_T045;NUT2_TA054;alta;Adaptar a historia clínica declarada, medicación, analíticas, cultura, economía, preferencias, etapa vital, riesgo de TCA y competencias profesionales. Derivar si hay señales de alarma.
NUT2_R0729;NUT2_P058;NUT2_T017;NUT2_TA018;alta;Adaptar a historia clínica declarada, medicación, analíticas, cultura, economía, preferencias, etapa vital, riesgo de TCA y competencias profesionales. Derivar si hay señales de alarma.
NUT2_R0730;NUT2_P058;NUT2_T038;NUT2_TA045;media;Adaptar a historia clínica declarada, medicación, analíticas, cultura, economía, preferencias, etapa vital, riesgo de TCA y competencias profesionales. Derivar si hay señales de alarma.
NUT2_R0731;NUT2_P058;NUT2_T056;NUT2_TA062;alta;Adaptar a historia clínica declarada, medicación, analíticas, cultura, economía, preferencias, etapa vital, riesgo de TCA y competencias profesionales. Derivar si hay señales de alarma.
NUT2_R0732;NUT2_P058;NUT2_T056;NUT2_TA085;alta;Adaptar a historia clínica declarada, medicación, analíticas, cultura, economía, preferencias, etapa vital, riesgo de TCA y competencias profesionales. Derivar si hay señales de alarma.
NUT2_R0733;NUT2_P059;NUT2_T043;NUT2_TA051;media;Adaptar a historia clínica declarada, medicación, analíticas, cultura, economía, preferencias, etapa vital, riesgo de TCA y competencias profesionales. Derivar si hay señales de alarma.
NUT2_R0734;NUT2_P059;NUT2_T043;NUT2_TA069;media;Adaptar a historia clínica declarada, medicación, analíticas, cultura, economía, preferencias, etapa vital, riesgo de TCA y competencias profesionales. Derivar si hay señales de alarma.
NUT2_R0735;NUT2_P059;NUT2_T044;NUT2_TA052;alta;Adaptar a historia clínica declarada, medicación, analíticas, cultura, economía, preferencias, etapa vital, riesgo de TCA y competencias profesionales. Derivar si hay señales de alarma.
NUT2_R0736;NUT2_P059;NUT2_T044;NUT2_TA053;alta;Adaptar a historia clínica declarada, medicación, analíticas, cultura, economía, preferencias, etapa vital, riesgo de TCA y competencias profesionales. Derivar si hay señales de alarma.
NUT2_R0737;NUT2_P059;NUT2_T045;NUT2_TA054;alta;Adaptar a historia clínica declarada, medicación, analíticas, cultura, economía, preferencias, etapa vital, riesgo de TCA y competencias profesionales. Derivar si hay señales de alarma.
NUT2_R0738;NUT2_P059;NUT2_T017;NUT2_TA018;alta;Adaptar a historia clínica declarada, medicación, analíticas, cultura, economía, preferencias, etapa vital, riesgo de TCA y competencias profesionales. Derivar si hay señales de alarma.
NUT2_R0739;NUT2_P059;NUT2_T038;NUT2_TA045;media;Adaptar a historia clínica declarada, medicación, analíticas, cultura, economía, preferencias, etapa vital, riesgo de TCA y competencias profesionales. Derivar si hay señales de alarma.
NUT2_R0740;NUT2_P059;NUT2_T056;NUT2_TA062;alta;Adaptar a historia clínica declarada, medicación, analíticas, cultura, economía, preferencias, etapa vital, riesgo de TCA y competencias profesionales. Derivar si hay señales de alarma.
NUT2_R0741;NUT2_P059;NUT2_T056;NUT2_TA085;alta;Adaptar a historia clínica declarada, medicación, analíticas, cultura, economía, preferencias, etapa vital, riesgo de TCA y competencias profesionales. Derivar si hay señales de alarma.
NUT2_R0742;NUT2_P060;NUT2_T043;NUT2_TA051;media;Adaptar a historia clínica declarada, medicación, analíticas, cultura, economía, preferencias, etapa vital, riesgo de TCA y competencias profesionales. Derivar si hay señales de alarma.
NUT2_R0743;NUT2_P060;NUT2_T043;NUT2_TA069;media;Adaptar a historia clínica declarada, medicación, analíticas, cultura, economía, preferencias, etapa vital, riesgo de TCA y competencias profesionales. Derivar si hay señales de alarma.
NUT2_R0744;NUT2_P060;NUT2_T044;NUT2_TA052;alta;Adaptar a historia clínica declarada, medicación, analíticas, cultura, economía, preferencias, etapa vital, riesgo de TCA y competencias profesionales. Derivar si hay señales de alarma.
NUT2_R0745;NUT2_P060;NUT2_T044;NUT2_TA053;alta;Adaptar a historia clínica declarada, medicación, analíticas, cultura, economía, preferencias, etapa vital, riesgo de TCA y competencias profesionales. Derivar si hay señales de alarma.
NUT2_R0746;NUT2_P060;NUT2_T045;NUT2_TA054;alta;Adaptar a historia clínica declarada, medicación, analíticas, cultura, economía, preferencias, etapa vital, riesgo de TCA y competencias profesionales. Derivar si hay señales de alarma.
NUT2_R0747;NUT2_P060;NUT2_T017;NUT2_TA018;alta;Adaptar a historia clínica declarada, medicación, analíticas, cultura, economía, preferencias, etapa vital, riesgo de TCA y competencias profesionales. Derivar si hay señales de alarma.
NUT2_R0748;NUT2_P060;NUT2_T038;NUT2_TA045;media;Adaptar a historia clínica declarada, medicación, analíticas, cultura, economía, preferencias, etapa vital, riesgo de TCA y competencias profesionales. Derivar si hay señales de alarma.
NUT2_R0749;NUT2_P060;NUT2_T056;NUT2_TA062;alta;Adaptar a historia clínica declarada, medicación, analíticas, cultura, economía, preferencias, etapa vital, riesgo de TCA y competencias profesionales. Derivar si hay señales de alarma.
NUT2_R0750;NUT2_P060;NUT2_T056;NUT2_TA085;alta;Adaptar a historia clínica declarada, medicación, analíticas, cultura, economía, preferencias, etapa vital, riesgo de TCA y competencias profesionales. Derivar si hay señales de alarma.
NUT2_R0751;NUT2_P061;NUT2_T043;NUT2_TA051;media;Adaptar a historia clínica declarada, medicación, analíticas, cultura, economía, preferencias, etapa vital, riesgo de TCA y competencias profesionales. Derivar si hay señales de alarma.
NUT2_R0752;NUT2_P061;NUT2_T043;NUT2_TA069;media;Adaptar a historia clínica declarada, medicación, analíticas, cultura, economía, preferencias, etapa vital, riesgo de TCA y competencias profesionales. Derivar si hay señales de alarma.
NUT2_R0753;NUT2_P061;NUT2_T044;NUT2_TA052;alta;Adaptar a historia clínica declarada, medicación, analíticas, cultura, economía, preferencias, etapa vital, riesgo de TCA y competencias profesionales. Derivar si hay señales de alarma.
NUT2_R0754;NUT2_P061;NUT2_T044;NUT2_TA053;alta;Adaptar a historia clínica declarada, medicación, analíticas, cultura, economía, preferencias, etapa vital, riesgo de TCA y competencias profesionales. Derivar si hay señales de alarma.
NUT2_R0755;NUT2_P061;NUT2_T045;NUT2_TA054;alta;Adaptar a historia clínica declarada, medicación, analíticas, cultura, economía, preferencias, etapa vital, riesgo de TCA y competencias profesionales. Derivar si hay señales de alarma.
NUT2_R0756;NUT2_P061;NUT2_T017;NUT2_TA018;alta;Adaptar a historia clínica declarada, medicación, analíticas, cultura, economía, preferencias, etapa vital, riesgo de TCA y competencias profesionales. Derivar si hay señales de alarma.
NUT2_R0757;NUT2_P061;NUT2_T038;NUT2_TA045;media;Adaptar a historia clínica declarada, medicación, analíticas, cultura, economía, preferencias, etapa vital, riesgo de TCA y competencias profesionales. Derivar si hay señales de alarma.
NUT2_R0758;NUT2_P061;NUT2_T056;NUT2_TA062;alta;Adaptar a historia clínica declarada, medicación, analíticas, cultura, economía, preferencias, etapa vital, riesgo de TCA y competencias profesionales. Derivar si hay señales de alarma.
NUT2_R0759;NUT2_P061;NUT2_T056;NUT2_TA085;alta;Adaptar a historia clínica declarada, medicación, analíticas, cultura, economía, preferencias, etapa vital, riesgo de TCA y competencias profesionales. Derivar si hay señales de alarma.
NUT2_R0760;NUT2_P062;NUT2_T043;NUT2_TA051;media;Adaptar a historia clínica declarada, medicación, analíticas, cultura, economía, preferencias, etapa vital, riesgo de TCA y competencias profesionales. Derivar si hay señales de alarma.
NUT2_R0761;NUT2_P062;NUT2_T043;NUT2_TA069;media;Adaptar a historia clínica declarada, medicación, analíticas, cultura, economía, preferencias, etapa vital, riesgo de TCA y competencias profesionales. Derivar si hay señales de alarma.
NUT2_R0762;NUT2_P062;NUT2_T044;NUT2_TA052;alta;Adaptar a historia clínica declarada, medicación, analíticas, cultura, economía, preferencias, etapa vital, riesgo de TCA y competencias profesionales. Derivar si hay señales de alarma.
NUT2_R0763;NUT2_P062;NUT2_T044;NUT2_TA053;alta;Adaptar a historia clínica declarada, medicación, analíticas, cultura, economía, preferencias, etapa vital, riesgo de TCA y competencias profesionales. Derivar si hay señales de alarma.
NUT2_R0764;NUT2_P062;NUT2_T045;NUT2_TA054;alta;Adaptar a historia clínica declarada, medicación, analíticas, cultura, economía, preferencias, etapa vital, riesgo de TCA y competencias profesionales. Derivar si hay señales de alarma.
NUT2_R0765;NUT2_P062;NUT2_T017;NUT2_TA018;alta;Adaptar a historia clínica declarada, medicación, analíticas, cultura, economía, preferencias, etapa vital, riesgo de TCA y competencias profesionales. Derivar si hay señales de alarma.
NUT2_R0766;NUT2_P062;NUT2_T038;NUT2_TA045;media;Adaptar a historia clínica declarada, medicación, analíticas, cultura, economía, preferencias, etapa vital, riesgo de TCA y competencias profesionales. Derivar si hay señales de alarma.
NUT2_R0767;NUT2_P062;NUT2_T056;NUT2_TA062;alta;Adaptar a historia clínica declarada, medicación, analíticas, cultura, economía, preferencias, etapa vital, riesgo de TCA y competencias profesionales. Derivar si hay señales de alarma.
NUT2_R0768;NUT2_P062;NUT2_T056;NUT2_TA085;alta;Adaptar a historia clínica declarada, medicación, analíticas, cultura, economía, preferencias, etapa vital, riesgo de TCA y competencias profesionales. Derivar si hay señales de alarma.
NUT2_R0769;NUT2_P063;NUT2_T041;NUT2_TA048;media;Adaptar a historia clínica declarada, medicación, analíticas, cultura, economía, preferencias, etapa vital, riesgo de TCA y competencias profesionales. Derivar si hay señales de alarma.
NUT2_R0770;NUT2_P063;NUT2_T041;NUT2_TA049;media;Adaptar a historia clínica declarada, medicación, analíticas, cultura, economía, preferencias, etapa vital, riesgo de TCA y competencias profesionales. Derivar si hay señales de alarma.
NUT2_R0771;NUT2_P063;NUT2_T042;NUT2_TA050;media;Adaptar a historia clínica declarada, medicación, analíticas, cultura, economía, preferencias, etapa vital, riesgo de TCA y competencias profesionales. Derivar si hay señales de alarma.
NUT2_R0772;NUT2_P063;NUT2_T032;NUT2_TA035;alta;Adaptar a historia clínica declarada, medicación, analíticas, cultura, economía, preferencias, etapa vital, riesgo de TCA y competencias profesionales. Derivar si hay señales de alarma.
NUT2_R0773;NUT2_P063;NUT2_T031;NUT2_TA034;media;Adaptar a historia clínica declarada, medicación, analíticas, cultura, economía, preferencias, etapa vital, riesgo de TCA y competencias profesionales. Derivar si hay señales de alarma.
NUT2_R0774;NUT2_P063;NUT2_T046;NUT2_TA055;media;Adaptar a historia clínica declarada, medicación, analíticas, cultura, economía, preferencias, etapa vital, riesgo de TCA y competencias profesionales. Derivar si hay señales de alarma.
NUT2_R0775;NUT2_P063;NUT2_T046;NUT2_TA079;media;Adaptar a historia clínica declarada, medicación, analíticas, cultura, economía, preferencias, etapa vital, riesgo de TCA y competencias profesionales. Derivar si hay señales de alarma.
NUT2_R0776;NUT2_P063;NUT2_T056;NUT2_TA062;alta;Adaptar a historia clínica declarada, medicación, analíticas, cultura, economía, preferencias, etapa vital, riesgo de TCA y competencias profesionales. Derivar si hay señales de alarma.
NUT2_R0777;NUT2_P063;NUT2_T056;NUT2_TA085;alta;Adaptar a historia clínica declarada, medicación, analíticas, cultura, economía, preferencias, etapa vital, riesgo de TCA y competencias profesionales. Derivar si hay señales de alarma.
NUT2_R0778;NUT2_P064;NUT2_T041;NUT2_TA048;media;Adaptar a historia clínica declarada, medicación, analíticas, cultura, economía, preferencias, etapa vital, riesgo de TCA y competencias profesionales. Derivar si hay señales de alarma.
NUT2_R0779;NUT2_P064;NUT2_T041;NUT2_TA049;media;Adaptar a historia clínica declarada, medicación, analíticas, cultura, economía, preferencias, etapa vital, riesgo de TCA y competencias profesionales. Derivar si hay señales de alarma.
NUT2_R0780;NUT2_P064;NUT2_T042;NUT2_TA050;media;Adaptar a historia clínica declarada, medicación, analíticas, cultura, economía, preferencias, etapa vital, riesgo de TCA y competencias profesionales. Derivar si hay señales de alarma.
NUT2_R0781;NUT2_P064;NUT2_T032;NUT2_TA035;alta;Adaptar a historia clínica declarada, medicación, analíticas, cultura, economía, preferencias, etapa vital, riesgo de TCA y competencias profesionales. Derivar si hay señales de alarma.
NUT2_R0782;NUT2_P064;NUT2_T031;NUT2_TA034;media;Adaptar a historia clínica declarada, medicación, analíticas, cultura, economía, preferencias, etapa vital, riesgo de TCA y competencias profesionales. Derivar si hay señales de alarma.
NUT2_R0783;NUT2_P064;NUT2_T046;NUT2_TA055;media;Adaptar a historia clínica declarada, medicación, analíticas, cultura, economía, preferencias, etapa vital, riesgo de TCA y competencias profesionales. Derivar si hay señales de alarma.
NUT2_R0784;NUT2_P064;NUT2_T046;NUT2_TA079;media;Adaptar a historia clínica declarada, medicación, analíticas, cultura, economía, preferencias, etapa vital, riesgo de TCA y competencias profesionales. Derivar si hay señales de alarma.
NUT2_R0785;NUT2_P064;NUT2_T056;NUT2_TA062;alta;Adaptar a historia clínica declarada, medicación, analíticas, cultura, economía, preferencias, etapa vital, riesgo de TCA y competencias profesionales. Derivar si hay señales de alarma.
NUT2_R0786;NUT2_P064;NUT2_T056;NUT2_TA085;alta;Adaptar a historia clínica declarada, medicación, analíticas, cultura, economía, preferencias, etapa vital, riesgo de TCA y competencias profesionales. Derivar si hay señales de alarma.
NUT2_R0787;NUT2_P065;NUT2_T041;NUT2_TA048;media;Adaptar a historia clínica declarada, medicación, analíticas, cultura, economía, preferencias, etapa vital, riesgo de TCA y competencias profesionales. Derivar si hay señales de alarma.
NUT2_R0788;NUT2_P065;NUT2_T041;NUT2_TA049;media;Adaptar a historia clínica declarada, medicación, analíticas, cultura, economía, preferencias, etapa vital, riesgo de TCA y competencias profesionales. Derivar si hay señales de alarma.
NUT2_R0789;NUT2_P065;NUT2_T042;NUT2_TA050;media;Adaptar a historia clínica declarada, medicación, analíticas, cultura, economía, preferencias, etapa vital, riesgo de TCA y competencias profesionales. Derivar si hay señales de alarma.
NUT2_R0790;NUT2_P065;NUT2_T032;NUT2_TA035;alta;Adaptar a historia clínica declarada, medicación, analíticas, cultura, economía, preferencias, etapa vital, riesgo de TCA y competencias profesionales. Derivar si hay señales de alarma.
NUT2_R0791;NUT2_P065;NUT2_T031;NUT2_TA034;media;Adaptar a historia clínica declarada, medicación, analíticas, cultura, economía, preferencias, etapa vital, riesgo de TCA y competencias profesionales. Derivar si hay señales de alarma.
NUT2_R0792;NUT2_P065;NUT2_T046;NUT2_TA055;media;Adaptar a historia clínica declarada, medicación, analíticas, cultura, economía, preferencias, etapa vital, riesgo de TCA y competencias profesionales. Derivar si hay señales de alarma.
NUT2_R0793;NUT2_P065;NUT2_T046;NUT2_TA079;media;Adaptar a historia clínica declarada, medicación, analíticas, cultura, economía, preferencias, etapa vital, riesgo de TCA y competencias profesionales. Derivar si hay señales de alarma.
NUT2_R0794;NUT2_P065;NUT2_T056;NUT2_TA062;alta;Adaptar a historia clínica declarada, medicación, analíticas, cultura, economía, preferencias, etapa vital, riesgo de TCA y competencias profesionales. Derivar si hay señales de alarma.
NUT2_R0795;NUT2_P065;NUT2_T056;NUT2_TA085;alta;Adaptar a historia clínica declarada, medicación, analíticas, cultura, economía, preferencias, etapa vital, riesgo de TCA y competencias profesionales. Derivar si hay señales de alarma.
NUT2_R0796;NUT2_P066;NUT2_T041;NUT2_TA048;media;Adaptar a historia clínica declarada, medicación, analíticas, cultura, economía, preferencias, etapa vital, riesgo de TCA y competencias profesionales. Derivar si hay señales de alarma.
NUT2_R0797;NUT2_P066;NUT2_T041;NUT2_TA049;media;Adaptar a historia clínica declarada, medicación, analíticas, cultura, economía, preferencias, etapa vital, riesgo de TCA y competencias profesionales. Derivar si hay señales de alarma.
NUT2_R0798;NUT2_P066;NUT2_T042;NUT2_TA050;media;Adaptar a historia clínica declarada, medicación, analíticas, cultura, economía, preferencias, etapa vital, riesgo de TCA y competencias profesionales. Derivar si hay señales de alarma.
NUT2_R0799;NUT2_P066;NUT2_T032;NUT2_TA035;alta;Adaptar a historia clínica declarada, medicación, analíticas, cultura, economía, preferencias, etapa vital, riesgo de TCA y competencias profesionales. Derivar si hay señales de alarma.
NUT2_R0800;NUT2_P066;NUT2_T031;NUT2_TA034;media;Adaptar a historia clínica declarada, medicación, analíticas, cultura, economía, preferencias, etapa vital, riesgo de TCA y competencias profesionales. Derivar si hay señales de alarma.
NUT2_R0801;NUT2_P066;NUT2_T046;NUT2_TA055;media;Adaptar a historia clínica declarada, medicación, analíticas, cultura, economía, preferencias, etapa vital, riesgo de TCA y competencias profesionales. Derivar si hay señales de alarma.
NUT2_R0802;NUT2_P066;NUT2_T046;NUT2_TA079;media;Adaptar a historia clínica declarada, medicación, analíticas, cultura, economía, preferencias, etapa vital, riesgo de TCA y competencias profesionales. Derivar si hay señales de alarma.
NUT2_R0803;NUT2_P066;NUT2_T056;NUT2_TA062;alta;Adaptar a historia clínica declarada, medicación, analíticas, cultura, economía, preferencias, etapa vital, riesgo de TCA y competencias profesionales. Derivar si hay señales de alarma.
NUT2_R0804;NUT2_P066;NUT2_T056;NUT2_TA085;alta;Adaptar a historia clínica declarada, medicación, analíticas, cultura, economía, preferencias, etapa vital, riesgo de TCA y competencias profesionales. Derivar si hay señales de alarma.
NUT2_R0805;NUT2_P067;NUT2_T041;NUT2_TA048;media;Adaptar a historia clínica declarada, medicación, analíticas, cultura, economía, preferencias, etapa vital, riesgo de TCA y competencias profesionales. Derivar si hay señales de alarma.
NUT2_R0806;NUT2_P067;NUT2_T041;NUT2_TA049;media;Adaptar a historia clínica declarada, medicación, analíticas, cultura, economía, preferencias, etapa vital, riesgo de TCA y competencias profesionales. Derivar si hay señales de alarma.
NUT2_R0807;NUT2_P067;NUT2_T042;NUT2_TA050;media;Adaptar a historia clínica declarada, medicación, analíticas, cultura, economía, preferencias, etapa vital, riesgo de TCA y competencias profesionales. Derivar si hay señales de alarma.
NUT2_R0808;NUT2_P067;NUT2_T032;NUT2_TA035;alta;Adaptar a historia clínica declarada, medicación, analíticas, cultura, economía, preferencias, etapa vital, riesgo de TCA y competencias profesionales. Derivar si hay señales de alarma.
NUT2_R0809;NUT2_P067;NUT2_T031;NUT2_TA034;media;Adaptar a historia clínica declarada, medicación, analíticas, cultura, economía, preferencias, etapa vital, riesgo de TCA y competencias profesionales. Derivar si hay señales de alarma.
NUT2_R0810;NUT2_P067;NUT2_T046;NUT2_TA055;media;Adaptar a historia clínica declarada, medicación, analíticas, cultura, economía, preferencias, etapa vital, riesgo de TCA y competencias profesionales. Derivar si hay señales de alarma.
NUT2_R0811;NUT2_P067;NUT2_T046;NUT2_TA079;media;Adaptar a historia clínica declarada, medicación, analíticas, cultura, economía, preferencias, etapa vital, riesgo de TCA y competencias profesionales. Derivar si hay señales de alarma.
NUT2_R0812;NUT2_P067;NUT2_T056;NUT2_TA062;alta;Adaptar a historia clínica declarada, medicación, analíticas, cultura, economía, preferencias, etapa vital, riesgo de TCA y competencias profesionales. Derivar si hay señales de alarma.
NUT2_R0813;NUT2_P067;NUT2_T056;NUT2_TA085;alta;Adaptar a historia clínica declarada, medicación, analíticas, cultura, economía, preferencias, etapa vital, riesgo de TCA y competencias profesionales. Derivar si hay señales de alarma.
NUT2_R0814;NUT2_P068;NUT2_T037;NUT2_TA041;alta;Adaptar a historia clínica declarada, medicación, analíticas, cultura, economía, preferencias, etapa vital, riesgo de TCA y competencias profesionales. Derivar si hay señales de alarma.
NUT2_R0815;NUT2_P068;NUT2_T044;NUT2_TA052;alta;Adaptar a historia clínica declarada, medicación, analíticas, cultura, economía, preferencias, etapa vital, riesgo de TCA y competencias profesionales. Derivar si hay señales de alarma.
NUT2_R0816;NUT2_P068;NUT2_T044;NUT2_TA053;alta;Adaptar a historia clínica declarada, medicación, analíticas, cultura, economía, preferencias, etapa vital, riesgo de TCA y competencias profesionales. Derivar si hay señales de alarma.
NUT2_R0817;NUT2_P068;NUT2_T046;NUT2_TA055;media;Adaptar a historia clínica declarada, medicación, analíticas, cultura, economía, preferencias, etapa vital, riesgo de TCA y competencias profesionales. Derivar si hay señales de alarma.
NUT2_R0818;NUT2_P068;NUT2_T046;NUT2_TA079;media;Adaptar a historia clínica declarada, medicación, analíticas, cultura, economía, preferencias, etapa vital, riesgo de TCA y competencias profesionales. Derivar si hay señales de alarma.
NUT2_R0819;NUT2_P068;NUT2_T056;NUT2_TA062;alta;Adaptar a historia clínica declarada, medicación, analíticas, cultura, economía, preferencias, etapa vital, riesgo de TCA y competencias profesionales. Derivar si hay señales de alarma.
NUT2_R0820;NUT2_P068;NUT2_T056;NUT2_TA085;alta;Adaptar a historia clínica declarada, medicación, analíticas, cultura, economía, preferencias, etapa vital, riesgo de TCA y competencias profesionales. Derivar si hay señales de alarma.
NUT2_R0821;NUT2_P068;NUT2_T001;NUT2_TA001;media;Adaptar a historia clínica declarada, medicación, analíticas, cultura, economía, preferencias, etapa vital, riesgo de TCA y competencias profesionales. Derivar si hay señales de alarma.
NUT2_R0822;NUT2_P068;NUT2_T052;NUT2_TA060;media;Adaptar a historia clínica declarada, medicación, analíticas, cultura, economía, preferencias, etapa vital, riesgo de TCA y competencias profesionales. Derivar si hay señales de alarma.
NUT2_R0823;NUT2_P068;NUT2_T052;NUT2_TA063;media;Adaptar a historia clínica declarada, medicación, analíticas, cultura, economía, preferencias, etapa vital, riesgo de TCA y competencias profesionales. Derivar si hay señales de alarma.
NUT2_R0824;NUT2_P069;NUT2_T037;NUT2_TA041;alta;Adaptar a historia clínica declarada, medicación, analíticas, cultura, economía, preferencias, etapa vital, riesgo de TCA y competencias profesionales. Derivar si hay señales de alarma.
NUT2_R0825;NUT2_P069;NUT2_T044;NUT2_TA052;alta;Adaptar a historia clínica declarada, medicación, analíticas, cultura, economía, preferencias, etapa vital, riesgo de TCA y competencias profesionales. Derivar si hay señales de alarma.
NUT2_R0826;NUT2_P069;NUT2_T044;NUT2_TA053;alta;Adaptar a historia clínica declarada, medicación, analíticas, cultura, economía, preferencias, etapa vital, riesgo de TCA y competencias profesionales. Derivar si hay señales de alarma.
NUT2_R0827;NUT2_P069;NUT2_T046;NUT2_TA055;media;Adaptar a historia clínica declarada, medicación, analíticas, cultura, economía, preferencias, etapa vital, riesgo de TCA y competencias profesionales. Derivar si hay señales de alarma.
NUT2_R0828;NUT2_P069;NUT2_T046;NUT2_TA079;media;Adaptar a historia clínica declarada, medicación, analíticas, cultura, economía, preferencias, etapa vital, riesgo de TCA y competencias profesionales. Derivar si hay señales de alarma.
NUT2_R0829;NUT2_P069;NUT2_T056;NUT2_TA062;alta;Adaptar a historia clínica declarada, medicación, analíticas, cultura, economía, preferencias, etapa vital, riesgo de TCA y competencias profesionales. Derivar si hay señales de alarma.
NUT2_R0830;NUT2_P069;NUT2_T056;NUT2_TA085;alta;Adaptar a historia clínica declarada, medicación, analíticas, cultura, economía, preferencias, etapa vital, riesgo de TCA y competencias profesionales. Derivar si hay señales de alarma.
NUT2_R0831;NUT2_P069;NUT2_T001;NUT2_TA001;media;Adaptar a historia clínica declarada, medicación, analíticas, cultura, economía, preferencias, etapa vital, riesgo de TCA y competencias profesionales. Derivar si hay señales de alarma.
NUT2_R0832;NUT2_P069;NUT2_T052;NUT2_TA060;media;Adaptar a historia clínica declarada, medicación, analíticas, cultura, economía, preferencias, etapa vital, riesgo de TCA y competencias profesionales. Derivar si hay señales de alarma.
NUT2_R0833;NUT2_P069;NUT2_T052;NUT2_TA063;media;Adaptar a historia clínica declarada, medicación, analíticas, cultura, economía, preferencias, etapa vital, riesgo de TCA y competencias profesionales. Derivar si hay señales de alarma.
NUT2_R0834;NUT2_P070;NUT2_T037;NUT2_TA041;alta;Adaptar a historia clínica declarada, medicación, analíticas, cultura, economía, preferencias, etapa vital, riesgo de TCA y competencias profesionales. Derivar si hay señales de alarma.
NUT2_R0835;NUT2_P070;NUT2_T044;NUT2_TA052;alta;Adaptar a historia clínica declarada, medicación, analíticas, cultura, economía, preferencias, etapa vital, riesgo de TCA y competencias profesionales. Derivar si hay señales de alarma.
NUT2_R0836;NUT2_P070;NUT2_T044;NUT2_TA053;alta;Adaptar a historia clínica declarada, medicación, analíticas, cultura, economía, preferencias, etapa vital, riesgo de TCA y competencias profesionales. Derivar si hay señales de alarma.
NUT2_R0837;NUT2_P070;NUT2_T046;NUT2_TA055;media;Adaptar a historia clínica declarada, medicación, analíticas, cultura, economía, preferencias, etapa vital, riesgo de TCA y competencias profesionales. Derivar si hay señales de alarma.
NUT2_R0838;NUT2_P070;NUT2_T046;NUT2_TA079;media;Adaptar a historia clínica declarada, medicación, analíticas, cultura, economía, preferencias, etapa vital, riesgo de TCA y competencias profesionales. Derivar si hay señales de alarma.
NUT2_R0839;NUT2_P070;NUT2_T056;NUT2_TA062;alta;Adaptar a historia clínica declarada, medicación, analíticas, cultura, economía, preferencias, etapa vital, riesgo de TCA y competencias profesionales. Derivar si hay señales de alarma.
NUT2_R0840;NUT2_P070;NUT2_T056;NUT2_TA085;alta;Adaptar a historia clínica declarada, medicación, analíticas, cultura, economía, preferencias, etapa vital, riesgo de TCA y competencias profesionales. Derivar si hay señales de alarma.
NUT2_R0841;NUT2_P070;NUT2_T001;NUT2_TA001;media;Adaptar a historia clínica declarada, medicación, analíticas, cultura, economía, preferencias, etapa vital, riesgo de TCA y competencias profesionales. Derivar si hay señales de alarma.
NUT2_R0842;NUT2_P070;NUT2_T052;NUT2_TA060;media;Adaptar a historia clínica declarada, medicación, analíticas, cultura, economía, preferencias, etapa vital, riesgo de TCA y competencias profesionales. Derivar si hay señales de alarma.
NUT2_R0843;NUT2_P070;NUT2_T052;NUT2_TA063;media;Adaptar a historia clínica declarada, medicación, analíticas, cultura, economía, preferencias, etapa vital, riesgo de TCA y competencias profesionales. Derivar si hay señales de alarma.
NUT2_R0844;NUT2_P071;NUT2_T037;NUT2_TA041;alta;Adaptar a historia clínica declarada, medicación, analíticas, cultura, economía, preferencias, etapa vital, riesgo de TCA y competencias profesionales. Derivar si hay señales de alarma.
NUT2_R0845;NUT2_P071;NUT2_T044;NUT2_TA052;alta;Adaptar a historia clínica declarada, medicación, analíticas, cultura, economía, preferencias, etapa vital, riesgo de TCA y competencias profesionales. Derivar si hay señales de alarma.
NUT2_R0846;NUT2_P071;NUT2_T044;NUT2_TA053;alta;Adaptar a historia clínica declarada, medicación, analíticas, cultura, economía, preferencias, etapa vital, riesgo de TCA y competencias profesionales. Derivar si hay señales de alarma.
NUT2_R0847;NUT2_P071;NUT2_T046;NUT2_TA055;media;Adaptar a historia clínica declarada, medicación, analíticas, cultura, economía, preferencias, etapa vital, riesgo de TCA y competencias profesionales. Derivar si hay señales de alarma.
NUT2_R0848;NUT2_P071;NUT2_T046;NUT2_TA079;media;Adaptar a historia clínica declarada, medicación, analíticas, cultura, economía, preferencias, etapa vital, riesgo de TCA y competencias profesionales. Derivar si hay señales de alarma.
NUT2_R0849;NUT2_P071;NUT2_T056;NUT2_TA062;alta;Adaptar a historia clínica declarada, medicación, analíticas, cultura, economía, preferencias, etapa vital, riesgo de TCA y competencias profesionales. Derivar si hay señales de alarma.
NUT2_R0850;NUT2_P071;NUT2_T056;NUT2_TA085;alta;Adaptar a historia clínica declarada, medicación, analíticas, cultura, economía, preferencias, etapa vital, riesgo de TCA y competencias profesionales. Derivar si hay señales de alarma.
NUT2_R0851;NUT2_P071;NUT2_T001;NUT2_TA001;media;Adaptar a historia clínica declarada, medicación, analíticas, cultura, economía, preferencias, etapa vital, riesgo de TCA y competencias profesionales. Derivar si hay señales de alarma.
NUT2_R0852;NUT2_P071;NUT2_T052;NUT2_TA060;media;Adaptar a historia clínica declarada, medicación, analíticas, cultura, economía, preferencias, etapa vital, riesgo de TCA y competencias profesionales. Derivar si hay señales de alarma.
NUT2_R0853;NUT2_P071;NUT2_T052;NUT2_TA063;media;Adaptar a historia clínica declarada, medicación, analíticas, cultura, economía, preferencias, etapa vital, riesgo de TCA y competencias profesionales. Derivar si hay señales de alarma.
NUT2_R0854;NUT2_P072;NUT2_T037;NUT2_TA041;alta;Adaptar a historia clínica declarada, medicación, analíticas, cultura, economía, preferencias, etapa vital, riesgo de TCA y competencias profesionales. Derivar si hay señales de alarma.
NUT2_R0855;NUT2_P072;NUT2_T044;NUT2_TA052;alta;Adaptar a historia clínica declarada, medicación, analíticas, cultura, economía, preferencias, etapa vital, riesgo de TCA y competencias profesionales. Derivar si hay señales de alarma.
NUT2_R0856;NUT2_P072;NUT2_T044;NUT2_TA053;alta;Adaptar a historia clínica declarada, medicación, analíticas, cultura, economía, preferencias, etapa vital, riesgo de TCA y competencias profesionales. Derivar si hay señales de alarma.
NUT2_R0857;NUT2_P072;NUT2_T046;NUT2_TA055;media;Adaptar a historia clínica declarada, medicación, analíticas, cultura, economía, preferencias, etapa vital, riesgo de TCA y competencias profesionales. Derivar si hay señales de alarma.
NUT2_R0858;NUT2_P072;NUT2_T046;NUT2_TA079;media;Adaptar a historia clínica declarada, medicación, analíticas, cultura, economía, preferencias, etapa vital, riesgo de TCA y competencias profesionales. Derivar si hay señales de alarma.
NUT2_R0859;NUT2_P072;NUT2_T056;NUT2_TA062;alta;Adaptar a historia clínica declarada, medicación, analíticas, cultura, economía, preferencias, etapa vital, riesgo de TCA y competencias profesionales. Derivar si hay señales de alarma.
NUT2_R0860;NUT2_P072;NUT2_T056;NUT2_TA085;alta;Adaptar a historia clínica declarada, medicación, analíticas, cultura, economía, preferencias, etapa vital, riesgo de TCA y competencias profesionales. Derivar si hay señales de alarma.
NUT2_R0861;NUT2_P072;NUT2_T001;NUT2_TA001;media;Adaptar a historia clínica declarada, medicación, analíticas, cultura, economía, preferencias, etapa vital, riesgo de TCA y competencias profesionales. Derivar si hay señales de alarma.
NUT2_R0862;NUT2_P072;NUT2_T052;NUT2_TA060;media;Adaptar a historia clínica declarada, medicación, analíticas, cultura, economía, preferencias, etapa vital, riesgo de TCA y competencias profesionales. Derivar si hay señales de alarma.
NUT2_R0863;NUT2_P072;NUT2_T052;NUT2_TA063;media;Adaptar a historia clínica declarada, medicación, analíticas, cultura, economía, preferencias, etapa vital, riesgo de TCA y competencias profesionales. Derivar si hay señales de alarma.
NUT2_R0864;NUT2_P073;NUT2_T038;NUT2_TA045;media;Adaptar a historia clínica declarada, medicación, analíticas, cultura, economía, preferencias, etapa vital, riesgo de TCA y competencias profesionales. Derivar si hay señales de alarma.
NUT2_R0865;NUT2_P073;NUT2_T039;NUT2_TA046;media;Adaptar a historia clínica declarada, medicación, analíticas, cultura, economía, preferencias, etapa vital, riesgo de TCA y competencias profesionales. Derivar si hay señales de alarma.
NUT2_R0866;NUT2_P073;NUT2_T040;NUT2_TA047;media;Adaptar a historia clínica declarada, medicación, analíticas, cultura, economía, preferencias, etapa vital, riesgo de TCA y competencias profesionales. Derivar si hay señales de alarma.
NUT2_R0867;NUT2_P073;NUT2_T023;NUT2_TA024;media;Adaptar a historia clínica declarada, medicación, analíticas, cultura, economía, preferencias, etapa vital, riesgo de TCA y competencias profesionales. Derivar si hay señales de alarma.
NUT2_R0868;NUT2_P073;NUT2_T052;NUT2_TA060;media;Adaptar a historia clínica declarada, medicación, analíticas, cultura, economía, preferencias, etapa vital, riesgo de TCA y competencias profesionales. Derivar si hay señales de alarma.
NUT2_R0869;NUT2_P073;NUT2_T052;NUT2_TA063;media;Adaptar a historia clínica declarada, medicación, analíticas, cultura, economía, preferencias, etapa vital, riesgo de TCA y competencias profesionales. Derivar si hay señales de alarma.
NUT2_R0870;NUT2_P074;NUT2_T038;NUT2_TA045;media;Adaptar a historia clínica declarada, medicación, analíticas, cultura, economía, preferencias, etapa vital, riesgo de TCA y competencias profesionales. Derivar si hay señales de alarma.
NUT2_R0871;NUT2_P074;NUT2_T039;NUT2_TA046;media;Adaptar a historia clínica declarada, medicación, analíticas, cultura, economía, preferencias, etapa vital, riesgo de TCA y competencias profesionales. Derivar si hay señales de alarma.
NUT2_R0872;NUT2_P074;NUT2_T040;NUT2_TA047;media;Adaptar a historia clínica declarada, medicación, analíticas, cultura, economía, preferencias, etapa vital, riesgo de TCA y competencias profesionales. Derivar si hay señales de alarma.
NUT2_R0873;NUT2_P074;NUT2_T023;NUT2_TA024;media;Adaptar a historia clínica declarada, medicación, analíticas, cultura, economía, preferencias, etapa vital, riesgo de TCA y competencias profesionales. Derivar si hay señales de alarma.
NUT2_R0874;NUT2_P074;NUT2_T052;NUT2_TA060;media;Adaptar a historia clínica declarada, medicación, analíticas, cultura, economía, preferencias, etapa vital, riesgo de TCA y competencias profesionales. Derivar si hay señales de alarma.
NUT2_R0875;NUT2_P074;NUT2_T052;NUT2_TA063;media;Adaptar a historia clínica declarada, medicación, analíticas, cultura, economía, preferencias, etapa vital, riesgo de TCA y competencias profesionales. Derivar si hay señales de alarma.
NUT2_R0876;NUT2_P075;NUT2_T038;NUT2_TA045;media;Adaptar a historia clínica declarada, medicación, analíticas, cultura, economía, preferencias, etapa vital, riesgo de TCA y competencias profesionales. Derivar si hay señales de alarma.
NUT2_R0877;NUT2_P075;NUT2_T039;NUT2_TA046;media;Adaptar a historia clínica declarada, medicación, analíticas, cultura, economía, preferencias, etapa vital, riesgo de TCA y competencias profesionales. Derivar si hay señales de alarma.
NUT2_R0878;NUT2_P075;NUT2_T040;NUT2_TA047;media;Adaptar a historia clínica declarada, medicación, analíticas, cultura, economía, preferencias, etapa vital, riesgo de TCA y competencias profesionales. Derivar si hay señales de alarma.
NUT2_R0879;NUT2_P075;NUT2_T023;NUT2_TA024;media;Adaptar a historia clínica declarada, medicación, analíticas, cultura, economía, preferencias, etapa vital, riesgo de TCA y competencias profesionales. Derivar si hay señales de alarma.
NUT2_R0880;NUT2_P075;NUT2_T052;NUT2_TA060;media;Adaptar a historia clínica declarada, medicación, analíticas, cultura, economía, preferencias, etapa vital, riesgo de TCA y competencias profesionales. Derivar si hay señales de alarma.
NUT2_R0881;NUT2_P075;NUT2_T052;NUT2_TA063;media;Adaptar a historia clínica declarada, medicación, analíticas, cultura, economía, preferencias, etapa vital, riesgo de TCA y competencias profesionales. Derivar si hay señales de alarma.
NUT2_R0882;NUT2_P076;NUT2_T038;NUT2_TA045;media;Adaptar a historia clínica declarada, medicación, analíticas, cultura, economía, preferencias, etapa vital, riesgo de TCA y competencias profesionales. Derivar si hay señales de alarma.
NUT2_R0883;NUT2_P076;NUT2_T039;NUT2_TA046;media;Adaptar a historia clínica declarada, medicación, analíticas, cultura, economía, preferencias, etapa vital, riesgo de TCA y competencias profesionales. Derivar si hay señales de alarma.
NUT2_R0884;NUT2_P076;NUT2_T040;NUT2_TA047;media;Adaptar a historia clínica declarada, medicación, analíticas, cultura, economía, preferencias, etapa vital, riesgo de TCA y competencias profesionales. Derivar si hay señales de alarma.
NUT2_R0885;NUT2_P076;NUT2_T023;NUT2_TA024;media;Adaptar a historia clínica declarada, medicación, analíticas, cultura, economía, preferencias, etapa vital, riesgo de TCA y competencias profesionales. Derivar si hay señales de alarma.
NUT2_R0886;NUT2_P076;NUT2_T052;NUT2_TA060;media;Adaptar a historia clínica declarada, medicación, analíticas, cultura, economía, preferencias, etapa vital, riesgo de TCA y competencias profesionales. Derivar si hay señales de alarma.
NUT2_R0887;NUT2_P076;NUT2_T052;NUT2_TA063;media;Adaptar a historia clínica declarada, medicación, analíticas, cultura, economía, preferencias, etapa vital, riesgo de TCA y competencias profesionales. Derivar si hay señales de alarma.
NUT2_R0888;NUT2_P077;NUT2_T046;NUT2_TA055;media;Adaptar a historia clínica declarada, medicación, analíticas, cultura, economía, preferencias, etapa vital, riesgo de TCA y competencias profesionales. Derivar si hay señales de alarma.
NUT2_R0889;NUT2_P077;NUT2_T046;NUT2_TA079;media;Adaptar a historia clínica declarada, medicación, analíticas, cultura, economía, preferencias, etapa vital, riesgo de TCA y competencias profesionales. Derivar si hay señales de alarma.
NUT2_R0890;NUT2_P077;NUT2_T047;NUT2_TA056;media;Adaptar a historia clínica declarada, medicación, analíticas, cultura, economía, preferencias, etapa vital, riesgo de TCA y competencias profesionales. Derivar si hay señales de alarma.
NUT2_R0891;NUT2_P077;NUT2_T048;NUT2_TA057;media;Adaptar a historia clínica declarada, medicación, analíticas, cultura, economía, preferencias, etapa vital, riesgo de TCA y competencias profesionales. Derivar si hay señales de alarma.
NUT2_R0892;NUT2_P077;NUT2_T017;NUT2_TA018;alta;Adaptar a historia clínica declarada, medicación, analíticas, cultura, economía, preferencias, etapa vital, riesgo de TCA y competencias profesionales. Derivar si hay señales de alarma.
NUT2_R0893;NUT2_P077;NUT2_T056;NUT2_TA062;alta;Adaptar a historia clínica declarada, medicación, analíticas, cultura, economía, preferencias, etapa vital, riesgo de TCA y competencias profesionales. Derivar si hay señales de alarma.
NUT2_R0894;NUT2_P077;NUT2_T056;NUT2_TA085;alta;Adaptar a historia clínica declarada, medicación, analíticas, cultura, economía, preferencias, etapa vital, riesgo de TCA y competencias profesionales. Derivar si hay señales de alarma.
NUT2_R0895;NUT2_P078;NUT2_T046;NUT2_TA055;media;Adaptar a historia clínica declarada, medicación, analíticas, cultura, economía, preferencias, etapa vital, riesgo de TCA y competencias profesionales. Derivar si hay señales de alarma.
NUT2_R0896;NUT2_P078;NUT2_T046;NUT2_TA079;media;Adaptar a historia clínica declarada, medicación, analíticas, cultura, economía, preferencias, etapa vital, riesgo de TCA y competencias profesionales. Derivar si hay señales de alarma.
NUT2_R0897;NUT2_P078;NUT2_T047;NUT2_TA056;media;Adaptar a historia clínica declarada, medicación, analíticas, cultura, economía, preferencias, etapa vital, riesgo de TCA y competencias profesionales. Derivar si hay señales de alarma.
NUT2_R0898;NUT2_P078;NUT2_T048;NUT2_TA057;media;Adaptar a historia clínica declarada, medicación, analíticas, cultura, economía, preferencias, etapa vital, riesgo de TCA y competencias profesionales. Derivar si hay señales de alarma.
NUT2_R0899;NUT2_P078;NUT2_T017;NUT2_TA018;alta;Adaptar a historia clínica declarada, medicación, analíticas, cultura, economía, preferencias, etapa vital, riesgo de TCA y competencias profesionales. Derivar si hay señales de alarma.
NUT2_R0900;NUT2_P078;NUT2_T056;NUT2_TA062;alta;Adaptar a historia clínica declarada, medicación, analíticas, cultura, economía, preferencias, etapa vital, riesgo de TCA y competencias profesionales. Derivar si hay señales de alarma.
NUT2_R0901;NUT2_P078;NUT2_T056;NUT2_TA085;alta;Adaptar a historia clínica declarada, medicación, analíticas, cultura, economía, preferencias, etapa vital, riesgo de TCA y competencias profesionales. Derivar si hay señales de alarma.
NUT2_R0902;NUT2_P079;NUT2_T046;NUT2_TA055;media;Adaptar a historia clínica declarada, medicación, analíticas, cultura, economía, preferencias, etapa vital, riesgo de TCA y competencias profesionales. Derivar si hay señales de alarma.
NUT2_R0903;NUT2_P079;NUT2_T046;NUT2_TA079;media;Adaptar a historia clínica declarada, medicación, analíticas, cultura, economía, preferencias, etapa vital, riesgo de TCA y competencias profesionales. Derivar si hay señales de alarma.
NUT2_R0904;NUT2_P079;NUT2_T047;NUT2_TA056;media;Adaptar a historia clínica declarada, medicación, analíticas, cultura, economía, preferencias, etapa vital, riesgo de TCA y competencias profesionales. Derivar si hay señales de alarma.
NUT2_R0905;NUT2_P079;NUT2_T048;NUT2_TA057;media;Adaptar a historia clínica declarada, medicación, analíticas, cultura, economía, preferencias, etapa vital, riesgo de TCA y competencias profesionales. Derivar si hay señales de alarma.
NUT2_R0906;NUT2_P079;NUT2_T017;NUT2_TA018;alta;Adaptar a historia clínica declarada, medicación, analíticas, cultura, economía, preferencias, etapa vital, riesgo de TCA y competencias profesionales. Derivar si hay señales de alarma.
NUT2_R0907;NUT2_P079;NUT2_T056;NUT2_TA062;alta;Adaptar a historia clínica declarada, medicación, analíticas, cultura, economía, preferencias, etapa vital, riesgo de TCA y competencias profesionales. Derivar si hay señales de alarma.
NUT2_R0908;NUT2_P079;NUT2_T056;NUT2_TA085;alta;Adaptar a historia clínica declarada, medicación, analíticas, cultura, economía, preferencias, etapa vital, riesgo de TCA y competencias profesionales. Derivar si hay señales de alarma.
NUT2_R0909;NUT2_P080;NUT2_T046;NUT2_TA055;media;Adaptar a historia clínica declarada, medicación, analíticas, cultura, economía, preferencias, etapa vital, riesgo de TCA y competencias profesionales. Derivar si hay señales de alarma.
NUT2_R0910;NUT2_P080;NUT2_T046;NUT2_TA079;media;Adaptar a historia clínica declarada, medicación, analíticas, cultura, economía, preferencias, etapa vital, riesgo de TCA y competencias profesionales. Derivar si hay señales de alarma.
NUT2_R0911;NUT2_P080;NUT2_T047;NUT2_TA056;media;Adaptar a historia clínica declarada, medicación, analíticas, cultura, economía, preferencias, etapa vital, riesgo de TCA y competencias profesionales. Derivar si hay señales de alarma.
NUT2_R0912;NUT2_P080;NUT2_T048;NUT2_TA057;media;Adaptar a historia clínica declarada, medicación, analíticas, cultura, economía, preferencias, etapa vital, riesgo de TCA y competencias profesionales. Derivar si hay señales de alarma.
NUT2_R0913;NUT2_P080;NUT2_T017;NUT2_TA018;alta;Adaptar a historia clínica declarada, medicación, analíticas, cultura, economía, preferencias, etapa vital, riesgo de TCA y competencias profesionales. Derivar si hay señales de alarma.
NUT2_R0914;NUT2_P080;NUT2_T056;NUT2_TA062;alta;Adaptar a historia clínica declarada, medicación, analíticas, cultura, economía, preferencias, etapa vital, riesgo de TCA y competencias profesionales. Derivar si hay señales de alarma.
NUT2_R0915;NUT2_P080;NUT2_T056;NUT2_TA085;alta;Adaptar a historia clínica declarada, medicación, analíticas, cultura, economía, preferencias, etapa vital, riesgo de TCA y competencias profesionales. Derivar si hay señales de alarma.
NUT2_R0916;NUT2_P081;NUT2_T046;NUT2_TA055;media;Adaptar a historia clínica declarada, medicación, analíticas, cultura, economía, preferencias, etapa vital, riesgo de TCA y competencias profesionales. Derivar si hay señales de alarma.
NUT2_R0917;NUT2_P081;NUT2_T046;NUT2_TA079;media;Adaptar a historia clínica declarada, medicación, analíticas, cultura, economía, preferencias, etapa vital, riesgo de TCA y competencias profesionales. Derivar si hay señales de alarma.
NUT2_R0918;NUT2_P081;NUT2_T047;NUT2_TA056;media;Adaptar a historia clínica declarada, medicación, analíticas, cultura, economía, preferencias, etapa vital, riesgo de TCA y competencias profesionales. Derivar si hay señales de alarma.
NUT2_R0919;NUT2_P081;NUT2_T048;NUT2_TA057;media;Adaptar a historia clínica declarada, medicación, analíticas, cultura, economía, preferencias, etapa vital, riesgo de TCA y competencias profesionales. Derivar si hay señales de alarma.
NUT2_R0920;NUT2_P081;NUT2_T017;NUT2_TA018;alta;Adaptar a historia clínica declarada, medicación, analíticas, cultura, economía, preferencias, etapa vital, riesgo de TCA y competencias profesionales. Derivar si hay señales de alarma.
NUT2_R0921;NUT2_P081;NUT2_T056;NUT2_TA062;alta;Adaptar a historia clínica declarada, medicación, analíticas, cultura, economía, preferencias, etapa vital, riesgo de TCA y competencias profesionales. Derivar si hay señales de alarma.
NUT2_R0922;NUT2_P081;NUT2_T056;NUT2_TA085;alta;Adaptar a historia clínica declarada, medicación, analíticas, cultura, economía, preferencias, etapa vital, riesgo de TCA y competencias profesionales. Derivar si hay señales de alarma.
