recomendacion_id;problema_id;tecnica_id;tarea_id;prioridad;nota_profesional
LOG_R0001;LOG_P001;LOG_T001;LOG_TA001;alta;El logopeda debe adaptar la tarea a edad, evaluación, objetivos, contexto familiar/escolar/laboral, seguridad y normativa aplicable.
LOG_R0002;LOG_P001;LOG_T001;LOG_TA002;media;El logopeda debe adaptar la tarea a edad, evaluación, objetivos, contexto familiar/escolar/laboral, seguridad y normativa aplicable.
LOG_R0003;LOG_P001;LOG_T001;LOG_TA003;alta;El logopeda debe adaptar la tarea a edad, evaluación, objetivos, contexto familiar/escolar/laboral, seguridad y normativa aplicable.
LOG_R0004;LOG_P001;LOG_T001;LOG_TA004;media;El logopeda debe adaptar la tarea a edad, evaluación, objetivos, contexto familiar/escolar/laboral, seguridad y normativa aplicable.
LOG_R0005;LOG_P001;LOG_T002;LOG_TA005;alta;El logopeda debe adaptar la tarea a edad, evaluación, objetivos, contexto familiar/escolar/laboral, seguridad y normativa aplicable.
LOG_R0006;LOG_P001;LOG_T002;LOG_TA006;media;El logopeda debe adaptar la tarea a edad, evaluación, objetivos, contexto familiar/escolar/laboral, seguridad y normativa aplicable.
LOG_R0007;LOG_P001;LOG_T002;LOG_TA007;media;El logopeda debe adaptar la tarea a edad, evaluación, objetivos, contexto familiar/escolar/laboral, seguridad y normativa aplicable.
LOG_R0008;LOG_P001;LOG_T002;LOG_TA008;media;El logopeda debe adaptar la tarea a edad, evaluación, objetivos, contexto familiar/escolar/laboral, seguridad y normativa aplicable.
LOG_R0009;LOG_P001;LOG_T003;LOG_TA009;media;El logopeda debe adaptar la tarea a edad, evaluación, objetivos, contexto familiar/escolar/laboral, seguridad y normativa aplicable.
LOG_R0010;LOG_P001;LOG_T003;LOG_TA010;media;El logopeda debe adaptar la tarea a edad, evaluación, objetivos, contexto familiar/escolar/laboral, seguridad y normativa aplicable.
LOG_R0011;LOG_P001;LOG_T027;LOG_TA060;media;El logopeda debe adaptar la tarea a edad, evaluación, objetivos, contexto familiar/escolar/laboral, seguridad y normativa aplicable.
LOG_R0012;LOG_P001;LOG_T027;LOG_TA062;media;El logopeda debe adaptar la tarea a edad, evaluación, objetivos, contexto familiar/escolar/laboral, seguridad y normativa aplicable.
LOG_R0013;LOG_P001;LOG_T027;LOG_TA066;media;El logopeda debe adaptar la tarea a edad, evaluación, objetivos, contexto familiar/escolar/laboral, seguridad y normativa aplicable.
LOG_R0014;LOG_P001;LOG_T029;LOG_TA063;media;El logopeda debe adaptar la tarea a edad, evaluación, objetivos, contexto familiar/escolar/laboral, seguridad y normativa aplicable.
LOG_R0015;LOG_P001;LOG_T029;LOG_TA068;media;El logopeda debe adaptar la tarea a edad, evaluación, objetivos, contexto familiar/escolar/laboral, seguridad y normativa aplicable.
LOG_R0016;LOG_P002;LOG_T001;LOG_TA001;alta;El logopeda debe adaptar la tarea a edad, evaluación, objetivos, contexto familiar/escolar/laboral, seguridad y normativa aplicable.
LOG_R0017;LOG_P002;LOG_T001;LOG_TA002;media;El logopeda debe adaptar la tarea a edad, evaluación, objetivos, contexto familiar/escolar/laboral, seguridad y normativa aplicable.
LOG_R0018;LOG_P002;LOG_T001;LOG_TA003;alta;El logopeda debe adaptar la tarea a edad, evaluación, objetivos, contexto familiar/escolar/laboral, seguridad y normativa aplicable.
LOG_R0019;LOG_P002;LOG_T001;LOG_TA004;media;El logopeda debe adaptar la tarea a edad, evaluación, objetivos, contexto familiar/escolar/laboral, seguridad y normativa aplicable.
LOG_R0020;LOG_P002;LOG_T003;LOG_TA009;media;El logopeda debe adaptar la tarea a edad, evaluación, objetivos, contexto familiar/escolar/laboral, seguridad y normativa aplicable.
LOG_R0021;LOG_P002;LOG_T003;LOG_TA010;media;El logopeda debe adaptar la tarea a edad, evaluación, objetivos, contexto familiar/escolar/laboral, seguridad y normativa aplicable.
LOG_R0022;LOG_P002;LOG_T004;LOG_TA011;media;El logopeda debe adaptar la tarea a edad, evaluación, objetivos, contexto familiar/escolar/laboral, seguridad y normativa aplicable.
LOG_R0023;LOG_P002;LOG_T005;LOG_TA012;alta;El logopeda debe adaptar la tarea a edad, evaluación, objetivos, contexto familiar/escolar/laboral, seguridad y normativa aplicable.
LOG_R0024;LOG_P002;LOG_T005;LOG_TA013;media;El logopeda debe adaptar la tarea a edad, evaluación, objetivos, contexto familiar/escolar/laboral, seguridad y normativa aplicable.
LOG_R0025;LOG_P002;LOG_T005;LOG_TA014;media;El logopeda debe adaptar la tarea a edad, evaluación, objetivos, contexto familiar/escolar/laboral, seguridad y normativa aplicable.
LOG_R0026;LOG_P002;LOG_T005;LOG_TA073;media;El logopeda debe adaptar la tarea a edad, evaluación, objetivos, contexto familiar/escolar/laboral, seguridad y normativa aplicable.
LOG_R0027;LOG_P002;LOG_T027;LOG_TA060;media;El logopeda debe adaptar la tarea a edad, evaluación, objetivos, contexto familiar/escolar/laboral, seguridad y normativa aplicable.
LOG_R0028;LOG_P002;LOG_T027;LOG_TA062;media;El logopeda debe adaptar la tarea a edad, evaluación, objetivos, contexto familiar/escolar/laboral, seguridad y normativa aplicable.
LOG_R0029;LOG_P002;LOG_T027;LOG_TA066;media;El logopeda debe adaptar la tarea a edad, evaluación, objetivos, contexto familiar/escolar/laboral, seguridad y normativa aplicable.
LOG_R0030;LOG_P002;LOG_T029;LOG_TA063;media;El logopeda debe adaptar la tarea a edad, evaluación, objetivos, contexto familiar/escolar/laboral, seguridad y normativa aplicable.
LOG_R0031;LOG_P002;LOG_T029;LOG_TA068;media;El logopeda debe adaptar la tarea a edad, evaluación, objetivos, contexto familiar/escolar/laboral, seguridad y normativa aplicable.
LOG_R0032;LOG_P003;LOG_T001;LOG_TA001;alta;El logopeda debe adaptar la tarea a edad, evaluación, objetivos, contexto familiar/escolar/laboral, seguridad y normativa aplicable.
LOG_R0033;LOG_P003;LOG_T001;LOG_TA002;media;El logopeda debe adaptar la tarea a edad, evaluación, objetivos, contexto familiar/escolar/laboral, seguridad y normativa aplicable.
LOG_R0034;LOG_P003;LOG_T001;LOG_TA003;alta;El logopeda debe adaptar la tarea a edad, evaluación, objetivos, contexto familiar/escolar/laboral, seguridad y normativa aplicable.
LOG_R0035;LOG_P003;LOG_T001;LOG_TA004;media;El logopeda debe adaptar la tarea a edad, evaluación, objetivos, contexto familiar/escolar/laboral, seguridad y normativa aplicable.
LOG_R0036;LOG_P003;LOG_T002;LOG_TA005;alta;El logopeda debe adaptar la tarea a edad, evaluación, objetivos, contexto familiar/escolar/laboral, seguridad y normativa aplicable.
LOG_R0037;LOG_P003;LOG_T002;LOG_TA006;media;El logopeda debe adaptar la tarea a edad, evaluación, objetivos, contexto familiar/escolar/laboral, seguridad y normativa aplicable.
LOG_R0038;LOG_P003;LOG_T002;LOG_TA007;media;El logopeda debe adaptar la tarea a edad, evaluación, objetivos, contexto familiar/escolar/laboral, seguridad y normativa aplicable.
LOG_R0039;LOG_P003;LOG_T002;LOG_TA008;media;El logopeda debe adaptar la tarea a edad, evaluación, objetivos, contexto familiar/escolar/laboral, seguridad y normativa aplicable.
LOG_R0040;LOG_P003;LOG_T003;LOG_TA009;media;El logopeda debe adaptar la tarea a edad, evaluación, objetivos, contexto familiar/escolar/laboral, seguridad y normativa aplicable.
LOG_R0041;LOG_P003;LOG_T003;LOG_TA010;media;El logopeda debe adaptar la tarea a edad, evaluación, objetivos, contexto familiar/escolar/laboral, seguridad y normativa aplicable.
LOG_R0042;LOG_P003;LOG_T023;LOG_TA050;alta;El logopeda debe adaptar la tarea a edad, evaluación, objetivos, contexto familiar/escolar/laboral, seguridad y normativa aplicable.
LOG_R0043;LOG_P003;LOG_T023;LOG_TA051;media;El logopeda debe adaptar la tarea a edad, evaluación, objetivos, contexto familiar/escolar/laboral, seguridad y normativa aplicable.
LOG_R0044;LOG_P003;LOG_T023;LOG_TA075;media;El logopeda debe adaptar la tarea a edad, evaluación, objetivos, contexto familiar/escolar/laboral, seguridad y normativa aplicable.
LOG_R0045;LOG_P003;LOG_T027;LOG_TA060;media;El logopeda debe adaptar la tarea a edad, evaluación, objetivos, contexto familiar/escolar/laboral, seguridad y normativa aplicable.
LOG_R0046;LOG_P003;LOG_T027;LOG_TA062;media;El logopeda debe adaptar la tarea a edad, evaluación, objetivos, contexto familiar/escolar/laboral, seguridad y normativa aplicable.
LOG_R0047;LOG_P003;LOG_T027;LOG_TA066;media;El logopeda debe adaptar la tarea a edad, evaluación, objetivos, contexto familiar/escolar/laboral, seguridad y normativa aplicable.
LOG_R0048;LOG_P003;LOG_T029;LOG_TA063;media;El logopeda debe adaptar la tarea a edad, evaluación, objetivos, contexto familiar/escolar/laboral, seguridad y normativa aplicable.
LOG_R0049;LOG_P003;LOG_T029;LOG_TA068;media;El logopeda debe adaptar la tarea a edad, evaluación, objetivos, contexto familiar/escolar/laboral, seguridad y normativa aplicable.
LOG_R0050;LOG_P004;LOG_T001;LOG_TA001;alta;El logopeda debe adaptar la tarea a edad, evaluación, objetivos, contexto familiar/escolar/laboral, seguridad y normativa aplicable.
LOG_R0051;LOG_P004;LOG_T001;LOG_TA002;media;El logopeda debe adaptar la tarea a edad, evaluación, objetivos, contexto familiar/escolar/laboral, seguridad y normativa aplicable.
LOG_R0052;LOG_P004;LOG_T001;LOG_TA003;alta;El logopeda debe adaptar la tarea a edad, evaluación, objetivos, contexto familiar/escolar/laboral, seguridad y normativa aplicable.
LOG_R0053;LOG_P004;LOG_T001;LOG_TA004;media;El logopeda debe adaptar la tarea a edad, evaluación, objetivos, contexto familiar/escolar/laboral, seguridad y normativa aplicable.
LOG_R0054;LOG_P004;LOG_T002;LOG_TA005;alta;El logopeda debe adaptar la tarea a edad, evaluación, objetivos, contexto familiar/escolar/laboral, seguridad y normativa aplicable.
LOG_R0055;LOG_P004;LOG_T002;LOG_TA006;media;El logopeda debe adaptar la tarea a edad, evaluación, objetivos, contexto familiar/escolar/laboral, seguridad y normativa aplicable.
LOG_R0056;LOG_P004;LOG_T002;LOG_TA007;media;El logopeda debe adaptar la tarea a edad, evaluación, objetivos, contexto familiar/escolar/laboral, seguridad y normativa aplicable.
LOG_R0057;LOG_P004;LOG_T002;LOG_TA008;media;El logopeda debe adaptar la tarea a edad, evaluación, objetivos, contexto familiar/escolar/laboral, seguridad y normativa aplicable.
LOG_R0058;LOG_P004;LOG_T003;LOG_TA009;media;El logopeda debe adaptar la tarea a edad, evaluación, objetivos, contexto familiar/escolar/laboral, seguridad y normativa aplicable.
LOG_R0059;LOG_P004;LOG_T003;LOG_TA010;media;El logopeda debe adaptar la tarea a edad, evaluación, objetivos, contexto familiar/escolar/laboral, seguridad y normativa aplicable.
LOG_R0060;LOG_P004;LOG_T027;LOG_TA060;media;El logopeda debe adaptar la tarea a edad, evaluación, objetivos, contexto familiar/escolar/laboral, seguridad y normativa aplicable.
LOG_R0061;LOG_P004;LOG_T027;LOG_TA062;media;El logopeda debe adaptar la tarea a edad, evaluación, objetivos, contexto familiar/escolar/laboral, seguridad y normativa aplicable.
LOG_R0062;LOG_P004;LOG_T027;LOG_TA066;media;El logopeda debe adaptar la tarea a edad, evaluación, objetivos, contexto familiar/escolar/laboral, seguridad y normativa aplicable.
LOG_R0063;LOG_P004;LOG_T029;LOG_TA063;media;El logopeda debe adaptar la tarea a edad, evaluación, objetivos, contexto familiar/escolar/laboral, seguridad y normativa aplicable.
LOG_R0064;LOG_P004;LOG_T029;LOG_TA068;media;El logopeda debe adaptar la tarea a edad, evaluación, objetivos, contexto familiar/escolar/laboral, seguridad y normativa aplicable.
LOG_R0065;LOG_P005;LOG_T001;LOG_TA001;alta;El logopeda debe adaptar la tarea a edad, evaluación, objetivos, contexto familiar/escolar/laboral, seguridad y normativa aplicable.
LOG_R0066;LOG_P005;LOG_T001;LOG_TA002;media;El logopeda debe adaptar la tarea a edad, evaluación, objetivos, contexto familiar/escolar/laboral, seguridad y normativa aplicable.
LOG_R0067;LOG_P005;LOG_T001;LOG_TA003;alta;El logopeda debe adaptar la tarea a edad, evaluación, objetivos, contexto familiar/escolar/laboral, seguridad y normativa aplicable.
LOG_R0068;LOG_P005;LOG_T001;LOG_TA004;media;El logopeda debe adaptar la tarea a edad, evaluación, objetivos, contexto familiar/escolar/laboral, seguridad y normativa aplicable.
LOG_R0069;LOG_P005;LOG_T002;LOG_TA005;alta;El logopeda debe adaptar la tarea a edad, evaluación, objetivos, contexto familiar/escolar/laboral, seguridad y normativa aplicable.
LOG_R0070;LOG_P005;LOG_T002;LOG_TA006;media;El logopeda debe adaptar la tarea a edad, evaluación, objetivos, contexto familiar/escolar/laboral, seguridad y normativa aplicable.
LOG_R0071;LOG_P005;LOG_T002;LOG_TA007;media;El logopeda debe adaptar la tarea a edad, evaluación, objetivos, contexto familiar/escolar/laboral, seguridad y normativa aplicable.
LOG_R0072;LOG_P005;LOG_T002;LOG_TA008;media;El logopeda debe adaptar la tarea a edad, evaluación, objetivos, contexto familiar/escolar/laboral, seguridad y normativa aplicable.
LOG_R0073;LOG_P005;LOG_T003;LOG_TA009;media;El logopeda debe adaptar la tarea a edad, evaluación, objetivos, contexto familiar/escolar/laboral, seguridad y normativa aplicable.
LOG_R0074;LOG_P005;LOG_T003;LOG_TA010;media;El logopeda debe adaptar la tarea a edad, evaluación, objetivos, contexto familiar/escolar/laboral, seguridad y normativa aplicable.
LOG_R0075;LOG_P005;LOG_T027;LOG_TA060;media;El logopeda debe adaptar la tarea a edad, evaluación, objetivos, contexto familiar/escolar/laboral, seguridad y normativa aplicable.
LOG_R0076;LOG_P005;LOG_T027;LOG_TA062;media;El logopeda debe adaptar la tarea a edad, evaluación, objetivos, contexto familiar/escolar/laboral, seguridad y normativa aplicable.
LOG_R0077;LOG_P005;LOG_T027;LOG_TA066;media;El logopeda debe adaptar la tarea a edad, evaluación, objetivos, contexto familiar/escolar/laboral, seguridad y normativa aplicable.
LOG_R0078;LOG_P005;LOG_T029;LOG_TA063;media;El logopeda debe adaptar la tarea a edad, evaluación, objetivos, contexto familiar/escolar/laboral, seguridad y normativa aplicable.
LOG_R0079;LOG_P005;LOG_T029;LOG_TA068;media;El logopeda debe adaptar la tarea a edad, evaluación, objetivos, contexto familiar/escolar/laboral, seguridad y normativa aplicable.
LOG_R0080;LOG_P006;LOG_T001;LOG_TA001;alta;El logopeda debe adaptar la tarea a edad, evaluación, objetivos, contexto familiar/escolar/laboral, seguridad y normativa aplicable.
LOG_R0081;LOG_P006;LOG_T001;LOG_TA002;media;El logopeda debe adaptar la tarea a edad, evaluación, objetivos, contexto familiar/escolar/laboral, seguridad y normativa aplicable.
LOG_R0082;LOG_P006;LOG_T001;LOG_TA003;alta;El logopeda debe adaptar la tarea a edad, evaluación, objetivos, contexto familiar/escolar/laboral, seguridad y normativa aplicable.
LOG_R0083;LOG_P006;LOG_T001;LOG_TA004;media;El logopeda debe adaptar la tarea a edad, evaluación, objetivos, contexto familiar/escolar/laboral, seguridad y normativa aplicable.
LOG_R0084;LOG_P006;LOG_T005;LOG_TA012;alta;El logopeda debe adaptar la tarea a edad, evaluación, objetivos, contexto familiar/escolar/laboral, seguridad y normativa aplicable.
LOG_R0085;LOG_P006;LOG_T005;LOG_TA013;media;El logopeda debe adaptar la tarea a edad, evaluación, objetivos, contexto familiar/escolar/laboral, seguridad y normativa aplicable.
LOG_R0086;LOG_P006;LOG_T005;LOG_TA014;media;El logopeda debe adaptar la tarea a edad, evaluación, objetivos, contexto familiar/escolar/laboral, seguridad y normativa aplicable.
LOG_R0087;LOG_P006;LOG_T005;LOG_TA073;media;El logopeda debe adaptar la tarea a edad, evaluación, objetivos, contexto familiar/escolar/laboral, seguridad y normativa aplicable.
LOG_R0088;LOG_P006;LOG_T006;LOG_TA015;media;El logopeda debe adaptar la tarea a edad, evaluación, objetivos, contexto familiar/escolar/laboral, seguridad y normativa aplicable.
LOG_R0089;LOG_P006;LOG_T006;LOG_TA016;media;El logopeda debe adaptar la tarea a edad, evaluación, objetivos, contexto familiar/escolar/laboral, seguridad y normativa aplicable.
LOG_R0090;LOG_P006;LOG_T008;LOG_TA019;media;El logopeda debe adaptar la tarea a edad, evaluación, objetivos, contexto familiar/escolar/laboral, seguridad y normativa aplicable.
LOG_R0091;LOG_P006;LOG_T008;LOG_TA020;media;El logopeda debe adaptar la tarea a edad, evaluación, objetivos, contexto familiar/escolar/laboral, seguridad y normativa aplicable.
LOG_R0092;LOG_P006;LOG_T008;LOG_TA072;media;El logopeda debe adaptar la tarea a edad, evaluación, objetivos, contexto familiar/escolar/laboral, seguridad y normativa aplicable.
LOG_R0093;LOG_P006;LOG_T008;LOG_TA074;media;El logopeda debe adaptar la tarea a edad, evaluación, objetivos, contexto familiar/escolar/laboral, seguridad y normativa aplicable.
LOG_R0094;LOG_P006;LOG_T027;LOG_TA060;media;El logopeda debe adaptar la tarea a edad, evaluación, objetivos, contexto familiar/escolar/laboral, seguridad y normativa aplicable.
LOG_R0095;LOG_P006;LOG_T027;LOG_TA062;media;El logopeda debe adaptar la tarea a edad, evaluación, objetivos, contexto familiar/escolar/laboral, seguridad y normativa aplicable.
LOG_R0096;LOG_P006;LOG_T027;LOG_TA066;media;El logopeda debe adaptar la tarea a edad, evaluación, objetivos, contexto familiar/escolar/laboral, seguridad y normativa aplicable.
LOG_R0097;LOG_P006;LOG_T028;LOG_TA061;media;El logopeda debe adaptar la tarea a edad, evaluación, objetivos, contexto familiar/escolar/laboral, seguridad y normativa aplicable.
LOG_R0098;LOG_P006;LOG_T028;LOG_TA065;media;El logopeda debe adaptar la tarea a edad, evaluación, objetivos, contexto familiar/escolar/laboral, seguridad y normativa aplicable.
LOG_R0099;LOG_P006;LOG_T029;LOG_TA063;media;El logopeda debe adaptar la tarea a edad, evaluación, objetivos, contexto familiar/escolar/laboral, seguridad y normativa aplicable.
LOG_R0101;LOG_P007;LOG_T001;LOG_TA001;alta;El logopeda debe adaptar la tarea a edad, evaluación, objetivos, contexto familiar/escolar/laboral, seguridad y normativa aplicable.
LOG_R0102;LOG_P007;LOG_T001;LOG_TA002;media;El logopeda debe adaptar la tarea a edad, evaluación, objetivos, contexto familiar/escolar/laboral, seguridad y normativa aplicable.
LOG_R0103;LOG_P007;LOG_T001;LOG_TA003;alta;El logopeda debe adaptar la tarea a edad, evaluación, objetivos, contexto familiar/escolar/laboral, seguridad y normativa aplicable.
LOG_R0104;LOG_P007;LOG_T001;LOG_TA004;media;El logopeda debe adaptar la tarea a edad, evaluación, objetivos, contexto familiar/escolar/laboral, seguridad y normativa aplicable.
LOG_R0105;LOG_P007;LOG_T005;LOG_TA012;alta;El logopeda debe adaptar la tarea a edad, evaluación, objetivos, contexto familiar/escolar/laboral, seguridad y normativa aplicable.
LOG_R0106;LOG_P007;LOG_T005;LOG_TA013;media;El logopeda debe adaptar la tarea a edad, evaluación, objetivos, contexto familiar/escolar/laboral, seguridad y normativa aplicable.
LOG_R0107;LOG_P007;LOG_T005;LOG_TA014;media;El logopeda debe adaptar la tarea a edad, evaluación, objetivos, contexto familiar/escolar/laboral, seguridad y normativa aplicable.
LOG_R0108;LOG_P007;LOG_T005;LOG_TA073;media;El logopeda debe adaptar la tarea a edad, evaluación, objetivos, contexto familiar/escolar/laboral, seguridad y normativa aplicable.
LOG_R0109;LOG_P007;LOG_T006;LOG_TA015;media;El logopeda debe adaptar la tarea a edad, evaluación, objetivos, contexto familiar/escolar/laboral, seguridad y normativa aplicable.
LOG_R0110;LOG_P007;LOG_T006;LOG_TA016;media;El logopeda debe adaptar la tarea a edad, evaluación, objetivos, contexto familiar/escolar/laboral, seguridad y normativa aplicable.
LOG_R0111;LOG_P007;LOG_T007;LOG_TA017;media;El logopeda debe adaptar la tarea a edad, evaluación, objetivos, contexto familiar/escolar/laboral, seguridad y normativa aplicable.
LOG_R0112;LOG_P007;LOG_T007;LOG_TA018;media;El logopeda debe adaptar la tarea a edad, evaluación, objetivos, contexto familiar/escolar/laboral, seguridad y normativa aplicable.
LOG_R0113;LOG_P007;LOG_T008;LOG_TA019;media;El logopeda debe adaptar la tarea a edad, evaluación, objetivos, contexto familiar/escolar/laboral, seguridad y normativa aplicable.
LOG_R0114;LOG_P007;LOG_T008;LOG_TA020;media;El logopeda debe adaptar la tarea a edad, evaluación, objetivos, contexto familiar/escolar/laboral, seguridad y normativa aplicable.
LOG_R0115;LOG_P007;LOG_T008;LOG_TA072;media;El logopeda debe adaptar la tarea a edad, evaluación, objetivos, contexto familiar/escolar/laboral, seguridad y normativa aplicable.
LOG_R0116;LOG_P007;LOG_T008;LOG_TA074;media;El logopeda debe adaptar la tarea a edad, evaluación, objetivos, contexto familiar/escolar/laboral, seguridad y normativa aplicable.
LOG_R0117;LOG_P007;LOG_T009;LOG_TA021;media;El logopeda debe adaptar la tarea a edad, evaluación, objetivos, contexto familiar/escolar/laboral, seguridad y normativa aplicable.
LOG_R0118;LOG_P007;LOG_T009;LOG_TA022;media;El logopeda debe adaptar la tarea a edad, evaluación, objetivos, contexto familiar/escolar/laboral, seguridad y normativa aplicable.
LOG_R0119;LOG_P007;LOG_T027;LOG_TA060;media;El logopeda debe adaptar la tarea a edad, evaluación, objetivos, contexto familiar/escolar/laboral, seguridad y normativa aplicable.
LOG_R0120;LOG_P007;LOG_T027;LOG_TA062;media;El logopeda debe adaptar la tarea a edad, evaluación, objetivos, contexto familiar/escolar/laboral, seguridad y normativa aplicable.
LOG_R0126;LOG_P008;LOG_T001;LOG_TA001;alta;El logopeda debe adaptar la tarea a edad, evaluación, objetivos, contexto familiar/escolar/laboral, seguridad y normativa aplicable.
LOG_R0127;LOG_P008;LOG_T001;LOG_TA002;media;El logopeda debe adaptar la tarea a edad, evaluación, objetivos, contexto familiar/escolar/laboral, seguridad y normativa aplicable.
LOG_R0128;LOG_P008;LOG_T001;LOG_TA003;alta;El logopeda debe adaptar la tarea a edad, evaluación, objetivos, contexto familiar/escolar/laboral, seguridad y normativa aplicable.
LOG_R0129;LOG_P008;LOG_T001;LOG_TA004;media;El logopeda debe adaptar la tarea a edad, evaluación, objetivos, contexto familiar/escolar/laboral, seguridad y normativa aplicable.
LOG_R0130;LOG_P008;LOG_T005;LOG_TA012;alta;El logopeda debe adaptar la tarea a edad, evaluación, objetivos, contexto familiar/escolar/laboral, seguridad y normativa aplicable.
LOG_R0131;LOG_P008;LOG_T005;LOG_TA013;media;El logopeda debe adaptar la tarea a edad, evaluación, objetivos, contexto familiar/escolar/laboral, seguridad y normativa aplicable.
LOG_R0132;LOG_P008;LOG_T005;LOG_TA014;media;El logopeda debe adaptar la tarea a edad, evaluación, objetivos, contexto familiar/escolar/laboral, seguridad y normativa aplicable.
LOG_R0133;LOG_P008;LOG_T005;LOG_TA073;media;El logopeda debe adaptar la tarea a edad, evaluación, objetivos, contexto familiar/escolar/laboral, seguridad y normativa aplicable.
LOG_R0134;LOG_P008;LOG_T006;LOG_TA015;media;El logopeda debe adaptar la tarea a edad, evaluación, objetivos, contexto familiar/escolar/laboral, seguridad y normativa aplicable.
LOG_R0135;LOG_P008;LOG_T006;LOG_TA016;media;El logopeda debe adaptar la tarea a edad, evaluación, objetivos, contexto familiar/escolar/laboral, seguridad y normativa aplicable.
LOG_R0136;LOG_P008;LOG_T027;LOG_TA060;media;El logopeda debe adaptar la tarea a edad, evaluación, objetivos, contexto familiar/escolar/laboral, seguridad y normativa aplicable.
LOG_R0137;LOG_P008;LOG_T027;LOG_TA062;media;El logopeda debe adaptar la tarea a edad, evaluación, objetivos, contexto familiar/escolar/laboral, seguridad y normativa aplicable.
LOG_R0138;LOG_P008;LOG_T027;LOG_TA066;media;El logopeda debe adaptar la tarea a edad, evaluación, objetivos, contexto familiar/escolar/laboral, seguridad y normativa aplicable.
LOG_R0139;LOG_P008;LOG_T029;LOG_TA063;media;El logopeda debe adaptar la tarea a edad, evaluación, objetivos, contexto familiar/escolar/laboral, seguridad y normativa aplicable.
LOG_R0140;LOG_P008;LOG_T029;LOG_TA068;media;El logopeda debe adaptar la tarea a edad, evaluación, objetivos, contexto familiar/escolar/laboral, seguridad y normativa aplicable.
LOG_R0141;LOG_P009;LOG_T001;LOG_TA001;alta;El logopeda debe adaptar la tarea a edad, evaluación, objetivos, contexto familiar/escolar/laboral, seguridad y normativa aplicable.
LOG_R0142;LOG_P009;LOG_T001;LOG_TA002;media;El logopeda debe adaptar la tarea a edad, evaluación, objetivos, contexto familiar/escolar/laboral, seguridad y normativa aplicable.
LOG_R0143;LOG_P009;LOG_T001;LOG_TA003;alta;El logopeda debe adaptar la tarea a edad, evaluación, objetivos, contexto familiar/escolar/laboral, seguridad y normativa aplicable.
LOG_R0144;LOG_P009;LOG_T001;LOG_TA004;media;El logopeda debe adaptar la tarea a edad, evaluación, objetivos, contexto familiar/escolar/laboral, seguridad y normativa aplicable.
LOG_R0145;LOG_P009;LOG_T005;LOG_TA012;alta;El logopeda debe adaptar la tarea a edad, evaluación, objetivos, contexto familiar/escolar/laboral, seguridad y normativa aplicable.
LOG_R0146;LOG_P009;LOG_T005;LOG_TA013;media;El logopeda debe adaptar la tarea a edad, evaluación, objetivos, contexto familiar/escolar/laboral, seguridad y normativa aplicable.
LOG_R0147;LOG_P009;LOG_T005;LOG_TA014;media;El logopeda debe adaptar la tarea a edad, evaluación, objetivos, contexto familiar/escolar/laboral, seguridad y normativa aplicable.
LOG_R0148;LOG_P009;LOG_T005;LOG_TA073;media;El logopeda debe adaptar la tarea a edad, evaluación, objetivos, contexto familiar/escolar/laboral, seguridad y normativa aplicable.
LOG_R0149;LOG_P009;LOG_T007;LOG_TA017;media;El logopeda debe adaptar la tarea a edad, evaluación, objetivos, contexto familiar/escolar/laboral, seguridad y normativa aplicable.
LOG_R0150;LOG_P009;LOG_T007;LOG_TA018;media;El logopeda debe adaptar la tarea a edad, evaluación, objetivos, contexto familiar/escolar/laboral, seguridad y normativa aplicable.
LOG_R0151;LOG_P009;LOG_T008;LOG_TA019;media;El logopeda debe adaptar la tarea a edad, evaluación, objetivos, contexto familiar/escolar/laboral, seguridad y normativa aplicable.
LOG_R0152;LOG_P009;LOG_T008;LOG_TA020;media;El logopeda debe adaptar la tarea a edad, evaluación, objetivos, contexto familiar/escolar/laboral, seguridad y normativa aplicable.
LOG_R0153;LOG_P009;LOG_T008;LOG_TA072;media;El logopeda debe adaptar la tarea a edad, evaluación, objetivos, contexto familiar/escolar/laboral, seguridad y normativa aplicable.
LOG_R0154;LOG_P009;LOG_T008;LOG_TA074;media;El logopeda debe adaptar la tarea a edad, evaluación, objetivos, contexto familiar/escolar/laboral, seguridad y normativa aplicable.
LOG_R0155;LOG_P009;LOG_T027;LOG_TA060;media;El logopeda debe adaptar la tarea a edad, evaluación, objetivos, contexto familiar/escolar/laboral, seguridad y normativa aplicable.
LOG_R0156;LOG_P009;LOG_T027;LOG_TA062;media;El logopeda debe adaptar la tarea a edad, evaluación, objetivos, contexto familiar/escolar/laboral, seguridad y normativa aplicable.
LOG_R0157;LOG_P009;LOG_T027;LOG_TA066;media;El logopeda debe adaptar la tarea a edad, evaluación, objetivos, contexto familiar/escolar/laboral, seguridad y normativa aplicable.
LOG_R0158;LOG_P009;LOG_T029;LOG_TA063;media;El logopeda debe adaptar la tarea a edad, evaluación, objetivos, contexto familiar/escolar/laboral, seguridad y normativa aplicable.
LOG_R0159;LOG_P009;LOG_T029;LOG_TA068;media;El logopeda debe adaptar la tarea a edad, evaluación, objetivos, contexto familiar/escolar/laboral, seguridad y normativa aplicable.
LOG_R0160;LOG_P010;LOG_T001;LOG_TA001;alta;El logopeda debe adaptar la tarea a edad, evaluación, objetivos, contexto familiar/escolar/laboral, seguridad y normativa aplicable.
LOG_R0161;LOG_P010;LOG_T001;LOG_TA002;media;El logopeda debe adaptar la tarea a edad, evaluación, objetivos, contexto familiar/escolar/laboral, seguridad y normativa aplicable.
LOG_R0162;LOG_P010;LOG_T001;LOG_TA003;alta;El logopeda debe adaptar la tarea a edad, evaluación, objetivos, contexto familiar/escolar/laboral, seguridad y normativa aplicable.
LOG_R0163;LOG_P010;LOG_T001;LOG_TA004;media;El logopeda debe adaptar la tarea a edad, evaluación, objetivos, contexto familiar/escolar/laboral, seguridad y normativa aplicable.
LOG_R0164;LOG_P010;LOG_T009;LOG_TA021;media;El logopeda debe adaptar la tarea a edad, evaluación, objetivos, contexto familiar/escolar/laboral, seguridad y normativa aplicable.
LOG_R0165;LOG_P010;LOG_T009;LOG_TA022;media;El logopeda debe adaptar la tarea a edad, evaluación, objetivos, contexto familiar/escolar/laboral, seguridad y normativa aplicable.
LOG_R0166;LOG_P010;LOG_T027;LOG_TA060;media;El logopeda debe adaptar la tarea a edad, evaluación, objetivos, contexto familiar/escolar/laboral, seguridad y normativa aplicable.
LOG_R0167;LOG_P010;LOG_T027;LOG_TA062;media;El logopeda debe adaptar la tarea a edad, evaluación, objetivos, contexto familiar/escolar/laboral, seguridad y normativa aplicable.
LOG_R0168;LOG_P010;LOG_T027;LOG_TA066;media;El logopeda debe adaptar la tarea a edad, evaluación, objetivos, contexto familiar/escolar/laboral, seguridad y normativa aplicable.
LOG_R0169;LOG_P010;LOG_T029;LOG_TA063;media;El logopeda debe adaptar la tarea a edad, evaluación, objetivos, contexto familiar/escolar/laboral, seguridad y normativa aplicable.
LOG_R0170;LOG_P010;LOG_T029;LOG_TA068;media;El logopeda debe adaptar la tarea a edad, evaluación, objetivos, contexto familiar/escolar/laboral, seguridad y normativa aplicable.
LOG_R0171;LOG_P011;LOG_T001;LOG_TA001;alta;El logopeda debe adaptar la tarea a edad, evaluación, objetivos, contexto familiar/escolar/laboral, seguridad y normativa aplicable.
LOG_R0172;LOG_P011;LOG_T001;LOG_TA002;media;El logopeda debe adaptar la tarea a edad, evaluación, objetivos, contexto familiar/escolar/laboral, seguridad y normativa aplicable.
LOG_R0173;LOG_P011;LOG_T001;LOG_TA003;alta;El logopeda debe adaptar la tarea a edad, evaluación, objetivos, contexto familiar/escolar/laboral, seguridad y normativa aplicable.
LOG_R0174;LOG_P011;LOG_T001;LOG_TA004;media;El logopeda debe adaptar la tarea a edad, evaluación, objetivos, contexto familiar/escolar/laboral, seguridad y normativa aplicable.
LOG_R0175;LOG_P011;LOG_T010;LOG_TA023;alta;El logopeda debe adaptar la tarea a edad, evaluación, objetivos, contexto familiar/escolar/laboral, seguridad y normativa aplicable.
LOG_R0176;LOG_P011;LOG_T010;LOG_TA024;media;El logopeda debe adaptar la tarea a edad, evaluación, objetivos, contexto familiar/escolar/laboral, seguridad y normativa aplicable.
LOG_R0177;LOG_P011;LOG_T010;LOG_TA025;media;El logopeda debe adaptar la tarea a edad, evaluación, objetivos, contexto familiar/escolar/laboral, seguridad y normativa aplicable.
LOG_R0178;LOG_P011;LOG_T011;LOG_TA026;media;El logopeda debe adaptar la tarea a edad, evaluación, objetivos, contexto familiar/escolar/laboral, seguridad y normativa aplicable.
LOG_R0179;LOG_P011;LOG_T027;LOG_TA060;media;El logopeda debe adaptar la tarea a edad, evaluación, objetivos, contexto familiar/escolar/laboral, seguridad y normativa aplicable.
LOG_R0180;LOG_P011;LOG_T027;LOG_TA062;media;El logopeda debe adaptar la tarea a edad, evaluación, objetivos, contexto familiar/escolar/laboral, seguridad y normativa aplicable.
LOG_R0181;LOG_P011;LOG_T027;LOG_TA066;media;El logopeda debe adaptar la tarea a edad, evaluación, objetivos, contexto familiar/escolar/laboral, seguridad y normativa aplicable.
LOG_R0182;LOG_P011;LOG_T029;LOG_TA063;media;El logopeda debe adaptar la tarea a edad, evaluación, objetivos, contexto familiar/escolar/laboral, seguridad y normativa aplicable.
LOG_R0183;LOG_P011;LOG_T029;LOG_TA068;media;El logopeda debe adaptar la tarea a edad, evaluación, objetivos, contexto familiar/escolar/laboral, seguridad y normativa aplicable.
LOG_R0184;LOG_P012;LOG_T001;LOG_TA001;alta;El logopeda debe adaptar la tarea a edad, evaluación, objetivos, contexto familiar/escolar/laboral, seguridad y normativa aplicable.
LOG_R0185;LOG_P012;LOG_T001;LOG_TA002;media;El logopeda debe adaptar la tarea a edad, evaluación, objetivos, contexto familiar/escolar/laboral, seguridad y normativa aplicable.
LOG_R0186;LOG_P012;LOG_T001;LOG_TA003;alta;El logopeda debe adaptar la tarea a edad, evaluación, objetivos, contexto familiar/escolar/laboral, seguridad y normativa aplicable.
LOG_R0187;LOG_P012;LOG_T001;LOG_TA004;media;El logopeda debe adaptar la tarea a edad, evaluación, objetivos, contexto familiar/escolar/laboral, seguridad y normativa aplicable.
LOG_R0188;LOG_P012;LOG_T010;LOG_TA023;alta;El logopeda debe adaptar la tarea a edad, evaluación, objetivos, contexto familiar/escolar/laboral, seguridad y normativa aplicable.
LOG_R0189;LOG_P012;LOG_T010;LOG_TA024;media;El logopeda debe adaptar la tarea a edad, evaluación, objetivos, contexto familiar/escolar/laboral, seguridad y normativa aplicable.
LOG_R0190;LOG_P012;LOG_T010;LOG_TA025;media;El logopeda debe adaptar la tarea a edad, evaluación, objetivos, contexto familiar/escolar/laboral, seguridad y normativa aplicable.
LOG_R0191;LOG_P012;LOG_T023;LOG_TA050;alta;El logopeda debe adaptar la tarea a edad, evaluación, objetivos, contexto familiar/escolar/laboral, seguridad y normativa aplicable.
LOG_R0192;LOG_P012;LOG_T023;LOG_TA051;media;El logopeda debe adaptar la tarea a edad, evaluación, objetivos, contexto familiar/escolar/laboral, seguridad y normativa aplicable.
LOG_R0193;LOG_P012;LOG_T023;LOG_TA075;media;El logopeda debe adaptar la tarea a edad, evaluación, objetivos, contexto familiar/escolar/laboral, seguridad y normativa aplicable.
LOG_R0194;LOG_P012;LOG_T027;LOG_TA060;media;El logopeda debe adaptar la tarea a edad, evaluación, objetivos, contexto familiar/escolar/laboral, seguridad y normativa aplicable.
LOG_R0195;LOG_P012;LOG_T027;LOG_TA062;media;El logopeda debe adaptar la tarea a edad, evaluación, objetivos, contexto familiar/escolar/laboral, seguridad y normativa aplicable.
LOG_R0196;LOG_P012;LOG_T027;LOG_TA066;media;El logopeda debe adaptar la tarea a edad, evaluación, objetivos, contexto familiar/escolar/laboral, seguridad y normativa aplicable.
LOG_R0197;LOG_P012;LOG_T029;LOG_TA063;media;El logopeda debe adaptar la tarea a edad, evaluación, objetivos, contexto familiar/escolar/laboral, seguridad y normativa aplicable.
LOG_R0198;LOG_P012;LOG_T029;LOG_TA068;media;El logopeda debe adaptar la tarea a edad, evaluación, objetivos, contexto familiar/escolar/laboral, seguridad y normativa aplicable.
LOG_R0199;LOG_P013;LOG_T001;LOG_TA001;alta;El logopeda debe adaptar la tarea a edad, evaluación, objetivos, contexto familiar/escolar/laboral, seguridad y normativa aplicable.
LOG_R0200;LOG_P013;LOG_T001;LOG_TA002;media;El logopeda debe adaptar la tarea a edad, evaluación, objetivos, contexto familiar/escolar/laboral, seguridad y normativa aplicable.
LOG_R0201;LOG_P013;LOG_T001;LOG_TA003;alta;El logopeda debe adaptar la tarea a edad, evaluación, objetivos, contexto familiar/escolar/laboral, seguridad y normativa aplicable.
LOG_R0202;LOG_P013;LOG_T001;LOG_TA004;media;El logopeda debe adaptar la tarea a edad, evaluación, objetivos, contexto familiar/escolar/laboral, seguridad y normativa aplicable.
LOG_R0203;LOG_P013;LOG_T010;LOG_TA023;alta;El logopeda debe adaptar la tarea a edad, evaluación, objetivos, contexto familiar/escolar/laboral, seguridad y normativa aplicable.
LOG_R0204;LOG_P013;LOG_T010;LOG_TA024;media;El logopeda debe adaptar la tarea a edad, evaluación, objetivos, contexto familiar/escolar/laboral, seguridad y normativa aplicable.
LOG_R0205;LOG_P013;LOG_T010;LOG_TA025;media;El logopeda debe adaptar la tarea a edad, evaluación, objetivos, contexto familiar/escolar/laboral, seguridad y normativa aplicable.
LOG_R0206;LOG_P013;LOG_T011;LOG_TA026;media;El logopeda debe adaptar la tarea a edad, evaluación, objetivos, contexto familiar/escolar/laboral, seguridad y normativa aplicable.
LOG_R0207;LOG_P013;LOG_T022;LOG_TA047;media;El logopeda debe adaptar la tarea a edad, evaluación, objetivos, contexto familiar/escolar/laboral, seguridad y normativa aplicable.
LOG_R0208;LOG_P013;LOG_T022;LOG_TA048;media;El logopeda debe adaptar la tarea a edad, evaluación, objetivos, contexto familiar/escolar/laboral, seguridad y normativa aplicable.
LOG_R0209;LOG_P013;LOG_T022;LOG_TA049;media;El logopeda debe adaptar la tarea a edad, evaluación, objetivos, contexto familiar/escolar/laboral, seguridad y normativa aplicable.
LOG_R0210;LOG_P013;LOG_T022;LOG_TA067;media;El logopeda debe adaptar la tarea a edad, evaluación, objetivos, contexto familiar/escolar/laboral, seguridad y normativa aplicable.
LOG_R0211;LOG_P013;LOG_T022;LOG_TA080;media;El logopeda debe adaptar la tarea a edad, evaluación, objetivos, contexto familiar/escolar/laboral, seguridad y normativa aplicable.
LOG_R0212;LOG_P013;LOG_T027;LOG_TA060;media;El logopeda debe adaptar la tarea a edad, evaluación, objetivos, contexto familiar/escolar/laboral, seguridad y normativa aplicable.
LOG_R0213;LOG_P013;LOG_T027;LOG_TA062;media;El logopeda debe adaptar la tarea a edad, evaluación, objetivos, contexto familiar/escolar/laboral, seguridad y normativa aplicable.
LOG_R0214;LOG_P013;LOG_T027;LOG_TA066;media;El logopeda debe adaptar la tarea a edad, evaluación, objetivos, contexto familiar/escolar/laboral, seguridad y normativa aplicable.
LOG_R0215;LOG_P013;LOG_T029;LOG_TA063;media;El logopeda debe adaptar la tarea a edad, evaluación, objetivos, contexto familiar/escolar/laboral, seguridad y normativa aplicable.
LOG_R0216;LOG_P013;LOG_T029;LOG_TA068;media;El logopeda debe adaptar la tarea a edad, evaluación, objetivos, contexto familiar/escolar/laboral, seguridad y normativa aplicable.
LOG_R0217;LOG_P014;LOG_T001;LOG_TA001;alta;El logopeda debe adaptar la tarea a edad, evaluación, objetivos, contexto familiar/escolar/laboral, seguridad y normativa aplicable.
LOG_R0218;LOG_P014;LOG_T001;LOG_TA002;media;El logopeda debe adaptar la tarea a edad, evaluación, objetivos, contexto familiar/escolar/laboral, seguridad y normativa aplicable.
LOG_R0219;LOG_P014;LOG_T001;LOG_TA003;alta;El logopeda debe adaptar la tarea a edad, evaluación, objetivos, contexto familiar/escolar/laboral, seguridad y normativa aplicable.
LOG_R0220;LOG_P014;LOG_T001;LOG_TA004;media;El logopeda debe adaptar la tarea a edad, evaluación, objetivos, contexto familiar/escolar/laboral, seguridad y normativa aplicable.
LOG_R0221;LOG_P014;LOG_T012;LOG_TA027;alta;El logopeda debe adaptar la tarea a edad, evaluación, objetivos, contexto familiar/escolar/laboral, seguridad y normativa aplicable.
LOG_R0222;LOG_P014;LOG_T012;LOG_TA028;media;El logopeda debe adaptar la tarea a edad, evaluación, objetivos, contexto familiar/escolar/laboral, seguridad y normativa aplicable.
LOG_R0223;LOG_P014;LOG_T012;LOG_TA077;media;El logopeda debe adaptar la tarea a edad, evaluación, objetivos, contexto familiar/escolar/laboral, seguridad y normativa aplicable.
LOG_R0224;LOG_P014;LOG_T012;LOG_TA078;media;El logopeda debe adaptar la tarea a edad, evaluación, objetivos, contexto familiar/escolar/laboral, seguridad y normativa aplicable.
LOG_R0225;LOG_P014;LOG_T013;LOG_TA029;media;El logopeda debe adaptar la tarea a edad, evaluación, objetivos, contexto familiar/escolar/laboral, seguridad y normativa aplicable.
LOG_R0226;LOG_P014;LOG_T013;LOG_TA030;media;El logopeda debe adaptar la tarea a edad, evaluación, objetivos, contexto familiar/escolar/laboral, seguridad y normativa aplicable.
LOG_R0227;LOG_P014;LOG_T027;LOG_TA060;media;El logopeda debe adaptar la tarea a edad, evaluación, objetivos, contexto familiar/escolar/laboral, seguridad y normativa aplicable.
LOG_R0228;LOG_P014;LOG_T027;LOG_TA062;media;El logopeda debe adaptar la tarea a edad, evaluación, objetivos, contexto familiar/escolar/laboral, seguridad y normativa aplicable.
LOG_R0229;LOG_P014;LOG_T027;LOG_TA066;media;El logopeda debe adaptar la tarea a edad, evaluación, objetivos, contexto familiar/escolar/laboral, seguridad y normativa aplicable.
LOG_R0230;LOG_P014;LOG_T029;LOG_TA063;media;El logopeda debe adaptar la tarea a edad, evaluación, objetivos, contexto familiar/escolar/laboral, seguridad y normativa aplicable.
LOG_R0231;LOG_P014;LOG_T029;LOG_TA068;media;El logopeda debe adaptar la tarea a edad, evaluación, objetivos, contexto familiar/escolar/laboral, seguridad y normativa aplicable.
LOG_R0232;LOG_P014;LOG_T030;LOG_TA064;alta;El logopeda debe adaptar la tarea a edad, evaluación, objetivos, contexto familiar/escolar/laboral, seguridad y normativa aplicable.
LOG_R0233;LOG_P015;LOG_T001;LOG_TA001;alta;El logopeda debe adaptar la tarea a edad, evaluación, objetivos, contexto familiar/escolar/laboral, seguridad y normativa aplicable.
LOG_R0234;LOG_P015;LOG_T001;LOG_TA002;media;El logopeda debe adaptar la tarea a edad, evaluación, objetivos, contexto familiar/escolar/laboral, seguridad y normativa aplicable.
LOG_R0235;LOG_P015;LOG_T001;LOG_TA003;alta;El logopeda debe adaptar la tarea a edad, evaluación, objetivos, contexto familiar/escolar/laboral, seguridad y normativa aplicable.
LOG_R0236;LOG_P015;LOG_T001;LOG_TA004;media;El logopeda debe adaptar la tarea a edad, evaluación, objetivos, contexto familiar/escolar/laboral, seguridad y normativa aplicable.
LOG_R0237;LOG_P015;LOG_T012;LOG_TA027;alta;El logopeda debe adaptar la tarea a edad, evaluación, objetivos, contexto familiar/escolar/laboral, seguridad y normativa aplicable.
LOG_R0238;LOG_P015;LOG_T012;LOG_TA028;media;El logopeda debe adaptar la tarea a edad, evaluación, objetivos, contexto familiar/escolar/laboral, seguridad y normativa aplicable.
LOG_R0239;LOG_P015;LOG_T012;LOG_TA077;media;El logopeda debe adaptar la tarea a edad, evaluación, objetivos, contexto familiar/escolar/laboral, seguridad y normativa aplicable.
LOG_R0240;LOG_P015;LOG_T012;LOG_TA078;media;El logopeda debe adaptar la tarea a edad, evaluación, objetivos, contexto familiar/escolar/laboral, seguridad y normativa aplicable.
LOG_R0241;LOG_P015;LOG_T013;LOG_TA029;media;El logopeda debe adaptar la tarea a edad, evaluación, objetivos, contexto familiar/escolar/laboral, seguridad y normativa aplicable.
LOG_R0242;LOG_P015;LOG_T013;LOG_TA030;media;El logopeda debe adaptar la tarea a edad, evaluación, objetivos, contexto familiar/escolar/laboral, seguridad y normativa aplicable.
LOG_R0243;LOG_P015;LOG_T027;LOG_TA060;media;El logopeda debe adaptar la tarea a edad, evaluación, objetivos, contexto familiar/escolar/laboral, seguridad y normativa aplicable.
LOG_R0244;LOG_P015;LOG_T027;LOG_TA062;media;El logopeda debe adaptar la tarea a edad, evaluación, objetivos, contexto familiar/escolar/laboral, seguridad y normativa aplicable.
LOG_R0245;LOG_P015;LOG_T027;LOG_TA066;media;El logopeda debe adaptar la tarea a edad, evaluación, objetivos, contexto familiar/escolar/laboral, seguridad y normativa aplicable.
LOG_R0246;LOG_P015;LOG_T029;LOG_TA063;media;El logopeda debe adaptar la tarea a edad, evaluación, objetivos, contexto familiar/escolar/laboral, seguridad y normativa aplicable.
LOG_R0247;LOG_P015;LOG_T029;LOG_TA068;media;El logopeda debe adaptar la tarea a edad, evaluación, objetivos, contexto familiar/escolar/laboral, seguridad y normativa aplicable.
LOG_R0248;LOG_P016;LOG_T001;LOG_TA001;alta;El logopeda debe adaptar la tarea a edad, evaluación, objetivos, contexto familiar/escolar/laboral, seguridad y normativa aplicable.
LOG_R0249;LOG_P016;LOG_T001;LOG_TA002;media;El logopeda debe adaptar la tarea a edad, evaluación, objetivos, contexto familiar/escolar/laboral, seguridad y normativa aplicable.
LOG_R0250;LOG_P016;LOG_T001;LOG_TA003;alta;El logopeda debe adaptar la tarea a edad, evaluación, objetivos, contexto familiar/escolar/laboral, seguridad y normativa aplicable.
LOG_R0251;LOG_P016;LOG_T001;LOG_TA004;media;El logopeda debe adaptar la tarea a edad, evaluación, objetivos, contexto familiar/escolar/laboral, seguridad y normativa aplicable.
LOG_R0252;LOG_P016;LOG_T012;LOG_TA027;alta;El logopeda debe adaptar la tarea a edad, evaluación, objetivos, contexto familiar/escolar/laboral, seguridad y normativa aplicable.
LOG_R0253;LOG_P016;LOG_T012;LOG_TA028;media;El logopeda debe adaptar la tarea a edad, evaluación, objetivos, contexto familiar/escolar/laboral, seguridad y normativa aplicable.
LOG_R0254;LOG_P016;LOG_T012;LOG_TA077;media;El logopeda debe adaptar la tarea a edad, evaluación, objetivos, contexto familiar/escolar/laboral, seguridad y normativa aplicable.
LOG_R0255;LOG_P016;LOG_T012;LOG_TA078;media;El logopeda debe adaptar la tarea a edad, evaluación, objetivos, contexto familiar/escolar/laboral, seguridad y normativa aplicable.
LOG_R0256;LOG_P016;LOG_T027;LOG_TA060;media;El logopeda debe adaptar la tarea a edad, evaluación, objetivos, contexto familiar/escolar/laboral, seguridad y normativa aplicable.
LOG_R0257;LOG_P016;LOG_T027;LOG_TA062;media;El logopeda debe adaptar la tarea a edad, evaluación, objetivos, contexto familiar/escolar/laboral, seguridad y normativa aplicable.
LOG_R0258;LOG_P016;LOG_T027;LOG_TA066;media;El logopeda debe adaptar la tarea a edad, evaluación, objetivos, contexto familiar/escolar/laboral, seguridad y normativa aplicable.
LOG_R0259;LOG_P016;LOG_T029;LOG_TA063;media;El logopeda debe adaptar la tarea a edad, evaluación, objetivos, contexto familiar/escolar/laboral, seguridad y normativa aplicable.
LOG_R0260;LOG_P016;LOG_T029;LOG_TA068;media;El logopeda debe adaptar la tarea a edad, evaluación, objetivos, contexto familiar/escolar/laboral, seguridad y normativa aplicable.
LOG_R0261;LOG_P017;LOG_T001;LOG_TA001;alta;El logopeda debe adaptar la tarea a edad, evaluación, objetivos, contexto familiar/escolar/laboral, seguridad y normativa aplicable.
LOG_R0262;LOG_P017;LOG_T001;LOG_TA002;media;El logopeda debe adaptar la tarea a edad, evaluación, objetivos, contexto familiar/escolar/laboral, seguridad y normativa aplicable.
LOG_R0263;LOG_P017;LOG_T001;LOG_TA003;alta;El logopeda debe adaptar la tarea a edad, evaluación, objetivos, contexto familiar/escolar/laboral, seguridad y normativa aplicable.
LOG_R0264;LOG_P017;LOG_T001;LOG_TA004;media;El logopeda debe adaptar la tarea a edad, evaluación, objetivos, contexto familiar/escolar/laboral, seguridad y normativa aplicable.
LOG_R0265;LOG_P017;LOG_T013;LOG_TA029;media;El logopeda debe adaptar la tarea a edad, evaluación, objetivos, contexto familiar/escolar/laboral, seguridad y normativa aplicable.
LOG_R0266;LOG_P017;LOG_T013;LOG_TA030;media;El logopeda debe adaptar la tarea a edad, evaluación, objetivos, contexto familiar/escolar/laboral, seguridad y normativa aplicable.
LOG_R0267;LOG_P017;LOG_T028;LOG_TA061;media;El logopeda debe adaptar la tarea a edad, evaluación, objetivos, contexto familiar/escolar/laboral, seguridad y normativa aplicable.
LOG_R0268;LOG_P017;LOG_T028;LOG_TA065;media;El logopeda debe adaptar la tarea a edad, evaluación, objetivos, contexto familiar/escolar/laboral, seguridad y normativa aplicable.
LOG_R0269;LOG_P017;LOG_T030;LOG_TA064;alta;El logopeda debe adaptar la tarea a edad, evaluación, objetivos, contexto familiar/escolar/laboral, seguridad y normativa aplicable.
LOG_R0270;LOG_P018;LOG_T001;LOG_TA001;alta;El logopeda debe adaptar la tarea a edad, evaluación, objetivos, contexto familiar/escolar/laboral, seguridad y normativa aplicable.
LOG_R0271;LOG_P018;LOG_T001;LOG_TA002;media;El logopeda debe adaptar la tarea a edad, evaluación, objetivos, contexto familiar/escolar/laboral, seguridad y normativa aplicable.
LOG_R0272;LOG_P018;LOG_T001;LOG_TA003;alta;El logopeda debe adaptar la tarea a edad, evaluación, objetivos, contexto familiar/escolar/laboral, seguridad y normativa aplicable.
LOG_R0273;LOG_P018;LOG_T001;LOG_TA004;media;El logopeda debe adaptar la tarea a edad, evaluación, objetivos, contexto familiar/escolar/laboral, seguridad y normativa aplicable.
LOG_R0274;LOG_P018;LOG_T016;LOG_TA034;alta;El logopeda debe adaptar la tarea a edad, evaluación, objetivos, contexto familiar/escolar/laboral, seguridad y normativa aplicable.
LOG_R0275;LOG_P018;LOG_T016;LOG_TA035;media;El logopeda debe adaptar la tarea a edad, evaluación, objetivos, contexto familiar/escolar/laboral, seguridad y normativa aplicable.
LOG_R0276;LOG_P018;LOG_T022;LOG_TA047;media;El logopeda debe adaptar la tarea a edad, evaluación, objetivos, contexto familiar/escolar/laboral, seguridad y normativa aplicable.
LOG_R0277;LOG_P018;LOG_T022;LOG_TA048;media;El logopeda debe adaptar la tarea a edad, evaluación, objetivos, contexto familiar/escolar/laboral, seguridad y normativa aplicable.
LOG_R0278;LOG_P018;LOG_T022;LOG_TA049;media;El logopeda debe adaptar la tarea a edad, evaluación, objetivos, contexto familiar/escolar/laboral, seguridad y normativa aplicable.
LOG_R0279;LOG_P018;LOG_T022;LOG_TA067;media;El logopeda debe adaptar la tarea a edad, evaluación, objetivos, contexto familiar/escolar/laboral, seguridad y normativa aplicable.
LOG_R0280;LOG_P018;LOG_T022;LOG_TA080;media;El logopeda debe adaptar la tarea a edad, evaluación, objetivos, contexto familiar/escolar/laboral, seguridad y normativa aplicable.
LOG_R0281;LOG_P018;LOG_T028;LOG_TA061;media;El logopeda debe adaptar la tarea a edad, evaluación, objetivos, contexto familiar/escolar/laboral, seguridad y normativa aplicable.
LOG_R0282;LOG_P018;LOG_T028;LOG_TA065;media;El logopeda debe adaptar la tarea a edad, evaluación, objetivos, contexto familiar/escolar/laboral, seguridad y normativa aplicable.
LOG_R0283;LOG_P018;LOG_T030;LOG_TA064;alta;El logopeda debe adaptar la tarea a edad, evaluación, objetivos, contexto familiar/escolar/laboral, seguridad y normativa aplicable.
LOG_R0284;LOG_P019;LOG_T001;LOG_TA001;alta;El logopeda debe adaptar la tarea a edad, evaluación, objetivos, contexto familiar/escolar/laboral, seguridad y normativa aplicable.
LOG_R0285;LOG_P019;LOG_T001;LOG_TA002;media;El logopeda debe adaptar la tarea a edad, evaluación, objetivos, contexto familiar/escolar/laboral, seguridad y normativa aplicable.
LOG_R0286;LOG_P019;LOG_T001;LOG_TA003;alta;El logopeda debe adaptar la tarea a edad, evaluación, objetivos, contexto familiar/escolar/laboral, seguridad y normativa aplicable.
LOG_R0287;LOG_P019;LOG_T001;LOG_TA004;media;El logopeda debe adaptar la tarea a edad, evaluación, objetivos, contexto familiar/escolar/laboral, seguridad y normativa aplicable.
LOG_R0288;LOG_P019;LOG_T016;LOG_TA034;alta;El logopeda debe adaptar la tarea a edad, evaluación, objetivos, contexto familiar/escolar/laboral, seguridad y normativa aplicable.
LOG_R0289;LOG_P019;LOG_T016;LOG_TA035;media;El logopeda debe adaptar la tarea a edad, evaluación, objetivos, contexto familiar/escolar/laboral, seguridad y normativa aplicable.
LOG_R0290;LOG_P019;LOG_T027;LOG_TA060;media;El logopeda debe adaptar la tarea a edad, evaluación, objetivos, contexto familiar/escolar/laboral, seguridad y normativa aplicable.
LOG_R0291;LOG_P019;LOG_T027;LOG_TA062;media;El logopeda debe adaptar la tarea a edad, evaluación, objetivos, contexto familiar/escolar/laboral, seguridad y normativa aplicable.
LOG_R0292;LOG_P019;LOG_T027;LOG_TA066;media;El logopeda debe adaptar la tarea a edad, evaluación, objetivos, contexto familiar/escolar/laboral, seguridad y normativa aplicable.
LOG_R0293;LOG_P019;LOG_T028;LOG_TA061;media;El logopeda debe adaptar la tarea a edad, evaluación, objetivos, contexto familiar/escolar/laboral, seguridad y normativa aplicable.
LOG_R0294;LOG_P019;LOG_T028;LOG_TA065;media;El logopeda debe adaptar la tarea a edad, evaluación, objetivos, contexto familiar/escolar/laboral, seguridad y normativa aplicable.
LOG_R0295;LOG_P019;LOG_T030;LOG_TA064;alta;El logopeda debe adaptar la tarea a edad, evaluación, objetivos, contexto familiar/escolar/laboral, seguridad y normativa aplicable.
LOG_R0296;LOG_P020;LOG_T001;LOG_TA001;alta;El logopeda debe adaptar la tarea a edad, evaluación, objetivos, contexto familiar/escolar/laboral, seguridad y normativa aplicable.
LOG_R0297;LOG_P020;LOG_T001;LOG_TA002;media;El logopeda debe adaptar la tarea a edad, evaluación, objetivos, contexto familiar/escolar/laboral, seguridad y normativa aplicable.
LOG_R0298;LOG_P020;LOG_T001;LOG_TA003;alta;El logopeda debe adaptar la tarea a edad, evaluación, objetivos, contexto familiar/escolar/laboral, seguridad y normativa aplicable.
LOG_R0299;LOG_P020;LOG_T001;LOG_TA004;media;El logopeda debe adaptar la tarea a edad, evaluación, objetivos, contexto familiar/escolar/laboral, seguridad y normativa aplicable.
LOG_R0300;LOG_P020;LOG_T014;LOG_TA031;media;El logopeda debe adaptar la tarea a edad, evaluación, objetivos, contexto familiar/escolar/laboral, seguridad y normativa aplicable.
LOG_R0301;LOG_P020;LOG_T014;LOG_TA032;media;El logopeda debe adaptar la tarea a edad, evaluación, objetivos, contexto familiar/escolar/laboral, seguridad y normativa aplicable.
LOG_R0302;LOG_P020;LOG_T014;LOG_TA070;media;El logopeda debe adaptar la tarea a edad, evaluación, objetivos, contexto familiar/escolar/laboral, seguridad y normativa aplicable.
LOG_R0303;LOG_P020;LOG_T015;LOG_TA033;media;El logopeda debe adaptar la tarea a edad, evaluación, objetivos, contexto familiar/escolar/laboral, seguridad y normativa aplicable.
LOG_R0304;LOG_P020;LOG_T015;LOG_TA069;media;El logopeda debe adaptar la tarea a edad, evaluación, objetivos, contexto familiar/escolar/laboral, seguridad y normativa aplicable.
LOG_R0305;LOG_P020;LOG_T015;LOG_TA071;media;El logopeda debe adaptar la tarea a edad, evaluación, objetivos, contexto familiar/escolar/laboral, seguridad y normativa aplicable.
LOG_R0306;LOG_P020;LOG_T016;LOG_TA034;alta;El logopeda debe adaptar la tarea a edad, evaluación, objetivos, contexto familiar/escolar/laboral, seguridad y normativa aplicable.
LOG_R0307;LOG_P020;LOG_T016;LOG_TA035;media;El logopeda debe adaptar la tarea a edad, evaluación, objetivos, contexto familiar/escolar/laboral, seguridad y normativa aplicable.
LOG_R0308;LOG_P020;LOG_T027;LOG_TA060;media;El logopeda debe adaptar la tarea a edad, evaluación, objetivos, contexto familiar/escolar/laboral, seguridad y normativa aplicable.
LOG_R0309;LOG_P020;LOG_T027;LOG_TA062;media;El logopeda debe adaptar la tarea a edad, evaluación, objetivos, contexto familiar/escolar/laboral, seguridad y normativa aplicable.
LOG_R0310;LOG_P020;LOG_T027;LOG_TA066;media;El logopeda debe adaptar la tarea a edad, evaluación, objetivos, contexto familiar/escolar/laboral, seguridad y normativa aplicable.
LOG_R0311;LOG_P020;LOG_T028;LOG_TA061;media;El logopeda debe adaptar la tarea a edad, evaluación, objetivos, contexto familiar/escolar/laboral, seguridad y normativa aplicable.
LOG_R0312;LOG_P020;LOG_T028;LOG_TA065;media;El logopeda debe adaptar la tarea a edad, evaluación, objetivos, contexto familiar/escolar/laboral, seguridad y normativa aplicable.
LOG_R0313;LOG_P020;LOG_T030;LOG_TA064;alta;El logopeda debe adaptar la tarea a edad, evaluación, objetivos, contexto familiar/escolar/laboral, seguridad y normativa aplicable.
LOG_R0314;LOG_P021;LOG_T001;LOG_TA001;alta;El logopeda debe adaptar la tarea a edad, evaluación, objetivos, contexto familiar/escolar/laboral, seguridad y normativa aplicable.
LOG_R0315;LOG_P021;LOG_T001;LOG_TA002;media;El logopeda debe adaptar la tarea a edad, evaluación, objetivos, contexto familiar/escolar/laboral, seguridad y normativa aplicable.
LOG_R0316;LOG_P021;LOG_T001;LOG_TA003;alta;El logopeda debe adaptar la tarea a edad, evaluación, objetivos, contexto familiar/escolar/laboral, seguridad y normativa aplicable.
LOG_R0317;LOG_P021;LOG_T001;LOG_TA004;media;El logopeda debe adaptar la tarea a edad, evaluación, objetivos, contexto familiar/escolar/laboral, seguridad y normativa aplicable.
LOG_R0318;LOG_P021;LOG_T014;LOG_TA031;media;El logopeda debe adaptar la tarea a edad, evaluación, objetivos, contexto familiar/escolar/laboral, seguridad y normativa aplicable.
LOG_R0319;LOG_P021;LOG_T014;LOG_TA032;media;El logopeda debe adaptar la tarea a edad, evaluación, objetivos, contexto familiar/escolar/laboral, seguridad y normativa aplicable.
LOG_R0320;LOG_P021;LOG_T014;LOG_TA070;media;El logopeda debe adaptar la tarea a edad, evaluación, objetivos, contexto familiar/escolar/laboral, seguridad y normativa aplicable.
LOG_R0321;LOG_P021;LOG_T015;LOG_TA033;media;El logopeda debe adaptar la tarea a edad, evaluación, objetivos, contexto familiar/escolar/laboral, seguridad y normativa aplicable.
LOG_R0322;LOG_P021;LOG_T015;LOG_TA069;media;El logopeda debe adaptar la tarea a edad, evaluación, objetivos, contexto familiar/escolar/laboral, seguridad y normativa aplicable.
LOG_R0323;LOG_P021;LOG_T015;LOG_TA071;media;El logopeda debe adaptar la tarea a edad, evaluación, objetivos, contexto familiar/escolar/laboral, seguridad y normativa aplicable.
LOG_R0324;LOG_P021;LOG_T027;LOG_TA060;media;El logopeda debe adaptar la tarea a edad, evaluación, objetivos, contexto familiar/escolar/laboral, seguridad y normativa aplicable.
LOG_R0325;LOG_P021;LOG_T027;LOG_TA062;media;El logopeda debe adaptar la tarea a edad, evaluación, objetivos, contexto familiar/escolar/laboral, seguridad y normativa aplicable.
LOG_R0326;LOG_P021;LOG_T027;LOG_TA066;media;El logopeda debe adaptar la tarea a edad, evaluación, objetivos, contexto familiar/escolar/laboral, seguridad y normativa aplicable.
LOG_R0327;LOG_P021;LOG_T028;LOG_TA061;media;El logopeda debe adaptar la tarea a edad, evaluación, objetivos, contexto familiar/escolar/laboral, seguridad y normativa aplicable.
LOG_R0328;LOG_P021;LOG_T028;LOG_TA065;media;El logopeda debe adaptar la tarea a edad, evaluación, objetivos, contexto familiar/escolar/laboral, seguridad y normativa aplicable.
LOG_R0329;LOG_P022;LOG_T001;LOG_TA001;alta;El logopeda debe adaptar la tarea a edad, evaluación, objetivos, contexto familiar/escolar/laboral, seguridad y normativa aplicable.
LOG_R0330;LOG_P022;LOG_T001;LOG_TA002;media;El logopeda debe adaptar la tarea a edad, evaluación, objetivos, contexto familiar/escolar/laboral, seguridad y normativa aplicable.
LOG_R0331;LOG_P022;LOG_T001;LOG_TA003;alta;El logopeda debe adaptar la tarea a edad, evaluación, objetivos, contexto familiar/escolar/laboral, seguridad y normativa aplicable.
LOG_R0332;LOG_P022;LOG_T001;LOG_TA004;media;El logopeda debe adaptar la tarea a edad, evaluación, objetivos, contexto familiar/escolar/laboral, seguridad y normativa aplicable.
LOG_R0333;LOG_P022;LOG_T003;LOG_TA009;media;El logopeda debe adaptar la tarea a edad, evaluación, objetivos, contexto familiar/escolar/laboral, seguridad y normativa aplicable.
LOG_R0334;LOG_P022;LOG_T003;LOG_TA010;media;El logopeda debe adaptar la tarea a edad, evaluación, objetivos, contexto familiar/escolar/laboral, seguridad y normativa aplicable.
LOG_R0335;LOG_P022;LOG_T017;LOG_TA036;media;El logopeda debe adaptar la tarea a edad, evaluación, objetivos, contexto familiar/escolar/laboral, seguridad y normativa aplicable.
LOG_R0336;LOG_P022;LOG_T017;LOG_TA037;media;El logopeda debe adaptar la tarea a edad, evaluación, objetivos, contexto familiar/escolar/laboral, seguridad y normativa aplicable.
LOG_R0337;LOG_P022;LOG_T017;LOG_TA038;media;El logopeda debe adaptar la tarea a edad, evaluación, objetivos, contexto familiar/escolar/laboral, seguridad y normativa aplicable.
LOG_R0338;LOG_P022;LOG_T017;LOG_TA039;media;El logopeda debe adaptar la tarea a edad, evaluación, objetivos, contexto familiar/escolar/laboral, seguridad y normativa aplicable.
LOG_R0339;LOG_P022;LOG_T027;LOG_TA060;media;El logopeda debe adaptar la tarea a edad, evaluación, objetivos, contexto familiar/escolar/laboral, seguridad y normativa aplicable.
LOG_R0340;LOG_P022;LOG_T027;LOG_TA062;media;El logopeda debe adaptar la tarea a edad, evaluación, objetivos, contexto familiar/escolar/laboral, seguridad y normativa aplicable.
LOG_R0341;LOG_P022;LOG_T027;LOG_TA066;media;El logopeda debe adaptar la tarea a edad, evaluación, objetivos, contexto familiar/escolar/laboral, seguridad y normativa aplicable.
LOG_R0342;LOG_P022;LOG_T029;LOG_TA063;media;El logopeda debe adaptar la tarea a edad, evaluación, objetivos, contexto familiar/escolar/laboral, seguridad y normativa aplicable.
LOG_R0343;LOG_P022;LOG_T029;LOG_TA068;media;El logopeda debe adaptar la tarea a edad, evaluación, objetivos, contexto familiar/escolar/laboral, seguridad y normativa aplicable.
LOG_R0344;LOG_P023;LOG_T001;LOG_TA001;alta;El logopeda debe adaptar la tarea a edad, evaluación, objetivos, contexto familiar/escolar/laboral, seguridad y normativa aplicable.
LOG_R0345;LOG_P023;LOG_T001;LOG_TA002;media;El logopeda debe adaptar la tarea a edad, evaluación, objetivos, contexto familiar/escolar/laboral, seguridad y normativa aplicable.
LOG_R0346;LOG_P023;LOG_T001;LOG_TA003;alta;El logopeda debe adaptar la tarea a edad, evaluación, objetivos, contexto familiar/escolar/laboral, seguridad y normativa aplicable.
LOG_R0347;LOG_P023;LOG_T001;LOG_TA004;media;El logopeda debe adaptar la tarea a edad, evaluación, objetivos, contexto familiar/escolar/laboral, seguridad y normativa aplicable.
LOG_R0348;LOG_P023;LOG_T017;LOG_TA036;media;El logopeda debe adaptar la tarea a edad, evaluación, objetivos, contexto familiar/escolar/laboral, seguridad y normativa aplicable.
LOG_R0349;LOG_P023;LOG_T017;LOG_TA037;media;El logopeda debe adaptar la tarea a edad, evaluación, objetivos, contexto familiar/escolar/laboral, seguridad y normativa aplicable.
LOG_R0350;LOG_P023;LOG_T017;LOG_TA038;media;El logopeda debe adaptar la tarea a edad, evaluación, objetivos, contexto familiar/escolar/laboral, seguridad y normativa aplicable.
LOG_R0351;LOG_P023;LOG_T017;LOG_TA039;media;El logopeda debe adaptar la tarea a edad, evaluación, objetivos, contexto familiar/escolar/laboral, seguridad y normativa aplicable.
LOG_R0352;LOG_P023;LOG_T018;LOG_TA040;media;El logopeda debe adaptar la tarea a edad, evaluación, objetivos, contexto familiar/escolar/laboral, seguridad y normativa aplicable.
LOG_R0353;LOG_P023;LOG_T018;LOG_TA041;media;El logopeda debe adaptar la tarea a edad, evaluación, objetivos, contexto familiar/escolar/laboral, seguridad y normativa aplicable.
LOG_R0354;LOG_P023;LOG_T018;LOG_TA042;media;El logopeda debe adaptar la tarea a edad, evaluación, objetivos, contexto familiar/escolar/laboral, seguridad y normativa aplicable.
LOG_R0355;LOG_P023;LOG_T018;LOG_TA076;media;El logopeda debe adaptar la tarea a edad, evaluación, objetivos, contexto familiar/escolar/laboral, seguridad y normativa aplicable.
LOG_R0356;LOG_P023;LOG_T027;LOG_TA060;media;El logopeda debe adaptar la tarea a edad, evaluación, objetivos, contexto familiar/escolar/laboral, seguridad y normativa aplicable.
LOG_R0357;LOG_P023;LOG_T027;LOG_TA062;media;El logopeda debe adaptar la tarea a edad, evaluación, objetivos, contexto familiar/escolar/laboral, seguridad y normativa aplicable.
LOG_R0358;LOG_P023;LOG_T027;LOG_TA066;media;El logopeda debe adaptar la tarea a edad, evaluación, objetivos, contexto familiar/escolar/laboral, seguridad y normativa aplicable.
LOG_R0359;LOG_P023;LOG_T029;LOG_TA063;media;El logopeda debe adaptar la tarea a edad, evaluación, objetivos, contexto familiar/escolar/laboral, seguridad y normativa aplicable.
LOG_R0360;LOG_P023;LOG_T029;LOG_TA068;media;El logopeda debe adaptar la tarea a edad, evaluación, objetivos, contexto familiar/escolar/laboral, seguridad y normativa aplicable.
LOG_R0361;LOG_P024;LOG_T001;LOG_TA001;alta;El logopeda debe adaptar la tarea a edad, evaluación, objetivos, contexto familiar/escolar/laboral, seguridad y normativa aplicable.
LOG_R0362;LOG_P024;LOG_T001;LOG_TA002;media;El logopeda debe adaptar la tarea a edad, evaluación, objetivos, contexto familiar/escolar/laboral, seguridad y normativa aplicable.
LOG_R0363;LOG_P024;LOG_T001;LOG_TA003;alta;El logopeda debe adaptar la tarea a edad, evaluación, objetivos, contexto familiar/escolar/laboral, seguridad y normativa aplicable.
LOG_R0364;LOG_P024;LOG_T001;LOG_TA004;media;El logopeda debe adaptar la tarea a edad, evaluación, objetivos, contexto familiar/escolar/laboral, seguridad y normativa aplicable.
LOG_R0365;LOG_P024;LOG_T017;LOG_TA036;media;El logopeda debe adaptar la tarea a edad, evaluación, objetivos, contexto familiar/escolar/laboral, seguridad y normativa aplicable.
LOG_R0366;LOG_P024;LOG_T017;LOG_TA037;media;El logopeda debe adaptar la tarea a edad, evaluación, objetivos, contexto familiar/escolar/laboral, seguridad y normativa aplicable.
LOG_R0367;LOG_P024;LOG_T017;LOG_TA038;media;El logopeda debe adaptar la tarea a edad, evaluación, objetivos, contexto familiar/escolar/laboral, seguridad y normativa aplicable.
LOG_R0368;LOG_P024;LOG_T017;LOG_TA039;media;El logopeda debe adaptar la tarea a edad, evaluación, objetivos, contexto familiar/escolar/laboral, seguridad y normativa aplicable.
LOG_R0369;LOG_P024;LOG_T019;LOG_TA043;media;El logopeda debe adaptar la tarea a edad, evaluación, objetivos, contexto familiar/escolar/laboral, seguridad y normativa aplicable.
LOG_R0370;LOG_P024;LOG_T019;LOG_TA044;media;El logopeda debe adaptar la tarea a edad, evaluación, objetivos, contexto familiar/escolar/laboral, seguridad y normativa aplicable.
LOG_R0371;LOG_P024;LOG_T027;LOG_TA060;media;El logopeda debe adaptar la tarea a edad, evaluación, objetivos, contexto familiar/escolar/laboral, seguridad y normativa aplicable.
LOG_R0372;LOG_P024;LOG_T027;LOG_TA062;media;El logopeda debe adaptar la tarea a edad, evaluación, objetivos, contexto familiar/escolar/laboral, seguridad y normativa aplicable.
LOG_R0373;LOG_P024;LOG_T027;LOG_TA066;media;El logopeda debe adaptar la tarea a edad, evaluación, objetivos, contexto familiar/escolar/laboral, seguridad y normativa aplicable.
LOG_R0374;LOG_P024;LOG_T029;LOG_TA063;media;El logopeda debe adaptar la tarea a edad, evaluación, objetivos, contexto familiar/escolar/laboral, seguridad y normativa aplicable.
LOG_R0375;LOG_P024;LOG_T029;LOG_TA068;media;El logopeda debe adaptar la tarea a edad, evaluación, objetivos, contexto familiar/escolar/laboral, seguridad y normativa aplicable.
LOG_R0376;LOG_P025;LOG_T001;LOG_TA001;alta;El logopeda debe adaptar la tarea a edad, evaluación, objetivos, contexto familiar/escolar/laboral, seguridad y normativa aplicable.
LOG_R0377;LOG_P025;LOG_T001;LOG_TA002;media;El logopeda debe adaptar la tarea a edad, evaluación, objetivos, contexto familiar/escolar/laboral, seguridad y normativa aplicable.
LOG_R0378;LOG_P025;LOG_T001;LOG_TA003;alta;El logopeda debe adaptar la tarea a edad, evaluación, objetivos, contexto familiar/escolar/laboral, seguridad y normativa aplicable.
LOG_R0379;LOG_P025;LOG_T001;LOG_TA004;media;El logopeda debe adaptar la tarea a edad, evaluación, objetivos, contexto familiar/escolar/laboral, seguridad y normativa aplicable.
LOG_R0380;LOG_P025;LOG_T018;LOG_TA040;media;El logopeda debe adaptar la tarea a edad, evaluación, objetivos, contexto familiar/escolar/laboral, seguridad y normativa aplicable.
LOG_R0381;LOG_P025;LOG_T018;LOG_TA041;media;El logopeda debe adaptar la tarea a edad, evaluación, objetivos, contexto familiar/escolar/laboral, seguridad y normativa aplicable.
LOG_R0382;LOG_P025;LOG_T018;LOG_TA042;media;El logopeda debe adaptar la tarea a edad, evaluación, objetivos, contexto familiar/escolar/laboral, seguridad y normativa aplicable.
LOG_R0383;LOG_P025;LOG_T018;LOG_TA076;media;El logopeda debe adaptar la tarea a edad, evaluación, objetivos, contexto familiar/escolar/laboral, seguridad y normativa aplicable.
LOG_R0384;LOG_P025;LOG_T019;LOG_TA043;media;El logopeda debe adaptar la tarea a edad, evaluación, objetivos, contexto familiar/escolar/laboral, seguridad y normativa aplicable.
LOG_R0385;LOG_P025;LOG_T019;LOG_TA044;media;El logopeda debe adaptar la tarea a edad, evaluación, objetivos, contexto familiar/escolar/laboral, seguridad y normativa aplicable.
LOG_R0386;LOG_P025;LOG_T027;LOG_TA060;media;El logopeda debe adaptar la tarea a edad, evaluación, objetivos, contexto familiar/escolar/laboral, seguridad y normativa aplicable.
LOG_R0387;LOG_P025;LOG_T027;LOG_TA062;media;El logopeda debe adaptar la tarea a edad, evaluación, objetivos, contexto familiar/escolar/laboral, seguridad y normativa aplicable.
LOG_R0388;LOG_P025;LOG_T027;LOG_TA066;media;El logopeda debe adaptar la tarea a edad, evaluación, objetivos, contexto familiar/escolar/laboral, seguridad y normativa aplicable.
LOG_R0389;LOG_P025;LOG_T029;LOG_TA063;media;El logopeda debe adaptar la tarea a edad, evaluación, objetivos, contexto familiar/escolar/laboral, seguridad y normativa aplicable.
LOG_R0390;LOG_P025;LOG_T029;LOG_TA068;media;El logopeda debe adaptar la tarea a edad, evaluación, objetivos, contexto familiar/escolar/laboral, seguridad y normativa aplicable.
LOG_R0391;LOG_P026;LOG_T001;LOG_TA001;alta;El logopeda debe adaptar la tarea a edad, evaluación, objetivos, contexto familiar/escolar/laboral, seguridad y normativa aplicable.
LOG_R0392;LOG_P026;LOG_T001;LOG_TA002;media;El logopeda debe adaptar la tarea a edad, evaluación, objetivos, contexto familiar/escolar/laboral, seguridad y normativa aplicable.
LOG_R0393;LOG_P026;LOG_T001;LOG_TA003;alta;El logopeda debe adaptar la tarea a edad, evaluación, objetivos, contexto familiar/escolar/laboral, seguridad y normativa aplicable.
LOG_R0394;LOG_P026;LOG_T001;LOG_TA004;media;El logopeda debe adaptar la tarea a edad, evaluación, objetivos, contexto familiar/escolar/laboral, seguridad y normativa aplicable.
LOG_R0395;LOG_P026;LOG_T021;LOG_TA045;alta;El logopeda debe adaptar la tarea a edad, evaluación, objetivos, contexto familiar/escolar/laboral, seguridad y normativa aplicable.
LOG_R0396;LOG_P026;LOG_T021;LOG_TA046;media;El logopeda debe adaptar la tarea a edad, evaluación, objetivos, contexto familiar/escolar/laboral, seguridad y normativa aplicable.
LOG_R0397;LOG_P026;LOG_T022;LOG_TA047;media;El logopeda debe adaptar la tarea a edad, evaluación, objetivos, contexto familiar/escolar/laboral, seguridad y normativa aplicable.
LOG_R0398;LOG_P026;LOG_T022;LOG_TA048;media;El logopeda debe adaptar la tarea a edad, evaluación, objetivos, contexto familiar/escolar/laboral, seguridad y normativa aplicable.
LOG_R0399;LOG_P026;LOG_T022;LOG_TA049;media;El logopeda debe adaptar la tarea a edad, evaluación, objetivos, contexto familiar/escolar/laboral, seguridad y normativa aplicable.
LOG_R0400;LOG_P026;LOG_T022;LOG_TA067;media;El logopeda debe adaptar la tarea a edad, evaluación, objetivos, contexto familiar/escolar/laboral, seguridad y normativa aplicable.
LOG_R0401;LOG_P026;LOG_T022;LOG_TA080;media;El logopeda debe adaptar la tarea a edad, evaluación, objetivos, contexto familiar/escolar/laboral, seguridad y normativa aplicable.
LOG_R0402;LOG_P026;LOG_T024;LOG_TA052;alta;El logopeda debe adaptar la tarea a edad, evaluación, objetivos, contexto familiar/escolar/laboral, seguridad y normativa aplicable.
LOG_R0403;LOG_P026;LOG_T024;LOG_TA053;media;El logopeda debe adaptar la tarea a edad, evaluación, objetivos, contexto familiar/escolar/laboral, seguridad y normativa aplicable.
LOG_R0404;LOG_P026;LOG_T024;LOG_TA054;media;El logopeda debe adaptar la tarea a edad, evaluación, objetivos, contexto familiar/escolar/laboral, seguridad y normativa aplicable.
LOG_R0405;LOG_P026;LOG_T027;LOG_TA060;media;El logopeda debe adaptar la tarea a edad, evaluación, objetivos, contexto familiar/escolar/laboral, seguridad y normativa aplicable.
LOG_R0406;LOG_P026;LOG_T027;LOG_TA062;media;El logopeda debe adaptar la tarea a edad, evaluación, objetivos, contexto familiar/escolar/laboral, seguridad y normativa aplicable.
LOG_R0407;LOG_P026;LOG_T027;LOG_TA066;media;El logopeda debe adaptar la tarea a edad, evaluación, objetivos, contexto familiar/escolar/laboral, seguridad y normativa aplicable.
LOG_R0408;LOG_P026;LOG_T028;LOG_TA061;media;El logopeda debe adaptar la tarea a edad, evaluación, objetivos, contexto familiar/escolar/laboral, seguridad y normativa aplicable.
LOG_R0409;LOG_P026;LOG_T028;LOG_TA065;media;El logopeda debe adaptar la tarea a edad, evaluación, objetivos, contexto familiar/escolar/laboral, seguridad y normativa aplicable.
LOG_R0410;LOG_P026;LOG_T029;LOG_TA063;media;El logopeda debe adaptar la tarea a edad, evaluación, objetivos, contexto familiar/escolar/laboral, seguridad y normativa aplicable.
LOG_R0413;LOG_P027;LOG_T001;LOG_TA001;alta;El logopeda debe adaptar la tarea a edad, evaluación, objetivos, contexto familiar/escolar/laboral, seguridad y normativa aplicable.
LOG_R0414;LOG_P027;LOG_T001;LOG_TA002;media;El logopeda debe adaptar la tarea a edad, evaluación, objetivos, contexto familiar/escolar/laboral, seguridad y normativa aplicable.
LOG_R0415;LOG_P027;LOG_T001;LOG_TA003;alta;El logopeda debe adaptar la tarea a edad, evaluación, objetivos, contexto familiar/escolar/laboral, seguridad y normativa aplicable.
LOG_R0416;LOG_P027;LOG_T001;LOG_TA004;media;El logopeda debe adaptar la tarea a edad, evaluación, objetivos, contexto familiar/escolar/laboral, seguridad y normativa aplicable.
LOG_R0417;LOG_P027;LOG_T021;LOG_TA045;alta;El logopeda debe adaptar la tarea a edad, evaluación, objetivos, contexto familiar/escolar/laboral, seguridad y normativa aplicable.
LOG_R0418;LOG_P027;LOG_T021;LOG_TA046;media;El logopeda debe adaptar la tarea a edad, evaluación, objetivos, contexto familiar/escolar/laboral, seguridad y normativa aplicable.
LOG_R0419;LOG_P027;LOG_T022;LOG_TA047;media;El logopeda debe adaptar la tarea a edad, evaluación, objetivos, contexto familiar/escolar/laboral, seguridad y normativa aplicable.
LOG_R0420;LOG_P027;LOG_T022;LOG_TA048;media;El logopeda debe adaptar la tarea a edad, evaluación, objetivos, contexto familiar/escolar/laboral, seguridad y normativa aplicable.
LOG_R0421;LOG_P027;LOG_T022;LOG_TA049;media;El logopeda debe adaptar la tarea a edad, evaluación, objetivos, contexto familiar/escolar/laboral, seguridad y normativa aplicable.
LOG_R0422;LOG_P027;LOG_T022;LOG_TA067;media;El logopeda debe adaptar la tarea a edad, evaluación, objetivos, contexto familiar/escolar/laboral, seguridad y normativa aplicable.
LOG_R0423;LOG_P027;LOG_T022;LOG_TA080;media;El logopeda debe adaptar la tarea a edad, evaluación, objetivos, contexto familiar/escolar/laboral, seguridad y normativa aplicable.
LOG_R0424;LOG_P027;LOG_T027;LOG_TA060;media;El logopeda debe adaptar la tarea a edad, evaluación, objetivos, contexto familiar/escolar/laboral, seguridad y normativa aplicable.
LOG_R0425;LOG_P027;LOG_T027;LOG_TA062;media;El logopeda debe adaptar la tarea a edad, evaluación, objetivos, contexto familiar/escolar/laboral, seguridad y normativa aplicable.
LOG_R0426;LOG_P027;LOG_T027;LOG_TA066;media;El logopeda debe adaptar la tarea a edad, evaluación, objetivos, contexto familiar/escolar/laboral, seguridad y normativa aplicable.
LOG_R0427;LOG_P027;LOG_T029;LOG_TA063;media;El logopeda debe adaptar la tarea a edad, evaluación, objetivos, contexto familiar/escolar/laboral, seguridad y normativa aplicable.
LOG_R0428;LOG_P027;LOG_T029;LOG_TA068;media;El logopeda debe adaptar la tarea a edad, evaluación, objetivos, contexto familiar/escolar/laboral, seguridad y normativa aplicable.
LOG_R0429;LOG_P028;LOG_T001;LOG_TA001;alta;El logopeda debe adaptar la tarea a edad, evaluación, objetivos, contexto familiar/escolar/laboral, seguridad y normativa aplicable.
LOG_R0430;LOG_P028;LOG_T001;LOG_TA002;media;El logopeda debe adaptar la tarea a edad, evaluación, objetivos, contexto familiar/escolar/laboral, seguridad y normativa aplicable.
LOG_R0431;LOG_P028;LOG_T001;LOG_TA003;alta;El logopeda debe adaptar la tarea a edad, evaluación, objetivos, contexto familiar/escolar/laboral, seguridad y normativa aplicable.
LOG_R0432;LOG_P028;LOG_T001;LOG_TA004;media;El logopeda debe adaptar la tarea a edad, evaluación, objetivos, contexto familiar/escolar/laboral, seguridad y normativa aplicable.
LOG_R0433;LOG_P028;LOG_T022;LOG_TA047;media;El logopeda debe adaptar la tarea a edad, evaluación, objetivos, contexto familiar/escolar/laboral, seguridad y normativa aplicable.
LOG_R0434;LOG_P028;LOG_T022;LOG_TA048;media;El logopeda debe adaptar la tarea a edad, evaluación, objetivos, contexto familiar/escolar/laboral, seguridad y normativa aplicable.
LOG_R0435;LOG_P028;LOG_T022;LOG_TA049;media;El logopeda debe adaptar la tarea a edad, evaluación, objetivos, contexto familiar/escolar/laboral, seguridad y normativa aplicable.
LOG_R0436;LOG_P028;LOG_T022;LOG_TA067;media;El logopeda debe adaptar la tarea a edad, evaluación, objetivos, contexto familiar/escolar/laboral, seguridad y normativa aplicable.
LOG_R0437;LOG_P028;LOG_T022;LOG_TA080;media;El logopeda debe adaptar la tarea a edad, evaluación, objetivos, contexto familiar/escolar/laboral, seguridad y normativa aplicable.
LOG_R0438;LOG_P028;LOG_T024;LOG_TA052;alta;El logopeda debe adaptar la tarea a edad, evaluación, objetivos, contexto familiar/escolar/laboral, seguridad y normativa aplicable.
LOG_R0439;LOG_P028;LOG_T024;LOG_TA053;media;El logopeda debe adaptar la tarea a edad, evaluación, objetivos, contexto familiar/escolar/laboral, seguridad y normativa aplicable.
LOG_R0440;LOG_P028;LOG_T024;LOG_TA054;media;El logopeda debe adaptar la tarea a edad, evaluación, objetivos, contexto familiar/escolar/laboral, seguridad y normativa aplicable.
LOG_R0441;LOG_P028;LOG_T027;LOG_TA060;media;El logopeda debe adaptar la tarea a edad, evaluación, objetivos, contexto familiar/escolar/laboral, seguridad y normativa aplicable.
LOG_R0442;LOG_P028;LOG_T027;LOG_TA062;media;El logopeda debe adaptar la tarea a edad, evaluación, objetivos, contexto familiar/escolar/laboral, seguridad y normativa aplicable.
LOG_R0443;LOG_P028;LOG_T027;LOG_TA066;media;El logopeda debe adaptar la tarea a edad, evaluación, objetivos, contexto familiar/escolar/laboral, seguridad y normativa aplicable.
LOG_R0444;LOG_P028;LOG_T028;LOG_TA061;media;El logopeda debe adaptar la tarea a edad, evaluación, objetivos, contexto familiar/escolar/laboral, seguridad y normativa aplicable.
LOG_R0445;LOG_P028;LOG_T028;LOG_TA065;media;El logopeda debe adaptar la tarea a edad, evaluación, objetivos, contexto familiar/escolar/laboral, seguridad y normativa aplicable.
LOG_R0446;LOG_P028;LOG_T029;LOG_TA063;media;El logopeda debe adaptar la tarea a edad, evaluación, objetivos, contexto familiar/escolar/laboral, seguridad y normativa aplicable.
LOG_R0447;LOG_P028;LOG_T029;LOG_TA068;media;El logopeda debe adaptar la tarea a edad, evaluación, objetivos, contexto familiar/escolar/laboral, seguridad y normativa aplicable.
LOG_R0448;LOG_P029;LOG_T001;LOG_TA001;alta;El logopeda debe adaptar la tarea a edad, evaluación, objetivos, contexto familiar/escolar/laboral, seguridad y normativa aplicable.
LOG_R0449;LOG_P029;LOG_T001;LOG_TA002;media;El logopeda debe adaptar la tarea a edad, evaluación, objetivos, contexto familiar/escolar/laboral, seguridad y normativa aplicable.
LOG_R0450;LOG_P029;LOG_T001;LOG_TA003;alta;El logopeda debe adaptar la tarea a edad, evaluación, objetivos, contexto familiar/escolar/laboral, seguridad y normativa aplicable.
LOG_R0451;LOG_P029;LOG_T001;LOG_TA004;media;El logopeda debe adaptar la tarea a edad, evaluación, objetivos, contexto familiar/escolar/laboral, seguridad y normativa aplicable.
LOG_R0452;LOG_P029;LOG_T022;LOG_TA047;media;El logopeda debe adaptar la tarea a edad, evaluación, objetivos, contexto familiar/escolar/laboral, seguridad y normativa aplicable.
LOG_R0453;LOG_P029;LOG_T022;LOG_TA048;media;El logopeda debe adaptar la tarea a edad, evaluación, objetivos, contexto familiar/escolar/laboral, seguridad y normativa aplicable.
LOG_R0454;LOG_P029;LOG_T022;LOG_TA049;media;El logopeda debe adaptar la tarea a edad, evaluación, objetivos, contexto familiar/escolar/laboral, seguridad y normativa aplicable.
LOG_R0455;LOG_P029;LOG_T022;LOG_TA067;media;El logopeda debe adaptar la tarea a edad, evaluación, objetivos, contexto familiar/escolar/laboral, seguridad y normativa aplicable.
LOG_R0456;LOG_P029;LOG_T022;LOG_TA080;media;El logopeda debe adaptar la tarea a edad, evaluación, objetivos, contexto familiar/escolar/laboral, seguridad y normativa aplicable.
LOG_R0457;LOG_P029;LOG_T024;LOG_TA052;alta;El logopeda debe adaptar la tarea a edad, evaluación, objetivos, contexto familiar/escolar/laboral, seguridad y normativa aplicable.
LOG_R0458;LOG_P029;LOG_T024;LOG_TA053;media;El logopeda debe adaptar la tarea a edad, evaluación, objetivos, contexto familiar/escolar/laboral, seguridad y normativa aplicable.
LOG_R0459;LOG_P029;LOG_T024;LOG_TA054;media;El logopeda debe adaptar la tarea a edad, evaluación, objetivos, contexto familiar/escolar/laboral, seguridad y normativa aplicable.
LOG_R0460;LOG_P029;LOG_T028;LOG_TA061;media;El logopeda debe adaptar la tarea a edad, evaluación, objetivos, contexto familiar/escolar/laboral, seguridad y normativa aplicable.
LOG_R0461;LOG_P029;LOG_T028;LOG_TA065;media;El logopeda debe adaptar la tarea a edad, evaluación, objetivos, contexto familiar/escolar/laboral, seguridad y normativa aplicable.
LOG_R0462;LOG_P029;LOG_T030;LOG_TA064;alta;El logopeda debe adaptar la tarea a edad, evaluación, objetivos, contexto familiar/escolar/laboral, seguridad y normativa aplicable.
LOG_R0463;LOG_P030;LOG_T001;LOG_TA001;alta;El logopeda debe adaptar la tarea a edad, evaluación, objetivos, contexto familiar/escolar/laboral, seguridad y normativa aplicable.
LOG_R0464;LOG_P030;LOG_T001;LOG_TA002;media;El logopeda debe adaptar la tarea a edad, evaluación, objetivos, contexto familiar/escolar/laboral, seguridad y normativa aplicable.
LOG_R0465;LOG_P030;LOG_T001;LOG_TA003;alta;El logopeda debe adaptar la tarea a edad, evaluación, objetivos, contexto familiar/escolar/laboral, seguridad y normativa aplicable.
LOG_R0466;LOG_P030;LOG_T001;LOG_TA004;media;El logopeda debe adaptar la tarea a edad, evaluación, objetivos, contexto familiar/escolar/laboral, seguridad y normativa aplicable.
LOG_R0467;LOG_P030;LOG_T023;LOG_TA050;alta;El logopeda debe adaptar la tarea a edad, evaluación, objetivos, contexto familiar/escolar/laboral, seguridad y normativa aplicable.
LOG_R0468;LOG_P030;LOG_T023;LOG_TA051;media;El logopeda debe adaptar la tarea a edad, evaluación, objetivos, contexto familiar/escolar/laboral, seguridad y normativa aplicable.
LOG_R0469;LOG_P030;LOG_T023;LOG_TA075;media;El logopeda debe adaptar la tarea a edad, evaluación, objetivos, contexto familiar/escolar/laboral, seguridad y normativa aplicable.
LOG_R0470;LOG_P030;LOG_T027;LOG_TA060;media;El logopeda debe adaptar la tarea a edad, evaluación, objetivos, contexto familiar/escolar/laboral, seguridad y normativa aplicable.
LOG_R0471;LOG_P030;LOG_T027;LOG_TA062;media;El logopeda debe adaptar la tarea a edad, evaluación, objetivos, contexto familiar/escolar/laboral, seguridad y normativa aplicable.
LOG_R0472;LOG_P030;LOG_T027;LOG_TA066;media;El logopeda debe adaptar la tarea a edad, evaluación, objetivos, contexto familiar/escolar/laboral, seguridad y normativa aplicable.
LOG_R0473;LOG_P030;LOG_T028;LOG_TA061;media;El logopeda debe adaptar la tarea a edad, evaluación, objetivos, contexto familiar/escolar/laboral, seguridad y normativa aplicable.
LOG_R0474;LOG_P030;LOG_T028;LOG_TA065;media;El logopeda debe adaptar la tarea a edad, evaluación, objetivos, contexto familiar/escolar/laboral, seguridad y normativa aplicable.
LOG_R0475;LOG_P030;LOG_T029;LOG_TA063;media;El logopeda debe adaptar la tarea a edad, evaluación, objetivos, contexto familiar/escolar/laboral, seguridad y normativa aplicable.
LOG_R0476;LOG_P030;LOG_T029;LOG_TA068;media;El logopeda debe adaptar la tarea a edad, evaluación, objetivos, contexto familiar/escolar/laboral, seguridad y normativa aplicable.
LOG_R0477;LOG_P030;LOG_T030;LOG_TA064;alta;El logopeda debe adaptar la tarea a edad, evaluación, objetivos, contexto familiar/escolar/laboral, seguridad y normativa aplicable.
LOG_R0478;LOG_P031;LOG_T001;LOG_TA001;alta;El logopeda debe adaptar la tarea a edad, evaluación, objetivos, contexto familiar/escolar/laboral, seguridad y normativa aplicable.
LOG_R0479;LOG_P031;LOG_T001;LOG_TA002;media;El logopeda debe adaptar la tarea a edad, evaluación, objetivos, contexto familiar/escolar/laboral, seguridad y normativa aplicable.
LOG_R0480;LOG_P031;LOG_T001;LOG_TA003;alta;El logopeda debe adaptar la tarea a edad, evaluación, objetivos, contexto familiar/escolar/laboral, seguridad y normativa aplicable.
LOG_R0481;LOG_P031;LOG_T001;LOG_TA004;media;El logopeda debe adaptar la tarea a edad, evaluación, objetivos, contexto familiar/escolar/laboral, seguridad y normativa aplicable.
LOG_R0482;LOG_P031;LOG_T023;LOG_TA050;alta;El logopeda debe adaptar la tarea a edad, evaluación, objetivos, contexto familiar/escolar/laboral, seguridad y normativa aplicable.
LOG_R0483;LOG_P031;LOG_T023;LOG_TA051;media;El logopeda debe adaptar la tarea a edad, evaluación, objetivos, contexto familiar/escolar/laboral, seguridad y normativa aplicable.
LOG_R0484;LOG_P031;LOG_T023;LOG_TA075;media;El logopeda debe adaptar la tarea a edad, evaluación, objetivos, contexto familiar/escolar/laboral, seguridad y normativa aplicable.
LOG_R0485;LOG_P031;LOG_T027;LOG_TA060;media;El logopeda debe adaptar la tarea a edad, evaluación, objetivos, contexto familiar/escolar/laboral, seguridad y normativa aplicable.
LOG_R0486;LOG_P031;LOG_T027;LOG_TA062;media;El logopeda debe adaptar la tarea a edad, evaluación, objetivos, contexto familiar/escolar/laboral, seguridad y normativa aplicable.
LOG_R0487;LOG_P031;LOG_T027;LOG_TA066;media;El logopeda debe adaptar la tarea a edad, evaluación, objetivos, contexto familiar/escolar/laboral, seguridad y normativa aplicable.
LOG_R0488;LOG_P031;LOG_T028;LOG_TA061;media;El logopeda debe adaptar la tarea a edad, evaluación, objetivos, contexto familiar/escolar/laboral, seguridad y normativa aplicable.
LOG_R0489;LOG_P031;LOG_T028;LOG_TA065;media;El logopeda debe adaptar la tarea a edad, evaluación, objetivos, contexto familiar/escolar/laboral, seguridad y normativa aplicable.
LOG_R0490;LOG_P031;LOG_T029;LOG_TA063;media;El logopeda debe adaptar la tarea a edad, evaluación, objetivos, contexto familiar/escolar/laboral, seguridad y normativa aplicable.
LOG_R0491;LOG_P031;LOG_T029;LOG_TA068;media;El logopeda debe adaptar la tarea a edad, evaluación, objetivos, contexto familiar/escolar/laboral, seguridad y normativa aplicable.
LOG_R0492;LOG_P031;LOG_T030;LOG_TA064;alta;El logopeda debe adaptar la tarea a edad, evaluación, objetivos, contexto familiar/escolar/laboral, seguridad y normativa aplicable.
LOG_R0493;LOG_P032;LOG_T001;LOG_TA001;alta;El logopeda debe adaptar la tarea a edad, evaluación, objetivos, contexto familiar/escolar/laboral, seguridad y normativa aplicable.
LOG_R0494;LOG_P032;LOG_T001;LOG_TA002;media;El logopeda debe adaptar la tarea a edad, evaluación, objetivos, contexto familiar/escolar/laboral, seguridad y normativa aplicable.
LOG_R0495;LOG_P032;LOG_T001;LOG_TA003;alta;El logopeda debe adaptar la tarea a edad, evaluación, objetivos, contexto familiar/escolar/laboral, seguridad y normativa aplicable.
LOG_R0496;LOG_P032;LOG_T001;LOG_TA004;media;El logopeda debe adaptar la tarea a edad, evaluación, objetivos, contexto familiar/escolar/laboral, seguridad y normativa aplicable.
LOG_R0497;LOG_P032;LOG_T010;LOG_TA023;alta;El logopeda debe adaptar la tarea a edad, evaluación, objetivos, contexto familiar/escolar/laboral, seguridad y normativa aplicable.
LOG_R0498;LOG_P032;LOG_T010;LOG_TA024;media;El logopeda debe adaptar la tarea a edad, evaluación, objetivos, contexto familiar/escolar/laboral, seguridad y normativa aplicable.
LOG_R0499;LOG_P032;LOG_T010;LOG_TA025;media;El logopeda debe adaptar la tarea a edad, evaluación, objetivos, contexto familiar/escolar/laboral, seguridad y normativa aplicable.
LOG_R0500;LOG_P032;LOG_T023;LOG_TA050;alta;El logopeda debe adaptar la tarea a edad, evaluación, objetivos, contexto familiar/escolar/laboral, seguridad y normativa aplicable.
LOG_R0501;LOG_P032;LOG_T023;LOG_TA051;media;El logopeda debe adaptar la tarea a edad, evaluación, objetivos, contexto familiar/escolar/laboral, seguridad y normativa aplicable.
LOG_R0502;LOG_P032;LOG_T023;LOG_TA075;media;El logopeda debe adaptar la tarea a edad, evaluación, objetivos, contexto familiar/escolar/laboral, seguridad y normativa aplicable.
LOG_R0503;LOG_P032;LOG_T027;LOG_TA060;media;El logopeda debe adaptar la tarea a edad, evaluación, objetivos, contexto familiar/escolar/laboral, seguridad y normativa aplicable.
LOG_R0504;LOG_P032;LOG_T027;LOG_TA062;media;El logopeda debe adaptar la tarea a edad, evaluación, objetivos, contexto familiar/escolar/laboral, seguridad y normativa aplicable.
LOG_R0505;LOG_P032;LOG_T027;LOG_TA066;media;El logopeda debe adaptar la tarea a edad, evaluación, objetivos, contexto familiar/escolar/laboral, seguridad y normativa aplicable.
LOG_R0506;LOG_P032;LOG_T029;LOG_TA063;media;El logopeda debe adaptar la tarea a edad, evaluación, objetivos, contexto familiar/escolar/laboral, seguridad y normativa aplicable.
LOG_R0507;LOG_P032;LOG_T029;LOG_TA068;media;El logopeda debe adaptar la tarea a edad, evaluación, objetivos, contexto familiar/escolar/laboral, seguridad y normativa aplicable.
LOG_R0508;LOG_P033;LOG_T001;LOG_TA001;alta;El logopeda debe adaptar la tarea a edad, evaluación, objetivos, contexto familiar/escolar/laboral, seguridad y normativa aplicable.
LOG_R0509;LOG_P033;LOG_T001;LOG_TA002;media;El logopeda debe adaptar la tarea a edad, evaluación, objetivos, contexto familiar/escolar/laboral, seguridad y normativa aplicable.
LOG_R0510;LOG_P033;LOG_T001;LOG_TA003;alta;El logopeda debe adaptar la tarea a edad, evaluación, objetivos, contexto familiar/escolar/laboral, seguridad y normativa aplicable.
LOG_R0511;LOG_P033;LOG_T001;LOG_TA004;media;El logopeda debe adaptar la tarea a edad, evaluación, objetivos, contexto familiar/escolar/laboral, seguridad y normativa aplicable.
LOG_R0512;LOG_P033;LOG_T025;LOG_TA055;media;El logopeda debe adaptar la tarea a edad, evaluación, objetivos, contexto familiar/escolar/laboral, seguridad y normativa aplicable.
LOG_R0513;LOG_P033;LOG_T025;LOG_TA056;media;El logopeda debe adaptar la tarea a edad, evaluación, objetivos, contexto familiar/escolar/laboral, seguridad y normativa aplicable.
LOG_R0514;LOG_P033;LOG_T025;LOG_TA057;media;El logopeda debe adaptar la tarea a edad, evaluación, objetivos, contexto familiar/escolar/laboral, seguridad y normativa aplicable.
LOG_R0515;LOG_P033;LOG_T027;LOG_TA060;media;El logopeda debe adaptar la tarea a edad, evaluación, objetivos, contexto familiar/escolar/laboral, seguridad y normativa aplicable.
LOG_R0516;LOG_P033;LOG_T027;LOG_TA062;media;El logopeda debe adaptar la tarea a edad, evaluación, objetivos, contexto familiar/escolar/laboral, seguridad y normativa aplicable.
LOG_R0517;LOG_P033;LOG_T027;LOG_TA066;media;El logopeda debe adaptar la tarea a edad, evaluación, objetivos, contexto familiar/escolar/laboral, seguridad y normativa aplicable.
LOG_R0518;LOG_P033;LOG_T028;LOG_TA061;media;El logopeda debe adaptar la tarea a edad, evaluación, objetivos, contexto familiar/escolar/laboral, seguridad y normativa aplicable.
LOG_R0519;LOG_P033;LOG_T028;LOG_TA065;media;El logopeda debe adaptar la tarea a edad, evaluación, objetivos, contexto familiar/escolar/laboral, seguridad y normativa aplicable.
LOG_R0520;LOG_P033;LOG_T029;LOG_TA063;media;El logopeda debe adaptar la tarea a edad, evaluación, objetivos, contexto familiar/escolar/laboral, seguridad y normativa aplicable.
LOG_R0521;LOG_P033;LOG_T029;LOG_TA068;media;El logopeda debe adaptar la tarea a edad, evaluación, objetivos, contexto familiar/escolar/laboral, seguridad y normativa aplicable.
LOG_R0522;LOG_P034;LOG_T001;LOG_TA001;alta;El logopeda debe adaptar la tarea a edad, evaluación, objetivos, contexto familiar/escolar/laboral, seguridad y normativa aplicable.
LOG_R0523;LOG_P034;LOG_T001;LOG_TA002;media;El logopeda debe adaptar la tarea a edad, evaluación, objetivos, contexto familiar/escolar/laboral, seguridad y normativa aplicable.
LOG_R0524;LOG_P034;LOG_T001;LOG_TA003;alta;El logopeda debe adaptar la tarea a edad, evaluación, objetivos, contexto familiar/escolar/laboral, seguridad y normativa aplicable.
LOG_R0525;LOG_P034;LOG_T001;LOG_TA004;media;El logopeda debe adaptar la tarea a edad, evaluación, objetivos, contexto familiar/escolar/laboral, seguridad y normativa aplicable.
LOG_R0526;LOG_P034;LOG_T025;LOG_TA055;media;El logopeda debe adaptar la tarea a edad, evaluación, objetivos, contexto familiar/escolar/laboral, seguridad y normativa aplicable.
LOG_R0527;LOG_P034;LOG_T025;LOG_TA056;media;El logopeda debe adaptar la tarea a edad, evaluación, objetivos, contexto familiar/escolar/laboral, seguridad y normativa aplicable.
LOG_R0528;LOG_P034;LOG_T025;LOG_TA057;media;El logopeda debe adaptar la tarea a edad, evaluación, objetivos, contexto familiar/escolar/laboral, seguridad y normativa aplicable.
LOG_R0529;LOG_P034;LOG_T027;LOG_TA060;media;El logopeda debe adaptar la tarea a edad, evaluación, objetivos, contexto familiar/escolar/laboral, seguridad y normativa aplicable.
LOG_R0530;LOG_P034;LOG_T027;LOG_TA062;media;El logopeda debe adaptar la tarea a edad, evaluación, objetivos, contexto familiar/escolar/laboral, seguridad y normativa aplicable.
LOG_R0531;LOG_P034;LOG_T027;LOG_TA066;media;El logopeda debe adaptar la tarea a edad, evaluación, objetivos, contexto familiar/escolar/laboral, seguridad y normativa aplicable.
LOG_R0532;LOG_P034;LOG_T029;LOG_TA063;media;El logopeda debe adaptar la tarea a edad, evaluación, objetivos, contexto familiar/escolar/laboral, seguridad y normativa aplicable.
LOG_R0533;LOG_P034;LOG_T029;LOG_TA068;media;El logopeda debe adaptar la tarea a edad, evaluación, objetivos, contexto familiar/escolar/laboral, seguridad y normativa aplicable.
LOG_R0534;LOG_P035;LOG_T001;LOG_TA001;alta;El logopeda debe adaptar la tarea a edad, evaluación, objetivos, contexto familiar/escolar/laboral, seguridad y normativa aplicable.
LOG_R0535;LOG_P035;LOG_T001;LOG_TA002;media;El logopeda debe adaptar la tarea a edad, evaluación, objetivos, contexto familiar/escolar/laboral, seguridad y normativa aplicable.
LOG_R0536;LOG_P035;LOG_T001;LOG_TA003;alta;El logopeda debe adaptar la tarea a edad, evaluación, objetivos, contexto familiar/escolar/laboral, seguridad y normativa aplicable.
LOG_R0537;LOG_P035;LOG_T001;LOG_TA004;media;El logopeda debe adaptar la tarea a edad, evaluación, objetivos, contexto familiar/escolar/laboral, seguridad y normativa aplicable.
LOG_R0538;LOG_P035;LOG_T025;LOG_TA055;media;El logopeda debe adaptar la tarea a edad, evaluación, objetivos, contexto familiar/escolar/laboral, seguridad y normativa aplicable.
LOG_R0539;LOG_P035;LOG_T025;LOG_TA056;media;El logopeda debe adaptar la tarea a edad, evaluación, objetivos, contexto familiar/escolar/laboral, seguridad y normativa aplicable.
LOG_R0540;LOG_P035;LOG_T025;LOG_TA057;media;El logopeda debe adaptar la tarea a edad, evaluación, objetivos, contexto familiar/escolar/laboral, seguridad y normativa aplicable.
LOG_R0541;LOG_P035;LOG_T027;LOG_TA060;media;El logopeda debe adaptar la tarea a edad, evaluación, objetivos, contexto familiar/escolar/laboral, seguridad y normativa aplicable.
LOG_R0542;LOG_P035;LOG_T027;LOG_TA062;media;El logopeda debe adaptar la tarea a edad, evaluación, objetivos, contexto familiar/escolar/laboral, seguridad y normativa aplicable.
LOG_R0543;LOG_P035;LOG_T027;LOG_TA066;media;El logopeda debe adaptar la tarea a edad, evaluación, objetivos, contexto familiar/escolar/laboral, seguridad y normativa aplicable.
LOG_R0544;LOG_P035;LOG_T029;LOG_TA063;media;El logopeda debe adaptar la tarea a edad, evaluación, objetivos, contexto familiar/escolar/laboral, seguridad y normativa aplicable.
LOG_R0545;LOG_P035;LOG_T029;LOG_TA068;media;El logopeda debe adaptar la tarea a edad, evaluación, objetivos, contexto familiar/escolar/laboral, seguridad y normativa aplicable.
LOG_R0546;LOG_P036;LOG_T001;LOG_TA001;alta;El logopeda debe adaptar la tarea a edad, evaluación, objetivos, contexto familiar/escolar/laboral, seguridad y normativa aplicable.
LOG_R0547;LOG_P036;LOG_T001;LOG_TA002;media;El logopeda debe adaptar la tarea a edad, evaluación, objetivos, contexto familiar/escolar/laboral, seguridad y normativa aplicable.
LOG_R0548;LOG_P036;LOG_T001;LOG_TA003;alta;El logopeda debe adaptar la tarea a edad, evaluación, objetivos, contexto familiar/escolar/laboral, seguridad y normativa aplicable.
LOG_R0549;LOG_P036;LOG_T001;LOG_TA004;media;El logopeda debe adaptar la tarea a edad, evaluación, objetivos, contexto familiar/escolar/laboral, seguridad y normativa aplicable.
LOG_R0550;LOG_P036;LOG_T024;LOG_TA052;alta;El logopeda debe adaptar la tarea a edad, evaluación, objetivos, contexto familiar/escolar/laboral, seguridad y normativa aplicable.
LOG_R0551;LOG_P036;LOG_T024;LOG_TA053;media;El logopeda debe adaptar la tarea a edad, evaluación, objetivos, contexto familiar/escolar/laboral, seguridad y normativa aplicable.
LOG_R0552;LOG_P036;LOG_T024;LOG_TA054;media;El logopeda debe adaptar la tarea a edad, evaluación, objetivos, contexto familiar/escolar/laboral, seguridad y normativa aplicable.
LOG_R0553;LOG_P036;LOG_T022;LOG_TA047;media;El logopeda debe adaptar la tarea a edad, evaluación, objetivos, contexto familiar/escolar/laboral, seguridad y normativa aplicable.
LOG_R0554;LOG_P036;LOG_T022;LOG_TA048;media;El logopeda debe adaptar la tarea a edad, evaluación, objetivos, contexto familiar/escolar/laboral, seguridad y normativa aplicable.
LOG_R0555;LOG_P036;LOG_T022;LOG_TA049;media;El logopeda debe adaptar la tarea a edad, evaluación, objetivos, contexto familiar/escolar/laboral, seguridad y normativa aplicable.
LOG_R0556;LOG_P036;LOG_T022;LOG_TA067;media;El logopeda debe adaptar la tarea a edad, evaluación, objetivos, contexto familiar/escolar/laboral, seguridad y normativa aplicable.
LOG_R0557;LOG_P036;LOG_T022;LOG_TA080;media;El logopeda debe adaptar la tarea a edad, evaluación, objetivos, contexto familiar/escolar/laboral, seguridad y normativa aplicable.
LOG_R0558;LOG_P036;LOG_T027;LOG_TA060;media;El logopeda debe adaptar la tarea a edad, evaluación, objetivos, contexto familiar/escolar/laboral, seguridad y normativa aplicable.
LOG_R0559;LOG_P036;LOG_T027;LOG_TA062;media;El logopeda debe adaptar la tarea a edad, evaluación, objetivos, contexto familiar/escolar/laboral, seguridad y normativa aplicable.
LOG_R0560;LOG_P036;LOG_T027;LOG_TA066;media;El logopeda debe adaptar la tarea a edad, evaluación, objetivos, contexto familiar/escolar/laboral, seguridad y normativa aplicable.
LOG_R0561;LOG_P036;LOG_T028;LOG_TA061;media;El logopeda debe adaptar la tarea a edad, evaluación, objetivos, contexto familiar/escolar/laboral, seguridad y normativa aplicable.
LOG_R0562;LOG_P036;LOG_T028;LOG_TA065;media;El logopeda debe adaptar la tarea a edad, evaluación, objetivos, contexto familiar/escolar/laboral, seguridad y normativa aplicable.
LOG_R0563;LOG_P036;LOG_T029;LOG_TA063;media;El logopeda debe adaptar la tarea a edad, evaluación, objetivos, contexto familiar/escolar/laboral, seguridad y normativa aplicable.
LOG_R0564;LOG_P036;LOG_T029;LOG_TA068;media;El logopeda debe adaptar la tarea a edad, evaluación, objetivos, contexto familiar/escolar/laboral, seguridad y normativa aplicable.
LOG_R0565;LOG_P037;LOG_T001;LOG_TA001;alta;El logopeda debe adaptar la tarea a edad, evaluación, objetivos, contexto familiar/escolar/laboral, seguridad y normativa aplicable.
LOG_R0566;LOG_P037;LOG_T001;LOG_TA002;media;El logopeda debe adaptar la tarea a edad, evaluación, objetivos, contexto familiar/escolar/laboral, seguridad y normativa aplicable.
LOG_R0567;LOG_P037;LOG_T001;LOG_TA003;alta;El logopeda debe adaptar la tarea a edad, evaluación, objetivos, contexto familiar/escolar/laboral, seguridad y normativa aplicable.
LOG_R0568;LOG_P037;LOG_T001;LOG_TA004;media;El logopeda debe adaptar la tarea a edad, evaluación, objetivos, contexto familiar/escolar/laboral, seguridad y normativa aplicable.
LOG_R0569;LOG_P037;LOG_T022;LOG_TA047;media;El logopeda debe adaptar la tarea a edad, evaluación, objetivos, contexto familiar/escolar/laboral, seguridad y normativa aplicable.
LOG_R0570;LOG_P037;LOG_T022;LOG_TA048;media;El logopeda debe adaptar la tarea a edad, evaluación, objetivos, contexto familiar/escolar/laboral, seguridad y normativa aplicable.
LOG_R0571;LOG_P037;LOG_T022;LOG_TA049;media;El logopeda debe adaptar la tarea a edad, evaluación, objetivos, contexto familiar/escolar/laboral, seguridad y normativa aplicable.
LOG_R0572;LOG_P037;LOG_T022;LOG_TA067;media;El logopeda debe adaptar la tarea a edad, evaluación, objetivos, contexto familiar/escolar/laboral, seguridad y normativa aplicable.
LOG_R0573;LOG_P037;LOG_T022;LOG_TA080;media;El logopeda debe adaptar la tarea a edad, evaluación, objetivos, contexto familiar/escolar/laboral, seguridad y normativa aplicable.
LOG_R0574;LOG_P037;LOG_T024;LOG_TA052;alta;El logopeda debe adaptar la tarea a edad, evaluación, objetivos, contexto familiar/escolar/laboral, seguridad y normativa aplicable.
LOG_R0575;LOG_P037;LOG_T024;LOG_TA053;media;El logopeda debe adaptar la tarea a edad, evaluación, objetivos, contexto familiar/escolar/laboral, seguridad y normativa aplicable.
LOG_R0576;LOG_P037;LOG_T024;LOG_TA054;media;El logopeda debe adaptar la tarea a edad, evaluación, objetivos, contexto familiar/escolar/laboral, seguridad y normativa aplicable.
LOG_R0577;LOG_P037;LOG_T025;LOG_TA055;media;El logopeda debe adaptar la tarea a edad, evaluación, objetivos, contexto familiar/escolar/laboral, seguridad y normativa aplicable.
LOG_R0578;LOG_P037;LOG_T025;LOG_TA056;media;El logopeda debe adaptar la tarea a edad, evaluación, objetivos, contexto familiar/escolar/laboral, seguridad y normativa aplicable.
LOG_R0579;LOG_P037;LOG_T025;LOG_TA057;media;El logopeda debe adaptar la tarea a edad, evaluación, objetivos, contexto familiar/escolar/laboral, seguridad y normativa aplicable.
LOG_R0580;LOG_P037;LOG_T027;LOG_TA060;media;El logopeda debe adaptar la tarea a edad, evaluación, objetivos, contexto familiar/escolar/laboral, seguridad y normativa aplicable.
LOG_R0581;LOG_P037;LOG_T027;LOG_TA062;media;El logopeda debe adaptar la tarea a edad, evaluación, objetivos, contexto familiar/escolar/laboral, seguridad y normativa aplicable.
LOG_R0582;LOG_P037;LOG_T027;LOG_TA066;media;El logopeda debe adaptar la tarea a edad, evaluación, objetivos, contexto familiar/escolar/laboral, seguridad y normativa aplicable.
LOG_R0583;LOG_P037;LOG_T028;LOG_TA061;media;El logopeda debe adaptar la tarea a edad, evaluación, objetivos, contexto familiar/escolar/laboral, seguridad y normativa aplicable.
LOG_R0584;LOG_P037;LOG_T028;LOG_TA065;media;El logopeda debe adaptar la tarea a edad, evaluación, objetivos, contexto familiar/escolar/laboral, seguridad y normativa aplicable.
LOG_R0587;LOG_P038;LOG_T001;LOG_TA001;alta;El logopeda debe adaptar la tarea a edad, evaluación, objetivos, contexto familiar/escolar/laboral, seguridad y normativa aplicable.
LOG_R0588;LOG_P038;LOG_T001;LOG_TA002;media;El logopeda debe adaptar la tarea a edad, evaluación, objetivos, contexto familiar/escolar/laboral, seguridad y normativa aplicable.
LOG_R0589;LOG_P038;LOG_T001;LOG_TA003;alta;El logopeda debe adaptar la tarea a edad, evaluación, objetivos, contexto familiar/escolar/laboral, seguridad y normativa aplicable.
LOG_R0590;LOG_P038;LOG_T001;LOG_TA004;media;El logopeda debe adaptar la tarea a edad, evaluación, objetivos, contexto familiar/escolar/laboral, seguridad y normativa aplicable.
LOG_R0591;LOG_P038;LOG_T014;LOG_TA031;media;El logopeda debe adaptar la tarea a edad, evaluación, objetivos, contexto familiar/escolar/laboral, seguridad y normativa aplicable.
LOG_R0592;LOG_P038;LOG_T014;LOG_TA032;media;El logopeda debe adaptar la tarea a edad, evaluación, objetivos, contexto familiar/escolar/laboral, seguridad y normativa aplicable.
LOG_R0593;LOG_P038;LOG_T014;LOG_TA070;media;El logopeda debe adaptar la tarea a edad, evaluación, objetivos, contexto familiar/escolar/laboral, seguridad y normativa aplicable.
LOG_R0594;LOG_P038;LOG_T015;LOG_TA033;media;El logopeda debe adaptar la tarea a edad, evaluación, objetivos, contexto familiar/escolar/laboral, seguridad y normativa aplicable.
LOG_R0595;LOG_P038;LOG_T015;LOG_TA069;media;El logopeda debe adaptar la tarea a edad, evaluación, objetivos, contexto familiar/escolar/laboral, seguridad y normativa aplicable.
LOG_R0596;LOG_P038;LOG_T015;LOG_TA071;media;El logopeda debe adaptar la tarea a edad, evaluación, objetivos, contexto familiar/escolar/laboral, seguridad y normativa aplicable.
LOG_R0597;LOG_P038;LOG_T027;LOG_TA060;media;El logopeda debe adaptar la tarea a edad, evaluación, objetivos, contexto familiar/escolar/laboral, seguridad y normativa aplicable.
LOG_R0598;LOG_P038;LOG_T027;LOG_TA062;media;El logopeda debe adaptar la tarea a edad, evaluación, objetivos, contexto familiar/escolar/laboral, seguridad y normativa aplicable.
LOG_R0599;LOG_P038;LOG_T027;LOG_TA066;media;El logopeda debe adaptar la tarea a edad, evaluación, objetivos, contexto familiar/escolar/laboral, seguridad y normativa aplicable.
LOG_R0600;LOG_P038;LOG_T028;LOG_TA061;media;El logopeda debe adaptar la tarea a edad, evaluación, objetivos, contexto familiar/escolar/laboral, seguridad y normativa aplicable.
LOG_R0601;LOG_P038;LOG_T028;LOG_TA065;media;El logopeda debe adaptar la tarea a edad, evaluación, objetivos, contexto familiar/escolar/laboral, seguridad y normativa aplicable.
LOG_R0602;LOG_P038;LOG_T030;LOG_TA064;alta;El logopeda debe adaptar la tarea a edad, evaluación, objetivos, contexto familiar/escolar/laboral, seguridad y normativa aplicable.
LOG_R0603;LOG_P039;LOG_T001;LOG_TA001;alta;El logopeda debe adaptar la tarea a edad, evaluación, objetivos, contexto familiar/escolar/laboral, seguridad y normativa aplicable.
LOG_R0604;LOG_P039;LOG_T001;LOG_TA002;media;El logopeda debe adaptar la tarea a edad, evaluación, objetivos, contexto familiar/escolar/laboral, seguridad y normativa aplicable.
LOG_R0605;LOG_P039;LOG_T001;LOG_TA003;alta;El logopeda debe adaptar la tarea a edad, evaluación, objetivos, contexto familiar/escolar/laboral, seguridad y normativa aplicable.
LOG_R0606;LOG_P039;LOG_T001;LOG_TA004;media;El logopeda debe adaptar la tarea a edad, evaluación, objetivos, contexto familiar/escolar/laboral, seguridad y normativa aplicable.
LOG_R0607;LOG_P039;LOG_T014;LOG_TA031;media;El logopeda debe adaptar la tarea a edad, evaluación, objetivos, contexto familiar/escolar/laboral, seguridad y normativa aplicable.
LOG_R0608;LOG_P039;LOG_T014;LOG_TA032;media;El logopeda debe adaptar la tarea a edad, evaluación, objetivos, contexto familiar/escolar/laboral, seguridad y normativa aplicable.
LOG_R0609;LOG_P039;LOG_T014;LOG_TA070;media;El logopeda debe adaptar la tarea a edad, evaluación, objetivos, contexto familiar/escolar/laboral, seguridad y normativa aplicable.
LOG_R0610;LOG_P039;LOG_T015;LOG_TA033;media;El logopeda debe adaptar la tarea a edad, evaluación, objetivos, contexto familiar/escolar/laboral, seguridad y normativa aplicable.
LOG_R0611;LOG_P039;LOG_T015;LOG_TA069;media;El logopeda debe adaptar la tarea a edad, evaluación, objetivos, contexto familiar/escolar/laboral, seguridad y normativa aplicable.
LOG_R0612;LOG_P039;LOG_T015;LOG_TA071;media;El logopeda debe adaptar la tarea a edad, evaluación, objetivos, contexto familiar/escolar/laboral, seguridad y normativa aplicable.
LOG_R0613;LOG_P039;LOG_T028;LOG_TA061;media;El logopeda debe adaptar la tarea a edad, evaluación, objetivos, contexto familiar/escolar/laboral, seguridad y normativa aplicable.
LOG_R0614;LOG_P039;LOG_T028;LOG_TA065;media;El logopeda debe adaptar la tarea a edad, evaluación, objetivos, contexto familiar/escolar/laboral, seguridad y normativa aplicable.
LOG_R0615;LOG_P039;LOG_T030;LOG_TA064;alta;El logopeda debe adaptar la tarea a edad, evaluación, objetivos, contexto familiar/escolar/laboral, seguridad y normativa aplicable.
LOG_R0616;LOG_P040;LOG_T001;LOG_TA001;alta;El logopeda debe adaptar la tarea a edad, evaluación, objetivos, contexto familiar/escolar/laboral, seguridad y normativa aplicable.
LOG_R0617;LOG_P040;LOG_T001;LOG_TA002;media;El logopeda debe adaptar la tarea a edad, evaluación, objetivos, contexto familiar/escolar/laboral, seguridad y normativa aplicable.
LOG_R0618;LOG_P040;LOG_T001;LOG_TA003;alta;El logopeda debe adaptar la tarea a edad, evaluación, objetivos, contexto familiar/escolar/laboral, seguridad y normativa aplicable.
LOG_R0619;LOG_P040;LOG_T001;LOG_TA004;media;El logopeda debe adaptar la tarea a edad, evaluación, objetivos, contexto familiar/escolar/laboral, seguridad y normativa aplicable.
LOG_R0620;LOG_P040;LOG_T014;LOG_TA031;media;El logopeda debe adaptar la tarea a edad, evaluación, objetivos, contexto familiar/escolar/laboral, seguridad y normativa aplicable.
LOG_R0621;LOG_P040;LOG_T014;LOG_TA032;media;El logopeda debe adaptar la tarea a edad, evaluación, objetivos, contexto familiar/escolar/laboral, seguridad y normativa aplicable.
LOG_R0622;LOG_P040;LOG_T014;LOG_TA070;media;El logopeda debe adaptar la tarea a edad, evaluación, objetivos, contexto familiar/escolar/laboral, seguridad y normativa aplicable.
LOG_R0623;LOG_P040;LOG_T015;LOG_TA033;media;El logopeda debe adaptar la tarea a edad, evaluación, objetivos, contexto familiar/escolar/laboral, seguridad y normativa aplicable.
LOG_R0624;LOG_P040;LOG_T015;LOG_TA069;media;El logopeda debe adaptar la tarea a edad, evaluación, objetivos, contexto familiar/escolar/laboral, seguridad y normativa aplicable.
LOG_R0625;LOG_P040;LOG_T015;LOG_TA071;media;El logopeda debe adaptar la tarea a edad, evaluación, objetivos, contexto familiar/escolar/laboral, seguridad y normativa aplicable.
LOG_R0626;LOG_P040;LOG_T027;LOG_TA060;media;El logopeda debe adaptar la tarea a edad, evaluación, objetivos, contexto familiar/escolar/laboral, seguridad y normativa aplicable.
LOG_R0627;LOG_P040;LOG_T027;LOG_TA062;media;El logopeda debe adaptar la tarea a edad, evaluación, objetivos, contexto familiar/escolar/laboral, seguridad y normativa aplicable.
LOG_R0628;LOG_P040;LOG_T027;LOG_TA066;media;El logopeda debe adaptar la tarea a edad, evaluación, objetivos, contexto familiar/escolar/laboral, seguridad y normativa aplicable.
LOG_R0629;LOG_P040;LOG_T029;LOG_TA063;media;El logopeda debe adaptar la tarea a edad, evaluación, objetivos, contexto familiar/escolar/laboral, seguridad y normativa aplicable.
LOG_R0630;LOG_P040;LOG_T029;LOG_TA068;media;El logopeda debe adaptar la tarea a edad, evaluación, objetivos, contexto familiar/escolar/laboral, seguridad y normativa aplicable.
LOG_R0631;LOG_P041;LOG_T001;LOG_TA001;alta;El logopeda debe adaptar la tarea a edad, evaluación, objetivos, contexto familiar/escolar/laboral, seguridad y normativa aplicable.
LOG_R0632;LOG_P041;LOG_T001;LOG_TA002;media;El logopeda debe adaptar la tarea a edad, evaluación, objetivos, contexto familiar/escolar/laboral, seguridad y normativa aplicable.
LOG_R0633;LOG_P041;LOG_T001;LOG_TA003;alta;El logopeda debe adaptar la tarea a edad, evaluación, objetivos, contexto familiar/escolar/laboral, seguridad y normativa aplicable.
LOG_R0634;LOG_P041;LOG_T001;LOG_TA004;media;El logopeda debe adaptar la tarea a edad, evaluación, objetivos, contexto familiar/escolar/laboral, seguridad y normativa aplicable.
LOG_R0635;LOG_P041;LOG_T003;LOG_TA009;media;El logopeda debe adaptar la tarea a edad, evaluación, objetivos, contexto familiar/escolar/laboral, seguridad y normativa aplicable.
LOG_R0636;LOG_P041;LOG_T003;LOG_TA010;media;El logopeda debe adaptar la tarea a edad, evaluación, objetivos, contexto familiar/escolar/laboral, seguridad y normativa aplicable.
LOG_R0637;LOG_P041;LOG_T026;LOG_TA058;media;El logopeda debe adaptar la tarea a edad, evaluación, objetivos, contexto familiar/escolar/laboral, seguridad y normativa aplicable.
LOG_R0638;LOG_P041;LOG_T026;LOG_TA059;media;El logopeda debe adaptar la tarea a edad, evaluación, objetivos, contexto familiar/escolar/laboral, seguridad y normativa aplicable.
LOG_R0639;LOG_P041;LOG_T026;LOG_TA079;media;El logopeda debe adaptar la tarea a edad, evaluación, objetivos, contexto familiar/escolar/laboral, seguridad y normativa aplicable.
LOG_R0640;LOG_P041;LOG_T027;LOG_TA060;media;El logopeda debe adaptar la tarea a edad, evaluación, objetivos, contexto familiar/escolar/laboral, seguridad y normativa aplicable.
LOG_R0641;LOG_P041;LOG_T027;LOG_TA062;media;El logopeda debe adaptar la tarea a edad, evaluación, objetivos, contexto familiar/escolar/laboral, seguridad y normativa aplicable.
LOG_R0642;LOG_P041;LOG_T027;LOG_TA066;media;El logopeda debe adaptar la tarea a edad, evaluación, objetivos, contexto familiar/escolar/laboral, seguridad y normativa aplicable.
LOG_R0643;LOG_P041;LOG_T029;LOG_TA063;media;El logopeda debe adaptar la tarea a edad, evaluación, objetivos, contexto familiar/escolar/laboral, seguridad y normativa aplicable.
LOG_R0644;LOG_P041;LOG_T029;LOG_TA068;media;El logopeda debe adaptar la tarea a edad, evaluación, objetivos, contexto familiar/escolar/laboral, seguridad y normativa aplicable.
LOG_R0645;LOG_P042;LOG_T001;LOG_TA001;alta;El logopeda debe adaptar la tarea a edad, evaluación, objetivos, contexto familiar/escolar/laboral, seguridad y normativa aplicable.
LOG_R0646;LOG_P042;LOG_T001;LOG_TA002;media;El logopeda debe adaptar la tarea a edad, evaluación, objetivos, contexto familiar/escolar/laboral, seguridad y normativa aplicable.
LOG_R0647;LOG_P042;LOG_T001;LOG_TA003;alta;El logopeda debe adaptar la tarea a edad, evaluación, objetivos, contexto familiar/escolar/laboral, seguridad y normativa aplicable.
LOG_R0648;LOG_P042;LOG_T001;LOG_TA004;media;El logopeda debe adaptar la tarea a edad, evaluación, objetivos, contexto familiar/escolar/laboral, seguridad y normativa aplicable.
LOG_R0649;LOG_P042;LOG_T026;LOG_TA058;media;El logopeda debe adaptar la tarea a edad, evaluación, objetivos, contexto familiar/escolar/laboral, seguridad y normativa aplicable.
LOG_R0650;LOG_P042;LOG_T026;LOG_TA059;media;El logopeda debe adaptar la tarea a edad, evaluación, objetivos, contexto familiar/escolar/laboral, seguridad y normativa aplicable.
LOG_R0651;LOG_P042;LOG_T026;LOG_TA079;media;El logopeda debe adaptar la tarea a edad, evaluación, objetivos, contexto familiar/escolar/laboral, seguridad y normativa aplicable.
LOG_R0652;LOG_P042;LOG_T024;LOG_TA052;alta;El logopeda debe adaptar la tarea a edad, evaluación, objetivos, contexto familiar/escolar/laboral, seguridad y normativa aplicable.
LOG_R0653;LOG_P042;LOG_T024;LOG_TA053;media;El logopeda debe adaptar la tarea a edad, evaluación, objetivos, contexto familiar/escolar/laboral, seguridad y normativa aplicable.
LOG_R0654;LOG_P042;LOG_T024;LOG_TA054;media;El logopeda debe adaptar la tarea a edad, evaluación, objetivos, contexto familiar/escolar/laboral, seguridad y normativa aplicable.
LOG_R0655;LOG_P042;LOG_T027;LOG_TA060;media;El logopeda debe adaptar la tarea a edad, evaluación, objetivos, contexto familiar/escolar/laboral, seguridad y normativa aplicable.
LOG_R0656;LOG_P042;LOG_T027;LOG_TA062;media;El logopeda debe adaptar la tarea a edad, evaluación, objetivos, contexto familiar/escolar/laboral, seguridad y normativa aplicable.
LOG_R0657;LOG_P042;LOG_T027;LOG_TA066;media;El logopeda debe adaptar la tarea a edad, evaluación, objetivos, contexto familiar/escolar/laboral, seguridad y normativa aplicable.
LOG_R0658;LOG_P042;LOG_T028;LOG_TA061;media;El logopeda debe adaptar la tarea a edad, evaluación, objetivos, contexto familiar/escolar/laboral, seguridad y normativa aplicable.
LOG_R0659;LOG_P042;LOG_T028;LOG_TA065;media;El logopeda debe adaptar la tarea a edad, evaluación, objetivos, contexto familiar/escolar/laboral, seguridad y normativa aplicable.
LOG_R0660;LOG_P042;LOG_T029;LOG_TA063;media;El logopeda debe adaptar la tarea a edad, evaluación, objetivos, contexto familiar/escolar/laboral, seguridad y normativa aplicable.
LOG_R0661;LOG_P042;LOG_T029;LOG_TA068;media;El logopeda debe adaptar la tarea a edad, evaluación, objetivos, contexto familiar/escolar/laboral, seguridad y normativa aplicable.
