recomendacion_id;problema_id;tecnica_id;tarea_id;prioridad;nota_profesional
SEX_R0001;SEX_P001;SEX_T001;SEX_TA001;media;Adaptar a consentimiento, seguridad, cultura, edad, orientación/identidad, salud física y contexto relacional. No aplicar tareas de pareja si existe coerción, violencia, miedo o falta de consentimiento.
SEX_R0002;SEX_P001;SEX_T001;SEX_TA002;media;Adaptar a consentimiento, seguridad, cultura, edad, orientación/identidad, salud física y contexto relacional. No aplicar tareas de pareja si existe coerción, violencia, miedo o falta de consentimiento.
SEX_R0003;SEX_P001;SEX_T002;SEX_TA003;media;Adaptar a consentimiento, seguridad, cultura, edad, orientación/identidad, salud física y contexto relacional. No aplicar tareas de pareja si existe coerción, violencia, miedo o falta de consentimiento.
SEX_R0004;SEX_P001;SEX_T002;SEX_TA056;media;Adaptar a consentimiento, seguridad, cultura, edad, orientación/identidad, salud física y contexto relacional. No aplicar tareas de pareja si existe coerción, violencia, miedo o falta de consentimiento.
SEX_R0005;SEX_P001;SEX_T003;SEX_TA004;media;Adaptar a consentimiento, seguridad, cultura, edad, orientación/identidad, salud física y contexto relacional. No aplicar tareas de pareja si existe coerción, violencia, miedo o falta de consentimiento.
SEX_R0006;SEX_P001;SEX_T036;SEX_TA037;media;Adaptar a consentimiento, seguridad, cultura, edad, orientación/identidad, salud física y contexto relacional. No aplicar tareas de pareja si existe coerción, violencia, miedo o falta de consentimiento.
SEX_R0007;SEX_P001;SEX_T043;SEX_TA045;media;Adaptar a consentimiento, seguridad, cultura, edad, orientación/identidad, salud física y contexto relacional. No aplicar tareas de pareja si existe coerción, violencia, miedo o falta de consentimiento.
SEX_R0008;SEX_P001;SEX_T045;SEX_TA047;media;Adaptar a consentimiento, seguridad, cultura, edad, orientación/identidad, salud física y contexto relacional. No aplicar tareas de pareja si existe coerción, violencia, miedo o falta de consentimiento.
SEX_R0009;SEX_P002;SEX_T001;SEX_TA001;media;Adaptar a consentimiento, seguridad, cultura, edad, orientación/identidad, salud física y contexto relacional. No aplicar tareas de pareja si existe coerción, violencia, miedo o falta de consentimiento.
SEX_R0010;SEX_P002;SEX_T001;SEX_TA002;media;Adaptar a consentimiento, seguridad, cultura, edad, orientación/identidad, salud física y contexto relacional. No aplicar tareas de pareja si existe coerción, violencia, miedo o falta de consentimiento.
SEX_R0011;SEX_P002;SEX_T002;SEX_TA003;media;Adaptar a consentimiento, seguridad, cultura, edad, orientación/identidad, salud física y contexto relacional. No aplicar tareas de pareja si existe coerción, violencia, miedo o falta de consentimiento.
SEX_R0012;SEX_P002;SEX_T002;SEX_TA056;media;Adaptar a consentimiento, seguridad, cultura, edad, orientación/identidad, salud física y contexto relacional. No aplicar tareas de pareja si existe coerción, violencia, miedo o falta de consentimiento.
SEX_R0013;SEX_P002;SEX_T003;SEX_TA004;media;Adaptar a consentimiento, seguridad, cultura, edad, orientación/identidad, salud física y contexto relacional. No aplicar tareas de pareja si existe coerción, violencia, miedo o falta de consentimiento.
SEX_R0014;SEX_P002;SEX_T036;SEX_TA037;media;Adaptar a consentimiento, seguridad, cultura, edad, orientación/identidad, salud física y contexto relacional. No aplicar tareas de pareja si existe coerción, violencia, miedo o falta de consentimiento.
SEX_R0015;SEX_P002;SEX_T043;SEX_TA045;media;Adaptar a consentimiento, seguridad, cultura, edad, orientación/identidad, salud física y contexto relacional. No aplicar tareas de pareja si existe coerción, violencia, miedo o falta de consentimiento.
SEX_R0016;SEX_P002;SEX_T045;SEX_TA047;media;Adaptar a consentimiento, seguridad, cultura, edad, orientación/identidad, salud física y contexto relacional. No aplicar tareas de pareja si existe coerción, violencia, miedo o falta de consentimiento.
SEX_R0017;SEX_P003;SEX_T001;SEX_TA001;media;Adaptar a consentimiento, seguridad, cultura, edad, orientación/identidad, salud física y contexto relacional. No aplicar tareas de pareja si existe coerción, violencia, miedo o falta de consentimiento.
SEX_R0018;SEX_P003;SEX_T001;SEX_TA002;media;Adaptar a consentimiento, seguridad, cultura, edad, orientación/identidad, salud física y contexto relacional. No aplicar tareas de pareja si existe coerción, violencia, miedo o falta de consentimiento.
SEX_R0019;SEX_P003;SEX_T002;SEX_TA003;media;Adaptar a consentimiento, seguridad, cultura, edad, orientación/identidad, salud física y contexto relacional. No aplicar tareas de pareja si existe coerción, violencia, miedo o falta de consentimiento.
SEX_R0020;SEX_P003;SEX_T002;SEX_TA056;media;Adaptar a consentimiento, seguridad, cultura, edad, orientación/identidad, salud física y contexto relacional. No aplicar tareas de pareja si existe coerción, violencia, miedo o falta de consentimiento.
SEX_R0021;SEX_P003;SEX_T003;SEX_TA004;media;Adaptar a consentimiento, seguridad, cultura, edad, orientación/identidad, salud física y contexto relacional. No aplicar tareas de pareja si existe coerción, violencia, miedo o falta de consentimiento.
SEX_R0022;SEX_P003;SEX_T036;SEX_TA037;media;Adaptar a consentimiento, seguridad, cultura, edad, orientación/identidad, salud física y contexto relacional. No aplicar tareas de pareja si existe coerción, violencia, miedo o falta de consentimiento.
SEX_R0023;SEX_P003;SEX_T043;SEX_TA045;media;Adaptar a consentimiento, seguridad, cultura, edad, orientación/identidad, salud física y contexto relacional. No aplicar tareas de pareja si existe coerción, violencia, miedo o falta de consentimiento.
SEX_R0024;SEX_P003;SEX_T045;SEX_TA047;media;Adaptar a consentimiento, seguridad, cultura, edad, orientación/identidad, salud física y contexto relacional. No aplicar tareas de pareja si existe coerción, violencia, miedo o falta de consentimiento.
SEX_R0025;SEX_P004;SEX_T001;SEX_TA001;media;Adaptar a consentimiento, seguridad, cultura, edad, orientación/identidad, salud física y contexto relacional. No aplicar tareas de pareja si existe coerción, violencia, miedo o falta de consentimiento.
SEX_R0026;SEX_P004;SEX_T001;SEX_TA002;media;Adaptar a consentimiento, seguridad, cultura, edad, orientación/identidad, salud física y contexto relacional. No aplicar tareas de pareja si existe coerción, violencia, miedo o falta de consentimiento.
SEX_R0027;SEX_P004;SEX_T002;SEX_TA003;media;Adaptar a consentimiento, seguridad, cultura, edad, orientación/identidad, salud física y contexto relacional. No aplicar tareas de pareja si existe coerción, violencia, miedo o falta de consentimiento.
SEX_R0028;SEX_P004;SEX_T002;SEX_TA056;media;Adaptar a consentimiento, seguridad, cultura, edad, orientación/identidad, salud física y contexto relacional. No aplicar tareas de pareja si existe coerción, violencia, miedo o falta de consentimiento.
SEX_R0029;SEX_P004;SEX_T003;SEX_TA004;media;Adaptar a consentimiento, seguridad, cultura, edad, orientación/identidad, salud física y contexto relacional. No aplicar tareas de pareja si existe coerción, violencia, miedo o falta de consentimiento.
SEX_R0030;SEX_P004;SEX_T036;SEX_TA037;media;Adaptar a consentimiento, seguridad, cultura, edad, orientación/identidad, salud física y contexto relacional. No aplicar tareas de pareja si existe coerción, violencia, miedo o falta de consentimiento.
SEX_R0031;SEX_P004;SEX_T043;SEX_TA045;media;Adaptar a consentimiento, seguridad, cultura, edad, orientación/identidad, salud física y contexto relacional. No aplicar tareas de pareja si existe coerción, violencia, miedo o falta de consentimiento.
SEX_R0032;SEX_P004;SEX_T045;SEX_TA047;media;Adaptar a consentimiento, seguridad, cultura, edad, orientación/identidad, salud física y contexto relacional. No aplicar tareas de pareja si existe coerción, violencia, miedo o falta de consentimiento.
SEX_R0033;SEX_P005;SEX_T001;SEX_TA001;media;Adaptar a consentimiento, seguridad, cultura, edad, orientación/identidad, salud física y contexto relacional. No aplicar tareas de pareja si existe coerción, violencia, miedo o falta de consentimiento.
SEX_R0034;SEX_P005;SEX_T001;SEX_TA002;media;Adaptar a consentimiento, seguridad, cultura, edad, orientación/identidad, salud física y contexto relacional. No aplicar tareas de pareja si existe coerción, violencia, miedo o falta de consentimiento.
SEX_R0035;SEX_P005;SEX_T002;SEX_TA003;media;Adaptar a consentimiento, seguridad, cultura, edad, orientación/identidad, salud física y contexto relacional. No aplicar tareas de pareja si existe coerción, violencia, miedo o falta de consentimiento.
SEX_R0036;SEX_P005;SEX_T002;SEX_TA056;media;Adaptar a consentimiento, seguridad, cultura, edad, orientación/identidad, salud física y contexto relacional. No aplicar tareas de pareja si existe coerción, violencia, miedo o falta de consentimiento.
SEX_R0037;SEX_P005;SEX_T006;SEX_TA006;media;Adaptar a consentimiento, seguridad, cultura, edad, orientación/identidad, salud física y contexto relacional. No aplicar tareas de pareja si existe coerción, violencia, miedo o falta de consentimiento.
SEX_R0038;SEX_P005;SEX_T007;SEX_TA007;media;Adaptar a consentimiento, seguridad, cultura, edad, orientación/identidad, salud física y contexto relacional. No aplicar tareas de pareja si existe coerción, violencia, miedo o falta de consentimiento.
SEX_R0039;SEX_P005;SEX_T008;SEX_TA008;media;Adaptar a consentimiento, seguridad, cultura, edad, orientación/identidad, salud física y contexto relacional. No aplicar tareas de pareja si existe coerción, violencia, miedo o falta de consentimiento.
SEX_R0040;SEX_P005;SEX_T009;SEX_TA009;media;Adaptar a consentimiento, seguridad, cultura, edad, orientación/identidad, salud física y contexto relacional. No aplicar tareas de pareja si existe coerción, violencia, miedo o falta de consentimiento.
SEX_R0041;SEX_P005;SEX_T009;SEX_TA060;media;Adaptar a consentimiento, seguridad, cultura, edad, orientación/identidad, salud física y contexto relacional. No aplicar tareas de pareja si existe coerción, violencia, miedo o falta de consentimiento.
SEX_R0042;SEX_P005;SEX_T024;SEX_TA024;media;Adaptar a consentimiento, seguridad, cultura, edad, orientación/identidad, salud física y contexto relacional. No aplicar tareas de pareja si existe coerción, violencia, miedo o falta de consentimiento.
SEX_R0043;SEX_P005;SEX_T048;SEX_TA041;media;Adaptar a consentimiento, seguridad, cultura, edad, orientación/identidad, salud física y contexto relacional. No aplicar tareas de pareja si existe coerción, violencia, miedo o falta de consentimiento.
SEX_R0044;SEX_P005;SEX_T045;SEX_TA047;media;Adaptar a consentimiento, seguridad, cultura, edad, orientación/identidad, salud física y contexto relacional. No aplicar tareas de pareja si existe coerción, violencia, miedo o falta de consentimiento.
SEX_R0045;SEX_P006;SEX_T001;SEX_TA001;media;Adaptar a consentimiento, seguridad, cultura, edad, orientación/identidad, salud física y contexto relacional. No aplicar tareas de pareja si existe coerción, violencia, miedo o falta de consentimiento.
SEX_R0046;SEX_P006;SEX_T001;SEX_TA002;media;Adaptar a consentimiento, seguridad, cultura, edad, orientación/identidad, salud física y contexto relacional. No aplicar tareas de pareja si existe coerción, violencia, miedo o falta de consentimiento.
SEX_R0047;SEX_P006;SEX_T002;SEX_TA003;media;Adaptar a consentimiento, seguridad, cultura, edad, orientación/identidad, salud física y contexto relacional. No aplicar tareas de pareja si existe coerción, violencia, miedo o falta de consentimiento.
SEX_R0048;SEX_P006;SEX_T002;SEX_TA056;media;Adaptar a consentimiento, seguridad, cultura, edad, orientación/identidad, salud física y contexto relacional. No aplicar tareas de pareja si existe coerción, violencia, miedo o falta de consentimiento.
SEX_R0049;SEX_P006;SEX_T006;SEX_TA006;media;Adaptar a consentimiento, seguridad, cultura, edad, orientación/identidad, salud física y contexto relacional. No aplicar tareas de pareja si existe coerción, violencia, miedo o falta de consentimiento.
SEX_R0050;SEX_P006;SEX_T007;SEX_TA007;media;Adaptar a consentimiento, seguridad, cultura, edad, orientación/identidad, salud física y contexto relacional. No aplicar tareas de pareja si existe coerción, violencia, miedo o falta de consentimiento.
SEX_R0051;SEX_P006;SEX_T008;SEX_TA008;media;Adaptar a consentimiento, seguridad, cultura, edad, orientación/identidad, salud física y contexto relacional. No aplicar tareas de pareja si existe coerción, violencia, miedo o falta de consentimiento.
SEX_R0052;SEX_P006;SEX_T009;SEX_TA009;media;Adaptar a consentimiento, seguridad, cultura, edad, orientación/identidad, salud física y contexto relacional. No aplicar tareas de pareja si existe coerción, violencia, miedo o falta de consentimiento.
SEX_R0053;SEX_P006;SEX_T009;SEX_TA060;media;Adaptar a consentimiento, seguridad, cultura, edad, orientación/identidad, salud física y contexto relacional. No aplicar tareas de pareja si existe coerción, violencia, miedo o falta de consentimiento.
SEX_R0054;SEX_P006;SEX_T024;SEX_TA024;media;Adaptar a consentimiento, seguridad, cultura, edad, orientación/identidad, salud física y contexto relacional. No aplicar tareas de pareja si existe coerción, violencia, miedo o falta de consentimiento.
SEX_R0055;SEX_P006;SEX_T048;SEX_TA041;media;Adaptar a consentimiento, seguridad, cultura, edad, orientación/identidad, salud física y contexto relacional. No aplicar tareas de pareja si existe coerción, violencia, miedo o falta de consentimiento.
SEX_R0056;SEX_P006;SEX_T045;SEX_TA047;media;Adaptar a consentimiento, seguridad, cultura, edad, orientación/identidad, salud física y contexto relacional. No aplicar tareas de pareja si existe coerción, violencia, miedo o falta de consentimiento.
SEX_R0057;SEX_P007;SEX_T001;SEX_TA001;media;Adaptar a consentimiento, seguridad, cultura, edad, orientación/identidad, salud física y contexto relacional. No aplicar tareas de pareja si existe coerción, violencia, miedo o falta de consentimiento.
SEX_R0058;SEX_P007;SEX_T001;SEX_TA002;media;Adaptar a consentimiento, seguridad, cultura, edad, orientación/identidad, salud física y contexto relacional. No aplicar tareas de pareja si existe coerción, violencia, miedo o falta de consentimiento.
SEX_R0059;SEX_P007;SEX_T002;SEX_TA003;media;Adaptar a consentimiento, seguridad, cultura, edad, orientación/identidad, salud física y contexto relacional. No aplicar tareas de pareja si existe coerción, violencia, miedo o falta de consentimiento.
SEX_R0060;SEX_P007;SEX_T002;SEX_TA056;media;Adaptar a consentimiento, seguridad, cultura, edad, orientación/identidad, salud física y contexto relacional. No aplicar tareas de pareja si existe coerción, violencia, miedo o falta de consentimiento.
SEX_R0061;SEX_P007;SEX_T006;SEX_TA006;media;Adaptar a consentimiento, seguridad, cultura, edad, orientación/identidad, salud física y contexto relacional. No aplicar tareas de pareja si existe coerción, violencia, miedo o falta de consentimiento.
SEX_R0062;SEX_P007;SEX_T007;SEX_TA007;media;Adaptar a consentimiento, seguridad, cultura, edad, orientación/identidad, salud física y contexto relacional. No aplicar tareas de pareja si existe coerción, violencia, miedo o falta de consentimiento.
SEX_R0063;SEX_P007;SEX_T008;SEX_TA008;media;Adaptar a consentimiento, seguridad, cultura, edad, orientación/identidad, salud física y contexto relacional. No aplicar tareas de pareja si existe coerción, violencia, miedo o falta de consentimiento.
SEX_R0064;SEX_P007;SEX_T009;SEX_TA009;media;Adaptar a consentimiento, seguridad, cultura, edad, orientación/identidad, salud física y contexto relacional. No aplicar tareas de pareja si existe coerción, violencia, miedo o falta de consentimiento.
SEX_R0065;SEX_P007;SEX_T009;SEX_TA060;media;Adaptar a consentimiento, seguridad, cultura, edad, orientación/identidad, salud física y contexto relacional. No aplicar tareas de pareja si existe coerción, violencia, miedo o falta de consentimiento.
SEX_R0066;SEX_P007;SEX_T024;SEX_TA024;media;Adaptar a consentimiento, seguridad, cultura, edad, orientación/identidad, salud física y contexto relacional. No aplicar tareas de pareja si existe coerción, violencia, miedo o falta de consentimiento.
SEX_R0067;SEX_P007;SEX_T048;SEX_TA041;media;Adaptar a consentimiento, seguridad, cultura, edad, orientación/identidad, salud física y contexto relacional. No aplicar tareas de pareja si existe coerción, violencia, miedo o falta de consentimiento.
SEX_R0068;SEX_P007;SEX_T045;SEX_TA047;media;Adaptar a consentimiento, seguridad, cultura, edad, orientación/identidad, salud física y contexto relacional. No aplicar tareas de pareja si existe coerción, violencia, miedo o falta de consentimiento.
SEX_R0069;SEX_P008;SEX_T001;SEX_TA001;media;Adaptar a consentimiento, seguridad, cultura, edad, orientación/identidad, salud física y contexto relacional. No aplicar tareas de pareja si existe coerción, violencia, miedo o falta de consentimiento.
SEX_R0070;SEX_P008;SEX_T001;SEX_TA002;media;Adaptar a consentimiento, seguridad, cultura, edad, orientación/identidad, salud física y contexto relacional. No aplicar tareas de pareja si existe coerción, violencia, miedo o falta de consentimiento.
SEX_R0071;SEX_P008;SEX_T002;SEX_TA003;media;Adaptar a consentimiento, seguridad, cultura, edad, orientación/identidad, salud física y contexto relacional. No aplicar tareas de pareja si existe coerción, violencia, miedo o falta de consentimiento.
SEX_R0072;SEX_P008;SEX_T002;SEX_TA056;media;Adaptar a consentimiento, seguridad, cultura, edad, orientación/identidad, salud física y contexto relacional. No aplicar tareas de pareja si existe coerción, violencia, miedo o falta de consentimiento.
SEX_R0073;SEX_P008;SEX_T006;SEX_TA006;media;Adaptar a consentimiento, seguridad, cultura, edad, orientación/identidad, salud física y contexto relacional. No aplicar tareas de pareja si existe coerción, violencia, miedo o falta de consentimiento.
SEX_R0074;SEX_P008;SEX_T007;SEX_TA007;media;Adaptar a consentimiento, seguridad, cultura, edad, orientación/identidad, salud física y contexto relacional. No aplicar tareas de pareja si existe coerción, violencia, miedo o falta de consentimiento.
SEX_R0075;SEX_P008;SEX_T008;SEX_TA008;media;Adaptar a consentimiento, seguridad, cultura, edad, orientación/identidad, salud física y contexto relacional. No aplicar tareas de pareja si existe coerción, violencia, miedo o falta de consentimiento.
SEX_R0076;SEX_P008;SEX_T009;SEX_TA009;media;Adaptar a consentimiento, seguridad, cultura, edad, orientación/identidad, salud física y contexto relacional. No aplicar tareas de pareja si existe coerción, violencia, miedo o falta de consentimiento.
SEX_R0077;SEX_P008;SEX_T009;SEX_TA060;media;Adaptar a consentimiento, seguridad, cultura, edad, orientación/identidad, salud física y contexto relacional. No aplicar tareas de pareja si existe coerción, violencia, miedo o falta de consentimiento.
SEX_R0078;SEX_P008;SEX_T024;SEX_TA024;media;Adaptar a consentimiento, seguridad, cultura, edad, orientación/identidad, salud física y contexto relacional. No aplicar tareas de pareja si existe coerción, violencia, miedo o falta de consentimiento.
SEX_R0079;SEX_P008;SEX_T048;SEX_TA041;media;Adaptar a consentimiento, seguridad, cultura, edad, orientación/identidad, salud física y contexto relacional. No aplicar tareas de pareja si existe coerción, violencia, miedo o falta de consentimiento.
SEX_R0080;SEX_P008;SEX_T045;SEX_TA047;media;Adaptar a consentimiento, seguridad, cultura, edad, orientación/identidad, salud física y contexto relacional. No aplicar tareas de pareja si existe coerción, violencia, miedo o falta de consentimiento.
SEX_R0081;SEX_P009;SEX_T001;SEX_TA001;media;Adaptar a consentimiento, seguridad, cultura, edad, orientación/identidad, salud física y contexto relacional. No aplicar tareas de pareja si existe coerción, violencia, miedo o falta de consentimiento.
SEX_R0082;SEX_P009;SEX_T001;SEX_TA002;media;Adaptar a consentimiento, seguridad, cultura, edad, orientación/identidad, salud física y contexto relacional. No aplicar tareas de pareja si existe coerción, violencia, miedo o falta de consentimiento.
SEX_R0083;SEX_P009;SEX_T002;SEX_TA003;media;Adaptar a consentimiento, seguridad, cultura, edad, orientación/identidad, salud física y contexto relacional. No aplicar tareas de pareja si existe coerción, violencia, miedo o falta de consentimiento.
SEX_R0084;SEX_P009;SEX_T002;SEX_TA056;media;Adaptar a consentimiento, seguridad, cultura, edad, orientación/identidad, salud física y contexto relacional. No aplicar tareas de pareja si existe coerción, violencia, miedo o falta de consentimiento.
SEX_R0085;SEX_P009;SEX_T006;SEX_TA006;media;Adaptar a consentimiento, seguridad, cultura, edad, orientación/identidad, salud física y contexto relacional. No aplicar tareas de pareja si existe coerción, violencia, miedo o falta de consentimiento.
SEX_R0086;SEX_P009;SEX_T007;SEX_TA007;media;Adaptar a consentimiento, seguridad, cultura, edad, orientación/identidad, salud física y contexto relacional. No aplicar tareas de pareja si existe coerción, violencia, miedo o falta de consentimiento.
SEX_R0087;SEX_P009;SEX_T008;SEX_TA008;media;Adaptar a consentimiento, seguridad, cultura, edad, orientación/identidad, salud física y contexto relacional. No aplicar tareas de pareja si existe coerción, violencia, miedo o falta de consentimiento.
SEX_R0088;SEX_P009;SEX_T009;SEX_TA009;media;Adaptar a consentimiento, seguridad, cultura, edad, orientación/identidad, salud física y contexto relacional. No aplicar tareas de pareja si existe coerción, violencia, miedo o falta de consentimiento.
SEX_R0089;SEX_P009;SEX_T009;SEX_TA060;media;Adaptar a consentimiento, seguridad, cultura, edad, orientación/identidad, salud física y contexto relacional. No aplicar tareas de pareja si existe coerción, violencia, miedo o falta de consentimiento.
SEX_R0090;SEX_P009;SEX_T024;SEX_TA024;media;Adaptar a consentimiento, seguridad, cultura, edad, orientación/identidad, salud física y contexto relacional. No aplicar tareas de pareja si existe coerción, violencia, miedo o falta de consentimiento.
SEX_R0091;SEX_P009;SEX_T048;SEX_TA041;media;Adaptar a consentimiento, seguridad, cultura, edad, orientación/identidad, salud física y contexto relacional. No aplicar tareas de pareja si existe coerción, violencia, miedo o falta de consentimiento.
SEX_R0092;SEX_P009;SEX_T045;SEX_TA047;media;Adaptar a consentimiento, seguridad, cultura, edad, orientación/identidad, salud física y contexto relacional. No aplicar tareas de pareja si existe coerción, violencia, miedo o falta de consentimiento.
SEX_R0093;SEX_P010;SEX_T002;SEX_TA003;media;Adaptar a consentimiento, seguridad, cultura, edad, orientación/identidad, salud física y contexto relacional. No aplicar tareas de pareja si existe coerción, violencia, miedo o falta de consentimiento.
SEX_R0094;SEX_P010;SEX_T002;SEX_TA056;media;Adaptar a consentimiento, seguridad, cultura, edad, orientación/identidad, salud física y contexto relacional. No aplicar tareas de pareja si existe coerción, violencia, miedo o falta de consentimiento.
SEX_R0095;SEX_P010;SEX_T003;SEX_TA004;media;Adaptar a consentimiento, seguridad, cultura, edad, orientación/identidad, salud física y contexto relacional. No aplicar tareas de pareja si existe coerción, violencia, miedo o falta de consentimiento.
SEX_R0096;SEX_P010;SEX_T005;SEX_TA005;alta;Adaptar a consentimiento, seguridad, cultura, edad, orientación/identidad, salud física y contexto relacional. No aplicar tareas de pareja si existe coerción, violencia, miedo o falta de consentimiento.
SEX_R0097;SEX_P010;SEX_T006;SEX_TA006;media;Adaptar a consentimiento, seguridad, cultura, edad, orientación/identidad, salud física y contexto relacional. No aplicar tareas de pareja si existe coerción, violencia, miedo o falta de consentimiento.
SEX_R0098;SEX_P010;SEX_T011;SEX_TA011;media;Adaptar a consentimiento, seguridad, cultura, edad, orientación/identidad, salud física y contexto relacional. No aplicar tareas de pareja si existe coerción, violencia, miedo o falta de consentimiento.
SEX_R0099;SEX_P010;SEX_T025;SEX_TA025;media;Adaptar a consentimiento, seguridad, cultura, edad, orientación/identidad, salud física y contexto relacional. No aplicar tareas de pareja si existe coerción, violencia, miedo o falta de consentimiento.
SEX_R0100;SEX_P010;SEX_T026;SEX_TA026;media;Adaptar a consentimiento, seguridad, cultura, edad, orientación/identidad, salud física y contexto relacional. No aplicar tareas de pareja si existe coerción, violencia, miedo o falta de consentimiento.
SEX_R0101;SEX_P010;SEX_T042;SEX_TA030;media;Adaptar a consentimiento, seguridad, cultura, edad, orientación/identidad, salud física y contexto relacional. No aplicar tareas de pareja si existe coerción, violencia, miedo o falta de consentimiento.
SEX_R0102;SEX_P010;SEX_T042;SEX_TA044;media;Adaptar a consentimiento, seguridad, cultura, edad, orientación/identidad, salud física y contexto relacional. No aplicar tareas de pareja si existe coerción, violencia, miedo o falta de consentimiento.
SEX_R0103;SEX_P010;SEX_T046;SEX_TA048;alta;Adaptar a consentimiento, seguridad, cultura, edad, orientación/identidad, salud física y contexto relacional. No aplicar tareas de pareja si existe coerción, violencia, miedo o falta de consentimiento.
SEX_R0104;SEX_P010;SEX_T050;SEX_TA053;alta;Adaptar a consentimiento, seguridad, cultura, edad, orientación/identidad, salud física y contexto relacional. No aplicar tareas de pareja si existe coerción, violencia, miedo o falta de consentimiento.
SEX_R0105;SEX_P011;SEX_T002;SEX_TA003;media;Adaptar a consentimiento, seguridad, cultura, edad, orientación/identidad, salud física y contexto relacional. No aplicar tareas de pareja si existe coerción, violencia, miedo o falta de consentimiento.
SEX_R0106;SEX_P011;SEX_T002;SEX_TA056;media;Adaptar a consentimiento, seguridad, cultura, edad, orientación/identidad, salud física y contexto relacional. No aplicar tareas de pareja si existe coerción, violencia, miedo o falta de consentimiento.
SEX_R0107;SEX_P011;SEX_T003;SEX_TA004;media;Adaptar a consentimiento, seguridad, cultura, edad, orientación/identidad, salud física y contexto relacional. No aplicar tareas de pareja si existe coerción, violencia, miedo o falta de consentimiento.
SEX_R0108;SEX_P011;SEX_T005;SEX_TA005;alta;Adaptar a consentimiento, seguridad, cultura, edad, orientación/identidad, salud física y contexto relacional. No aplicar tareas de pareja si existe coerción, violencia, miedo o falta de consentimiento.
SEX_R0109;SEX_P011;SEX_T006;SEX_TA006;media;Adaptar a consentimiento, seguridad, cultura, edad, orientación/identidad, salud física y contexto relacional. No aplicar tareas de pareja si existe coerción, violencia, miedo o falta de consentimiento.
SEX_R0110;SEX_P011;SEX_T011;SEX_TA011;media;Adaptar a consentimiento, seguridad, cultura, edad, orientación/identidad, salud física y contexto relacional. No aplicar tareas de pareja si existe coerción, violencia, miedo o falta de consentimiento.
SEX_R0111;SEX_P011;SEX_T025;SEX_TA025;media;Adaptar a consentimiento, seguridad, cultura, edad, orientación/identidad, salud física y contexto relacional. No aplicar tareas de pareja si existe coerción, violencia, miedo o falta de consentimiento.
SEX_R0112;SEX_P011;SEX_T026;SEX_TA026;media;Adaptar a consentimiento, seguridad, cultura, edad, orientación/identidad, salud física y contexto relacional. No aplicar tareas de pareja si existe coerción, violencia, miedo o falta de consentimiento.
SEX_R0113;SEX_P011;SEX_T042;SEX_TA030;media;Adaptar a consentimiento, seguridad, cultura, edad, orientación/identidad, salud física y contexto relacional. No aplicar tareas de pareja si existe coerción, violencia, miedo o falta de consentimiento.
SEX_R0114;SEX_P011;SEX_T042;SEX_TA044;media;Adaptar a consentimiento, seguridad, cultura, edad, orientación/identidad, salud física y contexto relacional. No aplicar tareas de pareja si existe coerción, violencia, miedo o falta de consentimiento.
SEX_R0115;SEX_P011;SEX_T046;SEX_TA048;alta;Adaptar a consentimiento, seguridad, cultura, edad, orientación/identidad, salud física y contexto relacional. No aplicar tareas de pareja si existe coerción, violencia, miedo o falta de consentimiento.
SEX_R0116;SEX_P011;SEX_T050;SEX_TA053;alta;Adaptar a consentimiento, seguridad, cultura, edad, orientación/identidad, salud física y contexto relacional. No aplicar tareas de pareja si existe coerción, violencia, miedo o falta de consentimiento.
SEX_R0117;SEX_P012;SEX_T002;SEX_TA003;media;Adaptar a consentimiento, seguridad, cultura, edad, orientación/identidad, salud física y contexto relacional. No aplicar tareas de pareja si existe coerción, violencia, miedo o falta de consentimiento.
SEX_R0118;SEX_P012;SEX_T002;SEX_TA056;media;Adaptar a consentimiento, seguridad, cultura, edad, orientación/identidad, salud física y contexto relacional. No aplicar tareas de pareja si existe coerción, violencia, miedo o falta de consentimiento.
SEX_R0119;SEX_P012;SEX_T003;SEX_TA004;media;Adaptar a consentimiento, seguridad, cultura, edad, orientación/identidad, salud física y contexto relacional. No aplicar tareas de pareja si existe coerción, violencia, miedo o falta de consentimiento.
SEX_R0120;SEX_P012;SEX_T005;SEX_TA005;alta;Adaptar a consentimiento, seguridad, cultura, edad, orientación/identidad, salud física y contexto relacional. No aplicar tareas de pareja si existe coerción, violencia, miedo o falta de consentimiento.
SEX_R0121;SEX_P012;SEX_T006;SEX_TA006;media;Adaptar a consentimiento, seguridad, cultura, edad, orientación/identidad, salud física y contexto relacional. No aplicar tareas de pareja si existe coerción, violencia, miedo o falta de consentimiento.
SEX_R0122;SEX_P012;SEX_T011;SEX_TA011;media;Adaptar a consentimiento, seguridad, cultura, edad, orientación/identidad, salud física y contexto relacional. No aplicar tareas de pareja si existe coerción, violencia, miedo o falta de consentimiento.
SEX_R0123;SEX_P012;SEX_T025;SEX_TA025;media;Adaptar a consentimiento, seguridad, cultura, edad, orientación/identidad, salud física y contexto relacional. No aplicar tareas de pareja si existe coerción, violencia, miedo o falta de consentimiento.
SEX_R0124;SEX_P012;SEX_T026;SEX_TA026;media;Adaptar a consentimiento, seguridad, cultura, edad, orientación/identidad, salud física y contexto relacional. No aplicar tareas de pareja si existe coerción, violencia, miedo o falta de consentimiento.
SEX_R0125;SEX_P012;SEX_T042;SEX_TA030;media;Adaptar a consentimiento, seguridad, cultura, edad, orientación/identidad, salud física y contexto relacional. No aplicar tareas de pareja si existe coerción, violencia, miedo o falta de consentimiento.
SEX_R0126;SEX_P012;SEX_T042;SEX_TA044;media;Adaptar a consentimiento, seguridad, cultura, edad, orientación/identidad, salud física y contexto relacional. No aplicar tareas de pareja si existe coerción, violencia, miedo o falta de consentimiento.
SEX_R0127;SEX_P012;SEX_T046;SEX_TA048;alta;Adaptar a consentimiento, seguridad, cultura, edad, orientación/identidad, salud física y contexto relacional. No aplicar tareas de pareja si existe coerción, violencia, miedo o falta de consentimiento.
SEX_R0128;SEX_P012;SEX_T050;SEX_TA053;alta;Adaptar a consentimiento, seguridad, cultura, edad, orientación/identidad, salud física y contexto relacional. No aplicar tareas de pareja si existe coerción, violencia, miedo o falta de consentimiento.
SEX_R0129;SEX_P013;SEX_T002;SEX_TA003;media;Adaptar a consentimiento, seguridad, cultura, edad, orientación/identidad, salud física y contexto relacional. No aplicar tareas de pareja si existe coerción, violencia, miedo o falta de consentimiento.
SEX_R0130;SEX_P013;SEX_T002;SEX_TA056;media;Adaptar a consentimiento, seguridad, cultura, edad, orientación/identidad, salud física y contexto relacional. No aplicar tareas de pareja si existe coerción, violencia, miedo o falta de consentimiento.
SEX_R0131;SEX_P013;SEX_T003;SEX_TA004;media;Adaptar a consentimiento, seguridad, cultura, edad, orientación/identidad, salud física y contexto relacional. No aplicar tareas de pareja si existe coerción, violencia, miedo o falta de consentimiento.
SEX_R0132;SEX_P013;SEX_T005;SEX_TA005;alta;Adaptar a consentimiento, seguridad, cultura, edad, orientación/identidad, salud física y contexto relacional. No aplicar tareas de pareja si existe coerción, violencia, miedo o falta de consentimiento.
SEX_R0133;SEX_P013;SEX_T006;SEX_TA006;media;Adaptar a consentimiento, seguridad, cultura, edad, orientación/identidad, salud física y contexto relacional. No aplicar tareas de pareja si existe coerción, violencia, miedo o falta de consentimiento.
SEX_R0134;SEX_P013;SEX_T011;SEX_TA011;media;Adaptar a consentimiento, seguridad, cultura, edad, orientación/identidad, salud física y contexto relacional. No aplicar tareas de pareja si existe coerción, violencia, miedo o falta de consentimiento.
SEX_R0135;SEX_P013;SEX_T025;SEX_TA025;media;Adaptar a consentimiento, seguridad, cultura, edad, orientación/identidad, salud física y contexto relacional. No aplicar tareas de pareja si existe coerción, violencia, miedo o falta de consentimiento.
SEX_R0136;SEX_P013;SEX_T026;SEX_TA026;media;Adaptar a consentimiento, seguridad, cultura, edad, orientación/identidad, salud física y contexto relacional. No aplicar tareas de pareja si existe coerción, violencia, miedo o falta de consentimiento.
SEX_R0137;SEX_P013;SEX_T042;SEX_TA030;media;Adaptar a consentimiento, seguridad, cultura, edad, orientación/identidad, salud física y contexto relacional. No aplicar tareas de pareja si existe coerción, violencia, miedo o falta de consentimiento.
SEX_R0138;SEX_P013;SEX_T042;SEX_TA044;media;Adaptar a consentimiento, seguridad, cultura, edad, orientación/identidad, salud física y contexto relacional. No aplicar tareas de pareja si existe coerción, violencia, miedo o falta de consentimiento.
SEX_R0139;SEX_P013;SEX_T046;SEX_TA048;alta;Adaptar a consentimiento, seguridad, cultura, edad, orientación/identidad, salud física y contexto relacional. No aplicar tareas de pareja si existe coerción, violencia, miedo o falta de consentimiento.
SEX_R0140;SEX_P013;SEX_T050;SEX_TA053;alta;Adaptar a consentimiento, seguridad, cultura, edad, orientación/identidad, salud física y contexto relacional. No aplicar tareas de pareja si existe coerción, violencia, miedo o falta de consentimiento.
SEX_R0141;SEX_P014;SEX_T002;SEX_TA003;media;Adaptar a consentimiento, seguridad, cultura, edad, orientación/identidad, salud física y contexto relacional. No aplicar tareas de pareja si existe coerción, violencia, miedo o falta de consentimiento.
SEX_R0142;SEX_P014;SEX_T002;SEX_TA056;media;Adaptar a consentimiento, seguridad, cultura, edad, orientación/identidad, salud física y contexto relacional. No aplicar tareas de pareja si existe coerción, violencia, miedo o falta de consentimiento.
SEX_R0143;SEX_P014;SEX_T003;SEX_TA004;media;Adaptar a consentimiento, seguridad, cultura, edad, orientación/identidad, salud física y contexto relacional. No aplicar tareas de pareja si existe coerción, violencia, miedo o falta de consentimiento.
SEX_R0144;SEX_P014;SEX_T005;SEX_TA005;alta;Adaptar a consentimiento, seguridad, cultura, edad, orientación/identidad, salud física y contexto relacional. No aplicar tareas de pareja si existe coerción, violencia, miedo o falta de consentimiento.
SEX_R0145;SEX_P014;SEX_T006;SEX_TA006;media;Adaptar a consentimiento, seguridad, cultura, edad, orientación/identidad, salud física y contexto relacional. No aplicar tareas de pareja si existe coerción, violencia, miedo o falta de consentimiento.
SEX_R0146;SEX_P014;SEX_T011;SEX_TA011;media;Adaptar a consentimiento, seguridad, cultura, edad, orientación/identidad, salud física y contexto relacional. No aplicar tareas de pareja si existe coerción, violencia, miedo o falta de consentimiento.
SEX_R0147;SEX_P014;SEX_T025;SEX_TA025;media;Adaptar a consentimiento, seguridad, cultura, edad, orientación/identidad, salud física y contexto relacional. No aplicar tareas de pareja si existe coerción, violencia, miedo o falta de consentimiento.
SEX_R0148;SEX_P014;SEX_T026;SEX_TA026;media;Adaptar a consentimiento, seguridad, cultura, edad, orientación/identidad, salud física y contexto relacional. No aplicar tareas de pareja si existe coerción, violencia, miedo o falta de consentimiento.
SEX_R0149;SEX_P014;SEX_T042;SEX_TA030;media;Adaptar a consentimiento, seguridad, cultura, edad, orientación/identidad, salud física y contexto relacional. No aplicar tareas de pareja si existe coerción, violencia, miedo o falta de consentimiento.
SEX_R0150;SEX_P014;SEX_T042;SEX_TA044;media;Adaptar a consentimiento, seguridad, cultura, edad, orientación/identidad, salud física y contexto relacional. No aplicar tareas de pareja si existe coerción, violencia, miedo o falta de consentimiento.
SEX_R0151;SEX_P014;SEX_T046;SEX_TA048;alta;Adaptar a consentimiento, seguridad, cultura, edad, orientación/identidad, salud física y contexto relacional. No aplicar tareas de pareja si existe coerción, violencia, miedo o falta de consentimiento.
SEX_R0152;SEX_P014;SEX_T050;SEX_TA053;alta;Adaptar a consentimiento, seguridad, cultura, edad, orientación/identidad, salud física y contexto relacional. No aplicar tareas de pareja si existe coerción, violencia, miedo o falta de consentimiento.
SEX_R0153;SEX_P015;SEX_T002;SEX_TA003;media;Adaptar a consentimiento, seguridad, cultura, edad, orientación/identidad, salud física y contexto relacional. No aplicar tareas de pareja si existe coerción, violencia, miedo o falta de consentimiento.
SEX_R0154;SEX_P015;SEX_T002;SEX_TA056;media;Adaptar a consentimiento, seguridad, cultura, edad, orientación/identidad, salud física y contexto relacional. No aplicar tareas de pareja si existe coerción, violencia, miedo o falta de consentimiento.
SEX_R0155;SEX_P015;SEX_T006;SEX_TA006;media;Adaptar a consentimiento, seguridad, cultura, edad, orientación/identidad, salud física y contexto relacional. No aplicar tareas de pareja si existe coerción, violencia, miedo o falta de consentimiento.
SEX_R0156;SEX_P015;SEX_T011;SEX_TA011;media;Adaptar a consentimiento, seguridad, cultura, edad, orientación/identidad, salud física y contexto relacional. No aplicar tareas de pareja si existe coerción, violencia, miedo o falta de consentimiento.
SEX_R0157;SEX_P015;SEX_T012;SEX_TA012;media;Adaptar a consentimiento, seguridad, cultura, edad, orientación/identidad, salud física y contexto relacional. No aplicar tareas de pareja si existe coerción, violencia, miedo o falta de consentimiento.
SEX_R0158;SEX_P015;SEX_T026;SEX_TA026;media;Adaptar a consentimiento, seguridad, cultura, edad, orientación/identidad, salud física y contexto relacional. No aplicar tareas de pareja si existe coerción, violencia, miedo o falta de consentimiento.
SEX_R0159;SEX_P015;SEX_T027;SEX_TA027;media;Adaptar a consentimiento, seguridad, cultura, edad, orientación/identidad, salud física y contexto relacional. No aplicar tareas de pareja si existe coerción, violencia, miedo o falta de consentimiento.
SEX_R0160;SEX_P015;SEX_T028;SEX_TA028;media;Adaptar a consentimiento, seguridad, cultura, edad, orientación/identidad, salud física y contexto relacional. No aplicar tareas de pareja si existe coerción, violencia, miedo o falta de consentimiento.
SEX_R0161;SEX_P015;SEX_T045;SEX_TA047;media;Adaptar a consentimiento, seguridad, cultura, edad, orientación/identidad, salud física y contexto relacional. No aplicar tareas de pareja si existe coerción, violencia, miedo o falta de consentimiento.
SEX_R0162;SEX_P016;SEX_T002;SEX_TA003;media;Adaptar a consentimiento, seguridad, cultura, edad, orientación/identidad, salud física y contexto relacional. No aplicar tareas de pareja si existe coerción, violencia, miedo o falta de consentimiento.
SEX_R0163;SEX_P016;SEX_T002;SEX_TA056;media;Adaptar a consentimiento, seguridad, cultura, edad, orientación/identidad, salud física y contexto relacional. No aplicar tareas de pareja si existe coerción, violencia, miedo o falta de consentimiento.
SEX_R0164;SEX_P016;SEX_T006;SEX_TA006;media;Adaptar a consentimiento, seguridad, cultura, edad, orientación/identidad, salud física y contexto relacional. No aplicar tareas de pareja si existe coerción, violencia, miedo o falta de consentimiento.
SEX_R0165;SEX_P016;SEX_T011;SEX_TA011;media;Adaptar a consentimiento, seguridad, cultura, edad, orientación/identidad, salud física y contexto relacional. No aplicar tareas de pareja si existe coerción, violencia, miedo o falta de consentimiento.
SEX_R0166;SEX_P016;SEX_T012;SEX_TA012;media;Adaptar a consentimiento, seguridad, cultura, edad, orientación/identidad, salud física y contexto relacional. No aplicar tareas de pareja si existe coerción, violencia, miedo o falta de consentimiento.
SEX_R0167;SEX_P016;SEX_T026;SEX_TA026;media;Adaptar a consentimiento, seguridad, cultura, edad, orientación/identidad, salud física y contexto relacional. No aplicar tareas de pareja si existe coerción, violencia, miedo o falta de consentimiento.
SEX_R0168;SEX_P016;SEX_T027;SEX_TA027;media;Adaptar a consentimiento, seguridad, cultura, edad, orientación/identidad, salud física y contexto relacional. No aplicar tareas de pareja si existe coerción, violencia, miedo o falta de consentimiento.
SEX_R0169;SEX_P016;SEX_T028;SEX_TA028;media;Adaptar a consentimiento, seguridad, cultura, edad, orientación/identidad, salud física y contexto relacional. No aplicar tareas de pareja si existe coerción, violencia, miedo o falta de consentimiento.
SEX_R0170;SEX_P016;SEX_T045;SEX_TA047;media;Adaptar a consentimiento, seguridad, cultura, edad, orientación/identidad, salud física y contexto relacional. No aplicar tareas de pareja si existe coerción, violencia, miedo o falta de consentimiento.
SEX_R0171;SEX_P017;SEX_T002;SEX_TA003;media;Adaptar a consentimiento, seguridad, cultura, edad, orientación/identidad, salud física y contexto relacional. No aplicar tareas de pareja si existe coerción, violencia, miedo o falta de consentimiento.
SEX_R0172;SEX_P017;SEX_T002;SEX_TA056;media;Adaptar a consentimiento, seguridad, cultura, edad, orientación/identidad, salud física y contexto relacional. No aplicar tareas de pareja si existe coerción, violencia, miedo o falta de consentimiento.
SEX_R0173;SEX_P017;SEX_T006;SEX_TA006;media;Adaptar a consentimiento, seguridad, cultura, edad, orientación/identidad, salud física y contexto relacional. No aplicar tareas de pareja si existe coerción, violencia, miedo o falta de consentimiento.
SEX_R0174;SEX_P017;SEX_T011;SEX_TA011;media;Adaptar a consentimiento, seguridad, cultura, edad, orientación/identidad, salud física y contexto relacional. No aplicar tareas de pareja si existe coerción, violencia, miedo o falta de consentimiento.
SEX_R0175;SEX_P017;SEX_T012;SEX_TA012;media;Adaptar a consentimiento, seguridad, cultura, edad, orientación/identidad, salud física y contexto relacional. No aplicar tareas de pareja si existe coerción, violencia, miedo o falta de consentimiento.
SEX_R0176;SEX_P017;SEX_T026;SEX_TA026;media;Adaptar a consentimiento, seguridad, cultura, edad, orientación/identidad, salud física y contexto relacional. No aplicar tareas de pareja si existe coerción, violencia, miedo o falta de consentimiento.
SEX_R0177;SEX_P017;SEX_T027;SEX_TA027;media;Adaptar a consentimiento, seguridad, cultura, edad, orientación/identidad, salud física y contexto relacional. No aplicar tareas de pareja si existe coerción, violencia, miedo o falta de consentimiento.
SEX_R0178;SEX_P017;SEX_T028;SEX_TA028;media;Adaptar a consentimiento, seguridad, cultura, edad, orientación/identidad, salud física y contexto relacional. No aplicar tareas de pareja si existe coerción, violencia, miedo o falta de consentimiento.
SEX_R0179;SEX_P017;SEX_T045;SEX_TA047;media;Adaptar a consentimiento, seguridad, cultura, edad, orientación/identidad, salud física y contexto relacional. No aplicar tareas de pareja si existe coerción, violencia, miedo o falta de consentimiento.
SEX_R0180;SEX_P018;SEX_T002;SEX_TA003;media;Adaptar a consentimiento, seguridad, cultura, edad, orientación/identidad, salud física y contexto relacional. No aplicar tareas de pareja si existe coerción, violencia, miedo o falta de consentimiento.
SEX_R0181;SEX_P018;SEX_T002;SEX_TA056;media;Adaptar a consentimiento, seguridad, cultura, edad, orientación/identidad, salud física y contexto relacional. No aplicar tareas de pareja si existe coerción, violencia, miedo o falta de consentimiento.
SEX_R0182;SEX_P018;SEX_T006;SEX_TA006;media;Adaptar a consentimiento, seguridad, cultura, edad, orientación/identidad, salud física y contexto relacional. No aplicar tareas de pareja si existe coerción, violencia, miedo o falta de consentimiento.
SEX_R0183;SEX_P018;SEX_T011;SEX_TA011;media;Adaptar a consentimiento, seguridad, cultura, edad, orientación/identidad, salud física y contexto relacional. No aplicar tareas de pareja si existe coerción, violencia, miedo o falta de consentimiento.
SEX_R0184;SEX_P018;SEX_T012;SEX_TA012;media;Adaptar a consentimiento, seguridad, cultura, edad, orientación/identidad, salud física y contexto relacional. No aplicar tareas de pareja si existe coerción, violencia, miedo o falta de consentimiento.
SEX_R0185;SEX_P018;SEX_T026;SEX_TA026;media;Adaptar a consentimiento, seguridad, cultura, edad, orientación/identidad, salud física y contexto relacional. No aplicar tareas de pareja si existe coerción, violencia, miedo o falta de consentimiento.
SEX_R0186;SEX_P018;SEX_T027;SEX_TA027;media;Adaptar a consentimiento, seguridad, cultura, edad, orientación/identidad, salud física y contexto relacional. No aplicar tareas de pareja si existe coerción, violencia, miedo o falta de consentimiento.
SEX_R0187;SEX_P018;SEX_T028;SEX_TA028;media;Adaptar a consentimiento, seguridad, cultura, edad, orientación/identidad, salud física y contexto relacional. No aplicar tareas de pareja si existe coerción, violencia, miedo o falta de consentimiento.
SEX_R0188;SEX_P018;SEX_T045;SEX_TA047;media;Adaptar a consentimiento, seguridad, cultura, edad, orientación/identidad, salud física y contexto relacional. No aplicar tareas de pareja si existe coerción, violencia, miedo o falta de consentimiento.
SEX_R0189;SEX_P019;SEX_T002;SEX_TA003;media;Adaptar a consentimiento, seguridad, cultura, edad, orientación/identidad, salud física y contexto relacional. No aplicar tareas de pareja si existe coerción, violencia, miedo o falta de consentimiento.
SEX_R0190;SEX_P019;SEX_T002;SEX_TA056;media;Adaptar a consentimiento, seguridad, cultura, edad, orientación/identidad, salud física y contexto relacional. No aplicar tareas de pareja si existe coerción, violencia, miedo o falta de consentimiento.
SEX_R0191;SEX_P019;SEX_T006;SEX_TA006;media;Adaptar a consentimiento, seguridad, cultura, edad, orientación/identidad, salud física y contexto relacional. No aplicar tareas de pareja si existe coerción, violencia, miedo o falta de consentimiento.
SEX_R0192;SEX_P019;SEX_T011;SEX_TA011;media;Adaptar a consentimiento, seguridad, cultura, edad, orientación/identidad, salud física y contexto relacional. No aplicar tareas de pareja si existe coerción, violencia, miedo o falta de consentimiento.
SEX_R0193;SEX_P019;SEX_T012;SEX_TA012;media;Adaptar a consentimiento, seguridad, cultura, edad, orientación/identidad, salud física y contexto relacional. No aplicar tareas de pareja si existe coerción, violencia, miedo o falta de consentimiento.
SEX_R0194;SEX_P019;SEX_T026;SEX_TA026;media;Adaptar a consentimiento, seguridad, cultura, edad, orientación/identidad, salud física y contexto relacional. No aplicar tareas de pareja si existe coerción, violencia, miedo o falta de consentimiento.
SEX_R0195;SEX_P019;SEX_T027;SEX_TA027;media;Adaptar a consentimiento, seguridad, cultura, edad, orientación/identidad, salud física y contexto relacional. No aplicar tareas de pareja si existe coerción, violencia, miedo o falta de consentimiento.
SEX_R0196;SEX_P019;SEX_T028;SEX_TA028;media;Adaptar a consentimiento, seguridad, cultura, edad, orientación/identidad, salud física y contexto relacional. No aplicar tareas de pareja si existe coerción, violencia, miedo o falta de consentimiento.
SEX_R0197;SEX_P019;SEX_T045;SEX_TA047;media;Adaptar a consentimiento, seguridad, cultura, edad, orientación/identidad, salud física y contexto relacional. No aplicar tareas de pareja si existe coerción, violencia, miedo o falta de consentimiento.
SEX_R0198;SEX_P020;SEX_T003;SEX_TA004;media;Adaptar a consentimiento, seguridad, cultura, edad, orientación/identidad, salud física y contexto relacional. No aplicar tareas de pareja si existe coerción, violencia, miedo o falta de consentimiento.
SEX_R0199;SEX_P020;SEX_T005;SEX_TA005;alta;Adaptar a consentimiento, seguridad, cultura, edad, orientación/identidad, salud física y contexto relacional. No aplicar tareas de pareja si existe coerción, violencia, miedo o falta de consentimiento.
SEX_R0200;SEX_P020;SEX_T029;SEX_TA029;alta;Adaptar a consentimiento, seguridad, cultura, edad, orientación/identidad, salud física y contexto relacional. No aplicar tareas de pareja si existe coerción, violencia, miedo o falta de consentimiento.
SEX_R0201;SEX_P020;SEX_T029;SEX_TA062;alta;Adaptar a consentimiento, seguridad, cultura, edad, orientación/identidad, salud física y contexto relacional. No aplicar tareas de pareja si existe coerción, violencia, miedo o falta de consentimiento.
SEX_R0202;SEX_P020;SEX_T031;SEX_TA031;media;Adaptar a consentimiento, seguridad, cultura, edad, orientación/identidad, salud física y contexto relacional. No aplicar tareas de pareja si existe coerción, violencia, miedo o falta de consentimiento.
SEX_R0203;SEX_P020;SEX_T031;SEX_TA032;media;Adaptar a consentimiento, seguridad, cultura, edad, orientación/identidad, salud física y contexto relacional. No aplicar tareas de pareja si existe coerción, violencia, miedo o falta de consentimiento.
SEX_R0204;SEX_P020;SEX_T042;SEX_TA030;media;Adaptar a consentimiento, seguridad, cultura, edad, orientación/identidad, salud física y contexto relacional. No aplicar tareas de pareja si existe coerción, violencia, miedo o falta de consentimiento.
SEX_R0205;SEX_P020;SEX_T042;SEX_TA044;media;Adaptar a consentimiento, seguridad, cultura, edad, orientación/identidad, salud física y contexto relacional. No aplicar tareas de pareja si existe coerción, violencia, miedo o falta de consentimiento.
SEX_R0206;SEX_P020;SEX_T046;SEX_TA048;alta;Adaptar a consentimiento, seguridad, cultura, edad, orientación/identidad, salud física y contexto relacional. No aplicar tareas de pareja si existe coerción, violencia, miedo o falta de consentimiento.
SEX_R0207;SEX_P020;SEX_T045;SEX_TA047;media;Adaptar a consentimiento, seguridad, cultura, edad, orientación/identidad, salud física y contexto relacional. No aplicar tareas de pareja si existe coerción, violencia, miedo o falta de consentimiento.
SEX_R0208;SEX_P021;SEX_T003;SEX_TA004;media;Adaptar a consentimiento, seguridad, cultura, edad, orientación/identidad, salud física y contexto relacional. No aplicar tareas de pareja si existe coerción, violencia, miedo o falta de consentimiento.
SEX_R0209;SEX_P021;SEX_T005;SEX_TA005;alta;Adaptar a consentimiento, seguridad, cultura, edad, orientación/identidad, salud física y contexto relacional. No aplicar tareas de pareja si existe coerción, violencia, miedo o falta de consentimiento.
SEX_R0210;SEX_P021;SEX_T029;SEX_TA029;alta;Adaptar a consentimiento, seguridad, cultura, edad, orientación/identidad, salud física y contexto relacional. No aplicar tareas de pareja si existe coerción, violencia, miedo o falta de consentimiento.
SEX_R0211;SEX_P021;SEX_T029;SEX_TA062;alta;Adaptar a consentimiento, seguridad, cultura, edad, orientación/identidad, salud física y contexto relacional. No aplicar tareas de pareja si existe coerción, violencia, miedo o falta de consentimiento.
SEX_R0212;SEX_P021;SEX_T031;SEX_TA031;media;Adaptar a consentimiento, seguridad, cultura, edad, orientación/identidad, salud física y contexto relacional. No aplicar tareas de pareja si existe coerción, violencia, miedo o falta de consentimiento.
SEX_R0213;SEX_P021;SEX_T031;SEX_TA032;media;Adaptar a consentimiento, seguridad, cultura, edad, orientación/identidad, salud física y contexto relacional. No aplicar tareas de pareja si existe coerción, violencia, miedo o falta de consentimiento.
SEX_R0214;SEX_P021;SEX_T042;SEX_TA030;media;Adaptar a consentimiento, seguridad, cultura, edad, orientación/identidad, salud física y contexto relacional. No aplicar tareas de pareja si existe coerción, violencia, miedo o falta de consentimiento.
SEX_R0215;SEX_P021;SEX_T042;SEX_TA044;media;Adaptar a consentimiento, seguridad, cultura, edad, orientación/identidad, salud física y contexto relacional. No aplicar tareas de pareja si existe coerción, violencia, miedo o falta de consentimiento.
SEX_R0216;SEX_P021;SEX_T046;SEX_TA048;alta;Adaptar a consentimiento, seguridad, cultura, edad, orientación/identidad, salud física y contexto relacional. No aplicar tareas de pareja si existe coerción, violencia, miedo o falta de consentimiento.
SEX_R0217;SEX_P021;SEX_T045;SEX_TA047;media;Adaptar a consentimiento, seguridad, cultura, edad, orientación/identidad, salud física y contexto relacional. No aplicar tareas de pareja si existe coerción, violencia, miedo o falta de consentimiento.
SEX_R0218;SEX_P022;SEX_T003;SEX_TA004;media;Adaptar a consentimiento, seguridad, cultura, edad, orientación/identidad, salud física y contexto relacional. No aplicar tareas de pareja si existe coerción, violencia, miedo o falta de consentimiento.
SEX_R0219;SEX_P022;SEX_T005;SEX_TA005;alta;Adaptar a consentimiento, seguridad, cultura, edad, orientación/identidad, salud física y contexto relacional. No aplicar tareas de pareja si existe coerción, violencia, miedo o falta de consentimiento.
SEX_R0220;SEX_P022;SEX_T029;SEX_TA029;alta;Adaptar a consentimiento, seguridad, cultura, edad, orientación/identidad, salud física y contexto relacional. No aplicar tareas de pareja si existe coerción, violencia, miedo o falta de consentimiento.
SEX_R0221;SEX_P022;SEX_T029;SEX_TA062;alta;Adaptar a consentimiento, seguridad, cultura, edad, orientación/identidad, salud física y contexto relacional. No aplicar tareas de pareja si existe coerción, violencia, miedo o falta de consentimiento.
SEX_R0222;SEX_P022;SEX_T031;SEX_TA031;media;Adaptar a consentimiento, seguridad, cultura, edad, orientación/identidad, salud física y contexto relacional. No aplicar tareas de pareja si existe coerción, violencia, miedo o falta de consentimiento.
SEX_R0223;SEX_P022;SEX_T031;SEX_TA032;media;Adaptar a consentimiento, seguridad, cultura, edad, orientación/identidad, salud física y contexto relacional. No aplicar tareas de pareja si existe coerción, violencia, miedo o falta de consentimiento.
SEX_R0224;SEX_P022;SEX_T042;SEX_TA030;media;Adaptar a consentimiento, seguridad, cultura, edad, orientación/identidad, salud física y contexto relacional. No aplicar tareas de pareja si existe coerción, violencia, miedo o falta de consentimiento.
SEX_R0225;SEX_P022;SEX_T042;SEX_TA044;media;Adaptar a consentimiento, seguridad, cultura, edad, orientación/identidad, salud física y contexto relacional. No aplicar tareas de pareja si existe coerción, violencia, miedo o falta de consentimiento.
SEX_R0226;SEX_P022;SEX_T046;SEX_TA048;alta;Adaptar a consentimiento, seguridad, cultura, edad, orientación/identidad, salud física y contexto relacional. No aplicar tareas de pareja si existe coerción, violencia, miedo o falta de consentimiento.
SEX_R0227;SEX_P022;SEX_T045;SEX_TA047;media;Adaptar a consentimiento, seguridad, cultura, edad, orientación/identidad, salud física y contexto relacional. No aplicar tareas de pareja si existe coerción, violencia, miedo o falta de consentimiento.
SEX_R0228;SEX_P023;SEX_T003;SEX_TA004;media;Adaptar a consentimiento, seguridad, cultura, edad, orientación/identidad, salud física y contexto relacional. No aplicar tareas de pareja si existe coerción, violencia, miedo o falta de consentimiento.
SEX_R0229;SEX_P023;SEX_T005;SEX_TA005;alta;Adaptar a consentimiento, seguridad, cultura, edad, orientación/identidad, salud física y contexto relacional. No aplicar tareas de pareja si existe coerción, violencia, miedo o falta de consentimiento.
SEX_R0230;SEX_P023;SEX_T029;SEX_TA029;alta;Adaptar a consentimiento, seguridad, cultura, edad, orientación/identidad, salud física y contexto relacional. No aplicar tareas de pareja si existe coerción, violencia, miedo o falta de consentimiento.
SEX_R0231;SEX_P023;SEX_T029;SEX_TA062;alta;Adaptar a consentimiento, seguridad, cultura, edad, orientación/identidad, salud física y contexto relacional. No aplicar tareas de pareja si existe coerción, violencia, miedo o falta de consentimiento.
SEX_R0232;SEX_P023;SEX_T031;SEX_TA031;media;Adaptar a consentimiento, seguridad, cultura, edad, orientación/identidad, salud física y contexto relacional. No aplicar tareas de pareja si existe coerción, violencia, miedo o falta de consentimiento.
SEX_R0233;SEX_P023;SEX_T031;SEX_TA032;media;Adaptar a consentimiento, seguridad, cultura, edad, orientación/identidad, salud física y contexto relacional. No aplicar tareas de pareja si existe coerción, violencia, miedo o falta de consentimiento.
SEX_R0234;SEX_P023;SEX_T042;SEX_TA030;media;Adaptar a consentimiento, seguridad, cultura, edad, orientación/identidad, salud física y contexto relacional. No aplicar tareas de pareja si existe coerción, violencia, miedo o falta de consentimiento.
SEX_R0235;SEX_P023;SEX_T042;SEX_TA044;media;Adaptar a consentimiento, seguridad, cultura, edad, orientación/identidad, salud física y contexto relacional. No aplicar tareas de pareja si existe coerción, violencia, miedo o falta de consentimiento.
SEX_R0236;SEX_P023;SEX_T046;SEX_TA048;alta;Adaptar a consentimiento, seguridad, cultura, edad, orientación/identidad, salud física y contexto relacional. No aplicar tareas de pareja si existe coerción, violencia, miedo o falta de consentimiento.
SEX_R0237;SEX_P023;SEX_T045;SEX_TA047;media;Adaptar a consentimiento, seguridad, cultura, edad, orientación/identidad, salud física y contexto relacional. No aplicar tareas de pareja si existe coerción, violencia, miedo o falta de consentimiento.
SEX_R0238;SEX_P024;SEX_T003;SEX_TA004;media;Adaptar a consentimiento, seguridad, cultura, edad, orientación/identidad, salud física y contexto relacional. No aplicar tareas de pareja si existe coerción, violencia, miedo o falta de consentimiento.
SEX_R0239;SEX_P024;SEX_T005;SEX_TA005;alta;Adaptar a consentimiento, seguridad, cultura, edad, orientación/identidad, salud física y contexto relacional. No aplicar tareas de pareja si existe coerción, violencia, miedo o falta de consentimiento.
SEX_R0240;SEX_P024;SEX_T029;SEX_TA029;alta;Adaptar a consentimiento, seguridad, cultura, edad, orientación/identidad, salud física y contexto relacional. No aplicar tareas de pareja si existe coerción, violencia, miedo o falta de consentimiento.
SEX_R0241;SEX_P024;SEX_T029;SEX_TA062;alta;Adaptar a consentimiento, seguridad, cultura, edad, orientación/identidad, salud física y contexto relacional. No aplicar tareas de pareja si existe coerción, violencia, miedo o falta de consentimiento.
SEX_R0242;SEX_P024;SEX_T031;SEX_TA031;media;Adaptar a consentimiento, seguridad, cultura, edad, orientación/identidad, salud física y contexto relacional. No aplicar tareas de pareja si existe coerción, violencia, miedo o falta de consentimiento.
SEX_R0243;SEX_P024;SEX_T031;SEX_TA032;media;Adaptar a consentimiento, seguridad, cultura, edad, orientación/identidad, salud física y contexto relacional. No aplicar tareas de pareja si existe coerción, violencia, miedo o falta de consentimiento.
SEX_R0244;SEX_P024;SEX_T042;SEX_TA030;media;Adaptar a consentimiento, seguridad, cultura, edad, orientación/identidad, salud física y contexto relacional. No aplicar tareas de pareja si existe coerción, violencia, miedo o falta de consentimiento.
SEX_R0245;SEX_P024;SEX_T042;SEX_TA044;media;Adaptar a consentimiento, seguridad, cultura, edad, orientación/identidad, salud física y contexto relacional. No aplicar tareas de pareja si existe coerción, violencia, miedo o falta de consentimiento.
SEX_R0246;SEX_P024;SEX_T046;SEX_TA048;alta;Adaptar a consentimiento, seguridad, cultura, edad, orientación/identidad, salud física y contexto relacional. No aplicar tareas de pareja si existe coerción, violencia, miedo o falta de consentimiento.
SEX_R0247;SEX_P024;SEX_T045;SEX_TA047;media;Adaptar a consentimiento, seguridad, cultura, edad, orientación/identidad, salud física y contexto relacional. No aplicar tareas de pareja si existe coerción, violencia, miedo o falta de consentimiento.
SEX_R0248;SEX_P025;SEX_T006;SEX_TA006;media;Adaptar a consentimiento, seguridad, cultura, edad, orientación/identidad, salud física y contexto relacional. No aplicar tareas de pareja si existe coerción, violencia, miedo o falta de consentimiento.
SEX_R0249;SEX_P025;SEX_T011;SEX_TA011;media;Adaptar a consentimiento, seguridad, cultura, edad, orientación/identidad, salud física y contexto relacional. No aplicar tareas de pareja si existe coerción, violencia, miedo o falta de consentimiento.
SEX_R0250;SEX_P025;SEX_T013;SEX_TA013;media;Adaptar a consentimiento, seguridad, cultura, edad, orientación/identidad, salud física y contexto relacional. No aplicar tareas de pareja si existe coerción, violencia, miedo o falta de consentimiento.
SEX_R0251;SEX_P025;SEX_T014;SEX_TA014;media;Adaptar a consentimiento, seguridad, cultura, edad, orientación/identidad, salud física y contexto relacional. No aplicar tareas de pareja si existe coerción, violencia, miedo o falta de consentimiento.
SEX_R0252;SEX_P025;SEX_T015;SEX_TA015;media;Adaptar a consentimiento, seguridad, cultura, edad, orientación/identidad, salud física y contexto relacional. No aplicar tareas de pareja si existe coerción, violencia, miedo o falta de consentimiento.
SEX_R0253;SEX_P025;SEX_T026;SEX_TA026;media;Adaptar a consentimiento, seguridad, cultura, edad, orientación/identidad, salud física y contexto relacional. No aplicar tareas de pareja si existe coerción, violencia, miedo o falta de consentimiento.
SEX_R0254;SEX_P025;SEX_T031;SEX_TA031;media;Adaptar a consentimiento, seguridad, cultura, edad, orientación/identidad, salud física y contexto relacional. No aplicar tareas de pareja si existe coerción, violencia, miedo o falta de consentimiento.
SEX_R0255;SEX_P025;SEX_T031;SEX_TA032;media;Adaptar a consentimiento, seguridad, cultura, edad, orientación/identidad, salud física y contexto relacional. No aplicar tareas de pareja si existe coerción, violencia, miedo o falta de consentimiento.
SEX_R0256;SEX_P025;SEX_T045;SEX_TA047;media;Adaptar a consentimiento, seguridad, cultura, edad, orientación/identidad, salud física y contexto relacional. No aplicar tareas de pareja si existe coerción, violencia, miedo o falta de consentimiento.
SEX_R0257;SEX_P026;SEX_T006;SEX_TA006;media;Adaptar a consentimiento, seguridad, cultura, edad, orientación/identidad, salud física y contexto relacional. No aplicar tareas de pareja si existe coerción, violencia, miedo o falta de consentimiento.
SEX_R0258;SEX_P026;SEX_T011;SEX_TA011;media;Adaptar a consentimiento, seguridad, cultura, edad, orientación/identidad, salud física y contexto relacional. No aplicar tareas de pareja si existe coerción, violencia, miedo o falta de consentimiento.
SEX_R0259;SEX_P026;SEX_T013;SEX_TA013;media;Adaptar a consentimiento, seguridad, cultura, edad, orientación/identidad, salud física y contexto relacional. No aplicar tareas de pareja si existe coerción, violencia, miedo o falta de consentimiento.
SEX_R0260;SEX_P026;SEX_T014;SEX_TA014;media;Adaptar a consentimiento, seguridad, cultura, edad, orientación/identidad, salud física y contexto relacional. No aplicar tareas de pareja si existe coerción, violencia, miedo o falta de consentimiento.
SEX_R0261;SEX_P026;SEX_T015;SEX_TA015;media;Adaptar a consentimiento, seguridad, cultura, edad, orientación/identidad, salud física y contexto relacional. No aplicar tareas de pareja si existe coerción, violencia, miedo o falta de consentimiento.
SEX_R0262;SEX_P026;SEX_T026;SEX_TA026;media;Adaptar a consentimiento, seguridad, cultura, edad, orientación/identidad, salud física y contexto relacional. No aplicar tareas de pareja si existe coerción, violencia, miedo o falta de consentimiento.
SEX_R0263;SEX_P026;SEX_T031;SEX_TA031;media;Adaptar a consentimiento, seguridad, cultura, edad, orientación/identidad, salud física y contexto relacional. No aplicar tareas de pareja si existe coerción, violencia, miedo o falta de consentimiento.
SEX_R0264;SEX_P026;SEX_T031;SEX_TA032;media;Adaptar a consentimiento, seguridad, cultura, edad, orientación/identidad, salud física y contexto relacional. No aplicar tareas de pareja si existe coerción, violencia, miedo o falta de consentimiento.
SEX_R0265;SEX_P026;SEX_T045;SEX_TA047;media;Adaptar a consentimiento, seguridad, cultura, edad, orientación/identidad, salud física y contexto relacional. No aplicar tareas de pareja si existe coerción, violencia, miedo o falta de consentimiento.
SEX_R0266;SEX_P027;SEX_T006;SEX_TA006;media;Adaptar a consentimiento, seguridad, cultura, edad, orientación/identidad, salud física y contexto relacional. No aplicar tareas de pareja si existe coerción, violencia, miedo o falta de consentimiento.
SEX_R0267;SEX_P027;SEX_T011;SEX_TA011;media;Adaptar a consentimiento, seguridad, cultura, edad, orientación/identidad, salud física y contexto relacional. No aplicar tareas de pareja si existe coerción, violencia, miedo o falta de consentimiento.
SEX_R0268;SEX_P027;SEX_T013;SEX_TA013;media;Adaptar a consentimiento, seguridad, cultura, edad, orientación/identidad, salud física y contexto relacional. No aplicar tareas de pareja si existe coerción, violencia, miedo o falta de consentimiento.
SEX_R0269;SEX_P027;SEX_T014;SEX_TA014;media;Adaptar a consentimiento, seguridad, cultura, edad, orientación/identidad, salud física y contexto relacional. No aplicar tareas de pareja si existe coerción, violencia, miedo o falta de consentimiento.
SEX_R0270;SEX_P027;SEX_T015;SEX_TA015;media;Adaptar a consentimiento, seguridad, cultura, edad, orientación/identidad, salud física y contexto relacional. No aplicar tareas de pareja si existe coerción, violencia, miedo o falta de consentimiento.
SEX_R0271;SEX_P027;SEX_T026;SEX_TA026;media;Adaptar a consentimiento, seguridad, cultura, edad, orientación/identidad, salud física y contexto relacional. No aplicar tareas de pareja si existe coerción, violencia, miedo o falta de consentimiento.
SEX_R0272;SEX_P027;SEX_T031;SEX_TA031;media;Adaptar a consentimiento, seguridad, cultura, edad, orientación/identidad, salud física y contexto relacional. No aplicar tareas de pareja si existe coerción, violencia, miedo o falta de consentimiento.
SEX_R0273;SEX_P027;SEX_T031;SEX_TA032;media;Adaptar a consentimiento, seguridad, cultura, edad, orientación/identidad, salud física y contexto relacional. No aplicar tareas de pareja si existe coerción, violencia, miedo o falta de consentimiento.
SEX_R0274;SEX_P027;SEX_T045;SEX_TA047;media;Adaptar a consentimiento, seguridad, cultura, edad, orientación/identidad, salud física y contexto relacional. No aplicar tareas de pareja si existe coerción, violencia, miedo o falta de consentimiento.
SEX_R0275;SEX_P028;SEX_T006;SEX_TA006;media;Adaptar a consentimiento, seguridad, cultura, edad, orientación/identidad, salud física y contexto relacional. No aplicar tareas de pareja si existe coerción, violencia, miedo o falta de consentimiento.
SEX_R0276;SEX_P028;SEX_T011;SEX_TA011;media;Adaptar a consentimiento, seguridad, cultura, edad, orientación/identidad, salud física y contexto relacional. No aplicar tareas de pareja si existe coerción, violencia, miedo o falta de consentimiento.
SEX_R0277;SEX_P028;SEX_T013;SEX_TA013;media;Adaptar a consentimiento, seguridad, cultura, edad, orientación/identidad, salud física y contexto relacional. No aplicar tareas de pareja si existe coerción, violencia, miedo o falta de consentimiento.
SEX_R0278;SEX_P028;SEX_T014;SEX_TA014;media;Adaptar a consentimiento, seguridad, cultura, edad, orientación/identidad, salud física y contexto relacional. No aplicar tareas de pareja si existe coerción, violencia, miedo o falta de consentimiento.
SEX_R0279;SEX_P028;SEX_T015;SEX_TA015;media;Adaptar a consentimiento, seguridad, cultura, edad, orientación/identidad, salud física y contexto relacional. No aplicar tareas de pareja si existe coerción, violencia, miedo o falta de consentimiento.
SEX_R0280;SEX_P028;SEX_T026;SEX_TA026;media;Adaptar a consentimiento, seguridad, cultura, edad, orientación/identidad, salud física y contexto relacional. No aplicar tareas de pareja si existe coerción, violencia, miedo o falta de consentimiento.
SEX_R0281;SEX_P028;SEX_T031;SEX_TA031;media;Adaptar a consentimiento, seguridad, cultura, edad, orientación/identidad, salud física y contexto relacional. No aplicar tareas de pareja si existe coerción, violencia, miedo o falta de consentimiento.
SEX_R0282;SEX_P028;SEX_T031;SEX_TA032;media;Adaptar a consentimiento, seguridad, cultura, edad, orientación/identidad, salud física y contexto relacional. No aplicar tareas de pareja si existe coerción, violencia, miedo o falta de consentimiento.
SEX_R0283;SEX_P028;SEX_T045;SEX_TA047;media;Adaptar a consentimiento, seguridad, cultura, edad, orientación/identidad, salud física y contexto relacional. No aplicar tareas de pareja si existe coerción, violencia, miedo o falta de consentimiento.
SEX_R0284;SEX_P029;SEX_T006;SEX_TA006;media;Adaptar a consentimiento, seguridad, cultura, edad, orientación/identidad, salud física y contexto relacional. No aplicar tareas de pareja si existe coerción, violencia, miedo o falta de consentimiento.
SEX_R0285;SEX_P029;SEX_T011;SEX_TA011;media;Adaptar a consentimiento, seguridad, cultura, edad, orientación/identidad, salud física y contexto relacional. No aplicar tareas de pareja si existe coerción, violencia, miedo o falta de consentimiento.
SEX_R0286;SEX_P029;SEX_T013;SEX_TA013;media;Adaptar a consentimiento, seguridad, cultura, edad, orientación/identidad, salud física y contexto relacional. No aplicar tareas de pareja si existe coerción, violencia, miedo o falta de consentimiento.
SEX_R0287;SEX_P029;SEX_T014;SEX_TA014;media;Adaptar a consentimiento, seguridad, cultura, edad, orientación/identidad, salud física y contexto relacional. No aplicar tareas de pareja si existe coerción, violencia, miedo o falta de consentimiento.
SEX_R0288;SEX_P029;SEX_T015;SEX_TA015;media;Adaptar a consentimiento, seguridad, cultura, edad, orientación/identidad, salud física y contexto relacional. No aplicar tareas de pareja si existe coerción, violencia, miedo o falta de consentimiento.
SEX_R0289;SEX_P029;SEX_T026;SEX_TA026;media;Adaptar a consentimiento, seguridad, cultura, edad, orientación/identidad, salud física y contexto relacional. No aplicar tareas de pareja si existe coerción, violencia, miedo o falta de consentimiento.
SEX_R0290;SEX_P029;SEX_T031;SEX_TA031;media;Adaptar a consentimiento, seguridad, cultura, edad, orientación/identidad, salud física y contexto relacional. No aplicar tareas de pareja si existe coerción, violencia, miedo o falta de consentimiento.
SEX_R0291;SEX_P029;SEX_T031;SEX_TA032;media;Adaptar a consentimiento, seguridad, cultura, edad, orientación/identidad, salud física y contexto relacional. No aplicar tareas de pareja si existe coerción, violencia, miedo o falta de consentimiento.
SEX_R0292;SEX_P029;SEX_T045;SEX_TA047;media;Adaptar a consentimiento, seguridad, cultura, edad, orientación/identidad, salud física y contexto relacional. No aplicar tareas de pareja si existe coerción, violencia, miedo o falta de consentimiento.
SEX_R0293;SEX_P030;SEX_T008;SEX_TA008;media;Adaptar a consentimiento, seguridad, cultura, edad, orientación/identidad, salud física y contexto relacional. No aplicar tareas de pareja si existe coerción, violencia, miedo o falta de consentimiento.
SEX_R0294;SEX_P030;SEX_T009;SEX_TA009;media;Adaptar a consentimiento, seguridad, cultura, edad, orientación/identidad, salud física y contexto relacional. No aplicar tareas de pareja si existe coerción, violencia, miedo o falta de consentimiento.
SEX_R0295;SEX_P030;SEX_T009;SEX_TA060;media;Adaptar a consentimiento, seguridad, cultura, edad, orientación/identidad, salud física y contexto relacional. No aplicar tareas de pareja si existe coerción, violencia, miedo o falta de consentimiento.
SEX_R0296;SEX_P030;SEX_T016;SEX_TA016;media;Adaptar a consentimiento, seguridad, cultura, edad, orientación/identidad, salud física y contexto relacional. No aplicar tareas de pareja si existe coerción, violencia, miedo o falta de consentimiento.
SEX_R0297;SEX_P030;SEX_T018;SEX_TA018;media;Adaptar a consentimiento, seguridad, cultura, edad, orientación/identidad, salud física y contexto relacional. No aplicar tareas de pareja si existe coerción, violencia, miedo o falta de consentimiento.
SEX_R0298;SEX_P030;SEX_T018;SEX_TA057;media;Adaptar a consentimiento, seguridad, cultura, edad, orientación/identidad, salud física y contexto relacional. No aplicar tareas de pareja si existe coerción, violencia, miedo o falta de consentimiento.
SEX_R0299;SEX_P030;SEX_T022;SEX_TA022;media;Adaptar a consentimiento, seguridad, cultura, edad, orientación/identidad, salud física y contexto relacional. No aplicar tareas de pareja si existe coerción, violencia, miedo o falta de consentimiento.
SEX_R0300;SEX_P030;SEX_T023;SEX_TA023;media;Adaptar a consentimiento, seguridad, cultura, edad, orientación/identidad, salud física y contexto relacional. No aplicar tareas de pareja si existe coerción, violencia, miedo o falta de consentimiento.
SEX_R0301;SEX_P030;SEX_T023;SEX_TA065;media;Adaptar a consentimiento, seguridad, cultura, edad, orientación/identidad, salud física y contexto relacional. No aplicar tareas de pareja si existe coerción, violencia, miedo o falta de consentimiento.
SEX_R0302;SEX_P030;SEX_T024;SEX_TA024;media;Adaptar a consentimiento, seguridad, cultura, edad, orientación/identidad, salud física y contexto relacional. No aplicar tareas de pareja si existe coerción, violencia, miedo o falta de consentimiento.
SEX_R0303;SEX_P030;SEX_T052;SEX_TA050;media;Adaptar a consentimiento, seguridad, cultura, edad, orientación/identidad, salud física y contexto relacional. No aplicar tareas de pareja si existe coerción, violencia, miedo o falta de consentimiento.
SEX_R0304;SEX_P030;SEX_T052;SEX_TA055;media;Adaptar a consentimiento, seguridad, cultura, edad, orientación/identidad, salud física y contexto relacional. No aplicar tareas de pareja si existe coerción, violencia, miedo o falta de consentimiento.
SEX_R0305;SEX_P030;SEX_T045;SEX_TA047;media;Adaptar a consentimiento, seguridad, cultura, edad, orientación/identidad, salud física y contexto relacional. No aplicar tareas de pareja si existe coerción, violencia, miedo o falta de consentimiento.
SEX_R0306;SEX_P031;SEX_T008;SEX_TA008;media;Adaptar a consentimiento, seguridad, cultura, edad, orientación/identidad, salud física y contexto relacional. No aplicar tareas de pareja si existe coerción, violencia, miedo o falta de consentimiento.
SEX_R0307;SEX_P031;SEX_T009;SEX_TA009;media;Adaptar a consentimiento, seguridad, cultura, edad, orientación/identidad, salud física y contexto relacional. No aplicar tareas de pareja si existe coerción, violencia, miedo o falta de consentimiento.
SEX_R0308;SEX_P031;SEX_T009;SEX_TA060;media;Adaptar a consentimiento, seguridad, cultura, edad, orientación/identidad, salud física y contexto relacional. No aplicar tareas de pareja si existe coerción, violencia, miedo o falta de consentimiento.
SEX_R0309;SEX_P031;SEX_T016;SEX_TA016;media;Adaptar a consentimiento, seguridad, cultura, edad, orientación/identidad, salud física y contexto relacional. No aplicar tareas de pareja si existe coerción, violencia, miedo o falta de consentimiento.
SEX_R0310;SEX_P031;SEX_T018;SEX_TA018;media;Adaptar a consentimiento, seguridad, cultura, edad, orientación/identidad, salud física y contexto relacional. No aplicar tareas de pareja si existe coerción, violencia, miedo o falta de consentimiento.
SEX_R0311;SEX_P031;SEX_T018;SEX_TA057;media;Adaptar a consentimiento, seguridad, cultura, edad, orientación/identidad, salud física y contexto relacional. No aplicar tareas de pareja si existe coerción, violencia, miedo o falta de consentimiento.
SEX_R0312;SEX_P031;SEX_T022;SEX_TA022;media;Adaptar a consentimiento, seguridad, cultura, edad, orientación/identidad, salud física y contexto relacional. No aplicar tareas de pareja si existe coerción, violencia, miedo o falta de consentimiento.
SEX_R0313;SEX_P031;SEX_T023;SEX_TA023;media;Adaptar a consentimiento, seguridad, cultura, edad, orientación/identidad, salud física y contexto relacional. No aplicar tareas de pareja si existe coerción, violencia, miedo o falta de consentimiento.
SEX_R0314;SEX_P031;SEX_T023;SEX_TA065;media;Adaptar a consentimiento, seguridad, cultura, edad, orientación/identidad, salud física y contexto relacional. No aplicar tareas de pareja si existe coerción, violencia, miedo o falta de consentimiento.
SEX_R0315;SEX_P031;SEX_T024;SEX_TA024;media;Adaptar a consentimiento, seguridad, cultura, edad, orientación/identidad, salud física y contexto relacional. No aplicar tareas de pareja si existe coerción, violencia, miedo o falta de consentimiento.
SEX_R0316;SEX_P031;SEX_T052;SEX_TA050;media;Adaptar a consentimiento, seguridad, cultura, edad, orientación/identidad, salud física y contexto relacional. No aplicar tareas de pareja si existe coerción, violencia, miedo o falta de consentimiento.
SEX_R0317;SEX_P031;SEX_T052;SEX_TA055;media;Adaptar a consentimiento, seguridad, cultura, edad, orientación/identidad, salud física y contexto relacional. No aplicar tareas de pareja si existe coerción, violencia, miedo o falta de consentimiento.
SEX_R0318;SEX_P031;SEX_T045;SEX_TA047;media;Adaptar a consentimiento, seguridad, cultura, edad, orientación/identidad, salud física y contexto relacional. No aplicar tareas de pareja si existe coerción, violencia, miedo o falta de consentimiento.
SEX_R0319;SEX_P032;SEX_T008;SEX_TA008;media;Adaptar a consentimiento, seguridad, cultura, edad, orientación/identidad, salud física y contexto relacional. No aplicar tareas de pareja si existe coerción, violencia, miedo o falta de consentimiento.
SEX_R0320;SEX_P032;SEX_T009;SEX_TA009;media;Adaptar a consentimiento, seguridad, cultura, edad, orientación/identidad, salud física y contexto relacional. No aplicar tareas de pareja si existe coerción, violencia, miedo o falta de consentimiento.
SEX_R0321;SEX_P032;SEX_T009;SEX_TA060;media;Adaptar a consentimiento, seguridad, cultura, edad, orientación/identidad, salud física y contexto relacional. No aplicar tareas de pareja si existe coerción, violencia, miedo o falta de consentimiento.
SEX_R0322;SEX_P032;SEX_T016;SEX_TA016;media;Adaptar a consentimiento, seguridad, cultura, edad, orientación/identidad, salud física y contexto relacional. No aplicar tareas de pareja si existe coerción, violencia, miedo o falta de consentimiento.
SEX_R0323;SEX_P032;SEX_T018;SEX_TA018;media;Adaptar a consentimiento, seguridad, cultura, edad, orientación/identidad, salud física y contexto relacional. No aplicar tareas de pareja si existe coerción, violencia, miedo o falta de consentimiento.
SEX_R0324;SEX_P032;SEX_T018;SEX_TA057;media;Adaptar a consentimiento, seguridad, cultura, edad, orientación/identidad, salud física y contexto relacional. No aplicar tareas de pareja si existe coerción, violencia, miedo o falta de consentimiento.
SEX_R0325;SEX_P032;SEX_T022;SEX_TA022;media;Adaptar a consentimiento, seguridad, cultura, edad, orientación/identidad, salud física y contexto relacional. No aplicar tareas de pareja si existe coerción, violencia, miedo o falta de consentimiento.
SEX_R0326;SEX_P032;SEX_T023;SEX_TA023;media;Adaptar a consentimiento, seguridad, cultura, edad, orientación/identidad, salud física y contexto relacional. No aplicar tareas de pareja si existe coerción, violencia, miedo o falta de consentimiento.
SEX_R0327;SEX_P032;SEX_T023;SEX_TA065;media;Adaptar a consentimiento, seguridad, cultura, edad, orientación/identidad, salud física y contexto relacional. No aplicar tareas de pareja si existe coerción, violencia, miedo o falta de consentimiento.
SEX_R0328;SEX_P032;SEX_T024;SEX_TA024;media;Adaptar a consentimiento, seguridad, cultura, edad, orientación/identidad, salud física y contexto relacional. No aplicar tareas de pareja si existe coerción, violencia, miedo o falta de consentimiento.
SEX_R0329;SEX_P032;SEX_T052;SEX_TA050;media;Adaptar a consentimiento, seguridad, cultura, edad, orientación/identidad, salud física y contexto relacional. No aplicar tareas de pareja si existe coerción, violencia, miedo o falta de consentimiento.
SEX_R0330;SEX_P032;SEX_T052;SEX_TA055;media;Adaptar a consentimiento, seguridad, cultura, edad, orientación/identidad, salud física y contexto relacional. No aplicar tareas de pareja si existe coerción, violencia, miedo o falta de consentimiento.
SEX_R0331;SEX_P032;SEX_T045;SEX_TA047;media;Adaptar a consentimiento, seguridad, cultura, edad, orientación/identidad, salud física y contexto relacional. No aplicar tareas de pareja si existe coerción, violencia, miedo o falta de consentimiento.
SEX_R0332;SEX_P033;SEX_T008;SEX_TA008;media;Adaptar a consentimiento, seguridad, cultura, edad, orientación/identidad, salud física y contexto relacional. No aplicar tareas de pareja si existe coerción, violencia, miedo o falta de consentimiento.
SEX_R0333;SEX_P033;SEX_T009;SEX_TA009;media;Adaptar a consentimiento, seguridad, cultura, edad, orientación/identidad, salud física y contexto relacional. No aplicar tareas de pareja si existe coerción, violencia, miedo o falta de consentimiento.
SEX_R0334;SEX_P033;SEX_T009;SEX_TA060;media;Adaptar a consentimiento, seguridad, cultura, edad, orientación/identidad, salud física y contexto relacional. No aplicar tareas de pareja si existe coerción, violencia, miedo o falta de consentimiento.
SEX_R0335;SEX_P033;SEX_T016;SEX_TA016;media;Adaptar a consentimiento, seguridad, cultura, edad, orientación/identidad, salud física y contexto relacional. No aplicar tareas de pareja si existe coerción, violencia, miedo o falta de consentimiento.
SEX_R0336;SEX_P033;SEX_T018;SEX_TA018;media;Adaptar a consentimiento, seguridad, cultura, edad, orientación/identidad, salud física y contexto relacional. No aplicar tareas de pareja si existe coerción, violencia, miedo o falta de consentimiento.
SEX_R0337;SEX_P033;SEX_T018;SEX_TA057;media;Adaptar a consentimiento, seguridad, cultura, edad, orientación/identidad, salud física y contexto relacional. No aplicar tareas de pareja si existe coerción, violencia, miedo o falta de consentimiento.
SEX_R0338;SEX_P033;SEX_T022;SEX_TA022;media;Adaptar a consentimiento, seguridad, cultura, edad, orientación/identidad, salud física y contexto relacional. No aplicar tareas de pareja si existe coerción, violencia, miedo o falta de consentimiento.
SEX_R0339;SEX_P033;SEX_T023;SEX_TA023;media;Adaptar a consentimiento, seguridad, cultura, edad, orientación/identidad, salud física y contexto relacional. No aplicar tareas de pareja si existe coerción, violencia, miedo o falta de consentimiento.
SEX_R0340;SEX_P033;SEX_T023;SEX_TA065;media;Adaptar a consentimiento, seguridad, cultura, edad, orientación/identidad, salud física y contexto relacional. No aplicar tareas de pareja si existe coerción, violencia, miedo o falta de consentimiento.
SEX_R0341;SEX_P033;SEX_T024;SEX_TA024;media;Adaptar a consentimiento, seguridad, cultura, edad, orientación/identidad, salud física y contexto relacional. No aplicar tareas de pareja si existe coerción, violencia, miedo o falta de consentimiento.
SEX_R0342;SEX_P033;SEX_T052;SEX_TA050;media;Adaptar a consentimiento, seguridad, cultura, edad, orientación/identidad, salud física y contexto relacional. No aplicar tareas de pareja si existe coerción, violencia, miedo o falta de consentimiento.
SEX_R0343;SEX_P033;SEX_T052;SEX_TA055;media;Adaptar a consentimiento, seguridad, cultura, edad, orientación/identidad, salud física y contexto relacional. No aplicar tareas de pareja si existe coerción, violencia, miedo o falta de consentimiento.
SEX_R0344;SEX_P033;SEX_T045;SEX_TA047;media;Adaptar a consentimiento, seguridad, cultura, edad, orientación/identidad, salud física y contexto relacional. No aplicar tareas de pareja si existe coerción, violencia, miedo o falta de consentimiento.
SEX_R0345;SEX_P034;SEX_T008;SEX_TA008;media;Adaptar a consentimiento, seguridad, cultura, edad, orientación/identidad, salud física y contexto relacional. No aplicar tareas de pareja si existe coerción, violencia, miedo o falta de consentimiento.
SEX_R0346;SEX_P034;SEX_T009;SEX_TA009;media;Adaptar a consentimiento, seguridad, cultura, edad, orientación/identidad, salud física y contexto relacional. No aplicar tareas de pareja si existe coerción, violencia, miedo o falta de consentimiento.
SEX_R0347;SEX_P034;SEX_T009;SEX_TA060;media;Adaptar a consentimiento, seguridad, cultura, edad, orientación/identidad, salud física y contexto relacional. No aplicar tareas de pareja si existe coerción, violencia, miedo o falta de consentimiento.
SEX_R0348;SEX_P034;SEX_T016;SEX_TA016;media;Adaptar a consentimiento, seguridad, cultura, edad, orientación/identidad, salud física y contexto relacional. No aplicar tareas de pareja si existe coerción, violencia, miedo o falta de consentimiento.
SEX_R0349;SEX_P034;SEX_T018;SEX_TA018;media;Adaptar a consentimiento, seguridad, cultura, edad, orientación/identidad, salud física y contexto relacional. No aplicar tareas de pareja si existe coerción, violencia, miedo o falta de consentimiento.
SEX_R0350;SEX_P034;SEX_T018;SEX_TA057;media;Adaptar a consentimiento, seguridad, cultura, edad, orientación/identidad, salud física y contexto relacional. No aplicar tareas de pareja si existe coerción, violencia, miedo o falta de consentimiento.
SEX_R0351;SEX_P034;SEX_T022;SEX_TA022;media;Adaptar a consentimiento, seguridad, cultura, edad, orientación/identidad, salud física y contexto relacional. No aplicar tareas de pareja si existe coerción, violencia, miedo o falta de consentimiento.
SEX_R0352;SEX_P034;SEX_T023;SEX_TA023;media;Adaptar a consentimiento, seguridad, cultura, edad, orientación/identidad, salud física y contexto relacional. No aplicar tareas de pareja si existe coerción, violencia, miedo o falta de consentimiento.
SEX_R0353;SEX_P034;SEX_T023;SEX_TA065;media;Adaptar a consentimiento, seguridad, cultura, edad, orientación/identidad, salud física y contexto relacional. No aplicar tareas de pareja si existe coerción, violencia, miedo o falta de consentimiento.
SEX_R0354;SEX_P034;SEX_T024;SEX_TA024;media;Adaptar a consentimiento, seguridad, cultura, edad, orientación/identidad, salud física y contexto relacional. No aplicar tareas de pareja si existe coerción, violencia, miedo o falta de consentimiento.
SEX_R0355;SEX_P034;SEX_T052;SEX_TA050;media;Adaptar a consentimiento, seguridad, cultura, edad, orientación/identidad, salud física y contexto relacional. No aplicar tareas de pareja si existe coerción, violencia, miedo o falta de consentimiento.
SEX_R0356;SEX_P034;SEX_T052;SEX_TA055;media;Adaptar a consentimiento, seguridad, cultura, edad, orientación/identidad, salud física y contexto relacional. No aplicar tareas de pareja si existe coerción, violencia, miedo o falta de consentimiento.
SEX_R0357;SEX_P034;SEX_T045;SEX_TA047;media;Adaptar a consentimiento, seguridad, cultura, edad, orientación/identidad, salud física y contexto relacional. No aplicar tareas de pareja si existe coerción, violencia, miedo o falta de consentimiento.
SEX_R0358;SEX_P035;SEX_T004;SEX_TA064;alta;Adaptar a consentimiento, seguridad, cultura, edad, orientación/identidad, salud física y contexto relacional. No aplicar tareas de pareja si existe coerción, violencia, miedo o falta de consentimiento.
SEX_R0359;SEX_P035;SEX_T017;SEX_TA017;media;Adaptar a consentimiento, seguridad, cultura, edad, orientación/identidad, salud física y contexto relacional. No aplicar tareas de pareja si existe coerción, violencia, miedo o falta de consentimiento.
SEX_R0360;SEX_P035;SEX_T017;SEX_TA034;media;Adaptar a consentimiento, seguridad, cultura, edad, orientación/identidad, salud física y contexto relacional. No aplicar tareas de pareja si existe coerción, violencia, miedo o falta de consentimiento.
SEX_R0361;SEX_P035;SEX_T017;SEX_TA061;media;Adaptar a consentimiento, seguridad, cultura, edad, orientación/identidad, salud física y contexto relacional. No aplicar tareas de pareja si existe coerción, violencia, miedo o falta de consentimiento.
SEX_R0362;SEX_P035;SEX_T018;SEX_TA018;media;Adaptar a consentimiento, seguridad, cultura, edad, orientación/identidad, salud física y contexto relacional. No aplicar tareas de pareja si existe coerción, violencia, miedo o falta de consentimiento.
SEX_R0363;SEX_P035;SEX_T018;SEX_TA057;media;Adaptar a consentimiento, seguridad, cultura, edad, orientación/identidad, salud física y contexto relacional. No aplicar tareas de pareja si existe coerción, violencia, miedo o falta de consentimiento.
SEX_R0364;SEX_P035;SEX_T033;SEX_TA033;alta;Adaptar a consentimiento, seguridad, cultura, edad, orientación/identidad, salud física y contexto relacional. No aplicar tareas de pareja si existe coerción, violencia, miedo o falta de consentimiento.
SEX_R0365;SEX_P035;SEX_T033;SEX_TA058;alta;Adaptar a consentimiento, seguridad, cultura, edad, orientación/identidad, salud física y contexto relacional. No aplicar tareas de pareja si existe coerción, violencia, miedo o falta de consentimiento.
SEX_R0366;SEX_P035;SEX_T036;SEX_TA037;media;Adaptar a consentimiento, seguridad, cultura, edad, orientación/identidad, salud física y contexto relacional. No aplicar tareas de pareja si existe coerción, violencia, miedo o falta de consentimiento.
SEX_R0367;SEX_P035;SEX_T053;SEX_TA051;alta;Adaptar a consentimiento, seguridad, cultura, edad, orientación/identidad, salud física y contexto relacional. No aplicar tareas de pareja si existe coerción, violencia, miedo o falta de consentimiento.
SEX_R0368;SEX_P035;SEX_T045;SEX_TA047;media;Adaptar a consentimiento, seguridad, cultura, edad, orientación/identidad, salud física y contexto relacional. No aplicar tareas de pareja si existe coerción, violencia, miedo o falta de consentimiento.
SEX_R0369;SEX_P036;SEX_T004;SEX_TA064;alta;Adaptar a consentimiento, seguridad, cultura, edad, orientación/identidad, salud física y contexto relacional. No aplicar tareas de pareja si existe coerción, violencia, miedo o falta de consentimiento.
SEX_R0370;SEX_P036;SEX_T017;SEX_TA017;media;Adaptar a consentimiento, seguridad, cultura, edad, orientación/identidad, salud física y contexto relacional. No aplicar tareas de pareja si existe coerción, violencia, miedo o falta de consentimiento.
SEX_R0371;SEX_P036;SEX_T017;SEX_TA034;media;Adaptar a consentimiento, seguridad, cultura, edad, orientación/identidad, salud física y contexto relacional. No aplicar tareas de pareja si existe coerción, violencia, miedo o falta de consentimiento.
SEX_R0372;SEX_P036;SEX_T017;SEX_TA061;media;Adaptar a consentimiento, seguridad, cultura, edad, orientación/identidad, salud física y contexto relacional. No aplicar tareas de pareja si existe coerción, violencia, miedo o falta de consentimiento.
SEX_R0373;SEX_P036;SEX_T018;SEX_TA018;media;Adaptar a consentimiento, seguridad, cultura, edad, orientación/identidad, salud física y contexto relacional. No aplicar tareas de pareja si existe coerción, violencia, miedo o falta de consentimiento.
SEX_R0374;SEX_P036;SEX_T018;SEX_TA057;media;Adaptar a consentimiento, seguridad, cultura, edad, orientación/identidad, salud física y contexto relacional. No aplicar tareas de pareja si existe coerción, violencia, miedo o falta de consentimiento.
SEX_R0375;SEX_P036;SEX_T033;SEX_TA033;alta;Adaptar a consentimiento, seguridad, cultura, edad, orientación/identidad, salud física y contexto relacional. No aplicar tareas de pareja si existe coerción, violencia, miedo o falta de consentimiento.
SEX_R0376;SEX_P036;SEX_T033;SEX_TA058;alta;Adaptar a consentimiento, seguridad, cultura, edad, orientación/identidad, salud física y contexto relacional. No aplicar tareas de pareja si existe coerción, violencia, miedo o falta de consentimiento.
SEX_R0377;SEX_P036;SEX_T036;SEX_TA037;media;Adaptar a consentimiento, seguridad, cultura, edad, orientación/identidad, salud física y contexto relacional. No aplicar tareas de pareja si existe coerción, violencia, miedo o falta de consentimiento.
SEX_R0378;SEX_P036;SEX_T053;SEX_TA051;alta;Adaptar a consentimiento, seguridad, cultura, edad, orientación/identidad, salud física y contexto relacional. No aplicar tareas de pareja si existe coerción, violencia, miedo o falta de consentimiento.
SEX_R0379;SEX_P036;SEX_T045;SEX_TA047;media;Adaptar a consentimiento, seguridad, cultura, edad, orientación/identidad, salud física y contexto relacional. No aplicar tareas de pareja si existe coerción, violencia, miedo o falta de consentimiento.
SEX_R0380;SEX_P037;SEX_T004;SEX_TA064;alta;Adaptar a consentimiento, seguridad, cultura, edad, orientación/identidad, salud física y contexto relacional. No aplicar tareas de pareja si existe coerción, violencia, miedo o falta de consentimiento.
SEX_R0381;SEX_P037;SEX_T017;SEX_TA017;media;Adaptar a consentimiento, seguridad, cultura, edad, orientación/identidad, salud física y contexto relacional. No aplicar tareas de pareja si existe coerción, violencia, miedo o falta de consentimiento.
SEX_R0382;SEX_P037;SEX_T017;SEX_TA034;media;Adaptar a consentimiento, seguridad, cultura, edad, orientación/identidad, salud física y contexto relacional. No aplicar tareas de pareja si existe coerción, violencia, miedo o falta de consentimiento.
SEX_R0383;SEX_P037;SEX_T017;SEX_TA061;media;Adaptar a consentimiento, seguridad, cultura, edad, orientación/identidad, salud física y contexto relacional. No aplicar tareas de pareja si existe coerción, violencia, miedo o falta de consentimiento.
SEX_R0384;SEX_P037;SEX_T018;SEX_TA018;media;Adaptar a consentimiento, seguridad, cultura, edad, orientación/identidad, salud física y contexto relacional. No aplicar tareas de pareja si existe coerción, violencia, miedo o falta de consentimiento.
SEX_R0385;SEX_P037;SEX_T018;SEX_TA057;media;Adaptar a consentimiento, seguridad, cultura, edad, orientación/identidad, salud física y contexto relacional. No aplicar tareas de pareja si existe coerción, violencia, miedo o falta de consentimiento.
SEX_R0386;SEX_P037;SEX_T033;SEX_TA033;alta;Adaptar a consentimiento, seguridad, cultura, edad, orientación/identidad, salud física y contexto relacional. No aplicar tareas de pareja si existe coerción, violencia, miedo o falta de consentimiento.
SEX_R0387;SEX_P037;SEX_T033;SEX_TA058;alta;Adaptar a consentimiento, seguridad, cultura, edad, orientación/identidad, salud física y contexto relacional. No aplicar tareas de pareja si existe coerción, violencia, miedo o falta de consentimiento.
SEX_R0388;SEX_P037;SEX_T036;SEX_TA037;media;Adaptar a consentimiento, seguridad, cultura, edad, orientación/identidad, salud física y contexto relacional. No aplicar tareas de pareja si existe coerción, violencia, miedo o falta de consentimiento.
SEX_R0389;SEX_P037;SEX_T053;SEX_TA051;alta;Adaptar a consentimiento, seguridad, cultura, edad, orientación/identidad, salud física y contexto relacional. No aplicar tareas de pareja si existe coerción, violencia, miedo o falta de consentimiento.
SEX_R0390;SEX_P037;SEX_T045;SEX_TA047;media;Adaptar a consentimiento, seguridad, cultura, edad, orientación/identidad, salud física y contexto relacional. No aplicar tareas de pareja si existe coerción, violencia, miedo o falta de consentimiento.
SEX_R0391;SEX_P038;SEX_T004;SEX_TA064;alta;Adaptar a consentimiento, seguridad, cultura, edad, orientación/identidad, salud física y contexto relacional. No aplicar tareas de pareja si existe coerción, violencia, miedo o falta de consentimiento.
SEX_R0392;SEX_P038;SEX_T017;SEX_TA017;media;Adaptar a consentimiento, seguridad, cultura, edad, orientación/identidad, salud física y contexto relacional. No aplicar tareas de pareja si existe coerción, violencia, miedo o falta de consentimiento.
SEX_R0393;SEX_P038;SEX_T017;SEX_TA034;media;Adaptar a consentimiento, seguridad, cultura, edad, orientación/identidad, salud física y contexto relacional. No aplicar tareas de pareja si existe coerción, violencia, miedo o falta de consentimiento.
SEX_R0394;SEX_P038;SEX_T017;SEX_TA061;media;Adaptar a consentimiento, seguridad, cultura, edad, orientación/identidad, salud física y contexto relacional. No aplicar tareas de pareja si existe coerción, violencia, miedo o falta de consentimiento.
SEX_R0395;SEX_P038;SEX_T018;SEX_TA018;media;Adaptar a consentimiento, seguridad, cultura, edad, orientación/identidad, salud física y contexto relacional. No aplicar tareas de pareja si existe coerción, violencia, miedo o falta de consentimiento.
SEX_R0396;SEX_P038;SEX_T018;SEX_TA057;media;Adaptar a consentimiento, seguridad, cultura, edad, orientación/identidad, salud física y contexto relacional. No aplicar tareas de pareja si existe coerción, violencia, miedo o falta de consentimiento.
SEX_R0397;SEX_P038;SEX_T033;SEX_TA033;alta;Adaptar a consentimiento, seguridad, cultura, edad, orientación/identidad, salud física y contexto relacional. No aplicar tareas de pareja si existe coerción, violencia, miedo o falta de consentimiento.
SEX_R0398;SEX_P038;SEX_T033;SEX_TA058;alta;Adaptar a consentimiento, seguridad, cultura, edad, orientación/identidad, salud física y contexto relacional. No aplicar tareas de pareja si existe coerción, violencia, miedo o falta de consentimiento.
SEX_R0399;SEX_P038;SEX_T036;SEX_TA037;media;Adaptar a consentimiento, seguridad, cultura, edad, orientación/identidad, salud física y contexto relacional. No aplicar tareas de pareja si existe coerción, violencia, miedo o falta de consentimiento.
SEX_R0400;SEX_P038;SEX_T053;SEX_TA051;alta;Adaptar a consentimiento, seguridad, cultura, edad, orientación/identidad, salud física y contexto relacional. No aplicar tareas de pareja si existe coerción, violencia, miedo o falta de consentimiento.
SEX_R0401;SEX_P038;SEX_T045;SEX_TA047;media;Adaptar a consentimiento, seguridad, cultura, edad, orientación/identidad, salud física y contexto relacional. No aplicar tareas de pareja si existe coerción, violencia, miedo o falta de consentimiento.
SEX_R0402;SEX_P039;SEX_T001;SEX_TA001;media;Adaptar a consentimiento, seguridad, cultura, edad, orientación/identidad, salud física y contexto relacional. No aplicar tareas de pareja si existe coerción, violencia, miedo o falta de consentimiento.
SEX_R0403;SEX_P039;SEX_T001;SEX_TA002;media;Adaptar a consentimiento, seguridad, cultura, edad, orientación/identidad, salud física y contexto relacional. No aplicar tareas de pareja si existe coerción, violencia, miedo o falta de consentimiento.
SEX_R0404;SEX_P039;SEX_T012;SEX_TA012;media;Adaptar a consentimiento, seguridad, cultura, edad, orientación/identidad, salud física y contexto relacional. No aplicar tareas de pareja si existe coerción, violencia, miedo o falta de consentimiento.
SEX_R0405;SEX_P039;SEX_T019;SEX_TA019;media;Adaptar a consentimiento, seguridad, cultura, edad, orientación/identidad, salud física y contexto relacional. No aplicar tareas de pareja si existe coerción, violencia, miedo o falta de consentimiento.
SEX_R0406;SEX_P039;SEX_T036;SEX_TA037;media;Adaptar a consentimiento, seguridad, cultura, edad, orientación/identidad, salud física y contexto relacional. No aplicar tareas de pareja si existe coerción, violencia, miedo o falta de consentimiento.
SEX_R0407;SEX_P039;SEX_T039;SEX_TA040;media;Adaptar a consentimiento, seguridad, cultura, edad, orientación/identidad, salud física y contexto relacional. No aplicar tareas de pareja si existe coerción, violencia, miedo o falta de consentimiento.
SEX_R0408;SEX_P039;SEX_T040;SEX_TA042;media;Adaptar a consentimiento, seguridad, cultura, edad, orientación/identidad, salud física y contexto relacional. No aplicar tareas de pareja si existe coerción, violencia, miedo o falta de consentimiento.
SEX_R0409;SEX_P039;SEX_T048;SEX_TA041;media;Adaptar a consentimiento, seguridad, cultura, edad, orientación/identidad, salud física y contexto relacional. No aplicar tareas de pareja si existe coerción, violencia, miedo o falta de consentimiento.
SEX_R0410;SEX_P039;SEX_T045;SEX_TA047;media;Adaptar a consentimiento, seguridad, cultura, edad, orientación/identidad, salud física y contexto relacional. No aplicar tareas de pareja si existe coerción, violencia, miedo o falta de consentimiento.
SEX_R0411;SEX_P040;SEX_T001;SEX_TA001;media;Adaptar a consentimiento, seguridad, cultura, edad, orientación/identidad, salud física y contexto relacional. No aplicar tareas de pareja si existe coerción, violencia, miedo o falta de consentimiento.
SEX_R0412;SEX_P040;SEX_T001;SEX_TA002;media;Adaptar a consentimiento, seguridad, cultura, edad, orientación/identidad, salud física y contexto relacional. No aplicar tareas de pareja si existe coerción, violencia, miedo o falta de consentimiento.
SEX_R0413;SEX_P040;SEX_T012;SEX_TA012;media;Adaptar a consentimiento, seguridad, cultura, edad, orientación/identidad, salud física y contexto relacional. No aplicar tareas de pareja si existe coerción, violencia, miedo o falta de consentimiento.
SEX_R0414;SEX_P040;SEX_T019;SEX_TA019;media;Adaptar a consentimiento, seguridad, cultura, edad, orientación/identidad, salud física y contexto relacional. No aplicar tareas de pareja si existe coerción, violencia, miedo o falta de consentimiento.
SEX_R0415;SEX_P040;SEX_T036;SEX_TA037;media;Adaptar a consentimiento, seguridad, cultura, edad, orientación/identidad, salud física y contexto relacional. No aplicar tareas de pareja si existe coerción, violencia, miedo o falta de consentimiento.
SEX_R0416;SEX_P040;SEX_T039;SEX_TA040;media;Adaptar a consentimiento, seguridad, cultura, edad, orientación/identidad, salud física y contexto relacional. No aplicar tareas de pareja si existe coerción, violencia, miedo o falta de consentimiento.
SEX_R0417;SEX_P040;SEX_T040;SEX_TA042;media;Adaptar a consentimiento, seguridad, cultura, edad, orientación/identidad, salud física y contexto relacional. No aplicar tareas de pareja si existe coerción, violencia, miedo o falta de consentimiento.
SEX_R0418;SEX_P040;SEX_T048;SEX_TA041;media;Adaptar a consentimiento, seguridad, cultura, edad, orientación/identidad, salud física y contexto relacional. No aplicar tareas de pareja si existe coerción, violencia, miedo o falta de consentimiento.
SEX_R0419;SEX_P040;SEX_T045;SEX_TA047;media;Adaptar a consentimiento, seguridad, cultura, edad, orientación/identidad, salud física y contexto relacional. No aplicar tareas de pareja si existe coerción, violencia, miedo o falta de consentimiento.
SEX_R0420;SEX_P041;SEX_T001;SEX_TA001;media;Adaptar a consentimiento, seguridad, cultura, edad, orientación/identidad, salud física y contexto relacional. No aplicar tareas de pareja si existe coerción, violencia, miedo o falta de consentimiento.
SEX_R0421;SEX_P041;SEX_T001;SEX_TA002;media;Adaptar a consentimiento, seguridad, cultura, edad, orientación/identidad, salud física y contexto relacional. No aplicar tareas de pareja si existe coerción, violencia, miedo o falta de consentimiento.
SEX_R0422;SEX_P041;SEX_T012;SEX_TA012;media;Adaptar a consentimiento, seguridad, cultura, edad, orientación/identidad, salud física y contexto relacional. No aplicar tareas de pareja si existe coerción, violencia, miedo o falta de consentimiento.
SEX_R0423;SEX_P041;SEX_T019;SEX_TA019;media;Adaptar a consentimiento, seguridad, cultura, edad, orientación/identidad, salud física y contexto relacional. No aplicar tareas de pareja si existe coerción, violencia, miedo o falta de consentimiento.
SEX_R0424;SEX_P041;SEX_T036;SEX_TA037;media;Adaptar a consentimiento, seguridad, cultura, edad, orientación/identidad, salud física y contexto relacional. No aplicar tareas de pareja si existe coerción, violencia, miedo o falta de consentimiento.
SEX_R0425;SEX_P041;SEX_T039;SEX_TA040;media;Adaptar a consentimiento, seguridad, cultura, edad, orientación/identidad, salud física y contexto relacional. No aplicar tareas de pareja si existe coerción, violencia, miedo o falta de consentimiento.
SEX_R0426;SEX_P041;SEX_T040;SEX_TA042;media;Adaptar a consentimiento, seguridad, cultura, edad, orientación/identidad, salud física y contexto relacional. No aplicar tareas de pareja si existe coerción, violencia, miedo o falta de consentimiento.
SEX_R0427;SEX_P041;SEX_T048;SEX_TA041;media;Adaptar a consentimiento, seguridad, cultura, edad, orientación/identidad, salud física y contexto relacional. No aplicar tareas de pareja si existe coerción, violencia, miedo o falta de consentimiento.
SEX_R0428;SEX_P041;SEX_T045;SEX_TA047;media;Adaptar a consentimiento, seguridad, cultura, edad, orientación/identidad, salud física y contexto relacional. No aplicar tareas de pareja si existe coerción, violencia, miedo o falta de consentimiento.
SEX_R0429;SEX_P042;SEX_T001;SEX_TA001;media;Adaptar a consentimiento, seguridad, cultura, edad, orientación/identidad, salud física y contexto relacional. No aplicar tareas de pareja si existe coerción, violencia, miedo o falta de consentimiento.
SEX_R0430;SEX_P042;SEX_T001;SEX_TA002;media;Adaptar a consentimiento, seguridad, cultura, edad, orientación/identidad, salud física y contexto relacional. No aplicar tareas de pareja si existe coerción, violencia, miedo o falta de consentimiento.
SEX_R0431;SEX_P042;SEX_T012;SEX_TA012;media;Adaptar a consentimiento, seguridad, cultura, edad, orientación/identidad, salud física y contexto relacional. No aplicar tareas de pareja si existe coerción, violencia, miedo o falta de consentimiento.
SEX_R0432;SEX_P042;SEX_T019;SEX_TA019;media;Adaptar a consentimiento, seguridad, cultura, edad, orientación/identidad, salud física y contexto relacional. No aplicar tareas de pareja si existe coerción, violencia, miedo o falta de consentimiento.
SEX_R0433;SEX_P042;SEX_T036;SEX_TA037;media;Adaptar a consentimiento, seguridad, cultura, edad, orientación/identidad, salud física y contexto relacional. No aplicar tareas de pareja si existe coerción, violencia, miedo o falta de consentimiento.
SEX_R0434;SEX_P042;SEX_T039;SEX_TA040;media;Adaptar a consentimiento, seguridad, cultura, edad, orientación/identidad, salud física y contexto relacional. No aplicar tareas de pareja si existe coerción, violencia, miedo o falta de consentimiento.
SEX_R0435;SEX_P042;SEX_T040;SEX_TA042;media;Adaptar a consentimiento, seguridad, cultura, edad, orientación/identidad, salud física y contexto relacional. No aplicar tareas de pareja si existe coerción, violencia, miedo o falta de consentimiento.
SEX_R0436;SEX_P042;SEX_T048;SEX_TA041;media;Adaptar a consentimiento, seguridad, cultura, edad, orientación/identidad, salud física y contexto relacional. No aplicar tareas de pareja si existe coerción, violencia, miedo o falta de consentimiento.
SEX_R0437;SEX_P042;SEX_T045;SEX_TA047;media;Adaptar a consentimiento, seguridad, cultura, edad, orientación/identidad, salud física y contexto relacional. No aplicar tareas de pareja si existe coerción, violencia, miedo o falta de consentimiento.
SEX_R0438;SEX_P043;SEX_T034;SEX_TA035;media;Adaptar a consentimiento, seguridad, cultura, edad, orientación/identidad, salud física y contexto relacional. No aplicar tareas de pareja si existe coerción, violencia, miedo o falta de consentimiento.
SEX_R0439;SEX_P043;SEX_T035;SEX_TA036;media;Adaptar a consentimiento, seguridad, cultura, edad, orientación/identidad, salud física y contexto relacional. No aplicar tareas de pareja si existe coerción, violencia, miedo o falta de consentimiento.
SEX_R0440;SEX_P043;SEX_T036;SEX_TA037;media;Adaptar a consentimiento, seguridad, cultura, edad, orientación/identidad, salud física y contexto relacional. No aplicar tareas de pareja si existe coerción, violencia, miedo o falta de consentimiento.
SEX_R0441;SEX_P043;SEX_T040;SEX_TA042;media;Adaptar a consentimiento, seguridad, cultura, edad, orientación/identidad, salud física y contexto relacional. No aplicar tareas de pareja si existe coerción, violencia, miedo o falta de consentimiento.
SEX_R0442;SEX_P043;SEX_T048;SEX_TA041;media;Adaptar a consentimiento, seguridad, cultura, edad, orientación/identidad, salud física y contexto relacional. No aplicar tareas de pareja si existe coerción, violencia, miedo o falta de consentimiento.
SEX_R0443;SEX_P043;SEX_T045;SEX_TA047;media;Adaptar a consentimiento, seguridad, cultura, edad, orientación/identidad, salud física y contexto relacional. No aplicar tareas de pareja si existe coerción, violencia, miedo o falta de consentimiento.
SEX_R0444;SEX_P044;SEX_T034;SEX_TA035;media;Adaptar a consentimiento, seguridad, cultura, edad, orientación/identidad, salud física y contexto relacional. No aplicar tareas de pareja si existe coerción, violencia, miedo o falta de consentimiento.
SEX_R0445;SEX_P044;SEX_T035;SEX_TA036;media;Adaptar a consentimiento, seguridad, cultura, edad, orientación/identidad, salud física y contexto relacional. No aplicar tareas de pareja si existe coerción, violencia, miedo o falta de consentimiento.
SEX_R0446;SEX_P044;SEX_T036;SEX_TA037;media;Adaptar a consentimiento, seguridad, cultura, edad, orientación/identidad, salud física y contexto relacional. No aplicar tareas de pareja si existe coerción, violencia, miedo o falta de consentimiento.
SEX_R0447;SEX_P044;SEX_T040;SEX_TA042;media;Adaptar a consentimiento, seguridad, cultura, edad, orientación/identidad, salud física y contexto relacional. No aplicar tareas de pareja si existe coerción, violencia, miedo o falta de consentimiento.
SEX_R0448;SEX_P044;SEX_T048;SEX_TA041;media;Adaptar a consentimiento, seguridad, cultura, edad, orientación/identidad, salud física y contexto relacional. No aplicar tareas de pareja si existe coerción, violencia, miedo o falta de consentimiento.
SEX_R0449;SEX_P044;SEX_T045;SEX_TA047;media;Adaptar a consentimiento, seguridad, cultura, edad, orientación/identidad, salud física y contexto relacional. No aplicar tareas de pareja si existe coerción, violencia, miedo o falta de consentimiento.
SEX_R0450;SEX_P045;SEX_T034;SEX_TA035;media;Adaptar a consentimiento, seguridad, cultura, edad, orientación/identidad, salud física y contexto relacional. No aplicar tareas de pareja si existe coerción, violencia, miedo o falta de consentimiento.
SEX_R0451;SEX_P045;SEX_T035;SEX_TA036;media;Adaptar a consentimiento, seguridad, cultura, edad, orientación/identidad, salud física y contexto relacional. No aplicar tareas de pareja si existe coerción, violencia, miedo o falta de consentimiento.
SEX_R0452;SEX_P045;SEX_T036;SEX_TA037;media;Adaptar a consentimiento, seguridad, cultura, edad, orientación/identidad, salud física y contexto relacional. No aplicar tareas de pareja si existe coerción, violencia, miedo o falta de consentimiento.
SEX_R0453;SEX_P045;SEX_T040;SEX_TA042;media;Adaptar a consentimiento, seguridad, cultura, edad, orientación/identidad, salud física y contexto relacional. No aplicar tareas de pareja si existe coerción, violencia, miedo o falta de consentimiento.
SEX_R0454;SEX_P045;SEX_T048;SEX_TA041;media;Adaptar a consentimiento, seguridad, cultura, edad, orientación/identidad, salud física y contexto relacional. No aplicar tareas de pareja si existe coerción, violencia, miedo o falta de consentimiento.
SEX_R0455;SEX_P045;SEX_T045;SEX_TA047;media;Adaptar a consentimiento, seguridad, cultura, edad, orientación/identidad, salud física y contexto relacional. No aplicar tareas de pareja si existe coerción, violencia, miedo o falta de consentimiento.
SEX_R0456;SEX_P046;SEX_T034;SEX_TA035;media;Adaptar a consentimiento, seguridad, cultura, edad, orientación/identidad, salud física y contexto relacional. No aplicar tareas de pareja si existe coerción, violencia, miedo o falta de consentimiento.
SEX_R0457;SEX_P046;SEX_T035;SEX_TA036;media;Adaptar a consentimiento, seguridad, cultura, edad, orientación/identidad, salud física y contexto relacional. No aplicar tareas de pareja si existe coerción, violencia, miedo o falta de consentimiento.
SEX_R0458;SEX_P046;SEX_T036;SEX_TA037;media;Adaptar a consentimiento, seguridad, cultura, edad, orientación/identidad, salud física y contexto relacional. No aplicar tareas de pareja si existe coerción, violencia, miedo o falta de consentimiento.
SEX_R0459;SEX_P046;SEX_T040;SEX_TA042;media;Adaptar a consentimiento, seguridad, cultura, edad, orientación/identidad, salud física y contexto relacional. No aplicar tareas de pareja si existe coerción, violencia, miedo o falta de consentimiento.
SEX_R0460;SEX_P046;SEX_T048;SEX_TA041;media;Adaptar a consentimiento, seguridad, cultura, edad, orientación/identidad, salud física y contexto relacional. No aplicar tareas de pareja si existe coerción, violencia, miedo o falta de consentimiento.
SEX_R0461;SEX_P046;SEX_T045;SEX_TA047;media;Adaptar a consentimiento, seguridad, cultura, edad, orientación/identidad, salud física y contexto relacional. No aplicar tareas de pareja si existe coerción, violencia, miedo o falta de consentimiento.
SEX_R0462;SEX_P047;SEX_T004;SEX_TA064;alta;Adaptar a consentimiento, seguridad, cultura, edad, orientación/identidad, salud física y contexto relacional. No aplicar tareas de pareja si existe coerción, violencia, miedo o falta de consentimiento.
SEX_R0463;SEX_P047;SEX_T031;SEX_TA031;media;Adaptar a consentimiento, seguridad, cultura, edad, orientación/identidad, salud física y contexto relacional. No aplicar tareas de pareja si existe coerción, violencia, miedo o falta de consentimiento.
SEX_R0464;SEX_P047;SEX_T031;SEX_TA032;media;Adaptar a consentimiento, seguridad, cultura, edad, orientación/identidad, salud física y contexto relacional. No aplicar tareas de pareja si existe coerción, violencia, miedo o falta de consentimiento.
SEX_R0465;SEX_P047;SEX_T032;SEX_TA063;alta;Adaptar a consentimiento, seguridad, cultura, edad, orientación/identidad, salud física y contexto relacional. No aplicar tareas de pareja si existe coerción, violencia, miedo o falta de consentimiento.
SEX_R0466;SEX_P047;SEX_T033;SEX_TA033;alta;Adaptar a consentimiento, seguridad, cultura, edad, orientación/identidad, salud física y contexto relacional. No aplicar tareas de pareja si existe coerción, violencia, miedo o falta de consentimiento.
SEX_R0467;SEX_P047;SEX_T033;SEX_TA058;alta;Adaptar a consentimiento, seguridad, cultura, edad, orientación/identidad, salud física y contexto relacional. No aplicar tareas de pareja si existe coerción, violencia, miedo o falta de consentimiento.
SEX_R0468;SEX_P047;SEX_T046;SEX_TA048;alta;Adaptar a consentimiento, seguridad, cultura, edad, orientación/identidad, salud física y contexto relacional. No aplicar tareas de pareja si existe coerción, violencia, miedo o falta de consentimiento.
SEX_R0469;SEX_P047;SEX_T045;SEX_TA047;media;Adaptar a consentimiento, seguridad, cultura, edad, orientación/identidad, salud física y contexto relacional. No aplicar tareas de pareja si existe coerción, violencia, miedo o falta de consentimiento.
SEX_R0470;SEX_P048;SEX_T004;SEX_TA064;alta;Adaptar a consentimiento, seguridad, cultura, edad, orientación/identidad, salud física y contexto relacional. No aplicar tareas de pareja si existe coerción, violencia, miedo o falta de consentimiento.
SEX_R0471;SEX_P048;SEX_T031;SEX_TA031;media;Adaptar a consentimiento, seguridad, cultura, edad, orientación/identidad, salud física y contexto relacional. No aplicar tareas de pareja si existe coerción, violencia, miedo o falta de consentimiento.
SEX_R0472;SEX_P048;SEX_T031;SEX_TA032;media;Adaptar a consentimiento, seguridad, cultura, edad, orientación/identidad, salud física y contexto relacional. No aplicar tareas de pareja si existe coerción, violencia, miedo o falta de consentimiento.
SEX_R0473;SEX_P048;SEX_T032;SEX_TA063;alta;Adaptar a consentimiento, seguridad, cultura, edad, orientación/identidad, salud física y contexto relacional. No aplicar tareas de pareja si existe coerción, violencia, miedo o falta de consentimiento.
SEX_R0474;SEX_P048;SEX_T033;SEX_TA033;alta;Adaptar a consentimiento, seguridad, cultura, edad, orientación/identidad, salud física y contexto relacional. No aplicar tareas de pareja si existe coerción, violencia, miedo o falta de consentimiento.
SEX_R0475;SEX_P048;SEX_T033;SEX_TA058;alta;Adaptar a consentimiento, seguridad, cultura, edad, orientación/identidad, salud física y contexto relacional. No aplicar tareas de pareja si existe coerción, violencia, miedo o falta de consentimiento.
SEX_R0476;SEX_P048;SEX_T046;SEX_TA048;alta;Adaptar a consentimiento, seguridad, cultura, edad, orientación/identidad, salud física y contexto relacional. No aplicar tareas de pareja si existe coerción, violencia, miedo o falta de consentimiento.
SEX_R0477;SEX_P048;SEX_T045;SEX_TA047;media;Adaptar a consentimiento, seguridad, cultura, edad, orientación/identidad, salud física y contexto relacional. No aplicar tareas de pareja si existe coerción, violencia, miedo o falta de consentimiento.
SEX_R0478;SEX_P049;SEX_T004;SEX_TA064;alta;Adaptar a consentimiento, seguridad, cultura, edad, orientación/identidad, salud física y contexto relacional. No aplicar tareas de pareja si existe coerción, violencia, miedo o falta de consentimiento.
SEX_R0479;SEX_P049;SEX_T031;SEX_TA031;media;Adaptar a consentimiento, seguridad, cultura, edad, orientación/identidad, salud física y contexto relacional. No aplicar tareas de pareja si existe coerción, violencia, miedo o falta de consentimiento.
SEX_R0480;SEX_P049;SEX_T031;SEX_TA032;media;Adaptar a consentimiento, seguridad, cultura, edad, orientación/identidad, salud física y contexto relacional. No aplicar tareas de pareja si existe coerción, violencia, miedo o falta de consentimiento.
SEX_R0481;SEX_P049;SEX_T032;SEX_TA063;alta;Adaptar a consentimiento, seguridad, cultura, edad, orientación/identidad, salud física y contexto relacional. No aplicar tareas de pareja si existe coerción, violencia, miedo o falta de consentimiento.
SEX_R0482;SEX_P049;SEX_T033;SEX_TA033;alta;Adaptar a consentimiento, seguridad, cultura, edad, orientación/identidad, salud física y contexto relacional. No aplicar tareas de pareja si existe coerción, violencia, miedo o falta de consentimiento.
SEX_R0483;SEX_P049;SEX_T033;SEX_TA058;alta;Adaptar a consentimiento, seguridad, cultura, edad, orientación/identidad, salud física y contexto relacional. No aplicar tareas de pareja si existe coerción, violencia, miedo o falta de consentimiento.
SEX_R0484;SEX_P049;SEX_T046;SEX_TA048;alta;Adaptar a consentimiento, seguridad, cultura, edad, orientación/identidad, salud física y contexto relacional. No aplicar tareas de pareja si existe coerción, violencia, miedo o falta de consentimiento.
SEX_R0485;SEX_P049;SEX_T045;SEX_TA047;media;Adaptar a consentimiento, seguridad, cultura, edad, orientación/identidad, salud física y contexto relacional. No aplicar tareas de pareja si existe coerción, violencia, miedo o falta de consentimiento.
SEX_R0486;SEX_P050;SEX_T004;SEX_TA064;alta;Adaptar a consentimiento, seguridad, cultura, edad, orientación/identidad, salud física y contexto relacional. No aplicar tareas de pareja si existe coerción, violencia, miedo o falta de consentimiento.
SEX_R0487;SEX_P050;SEX_T031;SEX_TA031;media;Adaptar a consentimiento, seguridad, cultura, edad, orientación/identidad, salud física y contexto relacional. No aplicar tareas de pareja si existe coerción, violencia, miedo o falta de consentimiento.
SEX_R0488;SEX_P050;SEX_T031;SEX_TA032;media;Adaptar a consentimiento, seguridad, cultura, edad, orientación/identidad, salud física y contexto relacional. No aplicar tareas de pareja si existe coerción, violencia, miedo o falta de consentimiento.
SEX_R0489;SEX_P050;SEX_T032;SEX_TA063;alta;Adaptar a consentimiento, seguridad, cultura, edad, orientación/identidad, salud física y contexto relacional. No aplicar tareas de pareja si existe coerción, violencia, miedo o falta de consentimiento.
SEX_R0490;SEX_P050;SEX_T033;SEX_TA033;alta;Adaptar a consentimiento, seguridad, cultura, edad, orientación/identidad, salud física y contexto relacional. No aplicar tareas de pareja si existe coerción, violencia, miedo o falta de consentimiento.
SEX_R0491;SEX_P050;SEX_T033;SEX_TA058;alta;Adaptar a consentimiento, seguridad, cultura, edad, orientación/identidad, salud física y contexto relacional. No aplicar tareas de pareja si existe coerción, violencia, miedo o falta de consentimiento.
SEX_R0492;SEX_P050;SEX_T046;SEX_TA048;alta;Adaptar a consentimiento, seguridad, cultura, edad, orientación/identidad, salud física y contexto relacional. No aplicar tareas de pareja si existe coerción, violencia, miedo o falta de consentimiento.
SEX_R0493;SEX_P050;SEX_T045;SEX_TA047;media;Adaptar a consentimiento, seguridad, cultura, edad, orientación/identidad, salud física y contexto relacional. No aplicar tareas de pareja si existe coerción, violencia, miedo o falta de consentimiento.
SEX_R0494;SEX_P051;SEX_T019;SEX_TA019;media;Adaptar a consentimiento, seguridad, cultura, edad, orientación/identidad, salud física y contexto relacional. No aplicar tareas de pareja si existe coerción, violencia, miedo o falta de consentimiento.
SEX_R0495;SEX_P051;SEX_T020;SEX_TA020;media;Adaptar a consentimiento, seguridad, cultura, edad, orientación/identidad, salud física y contexto relacional. No aplicar tareas de pareja si existe coerción, violencia, miedo o falta de consentimiento.
SEX_R0496;SEX_P051;SEX_T021;SEX_TA021;media;Adaptar a consentimiento, seguridad, cultura, edad, orientación/identidad, salud física y contexto relacional. No aplicar tareas de pareja si existe coerción, violencia, miedo o falta de consentimiento.
SEX_R0497;SEX_P051;SEX_T012;SEX_TA012;media;Adaptar a consentimiento, seguridad, cultura, edad, orientación/identidad, salud física y contexto relacional. No aplicar tareas de pareja si existe coerción, violencia, miedo o falta de consentimiento.
SEX_R0498;SEX_P051;SEX_T048;SEX_TA041;media;Adaptar a consentimiento, seguridad, cultura, edad, orientación/identidad, salud física y contexto relacional. No aplicar tareas de pareja si existe coerción, violencia, miedo o falta de consentimiento.
SEX_R0499;SEX_P051;SEX_T045;SEX_TA047;media;Adaptar a consentimiento, seguridad, cultura, edad, orientación/identidad, salud física y contexto relacional. No aplicar tareas de pareja si existe coerción, violencia, miedo o falta de consentimiento.
SEX_R0500;SEX_P052;SEX_T019;SEX_TA019;media;Adaptar a consentimiento, seguridad, cultura, edad, orientación/identidad, salud física y contexto relacional. No aplicar tareas de pareja si existe coerción, violencia, miedo o falta de consentimiento.
SEX_R0501;SEX_P052;SEX_T020;SEX_TA020;media;Adaptar a consentimiento, seguridad, cultura, edad, orientación/identidad, salud física y contexto relacional. No aplicar tareas de pareja si existe coerción, violencia, miedo o falta de consentimiento.
SEX_R0502;SEX_P052;SEX_T021;SEX_TA021;media;Adaptar a consentimiento, seguridad, cultura, edad, orientación/identidad, salud física y contexto relacional. No aplicar tareas de pareja si existe coerción, violencia, miedo o falta de consentimiento.
SEX_R0503;SEX_P052;SEX_T012;SEX_TA012;media;Adaptar a consentimiento, seguridad, cultura, edad, orientación/identidad, salud física y contexto relacional. No aplicar tareas de pareja si existe coerción, violencia, miedo o falta de consentimiento.
SEX_R0504;SEX_P052;SEX_T048;SEX_TA041;media;Adaptar a consentimiento, seguridad, cultura, edad, orientación/identidad, salud física y contexto relacional. No aplicar tareas de pareja si existe coerción, violencia, miedo o falta de consentimiento.
SEX_R0505;SEX_P052;SEX_T045;SEX_TA047;media;Adaptar a consentimiento, seguridad, cultura, edad, orientación/identidad, salud física y contexto relacional. No aplicar tareas de pareja si existe coerción, violencia, miedo o falta de consentimiento.
SEX_R0506;SEX_P053;SEX_T019;SEX_TA019;media;Adaptar a consentimiento, seguridad, cultura, edad, orientación/identidad, salud física y contexto relacional. No aplicar tareas de pareja si existe coerción, violencia, miedo o falta de consentimiento.
SEX_R0507;SEX_P053;SEX_T020;SEX_TA020;media;Adaptar a consentimiento, seguridad, cultura, edad, orientación/identidad, salud física y contexto relacional. No aplicar tareas de pareja si existe coerción, violencia, miedo o falta de consentimiento.
SEX_R0508;SEX_P053;SEX_T021;SEX_TA021;media;Adaptar a consentimiento, seguridad, cultura, edad, orientación/identidad, salud física y contexto relacional. No aplicar tareas de pareja si existe coerción, violencia, miedo o falta de consentimiento.
SEX_R0509;SEX_P053;SEX_T012;SEX_TA012;media;Adaptar a consentimiento, seguridad, cultura, edad, orientación/identidad, salud física y contexto relacional. No aplicar tareas de pareja si existe coerción, violencia, miedo o falta de consentimiento.
SEX_R0510;SEX_P053;SEX_T048;SEX_TA041;media;Adaptar a consentimiento, seguridad, cultura, edad, orientación/identidad, salud física y contexto relacional. No aplicar tareas de pareja si existe coerción, violencia, miedo o falta de consentimiento.
SEX_R0511;SEX_P053;SEX_T045;SEX_TA047;media;Adaptar a consentimiento, seguridad, cultura, edad, orientación/identidad, salud física y contexto relacional. No aplicar tareas de pareja si existe coerción, violencia, miedo o falta de consentimiento.
SEX_R0512;SEX_P054;SEX_T037;SEX_TA038;media;Adaptar a consentimiento, seguridad, cultura, edad, orientación/identidad, salud física y contexto relacional. No aplicar tareas de pareja si existe coerción, violencia, miedo o falta de consentimiento.
SEX_R0513;SEX_P054;SEX_T038;SEX_TA039;media;Adaptar a consentimiento, seguridad, cultura, edad, orientación/identidad, salud física y contexto relacional. No aplicar tareas de pareja si existe coerción, violencia, miedo o falta de consentimiento.
SEX_R0514;SEX_P054;SEX_T039;SEX_TA040;media;Adaptar a consentimiento, seguridad, cultura, edad, orientación/identidad, salud física y contexto relacional. No aplicar tareas de pareja si existe coerción, violencia, miedo o falta de consentimiento.
SEX_R0515;SEX_P054;SEX_T040;SEX_TA042;media;Adaptar a consentimiento, seguridad, cultura, edad, orientación/identidad, salud física y contexto relacional. No aplicar tareas de pareja si existe coerción, violencia, miedo o falta de consentimiento.
SEX_R0516;SEX_P054;SEX_T045;SEX_TA047;media;Adaptar a consentimiento, seguridad, cultura, edad, orientación/identidad, salud física y contexto relacional. No aplicar tareas de pareja si existe coerción, violencia, miedo o falta de consentimiento.
SEX_R0517;SEX_P054;SEX_T047;SEX_TA049;media;Adaptar a consentimiento, seguridad, cultura, edad, orientación/identidad, salud física y contexto relacional. No aplicar tareas de pareja si existe coerción, violencia, miedo o falta de consentimiento.
SEX_R0518;SEX_P054;SEX_T047;SEX_TA059;media;Adaptar a consentimiento, seguridad, cultura, edad, orientación/identidad, salud física y contexto relacional. No aplicar tareas de pareja si existe coerción, violencia, miedo o falta de consentimiento.
SEX_R0519;SEX_P055;SEX_T037;SEX_TA038;media;Adaptar a consentimiento, seguridad, cultura, edad, orientación/identidad, salud física y contexto relacional. No aplicar tareas de pareja si existe coerción, violencia, miedo o falta de consentimiento.
SEX_R0520;SEX_P055;SEX_T038;SEX_TA039;media;Adaptar a consentimiento, seguridad, cultura, edad, orientación/identidad, salud física y contexto relacional. No aplicar tareas de pareja si existe coerción, violencia, miedo o falta de consentimiento.
SEX_R0521;SEX_P055;SEX_T039;SEX_TA040;media;Adaptar a consentimiento, seguridad, cultura, edad, orientación/identidad, salud física y contexto relacional. No aplicar tareas de pareja si existe coerción, violencia, miedo o falta de consentimiento.
SEX_R0522;SEX_P055;SEX_T040;SEX_TA042;media;Adaptar a consentimiento, seguridad, cultura, edad, orientación/identidad, salud física y contexto relacional. No aplicar tareas de pareja si existe coerción, violencia, miedo o falta de consentimiento.
SEX_R0523;SEX_P055;SEX_T045;SEX_TA047;media;Adaptar a consentimiento, seguridad, cultura, edad, orientación/identidad, salud física y contexto relacional. No aplicar tareas de pareja si existe coerción, violencia, miedo o falta de consentimiento.
SEX_R0524;SEX_P055;SEX_T047;SEX_TA049;media;Adaptar a consentimiento, seguridad, cultura, edad, orientación/identidad, salud física y contexto relacional. No aplicar tareas de pareja si existe coerción, violencia, miedo o falta de consentimiento.
SEX_R0525;SEX_P055;SEX_T047;SEX_TA059;media;Adaptar a consentimiento, seguridad, cultura, edad, orientación/identidad, salud física y contexto relacional. No aplicar tareas de pareja si existe coerción, violencia, miedo o falta de consentimiento.
SEX_R0526;SEX_P056;SEX_T037;SEX_TA038;media;Adaptar a consentimiento, seguridad, cultura, edad, orientación/identidad, salud física y contexto relacional. No aplicar tareas de pareja si existe coerción, violencia, miedo o falta de consentimiento.
SEX_R0527;SEX_P056;SEX_T038;SEX_TA039;media;Adaptar a consentimiento, seguridad, cultura, edad, orientación/identidad, salud física y contexto relacional. No aplicar tareas de pareja si existe coerción, violencia, miedo o falta de consentimiento.
SEX_R0528;SEX_P056;SEX_T039;SEX_TA040;media;Adaptar a consentimiento, seguridad, cultura, edad, orientación/identidad, salud física y contexto relacional. No aplicar tareas de pareja si existe coerción, violencia, miedo o falta de consentimiento.
SEX_R0529;SEX_P056;SEX_T040;SEX_TA042;media;Adaptar a consentimiento, seguridad, cultura, edad, orientación/identidad, salud física y contexto relacional. No aplicar tareas de pareja si existe coerción, violencia, miedo o falta de consentimiento.
SEX_R0530;SEX_P056;SEX_T045;SEX_TA047;media;Adaptar a consentimiento, seguridad, cultura, edad, orientación/identidad, salud física y contexto relacional. No aplicar tareas de pareja si existe coerción, violencia, miedo o falta de consentimiento.
SEX_R0531;SEX_P056;SEX_T047;SEX_TA049;media;Adaptar a consentimiento, seguridad, cultura, edad, orientación/identidad, salud física y contexto relacional. No aplicar tareas de pareja si existe coerción, violencia, miedo o falta de consentimiento.
SEX_R0532;SEX_P056;SEX_T047;SEX_TA059;media;Adaptar a consentimiento, seguridad, cultura, edad, orientación/identidad, salud física y contexto relacional. No aplicar tareas de pareja si existe coerción, violencia, miedo o falta de consentimiento.
SEX_R0533;SEX_P057;SEX_T037;SEX_TA038;media;Adaptar a consentimiento, seguridad, cultura, edad, orientación/identidad, salud física y contexto relacional. No aplicar tareas de pareja si existe coerción, violencia, miedo o falta de consentimiento.
SEX_R0534;SEX_P057;SEX_T038;SEX_TA039;media;Adaptar a consentimiento, seguridad, cultura, edad, orientación/identidad, salud física y contexto relacional. No aplicar tareas de pareja si existe coerción, violencia, miedo o falta de consentimiento.
SEX_R0535;SEX_P057;SEX_T039;SEX_TA040;media;Adaptar a consentimiento, seguridad, cultura, edad, orientación/identidad, salud física y contexto relacional. No aplicar tareas de pareja si existe coerción, violencia, miedo o falta de consentimiento.
SEX_R0536;SEX_P057;SEX_T040;SEX_TA042;media;Adaptar a consentimiento, seguridad, cultura, edad, orientación/identidad, salud física y contexto relacional. No aplicar tareas de pareja si existe coerción, violencia, miedo o falta de consentimiento.
SEX_R0537;SEX_P057;SEX_T045;SEX_TA047;media;Adaptar a consentimiento, seguridad, cultura, edad, orientación/identidad, salud física y contexto relacional. No aplicar tareas de pareja si existe coerción, violencia, miedo o falta de consentimiento.
SEX_R0538;SEX_P057;SEX_T047;SEX_TA049;media;Adaptar a consentimiento, seguridad, cultura, edad, orientación/identidad, salud física y contexto relacional. No aplicar tareas de pareja si existe coerción, violencia, miedo o falta de consentimiento.
SEX_R0539;SEX_P057;SEX_T047;SEX_TA059;media;Adaptar a consentimiento, seguridad, cultura, edad, orientación/identidad, salud física y contexto relacional. No aplicar tareas de pareja si existe coerción, violencia, miedo o falta de consentimiento.
SEX_R0540;SEX_P058;SEX_T001;SEX_TA001;media;Adaptar a consentimiento, seguridad, cultura, edad, orientación/identidad, salud física y contexto relacional. No aplicar tareas de pareja si existe coerción, violencia, miedo o falta de consentimiento.
SEX_R0541;SEX_P058;SEX_T001;SEX_TA002;media;Adaptar a consentimiento, seguridad, cultura, edad, orientación/identidad, salud física y contexto relacional. No aplicar tareas de pareja si existe coerción, violencia, miedo o falta de consentimiento.
SEX_R0542;SEX_P058;SEX_T041;SEX_TA043;media;Adaptar a consentimiento, seguridad, cultura, edad, orientación/identidad, salud física y contexto relacional. No aplicar tareas de pareja si existe coerción, violencia, miedo o falta de consentimiento.
SEX_R0543;SEX_P058;SEX_T042;SEX_TA030;media;Adaptar a consentimiento, seguridad, cultura, edad, orientación/identidad, salud física y contexto relacional. No aplicar tareas de pareja si existe coerción, violencia, miedo o falta de consentimiento.
SEX_R0544;SEX_P058;SEX_T042;SEX_TA044;media;Adaptar a consentimiento, seguridad, cultura, edad, orientación/identidad, salud física y contexto relacional. No aplicar tareas de pareja si existe coerción, violencia, miedo o falta de consentimiento.
SEX_R0545;SEX_P058;SEX_T043;SEX_TA045;media;Adaptar a consentimiento, seguridad, cultura, edad, orientación/identidad, salud física y contexto relacional. No aplicar tareas de pareja si existe coerción, violencia, miedo o falta de consentimiento.
SEX_R0546;SEX_P058;SEX_T050;SEX_TA053;alta;Adaptar a consentimiento, seguridad, cultura, edad, orientación/identidad, salud física y contexto relacional. No aplicar tareas de pareja si existe coerción, violencia, miedo o falta de consentimiento.
SEX_R0547;SEX_P058;SEX_T054;SEX_TA052;media;Adaptar a consentimiento, seguridad, cultura, edad, orientación/identidad, salud física y contexto relacional. No aplicar tareas de pareja si existe coerción, violencia, miedo o falta de consentimiento.
SEX_R0548;SEX_P058;SEX_T045;SEX_TA047;media;Adaptar a consentimiento, seguridad, cultura, edad, orientación/identidad, salud física y contexto relacional. No aplicar tareas de pareja si existe coerción, violencia, miedo o falta de consentimiento.
SEX_R0549;SEX_P059;SEX_T001;SEX_TA001;media;Adaptar a consentimiento, seguridad, cultura, edad, orientación/identidad, salud física y contexto relacional. No aplicar tareas de pareja si existe coerción, violencia, miedo o falta de consentimiento.
SEX_R0550;SEX_P059;SEX_T001;SEX_TA002;media;Adaptar a consentimiento, seguridad, cultura, edad, orientación/identidad, salud física y contexto relacional. No aplicar tareas de pareja si existe coerción, violencia, miedo o falta de consentimiento.
SEX_R0551;SEX_P059;SEX_T041;SEX_TA043;media;Adaptar a consentimiento, seguridad, cultura, edad, orientación/identidad, salud física y contexto relacional. No aplicar tareas de pareja si existe coerción, violencia, miedo o falta de consentimiento.
SEX_R0552;SEX_P059;SEX_T042;SEX_TA030;media;Adaptar a consentimiento, seguridad, cultura, edad, orientación/identidad, salud física y contexto relacional. No aplicar tareas de pareja si existe coerción, violencia, miedo o falta de consentimiento.
SEX_R0553;SEX_P059;SEX_T042;SEX_TA044;media;Adaptar a consentimiento, seguridad, cultura, edad, orientación/identidad, salud física y contexto relacional. No aplicar tareas de pareja si existe coerción, violencia, miedo o falta de consentimiento.
SEX_R0554;SEX_P059;SEX_T043;SEX_TA045;media;Adaptar a consentimiento, seguridad, cultura, edad, orientación/identidad, salud física y contexto relacional. No aplicar tareas de pareja si existe coerción, violencia, miedo o falta de consentimiento.
SEX_R0555;SEX_P059;SEX_T050;SEX_TA053;alta;Adaptar a consentimiento, seguridad, cultura, edad, orientación/identidad, salud física y contexto relacional. No aplicar tareas de pareja si existe coerción, violencia, miedo o falta de consentimiento.
SEX_R0556;SEX_P059;SEX_T054;SEX_TA052;media;Adaptar a consentimiento, seguridad, cultura, edad, orientación/identidad, salud física y contexto relacional. No aplicar tareas de pareja si existe coerción, violencia, miedo o falta de consentimiento.
SEX_R0557;SEX_P059;SEX_T045;SEX_TA047;media;Adaptar a consentimiento, seguridad, cultura, edad, orientación/identidad, salud física y contexto relacional. No aplicar tareas de pareja si existe coerción, violencia, miedo o falta de consentimiento.
SEX_R0558;SEX_P060;SEX_T001;SEX_TA001;media;Adaptar a consentimiento, seguridad, cultura, edad, orientación/identidad, salud física y contexto relacional. No aplicar tareas de pareja si existe coerción, violencia, miedo o falta de consentimiento.
SEX_R0559;SEX_P060;SEX_T001;SEX_TA002;media;Adaptar a consentimiento, seguridad, cultura, edad, orientación/identidad, salud física y contexto relacional. No aplicar tareas de pareja si existe coerción, violencia, miedo o falta de consentimiento.
SEX_R0560;SEX_P060;SEX_T041;SEX_TA043;media;Adaptar a consentimiento, seguridad, cultura, edad, orientación/identidad, salud física y contexto relacional. No aplicar tareas de pareja si existe coerción, violencia, miedo o falta de consentimiento.
SEX_R0561;SEX_P060;SEX_T042;SEX_TA030;media;Adaptar a consentimiento, seguridad, cultura, edad, orientación/identidad, salud física y contexto relacional. No aplicar tareas de pareja si existe coerción, violencia, miedo o falta de consentimiento.
SEX_R0562;SEX_P060;SEX_T042;SEX_TA044;media;Adaptar a consentimiento, seguridad, cultura, edad, orientación/identidad, salud física y contexto relacional. No aplicar tareas de pareja si existe coerción, violencia, miedo o falta de consentimiento.
SEX_R0563;SEX_P060;SEX_T043;SEX_TA045;media;Adaptar a consentimiento, seguridad, cultura, edad, orientación/identidad, salud física y contexto relacional. No aplicar tareas de pareja si existe coerción, violencia, miedo o falta de consentimiento.
SEX_R0564;SEX_P060;SEX_T050;SEX_TA053;alta;Adaptar a consentimiento, seguridad, cultura, edad, orientación/identidad, salud física y contexto relacional. No aplicar tareas de pareja si existe coerción, violencia, miedo o falta de consentimiento.
SEX_R0565;SEX_P060;SEX_T054;SEX_TA052;media;Adaptar a consentimiento, seguridad, cultura, edad, orientación/identidad, salud física y contexto relacional. No aplicar tareas de pareja si existe coerción, violencia, miedo o falta de consentimiento.
SEX_R0566;SEX_P060;SEX_T045;SEX_TA047;media;Adaptar a consentimiento, seguridad, cultura, edad, orientación/identidad, salud física y contexto relacional. No aplicar tareas de pareja si existe coerción, violencia, miedo o falta de consentimiento.
SEX_R0567;SEX_P061;SEX_T001;SEX_TA001;media;Adaptar a consentimiento, seguridad, cultura, edad, orientación/identidad, salud física y contexto relacional. No aplicar tareas de pareja si existe coerción, violencia, miedo o falta de consentimiento.
SEX_R0568;SEX_P061;SEX_T001;SEX_TA002;media;Adaptar a consentimiento, seguridad, cultura, edad, orientación/identidad, salud física y contexto relacional. No aplicar tareas de pareja si existe coerción, violencia, miedo o falta de consentimiento.
SEX_R0569;SEX_P061;SEX_T041;SEX_TA043;media;Adaptar a consentimiento, seguridad, cultura, edad, orientación/identidad, salud física y contexto relacional. No aplicar tareas de pareja si existe coerción, violencia, miedo o falta de consentimiento.
SEX_R0570;SEX_P061;SEX_T042;SEX_TA030;media;Adaptar a consentimiento, seguridad, cultura, edad, orientación/identidad, salud física y contexto relacional. No aplicar tareas de pareja si existe coerción, violencia, miedo o falta de consentimiento.
SEX_R0571;SEX_P061;SEX_T042;SEX_TA044;media;Adaptar a consentimiento, seguridad, cultura, edad, orientación/identidad, salud física y contexto relacional. No aplicar tareas de pareja si existe coerción, violencia, miedo o falta de consentimiento.
SEX_R0572;SEX_P061;SEX_T043;SEX_TA045;media;Adaptar a consentimiento, seguridad, cultura, edad, orientación/identidad, salud física y contexto relacional. No aplicar tareas de pareja si existe coerción, violencia, miedo o falta de consentimiento.
SEX_R0573;SEX_P061;SEX_T050;SEX_TA053;alta;Adaptar a consentimiento, seguridad, cultura, edad, orientación/identidad, salud física y contexto relacional. No aplicar tareas de pareja si existe coerción, violencia, miedo o falta de consentimiento.
SEX_R0574;SEX_P061;SEX_T054;SEX_TA052;media;Adaptar a consentimiento, seguridad, cultura, edad, orientación/identidad, salud física y contexto relacional. No aplicar tareas de pareja si existe coerción, violencia, miedo o falta de consentimiento.
SEX_R0575;SEX_P061;SEX_T045;SEX_TA047;media;Adaptar a consentimiento, seguridad, cultura, edad, orientación/identidad, salud física y contexto relacional. No aplicar tareas de pareja si existe coerción, violencia, miedo o falta de consentimiento.
SEX_R0576;SEX_P062;SEX_T001;SEX_TA001;media;Adaptar a consentimiento, seguridad, cultura, edad, orientación/identidad, salud física y contexto relacional. No aplicar tareas de pareja si existe coerción, violencia, miedo o falta de consentimiento.
SEX_R0577;SEX_P062;SEX_T001;SEX_TA002;media;Adaptar a consentimiento, seguridad, cultura, edad, orientación/identidad, salud física y contexto relacional. No aplicar tareas de pareja si existe coerción, violencia, miedo o falta de consentimiento.
SEX_R0578;SEX_P062;SEX_T041;SEX_TA043;media;Adaptar a consentimiento, seguridad, cultura, edad, orientación/identidad, salud física y contexto relacional. No aplicar tareas de pareja si existe coerción, violencia, miedo o falta de consentimiento.
SEX_R0579;SEX_P062;SEX_T042;SEX_TA030;media;Adaptar a consentimiento, seguridad, cultura, edad, orientación/identidad, salud física y contexto relacional. No aplicar tareas de pareja si existe coerción, violencia, miedo o falta de consentimiento.
SEX_R0580;SEX_P062;SEX_T042;SEX_TA044;media;Adaptar a consentimiento, seguridad, cultura, edad, orientación/identidad, salud física y contexto relacional. No aplicar tareas de pareja si existe coerción, violencia, miedo o falta de consentimiento.
SEX_R0581;SEX_P062;SEX_T043;SEX_TA045;media;Adaptar a consentimiento, seguridad, cultura, edad, orientación/identidad, salud física y contexto relacional. No aplicar tareas de pareja si existe coerción, violencia, miedo o falta de consentimiento.
SEX_R0582;SEX_P062;SEX_T050;SEX_TA053;alta;Adaptar a consentimiento, seguridad, cultura, edad, orientación/identidad, salud física y contexto relacional. No aplicar tareas de pareja si existe coerción, violencia, miedo o falta de consentimiento.
SEX_R0583;SEX_P062;SEX_T054;SEX_TA052;media;Adaptar a consentimiento, seguridad, cultura, edad, orientación/identidad, salud física y contexto relacional. No aplicar tareas de pareja si existe coerción, violencia, miedo o falta de consentimiento.
SEX_R0584;SEX_P062;SEX_T045;SEX_TA047;media;Adaptar a consentimiento, seguridad, cultura, edad, orientación/identidad, salud física y contexto relacional. No aplicar tareas de pareja si existe coerción, violencia, miedo o falta de consentimiento.
SEX_R0585;SEX_P063;SEX_T002;SEX_TA003;media;Adaptar a consentimiento, seguridad, cultura, edad, orientación/identidad, salud física y contexto relacional. No aplicar tareas de pareja si existe coerción, violencia, miedo o falta de consentimiento.
SEX_R0586;SEX_P063;SEX_T002;SEX_TA056;media;Adaptar a consentimiento, seguridad, cultura, edad, orientación/identidad, salud física y contexto relacional. No aplicar tareas de pareja si existe coerción, violencia, miedo o falta de consentimiento.
SEX_R0587;SEX_P063;SEX_T005;SEX_TA005;alta;Adaptar a consentimiento, seguridad, cultura, edad, orientación/identidad, salud física y contexto relacional. No aplicar tareas de pareja si existe coerción, violencia, miedo o falta de consentimiento.
SEX_R0588;SEX_P063;SEX_T041;SEX_TA043;media;Adaptar a consentimiento, seguridad, cultura, edad, orientación/identidad, salud física y contexto relacional. No aplicar tareas de pareja si existe coerción, violencia, miedo o falta de consentimiento.
SEX_R0589;SEX_P063;SEX_T042;SEX_TA030;media;Adaptar a consentimiento, seguridad, cultura, edad, orientación/identidad, salud física y contexto relacional. No aplicar tareas de pareja si existe coerción, violencia, miedo o falta de consentimiento.
SEX_R0590;SEX_P063;SEX_T042;SEX_TA044;media;Adaptar a consentimiento, seguridad, cultura, edad, orientación/identidad, salud física y contexto relacional. No aplicar tareas de pareja si existe coerción, violencia, miedo o falta de consentimiento.
SEX_R0591;SEX_P063;SEX_T046;SEX_TA048;alta;Adaptar a consentimiento, seguridad, cultura, edad, orientación/identidad, salud física y contexto relacional. No aplicar tareas de pareja si existe coerción, violencia, miedo o falta de consentimiento.
SEX_R0592;SEX_P063;SEX_T050;SEX_TA053;alta;Adaptar a consentimiento, seguridad, cultura, edad, orientación/identidad, salud física y contexto relacional. No aplicar tareas de pareja si existe coerción, violencia, miedo o falta de consentimiento.
SEX_R0593;SEX_P063;SEX_T045;SEX_TA047;media;Adaptar a consentimiento, seguridad, cultura, edad, orientación/identidad, salud física y contexto relacional. No aplicar tareas de pareja si existe coerción, violencia, miedo o falta de consentimiento.
SEX_R0594;SEX_P064;SEX_T002;SEX_TA003;media;Adaptar a consentimiento, seguridad, cultura, edad, orientación/identidad, salud física y contexto relacional. No aplicar tareas de pareja si existe coerción, violencia, miedo o falta de consentimiento.
SEX_R0595;SEX_P064;SEX_T002;SEX_TA056;media;Adaptar a consentimiento, seguridad, cultura, edad, orientación/identidad, salud física y contexto relacional. No aplicar tareas de pareja si existe coerción, violencia, miedo o falta de consentimiento.
SEX_R0596;SEX_P064;SEX_T005;SEX_TA005;alta;Adaptar a consentimiento, seguridad, cultura, edad, orientación/identidad, salud física y contexto relacional. No aplicar tareas de pareja si existe coerción, violencia, miedo o falta de consentimiento.
SEX_R0597;SEX_P064;SEX_T041;SEX_TA043;media;Adaptar a consentimiento, seguridad, cultura, edad, orientación/identidad, salud física y contexto relacional. No aplicar tareas de pareja si existe coerción, violencia, miedo o falta de consentimiento.
SEX_R0598;SEX_P064;SEX_T042;SEX_TA030;media;Adaptar a consentimiento, seguridad, cultura, edad, orientación/identidad, salud física y contexto relacional. No aplicar tareas de pareja si existe coerción, violencia, miedo o falta de consentimiento.
SEX_R0599;SEX_P064;SEX_T042;SEX_TA044;media;Adaptar a consentimiento, seguridad, cultura, edad, orientación/identidad, salud física y contexto relacional. No aplicar tareas de pareja si existe coerción, violencia, miedo o falta de consentimiento.
SEX_R0600;SEX_P064;SEX_T046;SEX_TA048;alta;Adaptar a consentimiento, seguridad, cultura, edad, orientación/identidad, salud física y contexto relacional. No aplicar tareas de pareja si existe coerción, violencia, miedo o falta de consentimiento.
SEX_R0601;SEX_P064;SEX_T050;SEX_TA053;alta;Adaptar a consentimiento, seguridad, cultura, edad, orientación/identidad, salud física y contexto relacional. No aplicar tareas de pareja si existe coerción, violencia, miedo o falta de consentimiento.
SEX_R0602;SEX_P064;SEX_T045;SEX_TA047;media;Adaptar a consentimiento, seguridad, cultura, edad, orientación/identidad, salud física y contexto relacional. No aplicar tareas de pareja si existe coerción, violencia, miedo o falta de consentimiento.
SEX_R0603;SEX_P065;SEX_T002;SEX_TA003;media;Adaptar a consentimiento, seguridad, cultura, edad, orientación/identidad, salud física y contexto relacional. No aplicar tareas de pareja si existe coerción, violencia, miedo o falta de consentimiento.
SEX_R0604;SEX_P065;SEX_T002;SEX_TA056;media;Adaptar a consentimiento, seguridad, cultura, edad, orientación/identidad, salud física y contexto relacional. No aplicar tareas de pareja si existe coerción, violencia, miedo o falta de consentimiento.
SEX_R0605;SEX_P065;SEX_T005;SEX_TA005;alta;Adaptar a consentimiento, seguridad, cultura, edad, orientación/identidad, salud física y contexto relacional. No aplicar tareas de pareja si existe coerción, violencia, miedo o falta de consentimiento.
SEX_R0606;SEX_P065;SEX_T041;SEX_TA043;media;Adaptar a consentimiento, seguridad, cultura, edad, orientación/identidad, salud física y contexto relacional. No aplicar tareas de pareja si existe coerción, violencia, miedo o falta de consentimiento.
SEX_R0607;SEX_P065;SEX_T042;SEX_TA030;media;Adaptar a consentimiento, seguridad, cultura, edad, orientación/identidad, salud física y contexto relacional. No aplicar tareas de pareja si existe coerción, violencia, miedo o falta de consentimiento.
SEX_R0608;SEX_P065;SEX_T042;SEX_TA044;media;Adaptar a consentimiento, seguridad, cultura, edad, orientación/identidad, salud física y contexto relacional. No aplicar tareas de pareja si existe coerción, violencia, miedo o falta de consentimiento.
SEX_R0609;SEX_P065;SEX_T046;SEX_TA048;alta;Adaptar a consentimiento, seguridad, cultura, edad, orientación/identidad, salud física y contexto relacional. No aplicar tareas de pareja si existe coerción, violencia, miedo o falta de consentimiento.
SEX_R0610;SEX_P065;SEX_T050;SEX_TA053;alta;Adaptar a consentimiento, seguridad, cultura, edad, orientación/identidad, salud física y contexto relacional. No aplicar tareas de pareja si existe coerción, violencia, miedo o falta de consentimiento.
SEX_R0611;SEX_P065;SEX_T045;SEX_TA047;media;Adaptar a consentimiento, seguridad, cultura, edad, orientación/identidad, salud física y contexto relacional. No aplicar tareas de pareja si existe coerción, violencia, miedo o falta de consentimiento.
SEX_R0612;SEX_P066;SEX_T002;SEX_TA003;media;Adaptar a consentimiento, seguridad, cultura, edad, orientación/identidad, salud física y contexto relacional. No aplicar tareas de pareja si existe coerción, violencia, miedo o falta de consentimiento.
SEX_R0613;SEX_P066;SEX_T002;SEX_TA056;media;Adaptar a consentimiento, seguridad, cultura, edad, orientación/identidad, salud física y contexto relacional. No aplicar tareas de pareja si existe coerción, violencia, miedo o falta de consentimiento.
SEX_R0614;SEX_P066;SEX_T005;SEX_TA005;alta;Adaptar a consentimiento, seguridad, cultura, edad, orientación/identidad, salud física y contexto relacional. No aplicar tareas de pareja si existe coerción, violencia, miedo o falta de consentimiento.
SEX_R0615;SEX_P066;SEX_T041;SEX_TA043;media;Adaptar a consentimiento, seguridad, cultura, edad, orientación/identidad, salud física y contexto relacional. No aplicar tareas de pareja si existe coerción, violencia, miedo o falta de consentimiento.
SEX_R0616;SEX_P066;SEX_T042;SEX_TA030;media;Adaptar a consentimiento, seguridad, cultura, edad, orientación/identidad, salud física y contexto relacional. No aplicar tareas de pareja si existe coerción, violencia, miedo o falta de consentimiento.
SEX_R0617;SEX_P066;SEX_T042;SEX_TA044;media;Adaptar a consentimiento, seguridad, cultura, edad, orientación/identidad, salud física y contexto relacional. No aplicar tareas de pareja si existe coerción, violencia, miedo o falta de consentimiento.
SEX_R0618;SEX_P066;SEX_T046;SEX_TA048;alta;Adaptar a consentimiento, seguridad, cultura, edad, orientación/identidad, salud física y contexto relacional. No aplicar tareas de pareja si existe coerción, violencia, miedo o falta de consentimiento.
SEX_R0619;SEX_P066;SEX_T050;SEX_TA053;alta;Adaptar a consentimiento, seguridad, cultura, edad, orientación/identidad, salud física y contexto relacional. No aplicar tareas de pareja si existe coerción, violencia, miedo o falta de consentimiento.
SEX_R0620;SEX_P066;SEX_T045;SEX_TA047;media;Adaptar a consentimiento, seguridad, cultura, edad, orientación/identidad, salud física y contexto relacional. No aplicar tareas de pareja si existe coerción, violencia, miedo o falta de consentimiento.
SEX_R0621;SEX_P067;SEX_T016;SEX_TA016;media;Adaptar a consentimiento, seguridad, cultura, edad, orientación/identidad, salud física y contexto relacional. No aplicar tareas de pareja si existe coerción, violencia, miedo o falta de consentimiento.
SEX_R0622;SEX_P067;SEX_T022;SEX_TA022;media;Adaptar a consentimiento, seguridad, cultura, edad, orientación/identidad, salud física y contexto relacional. No aplicar tareas de pareja si existe coerción, violencia, miedo o falta de consentimiento.
SEX_R0623;SEX_P067;SEX_T040;SEX_TA042;media;Adaptar a consentimiento, seguridad, cultura, edad, orientación/identidad, salud física y contexto relacional. No aplicar tareas de pareja si existe coerción, violencia, miedo o falta de consentimiento.
SEX_R0624;SEX_P067;SEX_T044;SEX_TA046;media;Adaptar a consentimiento, seguridad, cultura, edad, orientación/identidad, salud física y contexto relacional. No aplicar tareas de pareja si existe coerción, violencia, miedo o falta de consentimiento.
SEX_R0625;SEX_P067;SEX_T048;SEX_TA041;media;Adaptar a consentimiento, seguridad, cultura, edad, orientación/identidad, salud física y contexto relacional. No aplicar tareas de pareja si existe coerción, violencia, miedo o falta de consentimiento.
SEX_R0626;SEX_P067;SEX_T045;SEX_TA047;media;Adaptar a consentimiento, seguridad, cultura, edad, orientación/identidad, salud física y contexto relacional. No aplicar tareas de pareja si existe coerción, violencia, miedo o falta de consentimiento.
SEX_R0627;SEX_P068;SEX_T016;SEX_TA016;media;Adaptar a consentimiento, seguridad, cultura, edad, orientación/identidad, salud física y contexto relacional. No aplicar tareas de pareja si existe coerción, violencia, miedo o falta de consentimiento.
SEX_R0628;SEX_P068;SEX_T022;SEX_TA022;media;Adaptar a consentimiento, seguridad, cultura, edad, orientación/identidad, salud física y contexto relacional. No aplicar tareas de pareja si existe coerción, violencia, miedo o falta de consentimiento.
SEX_R0629;SEX_P068;SEX_T040;SEX_TA042;media;Adaptar a consentimiento, seguridad, cultura, edad, orientación/identidad, salud física y contexto relacional. No aplicar tareas de pareja si existe coerción, violencia, miedo o falta de consentimiento.
SEX_R0630;SEX_P068;SEX_T044;SEX_TA046;media;Adaptar a consentimiento, seguridad, cultura, edad, orientación/identidad, salud física y contexto relacional. No aplicar tareas de pareja si existe coerción, violencia, miedo o falta de consentimiento.
SEX_R0631;SEX_P068;SEX_T048;SEX_TA041;media;Adaptar a consentimiento, seguridad, cultura, edad, orientación/identidad, salud física y contexto relacional. No aplicar tareas de pareja si existe coerción, violencia, miedo o falta de consentimiento.
SEX_R0632;SEX_P068;SEX_T045;SEX_TA047;media;Adaptar a consentimiento, seguridad, cultura, edad, orientación/identidad, salud física y contexto relacional. No aplicar tareas de pareja si existe coerción, violencia, miedo o falta de consentimiento.
SEX_R0633;SEX_P069;SEX_T016;SEX_TA016;media;Adaptar a consentimiento, seguridad, cultura, edad, orientación/identidad, salud física y contexto relacional. No aplicar tareas de pareja si existe coerción, violencia, miedo o falta de consentimiento.
SEX_R0634;SEX_P069;SEX_T022;SEX_TA022;media;Adaptar a consentimiento, seguridad, cultura, edad, orientación/identidad, salud física y contexto relacional. No aplicar tareas de pareja si existe coerción, violencia, miedo o falta de consentimiento.
SEX_R0635;SEX_P069;SEX_T040;SEX_TA042;media;Adaptar a consentimiento, seguridad, cultura, edad, orientación/identidad, salud física y contexto relacional. No aplicar tareas de pareja si existe coerción, violencia, miedo o falta de consentimiento.
SEX_R0636;SEX_P069;SEX_T044;SEX_TA046;media;Adaptar a consentimiento, seguridad, cultura, edad, orientación/identidad, salud física y contexto relacional. No aplicar tareas de pareja si existe coerción, violencia, miedo o falta de consentimiento.
SEX_R0637;SEX_P069;SEX_T048;SEX_TA041;media;Adaptar a consentimiento, seguridad, cultura, edad, orientación/identidad, salud física y contexto relacional. No aplicar tareas de pareja si existe coerción, violencia, miedo o falta de consentimiento.
SEX_R0638;SEX_P069;SEX_T045;SEX_TA047;media;Adaptar a consentimiento, seguridad, cultura, edad, orientación/identidad, salud física y contexto relacional. No aplicar tareas de pareja si existe coerción, violencia, miedo o falta de consentimiento.
SEX_R0639;SEX_P070;SEX_T016;SEX_TA016;media;Adaptar a consentimiento, seguridad, cultura, edad, orientación/identidad, salud física y contexto relacional. No aplicar tareas de pareja si existe coerción, violencia, miedo o falta de consentimiento.
SEX_R0640;SEX_P070;SEX_T022;SEX_TA022;media;Adaptar a consentimiento, seguridad, cultura, edad, orientación/identidad, salud física y contexto relacional. No aplicar tareas de pareja si existe coerción, violencia, miedo o falta de consentimiento.
SEX_R0641;SEX_P070;SEX_T040;SEX_TA042;media;Adaptar a consentimiento, seguridad, cultura, edad, orientación/identidad, salud física y contexto relacional. No aplicar tareas de pareja si existe coerción, violencia, miedo o falta de consentimiento.
SEX_R0642;SEX_P070;SEX_T044;SEX_TA046;media;Adaptar a consentimiento, seguridad, cultura, edad, orientación/identidad, salud física y contexto relacional. No aplicar tareas de pareja si existe coerción, violencia, miedo o falta de consentimiento.
SEX_R0643;SEX_P070;SEX_T048;SEX_TA041;media;Adaptar a consentimiento, seguridad, cultura, edad, orientación/identidad, salud física y contexto relacional. No aplicar tareas de pareja si existe coerción, violencia, miedo o falta de consentimiento.
SEX_R0644;SEX_P070;SEX_T045;SEX_TA047;media;Adaptar a consentimiento, seguridad, cultura, edad, orientación/identidad, salud física y contexto relacional. No aplicar tareas de pareja si existe coerción, violencia, miedo o falta de consentimiento.
