AREA;PROBLEMA_OBJETIVO;DESCRIPCION_PROBLEMA;POBLACION;TIPO_INTERVENCION_PROBLEMA;RIESGO_PROBLEMA;FUENTE_IDS;TECNICA_METODO;DESCRIPCION_TECNICA;RIESGO_TECNICA;TIPO_INTERVENCION_TECNICA;TAREA_PAUTA;DESCRIPCION_TAREA;OBJETIVO_TAREA;RIESGO_TAREA;DURACION;TIPO_INTERVENCION_TAREA;PRIORIDAD;NOTA_PROFESIONAL
Salud sexual integral;Consulta de educación sexual general;Necesidad de información fiable y personalizada sobre sexualidad, respuesta sexual, placer, autocuidado y seguridad.;adultos/adolescentes;educativa;bajo;"SEX_SRC001;SEX_SRC002;SEX_SRC003";Psicoeducación sexual basada en evidencia;Explicar sexualidad, respuesta sexual, variabilidad, placer, consentimiento y seguridad sin patologizar.;bajo;educativa;Rueda de salud sexual personal;Completar áreas de bienestar, dudas, límites, valores y objetivos sexuales.;Clarificar demanda y objetivos.;bajo;20-30 min;individual;media;Adaptar a consentimiento, seguridad, cultura, edad, orientación/identidad, salud física y contexto relacional. No aplicar tareas de pareja si existe coerción, violencia, miedo o falta de consentimiento.
Salud sexual integral;Consulta de educación sexual general;Necesidad de información fiable y personalizada sobre sexualidad, respuesta sexual, placer, autocuidado y seguridad.;adultos/adolescentes;educativa;bajo;"SEX_SRC001;SEX_SRC002;SEX_SRC003";Psicoeducación sexual basada en evidencia;Explicar sexualidad, respuesta sexual, variabilidad, placer, consentimiento y seguridad sin patologizar.;bajo;educativa;Lista de dudas para consulta;Anotar dudas de sexualidad, salud, prevención o relación para revisar en sesión.;Facilitar conversación profesional.;bajo;10 min;individual;media;Adaptar a consentimiento, seguridad, cultura, edad, orientación/identidad, salud física y contexto relacional. No aplicar tareas de pareja si existe coerción, violencia, miedo o falta de consentimiento.
Salud sexual integral;Consulta de educación sexual general;Necesidad de información fiable y personalizada sobre sexualidad, respuesta sexual, placer, autocuidado y seguridad.;adultos/adolescentes;educativa;bajo;"SEX_SRC001;SEX_SRC002;SEX_SRC003";Modelo biopsicosocial sexual;Analizar factores físicos, psicológicos, relacionales, culturales y contextuales.;bajo;individual/pareja;Mapa biopsicosocial sexual;Registrar factores físicos, emocionales, relacionales, culturales y contextuales.;Comprender el problema sin reducirlo a una causa única.;bajo;30 min;individual/pareja;media;Adaptar a consentimiento, seguridad, cultura, edad, orientación/identidad, salud física y contexto relacional. No aplicar tareas de pareja si existe coerción, violencia, miedo o falta de consentimiento.
Salud sexual integral;Consulta de educación sexual general;Necesidad de información fiable y personalizada sobre sexualidad, respuesta sexual, placer, autocuidado y seguridad.;adultos/adolescentes;educativa;bajo;"SEX_SRC001;SEX_SRC002;SEX_SRC003";Modelo biopsicosocial sexual;Analizar factores físicos, psicológicos, relacionales, culturales y contextuales.;bajo;individual/pareja;Registro de prácticas de autocuidado sexual;Registrar sueño, estrés, actividad física, consumo, salud y estado emocional.;Detectar factores generales.;bajo;7 días;individual;media;Adaptar a consentimiento, seguridad, cultura, edad, orientación/identidad, salud física y contexto relacional. No aplicar tareas de pareja si existe coerción, violencia, miedo o falta de consentimiento.
Salud sexual integral;Consulta de educación sexual general;Necesidad de información fiable y personalizada sobre sexualidad, respuesta sexual, placer, autocuidado y seguridad.;adultos/adolescentes;educativa;bajo;"SEX_SRC001;SEX_SRC002;SEX_SRC003";Historia sexual clínica estructurada;Recoger motivo, historia, salud, medicación, relación, dolor, seguridad y objetivos.;medio;clínica;Historia sexual segura y gradual;Completar cronología básica de experiencias, aprendizajes, salud y cambios, sin detalles innecesarios.;Organizar información clínica.;medio;sesión;individual;media;Adaptar a consentimiento, seguridad, cultura, edad, orientación/identidad, salud física y contexto relacional. No aplicar tareas de pareja si existe coerción, violencia, miedo o falta de consentimiento.
Salud sexual integral;Consulta de educación sexual general;Necesidad de información fiable y personalizada sobre sexualidad, respuesta sexual, placer, autocuidado y seguridad.;adultos/adolescentes;educativa;bajo;"SEX_SRC001;SEX_SRC002;SEX_SRC003";Educación sexual inclusiva;Información adaptada, respetuosa y no discriminatoria sobre sexualidad y diversidad.;bajo;educativa;Material inclusivo de educación sexual;Seleccionar recursos adaptados a orientación, identidad, cultura y capacidad.;Mejorar información respetuosa.;bajo;variable;educativa;media;Adaptar a consentimiento, seguridad, cultura, edad, orientación/identidad, salud física y contexto relacional. No aplicar tareas de pareja si existe coerción, violencia, miedo o falta de consentimiento.
Salud sexual integral;Consulta de educación sexual general;Necesidad de información fiable y personalizada sobre sexualidad, respuesta sexual, placer, autocuidado y seguridad.;adultos/adolescentes;educativa;bajo;"SEX_SRC001;SEX_SRC002;SEX_SRC003";Prevención sexual y autocuidado;Información sobre pruebas, barreras, anticoncepción, comunicación y reducción de riesgos.;medio;educativa;Plan de prevención y pruebas;Definir pruebas, barreras, comunicación, calendario y recursos sanitarios.;Reducir riesgo y ansiedad.;medio;20 min;educativa;media;Adaptar a consentimiento, seguridad, cultura, edad, orientación/identidad, salud física y contexto relacional. No aplicar tareas de pareja si existe coerción, violencia, miedo o falta de consentimiento.
Salud sexual integral;Consulta de educación sexual general;Necesidad de información fiable y personalizada sobre sexualidad, respuesta sexual, placer, autocuidado y seguridad.;adultos/adolescentes;educativa;bajo;"SEX_SRC001;SEX_SRC002;SEX_SRC003";Plan de prevención de recaídas;Detectar señales tempranas, barreras, acuerdos y estrategias de mantenimiento.;bajo;individual/pareja;Plan de mantenimiento;Señales tempranas, estrategias útiles, acuerdos y fecha de revisión.;Prevenir recaídas.;bajo;mensual;individual/pareja;media;Adaptar a consentimiento, seguridad, cultura, edad, orientación/identidad, salud física y contexto relacional. No aplicar tareas de pareja si existe coerción, violencia, miedo o falta de consentimiento.
Salud sexual integral;Dudas sobre prácticas seguras y autocuidado;Necesidad de comprender prevención, pruebas, comunicación y reducción de riesgos sexuales.;adultos/adolescentes;educativa;medio;"SEX_SRC001;SEX_SRC015";Psicoeducación sexual basada en evidencia;Explicar sexualidad, respuesta sexual, variabilidad, placer, consentimiento y seguridad sin patologizar.;bajo;educativa;Rueda de salud sexual personal;Completar áreas de bienestar, dudas, límites, valores y objetivos sexuales.;Clarificar demanda y objetivos.;bajo;20-30 min;individual;media;Adaptar a consentimiento, seguridad, cultura, edad, orientación/identidad, salud física y contexto relacional. No aplicar tareas de pareja si existe coerción, violencia, miedo o falta de consentimiento.
Salud sexual integral;Dudas sobre prácticas seguras y autocuidado;Necesidad de comprender prevención, pruebas, comunicación y reducción de riesgos sexuales.;adultos/adolescentes;educativa;medio;"SEX_SRC001;SEX_SRC015";Psicoeducación sexual basada en evidencia;Explicar sexualidad, respuesta sexual, variabilidad, placer, consentimiento y seguridad sin patologizar.;bajo;educativa;Lista de dudas para consulta;Anotar dudas de sexualidad, salud, prevención o relación para revisar en sesión.;Facilitar conversación profesional.;bajo;10 min;individual;media;Adaptar a consentimiento, seguridad, cultura, edad, orientación/identidad, salud física y contexto relacional. No aplicar tareas de pareja si existe coerción, violencia, miedo o falta de consentimiento.
Salud sexual integral;Dudas sobre prácticas seguras y autocuidado;Necesidad de comprender prevención, pruebas, comunicación y reducción de riesgos sexuales.;adultos/adolescentes;educativa;medio;"SEX_SRC001;SEX_SRC015";Modelo biopsicosocial sexual;Analizar factores físicos, psicológicos, relacionales, culturales y contextuales.;bajo;individual/pareja;Mapa biopsicosocial sexual;Registrar factores físicos, emocionales, relacionales, culturales y contextuales.;Comprender el problema sin reducirlo a una causa única.;bajo;30 min;individual/pareja;media;Adaptar a consentimiento, seguridad, cultura, edad, orientación/identidad, salud física y contexto relacional. No aplicar tareas de pareja si existe coerción, violencia, miedo o falta de consentimiento.
Salud sexual integral;Dudas sobre prácticas seguras y autocuidado;Necesidad de comprender prevención, pruebas, comunicación y reducción de riesgos sexuales.;adultos/adolescentes;educativa;medio;"SEX_SRC001;SEX_SRC015";Modelo biopsicosocial sexual;Analizar factores físicos, psicológicos, relacionales, culturales y contextuales.;bajo;individual/pareja;Registro de prácticas de autocuidado sexual;Registrar sueño, estrés, actividad física, consumo, salud y estado emocional.;Detectar factores generales.;bajo;7 días;individual;media;Adaptar a consentimiento, seguridad, cultura, edad, orientación/identidad, salud física y contexto relacional. No aplicar tareas de pareja si existe coerción, violencia, miedo o falta de consentimiento.
Salud sexual integral;Dudas sobre prácticas seguras y autocuidado;Necesidad de comprender prevención, pruebas, comunicación y reducción de riesgos sexuales.;adultos/adolescentes;educativa;medio;"SEX_SRC001;SEX_SRC015";Historia sexual clínica estructurada;Recoger motivo, historia, salud, medicación, relación, dolor, seguridad y objetivos.;medio;clínica;Historia sexual segura y gradual;Completar cronología básica de experiencias, aprendizajes, salud y cambios, sin detalles innecesarios.;Organizar información clínica.;medio;sesión;individual;media;Adaptar a consentimiento, seguridad, cultura, edad, orientación/identidad, salud física y contexto relacional. No aplicar tareas de pareja si existe coerción, violencia, miedo o falta de consentimiento.
Salud sexual integral;Dudas sobre prácticas seguras y autocuidado;Necesidad de comprender prevención, pruebas, comunicación y reducción de riesgos sexuales.;adultos/adolescentes;educativa;medio;"SEX_SRC001;SEX_SRC015";Educación sexual inclusiva;Información adaptada, respetuosa y no discriminatoria sobre sexualidad y diversidad.;bajo;educativa;Material inclusivo de educación sexual;Seleccionar recursos adaptados a orientación, identidad, cultura y capacidad.;Mejorar información respetuosa.;bajo;variable;educativa;media;Adaptar a consentimiento, seguridad, cultura, edad, orientación/identidad, salud física y contexto relacional. No aplicar tareas de pareja si existe coerción, violencia, miedo o falta de consentimiento.
Salud sexual integral;Dudas sobre prácticas seguras y autocuidado;Necesidad de comprender prevención, pruebas, comunicación y reducción de riesgos sexuales.;adultos/adolescentes;educativa;medio;"SEX_SRC001;SEX_SRC015";Prevención sexual y autocuidado;Información sobre pruebas, barreras, anticoncepción, comunicación y reducción de riesgos.;medio;educativa;Plan de prevención y pruebas;Definir pruebas, barreras, comunicación, calendario y recursos sanitarios.;Reducir riesgo y ansiedad.;medio;20 min;educativa;media;Adaptar a consentimiento, seguridad, cultura, edad, orientación/identidad, salud física y contexto relacional. No aplicar tareas de pareja si existe coerción, violencia, miedo o falta de consentimiento.
Salud sexual integral;Dudas sobre prácticas seguras y autocuidado;Necesidad de comprender prevención, pruebas, comunicación y reducción de riesgos sexuales.;adultos/adolescentes;educativa;medio;"SEX_SRC001;SEX_SRC015";Plan de prevención de recaídas;Detectar señales tempranas, barreras, acuerdos y estrategias de mantenimiento.;bajo;individual/pareja;Plan de mantenimiento;Señales tempranas, estrategias útiles, acuerdos y fecha de revisión.;Prevenir recaídas.;bajo;mensual;individual/pareja;media;Adaptar a consentimiento, seguridad, cultura, edad, orientación/identidad, salud física y contexto relacional. No aplicar tareas de pareja si existe coerción, violencia, miedo o falta de consentimiento.
Salud sexual integral;Dificultad para hablar de sexualidad en consulta;Vergüenza, bloqueo o evitación al expresar dudas sexuales al profesional o pareja.;adultos;individual;bajo;"SEX_SRC010;SEX_SRC012";Psicoeducación sexual basada en evidencia;Explicar sexualidad, respuesta sexual, variabilidad, placer, consentimiento y seguridad sin patologizar.;bajo;educativa;Rueda de salud sexual personal;Completar áreas de bienestar, dudas, límites, valores y objetivos sexuales.;Clarificar demanda y objetivos.;bajo;20-30 min;individual;media;Adaptar a consentimiento, seguridad, cultura, edad, orientación/identidad, salud física y contexto relacional. No aplicar tareas de pareja si existe coerción, violencia, miedo o falta de consentimiento.
Salud sexual integral;Dificultad para hablar de sexualidad en consulta;Vergüenza, bloqueo o evitación al expresar dudas sexuales al profesional o pareja.;adultos;individual;bajo;"SEX_SRC010;SEX_SRC012";Psicoeducación sexual basada en evidencia;Explicar sexualidad, respuesta sexual, variabilidad, placer, consentimiento y seguridad sin patologizar.;bajo;educativa;Lista de dudas para consulta;Anotar dudas de sexualidad, salud, prevención o relación para revisar en sesión.;Facilitar conversación profesional.;bajo;10 min;individual;media;Adaptar a consentimiento, seguridad, cultura, edad, orientación/identidad, salud física y contexto relacional. No aplicar tareas de pareja si existe coerción, violencia, miedo o falta de consentimiento.
Salud sexual integral;Dificultad para hablar de sexualidad en consulta;Vergüenza, bloqueo o evitación al expresar dudas sexuales al profesional o pareja.;adultos;individual;bajo;"SEX_SRC010;SEX_SRC012";Modelo biopsicosocial sexual;Analizar factores físicos, psicológicos, relacionales, culturales y contextuales.;bajo;individual/pareja;Mapa biopsicosocial sexual;Registrar factores físicos, emocionales, relacionales, culturales y contextuales.;Comprender el problema sin reducirlo a una causa única.;bajo;30 min;individual/pareja;media;Adaptar a consentimiento, seguridad, cultura, edad, orientación/identidad, salud física y contexto relacional. No aplicar tareas de pareja si existe coerción, violencia, miedo o falta de consentimiento.
Salud sexual integral;Dificultad para hablar de sexualidad en consulta;Vergüenza, bloqueo o evitación al expresar dudas sexuales al profesional o pareja.;adultos;individual;bajo;"SEX_SRC010;SEX_SRC012";Modelo biopsicosocial sexual;Analizar factores físicos, psicológicos, relacionales, culturales y contextuales.;bajo;individual/pareja;Registro de prácticas de autocuidado sexual;Registrar sueño, estrés, actividad física, consumo, salud y estado emocional.;Detectar factores generales.;bajo;7 días;individual;media;Adaptar a consentimiento, seguridad, cultura, edad, orientación/identidad, salud física y contexto relacional. No aplicar tareas de pareja si existe coerción, violencia, miedo o falta de consentimiento.
Salud sexual integral;Dificultad para hablar de sexualidad en consulta;Vergüenza, bloqueo o evitación al expresar dudas sexuales al profesional o pareja.;adultos;individual;bajo;"SEX_SRC010;SEX_SRC012";Historia sexual clínica estructurada;Recoger motivo, historia, salud, medicación, relación, dolor, seguridad y objetivos.;medio;clínica;Historia sexual segura y gradual;Completar cronología básica de experiencias, aprendizajes, salud y cambios, sin detalles innecesarios.;Organizar información clínica.;medio;sesión;individual;media;Adaptar a consentimiento, seguridad, cultura, edad, orientación/identidad, salud física y contexto relacional. No aplicar tareas de pareja si existe coerción, violencia, miedo o falta de consentimiento.
Salud sexual integral;Dificultad para hablar de sexualidad en consulta;Vergüenza, bloqueo o evitación al expresar dudas sexuales al profesional o pareja.;adultos;individual;bajo;"SEX_SRC010;SEX_SRC012";Educación sexual inclusiva;Información adaptada, respetuosa y no discriminatoria sobre sexualidad y diversidad.;bajo;educativa;Material inclusivo de educación sexual;Seleccionar recursos adaptados a orientación, identidad, cultura y capacidad.;Mejorar información respetuosa.;bajo;variable;educativa;media;Adaptar a consentimiento, seguridad, cultura, edad, orientación/identidad, salud física y contexto relacional. No aplicar tareas de pareja si existe coerción, violencia, miedo o falta de consentimiento.
Salud sexual integral;Dificultad para hablar de sexualidad en consulta;Vergüenza, bloqueo o evitación al expresar dudas sexuales al profesional o pareja.;adultos;individual;bajo;"SEX_SRC010;SEX_SRC012";Prevención sexual y autocuidado;Información sobre pruebas, barreras, anticoncepción, comunicación y reducción de riesgos.;medio;educativa;Plan de prevención y pruebas;Definir pruebas, barreras, comunicación, calendario y recursos sanitarios.;Reducir riesgo y ansiedad.;medio;20 min;educativa;media;Adaptar a consentimiento, seguridad, cultura, edad, orientación/identidad, salud física y contexto relacional. No aplicar tareas de pareja si existe coerción, violencia, miedo o falta de consentimiento.
Salud sexual integral;Dificultad para hablar de sexualidad en consulta;Vergüenza, bloqueo o evitación al expresar dudas sexuales al profesional o pareja.;adultos;individual;bajo;"SEX_SRC010;SEX_SRC012";Plan de prevención de recaídas;Detectar señales tempranas, barreras, acuerdos y estrategias de mantenimiento.;bajo;individual/pareja;Plan de mantenimiento;Señales tempranas, estrategias útiles, acuerdos y fecha de revisión.;Prevenir recaídas.;bajo;mensual;individual/pareja;media;Adaptar a consentimiento, seguridad, cultura, edad, orientación/identidad, salud física y contexto relacional. No aplicar tareas de pareja si existe coerción, violencia, miedo o falta de consentimiento.
Salud sexual integral;Desconocimiento de la respuesta sexual;Falta de comprensión del ciclo de respuesta sexual, variabilidad y factores emocionales/físicos.;adultos;educativa;bajo;"SEX_SRC010;SEX_SRC013";Psicoeducación sexual basada en evidencia;Explicar sexualidad, respuesta sexual, variabilidad, placer, consentimiento y seguridad sin patologizar.;bajo;educativa;Rueda de salud sexual personal;Completar áreas de bienestar, dudas, límites, valores y objetivos sexuales.;Clarificar demanda y objetivos.;bajo;20-30 min;individual;media;Adaptar a consentimiento, seguridad, cultura, edad, orientación/identidad, salud física y contexto relacional. No aplicar tareas de pareja si existe coerción, violencia, miedo o falta de consentimiento.
Salud sexual integral;Desconocimiento de la respuesta sexual;Falta de comprensión del ciclo de respuesta sexual, variabilidad y factores emocionales/físicos.;adultos;educativa;bajo;"SEX_SRC010;SEX_SRC013";Psicoeducación sexual basada en evidencia;Explicar sexualidad, respuesta sexual, variabilidad, placer, consentimiento y seguridad sin patologizar.;bajo;educativa;Lista de dudas para consulta;Anotar dudas de sexualidad, salud, prevención o relación para revisar en sesión.;Facilitar conversación profesional.;bajo;10 min;individual;media;Adaptar a consentimiento, seguridad, cultura, edad, orientación/identidad, salud física y contexto relacional. No aplicar tareas de pareja si existe coerción, violencia, miedo o falta de consentimiento.
Salud sexual integral;Desconocimiento de la respuesta sexual;Falta de comprensión del ciclo de respuesta sexual, variabilidad y factores emocionales/físicos.;adultos;educativa;bajo;"SEX_SRC010;SEX_SRC013";Modelo biopsicosocial sexual;Analizar factores físicos, psicológicos, relacionales, culturales y contextuales.;bajo;individual/pareja;Mapa biopsicosocial sexual;Registrar factores físicos, emocionales, relacionales, culturales y contextuales.;Comprender el problema sin reducirlo a una causa única.;bajo;30 min;individual/pareja;media;Adaptar a consentimiento, seguridad, cultura, edad, orientación/identidad, salud física y contexto relacional. No aplicar tareas de pareja si existe coerción, violencia, miedo o falta de consentimiento.
Salud sexual integral;Desconocimiento de la respuesta sexual;Falta de comprensión del ciclo de respuesta sexual, variabilidad y factores emocionales/físicos.;adultos;educativa;bajo;"SEX_SRC010;SEX_SRC013";Modelo biopsicosocial sexual;Analizar factores físicos, psicológicos, relacionales, culturales y contextuales.;bajo;individual/pareja;Registro de prácticas de autocuidado sexual;Registrar sueño, estrés, actividad física, consumo, salud y estado emocional.;Detectar factores generales.;bajo;7 días;individual;media;Adaptar a consentimiento, seguridad, cultura, edad, orientación/identidad, salud física y contexto relacional. No aplicar tareas de pareja si existe coerción, violencia, miedo o falta de consentimiento.
Salud sexual integral;Desconocimiento de la respuesta sexual;Falta de comprensión del ciclo de respuesta sexual, variabilidad y factores emocionales/físicos.;adultos;educativa;bajo;"SEX_SRC010;SEX_SRC013";Historia sexual clínica estructurada;Recoger motivo, historia, salud, medicación, relación, dolor, seguridad y objetivos.;medio;clínica;Historia sexual segura y gradual;Completar cronología básica de experiencias, aprendizajes, salud y cambios, sin detalles innecesarios.;Organizar información clínica.;medio;sesión;individual;media;Adaptar a consentimiento, seguridad, cultura, edad, orientación/identidad, salud física y contexto relacional. No aplicar tareas de pareja si existe coerción, violencia, miedo o falta de consentimiento.
Salud sexual integral;Desconocimiento de la respuesta sexual;Falta de comprensión del ciclo de respuesta sexual, variabilidad y factores emocionales/físicos.;adultos;educativa;bajo;"SEX_SRC010;SEX_SRC013";Educación sexual inclusiva;Información adaptada, respetuosa y no discriminatoria sobre sexualidad y diversidad.;bajo;educativa;Material inclusivo de educación sexual;Seleccionar recursos adaptados a orientación, identidad, cultura y capacidad.;Mejorar información respetuosa.;bajo;variable;educativa;media;Adaptar a consentimiento, seguridad, cultura, edad, orientación/identidad, salud física y contexto relacional. No aplicar tareas de pareja si existe coerción, violencia, miedo o falta de consentimiento.
Salud sexual integral;Desconocimiento de la respuesta sexual;Falta de comprensión del ciclo de respuesta sexual, variabilidad y factores emocionales/físicos.;adultos;educativa;bajo;"SEX_SRC010;SEX_SRC013";Prevención sexual y autocuidado;Información sobre pruebas, barreras, anticoncepción, comunicación y reducción de riesgos.;medio;educativa;Plan de prevención y pruebas;Definir pruebas, barreras, comunicación, calendario y recursos sanitarios.;Reducir riesgo y ansiedad.;medio;20 min;educativa;media;Adaptar a consentimiento, seguridad, cultura, edad, orientación/identidad, salud física y contexto relacional. No aplicar tareas de pareja si existe coerción, violencia, miedo o falta de consentimiento.
Salud sexual integral;Desconocimiento de la respuesta sexual;Falta de comprensión del ciclo de respuesta sexual, variabilidad y factores emocionales/físicos.;adultos;educativa;bajo;"SEX_SRC010;SEX_SRC013";Plan de prevención de recaídas;Detectar señales tempranas, barreras, acuerdos y estrategias de mantenimiento.;bajo;individual/pareja;Plan de mantenimiento;Señales tempranas, estrategias útiles, acuerdos y fecha de revisión.;Prevenir recaídas.;bajo;mensual;individual/pareja;media;Adaptar a consentimiento, seguridad, cultura, edad, orientación/identidad, salud física y contexto relacional. No aplicar tareas de pareja si existe coerción, violencia, miedo o falta de consentimiento.
Deseo sexual;Deseo sexual bajo situacional;Disminución de deseo asociada a contexto, estrés, relación, rutina o cambios vitales.;adultos;individual/pareja;medio;"SEX_SRC009;SEX_SRC010;SEX_SRC013";Psicoeducación sexual basada en evidencia;Explicar sexualidad, respuesta sexual, variabilidad, placer, consentimiento y seguridad sin patologizar.;bajo;educativa;Rueda de salud sexual personal;Completar áreas de bienestar, dudas, límites, valores y objetivos sexuales.;Clarificar demanda y objetivos.;bajo;20-30 min;individual;media;Adaptar a consentimiento, seguridad, cultura, edad, orientación/identidad, salud física y contexto relacional. No aplicar tareas de pareja si existe coerción, violencia, miedo o falta de consentimiento.
Deseo sexual;Deseo sexual bajo situacional;Disminución de deseo asociada a contexto, estrés, relación, rutina o cambios vitales.;adultos;individual/pareja;medio;"SEX_SRC009;SEX_SRC010;SEX_SRC013";Psicoeducación sexual basada en evidencia;Explicar sexualidad, respuesta sexual, variabilidad, placer, consentimiento y seguridad sin patologizar.;bajo;educativa;Lista de dudas para consulta;Anotar dudas de sexualidad, salud, prevención o relación para revisar en sesión.;Facilitar conversación profesional.;bajo;10 min;individual;media;Adaptar a consentimiento, seguridad, cultura, edad, orientación/identidad, salud física y contexto relacional. No aplicar tareas de pareja si existe coerción, violencia, miedo o falta de consentimiento.
Deseo sexual;Deseo sexual bajo situacional;Disminución de deseo asociada a contexto, estrés, relación, rutina o cambios vitales.;adultos;individual/pareja;medio;"SEX_SRC009;SEX_SRC010;SEX_SRC013";Modelo biopsicosocial sexual;Analizar factores físicos, psicológicos, relacionales, culturales y contextuales.;bajo;individual/pareja;Mapa biopsicosocial sexual;Registrar factores físicos, emocionales, relacionales, culturales y contextuales.;Comprender el problema sin reducirlo a una causa única.;bajo;30 min;individual/pareja;media;Adaptar a consentimiento, seguridad, cultura, edad, orientación/identidad, salud física y contexto relacional. No aplicar tareas de pareja si existe coerción, violencia, miedo o falta de consentimiento.
Deseo sexual;Deseo sexual bajo situacional;Disminución de deseo asociada a contexto, estrés, relación, rutina o cambios vitales.;adultos;individual/pareja;medio;"SEX_SRC009;SEX_SRC010;SEX_SRC013";Modelo biopsicosocial sexual;Analizar factores físicos, psicológicos, relacionales, culturales y contextuales.;bajo;individual/pareja;Registro de prácticas de autocuidado sexual;Registrar sueño, estrés, actividad física, consumo, salud y estado emocional.;Detectar factores generales.;bajo;7 días;individual;media;Adaptar a consentimiento, seguridad, cultura, edad, orientación/identidad, salud física y contexto relacional. No aplicar tareas de pareja si existe coerción, violencia, miedo o falta de consentimiento.
Deseo sexual;Deseo sexual bajo situacional;Disminución de deseo asociada a contexto, estrés, relación, rutina o cambios vitales.;adultos;individual/pareja;medio;"SEX_SRC009;SEX_SRC010;SEX_SRC013";Registro de deseo/excitación/contexto;Registrar contexto, emoción, estrés, descanso, conexión, deseo y respuesta.;bajo;individual/pareja;Registro de contexto de deseo;Anotar momento, descanso, estrés, conexión, emoción, deseo 0-10 y frenos.;Identificar patrones de deseo.;bajo;7-14 días;individual/pareja;media;Adaptar a consentimiento, seguridad, cultura, edad, orientación/identidad, salud física y contexto relacional. No aplicar tareas de pareja si existe coerción, violencia, miedo o falta de consentimiento.
Deseo sexual;Deseo sexual bajo situacional;Disminución de deseo asociada a contexto, estrés, relación, rutina o cambios vitales.;adultos;individual/pareja;medio;"SEX_SRC009;SEX_SRC010;SEX_SRC013";Mapa de deseo;Identificar facilitadores, frenos, contextos, necesidades, fantasías no obligatorias y límites.;bajo;individual/pareja;Mapa de aceleradores y frenos;Listar elementos que facilitan o inhiben deseo/excitación.;Personalizar intervención.;bajo;20 min;individual/pareja;media;Adaptar a consentimiento, seguridad, cultura, edad, orientación/identidad, salud física y contexto relacional. No aplicar tareas de pareja si existe coerción, violencia, miedo o falta de consentimiento.
Deseo sexual;Deseo sexual bajo situacional;Disminución de deseo asociada a contexto, estrés, relación, rutina o cambios vitales.;adultos;individual/pareja;medio;"SEX_SRC009;SEX_SRC010;SEX_SRC013";Trabajo con discrepancia de deseo;Negociar ritmos, expectativas, presión, iniciativa y alternativas de intimidad.;medio;pareja;Conversación de discrepancia de deseo;Hablar con turnos: qué necesito, qué temo, qué puedo ofrecer, qué no quiero presionar.;Reducir lucha y presión.;medio;30 min;pareja;media;Adaptar a consentimiento, seguridad, cultura, edad, orientación/identidad, salud física y contexto relacional. No aplicar tareas de pareja si existe coerción, violencia, miedo o falta de consentimiento.
Deseo sexual;Deseo sexual bajo situacional;Disminución de deseo asociada a contexto, estrés, relación, rutina o cambios vitales.;adultos;individual/pareja;medio;"SEX_SRC009;SEX_SRC010;SEX_SRC013";Plan de intimidad no exigente;Crear espacios de cercanía sin objetivo de rendimiento ni obligación sexual.;bajo;pareja;Cita de intimidad sin objetivo sexual;Planificar un espacio de cercanía sin meta de rendimiento ni obligación.;Recuperar seguridad y conexión.;bajo;semanal;pareja;media;Adaptar a consentimiento, seguridad, cultura, edad, orientación/identidad, salud física y contexto relacional. No aplicar tareas de pareja si existe coerción, violencia, miedo o falta de consentimiento.
Deseo sexual;Deseo sexual bajo situacional;Disminución de deseo asociada a contexto, estrés, relación, rutina o cambios vitales.;adultos;individual/pareja;medio;"SEX_SRC009;SEX_SRC010;SEX_SRC013";Plan de intimidad no exigente;Crear espacios de cercanía sin objetivo de rendimiento ni obligación sexual.;bajo;pareja;Diario de intimidad positiva;Registrar momentos de cercanía no necesariamente sexuales y qué los facilitó.;Ampliar foco más allá del problema.;bajo;7 días;pareja/individual;media;Adaptar a consentimiento, seguridad, cultura, edad, orientación/identidad, salud física y contexto relacional. No aplicar tareas de pareja si existe coerción, violencia, miedo o falta de consentimiento.
Deseo sexual;Deseo sexual bajo situacional;Disminución de deseo asociada a contexto, estrés, relación, rutina o cambios vitales.;adultos;individual/pareja;medio;"SEX_SRC009;SEX_SRC010;SEX_SRC013";Planificación flexible de encuentros íntimos;Crear oportunidades de intimidad sin convertirlas en obligación o examen.;bajo;pareja;Calendario flexible de intimidad;Reservar espacios de conexión con opción de adaptar actividad según deseo real.;Crear oportunidad sin obligación.;bajo;semanal;pareja;media;Adaptar a consentimiento, seguridad, cultura, edad, orientación/identidad, salud física y contexto relacional. No aplicar tareas de pareja si existe coerción, violencia, miedo o falta de consentimiento.
Deseo sexual;Deseo sexual bajo situacional;Disminución de deseo asociada a contexto, estrés, relación, rutina o cambios vitales.;adultos;individual/pareja;medio;"SEX_SRC009;SEX_SRC010;SEX_SRC013";Trabajo de valores e intimidad;Clarificar qué significa una vida sexual/afectiva valiosa para la persona/pareja.;bajo;individual/pareja;Valores y sexualidad;Escribir qué sexualidad se quiere construir: respeto, placer, seguridad, conexión, cuidado.;Alinear conducta con valores.;bajo;20 min;individual/pareja;media;Adaptar a consentimiento, seguridad, cultura, edad, orientación/identidad, salud física y contexto relacional. No aplicar tareas de pareja si existe coerción, violencia, miedo o falta de consentimiento.
Deseo sexual;Deseo sexual bajo situacional;Disminución de deseo asociada a contexto, estrés, relación, rutina o cambios vitales.;adultos;individual/pareja;medio;"SEX_SRC009;SEX_SRC010;SEX_SRC013";Plan de prevención de recaídas;Detectar señales tempranas, barreras, acuerdos y estrategias de mantenimiento.;bajo;individual/pareja;Plan de mantenimiento;Señales tempranas, estrategias útiles, acuerdos y fecha de revisión.;Prevenir recaídas.;bajo;mensual;individual/pareja;media;Adaptar a consentimiento, seguridad, cultura, edad, orientación/identidad, salud física y contexto relacional. No aplicar tareas de pareja si existe coerción, violencia, miedo o falta de consentimiento.
Deseo sexual;Discrepancia de deseo en pareja;Diferencia significativa de deseo entre miembros de la pareja que genera tensión o evitación.;adultos;pareja;medio;"SEX_SRC010;SEX_SRC012";Psicoeducación sexual basada en evidencia;Explicar sexualidad, respuesta sexual, variabilidad, placer, consentimiento y seguridad sin patologizar.;bajo;educativa;Rueda de salud sexual personal;Completar áreas de bienestar, dudas, límites, valores y objetivos sexuales.;Clarificar demanda y objetivos.;bajo;20-30 min;individual;media;Adaptar a consentimiento, seguridad, cultura, edad, orientación/identidad, salud física y contexto relacional. No aplicar tareas de pareja si existe coerción, violencia, miedo o falta de consentimiento.
Deseo sexual;Discrepancia de deseo en pareja;Diferencia significativa de deseo entre miembros de la pareja que genera tensión o evitación.;adultos;pareja;medio;"SEX_SRC010;SEX_SRC012";Psicoeducación sexual basada en evidencia;Explicar sexualidad, respuesta sexual, variabilidad, placer, consentimiento y seguridad sin patologizar.;bajo;educativa;Lista de dudas para consulta;Anotar dudas de sexualidad, salud, prevención o relación para revisar en sesión.;Facilitar conversación profesional.;bajo;10 min;individual;media;Adaptar a consentimiento, seguridad, cultura, edad, orientación/identidad, salud física y contexto relacional. No aplicar tareas de pareja si existe coerción, violencia, miedo o falta de consentimiento.
Deseo sexual;Discrepancia de deseo en pareja;Diferencia significativa de deseo entre miembros de la pareja que genera tensión o evitación.;adultos;pareja;medio;"SEX_SRC010;SEX_SRC012";Modelo biopsicosocial sexual;Analizar factores físicos, psicológicos, relacionales, culturales y contextuales.;bajo;individual/pareja;Mapa biopsicosocial sexual;Registrar factores físicos, emocionales, relacionales, culturales y contextuales.;Comprender el problema sin reducirlo a una causa única.;bajo;30 min;individual/pareja;media;Adaptar a consentimiento, seguridad, cultura, edad, orientación/identidad, salud física y contexto relacional. No aplicar tareas de pareja si existe coerción, violencia, miedo o falta de consentimiento.
Deseo sexual;Discrepancia de deseo en pareja;Diferencia significativa de deseo entre miembros de la pareja que genera tensión o evitación.;adultos;pareja;medio;"SEX_SRC010;SEX_SRC012";Modelo biopsicosocial sexual;Analizar factores físicos, psicológicos, relacionales, culturales y contextuales.;bajo;individual/pareja;Registro de prácticas de autocuidado sexual;Registrar sueño, estrés, actividad física, consumo, salud y estado emocional.;Detectar factores generales.;bajo;7 días;individual;media;Adaptar a consentimiento, seguridad, cultura, edad, orientación/identidad, salud física y contexto relacional. No aplicar tareas de pareja si existe coerción, violencia, miedo o falta de consentimiento.
Deseo sexual;Discrepancia de deseo en pareja;Diferencia significativa de deseo entre miembros de la pareja que genera tensión o evitación.;adultos;pareja;medio;"SEX_SRC010;SEX_SRC012";Registro de deseo/excitación/contexto;Registrar contexto, emoción, estrés, descanso, conexión, deseo y respuesta.;bajo;individual/pareja;Registro de contexto de deseo;Anotar momento, descanso, estrés, conexión, emoción, deseo 0-10 y frenos.;Identificar patrones de deseo.;bajo;7-14 días;individual/pareja;media;Adaptar a consentimiento, seguridad, cultura, edad, orientación/identidad, salud física y contexto relacional. No aplicar tareas de pareja si existe coerción, violencia, miedo o falta de consentimiento.
Deseo sexual;Discrepancia de deseo en pareja;Diferencia significativa de deseo entre miembros de la pareja que genera tensión o evitación.;adultos;pareja;medio;"SEX_SRC010;SEX_SRC012";Mapa de deseo;Identificar facilitadores, frenos, contextos, necesidades, fantasías no obligatorias y límites.;bajo;individual/pareja;Mapa de aceleradores y frenos;Listar elementos que facilitan o inhiben deseo/excitación.;Personalizar intervención.;bajo;20 min;individual/pareja;media;Adaptar a consentimiento, seguridad, cultura, edad, orientación/identidad, salud física y contexto relacional. No aplicar tareas de pareja si existe coerción, violencia, miedo o falta de consentimiento.
Deseo sexual;Discrepancia de deseo en pareja;Diferencia significativa de deseo entre miembros de la pareja que genera tensión o evitación.;adultos;pareja;medio;"SEX_SRC010;SEX_SRC012";Trabajo con discrepancia de deseo;Negociar ritmos, expectativas, presión, iniciativa y alternativas de intimidad.;medio;pareja;Conversación de discrepancia de deseo;Hablar con turnos: qué necesito, qué temo, qué puedo ofrecer, qué no quiero presionar.;Reducir lucha y presión.;medio;30 min;pareja;media;Adaptar a consentimiento, seguridad, cultura, edad, orientación/identidad, salud física y contexto relacional. No aplicar tareas de pareja si existe coerción, violencia, miedo o falta de consentimiento.
Deseo sexual;Discrepancia de deseo en pareja;Diferencia significativa de deseo entre miembros de la pareja que genera tensión o evitación.;adultos;pareja;medio;"SEX_SRC010;SEX_SRC012";Plan de intimidad no exigente;Crear espacios de cercanía sin objetivo de rendimiento ni obligación sexual.;bajo;pareja;Cita de intimidad sin objetivo sexual;Planificar un espacio de cercanía sin meta de rendimiento ni obligación.;Recuperar seguridad y conexión.;bajo;semanal;pareja;media;Adaptar a consentimiento, seguridad, cultura, edad, orientación/identidad, salud física y contexto relacional. No aplicar tareas de pareja si existe coerción, violencia, miedo o falta de consentimiento.
Deseo sexual;Discrepancia de deseo en pareja;Diferencia significativa de deseo entre miembros de la pareja que genera tensión o evitación.;adultos;pareja;medio;"SEX_SRC010;SEX_SRC012";Plan de intimidad no exigente;Crear espacios de cercanía sin objetivo de rendimiento ni obligación sexual.;bajo;pareja;Diario de intimidad positiva;Registrar momentos de cercanía no necesariamente sexuales y qué los facilitó.;Ampliar foco más allá del problema.;bajo;7 días;pareja/individual;media;Adaptar a consentimiento, seguridad, cultura, edad, orientación/identidad, salud física y contexto relacional. No aplicar tareas de pareja si existe coerción, violencia, miedo o falta de consentimiento.
Deseo sexual;Discrepancia de deseo en pareja;Diferencia significativa de deseo entre miembros de la pareja que genera tensión o evitación.;adultos;pareja;medio;"SEX_SRC010;SEX_SRC012";Planificación flexible de encuentros íntimos;Crear oportunidades de intimidad sin convertirlas en obligación o examen.;bajo;pareja;Calendario flexible de intimidad;Reservar espacios de conexión con opción de adaptar actividad según deseo real.;Crear oportunidad sin obligación.;bajo;semanal;pareja;media;Adaptar a consentimiento, seguridad, cultura, edad, orientación/identidad, salud física y contexto relacional. No aplicar tareas de pareja si existe coerción, violencia, miedo o falta de consentimiento.
Deseo sexual;Discrepancia de deseo en pareja;Diferencia significativa de deseo entre miembros de la pareja que genera tensión o evitación.;adultos;pareja;medio;"SEX_SRC010;SEX_SRC012";Trabajo de valores e intimidad;Clarificar qué significa una vida sexual/afectiva valiosa para la persona/pareja.;bajo;individual/pareja;Valores y sexualidad;Escribir qué sexualidad se quiere construir: respeto, placer, seguridad, conexión, cuidado.;Alinear conducta con valores.;bajo;20 min;individual/pareja;media;Adaptar a consentimiento, seguridad, cultura, edad, orientación/identidad, salud física y contexto relacional. No aplicar tareas de pareja si existe coerción, violencia, miedo o falta de consentimiento.
Deseo sexual;Discrepancia de deseo en pareja;Diferencia significativa de deseo entre miembros de la pareja que genera tensión o evitación.;adultos;pareja;medio;"SEX_SRC010;SEX_SRC012";Plan de prevención de recaídas;Detectar señales tempranas, barreras, acuerdos y estrategias de mantenimiento.;bajo;individual/pareja;Plan de mantenimiento;Señales tempranas, estrategias útiles, acuerdos y fecha de revisión.;Prevenir recaídas.;bajo;mensual;individual/pareja;media;Adaptar a consentimiento, seguridad, cultura, edad, orientación/identidad, salud física y contexto relacional. No aplicar tareas de pareja si existe coerción, violencia, miedo o falta de consentimiento.
Deseo sexual;Deseo bajo con malestar personal;Deseo reducido que genera sufrimiento, preocupación o sensación de pérdida de identidad sexual.;adultos;individual;medio;"SEX_SRC009;SEX_SRC017";Psicoeducación sexual basada en evidencia;Explicar sexualidad, respuesta sexual, variabilidad, placer, consentimiento y seguridad sin patologizar.;bajo;educativa;Rueda de salud sexual personal;Completar áreas de bienestar, dudas, límites, valores y objetivos sexuales.;Clarificar demanda y objetivos.;bajo;20-30 min;individual;media;Adaptar a consentimiento, seguridad, cultura, edad, orientación/identidad, salud física y contexto relacional. No aplicar tareas de pareja si existe coerción, violencia, miedo o falta de consentimiento.
Deseo sexual;Deseo bajo con malestar personal;Deseo reducido que genera sufrimiento, preocupación o sensación de pérdida de identidad sexual.;adultos;individual;medio;"SEX_SRC009;SEX_SRC017";Psicoeducación sexual basada en evidencia;Explicar sexualidad, respuesta sexual, variabilidad, placer, consentimiento y seguridad sin patologizar.;bajo;educativa;Lista de dudas para consulta;Anotar dudas de sexualidad, salud, prevención o relación para revisar en sesión.;Facilitar conversación profesional.;bajo;10 min;individual;media;Adaptar a consentimiento, seguridad, cultura, edad, orientación/identidad, salud física y contexto relacional. No aplicar tareas de pareja si existe coerción, violencia, miedo o falta de consentimiento.
Deseo sexual;Deseo bajo con malestar personal;Deseo reducido que genera sufrimiento, preocupación o sensación de pérdida de identidad sexual.;adultos;individual;medio;"SEX_SRC009;SEX_SRC017";Modelo biopsicosocial sexual;Analizar factores físicos, psicológicos, relacionales, culturales y contextuales.;bajo;individual/pareja;Mapa biopsicosocial sexual;Registrar factores físicos, emocionales, relacionales, culturales y contextuales.;Comprender el problema sin reducirlo a una causa única.;bajo;30 min;individual/pareja;media;Adaptar a consentimiento, seguridad, cultura, edad, orientación/identidad, salud física y contexto relacional. No aplicar tareas de pareja si existe coerción, violencia, miedo o falta de consentimiento.
Deseo sexual;Deseo bajo con malestar personal;Deseo reducido que genera sufrimiento, preocupación o sensación de pérdida de identidad sexual.;adultos;individual;medio;"SEX_SRC009;SEX_SRC017";Modelo biopsicosocial sexual;Analizar factores físicos, psicológicos, relacionales, culturales y contextuales.;bajo;individual/pareja;Registro de prácticas de autocuidado sexual;Registrar sueño, estrés, actividad física, consumo, salud y estado emocional.;Detectar factores generales.;bajo;7 días;individual;media;Adaptar a consentimiento, seguridad, cultura, edad, orientación/identidad, salud física y contexto relacional. No aplicar tareas de pareja si existe coerción, violencia, miedo o falta de consentimiento.
Deseo sexual;Deseo bajo con malestar personal;Deseo reducido que genera sufrimiento, preocupación o sensación de pérdida de identidad sexual.;adultos;individual;medio;"SEX_SRC009;SEX_SRC017";Registro de deseo/excitación/contexto;Registrar contexto, emoción, estrés, descanso, conexión, deseo y respuesta.;bajo;individual/pareja;Registro de contexto de deseo;Anotar momento, descanso, estrés, conexión, emoción, deseo 0-10 y frenos.;Identificar patrones de deseo.;bajo;7-14 días;individual/pareja;media;Adaptar a consentimiento, seguridad, cultura, edad, orientación/identidad, salud física y contexto relacional. No aplicar tareas de pareja si existe coerción, violencia, miedo o falta de consentimiento.
Deseo sexual;Deseo bajo con malestar personal;Deseo reducido que genera sufrimiento, preocupación o sensación de pérdida de identidad sexual.;adultos;individual;medio;"SEX_SRC009;SEX_SRC017";Mapa de deseo;Identificar facilitadores, frenos, contextos, necesidades, fantasías no obligatorias y límites.;bajo;individual/pareja;Mapa de aceleradores y frenos;Listar elementos que facilitan o inhiben deseo/excitación.;Personalizar intervención.;bajo;20 min;individual/pareja;media;Adaptar a consentimiento, seguridad, cultura, edad, orientación/identidad, salud física y contexto relacional. No aplicar tareas de pareja si existe coerción, violencia, miedo o falta de consentimiento.
Deseo sexual;Deseo bajo con malestar personal;Deseo reducido que genera sufrimiento, preocupación o sensación de pérdida de identidad sexual.;adultos;individual;medio;"SEX_SRC009;SEX_SRC017";Trabajo con discrepancia de deseo;Negociar ritmos, expectativas, presión, iniciativa y alternativas de intimidad.;medio;pareja;Conversación de discrepancia de deseo;Hablar con turnos: qué necesito, qué temo, qué puedo ofrecer, qué no quiero presionar.;Reducir lucha y presión.;medio;30 min;pareja;media;Adaptar a consentimiento, seguridad, cultura, edad, orientación/identidad, salud física y contexto relacional. No aplicar tareas de pareja si existe coerción, violencia, miedo o falta de consentimiento.
Deseo sexual;Deseo bajo con malestar personal;Deseo reducido que genera sufrimiento, preocupación o sensación de pérdida de identidad sexual.;adultos;individual;medio;"SEX_SRC009;SEX_SRC017";Plan de intimidad no exigente;Crear espacios de cercanía sin objetivo de rendimiento ni obligación sexual.;bajo;pareja;Cita de intimidad sin objetivo sexual;Planificar un espacio de cercanía sin meta de rendimiento ni obligación.;Recuperar seguridad y conexión.;bajo;semanal;pareja;media;Adaptar a consentimiento, seguridad, cultura, edad, orientación/identidad, salud física y contexto relacional. No aplicar tareas de pareja si existe coerción, violencia, miedo o falta de consentimiento.
Deseo sexual;Deseo bajo con malestar personal;Deseo reducido que genera sufrimiento, preocupación o sensación de pérdida de identidad sexual.;adultos;individual;medio;"SEX_SRC009;SEX_SRC017";Plan de intimidad no exigente;Crear espacios de cercanía sin objetivo de rendimiento ni obligación sexual.;bajo;pareja;Diario de intimidad positiva;Registrar momentos de cercanía no necesariamente sexuales y qué los facilitó.;Ampliar foco más allá del problema.;bajo;7 días;pareja/individual;media;Adaptar a consentimiento, seguridad, cultura, edad, orientación/identidad, salud física y contexto relacional. No aplicar tareas de pareja si existe coerción, violencia, miedo o falta de consentimiento.
Deseo sexual;Deseo bajo con malestar personal;Deseo reducido que genera sufrimiento, preocupación o sensación de pérdida de identidad sexual.;adultos;individual;medio;"SEX_SRC009;SEX_SRC017";Planificación flexible de encuentros íntimos;Crear oportunidades de intimidad sin convertirlas en obligación o examen.;bajo;pareja;Calendario flexible de intimidad;Reservar espacios de conexión con opción de adaptar actividad según deseo real.;Crear oportunidad sin obligación.;bajo;semanal;pareja;media;Adaptar a consentimiento, seguridad, cultura, edad, orientación/identidad, salud física y contexto relacional. No aplicar tareas de pareja si existe coerción, violencia, miedo o falta de consentimiento.
Deseo sexual;Deseo bajo con malestar personal;Deseo reducido que genera sufrimiento, preocupación o sensación de pérdida de identidad sexual.;adultos;individual;medio;"SEX_SRC009;SEX_SRC017";Trabajo de valores e intimidad;Clarificar qué significa una vida sexual/afectiva valiosa para la persona/pareja.;bajo;individual/pareja;Valores y sexualidad;Escribir qué sexualidad se quiere construir: respeto, placer, seguridad, conexión, cuidado.;Alinear conducta con valores.;bajo;20 min;individual/pareja;media;Adaptar a consentimiento, seguridad, cultura, edad, orientación/identidad, salud física y contexto relacional. No aplicar tareas de pareja si existe coerción, violencia, miedo o falta de consentimiento.
Deseo sexual;Deseo bajo con malestar personal;Deseo reducido que genera sufrimiento, preocupación o sensación de pérdida de identidad sexual.;adultos;individual;medio;"SEX_SRC009;SEX_SRC017";Plan de prevención de recaídas;Detectar señales tempranas, barreras, acuerdos y estrategias de mantenimiento.;bajo;individual/pareja;Plan de mantenimiento;Señales tempranas, estrategias útiles, acuerdos y fecha de revisión.;Prevenir recaídas.;bajo;mensual;individual/pareja;media;Adaptar a consentimiento, seguridad, cultura, edad, orientación/identidad, salud física y contexto relacional. No aplicar tareas de pareja si existe coerción, violencia, miedo o falta de consentimiento.
Deseo sexual;Deseo inhibido por ansiedad o presión;La expectativa de rendir o cumplir reduce espontaneidad, interés y acercamiento.;adultos;individual/pareja;medio;"SEX_SRC004;SEX_SRC014";Psicoeducación sexual basada en evidencia;Explicar sexualidad, respuesta sexual, variabilidad, placer, consentimiento y seguridad sin patologizar.;bajo;educativa;Rueda de salud sexual personal;Completar áreas de bienestar, dudas, límites, valores y objetivos sexuales.;Clarificar demanda y objetivos.;bajo;20-30 min;individual;media;Adaptar a consentimiento, seguridad, cultura, edad, orientación/identidad, salud física y contexto relacional. No aplicar tareas de pareja si existe coerción, violencia, miedo o falta de consentimiento.
Deseo sexual;Deseo inhibido por ansiedad o presión;La expectativa de rendir o cumplir reduce espontaneidad, interés y acercamiento.;adultos;individual/pareja;medio;"SEX_SRC004;SEX_SRC014";Psicoeducación sexual basada en evidencia;Explicar sexualidad, respuesta sexual, variabilidad, placer, consentimiento y seguridad sin patologizar.;bajo;educativa;Lista de dudas para consulta;Anotar dudas de sexualidad, salud, prevención o relación para revisar en sesión.;Facilitar conversación profesional.;bajo;10 min;individual;media;Adaptar a consentimiento, seguridad, cultura, edad, orientación/identidad, salud física y contexto relacional. No aplicar tareas de pareja si existe coerción, violencia, miedo o falta de consentimiento.
Deseo sexual;Deseo inhibido por ansiedad o presión;La expectativa de rendir o cumplir reduce espontaneidad, interés y acercamiento.;adultos;individual/pareja;medio;"SEX_SRC004;SEX_SRC014";Modelo biopsicosocial sexual;Analizar factores físicos, psicológicos, relacionales, culturales y contextuales.;bajo;individual/pareja;Mapa biopsicosocial sexual;Registrar factores físicos, emocionales, relacionales, culturales y contextuales.;Comprender el problema sin reducirlo a una causa única.;bajo;30 min;individual/pareja;media;Adaptar a consentimiento, seguridad, cultura, edad, orientación/identidad, salud física y contexto relacional. No aplicar tareas de pareja si existe coerción, violencia, miedo o falta de consentimiento.
Deseo sexual;Deseo inhibido por ansiedad o presión;La expectativa de rendir o cumplir reduce espontaneidad, interés y acercamiento.;adultos;individual/pareja;medio;"SEX_SRC004;SEX_SRC014";Modelo biopsicosocial sexual;Analizar factores físicos, psicológicos, relacionales, culturales y contextuales.;bajo;individual/pareja;Registro de prácticas de autocuidado sexual;Registrar sueño, estrés, actividad física, consumo, salud y estado emocional.;Detectar factores generales.;bajo;7 días;individual;media;Adaptar a consentimiento, seguridad, cultura, edad, orientación/identidad, salud física y contexto relacional. No aplicar tareas de pareja si existe coerción, violencia, miedo o falta de consentimiento.
Deseo sexual;Deseo inhibido por ansiedad o presión;La expectativa de rendir o cumplir reduce espontaneidad, interés y acercamiento.;adultos;individual/pareja;medio;"SEX_SRC004;SEX_SRC014";Registro de deseo/excitación/contexto;Registrar contexto, emoción, estrés, descanso, conexión, deseo y respuesta.;bajo;individual/pareja;Registro de contexto de deseo;Anotar momento, descanso, estrés, conexión, emoción, deseo 0-10 y frenos.;Identificar patrones de deseo.;bajo;7-14 días;individual/pareja;media;Adaptar a consentimiento, seguridad, cultura, edad, orientación/identidad, salud física y contexto relacional. No aplicar tareas de pareja si existe coerción, violencia, miedo o falta de consentimiento.
Deseo sexual;Deseo inhibido por ansiedad o presión;La expectativa de rendir o cumplir reduce espontaneidad, interés y acercamiento.;adultos;individual/pareja;medio;"SEX_SRC004;SEX_SRC014";Mapa de deseo;Identificar facilitadores, frenos, contextos, necesidades, fantasías no obligatorias y límites.;bajo;individual/pareja;Mapa de aceleradores y frenos;Listar elementos que facilitan o inhiben deseo/excitación.;Personalizar intervención.;bajo;20 min;individual/pareja;media;Adaptar a consentimiento, seguridad, cultura, edad, orientación/identidad, salud física y contexto relacional. No aplicar tareas de pareja si existe coerción, violencia, miedo o falta de consentimiento.
Deseo sexual;Deseo inhibido por ansiedad o presión;La expectativa de rendir o cumplir reduce espontaneidad, interés y acercamiento.;adultos;individual/pareja;medio;"SEX_SRC004;SEX_SRC014";Trabajo con discrepancia de deseo;Negociar ritmos, expectativas, presión, iniciativa y alternativas de intimidad.;medio;pareja;Conversación de discrepancia de deseo;Hablar con turnos: qué necesito, qué temo, qué puedo ofrecer, qué no quiero presionar.;Reducir lucha y presión.;medio;30 min;pareja;media;Adaptar a consentimiento, seguridad, cultura, edad, orientación/identidad, salud física y contexto relacional. No aplicar tareas de pareja si existe coerción, violencia, miedo o falta de consentimiento.
Deseo sexual;Deseo inhibido por ansiedad o presión;La expectativa de rendir o cumplir reduce espontaneidad, interés y acercamiento.;adultos;individual/pareja;medio;"SEX_SRC004;SEX_SRC014";Plan de intimidad no exigente;Crear espacios de cercanía sin objetivo de rendimiento ni obligación sexual.;bajo;pareja;Cita de intimidad sin objetivo sexual;Planificar un espacio de cercanía sin meta de rendimiento ni obligación.;Recuperar seguridad y conexión.;bajo;semanal;pareja;media;Adaptar a consentimiento, seguridad, cultura, edad, orientación/identidad, salud física y contexto relacional. No aplicar tareas de pareja si existe coerción, violencia, miedo o falta de consentimiento.
Deseo sexual;Deseo inhibido por ansiedad o presión;La expectativa de rendir o cumplir reduce espontaneidad, interés y acercamiento.;adultos;individual/pareja;medio;"SEX_SRC004;SEX_SRC014";Plan de intimidad no exigente;Crear espacios de cercanía sin objetivo de rendimiento ni obligación sexual.;bajo;pareja;Diario de intimidad positiva;Registrar momentos de cercanía no necesariamente sexuales y qué los facilitó.;Ampliar foco más allá del problema.;bajo;7 días;pareja/individual;media;Adaptar a consentimiento, seguridad, cultura, edad, orientación/identidad, salud física y contexto relacional. No aplicar tareas de pareja si existe coerción, violencia, miedo o falta de consentimiento.
Deseo sexual;Deseo inhibido por ansiedad o presión;La expectativa de rendir o cumplir reduce espontaneidad, interés y acercamiento.;adultos;individual/pareja;medio;"SEX_SRC004;SEX_SRC014";Planificación flexible de encuentros íntimos;Crear oportunidades de intimidad sin convertirlas en obligación o examen.;bajo;pareja;Calendario flexible de intimidad;Reservar espacios de conexión con opción de adaptar actividad según deseo real.;Crear oportunidad sin obligación.;bajo;semanal;pareja;media;Adaptar a consentimiento, seguridad, cultura, edad, orientación/identidad, salud física y contexto relacional. No aplicar tareas de pareja si existe coerción, violencia, miedo o falta de consentimiento.
Deseo sexual;Deseo inhibido por ansiedad o presión;La expectativa de rendir o cumplir reduce espontaneidad, interés y acercamiento.;adultos;individual/pareja;medio;"SEX_SRC004;SEX_SRC014";Trabajo de valores e intimidad;Clarificar qué significa una vida sexual/afectiva valiosa para la persona/pareja.;bajo;individual/pareja;Valores y sexualidad;Escribir qué sexualidad se quiere construir: respeto, placer, seguridad, conexión, cuidado.;Alinear conducta con valores.;bajo;20 min;individual/pareja;media;Adaptar a consentimiento, seguridad, cultura, edad, orientación/identidad, salud física y contexto relacional. No aplicar tareas de pareja si existe coerción, violencia, miedo o falta de consentimiento.
Deseo sexual;Deseo inhibido por ansiedad o presión;La expectativa de rendir o cumplir reduce espontaneidad, interés y acercamiento.;adultos;individual/pareja;medio;"SEX_SRC004;SEX_SRC014";Plan de prevención de recaídas;Detectar señales tempranas, barreras, acuerdos y estrategias de mantenimiento.;bajo;individual/pareja;Plan de mantenimiento;Señales tempranas, estrategias útiles, acuerdos y fecha de revisión.;Prevenir recaídas.;bajo;mensual;individual/pareja;media;Adaptar a consentimiento, seguridad, cultura, edad, orientación/identidad, salud física y contexto relacional. No aplicar tareas de pareja si existe coerción, violencia, miedo o falta de consentimiento.
Deseo sexual;Pérdida de deseo tras conflicto relacional;Descenso del deseo vinculado a resentimiento, distancia emocional o conflictos no resueltos.;adultos;pareja;medio;"SEX_SRC010;SEX_SRC012";Psicoeducación sexual basada en evidencia;Explicar sexualidad, respuesta sexual, variabilidad, placer, consentimiento y seguridad sin patologizar.;bajo;educativa;Rueda de salud sexual personal;Completar áreas de bienestar, dudas, límites, valores y objetivos sexuales.;Clarificar demanda y objetivos.;bajo;20-30 min;individual;media;Adaptar a consentimiento, seguridad, cultura, edad, orientación/identidad, salud física y contexto relacional. No aplicar tareas de pareja si existe coerción, violencia, miedo o falta de consentimiento.
Deseo sexual;Pérdida de deseo tras conflicto relacional;Descenso del deseo vinculado a resentimiento, distancia emocional o conflictos no resueltos.;adultos;pareja;medio;"SEX_SRC010;SEX_SRC012";Psicoeducación sexual basada en evidencia;Explicar sexualidad, respuesta sexual, variabilidad, placer, consentimiento y seguridad sin patologizar.;bajo;educativa;Lista de dudas para consulta;Anotar dudas de sexualidad, salud, prevención o relación para revisar en sesión.;Facilitar conversación profesional.;bajo;10 min;individual;media;Adaptar a consentimiento, seguridad, cultura, edad, orientación/identidad, salud física y contexto relacional. No aplicar tareas de pareja si existe coerción, violencia, miedo o falta de consentimiento.
Deseo sexual;Pérdida de deseo tras conflicto relacional;Descenso del deseo vinculado a resentimiento, distancia emocional o conflictos no resueltos.;adultos;pareja;medio;"SEX_SRC010;SEX_SRC012";Modelo biopsicosocial sexual;Analizar factores físicos, psicológicos, relacionales, culturales y contextuales.;bajo;individual/pareja;Mapa biopsicosocial sexual;Registrar factores físicos, emocionales, relacionales, culturales y contextuales.;Comprender el problema sin reducirlo a una causa única.;bajo;30 min;individual/pareja;media;Adaptar a consentimiento, seguridad, cultura, edad, orientación/identidad, salud física y contexto relacional. No aplicar tareas de pareja si existe coerción, violencia, miedo o falta de consentimiento.
Deseo sexual;Pérdida de deseo tras conflicto relacional;Descenso del deseo vinculado a resentimiento, distancia emocional o conflictos no resueltos.;adultos;pareja;medio;"SEX_SRC010;SEX_SRC012";Modelo biopsicosocial sexual;Analizar factores físicos, psicológicos, relacionales, culturales y contextuales.;bajo;individual/pareja;Registro de prácticas de autocuidado sexual;Registrar sueño, estrés, actividad física, consumo, salud y estado emocional.;Detectar factores generales.;bajo;7 días;individual;media;Adaptar a consentimiento, seguridad, cultura, edad, orientación/identidad, salud física y contexto relacional. No aplicar tareas de pareja si existe coerción, violencia, miedo o falta de consentimiento.
Deseo sexual;Pérdida de deseo tras conflicto relacional;Descenso del deseo vinculado a resentimiento, distancia emocional o conflictos no resueltos.;adultos;pareja;medio;"SEX_SRC010;SEX_SRC012";Registro de deseo/excitación/contexto;Registrar contexto, emoción, estrés, descanso, conexión, deseo y respuesta.;bajo;individual/pareja;Registro de contexto de deseo;Anotar momento, descanso, estrés, conexión, emoción, deseo 0-10 y frenos.;Identificar patrones de deseo.;bajo;7-14 días;individual/pareja;media;Adaptar a consentimiento, seguridad, cultura, edad, orientación/identidad, salud física y contexto relacional. No aplicar tareas de pareja si existe coerción, violencia, miedo o falta de consentimiento.
Deseo sexual;Pérdida de deseo tras conflicto relacional;Descenso del deseo vinculado a resentimiento, distancia emocional o conflictos no resueltos.;adultos;pareja;medio;"SEX_SRC010;SEX_SRC012";Mapa de deseo;Identificar facilitadores, frenos, contextos, necesidades, fantasías no obligatorias y límites.;bajo;individual/pareja;Mapa de aceleradores y frenos;Listar elementos que facilitan o inhiben deseo/excitación.;Personalizar intervención.;bajo;20 min;individual/pareja;media;Adaptar a consentimiento, seguridad, cultura, edad, orientación/identidad, salud física y contexto relacional. No aplicar tareas de pareja si existe coerción, violencia, miedo o falta de consentimiento.
Deseo sexual;Pérdida de deseo tras conflicto relacional;Descenso del deseo vinculado a resentimiento, distancia emocional o conflictos no resueltos.;adultos;pareja;medio;"SEX_SRC010;SEX_SRC012";Trabajo con discrepancia de deseo;Negociar ritmos, expectativas, presión, iniciativa y alternativas de intimidad.;medio;pareja;Conversación de discrepancia de deseo;Hablar con turnos: qué necesito, qué temo, qué puedo ofrecer, qué no quiero presionar.;Reducir lucha y presión.;medio;30 min;pareja;media;Adaptar a consentimiento, seguridad, cultura, edad, orientación/identidad, salud física y contexto relacional. No aplicar tareas de pareja si existe coerción, violencia, miedo o falta de consentimiento.
Deseo sexual;Pérdida de deseo tras conflicto relacional;Descenso del deseo vinculado a resentimiento, distancia emocional o conflictos no resueltos.;adultos;pareja;medio;"SEX_SRC010;SEX_SRC012";Plan de intimidad no exigente;Crear espacios de cercanía sin objetivo de rendimiento ni obligación sexual.;bajo;pareja;Cita de intimidad sin objetivo sexual;Planificar un espacio de cercanía sin meta de rendimiento ni obligación.;Recuperar seguridad y conexión.;bajo;semanal;pareja;media;Adaptar a consentimiento, seguridad, cultura, edad, orientación/identidad, salud física y contexto relacional. No aplicar tareas de pareja si existe coerción, violencia, miedo o falta de consentimiento.
Deseo sexual;Pérdida de deseo tras conflicto relacional;Descenso del deseo vinculado a resentimiento, distancia emocional o conflictos no resueltos.;adultos;pareja;medio;"SEX_SRC010;SEX_SRC012";Plan de intimidad no exigente;Crear espacios de cercanía sin objetivo de rendimiento ni obligación sexual.;bajo;pareja;Diario de intimidad positiva;Registrar momentos de cercanía no necesariamente sexuales y qué los facilitó.;Ampliar foco más allá del problema.;bajo;7 días;pareja/individual;media;Adaptar a consentimiento, seguridad, cultura, edad, orientación/identidad, salud física y contexto relacional. No aplicar tareas de pareja si existe coerción, violencia, miedo o falta de consentimiento.
Deseo sexual;Pérdida de deseo tras conflicto relacional;Descenso del deseo vinculado a resentimiento, distancia emocional o conflictos no resueltos.;adultos;pareja;medio;"SEX_SRC010;SEX_SRC012";Planificación flexible de encuentros íntimos;Crear oportunidades de intimidad sin convertirlas en obligación o examen.;bajo;pareja;Calendario flexible de intimidad;Reservar espacios de conexión con opción de adaptar actividad según deseo real.;Crear oportunidad sin obligación.;bajo;semanal;pareja;media;Adaptar a consentimiento, seguridad, cultura, edad, orientación/identidad, salud física y contexto relacional. No aplicar tareas de pareja si existe coerción, violencia, miedo o falta de consentimiento.
Deseo sexual;Pérdida de deseo tras conflicto relacional;Descenso del deseo vinculado a resentimiento, distancia emocional o conflictos no resueltos.;adultos;pareja;medio;"SEX_SRC010;SEX_SRC012";Trabajo de valores e intimidad;Clarificar qué significa una vida sexual/afectiva valiosa para la persona/pareja.;bajo;individual/pareja;Valores y sexualidad;Escribir qué sexualidad se quiere construir: respeto, placer, seguridad, conexión, cuidado.;Alinear conducta con valores.;bajo;20 min;individual/pareja;media;Adaptar a consentimiento, seguridad, cultura, edad, orientación/identidad, salud física y contexto relacional. No aplicar tareas de pareja si existe coerción, violencia, miedo o falta de consentimiento.
Deseo sexual;Pérdida de deseo tras conflicto relacional;Descenso del deseo vinculado a resentimiento, distancia emocional o conflictos no resueltos.;adultos;pareja;medio;"SEX_SRC010;SEX_SRC012";Plan de prevención de recaídas;Detectar señales tempranas, barreras, acuerdos y estrategias de mantenimiento.;bajo;individual/pareja;Plan de mantenimiento;Señales tempranas, estrategias útiles, acuerdos y fecha de revisión.;Prevenir recaídas.;bajo;mensual;individual/pareja;media;Adaptar a consentimiento, seguridad, cultura, edad, orientación/identidad, salud física y contexto relacional. No aplicar tareas de pareja si existe coerción, violencia, miedo o falta de consentimiento.
Excitación, erección y lubricación;Dificultad de excitación subjetiva;La persona refiere baja activación, conexión erótica o interés durante encuentros.;adultos;individual/pareja;medio;"SEX_SRC010;SEX_SRC017";Modelo biopsicosocial sexual;Analizar factores físicos, psicológicos, relacionales, culturales y contextuales.;bajo;individual/pareja;Mapa biopsicosocial sexual;Registrar factores físicos, emocionales, relacionales, culturales y contextuales.;Comprender el problema sin reducirlo a una causa única.;bajo;30 min;individual/pareja;media;Adaptar a consentimiento, seguridad, cultura, edad, orientación/identidad, salud física y contexto relacional. No aplicar tareas de pareja si existe coerción, violencia, miedo o falta de consentimiento.
Excitación, erección y lubricación;Dificultad de excitación subjetiva;La persona refiere baja activación, conexión erótica o interés durante encuentros.;adultos;individual/pareja;medio;"SEX_SRC010;SEX_SRC017";Modelo biopsicosocial sexual;Analizar factores físicos, psicológicos, relacionales, culturales y contextuales.;bajo;individual/pareja;Registro de prácticas de autocuidado sexual;Registrar sueño, estrés, actividad física, consumo, salud y estado emocional.;Detectar factores generales.;bajo;7 días;individual;media;Adaptar a consentimiento, seguridad, cultura, edad, orientación/identidad, salud física y contexto relacional. No aplicar tareas de pareja si existe coerción, violencia, miedo o falta de consentimiento.
Excitación, erección y lubricación;Dificultad de excitación subjetiva;La persona refiere baja activación, conexión erótica o interés durante encuentros.;adultos;individual/pareja;medio;"SEX_SRC010;SEX_SRC017";Historia sexual clínica estructurada;Recoger motivo, historia, salud, medicación, relación, dolor, seguridad y objetivos.;medio;clínica;Historia sexual segura y gradual;Completar cronología básica de experiencias, aprendizajes, salud y cambios, sin detalles innecesarios.;Organizar información clínica.;medio;sesión;individual;media;Adaptar a consentimiento, seguridad, cultura, edad, orientación/identidad, salud física y contexto relacional. No aplicar tareas de pareja si existe coerción, violencia, miedo o falta de consentimiento.
Excitación, erección y lubricación;Dificultad de excitación subjetiva;La persona refiere baja activación, conexión erótica o interés durante encuentros.;adultos;individual/pareja;medio;"SEX_SRC010;SEX_SRC017";Derivación médica/ginecológica/urológica;Indicar valoración médica ante dolor, cambios bruscos, síntomas físicos o sospecha orgánica.;alto;médica_derivación;Checklist de señales de derivación médica;Revisar dolor, cambios bruscos, sangrado, medicación, síntomas físicos o enfermedad.;Detectar necesidad de valoración médica.;alto;5-10 min;médica_derivación;alta;Adaptar a consentimiento, seguridad, cultura, edad, orientación/identidad, salud física y contexto relacional. No aplicar tareas de pareja si existe coerción, violencia, miedo o falta de consentimiento.
Excitación, erección y lubricación;Dificultad de excitación subjetiva;La persona refiere baja activación, conexión erótica o interés durante encuentros.;adultos;individual/pareja;medio;"SEX_SRC010;SEX_SRC017";Registro de deseo/excitación/contexto;Registrar contexto, emoción, estrés, descanso, conexión, deseo y respuesta.;bajo;individual/pareja;Registro de contexto de deseo;Anotar momento, descanso, estrés, conexión, emoción, deseo 0-10 y frenos.;Identificar patrones de deseo.;bajo;7-14 días;individual/pareja;media;Adaptar a consentimiento, seguridad, cultura, edad, orientación/identidad, salud física y contexto relacional. No aplicar tareas de pareja si existe coerción, violencia, miedo o falta de consentimiento.
Excitación, erección y lubricación;Dificultad de excitación subjetiva;La persona refiere baja activación, conexión erótica o interés durante encuentros.;adultos;individual/pareja;medio;"SEX_SRC010;SEX_SRC017";Mindfulness aplicado a sexualidad;Entrenar atención al presente y reducción de autoobservación/juzgar.;bajo;individual;Atención plena de sensaciones neutras;Practicar 3-5 minutos observando respiración, temperatura o contacto no sexual.;Entrenar presencia sin juicio.;bajo;diario;individual;media;Adaptar a consentimiento, seguridad, cultura, edad, orientación/identidad, salud física y contexto relacional. No aplicar tareas de pareja si existe coerción, violencia, miedo o falta de consentimiento.
Excitación, erección y lubricación;Dificultad de excitación subjetiva;La persona refiere baja activación, conexión erótica o interés durante encuentros.;adultos;individual/pareja;medio;"SEX_SRC010;SEX_SRC017";Educación sobre respuesta eréctil;Normalizar variabilidad, factores médicos y psicológicos, y criterios de derivación.;medio;individual/pareja;Ficha de respuesta eréctil;Registrar descanso, alcohol, estrés, medicación, contexto, ansiedad y respuesta.;Distinguir factores contextuales/médicos.;medio;7-14 días;individual;media;Adaptar a consentimiento, seguridad, cultura, edad, orientación/identidad, salud física y contexto relacional. No aplicar tareas de pareja si existe coerción, violencia, miedo o falta de consentimiento.
Excitación, erección y lubricación;Dificultad de excitación subjetiva;La persona refiere baja activación, conexión erótica o interés durante encuentros.;adultos;individual/pareja;medio;"SEX_SRC010;SEX_SRC017";Manejo de ansiedad de rendimiento;Reducir presión, autoobservación, catastrofismo y evitación.;medio;individual/pareja;Plan anti-rendimiento;Sustituir objetivo de funcionar por objetivo de presencia, comunicación y disfrute.;Reducir ansiedad de desempeño.;medio;semanal;individual/pareja;media;Adaptar a consentimiento, seguridad, cultura, edad, orientación/identidad, salud física y contexto relacional. No aplicar tareas de pareja si existe coerción, violencia, miedo o falta de consentimiento.
Excitación, erección y lubricación;Dificultad de excitación subjetiva;La persona refiere baja activación, conexión erótica o interés durante encuentros.;adultos;individual/pareja;medio;"SEX_SRC010;SEX_SRC017";Plan de comunicación médico-sexual;Preparar preguntas y datos para consulta médica sobre síntomas sexuales.;bajo;médica_derivación;Preparar consulta médica por dolor;Escribir síntomas, inicio, intensidad, ciclo, medicación, preguntas y objetivos.;Facilitar derivación médica.;alto;20 min;médica_derivación;media;Adaptar a consentimiento, seguridad, cultura, edad, orientación/identidad, salud física y contexto relacional. No aplicar tareas de pareja si existe coerción, violencia, miedo o falta de consentimiento.
Excitación, erección y lubricación;Dificultad de excitación subjetiva;La persona refiere baja activación, conexión erótica o interés durante encuentros.;adultos;individual/pareja;medio;"SEX_SRC010;SEX_SRC017";Plan de comunicación médico-sexual;Preparar preguntas y datos para consulta médica sobre síntomas sexuales.;bajo;médica_derivación;Preguntas para profesional sanitario;Preparar dudas sobre medicación, dolor, menopausia, erección, lubricación o salud.;Mejorar coordinación sanitaria.;bajo;15 min;médica_derivación;media;Adaptar a consentimiento, seguridad, cultura, edad, orientación/identidad, salud física y contexto relacional. No aplicar tareas de pareja si existe coerción, violencia, miedo o falta de consentimiento.
Excitación, erección y lubricación;Dificultad de excitación subjetiva;La persona refiere baja activación, conexión erótica o interés durante encuentros.;adultos;individual/pareja;medio;"SEX_SRC010;SEX_SRC017";Coordinación interdisciplinar;Coordinar con ginecología, urología, medicina, fisioterapia de suelo pélvico o psiquiatría.;alto;médica_derivación;Autorización de coordinación interdisciplinar;Registrar consentimiento para coordinar con médico/fisio/psiquiatría si procede.;Mejorar intervención integrada.;medio;según caso;médica_derivación;alta;Adaptar a consentimiento, seguridad, cultura, edad, orientación/identidad, salud física y contexto relacional. No aplicar tareas de pareja si existe coerción, violencia, miedo o falta de consentimiento.
Excitación, erección y lubricación;Dificultad de excitación subjetiva;La persona refiere baja activación, conexión erótica o interés durante encuentros.;adultos;individual/pareja;medio;"SEX_SRC010;SEX_SRC017";Revisión de medicación y salud general;Registrar cambios y derivar al prescriptor ante posible efecto sexual farmacológico.;alto;médica_derivación;Registro de medicación y cambios sexuales;Anotar cambios de deseo, excitación u orgasmo y medicación temporalmente relacionada.;Preparar consulta médica.;alto;2-4 semanas;médica_derivación;alta;Adaptar a consentimiento, seguridad, cultura, edad, orientación/identidad, salud física y contexto relacional. No aplicar tareas de pareja si existe coerción, violencia, miedo o falta de consentimiento.
Excitación, erección y lubricación;Dificultad de lubricación;Sequedad o lubricación insuficiente con impacto en comodidad, deseo o dolor.;adultos;médica_derivación;medio;"SEX_SRC016;SEX_SRC017";Modelo biopsicosocial sexual;Analizar factores físicos, psicológicos, relacionales, culturales y contextuales.;bajo;individual/pareja;Mapa biopsicosocial sexual;Registrar factores físicos, emocionales, relacionales, culturales y contextuales.;Comprender el problema sin reducirlo a una causa única.;bajo;30 min;individual/pareja;media;Adaptar a consentimiento, seguridad, cultura, edad, orientación/identidad, salud física y contexto relacional. No aplicar tareas de pareja si existe coerción, violencia, miedo o falta de consentimiento.
Excitación, erección y lubricación;Dificultad de lubricación;Sequedad o lubricación insuficiente con impacto en comodidad, deseo o dolor.;adultos;médica_derivación;medio;"SEX_SRC016;SEX_SRC017";Modelo biopsicosocial sexual;Analizar factores físicos, psicológicos, relacionales, culturales y contextuales.;bajo;individual/pareja;Registro de prácticas de autocuidado sexual;Registrar sueño, estrés, actividad física, consumo, salud y estado emocional.;Detectar factores generales.;bajo;7 días;individual;media;Adaptar a consentimiento, seguridad, cultura, edad, orientación/identidad, salud física y contexto relacional. No aplicar tareas de pareja si existe coerción, violencia, miedo o falta de consentimiento.
Excitación, erección y lubricación;Dificultad de lubricación;Sequedad o lubricación insuficiente con impacto en comodidad, deseo o dolor.;adultos;médica_derivación;medio;"SEX_SRC016;SEX_SRC017";Historia sexual clínica estructurada;Recoger motivo, historia, salud, medicación, relación, dolor, seguridad y objetivos.;medio;clínica;Historia sexual segura y gradual;Completar cronología básica de experiencias, aprendizajes, salud y cambios, sin detalles innecesarios.;Organizar información clínica.;medio;sesión;individual;media;Adaptar a consentimiento, seguridad, cultura, edad, orientación/identidad, salud física y contexto relacional. No aplicar tareas de pareja si existe coerción, violencia, miedo o falta de consentimiento.
Excitación, erección y lubricación;Dificultad de lubricación;Sequedad o lubricación insuficiente con impacto en comodidad, deseo o dolor.;adultos;médica_derivación;medio;"SEX_SRC016;SEX_SRC017";Derivación médica/ginecológica/urológica;Indicar valoración médica ante dolor, cambios bruscos, síntomas físicos o sospecha orgánica.;alto;médica_derivación;Checklist de señales de derivación médica;Revisar dolor, cambios bruscos, sangrado, medicación, síntomas físicos o enfermedad.;Detectar necesidad de valoración médica.;alto;5-10 min;médica_derivación;alta;Adaptar a consentimiento, seguridad, cultura, edad, orientación/identidad, salud física y contexto relacional. No aplicar tareas de pareja si existe coerción, violencia, miedo o falta de consentimiento.
Excitación, erección y lubricación;Dificultad de lubricación;Sequedad o lubricación insuficiente con impacto en comodidad, deseo o dolor.;adultos;médica_derivación;medio;"SEX_SRC016;SEX_SRC017";Registro de deseo/excitación/contexto;Registrar contexto, emoción, estrés, descanso, conexión, deseo y respuesta.;bajo;individual/pareja;Registro de contexto de deseo;Anotar momento, descanso, estrés, conexión, emoción, deseo 0-10 y frenos.;Identificar patrones de deseo.;bajo;7-14 días;individual/pareja;media;Adaptar a consentimiento, seguridad, cultura, edad, orientación/identidad, salud física y contexto relacional. No aplicar tareas de pareja si existe coerción, violencia, miedo o falta de consentimiento.
Excitación, erección y lubricación;Dificultad de lubricación;Sequedad o lubricación insuficiente con impacto en comodidad, deseo o dolor.;adultos;médica_derivación;medio;"SEX_SRC016;SEX_SRC017";Mindfulness aplicado a sexualidad;Entrenar atención al presente y reducción de autoobservación/juzgar.;bajo;individual;Atención plena de sensaciones neutras;Practicar 3-5 minutos observando respiración, temperatura o contacto no sexual.;Entrenar presencia sin juicio.;bajo;diario;individual;media;Adaptar a consentimiento, seguridad, cultura, edad, orientación/identidad, salud física y contexto relacional. No aplicar tareas de pareja si existe coerción, violencia, miedo o falta de consentimiento.
Excitación, erección y lubricación;Dificultad de lubricación;Sequedad o lubricación insuficiente con impacto en comodidad, deseo o dolor.;adultos;médica_derivación;medio;"SEX_SRC016;SEX_SRC017";Educación sobre respuesta eréctil;Normalizar variabilidad, factores médicos y psicológicos, y criterios de derivación.;medio;individual/pareja;Ficha de respuesta eréctil;Registrar descanso, alcohol, estrés, medicación, contexto, ansiedad y respuesta.;Distinguir factores contextuales/médicos.;medio;7-14 días;individual;media;Adaptar a consentimiento, seguridad, cultura, edad, orientación/identidad, salud física y contexto relacional. No aplicar tareas de pareja si existe coerción, violencia, miedo o falta de consentimiento.
Excitación, erección y lubricación;Dificultad de lubricación;Sequedad o lubricación insuficiente con impacto en comodidad, deseo o dolor.;adultos;médica_derivación;medio;"SEX_SRC016;SEX_SRC017";Manejo de ansiedad de rendimiento;Reducir presión, autoobservación, catastrofismo y evitación.;medio;individual/pareja;Plan anti-rendimiento;Sustituir objetivo de funcionar por objetivo de presencia, comunicación y disfrute.;Reducir ansiedad de desempeño.;medio;semanal;individual/pareja;media;Adaptar a consentimiento, seguridad, cultura, edad, orientación/identidad, salud física y contexto relacional. No aplicar tareas de pareja si existe coerción, violencia, miedo o falta de consentimiento.
Excitación, erección y lubricación;Dificultad de lubricación;Sequedad o lubricación insuficiente con impacto en comodidad, deseo o dolor.;adultos;médica_derivación;medio;"SEX_SRC016;SEX_SRC017";Plan de comunicación médico-sexual;Preparar preguntas y datos para consulta médica sobre síntomas sexuales.;bajo;médica_derivación;Preparar consulta médica por dolor;Escribir síntomas, inicio, intensidad, ciclo, medicación, preguntas y objetivos.;Facilitar derivación médica.;alto;20 min;médica_derivación;media;Adaptar a consentimiento, seguridad, cultura, edad, orientación/identidad, salud física y contexto relacional. No aplicar tareas de pareja si existe coerción, violencia, miedo o falta de consentimiento.
Excitación, erección y lubricación;Dificultad de lubricación;Sequedad o lubricación insuficiente con impacto en comodidad, deseo o dolor.;adultos;médica_derivación;medio;"SEX_SRC016;SEX_SRC017";Plan de comunicación médico-sexual;Preparar preguntas y datos para consulta médica sobre síntomas sexuales.;bajo;médica_derivación;Preguntas para profesional sanitario;Preparar dudas sobre medicación, dolor, menopausia, erección, lubricación o salud.;Mejorar coordinación sanitaria.;bajo;15 min;médica_derivación;media;Adaptar a consentimiento, seguridad, cultura, edad, orientación/identidad, salud física y contexto relacional. No aplicar tareas de pareja si existe coerción, violencia, miedo o falta de consentimiento.
Excitación, erección y lubricación;Dificultad de lubricación;Sequedad o lubricación insuficiente con impacto en comodidad, deseo o dolor.;adultos;médica_derivación;medio;"SEX_SRC016;SEX_SRC017";Coordinación interdisciplinar;Coordinar con ginecología, urología, medicina, fisioterapia de suelo pélvico o psiquiatría.;alto;médica_derivación;Autorización de coordinación interdisciplinar;Registrar consentimiento para coordinar con médico/fisio/psiquiatría si procede.;Mejorar intervención integrada.;medio;según caso;médica_derivación;alta;Adaptar a consentimiento, seguridad, cultura, edad, orientación/identidad, salud física y contexto relacional. No aplicar tareas de pareja si existe coerción, violencia, miedo o falta de consentimiento.
Excitación, erección y lubricación;Dificultad de lubricación;Sequedad o lubricación insuficiente con impacto en comodidad, deseo o dolor.;adultos;médica_derivación;medio;"SEX_SRC016;SEX_SRC017";Revisión de medicación y salud general;Registrar cambios y derivar al prescriptor ante posible efecto sexual farmacológico.;alto;médica_derivación;Registro de medicación y cambios sexuales;Anotar cambios de deseo, excitación u orgasmo y medicación temporalmente relacionada.;Preparar consulta médica.;alto;2-4 semanas;médica_derivación;alta;Adaptar a consentimiento, seguridad, cultura, edad, orientación/identidad, salud física y contexto relacional. No aplicar tareas de pareja si existe coerción, violencia, miedo o falta de consentimiento.
Excitación, erección y lubricación;Disfunción eréctil situacional;Dificultad de erección en ciertos contextos con posible componente psicológico/relacional.;adultos;individual/pareja;medio;"SEX_SRC006;SEX_SRC013";Modelo biopsicosocial sexual;Analizar factores físicos, psicológicos, relacionales, culturales y contextuales.;bajo;individual/pareja;Mapa biopsicosocial sexual;Registrar factores físicos, emocionales, relacionales, culturales y contextuales.;Comprender el problema sin reducirlo a una causa única.;bajo;30 min;individual/pareja;media;Adaptar a consentimiento, seguridad, cultura, edad, orientación/identidad, salud física y contexto relacional. No aplicar tareas de pareja si existe coerción, violencia, miedo o falta de consentimiento.
Excitación, erección y lubricación;Disfunción eréctil situacional;Dificultad de erección en ciertos contextos con posible componente psicológico/relacional.;adultos;individual/pareja;medio;"SEX_SRC006;SEX_SRC013";Modelo biopsicosocial sexual;Analizar factores físicos, psicológicos, relacionales, culturales y contextuales.;bajo;individual/pareja;Registro de prácticas de autocuidado sexual;Registrar sueño, estrés, actividad física, consumo, salud y estado emocional.;Detectar factores generales.;bajo;7 días;individual;media;Adaptar a consentimiento, seguridad, cultura, edad, orientación/identidad, salud física y contexto relacional. No aplicar tareas de pareja si existe coerción, violencia, miedo o falta de consentimiento.
Excitación, erección y lubricación;Disfunción eréctil situacional;Dificultad de erección en ciertos contextos con posible componente psicológico/relacional.;adultos;individual/pareja;medio;"SEX_SRC006;SEX_SRC013";Historia sexual clínica estructurada;Recoger motivo, historia, salud, medicación, relación, dolor, seguridad y objetivos.;medio;clínica;Historia sexual segura y gradual;Completar cronología básica de experiencias, aprendizajes, salud y cambios, sin detalles innecesarios.;Organizar información clínica.;medio;sesión;individual;media;Adaptar a consentimiento, seguridad, cultura, edad, orientación/identidad, salud física y contexto relacional. No aplicar tareas de pareja si existe coerción, violencia, miedo o falta de consentimiento.
Excitación, erección y lubricación;Disfunción eréctil situacional;Dificultad de erección en ciertos contextos con posible componente psicológico/relacional.;adultos;individual/pareja;medio;"SEX_SRC006;SEX_SRC013";Derivación médica/ginecológica/urológica;Indicar valoración médica ante dolor, cambios bruscos, síntomas físicos o sospecha orgánica.;alto;médica_derivación;Checklist de señales de derivación médica;Revisar dolor, cambios bruscos, sangrado, medicación, síntomas físicos o enfermedad.;Detectar necesidad de valoración médica.;alto;5-10 min;médica_derivación;alta;Adaptar a consentimiento, seguridad, cultura, edad, orientación/identidad, salud física y contexto relacional. No aplicar tareas de pareja si existe coerción, violencia, miedo o falta de consentimiento.
Excitación, erección y lubricación;Disfunción eréctil situacional;Dificultad de erección en ciertos contextos con posible componente psicológico/relacional.;adultos;individual/pareja;medio;"SEX_SRC006;SEX_SRC013";Registro de deseo/excitación/contexto;Registrar contexto, emoción, estrés, descanso, conexión, deseo y respuesta.;bajo;individual/pareja;Registro de contexto de deseo;Anotar momento, descanso, estrés, conexión, emoción, deseo 0-10 y frenos.;Identificar patrones de deseo.;bajo;7-14 días;individual/pareja;media;Adaptar a consentimiento, seguridad, cultura, edad, orientación/identidad, salud física y contexto relacional. No aplicar tareas de pareja si existe coerción, violencia, miedo o falta de consentimiento.
Excitación, erección y lubricación;Disfunción eréctil situacional;Dificultad de erección en ciertos contextos con posible componente psicológico/relacional.;adultos;individual/pareja;medio;"SEX_SRC006;SEX_SRC013";Mindfulness aplicado a sexualidad;Entrenar atención al presente y reducción de autoobservación/juzgar.;bajo;individual;Atención plena de sensaciones neutras;Practicar 3-5 minutos observando respiración, temperatura o contacto no sexual.;Entrenar presencia sin juicio.;bajo;diario;individual;media;Adaptar a consentimiento, seguridad, cultura, edad, orientación/identidad, salud física y contexto relacional. No aplicar tareas de pareja si existe coerción, violencia, miedo o falta de consentimiento.
Excitación, erección y lubricación;Disfunción eréctil situacional;Dificultad de erección en ciertos contextos con posible componente psicológico/relacional.;adultos;individual/pareja;medio;"SEX_SRC006;SEX_SRC013";Educación sobre respuesta eréctil;Normalizar variabilidad, factores médicos y psicológicos, y criterios de derivación.;medio;individual/pareja;Ficha de respuesta eréctil;Registrar descanso, alcohol, estrés, medicación, contexto, ansiedad y respuesta.;Distinguir factores contextuales/médicos.;medio;7-14 días;individual;media;Adaptar a consentimiento, seguridad, cultura, edad, orientación/identidad, salud física y contexto relacional. No aplicar tareas de pareja si existe coerción, violencia, miedo o falta de consentimiento.
Excitación, erección y lubricación;Disfunción eréctil situacional;Dificultad de erección en ciertos contextos con posible componente psicológico/relacional.;adultos;individual/pareja;medio;"SEX_SRC006;SEX_SRC013";Manejo de ansiedad de rendimiento;Reducir presión, autoobservación, catastrofismo y evitación.;medio;individual/pareja;Plan anti-rendimiento;Sustituir objetivo de funcionar por objetivo de presencia, comunicación y disfrute.;Reducir ansiedad de desempeño.;medio;semanal;individual/pareja;media;Adaptar a consentimiento, seguridad, cultura, edad, orientación/identidad, salud física y contexto relacional. No aplicar tareas de pareja si existe coerción, violencia, miedo o falta de consentimiento.
Excitación, erección y lubricación;Disfunción eréctil situacional;Dificultad de erección en ciertos contextos con posible componente psicológico/relacional.;adultos;individual/pareja;medio;"SEX_SRC006;SEX_SRC013";Plan de comunicación médico-sexual;Preparar preguntas y datos para consulta médica sobre síntomas sexuales.;bajo;médica_derivación;Preparar consulta médica por dolor;Escribir síntomas, inicio, intensidad, ciclo, medicación, preguntas y objetivos.;Facilitar derivación médica.;alto;20 min;médica_derivación;media;Adaptar a consentimiento, seguridad, cultura, edad, orientación/identidad, salud física y contexto relacional. No aplicar tareas de pareja si existe coerción, violencia, miedo o falta de consentimiento.
Excitación, erección y lubricación;Disfunción eréctil situacional;Dificultad de erección en ciertos contextos con posible componente psicológico/relacional.;adultos;individual/pareja;medio;"SEX_SRC006;SEX_SRC013";Plan de comunicación médico-sexual;Preparar preguntas y datos para consulta médica sobre síntomas sexuales.;bajo;médica_derivación;Preguntas para profesional sanitario;Preparar dudas sobre medicación, dolor, menopausia, erección, lubricación o salud.;Mejorar coordinación sanitaria.;bajo;15 min;médica_derivación;media;Adaptar a consentimiento, seguridad, cultura, edad, orientación/identidad, salud física y contexto relacional. No aplicar tareas de pareja si existe coerción, violencia, miedo o falta de consentimiento.
Excitación, erección y lubricación;Disfunción eréctil situacional;Dificultad de erección en ciertos contextos con posible componente psicológico/relacional.;adultos;individual/pareja;medio;"SEX_SRC006;SEX_SRC013";Coordinación interdisciplinar;Coordinar con ginecología, urología, medicina, fisioterapia de suelo pélvico o psiquiatría.;alto;médica_derivación;Autorización de coordinación interdisciplinar;Registrar consentimiento para coordinar con médico/fisio/psiquiatría si procede.;Mejorar intervención integrada.;medio;según caso;médica_derivación;alta;Adaptar a consentimiento, seguridad, cultura, edad, orientación/identidad, salud física y contexto relacional. No aplicar tareas de pareja si existe coerción, violencia, miedo o falta de consentimiento.
Excitación, erección y lubricación;Disfunción eréctil situacional;Dificultad de erección en ciertos contextos con posible componente psicológico/relacional.;adultos;individual/pareja;medio;"SEX_SRC006;SEX_SRC013";Revisión de medicación y salud general;Registrar cambios y derivar al prescriptor ante posible efecto sexual farmacológico.;alto;médica_derivación;Registro de medicación y cambios sexuales;Anotar cambios de deseo, excitación u orgasmo y medicación temporalmente relacionada.;Preparar consulta médica.;alto;2-4 semanas;médica_derivación;alta;Adaptar a consentimiento, seguridad, cultura, edad, orientación/identidad, salud física y contexto relacional. No aplicar tareas de pareja si existe coerción, violencia, miedo o falta de consentimiento.
Excitación, erección y lubricación;Disfunción eréctil persistente o de inicio brusco;Dificultad mantenida o cambio súbito que requiere valoración médica.;adultos;médica_derivación;alto;"SEX_SRC006;SEX_SRC008";Modelo biopsicosocial sexual;Analizar factores físicos, psicológicos, relacionales, culturales y contextuales.;bajo;individual/pareja;Mapa biopsicosocial sexual;Registrar factores físicos, emocionales, relacionales, culturales y contextuales.;Comprender el problema sin reducirlo a una causa única.;bajo;30 min;individual/pareja;media;Adaptar a consentimiento, seguridad, cultura, edad, orientación/identidad, salud física y contexto relacional. No aplicar tareas de pareja si existe coerción, violencia, miedo o falta de consentimiento.
Excitación, erección y lubricación;Disfunción eréctil persistente o de inicio brusco;Dificultad mantenida o cambio súbito que requiere valoración médica.;adultos;médica_derivación;alto;"SEX_SRC006;SEX_SRC008";Modelo biopsicosocial sexual;Analizar factores físicos, psicológicos, relacionales, culturales y contextuales.;bajo;individual/pareja;Registro de prácticas de autocuidado sexual;Registrar sueño, estrés, actividad física, consumo, salud y estado emocional.;Detectar factores generales.;bajo;7 días;individual;media;Adaptar a consentimiento, seguridad, cultura, edad, orientación/identidad, salud física y contexto relacional. No aplicar tareas de pareja si existe coerción, violencia, miedo o falta de consentimiento.
Excitación, erección y lubricación;Disfunción eréctil persistente o de inicio brusco;Dificultad mantenida o cambio súbito que requiere valoración médica.;adultos;médica_derivación;alto;"SEX_SRC006;SEX_SRC008";Historia sexual clínica estructurada;Recoger motivo, historia, salud, medicación, relación, dolor, seguridad y objetivos.;medio;clínica;Historia sexual segura y gradual;Completar cronología básica de experiencias, aprendizajes, salud y cambios, sin detalles innecesarios.;Organizar información clínica.;medio;sesión;individual;media;Adaptar a consentimiento, seguridad, cultura, edad, orientación/identidad, salud física y contexto relacional. No aplicar tareas de pareja si existe coerción, violencia, miedo o falta de consentimiento.
Excitación, erección y lubricación;Disfunción eréctil persistente o de inicio brusco;Dificultad mantenida o cambio súbito que requiere valoración médica.;adultos;médica_derivación;alto;"SEX_SRC006;SEX_SRC008";Derivación médica/ginecológica/urológica;Indicar valoración médica ante dolor, cambios bruscos, síntomas físicos o sospecha orgánica.;alto;médica_derivación;Checklist de señales de derivación médica;Revisar dolor, cambios bruscos, sangrado, medicación, síntomas físicos o enfermedad.;Detectar necesidad de valoración médica.;alto;5-10 min;médica_derivación;alta;Adaptar a consentimiento, seguridad, cultura, edad, orientación/identidad, salud física y contexto relacional. No aplicar tareas de pareja si existe coerción, violencia, miedo o falta de consentimiento.
Excitación, erección y lubricación;Disfunción eréctil persistente o de inicio brusco;Dificultad mantenida o cambio súbito que requiere valoración médica.;adultos;médica_derivación;alto;"SEX_SRC006;SEX_SRC008";Registro de deseo/excitación/contexto;Registrar contexto, emoción, estrés, descanso, conexión, deseo y respuesta.;bajo;individual/pareja;Registro de contexto de deseo;Anotar momento, descanso, estrés, conexión, emoción, deseo 0-10 y frenos.;Identificar patrones de deseo.;bajo;7-14 días;individual/pareja;media;Adaptar a consentimiento, seguridad, cultura, edad, orientación/identidad, salud física y contexto relacional. No aplicar tareas de pareja si existe coerción, violencia, miedo o falta de consentimiento.
Excitación, erección y lubricación;Disfunción eréctil persistente o de inicio brusco;Dificultad mantenida o cambio súbito que requiere valoración médica.;adultos;médica_derivación;alto;"SEX_SRC006;SEX_SRC008";Mindfulness aplicado a sexualidad;Entrenar atención al presente y reducción de autoobservación/juzgar.;bajo;individual;Atención plena de sensaciones neutras;Practicar 3-5 minutos observando respiración, temperatura o contacto no sexual.;Entrenar presencia sin juicio.;bajo;diario;individual;media;Adaptar a consentimiento, seguridad, cultura, edad, orientación/identidad, salud física y contexto relacional. No aplicar tareas de pareja si existe coerción, violencia, miedo o falta de consentimiento.
Excitación, erección y lubricación;Disfunción eréctil persistente o de inicio brusco;Dificultad mantenida o cambio súbito que requiere valoración médica.;adultos;médica_derivación;alto;"SEX_SRC006;SEX_SRC008";Educación sobre respuesta eréctil;Normalizar variabilidad, factores médicos y psicológicos, y criterios de derivación.;medio;individual/pareja;Ficha de respuesta eréctil;Registrar descanso, alcohol, estrés, medicación, contexto, ansiedad y respuesta.;Distinguir factores contextuales/médicos.;medio;7-14 días;individual;media;Adaptar a consentimiento, seguridad, cultura, edad, orientación/identidad, salud física y contexto relacional. No aplicar tareas de pareja si existe coerción, violencia, miedo o falta de consentimiento.
Excitación, erección y lubricación;Disfunción eréctil persistente o de inicio brusco;Dificultad mantenida o cambio súbito que requiere valoración médica.;adultos;médica_derivación;alto;"SEX_SRC006;SEX_SRC008";Manejo de ansiedad de rendimiento;Reducir presión, autoobservación, catastrofismo y evitación.;medio;individual/pareja;Plan anti-rendimiento;Sustituir objetivo de funcionar por objetivo de presencia, comunicación y disfrute.;Reducir ansiedad de desempeño.;medio;semanal;individual/pareja;media;Adaptar a consentimiento, seguridad, cultura, edad, orientación/identidad, salud física y contexto relacional. No aplicar tareas de pareja si existe coerción, violencia, miedo o falta de consentimiento.
Excitación, erección y lubricación;Disfunción eréctil persistente o de inicio brusco;Dificultad mantenida o cambio súbito que requiere valoración médica.;adultos;médica_derivación;alto;"SEX_SRC006;SEX_SRC008";Plan de comunicación médico-sexual;Preparar preguntas y datos para consulta médica sobre síntomas sexuales.;bajo;médica_derivación;Preparar consulta médica por dolor;Escribir síntomas, inicio, intensidad, ciclo, medicación, preguntas y objetivos.;Facilitar derivación médica.;alto;20 min;médica_derivación;media;Adaptar a consentimiento, seguridad, cultura, edad, orientación/identidad, salud física y contexto relacional. No aplicar tareas de pareja si existe coerción, violencia, miedo o falta de consentimiento.
Excitación, erección y lubricación;Disfunción eréctil persistente o de inicio brusco;Dificultad mantenida o cambio súbito que requiere valoración médica.;adultos;médica_derivación;alto;"SEX_SRC006;SEX_SRC008";Plan de comunicación médico-sexual;Preparar preguntas y datos para consulta médica sobre síntomas sexuales.;bajo;médica_derivación;Preguntas para profesional sanitario;Preparar dudas sobre medicación, dolor, menopausia, erección, lubricación o salud.;Mejorar coordinación sanitaria.;bajo;15 min;médica_derivación;media;Adaptar a consentimiento, seguridad, cultura, edad, orientación/identidad, salud física y contexto relacional. No aplicar tareas de pareja si existe coerción, violencia, miedo o falta de consentimiento.
Excitación, erección y lubricación;Disfunción eréctil persistente o de inicio brusco;Dificultad mantenida o cambio súbito que requiere valoración médica.;adultos;médica_derivación;alto;"SEX_SRC006;SEX_SRC008";Coordinación interdisciplinar;Coordinar con ginecología, urología, medicina, fisioterapia de suelo pélvico o psiquiatría.;alto;médica_derivación;Autorización de coordinación interdisciplinar;Registrar consentimiento para coordinar con médico/fisio/psiquiatría si procede.;Mejorar intervención integrada.;medio;según caso;médica_derivación;alta;Adaptar a consentimiento, seguridad, cultura, edad, orientación/identidad, salud física y contexto relacional. No aplicar tareas de pareja si existe coerción, violencia, miedo o falta de consentimiento.
Excitación, erección y lubricación;Disfunción eréctil persistente o de inicio brusco;Dificultad mantenida o cambio súbito que requiere valoración médica.;adultos;médica_derivación;alto;"SEX_SRC006;SEX_SRC008";Revisión de medicación y salud general;Registrar cambios y derivar al prescriptor ante posible efecto sexual farmacológico.;alto;médica_derivación;Registro de medicación y cambios sexuales;Anotar cambios de deseo, excitación u orgasmo y medicación temporalmente relacionada.;Preparar consulta médica.;alto;2-4 semanas;médica_derivación;alta;Adaptar a consentimiento, seguridad, cultura, edad, orientación/identidad, salud física y contexto relacional. No aplicar tareas de pareja si existe coerción, violencia, miedo o falta de consentimiento.
Excitación, erección y lubricación;Pérdida de excitación por autoobservación;Monitorización excesiva del cuerpo o rendimiento que interrumpe la excitación.;adultos;individual/pareja;medio;"SEX_SRC010;SEX_SRC014";Modelo biopsicosocial sexual;Analizar factores físicos, psicológicos, relacionales, culturales y contextuales.;bajo;individual/pareja;Mapa biopsicosocial sexual;Registrar factores físicos, emocionales, relacionales, culturales y contextuales.;Comprender el problema sin reducirlo a una causa única.;bajo;30 min;individual/pareja;media;Adaptar a consentimiento, seguridad, cultura, edad, orientación/identidad, salud física y contexto relacional. No aplicar tareas de pareja si existe coerción, violencia, miedo o falta de consentimiento.
Excitación, erección y lubricación;Pérdida de excitación por autoobservación;Monitorización excesiva del cuerpo o rendimiento que interrumpe la excitación.;adultos;individual/pareja;medio;"SEX_SRC010;SEX_SRC014";Modelo biopsicosocial sexual;Analizar factores físicos, psicológicos, relacionales, culturales y contextuales.;bajo;individual/pareja;Registro de prácticas de autocuidado sexual;Registrar sueño, estrés, actividad física, consumo, salud y estado emocional.;Detectar factores generales.;bajo;7 días;individual;media;Adaptar a consentimiento, seguridad, cultura, edad, orientación/identidad, salud física y contexto relacional. No aplicar tareas de pareja si existe coerción, violencia, miedo o falta de consentimiento.
Excitación, erección y lubricación;Pérdida de excitación por autoobservación;Monitorización excesiva del cuerpo o rendimiento que interrumpe la excitación.;adultos;individual/pareja;medio;"SEX_SRC010;SEX_SRC014";Historia sexual clínica estructurada;Recoger motivo, historia, salud, medicación, relación, dolor, seguridad y objetivos.;medio;clínica;Historia sexual segura y gradual;Completar cronología básica de experiencias, aprendizajes, salud y cambios, sin detalles innecesarios.;Organizar información clínica.;medio;sesión;individual;media;Adaptar a consentimiento, seguridad, cultura, edad, orientación/identidad, salud física y contexto relacional. No aplicar tareas de pareja si existe coerción, violencia, miedo o falta de consentimiento.
Excitación, erección y lubricación;Pérdida de excitación por autoobservación;Monitorización excesiva del cuerpo o rendimiento que interrumpe la excitación.;adultos;individual/pareja;medio;"SEX_SRC010;SEX_SRC014";Derivación médica/ginecológica/urológica;Indicar valoración médica ante dolor, cambios bruscos, síntomas físicos o sospecha orgánica.;alto;médica_derivación;Checklist de señales de derivación médica;Revisar dolor, cambios bruscos, sangrado, medicación, síntomas físicos o enfermedad.;Detectar necesidad de valoración médica.;alto;5-10 min;médica_derivación;alta;Adaptar a consentimiento, seguridad, cultura, edad, orientación/identidad, salud física y contexto relacional. No aplicar tareas de pareja si existe coerción, violencia, miedo o falta de consentimiento.
Excitación, erección y lubricación;Pérdida de excitación por autoobservación;Monitorización excesiva del cuerpo o rendimiento que interrumpe la excitación.;adultos;individual/pareja;medio;"SEX_SRC010;SEX_SRC014";Registro de deseo/excitación/contexto;Registrar contexto, emoción, estrés, descanso, conexión, deseo y respuesta.;bajo;individual/pareja;Registro de contexto de deseo;Anotar momento, descanso, estrés, conexión, emoción, deseo 0-10 y frenos.;Identificar patrones de deseo.;bajo;7-14 días;individual/pareja;media;Adaptar a consentimiento, seguridad, cultura, edad, orientación/identidad, salud física y contexto relacional. No aplicar tareas de pareja si existe coerción, violencia, miedo o falta de consentimiento.
Excitación, erección y lubricación;Pérdida de excitación por autoobservación;Monitorización excesiva del cuerpo o rendimiento que interrumpe la excitación.;adultos;individual/pareja;medio;"SEX_SRC010;SEX_SRC014";Mindfulness aplicado a sexualidad;Entrenar atención al presente y reducción de autoobservación/juzgar.;bajo;individual;Atención plena de sensaciones neutras;Practicar 3-5 minutos observando respiración, temperatura o contacto no sexual.;Entrenar presencia sin juicio.;bajo;diario;individual;media;Adaptar a consentimiento, seguridad, cultura, edad, orientación/identidad, salud física y contexto relacional. No aplicar tareas de pareja si existe coerción, violencia, miedo o falta de consentimiento.
Excitación, erección y lubricación;Pérdida de excitación por autoobservación;Monitorización excesiva del cuerpo o rendimiento que interrumpe la excitación.;adultos;individual/pareja;medio;"SEX_SRC010;SEX_SRC014";Educación sobre respuesta eréctil;Normalizar variabilidad, factores médicos y psicológicos, y criterios de derivación.;medio;individual/pareja;Ficha de respuesta eréctil;Registrar descanso, alcohol, estrés, medicación, contexto, ansiedad y respuesta.;Distinguir factores contextuales/médicos.;medio;7-14 días;individual;media;Adaptar a consentimiento, seguridad, cultura, edad, orientación/identidad, salud física y contexto relacional. No aplicar tareas de pareja si existe coerción, violencia, miedo o falta de consentimiento.
Excitación, erección y lubricación;Pérdida de excitación por autoobservación;Monitorización excesiva del cuerpo o rendimiento que interrumpe la excitación.;adultos;individual/pareja;medio;"SEX_SRC010;SEX_SRC014";Manejo de ansiedad de rendimiento;Reducir presión, autoobservación, catastrofismo y evitación.;medio;individual/pareja;Plan anti-rendimiento;Sustituir objetivo de funcionar por objetivo de presencia, comunicación y disfrute.;Reducir ansiedad de desempeño.;medio;semanal;individual/pareja;media;Adaptar a consentimiento, seguridad, cultura, edad, orientación/identidad, salud física y contexto relacional. No aplicar tareas de pareja si existe coerción, violencia, miedo o falta de consentimiento.
Excitación, erección y lubricación;Pérdida de excitación por autoobservación;Monitorización excesiva del cuerpo o rendimiento que interrumpe la excitación.;adultos;individual/pareja;medio;"SEX_SRC010;SEX_SRC014";Plan de comunicación médico-sexual;Preparar preguntas y datos para consulta médica sobre síntomas sexuales.;bajo;médica_derivación;Preparar consulta médica por dolor;Escribir síntomas, inicio, intensidad, ciclo, medicación, preguntas y objetivos.;Facilitar derivación médica.;alto;20 min;médica_derivación;media;Adaptar a consentimiento, seguridad, cultura, edad, orientación/identidad, salud física y contexto relacional. No aplicar tareas de pareja si existe coerción, violencia, miedo o falta de consentimiento.
Excitación, erección y lubricación;Pérdida de excitación por autoobservación;Monitorización excesiva del cuerpo o rendimiento que interrumpe la excitación.;adultos;individual/pareja;medio;"SEX_SRC010;SEX_SRC014";Plan de comunicación médico-sexual;Preparar preguntas y datos para consulta médica sobre síntomas sexuales.;bajo;médica_derivación;Preguntas para profesional sanitario;Preparar dudas sobre medicación, dolor, menopausia, erección, lubricación o salud.;Mejorar coordinación sanitaria.;bajo;15 min;médica_derivación;media;Adaptar a consentimiento, seguridad, cultura, edad, orientación/identidad, salud física y contexto relacional. No aplicar tareas de pareja si existe coerción, violencia, miedo o falta de consentimiento.
Excitación, erección y lubricación;Pérdida de excitación por autoobservación;Monitorización excesiva del cuerpo o rendimiento que interrumpe la excitación.;adultos;individual/pareja;medio;"SEX_SRC010;SEX_SRC014";Coordinación interdisciplinar;Coordinar con ginecología, urología, medicina, fisioterapia de suelo pélvico o psiquiatría.;alto;médica_derivación;Autorización de coordinación interdisciplinar;Registrar consentimiento para coordinar con médico/fisio/psiquiatría si procede.;Mejorar intervención integrada.;medio;según caso;médica_derivación;alta;Adaptar a consentimiento, seguridad, cultura, edad, orientación/identidad, salud física y contexto relacional. No aplicar tareas de pareja si existe coerción, violencia, miedo o falta de consentimiento.
Excitación, erección y lubricación;Pérdida de excitación por autoobservación;Monitorización excesiva del cuerpo o rendimiento que interrumpe la excitación.;adultos;individual/pareja;medio;"SEX_SRC010;SEX_SRC014";Revisión de medicación y salud general;Registrar cambios y derivar al prescriptor ante posible efecto sexual farmacológico.;alto;médica_derivación;Registro de medicación y cambios sexuales;Anotar cambios de deseo, excitación u orgasmo y medicación temporalmente relacionada.;Preparar consulta médica.;alto;2-4 semanas;médica_derivación;alta;Adaptar a consentimiento, seguridad, cultura, edad, orientación/identidad, salud física y contexto relacional. No aplicar tareas de pareja si existe coerción, violencia, miedo o falta de consentimiento.
Orgasmo y eyaculación;Eyaculación precoz con malestar;Eyaculación antes de lo deseado, con bajo control percibido y malestar.;adultos;individual/pareja;medio;"SEX_SRC007;SEX_SRC011";Modelo biopsicosocial sexual;Analizar factores físicos, psicológicos, relacionales, culturales y contextuales.;bajo;individual/pareja;Mapa biopsicosocial sexual;Registrar factores físicos, emocionales, relacionales, culturales y contextuales.;Comprender el problema sin reducirlo a una causa única.;bajo;30 min;individual/pareja;media;Adaptar a consentimiento, seguridad, cultura, edad, orientación/identidad, salud física y contexto relacional. No aplicar tareas de pareja si existe coerción, violencia, miedo o falta de consentimiento.
Orgasmo y eyaculación;Eyaculación precoz con malestar;Eyaculación antes de lo deseado, con bajo control percibido y malestar.;adultos;individual/pareja;medio;"SEX_SRC007;SEX_SRC011";Modelo biopsicosocial sexual;Analizar factores físicos, psicológicos, relacionales, culturales y contextuales.;bajo;individual/pareja;Registro de prácticas de autocuidado sexual;Registrar sueño, estrés, actividad física, consumo, salud y estado emocional.;Detectar factores generales.;bajo;7 días;individual;media;Adaptar a consentimiento, seguridad, cultura, edad, orientación/identidad, salud física y contexto relacional. No aplicar tareas de pareja si existe coerción, violencia, miedo o falta de consentimiento.
Orgasmo y eyaculación;Eyaculación precoz con malestar;Eyaculación antes de lo deseado, con bajo control percibido y malestar.;adultos;individual/pareja;medio;"SEX_SRC007;SEX_SRC011";Registro de deseo/excitación/contexto;Registrar contexto, emoción, estrés, descanso, conexión, deseo y respuesta.;bajo;individual/pareja;Registro de contexto de deseo;Anotar momento, descanso, estrés, conexión, emoción, deseo 0-10 y frenos.;Identificar patrones de deseo.;bajo;7-14 días;individual/pareja;media;Adaptar a consentimiento, seguridad, cultura, edad, orientación/identidad, salud física y contexto relacional. No aplicar tareas de pareja si existe coerción, violencia, miedo o falta de consentimiento.
Orgasmo y eyaculación;Eyaculación precoz con malestar;Eyaculación antes de lo deseado, con bajo control percibido y malestar.;adultos;individual/pareja;medio;"SEX_SRC007;SEX_SRC011";Mindfulness aplicado a sexualidad;Entrenar atención al presente y reducción de autoobservación/juzgar.;bajo;individual;Atención plena de sensaciones neutras;Practicar 3-5 minutos observando respiración, temperatura o contacto no sexual.;Entrenar presencia sin juicio.;bajo;diario;individual;media;Adaptar a consentimiento, seguridad, cultura, edad, orientación/identidad, salud física y contexto relacional. No aplicar tareas de pareja si existe coerción, violencia, miedo o falta de consentimiento.
Orgasmo y eyaculación;Eyaculación precoz con malestar;Eyaculación antes de lo deseado, con bajo control percibido y malestar.;adultos;individual/pareja;medio;"SEX_SRC007;SEX_SRC011";Reestructuración de mitos sexuales;Identificar y flexibilizar creencias rígidas sobre deseo, cuerpo, orgasmo o rendimiento.;bajo;individual/pareja;Registro de mitos sexuales;Anotar creencia, origen, emoción, coste y alternativa flexible.;Flexibilizar expectativas.;bajo;7 días;individual/pareja;media;Adaptar a consentimiento, seguridad, cultura, edad, orientación/identidad, salud física y contexto relacional. No aplicar tareas de pareja si existe coerción, violencia, miedo o falta de consentimiento.
Orgasmo y eyaculación;Eyaculación precoz con malestar;Eyaculación antes de lo deseado, con bajo control percibido y malestar.;adultos;individual/pareja;medio;"SEX_SRC007;SEX_SRC011";Manejo de ansiedad de rendimiento;Reducir presión, autoobservación, catastrofismo y evitación.;medio;individual/pareja;Plan anti-rendimiento;Sustituir objetivo de funcionar por objetivo de presencia, comunicación y disfrute.;Reducir ansiedad de desempeño.;medio;semanal;individual/pareja;media;Adaptar a consentimiento, seguridad, cultura, edad, orientación/identidad, salud física y contexto relacional. No aplicar tareas de pareja si existe coerción, violencia, miedo o falta de consentimiento.
Orgasmo y eyaculación;Eyaculación precoz con malestar;Eyaculación antes de lo deseado, con bajo control percibido y malestar.;adultos;individual/pareja;medio;"SEX_SRC007;SEX_SRC011";Técnicas psicosexuales para eyaculación precoz;Entrenamiento conductual general, comunicación y reducción de ansiedad, bajo guía profesional.;medio;individual/pareja;Registro de control eyaculatorio percibido;Registrar ansiedad, contexto, control percibido y comunicación, sin prácticas explícitas.;Entender patrón de eyaculación precoz.;medio;7-14 días;individual/pareja;media;Adaptar a consentimiento, seguridad, cultura, edad, orientación/identidad, salud física y contexto relacional. No aplicar tareas de pareja si existe coerción, violencia, miedo o falta de consentimiento.
Orgasmo y eyaculación;Eyaculación precoz con malestar;Eyaculación antes de lo deseado, con bajo control percibido y malestar.;adultos;individual/pareja;medio;"SEX_SRC007;SEX_SRC011";Trabajo con dificultad orgásmica;Reducir presión, aumentar conocimiento de respuesta, comunicación y atención sensorial.;medio;individual/pareja;Mapa de presión orgásmica;Identificar cuándo aparece presión por orgasmo y qué la aumenta/reduce.;Reducir exigencia.;medio;7 días;individual/pareja;media;Adaptar a consentimiento, seguridad, cultura, edad, orientación/identidad, salud física y contexto relacional. No aplicar tareas de pareja si existe coerción, violencia, miedo o falta de consentimiento.
Orgasmo y eyaculación;Eyaculación precoz con malestar;Eyaculación antes de lo deseado, con bajo control percibido y malestar.;adultos;individual/pareja;medio;"SEX_SRC007;SEX_SRC011";Plan de prevención de recaídas;Detectar señales tempranas, barreras, acuerdos y estrategias de mantenimiento.;bajo;individual/pareja;Plan de mantenimiento;Señales tempranas, estrategias útiles, acuerdos y fecha de revisión.;Prevenir recaídas.;bajo;mensual;individual/pareja;media;Adaptar a consentimiento, seguridad, cultura, edad, orientación/identidad, salud física y contexto relacional. No aplicar tareas de pareja si existe coerción, violencia, miedo o falta de consentimiento.
Orgasmo y eyaculación;Eyaculación retardada o dificultad orgásmica masculina;Retraso o dificultad persistente para eyacular/orgasmar con malestar.;adultos;médica_derivación;medio;"SEX_SRC007;SEX_SRC008";Modelo biopsicosocial sexual;Analizar factores físicos, psicológicos, relacionales, culturales y contextuales.;bajo;individual/pareja;Mapa biopsicosocial sexual;Registrar factores físicos, emocionales, relacionales, culturales y contextuales.;Comprender el problema sin reducirlo a una causa única.;bajo;30 min;individual/pareja;media;Adaptar a consentimiento, seguridad, cultura, edad, orientación/identidad, salud física y contexto relacional. No aplicar tareas de pareja si existe coerción, violencia, miedo o falta de consentimiento.
Orgasmo y eyaculación;Eyaculación retardada o dificultad orgásmica masculina;Retraso o dificultad persistente para eyacular/orgasmar con malestar.;adultos;médica_derivación;medio;"SEX_SRC007;SEX_SRC008";Modelo biopsicosocial sexual;Analizar factores físicos, psicológicos, relacionales, culturales y contextuales.;bajo;individual/pareja;Registro de prácticas de autocuidado sexual;Registrar sueño, estrés, actividad física, consumo, salud y estado emocional.;Detectar factores generales.;bajo;7 días;individual;media;Adaptar a consentimiento, seguridad, cultura, edad, orientación/identidad, salud física y contexto relacional. No aplicar tareas de pareja si existe coerción, violencia, miedo o falta de consentimiento.
Orgasmo y eyaculación;Eyaculación retardada o dificultad orgásmica masculina;Retraso o dificultad persistente para eyacular/orgasmar con malestar.;adultos;médica_derivación;medio;"SEX_SRC007;SEX_SRC008";Registro de deseo/excitación/contexto;Registrar contexto, emoción, estrés, descanso, conexión, deseo y respuesta.;bajo;individual/pareja;Registro de contexto de deseo;Anotar momento, descanso, estrés, conexión, emoción, deseo 0-10 y frenos.;Identificar patrones de deseo.;bajo;7-14 días;individual/pareja;media;Adaptar a consentimiento, seguridad, cultura, edad, orientación/identidad, salud física y contexto relacional. No aplicar tareas de pareja si existe coerción, violencia, miedo o falta de consentimiento.
Orgasmo y eyaculación;Eyaculación retardada o dificultad orgásmica masculina;Retraso o dificultad persistente para eyacular/orgasmar con malestar.;adultos;médica_derivación;medio;"SEX_SRC007;SEX_SRC008";Mindfulness aplicado a sexualidad;Entrenar atención al presente y reducción de autoobservación/juzgar.;bajo;individual;Atención plena de sensaciones neutras;Practicar 3-5 minutos observando respiración, temperatura o contacto no sexual.;Entrenar presencia sin juicio.;bajo;diario;individual;media;Adaptar a consentimiento, seguridad, cultura, edad, orientación/identidad, salud física y contexto relacional. No aplicar tareas de pareja si existe coerción, violencia, miedo o falta de consentimiento.
Orgasmo y eyaculación;Eyaculación retardada o dificultad orgásmica masculina;Retraso o dificultad persistente para eyacular/orgasmar con malestar.;adultos;médica_derivación;medio;"SEX_SRC007;SEX_SRC008";Reestructuración de mitos sexuales;Identificar y flexibilizar creencias rígidas sobre deseo, cuerpo, orgasmo o rendimiento.;bajo;individual/pareja;Registro de mitos sexuales;Anotar creencia, origen, emoción, coste y alternativa flexible.;Flexibilizar expectativas.;bajo;7 días;individual/pareja;media;Adaptar a consentimiento, seguridad, cultura, edad, orientación/identidad, salud física y contexto relacional. No aplicar tareas de pareja si existe coerción, violencia, miedo o falta de consentimiento.
Orgasmo y eyaculación;Eyaculación retardada o dificultad orgásmica masculina;Retraso o dificultad persistente para eyacular/orgasmar con malestar.;adultos;médica_derivación;medio;"SEX_SRC007;SEX_SRC008";Manejo de ansiedad de rendimiento;Reducir presión, autoobservación, catastrofismo y evitación.;medio;individual/pareja;Plan anti-rendimiento;Sustituir objetivo de funcionar por objetivo de presencia, comunicación y disfrute.;Reducir ansiedad de desempeño.;medio;semanal;individual/pareja;media;Adaptar a consentimiento, seguridad, cultura, edad, orientación/identidad, salud física y contexto relacional. No aplicar tareas de pareja si existe coerción, violencia, miedo o falta de consentimiento.
Orgasmo y eyaculación;Eyaculación retardada o dificultad orgásmica masculina;Retraso o dificultad persistente para eyacular/orgasmar con malestar.;adultos;médica_derivación;medio;"SEX_SRC007;SEX_SRC008";Técnicas psicosexuales para eyaculación precoz;Entrenamiento conductual general, comunicación y reducción de ansiedad, bajo guía profesional.;medio;individual/pareja;Registro de control eyaculatorio percibido;Registrar ansiedad, contexto, control percibido y comunicación, sin prácticas explícitas.;Entender patrón de eyaculación precoz.;medio;7-14 días;individual/pareja;media;Adaptar a consentimiento, seguridad, cultura, edad, orientación/identidad, salud física y contexto relacional. No aplicar tareas de pareja si existe coerción, violencia, miedo o falta de consentimiento.
Orgasmo y eyaculación;Eyaculación retardada o dificultad orgásmica masculina;Retraso o dificultad persistente para eyacular/orgasmar con malestar.;adultos;médica_derivación;medio;"SEX_SRC007;SEX_SRC008";Trabajo con dificultad orgásmica;Reducir presión, aumentar conocimiento de respuesta, comunicación y atención sensorial.;medio;individual/pareja;Mapa de presión orgásmica;Identificar cuándo aparece presión por orgasmo y qué la aumenta/reduce.;Reducir exigencia.;medio;7 días;individual/pareja;media;Adaptar a consentimiento, seguridad, cultura, edad, orientación/identidad, salud física y contexto relacional. No aplicar tareas de pareja si existe coerción, violencia, miedo o falta de consentimiento.
Orgasmo y eyaculación;Eyaculación retardada o dificultad orgásmica masculina;Retraso o dificultad persistente para eyacular/orgasmar con malestar.;adultos;médica_derivación;medio;"SEX_SRC007;SEX_SRC008";Plan de prevención de recaídas;Detectar señales tempranas, barreras, acuerdos y estrategias de mantenimiento.;bajo;individual/pareja;Plan de mantenimiento;Señales tempranas, estrategias útiles, acuerdos y fecha de revisión.;Prevenir recaídas.;bajo;mensual;individual/pareja;media;Adaptar a consentimiento, seguridad, cultura, edad, orientación/identidad, salud física y contexto relacional. No aplicar tareas de pareja si existe coerción, violencia, miedo o falta de consentimiento.
Orgasmo y eyaculación;Anorgasmia femenina;Dificultad persistente para alcanzar orgasmo con malestar, pese a estimulación suficiente y contexto adecuado.;adultos;individual/pareja;medio;"SEX_SRC010;SEX_SRC017";Modelo biopsicosocial sexual;Analizar factores físicos, psicológicos, relacionales, culturales y contextuales.;bajo;individual/pareja;Mapa biopsicosocial sexual;Registrar factores físicos, emocionales, relacionales, culturales y contextuales.;Comprender el problema sin reducirlo a una causa única.;bajo;30 min;individual/pareja;media;Adaptar a consentimiento, seguridad, cultura, edad, orientación/identidad, salud física y contexto relacional. No aplicar tareas de pareja si existe coerción, violencia, miedo o falta de consentimiento.
Orgasmo y eyaculación;Anorgasmia femenina;Dificultad persistente para alcanzar orgasmo con malestar, pese a estimulación suficiente y contexto adecuado.;adultos;individual/pareja;medio;"SEX_SRC010;SEX_SRC017";Modelo biopsicosocial sexual;Analizar factores físicos, psicológicos, relacionales, culturales y contextuales.;bajo;individual/pareja;Registro de prácticas de autocuidado sexual;Registrar sueño, estrés, actividad física, consumo, salud y estado emocional.;Detectar factores generales.;bajo;7 días;individual;media;Adaptar a consentimiento, seguridad, cultura, edad, orientación/identidad, salud física y contexto relacional. No aplicar tareas de pareja si existe coerción, violencia, miedo o falta de consentimiento.
Orgasmo y eyaculación;Anorgasmia femenina;Dificultad persistente para alcanzar orgasmo con malestar, pese a estimulación suficiente y contexto adecuado.;adultos;individual/pareja;medio;"SEX_SRC010;SEX_SRC017";Registro de deseo/excitación/contexto;Registrar contexto, emoción, estrés, descanso, conexión, deseo y respuesta.;bajo;individual/pareja;Registro de contexto de deseo;Anotar momento, descanso, estrés, conexión, emoción, deseo 0-10 y frenos.;Identificar patrones de deseo.;bajo;7-14 días;individual/pareja;media;Adaptar a consentimiento, seguridad, cultura, edad, orientación/identidad, salud física y contexto relacional. No aplicar tareas de pareja si existe coerción, violencia, miedo o falta de consentimiento.
Orgasmo y eyaculación;Anorgasmia femenina;Dificultad persistente para alcanzar orgasmo con malestar, pese a estimulación suficiente y contexto adecuado.;adultos;individual/pareja;medio;"SEX_SRC010;SEX_SRC017";Mindfulness aplicado a sexualidad;Entrenar atención al presente y reducción de autoobservación/juzgar.;bajo;individual;Atención plena de sensaciones neutras;Practicar 3-5 minutos observando respiración, temperatura o contacto no sexual.;Entrenar presencia sin juicio.;bajo;diario;individual;media;Adaptar a consentimiento, seguridad, cultura, edad, orientación/identidad, salud física y contexto relacional. No aplicar tareas de pareja si existe coerción, violencia, miedo o falta de consentimiento.
Orgasmo y eyaculación;Anorgasmia femenina;Dificultad persistente para alcanzar orgasmo con malestar, pese a estimulación suficiente y contexto adecuado.;adultos;individual/pareja;medio;"SEX_SRC010;SEX_SRC017";Reestructuración de mitos sexuales;Identificar y flexibilizar creencias rígidas sobre deseo, cuerpo, orgasmo o rendimiento.;bajo;individual/pareja;Registro de mitos sexuales;Anotar creencia, origen, emoción, coste y alternativa flexible.;Flexibilizar expectativas.;bajo;7 días;individual/pareja;media;Adaptar a consentimiento, seguridad, cultura, edad, orientación/identidad, salud física y contexto relacional. No aplicar tareas de pareja si existe coerción, violencia, miedo o falta de consentimiento.
Orgasmo y eyaculación;Anorgasmia femenina;Dificultad persistente para alcanzar orgasmo con malestar, pese a estimulación suficiente y contexto adecuado.;adultos;individual/pareja;medio;"SEX_SRC010;SEX_SRC017";Manejo de ansiedad de rendimiento;Reducir presión, autoobservación, catastrofismo y evitación.;medio;individual/pareja;Plan anti-rendimiento;Sustituir objetivo de funcionar por objetivo de presencia, comunicación y disfrute.;Reducir ansiedad de desempeño.;medio;semanal;individual/pareja;media;Adaptar a consentimiento, seguridad, cultura, edad, orientación/identidad, salud física y contexto relacional. No aplicar tareas de pareja si existe coerción, violencia, miedo o falta de consentimiento.
Orgasmo y eyaculación;Anorgasmia femenina;Dificultad persistente para alcanzar orgasmo con malestar, pese a estimulación suficiente y contexto adecuado.;adultos;individual/pareja;medio;"SEX_SRC010;SEX_SRC017";Técnicas psicosexuales para eyaculación precoz;Entrenamiento conductual general, comunicación y reducción de ansiedad, bajo guía profesional.;medio;individual/pareja;Registro de control eyaculatorio percibido;Registrar ansiedad, contexto, control percibido y comunicación, sin prácticas explícitas.;Entender patrón de eyaculación precoz.;medio;7-14 días;individual/pareja;media;Adaptar a consentimiento, seguridad, cultura, edad, orientación/identidad, salud física y contexto relacional. No aplicar tareas de pareja si existe coerción, violencia, miedo o falta de consentimiento.
Orgasmo y eyaculación;Anorgasmia femenina;Dificultad persistente para alcanzar orgasmo con malestar, pese a estimulación suficiente y contexto adecuado.;adultos;individual/pareja;medio;"SEX_SRC010;SEX_SRC017";Trabajo con dificultad orgásmica;Reducir presión, aumentar conocimiento de respuesta, comunicación y atención sensorial.;medio;individual/pareja;Mapa de presión orgásmica;Identificar cuándo aparece presión por orgasmo y qué la aumenta/reduce.;Reducir exigencia.;medio;7 días;individual/pareja;media;Adaptar a consentimiento, seguridad, cultura, edad, orientación/identidad, salud física y contexto relacional. No aplicar tareas de pareja si existe coerción, violencia, miedo o falta de consentimiento.
Orgasmo y eyaculación;Anorgasmia femenina;Dificultad persistente para alcanzar orgasmo con malestar, pese a estimulación suficiente y contexto adecuado.;adultos;individual/pareja;medio;"SEX_SRC010;SEX_SRC017";Plan de prevención de recaídas;Detectar señales tempranas, barreras, acuerdos y estrategias de mantenimiento.;bajo;individual/pareja;Plan de mantenimiento;Señales tempranas, estrategias útiles, acuerdos y fecha de revisión.;Prevenir recaídas.;bajo;mensual;individual/pareja;media;Adaptar a consentimiento, seguridad, cultura, edad, orientación/identidad, salud física y contexto relacional. No aplicar tareas de pareja si existe coerción, violencia, miedo o falta de consentimiento.
Orgasmo y eyaculación;Dificultad orgásmica situacional;La dificultad aparece solo con determinadas prácticas, pareja o contexto.;adultos;individual/pareja;bajo;"SEX_SRC010;SEX_SRC012";Modelo biopsicosocial sexual;Analizar factores físicos, psicológicos, relacionales, culturales y contextuales.;bajo;individual/pareja;Mapa biopsicosocial sexual;Registrar factores físicos, emocionales, relacionales, culturales y contextuales.;Comprender el problema sin reducirlo a una causa única.;bajo;30 min;individual/pareja;media;Adaptar a consentimiento, seguridad, cultura, edad, orientación/identidad, salud física y contexto relacional. No aplicar tareas de pareja si existe coerción, violencia, miedo o falta de consentimiento.
Orgasmo y eyaculación;Dificultad orgásmica situacional;La dificultad aparece solo con determinadas prácticas, pareja o contexto.;adultos;individual/pareja;bajo;"SEX_SRC010;SEX_SRC012";Modelo biopsicosocial sexual;Analizar factores físicos, psicológicos, relacionales, culturales y contextuales.;bajo;individual/pareja;Registro de prácticas de autocuidado sexual;Registrar sueño, estrés, actividad física, consumo, salud y estado emocional.;Detectar factores generales.;bajo;7 días;individual;media;Adaptar a consentimiento, seguridad, cultura, edad, orientación/identidad, salud física y contexto relacional. No aplicar tareas de pareja si existe coerción, violencia, miedo o falta de consentimiento.
Orgasmo y eyaculación;Dificultad orgásmica situacional;La dificultad aparece solo con determinadas prácticas, pareja o contexto.;adultos;individual/pareja;bajo;"SEX_SRC010;SEX_SRC012";Registro de deseo/excitación/contexto;Registrar contexto, emoción, estrés, descanso, conexión, deseo y respuesta.;bajo;individual/pareja;Registro de contexto de deseo;Anotar momento, descanso, estrés, conexión, emoción, deseo 0-10 y frenos.;Identificar patrones de deseo.;bajo;7-14 días;individual/pareja;media;Adaptar a consentimiento, seguridad, cultura, edad, orientación/identidad, salud física y contexto relacional. No aplicar tareas de pareja si existe coerción, violencia, miedo o falta de consentimiento.
Orgasmo y eyaculación;Dificultad orgásmica situacional;La dificultad aparece solo con determinadas prácticas, pareja o contexto.;adultos;individual/pareja;bajo;"SEX_SRC010;SEX_SRC012";Mindfulness aplicado a sexualidad;Entrenar atención al presente y reducción de autoobservación/juzgar.;bajo;individual;Atención plena de sensaciones neutras;Practicar 3-5 minutos observando respiración, temperatura o contacto no sexual.;Entrenar presencia sin juicio.;bajo;diario;individual;media;Adaptar a consentimiento, seguridad, cultura, edad, orientación/identidad, salud física y contexto relacional. No aplicar tareas de pareja si existe coerción, violencia, miedo o falta de consentimiento.
Orgasmo y eyaculación;Dificultad orgásmica situacional;La dificultad aparece solo con determinadas prácticas, pareja o contexto.;adultos;individual/pareja;bajo;"SEX_SRC010;SEX_SRC012";Reestructuración de mitos sexuales;Identificar y flexibilizar creencias rígidas sobre deseo, cuerpo, orgasmo o rendimiento.;bajo;individual/pareja;Registro de mitos sexuales;Anotar creencia, origen, emoción, coste y alternativa flexible.;Flexibilizar expectativas.;bajo;7 días;individual/pareja;media;Adaptar a consentimiento, seguridad, cultura, edad, orientación/identidad, salud física y contexto relacional. No aplicar tareas de pareja si existe coerción, violencia, miedo o falta de consentimiento.
Orgasmo y eyaculación;Dificultad orgásmica situacional;La dificultad aparece solo con determinadas prácticas, pareja o contexto.;adultos;individual/pareja;bajo;"SEX_SRC010;SEX_SRC012";Manejo de ansiedad de rendimiento;Reducir presión, autoobservación, catastrofismo y evitación.;medio;individual/pareja;Plan anti-rendimiento;Sustituir objetivo de funcionar por objetivo de presencia, comunicación y disfrute.;Reducir ansiedad de desempeño.;medio;semanal;individual/pareja;media;Adaptar a consentimiento, seguridad, cultura, edad, orientación/identidad, salud física y contexto relacional. No aplicar tareas de pareja si existe coerción, violencia, miedo o falta de consentimiento.
Orgasmo y eyaculación;Dificultad orgásmica situacional;La dificultad aparece solo con determinadas prácticas, pareja o contexto.;adultos;individual/pareja;bajo;"SEX_SRC010;SEX_SRC012";Técnicas psicosexuales para eyaculación precoz;Entrenamiento conductual general, comunicación y reducción de ansiedad, bajo guía profesional.;medio;individual/pareja;Registro de control eyaculatorio percibido;Registrar ansiedad, contexto, control percibido y comunicación, sin prácticas explícitas.;Entender patrón de eyaculación precoz.;medio;7-14 días;individual/pareja;media;Adaptar a consentimiento, seguridad, cultura, edad, orientación/identidad, salud física y contexto relacional. No aplicar tareas de pareja si existe coerción, violencia, miedo o falta de consentimiento.
Orgasmo y eyaculación;Dificultad orgásmica situacional;La dificultad aparece solo con determinadas prácticas, pareja o contexto.;adultos;individual/pareja;bajo;"SEX_SRC010;SEX_SRC012";Trabajo con dificultad orgásmica;Reducir presión, aumentar conocimiento de respuesta, comunicación y atención sensorial.;medio;individual/pareja;Mapa de presión orgásmica;Identificar cuándo aparece presión por orgasmo y qué la aumenta/reduce.;Reducir exigencia.;medio;7 días;individual/pareja;media;Adaptar a consentimiento, seguridad, cultura, edad, orientación/identidad, salud física y contexto relacional. No aplicar tareas de pareja si existe coerción, violencia, miedo o falta de consentimiento.
Orgasmo y eyaculación;Dificultad orgásmica situacional;La dificultad aparece solo con determinadas prácticas, pareja o contexto.;adultos;individual/pareja;bajo;"SEX_SRC010;SEX_SRC012";Plan de prevención de recaídas;Detectar señales tempranas, barreras, acuerdos y estrategias de mantenimiento.;bajo;individual/pareja;Plan de mantenimiento;Señales tempranas, estrategias útiles, acuerdos y fecha de revisión.;Prevenir recaídas.;bajo;mensual;individual/pareja;media;Adaptar a consentimiento, seguridad, cultura, edad, orientación/identidad, salud física y contexto relacional. No aplicar tareas de pareja si existe coerción, violencia, miedo o falta de consentimiento.
Orgasmo y eyaculación;Ansiedad por alcanzar orgasmo;Presión por llegar al orgasmo que interfiere con placer y conexión.;adultos;individual/pareja;medio;"SEX_SRC010;SEX_SRC014";Modelo biopsicosocial sexual;Analizar factores físicos, psicológicos, relacionales, culturales y contextuales.;bajo;individual/pareja;Mapa biopsicosocial sexual;Registrar factores físicos, emocionales, relacionales, culturales y contextuales.;Comprender el problema sin reducirlo a una causa única.;bajo;30 min;individual/pareja;media;Adaptar a consentimiento, seguridad, cultura, edad, orientación/identidad, salud física y contexto relacional. No aplicar tareas de pareja si existe coerción, violencia, miedo o falta de consentimiento.
Orgasmo y eyaculación;Ansiedad por alcanzar orgasmo;Presión por llegar al orgasmo que interfiere con placer y conexión.;adultos;individual/pareja;medio;"SEX_SRC010;SEX_SRC014";Modelo biopsicosocial sexual;Analizar factores físicos, psicológicos, relacionales, culturales y contextuales.;bajo;individual/pareja;Registro de prácticas de autocuidado sexual;Registrar sueño, estrés, actividad física, consumo, salud y estado emocional.;Detectar factores generales.;bajo;7 días;individual;media;Adaptar a consentimiento, seguridad, cultura, edad, orientación/identidad, salud física y contexto relacional. No aplicar tareas de pareja si existe coerción, violencia, miedo o falta de consentimiento.
Orgasmo y eyaculación;Ansiedad por alcanzar orgasmo;Presión por llegar al orgasmo que interfiere con placer y conexión.;adultos;individual/pareja;medio;"SEX_SRC010;SEX_SRC014";Registro de deseo/excitación/contexto;Registrar contexto, emoción, estrés, descanso, conexión, deseo y respuesta.;bajo;individual/pareja;Registro de contexto de deseo;Anotar momento, descanso, estrés, conexión, emoción, deseo 0-10 y frenos.;Identificar patrones de deseo.;bajo;7-14 días;individual/pareja;media;Adaptar a consentimiento, seguridad, cultura, edad, orientación/identidad, salud física y contexto relacional. No aplicar tareas de pareja si existe coerción, violencia, miedo o falta de consentimiento.
Orgasmo y eyaculación;Ansiedad por alcanzar orgasmo;Presión por llegar al orgasmo que interfiere con placer y conexión.;adultos;individual/pareja;medio;"SEX_SRC010;SEX_SRC014";Mindfulness aplicado a sexualidad;Entrenar atención al presente y reducción de autoobservación/juzgar.;bajo;individual;Atención plena de sensaciones neutras;Practicar 3-5 minutos observando respiración, temperatura o contacto no sexual.;Entrenar presencia sin juicio.;bajo;diario;individual;media;Adaptar a consentimiento, seguridad, cultura, edad, orientación/identidad, salud física y contexto relacional. No aplicar tareas de pareja si existe coerción, violencia, miedo o falta de consentimiento.
Orgasmo y eyaculación;Ansiedad por alcanzar orgasmo;Presión por llegar al orgasmo que interfiere con placer y conexión.;adultos;individual/pareja;medio;"SEX_SRC010;SEX_SRC014";Reestructuración de mitos sexuales;Identificar y flexibilizar creencias rígidas sobre deseo, cuerpo, orgasmo o rendimiento.;bajo;individual/pareja;Registro de mitos sexuales;Anotar creencia, origen, emoción, coste y alternativa flexible.;Flexibilizar expectativas.;bajo;7 días;individual/pareja;media;Adaptar a consentimiento, seguridad, cultura, edad, orientación/identidad, salud física y contexto relacional. No aplicar tareas de pareja si existe coerción, violencia, miedo o falta de consentimiento.
Orgasmo y eyaculación;Ansiedad por alcanzar orgasmo;Presión por llegar al orgasmo que interfiere con placer y conexión.;adultos;individual/pareja;medio;"SEX_SRC010;SEX_SRC014";Manejo de ansiedad de rendimiento;Reducir presión, autoobservación, catastrofismo y evitación.;medio;individual/pareja;Plan anti-rendimiento;Sustituir objetivo de funcionar por objetivo de presencia, comunicación y disfrute.;Reducir ansiedad de desempeño.;medio;semanal;individual/pareja;media;Adaptar a consentimiento, seguridad, cultura, edad, orientación/identidad, salud física y contexto relacional. No aplicar tareas de pareja si existe coerción, violencia, miedo o falta de consentimiento.
Orgasmo y eyaculación;Ansiedad por alcanzar orgasmo;Presión por llegar al orgasmo que interfiere con placer y conexión.;adultos;individual/pareja;medio;"SEX_SRC010;SEX_SRC014";Técnicas psicosexuales para eyaculación precoz;Entrenamiento conductual general, comunicación y reducción de ansiedad, bajo guía profesional.;medio;individual/pareja;Registro de control eyaculatorio percibido;Registrar ansiedad, contexto, control percibido y comunicación, sin prácticas explícitas.;Entender patrón de eyaculación precoz.;medio;7-14 días;individual/pareja;media;Adaptar a consentimiento, seguridad, cultura, edad, orientación/identidad, salud física y contexto relacional. No aplicar tareas de pareja si existe coerción, violencia, miedo o falta de consentimiento.
Orgasmo y eyaculación;Ansiedad por alcanzar orgasmo;Presión por llegar al orgasmo que interfiere con placer y conexión.;adultos;individual/pareja;medio;"SEX_SRC010;SEX_SRC014";Trabajo con dificultad orgásmica;Reducir presión, aumentar conocimiento de respuesta, comunicación y atención sensorial.;medio;individual/pareja;Mapa de presión orgásmica;Identificar cuándo aparece presión por orgasmo y qué la aumenta/reduce.;Reducir exigencia.;medio;7 días;individual/pareja;media;Adaptar a consentimiento, seguridad, cultura, edad, orientación/identidad, salud física y contexto relacional. No aplicar tareas de pareja si existe coerción, violencia, miedo o falta de consentimiento.
Orgasmo y eyaculación;Ansiedad por alcanzar orgasmo;Presión por llegar al orgasmo que interfiere con placer y conexión.;adultos;individual/pareja;medio;"SEX_SRC010;SEX_SRC014";Plan de prevención de recaídas;Detectar señales tempranas, barreras, acuerdos y estrategias de mantenimiento.;bajo;individual/pareja;Plan de mantenimiento;Señales tempranas, estrategias útiles, acuerdos y fecha de revisión.;Prevenir recaídas.;bajo;mensual;individual/pareja;media;Adaptar a consentimiento, seguridad, cultura, edad, orientación/identidad, salud física y contexto relacional. No aplicar tareas de pareja si existe coerción, violencia, miedo o falta de consentimiento.
Dolor sexual y penetración;Dolor durante penetración;Dolor genital o pélvico durante intentos de penetración o actividad sexual.;adultos;médica_derivación;alto;"SEX_SRC017;SEX_SRC013";Historia sexual clínica estructurada;Recoger motivo, historia, salud, medicación, relación, dolor, seguridad y objetivos.;medio;clínica;Historia sexual segura y gradual;Completar cronología básica de experiencias, aprendizajes, salud y cambios, sin detalles innecesarios.;Organizar información clínica.;medio;sesión;individual;media;Adaptar a consentimiento, seguridad, cultura, edad, orientación/identidad, salud física y contexto relacional. No aplicar tareas de pareja si existe coerción, violencia, miedo o falta de consentimiento.
Dolor sexual y penetración;Dolor durante penetración;Dolor genital o pélvico durante intentos de penetración o actividad sexual.;adultos;médica_derivación;alto;"SEX_SRC017;SEX_SRC013";Derivación médica/ginecológica/urológica;Indicar valoración médica ante dolor, cambios bruscos, síntomas físicos o sospecha orgánica.;alto;médica_derivación;Checklist de señales de derivación médica;Revisar dolor, cambios bruscos, sangrado, medicación, síntomas físicos o enfermedad.;Detectar necesidad de valoración médica.;alto;5-10 min;médica_derivación;alta;Adaptar a consentimiento, seguridad, cultura, edad, orientación/identidad, salud física y contexto relacional. No aplicar tareas de pareja si existe coerción, violencia, miedo o falta de consentimiento.
Dolor sexual y penetración;Dolor durante penetración;Dolor genital o pélvico durante intentos de penetración o actividad sexual.;adultos;médica_derivación;alto;"SEX_SRC017;SEX_SRC013";Plan de dolor sexual con derivación;Coordinar con medicina/fisioterapia, evitar forzar dolor y trabajar miedo/anticipación.;alto;médica_derivación;Plan sin dolor;"Acordar que ninguna práctica debe forzar dolor; registrar molestias y derivaciones.";Priorizar seguridad en dolor sexual.;alto;inmediato;pareja/individual;alta;Adaptar a consentimiento, seguridad, cultura, edad, orientación/identidad, salud física y contexto relacional. No aplicar tareas de pareja si existe coerción, violencia, miedo o falta de consentimiento.
Dolor sexual y penetración;Dolor durante penetración;Dolor genital o pélvico durante intentos de penetración o actividad sexual.;adultos;médica_derivación;alto;"SEX_SRC017;SEX_SRC013";Plan de dolor sexual con derivación;Coordinar con medicina/fisioterapia, evitar forzar dolor y trabajar miedo/anticipación.;alto;médica_derivación;Registro de dolor/malestar;Anotar intensidad, localización, contexto y factores, sin forzar repetición.;Información para derivación y cuidado.;alto;según caso;médica_derivación;alta;Adaptar a consentimiento, seguridad, cultura, edad, orientación/identidad, salud física y contexto relacional. No aplicar tareas de pareja si existe coerción, violencia, miedo o falta de consentimiento.
Dolor sexual y penetración;Dolor durante penetración;Dolor genital o pélvico durante intentos de penetración o actividad sexual.;adultos;médica_derivación;alto;"SEX_SRC017;SEX_SRC013";Regulación del sistema nervioso;Respiración, grounding, pausa y recursos de seguridad ante activación.;medio;individual;Escala de activación corporal;Valorar activación 0-10 y elegir estrategia de regulación antes de intimidad.;Prevenir bloqueo o sobrecarga.;medio;cada situación;individual;media;Adaptar a consentimiento, seguridad, cultura, edad, orientación/identidad, salud física y contexto relacional. No aplicar tareas de pareja si existe coerción, violencia, miedo o falta de consentimiento.
Dolor sexual y penetración;Dolor durante penetración;Dolor genital o pélvico durante intentos de penetración o actividad sexual.;adultos;médica_derivación;alto;"SEX_SRC017;SEX_SRC013";Regulación del sistema nervioso;Respiración, grounding, pausa y recursos de seguridad ante activación.;medio;individual;Grounding 5-4-3-2-1;Practicar orientación al presente si aparecen activadores o desconexión.;Aumentar seguridad y presencia.;alto;cuando proceda;individual;media;Adaptar a consentimiento, seguridad, cultura, edad, orientación/identidad, salud física y contexto relacional. No aplicar tareas de pareja si existe coerción, violencia, miedo o falta de consentimiento.
Dolor sexual y penetración;Dolor durante penetración;Dolor genital o pélvico durante intentos de penetración o actividad sexual.;adultos;médica_derivación;alto;"SEX_SRC017;SEX_SRC013";Plan de comunicación médico-sexual;Preparar preguntas y datos para consulta médica sobre síntomas sexuales.;bajo;médica_derivación;Preparar consulta médica por dolor;Escribir síntomas, inicio, intensidad, ciclo, medicación, preguntas y objetivos.;Facilitar derivación médica.;alto;20 min;médica_derivación;media;Adaptar a consentimiento, seguridad, cultura, edad, orientación/identidad, salud física y contexto relacional. No aplicar tareas de pareja si existe coerción, violencia, miedo o falta de consentimiento.
Dolor sexual y penetración;Dolor durante penetración;Dolor genital o pélvico durante intentos de penetración o actividad sexual.;adultos;médica_derivación;alto;"SEX_SRC017;SEX_SRC013";Plan de comunicación médico-sexual;Preparar preguntas y datos para consulta médica sobre síntomas sexuales.;bajo;médica_derivación;Preguntas para profesional sanitario;Preparar dudas sobre medicación, dolor, menopausia, erección, lubricación o salud.;Mejorar coordinación sanitaria.;bajo;15 min;médica_derivación;media;Adaptar a consentimiento, seguridad, cultura, edad, orientación/identidad, salud física y contexto relacional. No aplicar tareas de pareja si existe coerción, violencia, miedo o falta de consentimiento.
Dolor sexual y penetración;Dolor durante penetración;Dolor genital o pélvico durante intentos de penetración o actividad sexual.;adultos;médica_derivación;alto;"SEX_SRC017;SEX_SRC013";Coordinación interdisciplinar;Coordinar con ginecología, urología, medicina, fisioterapia de suelo pélvico o psiquiatría.;alto;médica_derivación;Autorización de coordinación interdisciplinar;Registrar consentimiento para coordinar con médico/fisio/psiquiatría si procede.;Mejorar intervención integrada.;medio;según caso;médica_derivación;alta;Adaptar a consentimiento, seguridad, cultura, edad, orientación/identidad, salud física y contexto relacional. No aplicar tareas de pareja si existe coerción, violencia, miedo o falta de consentimiento.
Dolor sexual y penetración;Dolor durante penetración;Dolor genital o pélvico durante intentos de penetración o actividad sexual.;adultos;médica_derivación;alto;"SEX_SRC017;SEX_SRC013";Plan de prevención de recaídas;Detectar señales tempranas, barreras, acuerdos y estrategias de mantenimiento.;bajo;individual/pareja;Plan de mantenimiento;Señales tempranas, estrategias útiles, acuerdos y fecha de revisión.;Prevenir recaídas.;bajo;mensual;individual/pareja;media;Adaptar a consentimiento, seguridad, cultura, edad, orientación/identidad, salud física y contexto relacional. No aplicar tareas de pareja si existe coerción, violencia, miedo o falta de consentimiento.
Dolor sexual y penetración;Vaginismo / dificultad de penetración;Contracción, miedo o imposibilidad de penetración con malestar.;adultos;médica_derivación;alto;"SEX_SRC017;SEX_SRC012";Historia sexual clínica estructurada;Recoger motivo, historia, salud, medicación, relación, dolor, seguridad y objetivos.;medio;clínica;Historia sexual segura y gradual;Completar cronología básica de experiencias, aprendizajes, salud y cambios, sin detalles innecesarios.;Organizar información clínica.;medio;sesión;individual;media;Adaptar a consentimiento, seguridad, cultura, edad, orientación/identidad, salud física y contexto relacional. No aplicar tareas de pareja si existe coerción, violencia, miedo o falta de consentimiento.
Dolor sexual y penetración;Vaginismo / dificultad de penetración;Contracción, miedo o imposibilidad de penetración con malestar.;adultos;médica_derivación;alto;"SEX_SRC017;SEX_SRC012";Derivación médica/ginecológica/urológica;Indicar valoración médica ante dolor, cambios bruscos, síntomas físicos o sospecha orgánica.;alto;médica_derivación;Checklist de señales de derivación médica;Revisar dolor, cambios bruscos, sangrado, medicación, síntomas físicos o enfermedad.;Detectar necesidad de valoración médica.;alto;5-10 min;médica_derivación;alta;Adaptar a consentimiento, seguridad, cultura, edad, orientación/identidad, salud física y contexto relacional. No aplicar tareas de pareja si existe coerción, violencia, miedo o falta de consentimiento.
Dolor sexual y penetración;Vaginismo / dificultad de penetración;Contracción, miedo o imposibilidad de penetración con malestar.;adultos;médica_derivación;alto;"SEX_SRC017;SEX_SRC012";Plan de dolor sexual con derivación;Coordinar con medicina/fisioterapia, evitar forzar dolor y trabajar miedo/anticipación.;alto;médica_derivación;Plan sin dolor;"Acordar que ninguna práctica debe forzar dolor; registrar molestias y derivaciones.";Priorizar seguridad en dolor sexual.;alto;inmediato;pareja/individual;alta;Adaptar a consentimiento, seguridad, cultura, edad, orientación/identidad, salud física y contexto relacional. No aplicar tareas de pareja si existe coerción, violencia, miedo o falta de consentimiento.
Dolor sexual y penetración;Vaginismo / dificultad de penetración;Contracción, miedo o imposibilidad de penetración con malestar.;adultos;médica_derivación;alto;"SEX_SRC017;SEX_SRC012";Plan de dolor sexual con derivación;Coordinar con medicina/fisioterapia, evitar forzar dolor y trabajar miedo/anticipación.;alto;médica_derivación;Registro de dolor/malestar;Anotar intensidad, localización, contexto y factores, sin forzar repetición.;Información para derivación y cuidado.;alto;según caso;médica_derivación;alta;Adaptar a consentimiento, seguridad, cultura, edad, orientación/identidad, salud física y contexto relacional. No aplicar tareas de pareja si existe coerción, violencia, miedo o falta de consentimiento.
Dolor sexual y penetración;Vaginismo / dificultad de penetración;Contracción, miedo o imposibilidad de penetración con malestar.;adultos;médica_derivación;alto;"SEX_SRC017;SEX_SRC012";Regulación del sistema nervioso;Respiración, grounding, pausa y recursos de seguridad ante activación.;medio;individual;Escala de activación corporal;Valorar activación 0-10 y elegir estrategia de regulación antes de intimidad.;Prevenir bloqueo o sobrecarga.;medio;cada situación;individual;media;Adaptar a consentimiento, seguridad, cultura, edad, orientación/identidad, salud física y contexto relacional. No aplicar tareas de pareja si existe coerción, violencia, miedo o falta de consentimiento.
Dolor sexual y penetración;Vaginismo / dificultad de penetración;Contracción, miedo o imposibilidad de penetración con malestar.;adultos;médica_derivación;alto;"SEX_SRC017;SEX_SRC012";Regulación del sistema nervioso;Respiración, grounding, pausa y recursos de seguridad ante activación.;medio;individual;Grounding 5-4-3-2-1;Practicar orientación al presente si aparecen activadores o desconexión.;Aumentar seguridad y presencia.;alto;cuando proceda;individual;media;Adaptar a consentimiento, seguridad, cultura, edad, orientación/identidad, salud física y contexto relacional. No aplicar tareas de pareja si existe coerción, violencia, miedo o falta de consentimiento.
Dolor sexual y penetración;Vaginismo / dificultad de penetración;Contracción, miedo o imposibilidad de penetración con malestar.;adultos;médica_derivación;alto;"SEX_SRC017;SEX_SRC012";Plan de comunicación médico-sexual;Preparar preguntas y datos para consulta médica sobre síntomas sexuales.;bajo;médica_derivación;Preparar consulta médica por dolor;Escribir síntomas, inicio, intensidad, ciclo, medicación, preguntas y objetivos.;Facilitar derivación médica.;alto;20 min;médica_derivación;media;Adaptar a consentimiento, seguridad, cultura, edad, orientación/identidad, salud física y contexto relacional. No aplicar tareas de pareja si existe coerción, violencia, miedo o falta de consentimiento.
Dolor sexual y penetración;Vaginismo / dificultad de penetración;Contracción, miedo o imposibilidad de penetración con malestar.;adultos;médica_derivación;alto;"SEX_SRC017;SEX_SRC012";Plan de comunicación médico-sexual;Preparar preguntas y datos para consulta médica sobre síntomas sexuales.;bajo;médica_derivación;Preguntas para profesional sanitario;Preparar dudas sobre medicación, dolor, menopausia, erección, lubricación o salud.;Mejorar coordinación sanitaria.;bajo;15 min;médica_derivación;media;Adaptar a consentimiento, seguridad, cultura, edad, orientación/identidad, salud física y contexto relacional. No aplicar tareas de pareja si existe coerción, violencia, miedo o falta de consentimiento.
Dolor sexual y penetración;Vaginismo / dificultad de penetración;Contracción, miedo o imposibilidad de penetración con malestar.;adultos;médica_derivación;alto;"SEX_SRC017;SEX_SRC012";Coordinación interdisciplinar;Coordinar con ginecología, urología, medicina, fisioterapia de suelo pélvico o psiquiatría.;alto;médica_derivación;Autorización de coordinación interdisciplinar;Registrar consentimiento para coordinar con médico/fisio/psiquiatría si procede.;Mejorar intervención integrada.;medio;según caso;médica_derivación;alta;Adaptar a consentimiento, seguridad, cultura, edad, orientación/identidad, salud física y contexto relacional. No aplicar tareas de pareja si existe coerción, violencia, miedo o falta de consentimiento.
Dolor sexual y penetración;Vaginismo / dificultad de penetración;Contracción, miedo o imposibilidad de penetración con malestar.;adultos;médica_derivación;alto;"SEX_SRC017;SEX_SRC012";Plan de prevención de recaídas;Detectar señales tempranas, barreras, acuerdos y estrategias de mantenimiento.;bajo;individual/pareja;Plan de mantenimiento;Señales tempranas, estrategias útiles, acuerdos y fecha de revisión.;Prevenir recaídas.;bajo;mensual;individual/pareja;media;Adaptar a consentimiento, seguridad, cultura, edad, orientación/identidad, salud física y contexto relacional. No aplicar tareas de pareja si existe coerción, violencia, miedo o falta de consentimiento.
Dolor sexual y penetración;Evitación sexual por dolor anticipado;Evitación de intimidad por miedo a dolor, tensión o experiencias previas.;adultos;individual/pareja;alto;"SEX_SRC017;SEX_SRC010";Historia sexual clínica estructurada;Recoger motivo, historia, salud, medicación, relación, dolor, seguridad y objetivos.;medio;clínica;Historia sexual segura y gradual;Completar cronología básica de experiencias, aprendizajes, salud y cambios, sin detalles innecesarios.;Organizar información clínica.;medio;sesión;individual;media;Adaptar a consentimiento, seguridad, cultura, edad, orientación/identidad, salud física y contexto relacional. No aplicar tareas de pareja si existe coerción, violencia, miedo o falta de consentimiento.
Dolor sexual y penetración;Evitación sexual por dolor anticipado;Evitación de intimidad por miedo a dolor, tensión o experiencias previas.;adultos;individual/pareja;alto;"SEX_SRC017;SEX_SRC010";Derivación médica/ginecológica/urológica;Indicar valoración médica ante dolor, cambios bruscos, síntomas físicos o sospecha orgánica.;alto;médica_derivación;Checklist de señales de derivación médica;Revisar dolor, cambios bruscos, sangrado, medicación, síntomas físicos o enfermedad.;Detectar necesidad de valoración médica.;alto;5-10 min;médica_derivación;alta;Adaptar a consentimiento, seguridad, cultura, edad, orientación/identidad, salud física y contexto relacional. No aplicar tareas de pareja si existe coerción, violencia, miedo o falta de consentimiento.
Dolor sexual y penetración;Evitación sexual por dolor anticipado;Evitación de intimidad por miedo a dolor, tensión o experiencias previas.;adultos;individual/pareja;alto;"SEX_SRC017;SEX_SRC010";Plan de dolor sexual con derivación;Coordinar con medicina/fisioterapia, evitar forzar dolor y trabajar miedo/anticipación.;alto;médica_derivación;Plan sin dolor;"Acordar que ninguna práctica debe forzar dolor; registrar molestias y derivaciones.";Priorizar seguridad en dolor sexual.;alto;inmediato;pareja/individual;alta;Adaptar a consentimiento, seguridad, cultura, edad, orientación/identidad, salud física y contexto relacional. No aplicar tareas de pareja si existe coerción, violencia, miedo o falta de consentimiento.
Dolor sexual y penetración;Evitación sexual por dolor anticipado;Evitación de intimidad por miedo a dolor, tensión o experiencias previas.;adultos;individual/pareja;alto;"SEX_SRC017;SEX_SRC010";Plan de dolor sexual con derivación;Coordinar con medicina/fisioterapia, evitar forzar dolor y trabajar miedo/anticipación.;alto;médica_derivación;Registro de dolor/malestar;Anotar intensidad, localización, contexto y factores, sin forzar repetición.;Información para derivación y cuidado.;alto;según caso;médica_derivación;alta;Adaptar a consentimiento, seguridad, cultura, edad, orientación/identidad, salud física y contexto relacional. No aplicar tareas de pareja si existe coerción, violencia, miedo o falta de consentimiento.
Dolor sexual y penetración;Evitación sexual por dolor anticipado;Evitación de intimidad por miedo a dolor, tensión o experiencias previas.;adultos;individual/pareja;alto;"SEX_SRC017;SEX_SRC010";Regulación del sistema nervioso;Respiración, grounding, pausa y recursos de seguridad ante activación.;medio;individual;Escala de activación corporal;Valorar activación 0-10 y elegir estrategia de regulación antes de intimidad.;Prevenir bloqueo o sobrecarga.;medio;cada situación;individual;media;Adaptar a consentimiento, seguridad, cultura, edad, orientación/identidad, salud física y contexto relacional. No aplicar tareas de pareja si existe coerción, violencia, miedo o falta de consentimiento.
Dolor sexual y penetración;Evitación sexual por dolor anticipado;Evitación de intimidad por miedo a dolor, tensión o experiencias previas.;adultos;individual/pareja;alto;"SEX_SRC017;SEX_SRC010";Regulación del sistema nervioso;Respiración, grounding, pausa y recursos de seguridad ante activación.;medio;individual;Grounding 5-4-3-2-1;Practicar orientación al presente si aparecen activadores o desconexión.;Aumentar seguridad y presencia.;alto;cuando proceda;individual;media;Adaptar a consentimiento, seguridad, cultura, edad, orientación/identidad, salud física y contexto relacional. No aplicar tareas de pareja si existe coerción, violencia, miedo o falta de consentimiento.
Dolor sexual y penetración;Evitación sexual por dolor anticipado;Evitación de intimidad por miedo a dolor, tensión o experiencias previas.;adultos;individual/pareja;alto;"SEX_SRC017;SEX_SRC010";Plan de comunicación médico-sexual;Preparar preguntas y datos para consulta médica sobre síntomas sexuales.;bajo;médica_derivación;Preparar consulta médica por dolor;Escribir síntomas, inicio, intensidad, ciclo, medicación, preguntas y objetivos.;Facilitar derivación médica.;alto;20 min;médica_derivación;media;Adaptar a consentimiento, seguridad, cultura, edad, orientación/identidad, salud física y contexto relacional. No aplicar tareas de pareja si existe coerción, violencia, miedo o falta de consentimiento.
Dolor sexual y penetración;Evitación sexual por dolor anticipado;Evitación de intimidad por miedo a dolor, tensión o experiencias previas.;adultos;individual/pareja;alto;"SEX_SRC017;SEX_SRC010";Plan de comunicación médico-sexual;Preparar preguntas y datos para consulta médica sobre síntomas sexuales.;bajo;médica_derivación;Preguntas para profesional sanitario;Preparar dudas sobre medicación, dolor, menopausia, erección, lubricación o salud.;Mejorar coordinación sanitaria.;bajo;15 min;médica_derivación;media;Adaptar a consentimiento, seguridad, cultura, edad, orientación/identidad, salud física y contexto relacional. No aplicar tareas de pareja si existe coerción, violencia, miedo o falta de consentimiento.
Dolor sexual y penetración;Evitación sexual por dolor anticipado;Evitación de intimidad por miedo a dolor, tensión o experiencias previas.;adultos;individual/pareja;alto;"SEX_SRC017;SEX_SRC010";Coordinación interdisciplinar;Coordinar con ginecología, urología, medicina, fisioterapia de suelo pélvico o psiquiatría.;alto;médica_derivación;Autorización de coordinación interdisciplinar;Registrar consentimiento para coordinar con médico/fisio/psiquiatría si procede.;Mejorar intervención integrada.;medio;según caso;médica_derivación;alta;Adaptar a consentimiento, seguridad, cultura, edad, orientación/identidad, salud física y contexto relacional. No aplicar tareas de pareja si existe coerción, violencia, miedo o falta de consentimiento.
Dolor sexual y penetración;Evitación sexual por dolor anticipado;Evitación de intimidad por miedo a dolor, tensión o experiencias previas.;adultos;individual/pareja;alto;"SEX_SRC017;SEX_SRC010";Plan de prevención de recaídas;Detectar señales tempranas, barreras, acuerdos y estrategias de mantenimiento.;bajo;individual/pareja;Plan de mantenimiento;Señales tempranas, estrategias útiles, acuerdos y fecha de revisión.;Prevenir recaídas.;bajo;mensual;individual/pareja;media;Adaptar a consentimiento, seguridad, cultura, edad, orientación/identidad, salud física y contexto relacional. No aplicar tareas de pareja si existe coerción, violencia, miedo o falta de consentimiento.
Dolor sexual y penetración;Dolor sexual tras cambios hormonales o menopausia;Dolor, sequedad o molestias asociadas a cambios hormonales que requieren valoración médica.;adultos;médica_derivación;alto;"SEX_SRC016;SEX_SRC017";Historia sexual clínica estructurada;Recoger motivo, historia, salud, medicación, relación, dolor, seguridad y objetivos.;medio;clínica;Historia sexual segura y gradual;Completar cronología básica de experiencias, aprendizajes, salud y cambios, sin detalles innecesarios.;Organizar información clínica.;medio;sesión;individual;media;Adaptar a consentimiento, seguridad, cultura, edad, orientación/identidad, salud física y contexto relacional. No aplicar tareas de pareja si existe coerción, violencia, miedo o falta de consentimiento.
Dolor sexual y penetración;Dolor sexual tras cambios hormonales o menopausia;Dolor, sequedad o molestias asociadas a cambios hormonales que requieren valoración médica.;adultos;médica_derivación;alto;"SEX_SRC016;SEX_SRC017";Derivación médica/ginecológica/urológica;Indicar valoración médica ante dolor, cambios bruscos, síntomas físicos o sospecha orgánica.;alto;médica_derivación;Checklist de señales de derivación médica;Revisar dolor, cambios bruscos, sangrado, medicación, síntomas físicos o enfermedad.;Detectar necesidad de valoración médica.;alto;5-10 min;médica_derivación;alta;Adaptar a consentimiento, seguridad, cultura, edad, orientación/identidad, salud física y contexto relacional. No aplicar tareas de pareja si existe coerción, violencia, miedo o falta de consentimiento.
Dolor sexual y penetración;Dolor sexual tras cambios hormonales o menopausia;Dolor, sequedad o molestias asociadas a cambios hormonales que requieren valoración médica.;adultos;médica_derivación;alto;"SEX_SRC016;SEX_SRC017";Plan de dolor sexual con derivación;Coordinar con medicina/fisioterapia, evitar forzar dolor y trabajar miedo/anticipación.;alto;médica_derivación;Plan sin dolor;"Acordar que ninguna práctica debe forzar dolor; registrar molestias y derivaciones.";Priorizar seguridad en dolor sexual.;alto;inmediato;pareja/individual;alta;Adaptar a consentimiento, seguridad, cultura, edad, orientación/identidad, salud física y contexto relacional. No aplicar tareas de pareja si existe coerción, violencia, miedo o falta de consentimiento.
Dolor sexual y penetración;Dolor sexual tras cambios hormonales o menopausia;Dolor, sequedad o molestias asociadas a cambios hormonales que requieren valoración médica.;adultos;médica_derivación;alto;"SEX_SRC016;SEX_SRC017";Plan de dolor sexual con derivación;Coordinar con medicina/fisioterapia, evitar forzar dolor y trabajar miedo/anticipación.;alto;médica_derivación;Registro de dolor/malestar;Anotar intensidad, localización, contexto y factores, sin forzar repetición.;Información para derivación y cuidado.;alto;según caso;médica_derivación;alta;Adaptar a consentimiento, seguridad, cultura, edad, orientación/identidad, salud física y contexto relacional. No aplicar tareas de pareja si existe coerción, violencia, miedo o falta de consentimiento.
Dolor sexual y penetración;Dolor sexual tras cambios hormonales o menopausia;Dolor, sequedad o molestias asociadas a cambios hormonales que requieren valoración médica.;adultos;médica_derivación;alto;"SEX_SRC016;SEX_SRC017";Regulación del sistema nervioso;Respiración, grounding, pausa y recursos de seguridad ante activación.;medio;individual;Escala de activación corporal;Valorar activación 0-10 y elegir estrategia de regulación antes de intimidad.;Prevenir bloqueo o sobrecarga.;medio;cada situación;individual;media;Adaptar a consentimiento, seguridad, cultura, edad, orientación/identidad, salud física y contexto relacional. No aplicar tareas de pareja si existe coerción, violencia, miedo o falta de consentimiento.
Dolor sexual y penetración;Dolor sexual tras cambios hormonales o menopausia;Dolor, sequedad o molestias asociadas a cambios hormonales que requieren valoración médica.;adultos;médica_derivación;alto;"SEX_SRC016;SEX_SRC017";Regulación del sistema nervioso;Respiración, grounding, pausa y recursos de seguridad ante activación.;medio;individual;Grounding 5-4-3-2-1;Practicar orientación al presente si aparecen activadores o desconexión.;Aumentar seguridad y presencia.;alto;cuando proceda;individual;media;Adaptar a consentimiento, seguridad, cultura, edad, orientación/identidad, salud física y contexto relacional. No aplicar tareas de pareja si existe coerción, violencia, miedo o falta de consentimiento.
Dolor sexual y penetración;Dolor sexual tras cambios hormonales o menopausia;Dolor, sequedad o molestias asociadas a cambios hormonales que requieren valoración médica.;adultos;médica_derivación;alto;"SEX_SRC016;SEX_SRC017";Plan de comunicación médico-sexual;Preparar preguntas y datos para consulta médica sobre síntomas sexuales.;bajo;médica_derivación;Preparar consulta médica por dolor;Escribir síntomas, inicio, intensidad, ciclo, medicación, preguntas y objetivos.;Facilitar derivación médica.;alto;20 min;médica_derivación;media;Adaptar a consentimiento, seguridad, cultura, edad, orientación/identidad, salud física y contexto relacional. No aplicar tareas de pareja si existe coerción, violencia, miedo o falta de consentimiento.
Dolor sexual y penetración;Dolor sexual tras cambios hormonales o menopausia;Dolor, sequedad o molestias asociadas a cambios hormonales que requieren valoración médica.;adultos;médica_derivación;alto;"SEX_SRC016;SEX_SRC017";Plan de comunicación médico-sexual;Preparar preguntas y datos para consulta médica sobre síntomas sexuales.;bajo;médica_derivación;Preguntas para profesional sanitario;Preparar dudas sobre medicación, dolor, menopausia, erección, lubricación o salud.;Mejorar coordinación sanitaria.;bajo;15 min;médica_derivación;media;Adaptar a consentimiento, seguridad, cultura, edad, orientación/identidad, salud física y contexto relacional. No aplicar tareas de pareja si existe coerción, violencia, miedo o falta de consentimiento.
Dolor sexual y penetración;Dolor sexual tras cambios hormonales o menopausia;Dolor, sequedad o molestias asociadas a cambios hormonales que requieren valoración médica.;adultos;médica_derivación;alto;"SEX_SRC016;SEX_SRC017";Coordinación interdisciplinar;Coordinar con ginecología, urología, medicina, fisioterapia de suelo pélvico o psiquiatría.;alto;médica_derivación;Autorización de coordinación interdisciplinar;Registrar consentimiento para coordinar con médico/fisio/psiquiatría si procede.;Mejorar intervención integrada.;medio;según caso;médica_derivación;alta;Adaptar a consentimiento, seguridad, cultura, edad, orientación/identidad, salud física y contexto relacional. No aplicar tareas de pareja si existe coerción, violencia, miedo o falta de consentimiento.
Dolor sexual y penetración;Dolor sexual tras cambios hormonales o menopausia;Dolor, sequedad o molestias asociadas a cambios hormonales que requieren valoración médica.;adultos;médica_derivación;alto;"SEX_SRC016;SEX_SRC017";Plan de prevención de recaídas;Detectar señales tempranas, barreras, acuerdos y estrategias de mantenimiento.;bajo;individual/pareja;Plan de mantenimiento;Señales tempranas, estrategias útiles, acuerdos y fecha de revisión.;Prevenir recaídas.;bajo;mensual;individual/pareja;media;Adaptar a consentimiento, seguridad, cultura, edad, orientación/identidad, salud física y contexto relacional. No aplicar tareas de pareja si existe coerción, violencia, miedo o falta de consentimiento.
Dolor sexual y penetración;Miedo a exploración ginecológica/urológica;Ansiedad intensa ante exploraciones o consultas por dolor/sexualidad.;adultos;médica_derivación;medio;"SEX_SRC017;SEX_SRC014";Historia sexual clínica estructurada;Recoger motivo, historia, salud, medicación, relación, dolor, seguridad y objetivos.;medio;clínica;Historia sexual segura y gradual;Completar cronología básica de experiencias, aprendizajes, salud y cambios, sin detalles innecesarios.;Organizar información clínica.;medio;sesión;individual;media;Adaptar a consentimiento, seguridad, cultura, edad, orientación/identidad, salud física y contexto relacional. No aplicar tareas de pareja si existe coerción, violencia, miedo o falta de consentimiento.
Dolor sexual y penetración;Miedo a exploración ginecológica/urológica;Ansiedad intensa ante exploraciones o consultas por dolor/sexualidad.;adultos;médica_derivación;medio;"SEX_SRC017;SEX_SRC014";Derivación médica/ginecológica/urológica;Indicar valoración médica ante dolor, cambios bruscos, síntomas físicos o sospecha orgánica.;alto;médica_derivación;Checklist de señales de derivación médica;Revisar dolor, cambios bruscos, sangrado, medicación, síntomas físicos o enfermedad.;Detectar necesidad de valoración médica.;alto;5-10 min;médica_derivación;alta;Adaptar a consentimiento, seguridad, cultura, edad, orientación/identidad, salud física y contexto relacional. No aplicar tareas de pareja si existe coerción, violencia, miedo o falta de consentimiento.
Dolor sexual y penetración;Miedo a exploración ginecológica/urológica;Ansiedad intensa ante exploraciones o consultas por dolor/sexualidad.;adultos;médica_derivación;medio;"SEX_SRC017;SEX_SRC014";Plan de dolor sexual con derivación;Coordinar con medicina/fisioterapia, evitar forzar dolor y trabajar miedo/anticipación.;alto;médica_derivación;Plan sin dolor;"Acordar que ninguna práctica debe forzar dolor; registrar molestias y derivaciones.";Priorizar seguridad en dolor sexual.;alto;inmediato;pareja/individual;alta;Adaptar a consentimiento, seguridad, cultura, edad, orientación/identidad, salud física y contexto relacional. No aplicar tareas de pareja si existe coerción, violencia, miedo o falta de consentimiento.
Dolor sexual y penetración;Miedo a exploración ginecológica/urológica;Ansiedad intensa ante exploraciones o consultas por dolor/sexualidad.;adultos;médica_derivación;medio;"SEX_SRC017;SEX_SRC014";Plan de dolor sexual con derivación;Coordinar con medicina/fisioterapia, evitar forzar dolor y trabajar miedo/anticipación.;alto;médica_derivación;Registro de dolor/malestar;Anotar intensidad, localización, contexto y factores, sin forzar repetición.;Información para derivación y cuidado.;alto;según caso;médica_derivación;alta;Adaptar a consentimiento, seguridad, cultura, edad, orientación/identidad, salud física y contexto relacional. No aplicar tareas de pareja si existe coerción, violencia, miedo o falta de consentimiento.
Dolor sexual y penetración;Miedo a exploración ginecológica/urológica;Ansiedad intensa ante exploraciones o consultas por dolor/sexualidad.;adultos;médica_derivación;medio;"SEX_SRC017;SEX_SRC014";Regulación del sistema nervioso;Respiración, grounding, pausa y recursos de seguridad ante activación.;medio;individual;Escala de activación corporal;Valorar activación 0-10 y elegir estrategia de regulación antes de intimidad.;Prevenir bloqueo o sobrecarga.;medio;cada situación;individual;media;Adaptar a consentimiento, seguridad, cultura, edad, orientación/identidad, salud física y contexto relacional. No aplicar tareas de pareja si existe coerción, violencia, miedo o falta de consentimiento.
Dolor sexual y penetración;Miedo a exploración ginecológica/urológica;Ansiedad intensa ante exploraciones o consultas por dolor/sexualidad.;adultos;médica_derivación;medio;"SEX_SRC017;SEX_SRC014";Regulación del sistema nervioso;Respiración, grounding, pausa y recursos de seguridad ante activación.;medio;individual;Grounding 5-4-3-2-1;Practicar orientación al presente si aparecen activadores o desconexión.;Aumentar seguridad y presencia.;alto;cuando proceda;individual;media;Adaptar a consentimiento, seguridad, cultura, edad, orientación/identidad, salud física y contexto relacional. No aplicar tareas de pareja si existe coerción, violencia, miedo o falta de consentimiento.
Dolor sexual y penetración;Miedo a exploración ginecológica/urológica;Ansiedad intensa ante exploraciones o consultas por dolor/sexualidad.;adultos;médica_derivación;medio;"SEX_SRC017;SEX_SRC014";Plan de comunicación médico-sexual;Preparar preguntas y datos para consulta médica sobre síntomas sexuales.;bajo;médica_derivación;Preparar consulta médica por dolor;Escribir síntomas, inicio, intensidad, ciclo, medicación, preguntas y objetivos.;Facilitar derivación médica.;alto;20 min;médica_derivación;media;Adaptar a consentimiento, seguridad, cultura, edad, orientación/identidad, salud física y contexto relacional. No aplicar tareas de pareja si existe coerción, violencia, miedo o falta de consentimiento.
Dolor sexual y penetración;Miedo a exploración ginecológica/urológica;Ansiedad intensa ante exploraciones o consultas por dolor/sexualidad.;adultos;médica_derivación;medio;"SEX_SRC017;SEX_SRC014";Plan de comunicación médico-sexual;Preparar preguntas y datos para consulta médica sobre síntomas sexuales.;bajo;médica_derivación;Preguntas para profesional sanitario;Preparar dudas sobre medicación, dolor, menopausia, erección, lubricación o salud.;Mejorar coordinación sanitaria.;bajo;15 min;médica_derivación;media;Adaptar a consentimiento, seguridad, cultura, edad, orientación/identidad, salud física y contexto relacional. No aplicar tareas de pareja si existe coerción, violencia, miedo o falta de consentimiento.
Dolor sexual y penetración;Miedo a exploración ginecológica/urológica;Ansiedad intensa ante exploraciones o consultas por dolor/sexualidad.;adultos;médica_derivación;medio;"SEX_SRC017;SEX_SRC014";Coordinación interdisciplinar;Coordinar con ginecología, urología, medicina, fisioterapia de suelo pélvico o psiquiatría.;alto;médica_derivación;Autorización de coordinación interdisciplinar;Registrar consentimiento para coordinar con médico/fisio/psiquiatría si procede.;Mejorar intervención integrada.;medio;según caso;médica_derivación;alta;Adaptar a consentimiento, seguridad, cultura, edad, orientación/identidad, salud física y contexto relacional. No aplicar tareas de pareja si existe coerción, violencia, miedo o falta de consentimiento.
Dolor sexual y penetración;Miedo a exploración ginecológica/urológica;Ansiedad intensa ante exploraciones o consultas por dolor/sexualidad.;adultos;médica_derivación;medio;"SEX_SRC017;SEX_SRC014";Plan de prevención de recaídas;Detectar señales tempranas, barreras, acuerdos y estrategias de mantenimiento.;bajo;individual/pareja;Plan de mantenimiento;Señales tempranas, estrategias útiles, acuerdos y fecha de revisión.;Prevenir recaídas.;bajo;mensual;individual/pareja;media;Adaptar a consentimiento, seguridad, cultura, edad, orientación/identidad, salud física y contexto relacional. No aplicar tareas de pareja si existe coerción, violencia, miedo o falta de consentimiento.
Ansiedad sexual y rendimiento;Ansiedad de rendimiento sexual;Miedo a no cumplir, perder excitación, no satisfacer o ser evaluado.;adultos;individual/pareja;medio;"SEX_SRC004;SEX_SRC014";Registro de deseo/excitación/contexto;Registrar contexto, emoción, estrés, descanso, conexión, deseo y respuesta.;bajo;individual/pareja;Registro de contexto de deseo;Anotar momento, descanso, estrés, conexión, emoción, deseo 0-10 y frenos.;Identificar patrones de deseo.;bajo;7-14 días;individual/pareja;media;Adaptar a consentimiento, seguridad, cultura, edad, orientación/identidad, salud física y contexto relacional. No aplicar tareas de pareja si existe coerción, violencia, miedo o falta de consentimiento.
Ansiedad sexual y rendimiento;Ansiedad de rendimiento sexual;Miedo a no cumplir, perder excitación, no satisfacer o ser evaluado.;adultos;individual/pareja;medio;"SEX_SRC004;SEX_SRC014";Mindfulness aplicado a sexualidad;Entrenar atención al presente y reducción de autoobservación/juzgar.;bajo;individual;Atención plena de sensaciones neutras;Practicar 3-5 minutos observando respiración, temperatura o contacto no sexual.;Entrenar presencia sin juicio.;bajo;diario;individual;media;Adaptar a consentimiento, seguridad, cultura, edad, orientación/identidad, salud física y contexto relacional. No aplicar tareas de pareja si existe coerción, violencia, miedo o falta de consentimiento.
Ansiedad sexual y rendimiento;Ansiedad de rendimiento sexual;Miedo a no cumplir, perder excitación, no satisfacer o ser evaluado.;adultos;individual/pareja;medio;"SEX_SRC004;SEX_SRC014";Terapia cognitivo-conductual sexual;Modificar ciclos de ansiedad, evitación, pensamientos y conductas de seguridad.;medio;individual/pareja;Pensamiento-rendimiento-respuesta;Registrar pensamiento de fracaso, ansiedad y conducta de seguridad.;Detectar ciclo de ansiedad sexual.;medio;7 días;individual;media;Adaptar a consentimiento, seguridad, cultura, edad, orientación/identidad, salud física y contexto relacional. No aplicar tareas de pareja si existe coerción, violencia, miedo o falta de consentimiento.
Ansiedad sexual y rendimiento;Ansiedad de rendimiento sexual;Miedo a no cumplir, perder excitación, no satisfacer o ser evaluado.;adultos;individual/pareja;medio;"SEX_SRC004;SEX_SRC014";Exposición gradual a intimidad;Acercamiento progresivo a situaciones evitadas, con consentimiento y seguridad.;medio;individual/pareja;Jerarquía de intimidad evitada;Ordenar situaciones íntimas de menor a mayor dificultad, solo seguras y consentidas.;Planificar exposición gradual.;medio;30 min;individual/pareja;media;Adaptar a consentimiento, seguridad, cultura, edad, orientación/identidad, salud física y contexto relacional. No aplicar tareas de pareja si existe coerción, violencia, miedo o falta de consentimiento.
Ansiedad sexual y rendimiento;Ansiedad de rendimiento sexual;Miedo a no cumplir, perder excitación, no satisfacer o ser evaluado.;adultos;individual/pareja;medio;"SEX_SRC004;SEX_SRC014";Prevención de respuesta a comprobaciones;Reducir chequeo de erección, lubricación, orgasmo, cuerpo o rendimiento.;medio;individual;Reducir comprobación corporal;Elegir una comprobación de rendimiento/cuerpo y reducirla de forma gradual.;Disminuir autoobservación.;medio;semanal;individual;media;Adaptar a consentimiento, seguridad, cultura, edad, orientación/identidad, salud física y contexto relacional. No aplicar tareas de pareja si existe coerción, violencia, miedo o falta de consentimiento.
Ansiedad sexual y rendimiento;Ansiedad de rendimiento sexual;Miedo a no cumplir, perder excitación, no satisfacer o ser evaluado.;adultos;individual/pareja;medio;"SEX_SRC004;SEX_SRC014";Manejo de ansiedad de rendimiento;Reducir presión, autoobservación, catastrofismo y evitación.;medio;individual/pareja;Plan anti-rendimiento;Sustituir objetivo de funcionar por objetivo de presencia, comunicación y disfrute.;Reducir ansiedad de desempeño.;medio;semanal;individual/pareja;media;Adaptar a consentimiento, seguridad, cultura, edad, orientación/identidad, salud física y contexto relacional. No aplicar tareas de pareja si existe coerción, violencia, miedo o falta de consentimiento.
Ansiedad sexual y rendimiento;Ansiedad de rendimiento sexual;Miedo a no cumplir, perder excitación, no satisfacer o ser evaluado.;adultos;individual/pareja;medio;"SEX_SRC004;SEX_SRC014";Regulación del sistema nervioso;Respiración, grounding, pausa y recursos de seguridad ante activación.;medio;individual;Escala de activación corporal;Valorar activación 0-10 y elegir estrategia de regulación antes de intimidad.;Prevenir bloqueo o sobrecarga.;medio;cada situación;individual;media;Adaptar a consentimiento, seguridad, cultura, edad, orientación/identidad, salud física y contexto relacional. No aplicar tareas de pareja si existe coerción, violencia, miedo o falta de consentimiento.
Ansiedad sexual y rendimiento;Ansiedad de rendimiento sexual;Miedo a no cumplir, perder excitación, no satisfacer o ser evaluado.;adultos;individual/pareja;medio;"SEX_SRC004;SEX_SRC014";Regulación del sistema nervioso;Respiración, grounding, pausa y recursos de seguridad ante activación.;medio;individual;Grounding 5-4-3-2-1;Practicar orientación al presente si aparecen activadores o desconexión.;Aumentar seguridad y presencia.;alto;cuando proceda;individual;media;Adaptar a consentimiento, seguridad, cultura, edad, orientación/identidad, salud física y contexto relacional. No aplicar tareas de pareja si existe coerción, violencia, miedo o falta de consentimiento.
Ansiedad sexual y rendimiento;Ansiedad de rendimiento sexual;Miedo a no cumplir, perder excitación, no satisfacer o ser evaluado.;adultos;individual/pareja;medio;"SEX_SRC004;SEX_SRC014";Plan de prevención de recaídas;Detectar señales tempranas, barreras, acuerdos y estrategias de mantenimiento.;bajo;individual/pareja;Plan de mantenimiento;Señales tempranas, estrategias útiles, acuerdos y fecha de revisión.;Prevenir recaídas.;bajo;mensual;individual/pareja;media;Adaptar a consentimiento, seguridad, cultura, edad, orientación/identidad, salud física y contexto relacional. No aplicar tareas de pareja si existe coerción, violencia, miedo o falta de consentimiento.
Ansiedad sexual y rendimiento;Evitación de encuentros íntimos por miedo a fallar;Evitar intimidad para no exponerse a ansiedad, vergüenza o frustración.;adultos;individual/pareja;medio;"SEX_SRC004;SEX_SRC010";Registro de deseo/excitación/contexto;Registrar contexto, emoción, estrés, descanso, conexión, deseo y respuesta.;bajo;individual/pareja;Registro de contexto de deseo;Anotar momento, descanso, estrés, conexión, emoción, deseo 0-10 y frenos.;Identificar patrones de deseo.;bajo;7-14 días;individual/pareja;media;Adaptar a consentimiento, seguridad, cultura, edad, orientación/identidad, salud física y contexto relacional. No aplicar tareas de pareja si existe coerción, violencia, miedo o falta de consentimiento.
Ansiedad sexual y rendimiento;Evitación de encuentros íntimos por miedo a fallar;Evitar intimidad para no exponerse a ansiedad, vergüenza o frustración.;adultos;individual/pareja;medio;"SEX_SRC004;SEX_SRC010";Mindfulness aplicado a sexualidad;Entrenar atención al presente y reducción de autoobservación/juzgar.;bajo;individual;Atención plena de sensaciones neutras;Practicar 3-5 minutos observando respiración, temperatura o contacto no sexual.;Entrenar presencia sin juicio.;bajo;diario;individual;media;Adaptar a consentimiento, seguridad, cultura, edad, orientación/identidad, salud física y contexto relacional. No aplicar tareas de pareja si existe coerción, violencia, miedo o falta de consentimiento.
Ansiedad sexual y rendimiento;Evitación de encuentros íntimos por miedo a fallar;Evitar intimidad para no exponerse a ansiedad, vergüenza o frustración.;adultos;individual/pareja;medio;"SEX_SRC004;SEX_SRC010";Terapia cognitivo-conductual sexual;Modificar ciclos de ansiedad, evitación, pensamientos y conductas de seguridad.;medio;individual/pareja;Pensamiento-rendimiento-respuesta;Registrar pensamiento de fracaso, ansiedad y conducta de seguridad.;Detectar ciclo de ansiedad sexual.;medio;7 días;individual;media;Adaptar a consentimiento, seguridad, cultura, edad, orientación/identidad, salud física y contexto relacional. No aplicar tareas de pareja si existe coerción, violencia, miedo o falta de consentimiento.
Ansiedad sexual y rendimiento;Evitación de encuentros íntimos por miedo a fallar;Evitar intimidad para no exponerse a ansiedad, vergüenza o frustración.;adultos;individual/pareja;medio;"SEX_SRC004;SEX_SRC010";Exposición gradual a intimidad;Acercamiento progresivo a situaciones evitadas, con consentimiento y seguridad.;medio;individual/pareja;Jerarquía de intimidad evitada;Ordenar situaciones íntimas de menor a mayor dificultad, solo seguras y consentidas.;Planificar exposición gradual.;medio;30 min;individual/pareja;media;Adaptar a consentimiento, seguridad, cultura, edad, orientación/identidad, salud física y contexto relacional. No aplicar tareas de pareja si existe coerción, violencia, miedo o falta de consentimiento.
Ansiedad sexual y rendimiento;Evitación de encuentros íntimos por miedo a fallar;Evitar intimidad para no exponerse a ansiedad, vergüenza o frustración.;adultos;individual/pareja;medio;"SEX_SRC004;SEX_SRC010";Prevención de respuesta a comprobaciones;Reducir chequeo de erección, lubricación, orgasmo, cuerpo o rendimiento.;medio;individual;Reducir comprobación corporal;Elegir una comprobación de rendimiento/cuerpo y reducirla de forma gradual.;Disminuir autoobservación.;medio;semanal;individual;media;Adaptar a consentimiento, seguridad, cultura, edad, orientación/identidad, salud física y contexto relacional. No aplicar tareas de pareja si existe coerción, violencia, miedo o falta de consentimiento.
Ansiedad sexual y rendimiento;Evitación de encuentros íntimos por miedo a fallar;Evitar intimidad para no exponerse a ansiedad, vergüenza o frustración.;adultos;individual/pareja;medio;"SEX_SRC004;SEX_SRC010";Manejo de ansiedad de rendimiento;Reducir presión, autoobservación, catastrofismo y evitación.;medio;individual/pareja;Plan anti-rendimiento;Sustituir objetivo de funcionar por objetivo de presencia, comunicación y disfrute.;Reducir ansiedad de desempeño.;medio;semanal;individual/pareja;media;Adaptar a consentimiento, seguridad, cultura, edad, orientación/identidad, salud física y contexto relacional. No aplicar tareas de pareja si existe coerción, violencia, miedo o falta de consentimiento.
Ansiedad sexual y rendimiento;Evitación de encuentros íntimos por miedo a fallar;Evitar intimidad para no exponerse a ansiedad, vergüenza o frustración.;adultos;individual/pareja;medio;"SEX_SRC004;SEX_SRC010";Regulación del sistema nervioso;Respiración, grounding, pausa y recursos de seguridad ante activación.;medio;individual;Escala de activación corporal;Valorar activación 0-10 y elegir estrategia de regulación antes de intimidad.;Prevenir bloqueo o sobrecarga.;medio;cada situación;individual;media;Adaptar a consentimiento, seguridad, cultura, edad, orientación/identidad, salud física y contexto relacional. No aplicar tareas de pareja si existe coerción, violencia, miedo o falta de consentimiento.
Ansiedad sexual y rendimiento;Evitación de encuentros íntimos por miedo a fallar;Evitar intimidad para no exponerse a ansiedad, vergüenza o frustración.;adultos;individual/pareja;medio;"SEX_SRC004;SEX_SRC010";Regulación del sistema nervioso;Respiración, grounding, pausa y recursos de seguridad ante activación.;medio;individual;Grounding 5-4-3-2-1;Practicar orientación al presente si aparecen activadores o desconexión.;Aumentar seguridad y presencia.;alto;cuando proceda;individual;media;Adaptar a consentimiento, seguridad, cultura, edad, orientación/identidad, salud física y contexto relacional. No aplicar tareas de pareja si existe coerción, violencia, miedo o falta de consentimiento.
Ansiedad sexual y rendimiento;Evitación de encuentros íntimos por miedo a fallar;Evitar intimidad para no exponerse a ansiedad, vergüenza o frustración.;adultos;individual/pareja;medio;"SEX_SRC004;SEX_SRC010";Plan de prevención de recaídas;Detectar señales tempranas, barreras, acuerdos y estrategias de mantenimiento.;bajo;individual/pareja;Plan de mantenimiento;Señales tempranas, estrategias útiles, acuerdos y fecha de revisión.;Prevenir recaídas.;bajo;mensual;individual/pareja;media;Adaptar a consentimiento, seguridad, cultura, edad, orientación/identidad, salud física y contexto relacional. No aplicar tareas de pareja si existe coerción, violencia, miedo o falta de consentimiento.
Ansiedad sexual y rendimiento;Autoobservación corporal excesiva;Atención rígida a erección, lubricación, cuerpo, respuesta o rendimiento.;adultos;individual;medio;"SEX_SRC010;SEX_SRC014";Registro de deseo/excitación/contexto;Registrar contexto, emoción, estrés, descanso, conexión, deseo y respuesta.;bajo;individual/pareja;Registro de contexto de deseo;Anotar momento, descanso, estrés, conexión, emoción, deseo 0-10 y frenos.;Identificar patrones de deseo.;bajo;7-14 días;individual/pareja;media;Adaptar a consentimiento, seguridad, cultura, edad, orientación/identidad, salud física y contexto relacional. No aplicar tareas de pareja si existe coerción, violencia, miedo o falta de consentimiento.
Ansiedad sexual y rendimiento;Autoobservación corporal excesiva;Atención rígida a erección, lubricación, cuerpo, respuesta o rendimiento.;adultos;individual;medio;"SEX_SRC010;SEX_SRC014";Mindfulness aplicado a sexualidad;Entrenar atención al presente y reducción de autoobservación/juzgar.;bajo;individual;Atención plena de sensaciones neutras;Practicar 3-5 minutos observando respiración, temperatura o contacto no sexual.;Entrenar presencia sin juicio.;bajo;diario;individual;media;Adaptar a consentimiento, seguridad, cultura, edad, orientación/identidad, salud física y contexto relacional. No aplicar tareas de pareja si existe coerción, violencia, miedo o falta de consentimiento.
Ansiedad sexual y rendimiento;Autoobservación corporal excesiva;Atención rígida a erección, lubricación, cuerpo, respuesta o rendimiento.;adultos;individual;medio;"SEX_SRC010;SEX_SRC014";Terapia cognitivo-conductual sexual;Modificar ciclos de ansiedad, evitación, pensamientos y conductas de seguridad.;medio;individual/pareja;Pensamiento-rendimiento-respuesta;Registrar pensamiento de fracaso, ansiedad y conducta de seguridad.;Detectar ciclo de ansiedad sexual.;medio;7 días;individual;media;Adaptar a consentimiento, seguridad, cultura, edad, orientación/identidad, salud física y contexto relacional. No aplicar tareas de pareja si existe coerción, violencia, miedo o falta de consentimiento.
Ansiedad sexual y rendimiento;Autoobservación corporal excesiva;Atención rígida a erección, lubricación, cuerpo, respuesta o rendimiento.;adultos;individual;medio;"SEX_SRC010;SEX_SRC014";Exposición gradual a intimidad;Acercamiento progresivo a situaciones evitadas, con consentimiento y seguridad.;medio;individual/pareja;Jerarquía de intimidad evitada;Ordenar situaciones íntimas de menor a mayor dificultad, solo seguras y consentidas.;Planificar exposición gradual.;medio;30 min;individual/pareja;media;Adaptar a consentimiento, seguridad, cultura, edad, orientación/identidad, salud física y contexto relacional. No aplicar tareas de pareja si existe coerción, violencia, miedo o falta de consentimiento.
Ansiedad sexual y rendimiento;Autoobservación corporal excesiva;Atención rígida a erección, lubricación, cuerpo, respuesta o rendimiento.;adultos;individual;medio;"SEX_SRC010;SEX_SRC014";Prevención de respuesta a comprobaciones;Reducir chequeo de erección, lubricación, orgasmo, cuerpo o rendimiento.;medio;individual;Reducir comprobación corporal;Elegir una comprobación de rendimiento/cuerpo y reducirla de forma gradual.;Disminuir autoobservación.;medio;semanal;individual;media;Adaptar a consentimiento, seguridad, cultura, edad, orientación/identidad, salud física y contexto relacional. No aplicar tareas de pareja si existe coerción, violencia, miedo o falta de consentimiento.
Ansiedad sexual y rendimiento;Autoobservación corporal excesiva;Atención rígida a erección, lubricación, cuerpo, respuesta o rendimiento.;adultos;individual;medio;"SEX_SRC010;SEX_SRC014";Manejo de ansiedad de rendimiento;Reducir presión, autoobservación, catastrofismo y evitación.;medio;individual/pareja;Plan anti-rendimiento;Sustituir objetivo de funcionar por objetivo de presencia, comunicación y disfrute.;Reducir ansiedad de desempeño.;medio;semanal;individual/pareja;media;Adaptar a consentimiento, seguridad, cultura, edad, orientación/identidad, salud física y contexto relacional. No aplicar tareas de pareja si existe coerción, violencia, miedo o falta de consentimiento.
Ansiedad sexual y rendimiento;Autoobservación corporal excesiva;Atención rígida a erección, lubricación, cuerpo, respuesta o rendimiento.;adultos;individual;medio;"SEX_SRC010;SEX_SRC014";Regulación del sistema nervioso;Respiración, grounding, pausa y recursos de seguridad ante activación.;medio;individual;Escala de activación corporal;Valorar activación 0-10 y elegir estrategia de regulación antes de intimidad.;Prevenir bloqueo o sobrecarga.;medio;cada situación;individual;media;Adaptar a consentimiento, seguridad, cultura, edad, orientación/identidad, salud física y contexto relacional. No aplicar tareas de pareja si existe coerción, violencia, miedo o falta de consentimiento.
Ansiedad sexual y rendimiento;Autoobservación corporal excesiva;Atención rígida a erección, lubricación, cuerpo, respuesta o rendimiento.;adultos;individual;medio;"SEX_SRC010;SEX_SRC014";Regulación del sistema nervioso;Respiración, grounding, pausa y recursos de seguridad ante activación.;medio;individual;Grounding 5-4-3-2-1;Practicar orientación al presente si aparecen activadores o desconexión.;Aumentar seguridad y presencia.;alto;cuando proceda;individual;media;Adaptar a consentimiento, seguridad, cultura, edad, orientación/identidad, salud física y contexto relacional. No aplicar tareas de pareja si existe coerción, violencia, miedo o falta de consentimiento.
Ansiedad sexual y rendimiento;Autoobservación corporal excesiva;Atención rígida a erección, lubricación, cuerpo, respuesta o rendimiento.;adultos;individual;medio;"SEX_SRC010;SEX_SRC014";Plan de prevención de recaídas;Detectar señales tempranas, barreras, acuerdos y estrategias de mantenimiento.;bajo;individual/pareja;Plan de mantenimiento;Señales tempranas, estrategias útiles, acuerdos y fecha de revisión.;Prevenir recaídas.;bajo;mensual;individual/pareja;media;Adaptar a consentimiento, seguridad, cultura, edad, orientación/identidad, salud física y contexto relacional. No aplicar tareas de pareja si existe coerción, violencia, miedo o falta de consentimiento.
Ansiedad sexual y rendimiento;Pensamientos intrusivos durante intimidad;Pensamientos de fracaso, asco, culpa, peligro o juicio que interfieren.;adultos;individual;medio;"SEX_SRC004;SEX_SRC005";Registro de deseo/excitación/contexto;Registrar contexto, emoción, estrés, descanso, conexión, deseo y respuesta.;bajo;individual/pareja;Registro de contexto de deseo;Anotar momento, descanso, estrés, conexión, emoción, deseo 0-10 y frenos.;Identificar patrones de deseo.;bajo;7-14 días;individual/pareja;media;Adaptar a consentimiento, seguridad, cultura, edad, orientación/identidad, salud física y contexto relacional. No aplicar tareas de pareja si existe coerción, violencia, miedo o falta de consentimiento.
Ansiedad sexual y rendimiento;Pensamientos intrusivos durante intimidad;Pensamientos de fracaso, asco, culpa, peligro o juicio que interfieren.;adultos;individual;medio;"SEX_SRC004;SEX_SRC005";Mindfulness aplicado a sexualidad;Entrenar atención al presente y reducción de autoobservación/juzgar.;bajo;individual;Atención plena de sensaciones neutras;Practicar 3-5 minutos observando respiración, temperatura o contacto no sexual.;Entrenar presencia sin juicio.;bajo;diario;individual;media;Adaptar a consentimiento, seguridad, cultura, edad, orientación/identidad, salud física y contexto relacional. No aplicar tareas de pareja si existe coerción, violencia, miedo o falta de consentimiento.
Ansiedad sexual y rendimiento;Pensamientos intrusivos durante intimidad;Pensamientos de fracaso, asco, culpa, peligro o juicio que interfieren.;adultos;individual;medio;"SEX_SRC004;SEX_SRC005";Terapia cognitivo-conductual sexual;Modificar ciclos de ansiedad, evitación, pensamientos y conductas de seguridad.;medio;individual/pareja;Pensamiento-rendimiento-respuesta;Registrar pensamiento de fracaso, ansiedad y conducta de seguridad.;Detectar ciclo de ansiedad sexual.;medio;7 días;individual;media;Adaptar a consentimiento, seguridad, cultura, edad, orientación/identidad, salud física y contexto relacional. No aplicar tareas de pareja si existe coerción, violencia, miedo o falta de consentimiento.
Ansiedad sexual y rendimiento;Pensamientos intrusivos durante intimidad;Pensamientos de fracaso, asco, culpa, peligro o juicio que interfieren.;adultos;individual;medio;"SEX_SRC004;SEX_SRC005";Exposición gradual a intimidad;Acercamiento progresivo a situaciones evitadas, con consentimiento y seguridad.;medio;individual/pareja;Jerarquía de intimidad evitada;Ordenar situaciones íntimas de menor a mayor dificultad, solo seguras y consentidas.;Planificar exposición gradual.;medio;30 min;individual/pareja;media;Adaptar a consentimiento, seguridad, cultura, edad, orientación/identidad, salud física y contexto relacional. No aplicar tareas de pareja si existe coerción, violencia, miedo o falta de consentimiento.
Ansiedad sexual y rendimiento;Pensamientos intrusivos durante intimidad;Pensamientos de fracaso, asco, culpa, peligro o juicio que interfieren.;adultos;individual;medio;"SEX_SRC004;SEX_SRC005";Prevención de respuesta a comprobaciones;Reducir chequeo de erección, lubricación, orgasmo, cuerpo o rendimiento.;medio;individual;Reducir comprobación corporal;Elegir una comprobación de rendimiento/cuerpo y reducirla de forma gradual.;Disminuir autoobservación.;medio;semanal;individual;media;Adaptar a consentimiento, seguridad, cultura, edad, orientación/identidad, salud física y contexto relacional. No aplicar tareas de pareja si existe coerción, violencia, miedo o falta de consentimiento.
Ansiedad sexual y rendimiento;Pensamientos intrusivos durante intimidad;Pensamientos de fracaso, asco, culpa, peligro o juicio que interfieren.;adultos;individual;medio;"SEX_SRC004;SEX_SRC005";Manejo de ansiedad de rendimiento;Reducir presión, autoobservación, catastrofismo y evitación.;medio;individual/pareja;Plan anti-rendimiento;Sustituir objetivo de funcionar por objetivo de presencia, comunicación y disfrute.;Reducir ansiedad de desempeño.;medio;semanal;individual/pareja;media;Adaptar a consentimiento, seguridad, cultura, edad, orientación/identidad, salud física y contexto relacional. No aplicar tareas de pareja si existe coerción, violencia, miedo o falta de consentimiento.
Ansiedad sexual y rendimiento;Pensamientos intrusivos durante intimidad;Pensamientos de fracaso, asco, culpa, peligro o juicio que interfieren.;adultos;individual;medio;"SEX_SRC004;SEX_SRC005";Regulación del sistema nervioso;Respiración, grounding, pausa y recursos de seguridad ante activación.;medio;individual;Escala de activación corporal;Valorar activación 0-10 y elegir estrategia de regulación antes de intimidad.;Prevenir bloqueo o sobrecarga.;medio;cada situación;individual;media;Adaptar a consentimiento, seguridad, cultura, edad, orientación/identidad, salud física y contexto relacional. No aplicar tareas de pareja si existe coerción, violencia, miedo o falta de consentimiento.
Ansiedad sexual y rendimiento;Pensamientos intrusivos durante intimidad;Pensamientos de fracaso, asco, culpa, peligro o juicio que interfieren.;adultos;individual;medio;"SEX_SRC004;SEX_SRC005";Regulación del sistema nervioso;Respiración, grounding, pausa y recursos de seguridad ante activación.;medio;individual;Grounding 5-4-3-2-1;Practicar orientación al presente si aparecen activadores o desconexión.;Aumentar seguridad y presencia.;alto;cuando proceda;individual;media;Adaptar a consentimiento, seguridad, cultura, edad, orientación/identidad, salud física y contexto relacional. No aplicar tareas de pareja si existe coerción, violencia, miedo o falta de consentimiento.
Ansiedad sexual y rendimiento;Pensamientos intrusivos durante intimidad;Pensamientos de fracaso, asco, culpa, peligro o juicio que interfieren.;adultos;individual;medio;"SEX_SRC004;SEX_SRC005";Plan de prevención de recaídas;Detectar señales tempranas, barreras, acuerdos y estrategias de mantenimiento.;bajo;individual/pareja;Plan de mantenimiento;Señales tempranas, estrategias útiles, acuerdos y fecha de revisión.;Prevenir recaídas.;bajo;mensual;individual/pareja;media;Adaptar a consentimiento, seguridad, cultura, edad, orientación/identidad, salud física y contexto relacional. No aplicar tareas de pareja si existe coerción, violencia, miedo o falta de consentimiento.
Ansiedad sexual y rendimiento;Vergüenza tras dificultad sexual puntual;Interpretación catastrófica de un episodio sexual aislado.;adultos;individual/pareja;bajo;"SEX_SRC010;SEX_SRC013";Registro de deseo/excitación/contexto;Registrar contexto, emoción, estrés, descanso, conexión, deseo y respuesta.;bajo;individual/pareja;Registro de contexto de deseo;Anotar momento, descanso, estrés, conexión, emoción, deseo 0-10 y frenos.;Identificar patrones de deseo.;bajo;7-14 días;individual/pareja;media;Adaptar a consentimiento, seguridad, cultura, edad, orientación/identidad, salud física y contexto relacional. No aplicar tareas de pareja si existe coerción, violencia, miedo o falta de consentimiento.
Ansiedad sexual y rendimiento;Vergüenza tras dificultad sexual puntual;Interpretación catastrófica de un episodio sexual aislado.;adultos;individual/pareja;bajo;"SEX_SRC010;SEX_SRC013";Mindfulness aplicado a sexualidad;Entrenar atención al presente y reducción de autoobservación/juzgar.;bajo;individual;Atención plena de sensaciones neutras;Practicar 3-5 minutos observando respiración, temperatura o contacto no sexual.;Entrenar presencia sin juicio.;bajo;diario;individual;media;Adaptar a consentimiento, seguridad, cultura, edad, orientación/identidad, salud física y contexto relacional. No aplicar tareas de pareja si existe coerción, violencia, miedo o falta de consentimiento.
Ansiedad sexual y rendimiento;Vergüenza tras dificultad sexual puntual;Interpretación catastrófica de un episodio sexual aislado.;adultos;individual/pareja;bajo;"SEX_SRC010;SEX_SRC013";Terapia cognitivo-conductual sexual;Modificar ciclos de ansiedad, evitación, pensamientos y conductas de seguridad.;medio;individual/pareja;Pensamiento-rendimiento-respuesta;Registrar pensamiento de fracaso, ansiedad y conducta de seguridad.;Detectar ciclo de ansiedad sexual.;medio;7 días;individual;media;Adaptar a consentimiento, seguridad, cultura, edad, orientación/identidad, salud física y contexto relacional. No aplicar tareas de pareja si existe coerción, violencia, miedo o falta de consentimiento.
Ansiedad sexual y rendimiento;Vergüenza tras dificultad sexual puntual;Interpretación catastrófica de un episodio sexual aislado.;adultos;individual/pareja;bajo;"SEX_SRC010;SEX_SRC013";Exposición gradual a intimidad;Acercamiento progresivo a situaciones evitadas, con consentimiento y seguridad.;medio;individual/pareja;Jerarquía de intimidad evitada;Ordenar situaciones íntimas de menor a mayor dificultad, solo seguras y consentidas.;Planificar exposición gradual.;medio;30 min;individual/pareja;media;Adaptar a consentimiento, seguridad, cultura, edad, orientación/identidad, salud física y contexto relacional. No aplicar tareas de pareja si existe coerción, violencia, miedo o falta de consentimiento.
Ansiedad sexual y rendimiento;Vergüenza tras dificultad sexual puntual;Interpretación catastrófica de un episodio sexual aislado.;adultos;individual/pareja;bajo;"SEX_SRC010;SEX_SRC013";Prevención de respuesta a comprobaciones;Reducir chequeo de erección, lubricación, orgasmo, cuerpo o rendimiento.;medio;individual;Reducir comprobación corporal;Elegir una comprobación de rendimiento/cuerpo y reducirla de forma gradual.;Disminuir autoobservación.;medio;semanal;individual;media;Adaptar a consentimiento, seguridad, cultura, edad, orientación/identidad, salud física y contexto relacional. No aplicar tareas de pareja si existe coerción, violencia, miedo o falta de consentimiento.
Ansiedad sexual y rendimiento;Vergüenza tras dificultad sexual puntual;Interpretación catastrófica de un episodio sexual aislado.;adultos;individual/pareja;bajo;"SEX_SRC010;SEX_SRC013";Manejo de ansiedad de rendimiento;Reducir presión, autoobservación, catastrofismo y evitación.;medio;individual/pareja;Plan anti-rendimiento;Sustituir objetivo de funcionar por objetivo de presencia, comunicación y disfrute.;Reducir ansiedad de desempeño.;medio;semanal;individual/pareja;media;Adaptar a consentimiento, seguridad, cultura, edad, orientación/identidad, salud física y contexto relacional. No aplicar tareas de pareja si existe coerción, violencia, miedo o falta de consentimiento.
Ansiedad sexual y rendimiento;Vergüenza tras dificultad sexual puntual;Interpretación catastrófica de un episodio sexual aislado.;adultos;individual/pareja;bajo;"SEX_SRC010;SEX_SRC013";Regulación del sistema nervioso;Respiración, grounding, pausa y recursos de seguridad ante activación.;medio;individual;Escala de activación corporal;Valorar activación 0-10 y elegir estrategia de regulación antes de intimidad.;Prevenir bloqueo o sobrecarga.;medio;cada situación;individual;media;Adaptar a consentimiento, seguridad, cultura, edad, orientación/identidad, salud física y contexto relacional. No aplicar tareas de pareja si existe coerción, violencia, miedo o falta de consentimiento.
Ansiedad sexual y rendimiento;Vergüenza tras dificultad sexual puntual;Interpretación catastrófica de un episodio sexual aislado.;adultos;individual/pareja;bajo;"SEX_SRC010;SEX_SRC013";Regulación del sistema nervioso;Respiración, grounding, pausa y recursos de seguridad ante activación.;medio;individual;Grounding 5-4-3-2-1;Practicar orientación al presente si aparecen activadores o desconexión.;Aumentar seguridad y presencia.;alto;cuando proceda;individual;media;Adaptar a consentimiento, seguridad, cultura, edad, orientación/identidad, salud física y contexto relacional. No aplicar tareas de pareja si existe coerción, violencia, miedo o falta de consentimiento.
Ansiedad sexual y rendimiento;Vergüenza tras dificultad sexual puntual;Interpretación catastrófica de un episodio sexual aislado.;adultos;individual/pareja;bajo;"SEX_SRC010;SEX_SRC013";Plan de prevención de recaídas;Detectar señales tempranas, barreras, acuerdos y estrategias de mantenimiento.;bajo;individual/pareja;Plan de mantenimiento;Señales tempranas, estrategias útiles, acuerdos y fecha de revisión.;Prevenir recaídas.;bajo;mensual;individual/pareja;media;Adaptar a consentimiento, seguridad, cultura, edad, orientación/identidad, salud física y contexto relacional. No aplicar tareas de pareja si existe coerción, violencia, miedo o falta de consentimiento.
Pareja, intimidad y comunicación sexual;Comunicación sexual insuficiente;Dificultad para hablar de deseos, límites, preferencias o malestar.;adultos;pareja;bajo;"SEX_SRC010;SEX_SRC012";Trabajo con discrepancia de deseo;Negociar ritmos, expectativas, presión, iniciativa y alternativas de intimidad.;medio;pareja;Conversación de discrepancia de deseo;Hablar con turnos: qué necesito, qué temo, qué puedo ofrecer, qué no quiero presionar.;Reducir lucha y presión.;medio;30 min;pareja;media;Adaptar a consentimiento, seguridad, cultura, edad, orientación/identidad, salud física y contexto relacional. No aplicar tareas de pareja si existe coerción, violencia, miedo o falta de consentimiento.
Pareja, intimidad y comunicación sexual;Comunicación sexual insuficiente;Dificultad para hablar de deseos, límites, preferencias o malestar.;adultos;pareja;bajo;"SEX_SRC010;SEX_SRC012";Plan de intimidad no exigente;Crear espacios de cercanía sin objetivo de rendimiento ni obligación sexual.;bajo;pareja;Cita de intimidad sin objetivo sexual;Planificar un espacio de cercanía sin meta de rendimiento ni obligación.;Recuperar seguridad y conexión.;bajo;semanal;pareja;media;Adaptar a consentimiento, seguridad, cultura, edad, orientación/identidad, salud física y contexto relacional. No aplicar tareas de pareja si existe coerción, violencia, miedo o falta de consentimiento.
Pareja, intimidad y comunicación sexual;Comunicación sexual insuficiente;Dificultad para hablar de deseos, límites, preferencias o malestar.;adultos;pareja;bajo;"SEX_SRC010;SEX_SRC012";Plan de intimidad no exigente;Crear espacios de cercanía sin objetivo de rendimiento ni obligación sexual.;bajo;pareja;Diario de intimidad positiva;Registrar momentos de cercanía no necesariamente sexuales y qué los facilitó.;Ampliar foco más allá del problema.;bajo;7 días;pareja/individual;media;Adaptar a consentimiento, seguridad, cultura, edad, orientación/identidad, salud física y contexto relacional. No aplicar tareas de pareja si existe coerción, violencia, miedo o falta de consentimiento.
Pareja, intimidad y comunicación sexual;Comunicación sexual insuficiente;Dificultad para hablar de deseos, límites, preferencias o malestar.;adultos;pareja;bajo;"SEX_SRC010;SEX_SRC012";Entrenamiento en comunicación sexual;Practicar expresar preferencias, límites, dudas y acuerdos de manera clara.;bajo;pareja;Guion de comunicación sexual;Practicar: me gusta, me incomoda, necesito, prefiero, no quiero.;Mejorar expresión clara y respetuosa.;bajo;semanal;pareja;media;Adaptar a consentimiento, seguridad, cultura, edad, orientación/identidad, salud física y contexto relacional. No aplicar tareas de pareja si existe coerción, violencia, miedo o falta de consentimiento.
Pareja, intimidad y comunicación sexual;Comunicación sexual insuficiente;Dificultad para hablar de deseos, límites, preferencias o malestar.;adultos;pareja;bajo;"SEX_SRC010;SEX_SRC012";Contrato de consentimiento y acuerdos;Clarificar acuerdos, límites, señales de pausa y revisión mutua.;medio;pareja;Acuerdo de señales de pausa;Definir palabras/señales para pausar, revisar o parar sin discusión.;Aumentar seguridad relacional.;medio;20 min;pareja;media;Adaptar a consentimiento, seguridad, cultura, edad, orientación/identidad, salud física y contexto relacional. No aplicar tareas de pareja si existe coerción, violencia, miedo o falta de consentimiento.
Pareja, intimidad y comunicación sexual;Comunicación sexual insuficiente;Dificultad para hablar de deseos, límites, preferencias o malestar.;adultos;pareja;bajo;"SEX_SRC010;SEX_SRC012";Contrato de consentimiento y acuerdos;Clarificar acuerdos, límites, señales de pausa y revisión mutua.;medio;pareja;Semáforo de consentimiento;Clasificar situaciones en verde/amarillo/rojo y decidir acciones.;Educar consentimiento de forma visual.;medio;30 min;educativa/pareja;media;Adaptar a consentimiento, seguridad, cultura, edad, orientación/identidad, salud física y contexto relacional. No aplicar tareas de pareja si existe coerción, violencia, miedo o falta de consentimiento.
Pareja, intimidad y comunicación sexual;Comunicación sexual insuficiente;Dificultad para hablar de deseos, límites, preferencias o malestar.;adultos;pareja;bajo;"SEX_SRC010;SEX_SRC012";Trabajo de pareja centrado en intimidad;Reforzar conexión, afecto, cuidado, negociación y espacios compartidos.;bajo;pareja;Ritual breve de conexión de pareja;10-15 minutos de conversación afectiva sin pantallas ni resolución de problemas.;Aumentar intimidad emocional.;bajo;3 veces/semana;pareja;media;Adaptar a consentimiento, seguridad, cultura, edad, orientación/identidad, salud física y contexto relacional. No aplicar tareas de pareja si existe coerción, violencia, miedo o falta de consentimiento.
Pareja, intimidad y comunicación sexual;Comunicación sexual insuficiente;Dificultad para hablar de deseos, límites, preferencias o malestar.;adultos;pareja;bajo;"SEX_SRC010;SEX_SRC012";Solución de problemas en pareja;Definir problema sexual/relacional, opciones, acuerdos, prueba y revisión.;bajo;pareja;Solución de problema sexual en 5 pasos;Definir problema, opciones, acuerdo pequeño, prueba y revisión.;Pasar de queja a experimento seguro.;bajo;30 min;pareja;media;Adaptar a consentimiento, seguridad, cultura, edad, orientación/identidad, salud física y contexto relacional. No aplicar tareas de pareja si existe coerción, violencia, miedo o falta de consentimiento.
Pareja, intimidad y comunicación sexual;Comunicación sexual insuficiente;Dificultad para hablar de deseos, límites, preferencias o malestar.;adultos;pareja;bajo;"SEX_SRC010;SEX_SRC012";Solución de problemas en pareja;Definir problema sexual/relacional, opciones, acuerdos, prueba y revisión.;bajo;pareja;Ficha de revisión de acuerdos;Revisar qué acuerdo funcionó, qué no y qué cambiar sin culpabilizar.;Mantener comunicación.;bajo;semanal;pareja;media;Adaptar a consentimiento, seguridad, cultura, edad, orientación/identidad, salud física y contexto relacional. No aplicar tareas de pareja si existe coerción, violencia, miedo o falta de consentimiento.
Pareja, intimidad y comunicación sexual;Comunicación sexual insuficiente;Dificultad para hablar de deseos, límites, preferencias o malestar.;adultos;pareja;bajo;"SEX_SRC010;SEX_SRC012";Planificación flexible de encuentros íntimos;Crear oportunidades de intimidad sin convertirlas en obligación o examen.;bajo;pareja;Calendario flexible de intimidad;Reservar espacios de conexión con opción de adaptar actividad según deseo real.;Crear oportunidad sin obligación.;bajo;semanal;pareja;media;Adaptar a consentimiento, seguridad, cultura, edad, orientación/identidad, salud física y contexto relacional. No aplicar tareas de pareja si existe coerción, violencia, miedo o falta de consentimiento.
Pareja, intimidad y comunicación sexual;Comunicación sexual insuficiente;Dificultad para hablar de deseos, límites, preferencias o malestar.;adultos;pareja;bajo;"SEX_SRC010;SEX_SRC012";Entrenamiento en intimidad emocional;Conversaciones de cercanía, afecto no sexual, validación y confianza.;bajo;pareja;Inventario de intimidad emocional;Listar acciones no sexuales que aumentan cercanía y seguridad.;Fortalecer base relacional.;bajo;20 min;pareja;media;Adaptar a consentimiento, seguridad, cultura, edad, orientación/identidad, salud física y contexto relacional. No aplicar tareas de pareja si existe coerción, violencia, miedo o falta de consentimiento.
Pareja, intimidad y comunicación sexual;Comunicación sexual insuficiente;Dificultad para hablar de deseos, límites, preferencias o malestar.;adultos;pareja;bajo;"SEX_SRC010;SEX_SRC012";Entrenamiento en intimidad emocional;Conversaciones de cercanía, afecto no sexual, validación y confianza.;bajo;pareja;Conversación de cuidados después de intimidad;Acordar cómo cerrar encuentros: afecto, pausa, feedback, cuidado o espacio.;Aumentar seguridad y conexión.;bajo;semanal;pareja;media;Adaptar a consentimiento, seguridad, cultura, edad, orientación/identidad, salud física y contexto relacional. No aplicar tareas de pareja si existe coerción, violencia, miedo o falta de consentimiento.
Pareja, intimidad y comunicación sexual;Comunicación sexual insuficiente;Dificultad para hablar de deseos, límites, preferencias o malestar.;adultos;pareja;bajo;"SEX_SRC010;SEX_SRC012";Plan de prevención de recaídas;Detectar señales tempranas, barreras, acuerdos y estrategias de mantenimiento.;bajo;individual/pareja;Plan de mantenimiento;Señales tempranas, estrategias útiles, acuerdos y fecha de revisión.;Prevenir recaídas.;bajo;mensual;individual/pareja;media;Adaptar a consentimiento, seguridad, cultura, edad, orientación/identidad, salud física y contexto relacional. No aplicar tareas de pareja si existe coerción, violencia, miedo o falta de consentimiento.
Pareja, intimidad y comunicación sexual;Rutina o desconexión erótica en pareja;Pérdida de novedad, conexión o espacios de intimidad compartida.;adultos;pareja;bajo;"SEX_SRC010;SEX_SRC012";Trabajo con discrepancia de deseo;Negociar ritmos, expectativas, presión, iniciativa y alternativas de intimidad.;medio;pareja;Conversación de discrepancia de deseo;Hablar con turnos: qué necesito, qué temo, qué puedo ofrecer, qué no quiero presionar.;Reducir lucha y presión.;medio;30 min;pareja;media;Adaptar a consentimiento, seguridad, cultura, edad, orientación/identidad, salud física y contexto relacional. No aplicar tareas de pareja si existe coerción, violencia, miedo o falta de consentimiento.
Pareja, intimidad y comunicación sexual;Rutina o desconexión erótica en pareja;Pérdida de novedad, conexión o espacios de intimidad compartida.;adultos;pareja;bajo;"SEX_SRC010;SEX_SRC012";Plan de intimidad no exigente;Crear espacios de cercanía sin objetivo de rendimiento ni obligación sexual.;bajo;pareja;Cita de intimidad sin objetivo sexual;Planificar un espacio de cercanía sin meta de rendimiento ni obligación.;Recuperar seguridad y conexión.;bajo;semanal;pareja;media;Adaptar a consentimiento, seguridad, cultura, edad, orientación/identidad, salud física y contexto relacional. No aplicar tareas de pareja si existe coerción, violencia, miedo o falta de consentimiento.
Pareja, intimidad y comunicación sexual;Rutina o desconexión erótica en pareja;Pérdida de novedad, conexión o espacios de intimidad compartida.;adultos;pareja;bajo;"SEX_SRC010;SEX_SRC012";Plan de intimidad no exigente;Crear espacios de cercanía sin objetivo de rendimiento ni obligación sexual.;bajo;pareja;Diario de intimidad positiva;Registrar momentos de cercanía no necesariamente sexuales y qué los facilitó.;Ampliar foco más allá del problema.;bajo;7 días;pareja/individual;media;Adaptar a consentimiento, seguridad, cultura, edad, orientación/identidad, salud física y contexto relacional. No aplicar tareas de pareja si existe coerción, violencia, miedo o falta de consentimiento.
Pareja, intimidad y comunicación sexual;Rutina o desconexión erótica en pareja;Pérdida de novedad, conexión o espacios de intimidad compartida.;adultos;pareja;bajo;"SEX_SRC010;SEX_SRC012";Entrenamiento en comunicación sexual;Practicar expresar preferencias, límites, dudas y acuerdos de manera clara.;bajo;pareja;Guion de comunicación sexual;Practicar: me gusta, me incomoda, necesito, prefiero, no quiero.;Mejorar expresión clara y respetuosa.;bajo;semanal;pareja;media;Adaptar a consentimiento, seguridad, cultura, edad, orientación/identidad, salud física y contexto relacional. No aplicar tareas de pareja si existe coerción, violencia, miedo o falta de consentimiento.
Pareja, intimidad y comunicación sexual;Rutina o desconexión erótica en pareja;Pérdida de novedad, conexión o espacios de intimidad compartida.;adultos;pareja;bajo;"SEX_SRC010;SEX_SRC012";Contrato de consentimiento y acuerdos;Clarificar acuerdos, límites, señales de pausa y revisión mutua.;medio;pareja;Acuerdo de señales de pausa;Definir palabras/señales para pausar, revisar o parar sin discusión.;Aumentar seguridad relacional.;medio;20 min;pareja;media;Adaptar a consentimiento, seguridad, cultura, edad, orientación/identidad, salud física y contexto relacional. No aplicar tareas de pareja si existe coerción, violencia, miedo o falta de consentimiento.
Pareja, intimidad y comunicación sexual;Rutina o desconexión erótica en pareja;Pérdida de novedad, conexión o espacios de intimidad compartida.;adultos;pareja;bajo;"SEX_SRC010;SEX_SRC012";Contrato de consentimiento y acuerdos;Clarificar acuerdos, límites, señales de pausa y revisión mutua.;medio;pareja;Semáforo de consentimiento;Clasificar situaciones en verde/amarillo/rojo y decidir acciones.;Educar consentimiento de forma visual.;medio;30 min;educativa/pareja;media;Adaptar a consentimiento, seguridad, cultura, edad, orientación/identidad, salud física y contexto relacional. No aplicar tareas de pareja si existe coerción, violencia, miedo o falta de consentimiento.
Pareja, intimidad y comunicación sexual;Rutina o desconexión erótica en pareja;Pérdida de novedad, conexión o espacios de intimidad compartida.;adultos;pareja;bajo;"SEX_SRC010;SEX_SRC012";Trabajo de pareja centrado en intimidad;Reforzar conexión, afecto, cuidado, negociación y espacios compartidos.;bajo;pareja;Ritual breve de conexión de pareja;10-15 minutos de conversación afectiva sin pantallas ni resolución de problemas.;Aumentar intimidad emocional.;bajo;3 veces/semana;pareja;media;Adaptar a consentimiento, seguridad, cultura, edad, orientación/identidad, salud física y contexto relacional. No aplicar tareas de pareja si existe coerción, violencia, miedo o falta de consentimiento.
Pareja, intimidad y comunicación sexual;Rutina o desconexión erótica en pareja;Pérdida de novedad, conexión o espacios de intimidad compartida.;adultos;pareja;bajo;"SEX_SRC010;SEX_SRC012";Solución de problemas en pareja;Definir problema sexual/relacional, opciones, acuerdos, prueba y revisión.;bajo;pareja;Solución de problema sexual en 5 pasos;Definir problema, opciones, acuerdo pequeño, prueba y revisión.;Pasar de queja a experimento seguro.;bajo;30 min;pareja;media;Adaptar a consentimiento, seguridad, cultura, edad, orientación/identidad, salud física y contexto relacional. No aplicar tareas de pareja si existe coerción, violencia, miedo o falta de consentimiento.
Pareja, intimidad y comunicación sexual;Rutina o desconexión erótica en pareja;Pérdida de novedad, conexión o espacios de intimidad compartida.;adultos;pareja;bajo;"SEX_SRC010;SEX_SRC012";Solución de problemas en pareja;Definir problema sexual/relacional, opciones, acuerdos, prueba y revisión.;bajo;pareja;Ficha de revisión de acuerdos;Revisar qué acuerdo funcionó, qué no y qué cambiar sin culpabilizar.;Mantener comunicación.;bajo;semanal;pareja;media;Adaptar a consentimiento, seguridad, cultura, edad, orientación/identidad, salud física y contexto relacional. No aplicar tareas de pareja si existe coerción, violencia, miedo o falta de consentimiento.
Pareja, intimidad y comunicación sexual;Rutina o desconexión erótica en pareja;Pérdida de novedad, conexión o espacios de intimidad compartida.;adultos;pareja;bajo;"SEX_SRC010;SEX_SRC012";Planificación flexible de encuentros íntimos;Crear oportunidades de intimidad sin convertirlas en obligación o examen.;bajo;pareja;Calendario flexible de intimidad;Reservar espacios de conexión con opción de adaptar actividad según deseo real.;Crear oportunidad sin obligación.;bajo;semanal;pareja;media;Adaptar a consentimiento, seguridad, cultura, edad, orientación/identidad, salud física y contexto relacional. No aplicar tareas de pareja si existe coerción, violencia, miedo o falta de consentimiento.
Pareja, intimidad y comunicación sexual;Rutina o desconexión erótica en pareja;Pérdida de novedad, conexión o espacios de intimidad compartida.;adultos;pareja;bajo;"SEX_SRC010;SEX_SRC012";Entrenamiento en intimidad emocional;Conversaciones de cercanía, afecto no sexual, validación y confianza.;bajo;pareja;Inventario de intimidad emocional;Listar acciones no sexuales que aumentan cercanía y seguridad.;Fortalecer base relacional.;bajo;20 min;pareja;media;Adaptar a consentimiento, seguridad, cultura, edad, orientación/identidad, salud física y contexto relacional. No aplicar tareas de pareja si existe coerción, violencia, miedo o falta de consentimiento.
Pareja, intimidad y comunicación sexual;Rutina o desconexión erótica en pareja;Pérdida de novedad, conexión o espacios de intimidad compartida.;adultos;pareja;bajo;"SEX_SRC010;SEX_SRC012";Entrenamiento en intimidad emocional;Conversaciones de cercanía, afecto no sexual, validación y confianza.;bajo;pareja;Conversación de cuidados después de intimidad;Acordar cómo cerrar encuentros: afecto, pausa, feedback, cuidado o espacio.;Aumentar seguridad y conexión.;bajo;semanal;pareja;media;Adaptar a consentimiento, seguridad, cultura, edad, orientación/identidad, salud física y contexto relacional. No aplicar tareas de pareja si existe coerción, violencia, miedo o falta de consentimiento.
Pareja, intimidad y comunicación sexual;Rutina o desconexión erótica en pareja;Pérdida de novedad, conexión o espacios de intimidad compartida.;adultos;pareja;bajo;"SEX_SRC010;SEX_SRC012";Plan de prevención de recaídas;Detectar señales tempranas, barreras, acuerdos y estrategias de mantenimiento.;bajo;individual/pareja;Plan de mantenimiento;Señales tempranas, estrategias útiles, acuerdos y fecha de revisión.;Prevenir recaídas.;bajo;mensual;individual/pareja;media;Adaptar a consentimiento, seguridad, cultura, edad, orientación/identidad, salud física y contexto relacional. No aplicar tareas de pareja si existe coerción, violencia, miedo o falta de consentimiento.
Pareja, intimidad y comunicación sexual;Conflictos de pareja que afectan sexualidad;Discusión, distancia emocional o resentimiento que reduce intimidad.;adultos;pareja;medio;"SEX_SRC004;SEX_SRC010";Trabajo con discrepancia de deseo;Negociar ritmos, expectativas, presión, iniciativa y alternativas de intimidad.;medio;pareja;Conversación de discrepancia de deseo;Hablar con turnos: qué necesito, qué temo, qué puedo ofrecer, qué no quiero presionar.;Reducir lucha y presión.;medio;30 min;pareja;media;Adaptar a consentimiento, seguridad, cultura, edad, orientación/identidad, salud física y contexto relacional. No aplicar tareas de pareja si existe coerción, violencia, miedo o falta de consentimiento.
Pareja, intimidad y comunicación sexual;Conflictos de pareja que afectan sexualidad;Discusión, distancia emocional o resentimiento que reduce intimidad.;adultos;pareja;medio;"SEX_SRC004;SEX_SRC010";Plan de intimidad no exigente;Crear espacios de cercanía sin objetivo de rendimiento ni obligación sexual.;bajo;pareja;Cita de intimidad sin objetivo sexual;Planificar un espacio de cercanía sin meta de rendimiento ni obligación.;Recuperar seguridad y conexión.;bajo;semanal;pareja;media;Adaptar a consentimiento, seguridad, cultura, edad, orientación/identidad, salud física y contexto relacional. No aplicar tareas de pareja si existe coerción, violencia, miedo o falta de consentimiento.
Pareja, intimidad y comunicación sexual;Conflictos de pareja que afectan sexualidad;Discusión, distancia emocional o resentimiento que reduce intimidad.;adultos;pareja;medio;"SEX_SRC004;SEX_SRC010";Plan de intimidad no exigente;Crear espacios de cercanía sin objetivo de rendimiento ni obligación sexual.;bajo;pareja;Diario de intimidad positiva;Registrar momentos de cercanía no necesariamente sexuales y qué los facilitó.;Ampliar foco más allá del problema.;bajo;7 días;pareja/individual;media;Adaptar a consentimiento, seguridad, cultura, edad, orientación/identidad, salud física y contexto relacional. No aplicar tareas de pareja si existe coerción, violencia, miedo o falta de consentimiento.
Pareja, intimidad y comunicación sexual;Conflictos de pareja que afectan sexualidad;Discusión, distancia emocional o resentimiento que reduce intimidad.;adultos;pareja;medio;"SEX_SRC004;SEX_SRC010";Entrenamiento en comunicación sexual;Practicar expresar preferencias, límites, dudas y acuerdos de manera clara.;bajo;pareja;Guion de comunicación sexual;Practicar: me gusta, me incomoda, necesito, prefiero, no quiero.;Mejorar expresión clara y respetuosa.;bajo;semanal;pareja;media;Adaptar a consentimiento, seguridad, cultura, edad, orientación/identidad, salud física y contexto relacional. No aplicar tareas de pareja si existe coerción, violencia, miedo o falta de consentimiento.
Pareja, intimidad y comunicación sexual;Conflictos de pareja que afectan sexualidad;Discusión, distancia emocional o resentimiento que reduce intimidad.;adultos;pareja;medio;"SEX_SRC004;SEX_SRC010";Contrato de consentimiento y acuerdos;Clarificar acuerdos, límites, señales de pausa y revisión mutua.;medio;pareja;Acuerdo de señales de pausa;Definir palabras/señales para pausar, revisar o parar sin discusión.;Aumentar seguridad relacional.;medio;20 min;pareja;media;Adaptar a consentimiento, seguridad, cultura, edad, orientación/identidad, salud física y contexto relacional. No aplicar tareas de pareja si existe coerción, violencia, miedo o falta de consentimiento.
Pareja, intimidad y comunicación sexual;Conflictos de pareja que afectan sexualidad;Discusión, distancia emocional o resentimiento que reduce intimidad.;adultos;pareja;medio;"SEX_SRC004;SEX_SRC010";Contrato de consentimiento y acuerdos;Clarificar acuerdos, límites, señales de pausa y revisión mutua.;medio;pareja;Semáforo de consentimiento;Clasificar situaciones en verde/amarillo/rojo y decidir acciones.;Educar consentimiento de forma visual.;medio;30 min;educativa/pareja;media;Adaptar a consentimiento, seguridad, cultura, edad, orientación/identidad, salud física y contexto relacional. No aplicar tareas de pareja si existe coerción, violencia, miedo o falta de consentimiento.
Pareja, intimidad y comunicación sexual;Conflictos de pareja que afectan sexualidad;Discusión, distancia emocional o resentimiento que reduce intimidad.;adultos;pareja;medio;"SEX_SRC004;SEX_SRC010";Trabajo de pareja centrado en intimidad;Reforzar conexión, afecto, cuidado, negociación y espacios compartidos.;bajo;pareja;Ritual breve de conexión de pareja;10-15 minutos de conversación afectiva sin pantallas ni resolución de problemas.;Aumentar intimidad emocional.;bajo;3 veces/semana;pareja;media;Adaptar a consentimiento, seguridad, cultura, edad, orientación/identidad, salud física y contexto relacional. No aplicar tareas de pareja si existe coerción, violencia, miedo o falta de consentimiento.
Pareja, intimidad y comunicación sexual;Conflictos de pareja que afectan sexualidad;Discusión, distancia emocional o resentimiento que reduce intimidad.;adultos;pareja;medio;"SEX_SRC004;SEX_SRC010";Solución de problemas en pareja;Definir problema sexual/relacional, opciones, acuerdos, prueba y revisión.;bajo;pareja;Solución de problema sexual en 5 pasos;Definir problema, opciones, acuerdo pequeño, prueba y revisión.;Pasar de queja a experimento seguro.;bajo;30 min;pareja;media;Adaptar a consentimiento, seguridad, cultura, edad, orientación/identidad, salud física y contexto relacional. No aplicar tareas de pareja si existe coerción, violencia, miedo o falta de consentimiento.
Pareja, intimidad y comunicación sexual;Conflictos de pareja que afectan sexualidad;Discusión, distancia emocional o resentimiento que reduce intimidad.;adultos;pareja;medio;"SEX_SRC004;SEX_SRC010";Solución de problemas en pareja;Definir problema sexual/relacional, opciones, acuerdos, prueba y revisión.;bajo;pareja;Ficha de revisión de acuerdos;Revisar qué acuerdo funcionó, qué no y qué cambiar sin culpabilizar.;Mantener comunicación.;bajo;semanal;pareja;media;Adaptar a consentimiento, seguridad, cultura, edad, orientación/identidad, salud física y contexto relacional. No aplicar tareas de pareja si existe coerción, violencia, miedo o falta de consentimiento.
Pareja, intimidad y comunicación sexual;Conflictos de pareja que afectan sexualidad;Discusión, distancia emocional o resentimiento que reduce intimidad.;adultos;pareja;medio;"SEX_SRC004;SEX_SRC010";Planificación flexible de encuentros íntimos;Crear oportunidades de intimidad sin convertirlas en obligación o examen.;bajo;pareja;Calendario flexible de intimidad;Reservar espacios de conexión con opción de adaptar actividad según deseo real.;Crear oportunidad sin obligación.;bajo;semanal;pareja;media;Adaptar a consentimiento, seguridad, cultura, edad, orientación/identidad, salud física y contexto relacional. No aplicar tareas de pareja si existe coerción, violencia, miedo o falta de consentimiento.
Pareja, intimidad y comunicación sexual;Conflictos de pareja que afectan sexualidad;Discusión, distancia emocional o resentimiento que reduce intimidad.;adultos;pareja;medio;"SEX_SRC004;SEX_SRC010";Entrenamiento en intimidad emocional;Conversaciones de cercanía, afecto no sexual, validación y confianza.;bajo;pareja;Inventario de intimidad emocional;Listar acciones no sexuales que aumentan cercanía y seguridad.;Fortalecer base relacional.;bajo;20 min;pareja;media;Adaptar a consentimiento, seguridad, cultura, edad, orientación/identidad, salud física y contexto relacional. No aplicar tareas de pareja si existe coerción, violencia, miedo o falta de consentimiento.
Pareja, intimidad y comunicación sexual;Conflictos de pareja que afectan sexualidad;Discusión, distancia emocional o resentimiento que reduce intimidad.;adultos;pareja;medio;"SEX_SRC004;SEX_SRC010";Entrenamiento en intimidad emocional;Conversaciones de cercanía, afecto no sexual, validación y confianza.;bajo;pareja;Conversación de cuidados después de intimidad;Acordar cómo cerrar encuentros: afecto, pausa, feedback, cuidado o espacio.;Aumentar seguridad y conexión.;bajo;semanal;pareja;media;Adaptar a consentimiento, seguridad, cultura, edad, orientación/identidad, salud física y contexto relacional. No aplicar tareas de pareja si existe coerción, violencia, miedo o falta de consentimiento.
Pareja, intimidad y comunicación sexual;Conflictos de pareja que afectan sexualidad;Discusión, distancia emocional o resentimiento que reduce intimidad.;adultos;pareja;medio;"SEX_SRC004;SEX_SRC010";Plan de prevención de recaídas;Detectar señales tempranas, barreras, acuerdos y estrategias de mantenimiento.;bajo;individual/pareja;Plan de mantenimiento;Señales tempranas, estrategias útiles, acuerdos y fecha de revisión.;Prevenir recaídas.;bajo;mensual;individual/pareja;media;Adaptar a consentimiento, seguridad, cultura, edad, orientación/identidad, salud física y contexto relacional. No aplicar tareas de pareja si existe coerción, violencia, miedo o falta de consentimiento.
Pareja, intimidad y comunicación sexual;Dificultad para pedir o expresar preferencias;Miedo a incomodar, ser juzgado o parecer egoísta.;adultos;individual/pareja;bajo;"SEX_SRC010;SEX_SRC012";Trabajo con discrepancia de deseo;Negociar ritmos, expectativas, presión, iniciativa y alternativas de intimidad.;medio;pareja;Conversación de discrepancia de deseo;Hablar con turnos: qué necesito, qué temo, qué puedo ofrecer, qué no quiero presionar.;Reducir lucha y presión.;medio;30 min;pareja;media;Adaptar a consentimiento, seguridad, cultura, edad, orientación/identidad, salud física y contexto relacional. No aplicar tareas de pareja si existe coerción, violencia, miedo o falta de consentimiento.
Pareja, intimidad y comunicación sexual;Dificultad para pedir o expresar preferencias;Miedo a incomodar, ser juzgado o parecer egoísta.;adultos;individual/pareja;bajo;"SEX_SRC010;SEX_SRC012";Plan de intimidad no exigente;Crear espacios de cercanía sin objetivo de rendimiento ni obligación sexual.;bajo;pareja;Cita de intimidad sin objetivo sexual;Planificar un espacio de cercanía sin meta de rendimiento ni obligación.;Recuperar seguridad y conexión.;bajo;semanal;pareja;media;Adaptar a consentimiento, seguridad, cultura, edad, orientación/identidad, salud física y contexto relacional. No aplicar tareas de pareja si existe coerción, violencia, miedo o falta de consentimiento.
Pareja, intimidad y comunicación sexual;Dificultad para pedir o expresar preferencias;Miedo a incomodar, ser juzgado o parecer egoísta.;adultos;individual/pareja;bajo;"SEX_SRC010;SEX_SRC012";Plan de intimidad no exigente;Crear espacios de cercanía sin objetivo de rendimiento ni obligación sexual.;bajo;pareja;Diario de intimidad positiva;Registrar momentos de cercanía no necesariamente sexuales y qué los facilitó.;Ampliar foco más allá del problema.;bajo;7 días;pareja/individual;media;Adaptar a consentimiento, seguridad, cultura, edad, orientación/identidad, salud física y contexto relacional. No aplicar tareas de pareja si existe coerción, violencia, miedo o falta de consentimiento.
Pareja, intimidad y comunicación sexual;Dificultad para pedir o expresar preferencias;Miedo a incomodar, ser juzgado o parecer egoísta.;adultos;individual/pareja;bajo;"SEX_SRC010;SEX_SRC012";Entrenamiento en comunicación sexual;Practicar expresar preferencias, límites, dudas y acuerdos de manera clara.;bajo;pareja;Guion de comunicación sexual;Practicar: me gusta, me incomoda, necesito, prefiero, no quiero.;Mejorar expresión clara y respetuosa.;bajo;semanal;pareja;media;Adaptar a consentimiento, seguridad, cultura, edad, orientación/identidad, salud física y contexto relacional. No aplicar tareas de pareja si existe coerción, violencia, miedo o falta de consentimiento.
Pareja, intimidad y comunicación sexual;Dificultad para pedir o expresar preferencias;Miedo a incomodar, ser juzgado o parecer egoísta.;adultos;individual/pareja;bajo;"SEX_SRC010;SEX_SRC012";Contrato de consentimiento y acuerdos;Clarificar acuerdos, límites, señales de pausa y revisión mutua.;medio;pareja;Acuerdo de señales de pausa;Definir palabras/señales para pausar, revisar o parar sin discusión.;Aumentar seguridad relacional.;medio;20 min;pareja;media;Adaptar a consentimiento, seguridad, cultura, edad, orientación/identidad, salud física y contexto relacional. No aplicar tareas de pareja si existe coerción, violencia, miedo o falta de consentimiento.
Pareja, intimidad y comunicación sexual;Dificultad para pedir o expresar preferencias;Miedo a incomodar, ser juzgado o parecer egoísta.;adultos;individual/pareja;bajo;"SEX_SRC010;SEX_SRC012";Contrato de consentimiento y acuerdos;Clarificar acuerdos, límites, señales de pausa y revisión mutua.;medio;pareja;Semáforo de consentimiento;Clasificar situaciones en verde/amarillo/rojo y decidir acciones.;Educar consentimiento de forma visual.;medio;30 min;educativa/pareja;media;Adaptar a consentimiento, seguridad, cultura, edad, orientación/identidad, salud física y contexto relacional. No aplicar tareas de pareja si existe coerción, violencia, miedo o falta de consentimiento.
Pareja, intimidad y comunicación sexual;Dificultad para pedir o expresar preferencias;Miedo a incomodar, ser juzgado o parecer egoísta.;adultos;individual/pareja;bajo;"SEX_SRC010;SEX_SRC012";Trabajo de pareja centrado en intimidad;Reforzar conexión, afecto, cuidado, negociación y espacios compartidos.;bajo;pareja;Ritual breve de conexión de pareja;10-15 minutos de conversación afectiva sin pantallas ni resolución de problemas.;Aumentar intimidad emocional.;bajo;3 veces/semana;pareja;media;Adaptar a consentimiento, seguridad, cultura, edad, orientación/identidad, salud física y contexto relacional. No aplicar tareas de pareja si existe coerción, violencia, miedo o falta de consentimiento.
Pareja, intimidad y comunicación sexual;Dificultad para pedir o expresar preferencias;Miedo a incomodar, ser juzgado o parecer egoísta.;adultos;individual/pareja;bajo;"SEX_SRC010;SEX_SRC012";Solución de problemas en pareja;Definir problema sexual/relacional, opciones, acuerdos, prueba y revisión.;bajo;pareja;Solución de problema sexual en 5 pasos;Definir problema, opciones, acuerdo pequeño, prueba y revisión.;Pasar de queja a experimento seguro.;bajo;30 min;pareja;media;Adaptar a consentimiento, seguridad, cultura, edad, orientación/identidad, salud física y contexto relacional. No aplicar tareas de pareja si existe coerción, violencia, miedo o falta de consentimiento.
Pareja, intimidad y comunicación sexual;Dificultad para pedir o expresar preferencias;Miedo a incomodar, ser juzgado o parecer egoísta.;adultos;individual/pareja;bajo;"SEX_SRC010;SEX_SRC012";Solución de problemas en pareja;Definir problema sexual/relacional, opciones, acuerdos, prueba y revisión.;bajo;pareja;Ficha de revisión de acuerdos;Revisar qué acuerdo funcionó, qué no y qué cambiar sin culpabilizar.;Mantener comunicación.;bajo;semanal;pareja;media;Adaptar a consentimiento, seguridad, cultura, edad, orientación/identidad, salud física y contexto relacional. No aplicar tareas de pareja si existe coerción, violencia, miedo o falta de consentimiento.
Pareja, intimidad y comunicación sexual;Dificultad para pedir o expresar preferencias;Miedo a incomodar, ser juzgado o parecer egoísta.;adultos;individual/pareja;bajo;"SEX_SRC010;SEX_SRC012";Planificación flexible de encuentros íntimos;Crear oportunidades de intimidad sin convertirlas en obligación o examen.;bajo;pareja;Calendario flexible de intimidad;Reservar espacios de conexión con opción de adaptar actividad según deseo real.;Crear oportunidad sin obligación.;bajo;semanal;pareja;media;Adaptar a consentimiento, seguridad, cultura, edad, orientación/identidad, salud física y contexto relacional. No aplicar tareas de pareja si existe coerción, violencia, miedo o falta de consentimiento.
Pareja, intimidad y comunicación sexual;Dificultad para pedir o expresar preferencias;Miedo a incomodar, ser juzgado o parecer egoísta.;adultos;individual/pareja;bajo;"SEX_SRC010;SEX_SRC012";Entrenamiento en intimidad emocional;Conversaciones de cercanía, afecto no sexual, validación y confianza.;bajo;pareja;Inventario de intimidad emocional;Listar acciones no sexuales que aumentan cercanía y seguridad.;Fortalecer base relacional.;bajo;20 min;pareja;media;Adaptar a consentimiento, seguridad, cultura, edad, orientación/identidad, salud física y contexto relacional. No aplicar tareas de pareja si existe coerción, violencia, miedo o falta de consentimiento.
Pareja, intimidad y comunicación sexual;Dificultad para pedir o expresar preferencias;Miedo a incomodar, ser juzgado o parecer egoísta.;adultos;individual/pareja;bajo;"SEX_SRC010;SEX_SRC012";Entrenamiento en intimidad emocional;Conversaciones de cercanía, afecto no sexual, validación y confianza.;bajo;pareja;Conversación de cuidados después de intimidad;Acordar cómo cerrar encuentros: afecto, pausa, feedback, cuidado o espacio.;Aumentar seguridad y conexión.;bajo;semanal;pareja;media;Adaptar a consentimiento, seguridad, cultura, edad, orientación/identidad, salud física y contexto relacional. No aplicar tareas de pareja si existe coerción, violencia, miedo o falta de consentimiento.
Pareja, intimidad y comunicación sexual;Dificultad para pedir o expresar preferencias;Miedo a incomodar, ser juzgado o parecer egoísta.;adultos;individual/pareja;bajo;"SEX_SRC010;SEX_SRC012";Plan de prevención de recaídas;Detectar señales tempranas, barreras, acuerdos y estrategias de mantenimiento.;bajo;individual/pareja;Plan de mantenimiento;Señales tempranas, estrategias útiles, acuerdos y fecha de revisión.;Prevenir recaídas.;bajo;mensual;individual/pareja;media;Adaptar a consentimiento, seguridad, cultura, edad, orientación/identidad, salud física y contexto relacional. No aplicar tareas de pareja si existe coerción, violencia, miedo o falta de consentimiento.
Pareja, intimidad y comunicación sexual;Desigualdad percibida en iniciativa sexual;Malestar por sentir que una persona inicia, rechaza o sostiene siempre la intimidad.;adultos;pareja;medio;"SEX_SRC010;SEX_SRC012";Trabajo con discrepancia de deseo;Negociar ritmos, expectativas, presión, iniciativa y alternativas de intimidad.;medio;pareja;Conversación de discrepancia de deseo;Hablar con turnos: qué necesito, qué temo, qué puedo ofrecer, qué no quiero presionar.;Reducir lucha y presión.;medio;30 min;pareja;media;Adaptar a consentimiento, seguridad, cultura, edad, orientación/identidad, salud física y contexto relacional. No aplicar tareas de pareja si existe coerción, violencia, miedo o falta de consentimiento.
Pareja, intimidad y comunicación sexual;Desigualdad percibida en iniciativa sexual;Malestar por sentir que una persona inicia, rechaza o sostiene siempre la intimidad.;adultos;pareja;medio;"SEX_SRC010;SEX_SRC012";Plan de intimidad no exigente;Crear espacios de cercanía sin objetivo de rendimiento ni obligación sexual.;bajo;pareja;Cita de intimidad sin objetivo sexual;Planificar un espacio de cercanía sin meta de rendimiento ni obligación.;Recuperar seguridad y conexión.;bajo;semanal;pareja;media;Adaptar a consentimiento, seguridad, cultura, edad, orientación/identidad, salud física y contexto relacional. No aplicar tareas de pareja si existe coerción, violencia, miedo o falta de consentimiento.
Pareja, intimidad y comunicación sexual;Desigualdad percibida en iniciativa sexual;Malestar por sentir que una persona inicia, rechaza o sostiene siempre la intimidad.;adultos;pareja;medio;"SEX_SRC010;SEX_SRC012";Plan de intimidad no exigente;Crear espacios de cercanía sin objetivo de rendimiento ni obligación sexual.;bajo;pareja;Diario de intimidad positiva;Registrar momentos de cercanía no necesariamente sexuales y qué los facilitó.;Ampliar foco más allá del problema.;bajo;7 días;pareja/individual;media;Adaptar a consentimiento, seguridad, cultura, edad, orientación/identidad, salud física y contexto relacional. No aplicar tareas de pareja si existe coerción, violencia, miedo o falta de consentimiento.
Pareja, intimidad y comunicación sexual;Desigualdad percibida en iniciativa sexual;Malestar por sentir que una persona inicia, rechaza o sostiene siempre la intimidad.;adultos;pareja;medio;"SEX_SRC010;SEX_SRC012";Entrenamiento en comunicación sexual;Practicar expresar preferencias, límites, dudas y acuerdos de manera clara.;bajo;pareja;Guion de comunicación sexual;Practicar: me gusta, me incomoda, necesito, prefiero, no quiero.;Mejorar expresión clara y respetuosa.;bajo;semanal;pareja;media;Adaptar a consentimiento, seguridad, cultura, edad, orientación/identidad, salud física y contexto relacional. No aplicar tareas de pareja si existe coerción, violencia, miedo o falta de consentimiento.
Pareja, intimidad y comunicación sexual;Desigualdad percibida en iniciativa sexual;Malestar por sentir que una persona inicia, rechaza o sostiene siempre la intimidad.;adultos;pareja;medio;"SEX_SRC010;SEX_SRC012";Contrato de consentimiento y acuerdos;Clarificar acuerdos, límites, señales de pausa y revisión mutua.;medio;pareja;Acuerdo de señales de pausa;Definir palabras/señales para pausar, revisar o parar sin discusión.;Aumentar seguridad relacional.;medio;20 min;pareja;media;Adaptar a consentimiento, seguridad, cultura, edad, orientación/identidad, salud física y contexto relacional. No aplicar tareas de pareja si existe coerción, violencia, miedo o falta de consentimiento.
Pareja, intimidad y comunicación sexual;Desigualdad percibida en iniciativa sexual;Malestar por sentir que una persona inicia, rechaza o sostiene siempre la intimidad.;adultos;pareja;medio;"SEX_SRC010;SEX_SRC012";Contrato de consentimiento y acuerdos;Clarificar acuerdos, límites, señales de pausa y revisión mutua.;medio;pareja;Semáforo de consentimiento;Clasificar situaciones en verde/amarillo/rojo y decidir acciones.;Educar consentimiento de forma visual.;medio;30 min;educativa/pareja;media;Adaptar a consentimiento, seguridad, cultura, edad, orientación/identidad, salud física y contexto relacional. No aplicar tareas de pareja si existe coerción, violencia, miedo o falta de consentimiento.
Pareja, intimidad y comunicación sexual;Desigualdad percibida en iniciativa sexual;Malestar por sentir que una persona inicia, rechaza o sostiene siempre la intimidad.;adultos;pareja;medio;"SEX_SRC010;SEX_SRC012";Trabajo de pareja centrado en intimidad;Reforzar conexión, afecto, cuidado, negociación y espacios compartidos.;bajo;pareja;Ritual breve de conexión de pareja;10-15 minutos de conversación afectiva sin pantallas ni resolución de problemas.;Aumentar intimidad emocional.;bajo;3 veces/semana;pareja;media;Adaptar a consentimiento, seguridad, cultura, edad, orientación/identidad, salud física y contexto relacional. No aplicar tareas de pareja si existe coerción, violencia, miedo o falta de consentimiento.
Pareja, intimidad y comunicación sexual;Desigualdad percibida en iniciativa sexual;Malestar por sentir que una persona inicia, rechaza o sostiene siempre la intimidad.;adultos;pareja;medio;"SEX_SRC010;SEX_SRC012";Solución de problemas en pareja;Definir problema sexual/relacional, opciones, acuerdos, prueba y revisión.;bajo;pareja;Solución de problema sexual en 5 pasos;Definir problema, opciones, acuerdo pequeño, prueba y revisión.;Pasar de queja a experimento seguro.;bajo;30 min;pareja;media;Adaptar a consentimiento, seguridad, cultura, edad, orientación/identidad, salud física y contexto relacional. No aplicar tareas de pareja si existe coerción, violencia, miedo o falta de consentimiento.
Pareja, intimidad y comunicación sexual;Desigualdad percibida en iniciativa sexual;Malestar por sentir que una persona inicia, rechaza o sostiene siempre la intimidad.;adultos;pareja;medio;"SEX_SRC010;SEX_SRC012";Solución de problemas en pareja;Definir problema sexual/relacional, opciones, acuerdos, prueba y revisión.;bajo;pareja;Ficha de revisión de acuerdos;Revisar qué acuerdo funcionó, qué no y qué cambiar sin culpabilizar.;Mantener comunicación.;bajo;semanal;pareja;media;Adaptar a consentimiento, seguridad, cultura, edad, orientación/identidad, salud física y contexto relacional. No aplicar tareas de pareja si existe coerción, violencia, miedo o falta de consentimiento.
Pareja, intimidad y comunicación sexual;Desigualdad percibida en iniciativa sexual;Malestar por sentir que una persona inicia, rechaza o sostiene siempre la intimidad.;adultos;pareja;medio;"SEX_SRC010;SEX_SRC012";Planificación flexible de encuentros íntimos;Crear oportunidades de intimidad sin convertirlas en obligación o examen.;bajo;pareja;Calendario flexible de intimidad;Reservar espacios de conexión con opción de adaptar actividad según deseo real.;Crear oportunidad sin obligación.;bajo;semanal;pareja;media;Adaptar a consentimiento, seguridad, cultura, edad, orientación/identidad, salud física y contexto relacional. No aplicar tareas de pareja si existe coerción, violencia, miedo o falta de consentimiento.
Pareja, intimidad y comunicación sexual;Desigualdad percibida en iniciativa sexual;Malestar por sentir que una persona inicia, rechaza o sostiene siempre la intimidad.;adultos;pareja;medio;"SEX_SRC010;SEX_SRC012";Entrenamiento en intimidad emocional;Conversaciones de cercanía, afecto no sexual, validación y confianza.;bajo;pareja;Inventario de intimidad emocional;Listar acciones no sexuales que aumentan cercanía y seguridad.;Fortalecer base relacional.;bajo;20 min;pareja;media;Adaptar a consentimiento, seguridad, cultura, edad, orientación/identidad, salud física y contexto relacional. No aplicar tareas de pareja si existe coerción, violencia, miedo o falta de consentimiento.
Pareja, intimidad y comunicación sexual;Desigualdad percibida en iniciativa sexual;Malestar por sentir que una persona inicia, rechaza o sostiene siempre la intimidad.;adultos;pareja;medio;"SEX_SRC010;SEX_SRC012";Entrenamiento en intimidad emocional;Conversaciones de cercanía, afecto no sexual, validación y confianza.;bajo;pareja;Conversación de cuidados después de intimidad;Acordar cómo cerrar encuentros: afecto, pausa, feedback, cuidado o espacio.;Aumentar seguridad y conexión.;bajo;semanal;pareja;media;Adaptar a consentimiento, seguridad, cultura, edad, orientación/identidad, salud física y contexto relacional. No aplicar tareas de pareja si existe coerción, violencia, miedo o falta de consentimiento.
Pareja, intimidad y comunicación sexual;Desigualdad percibida en iniciativa sexual;Malestar por sentir que una persona inicia, rechaza o sostiene siempre la intimidad.;adultos;pareja;medio;"SEX_SRC010;SEX_SRC012";Plan de prevención de recaídas;Detectar señales tempranas, barreras, acuerdos y estrategias de mantenimiento.;bajo;individual/pareja;Plan de mantenimiento;Señales tempranas, estrategias útiles, acuerdos y fecha de revisión.;Prevenir recaídas.;bajo;mensual;individual/pareja;media;Adaptar a consentimiento, seguridad, cultura, edad, orientación/identidad, salud física y contexto relacional. No aplicar tareas de pareja si existe coerción, violencia, miedo o falta de consentimiento.
Consentimiento, límites y seguridad;Dificultad para poner límites sexuales;Dificultad para decir no, parar, pedir pausa o expresar incomodidad.;adultos/adolescentes;individual/pareja;alto;"SEX_SRC001;SEX_SRC003";Cribado de seguridad, coerción y violencia;Explorar consentimiento, presión, miedo, violencia o riesgo antes de tareas de pareja.;alto;seguridad;Escala de presión sexual percibida;Valorar presión propia/externa 0-10 y decidir si pausar o negociar.;Prevenir coerción sutil.;medio;cada situación;individual/pareja;alta;Adaptar a consentimiento, seguridad, cultura, edad, orientación/identidad, salud física y contexto relacional. No aplicar tareas de pareja si existe coerción, violencia, miedo o falta de consentimiento.
Consentimiento, límites y seguridad;Dificultad para poner límites sexuales;Dificultad para decir no, parar, pedir pausa o expresar incomodidad.;adultos/adolescentes;individual/pareja;alto;"SEX_SRC001;SEX_SRC003";Asertividad y límites sexuales;Entrenar decir no, pedir pausa, pedir cambio y negociar límites.;medio;individual/pareja;Ensayo de límite sexual;Preparar frases para decir no, pedir pausa o cambiar de ritmo.;Fortalecer consentimiento y seguridad.;medio;sesión/casa;individual/pareja;media;Adaptar a consentimiento, seguridad, cultura, edad, orientación/identidad, salud física y contexto relacional. No aplicar tareas de pareja si existe coerción, violencia, miedo o falta de consentimiento.
Consentimiento, límites y seguridad;Dificultad para poner límites sexuales;Dificultad para decir no, parar, pedir pausa o expresar incomodidad.;adultos/adolescentes;individual/pareja;alto;"SEX_SRC001;SEX_SRC003";Asertividad y límites sexuales;Entrenar decir no, pedir pausa, pedir cambio y negociar límites.;medio;individual/pareja;Mapa de consentimiento personal;Definir sí, no, quizá, condiciones, límites y señales de pausa.;Clarificar límites.;medio;30 min;individual/pareja;media;Adaptar a consentimiento, seguridad, cultura, edad, orientación/identidad, salud física y contexto relacional. No aplicar tareas de pareja si existe coerción, violencia, miedo o falta de consentimiento.
Consentimiento, límites y seguridad;Dificultad para poner límites sexuales;Dificultad para decir no, parar, pedir pausa o expresar incomodidad.;adultos/adolescentes;individual/pareja;alto;"SEX_SRC001;SEX_SRC003";Asertividad y límites sexuales;Entrenar decir no, pedir pausa, pedir cambio y negociar límites.;medio;individual/pareja;Práctica de pedir pausa;Ensayar pedir pausa de forma clara y recibirla sin castigo.;Normalizar límites.;medio;sesión/casa;pareja;media;Adaptar a consentimiento, seguridad, cultura, edad, orientación/identidad, salud física y contexto relacional. No aplicar tareas de pareja si existe coerción, violencia, miedo o falta de consentimiento.
Consentimiento, límites y seguridad;Dificultad para poner límites sexuales;Dificultad para decir no, parar, pedir pausa o expresar incomodidad.;adultos/adolescentes;individual/pareja;alto;"SEX_SRC001;SEX_SRC003";Contrato de consentimiento y acuerdos;Clarificar acuerdos, límites, señales de pausa y revisión mutua.;medio;pareja;Acuerdo de señales de pausa;Definir palabras/señales para pausar, revisar o parar sin discusión.;Aumentar seguridad relacional.;medio;20 min;pareja;media;Adaptar a consentimiento, seguridad, cultura, edad, orientación/identidad, salud física y contexto relacional. No aplicar tareas de pareja si existe coerción, violencia, miedo o falta de consentimiento.
Consentimiento, límites y seguridad;Dificultad para poner límites sexuales;Dificultad para decir no, parar, pedir pausa o expresar incomodidad.;adultos/adolescentes;individual/pareja;alto;"SEX_SRC001;SEX_SRC003";Contrato de consentimiento y acuerdos;Clarificar acuerdos, límites, señales de pausa y revisión mutua.;medio;pareja;Semáforo de consentimiento;Clasificar situaciones en verde/amarillo/rojo y decidir acciones.;Educar consentimiento de forma visual.;medio;30 min;educativa/pareja;media;Adaptar a consentimiento, seguridad, cultura, edad, orientación/identidad, salud física y contexto relacional. No aplicar tareas de pareja si existe coerción, violencia, miedo o falta de consentimiento.
Consentimiento, límites y seguridad;Dificultad para poner límites sexuales;Dificultad para decir no, parar, pedir pausa o expresar incomodidad.;adultos/adolescentes;individual/pareja;alto;"SEX_SRC001;SEX_SRC003";Plan de seguridad y derivación;Definir riesgo, contactos, recursos, servicios especializados y límites profesionales.;alto;seguridad;Plan de seguridad ante coerción;Identificar señales de riesgo, apoyos, recursos y pasos de salida/derivación.;Proteger a la persona.;alto;supervisado;seguridad;alta;Adaptar a consentimiento, seguridad, cultura, edad, orientación/identidad, salud física y contexto relacional. No aplicar tareas de pareja si existe coerción, violencia, miedo o falta de consentimiento.
Consentimiento, límites y seguridad;Dificultad para poner límites sexuales;Dificultad para decir no, parar, pedir pausa o expresar incomodidad.;adultos/adolescentes;individual/pareja;alto;"SEX_SRC001;SEX_SRC003";Plan de seguridad y derivación;Definir riesgo, contactos, recursos, servicios especializados y límites profesionales.;alto;seguridad;Plan de salida segura;Preparar recursos si existe miedo o presión en una relación.;Aumentar seguridad ante coerción.;alto;supervisado;seguridad;alta;Adaptar a consentimiento, seguridad, cultura, edad, orientación/identidad, salud física y contexto relacional. No aplicar tareas de pareja si existe coerción, violencia, miedo o falta de consentimiento.
Consentimiento, límites y seguridad;Dificultad para poner límites sexuales;Dificultad para decir no, parar, pedir pausa o expresar incomodidad.;adultos/adolescentes;individual/pareja;alto;"SEX_SRC001;SEX_SRC003";Educación sexual inclusiva;Información adaptada, respetuosa y no discriminatoria sobre sexualidad y diversidad.;bajo;educativa;Material inclusivo de educación sexual;Seleccionar recursos adaptados a orientación, identidad, cultura y capacidad.;Mejorar información respetuosa.;bajo;variable;educativa;media;Adaptar a consentimiento, seguridad, cultura, edad, orientación/identidad, salud física y contexto relacional. No aplicar tareas de pareja si existe coerción, violencia, miedo o falta de consentimiento.
Consentimiento, límites y seguridad;Dificultad para poner límites sexuales;Dificultad para decir no, parar, pedir pausa o expresar incomodidad.;adultos/adolescentes;individual/pareja;alto;"SEX_SRC001;SEX_SRC003";Plan de seguridad en adolescentes;Educación sobre consentimiento, privacidad digital, coerción, prevención y recursos.;alto;educativa/seguridad;Plan adolescente de privacidad digital;Trabajar límites, imágenes, presión, consentimiento y búsqueda de ayuda.;Prevenir riesgos digitales.;alto;educativa;adolescentes;alta;Adaptar a consentimiento, seguridad, cultura, edad, orientación/identidad, salud física y contexto relacional. No aplicar tareas de pareja si existe coerción, violencia, miedo o falta de consentimiento.
Consentimiento, límites y seguridad;Dificultad para poner límites sexuales;Dificultad para decir no, parar, pedir pausa o expresar incomodidad.;adultos/adolescentes;individual/pareja;alto;"SEX_SRC001;SEX_SRC003";Plan de prevención de recaídas;Detectar señales tempranas, barreras, acuerdos y estrategias de mantenimiento.;bajo;individual/pareja;Plan de mantenimiento;Señales tempranas, estrategias útiles, acuerdos y fecha de revisión.;Prevenir recaídas.;bajo;mensual;individual/pareja;media;Adaptar a consentimiento, seguridad, cultura, edad, orientación/identidad, salud física y contexto relacional. No aplicar tareas de pareja si existe coerción, violencia, miedo o falta de consentimiento.
Consentimiento, límites y seguridad;Presión o coerción sexual en relación;La persona percibe obligación, miedo, manipulación o presión para actividad sexual.;adultos/adolescentes;derivación/seguridad;alto;"SEX_SRC001;SEX_SRC003;SEX_SRC005";Cribado de seguridad, coerción y violencia;Explorar consentimiento, presión, miedo, violencia o riesgo antes de tareas de pareja.;alto;seguridad;Escala de presión sexual percibida;Valorar presión propia/externa 0-10 y decidir si pausar o negociar.;Prevenir coerción sutil.;medio;cada situación;individual/pareja;alta;Adaptar a consentimiento, seguridad, cultura, edad, orientación/identidad, salud física y contexto relacional. No aplicar tareas de pareja si existe coerción, violencia, miedo o falta de consentimiento.
Consentimiento, límites y seguridad;Presión o coerción sexual en relación;La persona percibe obligación, miedo, manipulación o presión para actividad sexual.;adultos/adolescentes;derivación/seguridad;alto;"SEX_SRC001;SEX_SRC003;SEX_SRC005";Asertividad y límites sexuales;Entrenar decir no, pedir pausa, pedir cambio y negociar límites.;medio;individual/pareja;Ensayo de límite sexual;Preparar frases para decir no, pedir pausa o cambiar de ritmo.;Fortalecer consentimiento y seguridad.;medio;sesión/casa;individual/pareja;media;Adaptar a consentimiento, seguridad, cultura, edad, orientación/identidad, salud física y contexto relacional. No aplicar tareas de pareja si existe coerción, violencia, miedo o falta de consentimiento.
Consentimiento, límites y seguridad;Presión o coerción sexual en relación;La persona percibe obligación, miedo, manipulación o presión para actividad sexual.;adultos/adolescentes;derivación/seguridad;alto;"SEX_SRC001;SEX_SRC003;SEX_SRC005";Asertividad y límites sexuales;Entrenar decir no, pedir pausa, pedir cambio y negociar límites.;medio;individual/pareja;Mapa de consentimiento personal;Definir sí, no, quizá, condiciones, límites y señales de pausa.;Clarificar límites.;medio;30 min;individual/pareja;media;Adaptar a consentimiento, seguridad, cultura, edad, orientación/identidad, salud física y contexto relacional. No aplicar tareas de pareja si existe coerción, violencia, miedo o falta de consentimiento.
Consentimiento, límites y seguridad;Presión o coerción sexual en relación;La persona percibe obligación, miedo, manipulación o presión para actividad sexual.;adultos/adolescentes;derivación/seguridad;alto;"SEX_SRC001;SEX_SRC003;SEX_SRC005";Asertividad y límites sexuales;Entrenar decir no, pedir pausa, pedir cambio y negociar límites.;medio;individual/pareja;Práctica de pedir pausa;Ensayar pedir pausa de forma clara y recibirla sin castigo.;Normalizar límites.;medio;sesión/casa;pareja;media;Adaptar a consentimiento, seguridad, cultura, edad, orientación/identidad, salud física y contexto relacional. No aplicar tareas de pareja si existe coerción, violencia, miedo o falta de consentimiento.
Consentimiento, límites y seguridad;Presión o coerción sexual en relación;La persona percibe obligación, miedo, manipulación o presión para actividad sexual.;adultos/adolescentes;derivación/seguridad;alto;"SEX_SRC001;SEX_SRC003;SEX_SRC005";Contrato de consentimiento y acuerdos;Clarificar acuerdos, límites, señales de pausa y revisión mutua.;medio;pareja;Acuerdo de señales de pausa;Definir palabras/señales para pausar, revisar o parar sin discusión.;Aumentar seguridad relacional.;medio;20 min;pareja;media;Adaptar a consentimiento, seguridad, cultura, edad, orientación/identidad, salud física y contexto relacional. No aplicar tareas de pareja si existe coerción, violencia, miedo o falta de consentimiento.
Consentimiento, límites y seguridad;Presión o coerción sexual en relación;La persona percibe obligación, miedo, manipulación o presión para actividad sexual.;adultos/adolescentes;derivación/seguridad;alto;"SEX_SRC001;SEX_SRC003;SEX_SRC005";Contrato de consentimiento y acuerdos;Clarificar acuerdos, límites, señales de pausa y revisión mutua.;medio;pareja;Semáforo de consentimiento;Clasificar situaciones en verde/amarillo/rojo y decidir acciones.;Educar consentimiento de forma visual.;medio;30 min;educativa/pareja;media;Adaptar a consentimiento, seguridad, cultura, edad, orientación/identidad, salud física y contexto relacional. No aplicar tareas de pareja si existe coerción, violencia, miedo o falta de consentimiento.
Consentimiento, límites y seguridad;Presión o coerción sexual en relación;La persona percibe obligación, miedo, manipulación o presión para actividad sexual.;adultos/adolescentes;derivación/seguridad;alto;"SEX_SRC001;SEX_SRC003;SEX_SRC005";Plan de seguridad y derivación;Definir riesgo, contactos, recursos, servicios especializados y límites profesionales.;alto;seguridad;Plan de seguridad ante coerción;Identificar señales de riesgo, apoyos, recursos y pasos de salida/derivación.;Proteger a la persona.;alto;supervisado;seguridad;alta;Adaptar a consentimiento, seguridad, cultura, edad, orientación/identidad, salud física y contexto relacional. No aplicar tareas de pareja si existe coerción, violencia, miedo o falta de consentimiento.
Consentimiento, límites y seguridad;Presión o coerción sexual en relación;La persona percibe obligación, miedo, manipulación o presión para actividad sexual.;adultos/adolescentes;derivación/seguridad;alto;"SEX_SRC001;SEX_SRC003;SEX_SRC005";Plan de seguridad y derivación;Definir riesgo, contactos, recursos, servicios especializados y límites profesionales.;alto;seguridad;Plan de salida segura;Preparar recursos si existe miedo o presión en una relación.;Aumentar seguridad ante coerción.;alto;supervisado;seguridad;alta;Adaptar a consentimiento, seguridad, cultura, edad, orientación/identidad, salud física y contexto relacional. No aplicar tareas de pareja si existe coerción, violencia, miedo o falta de consentimiento.
Consentimiento, límites y seguridad;Presión o coerción sexual en relación;La persona percibe obligación, miedo, manipulación o presión para actividad sexual.;adultos/adolescentes;derivación/seguridad;alto;"SEX_SRC001;SEX_SRC003;SEX_SRC005";Educación sexual inclusiva;Información adaptada, respetuosa y no discriminatoria sobre sexualidad y diversidad.;bajo;educativa;Material inclusivo de educación sexual;Seleccionar recursos adaptados a orientación, identidad, cultura y capacidad.;Mejorar información respetuosa.;bajo;variable;educativa;media;Adaptar a consentimiento, seguridad, cultura, edad, orientación/identidad, salud física y contexto relacional. No aplicar tareas de pareja si existe coerción, violencia, miedo o falta de consentimiento.
Consentimiento, límites y seguridad;Presión o coerción sexual en relación;La persona percibe obligación, miedo, manipulación o presión para actividad sexual.;adultos/adolescentes;derivación/seguridad;alto;"SEX_SRC001;SEX_SRC003;SEX_SRC005";Plan de seguridad en adolescentes;Educación sobre consentimiento, privacidad digital, coerción, prevención y recursos.;alto;educativa/seguridad;Plan adolescente de privacidad digital;Trabajar límites, imágenes, presión, consentimiento y búsqueda de ayuda.;Prevenir riesgos digitales.;alto;educativa;adolescentes;alta;Adaptar a consentimiento, seguridad, cultura, edad, orientación/identidad, salud física y contexto relacional. No aplicar tareas de pareja si existe coerción, violencia, miedo o falta de consentimiento.
Consentimiento, límites y seguridad;Presión o coerción sexual en relación;La persona percibe obligación, miedo, manipulación o presión para actividad sexual.;adultos/adolescentes;derivación/seguridad;alto;"SEX_SRC001;SEX_SRC003;SEX_SRC005";Plan de prevención de recaídas;Detectar señales tempranas, barreras, acuerdos y estrategias de mantenimiento.;bajo;individual/pareja;Plan de mantenimiento;Señales tempranas, estrategias útiles, acuerdos y fecha de revisión.;Prevenir recaídas.;bajo;mensual;individual/pareja;media;Adaptar a consentimiento, seguridad, cultura, edad, orientación/identidad, salud física y contexto relacional. No aplicar tareas de pareja si existe coerción, violencia, miedo o falta de consentimiento.
Consentimiento, límites y seguridad;Dudas sobre consentimiento y acuerdos;Necesidad de clarificar consentimiento, límites, negociación y seguridad.;adultos/adolescentes;educativa;medio;"SEX_SRC001;SEX_SRC003";Cribado de seguridad, coerción y violencia;Explorar consentimiento, presión, miedo, violencia o riesgo antes de tareas de pareja.;alto;seguridad;Escala de presión sexual percibida;Valorar presión propia/externa 0-10 y decidir si pausar o negociar.;Prevenir coerción sutil.;medio;cada situación;individual/pareja;alta;Adaptar a consentimiento, seguridad, cultura, edad, orientación/identidad, salud física y contexto relacional. No aplicar tareas de pareja si existe coerción, violencia, miedo o falta de consentimiento.
Consentimiento, límites y seguridad;Dudas sobre consentimiento y acuerdos;Necesidad de clarificar consentimiento, límites, negociación y seguridad.;adultos/adolescentes;educativa;medio;"SEX_SRC001;SEX_SRC003";Asertividad y límites sexuales;Entrenar decir no, pedir pausa, pedir cambio y negociar límites.;medio;individual/pareja;Ensayo de límite sexual;Preparar frases para decir no, pedir pausa o cambiar de ritmo.;Fortalecer consentimiento y seguridad.;medio;sesión/casa;individual/pareja;media;Adaptar a consentimiento, seguridad, cultura, edad, orientación/identidad, salud física y contexto relacional. No aplicar tareas de pareja si existe coerción, violencia, miedo o falta de consentimiento.
Consentimiento, límites y seguridad;Dudas sobre consentimiento y acuerdos;Necesidad de clarificar consentimiento, límites, negociación y seguridad.;adultos/adolescentes;educativa;medio;"SEX_SRC001;SEX_SRC003";Asertividad y límites sexuales;Entrenar decir no, pedir pausa, pedir cambio y negociar límites.;medio;individual/pareja;Mapa de consentimiento personal;Definir sí, no, quizá, condiciones, límites y señales de pausa.;Clarificar límites.;medio;30 min;individual/pareja;media;Adaptar a consentimiento, seguridad, cultura, edad, orientación/identidad, salud física y contexto relacional. No aplicar tareas de pareja si existe coerción, violencia, miedo o falta de consentimiento.
Consentimiento, límites y seguridad;Dudas sobre consentimiento y acuerdos;Necesidad de clarificar consentimiento, límites, negociación y seguridad.;adultos/adolescentes;educativa;medio;"SEX_SRC001;SEX_SRC003";Asertividad y límites sexuales;Entrenar decir no, pedir pausa, pedir cambio y negociar límites.;medio;individual/pareja;Práctica de pedir pausa;Ensayar pedir pausa de forma clara y recibirla sin castigo.;Normalizar límites.;medio;sesión/casa;pareja;media;Adaptar a consentimiento, seguridad, cultura, edad, orientación/identidad, salud física y contexto relacional. No aplicar tareas de pareja si existe coerción, violencia, miedo o falta de consentimiento.
Consentimiento, límites y seguridad;Dudas sobre consentimiento y acuerdos;Necesidad de clarificar consentimiento, límites, negociación y seguridad.;adultos/adolescentes;educativa;medio;"SEX_SRC001;SEX_SRC003";Contrato de consentimiento y acuerdos;Clarificar acuerdos, límites, señales de pausa y revisión mutua.;medio;pareja;Acuerdo de señales de pausa;Definir palabras/señales para pausar, revisar o parar sin discusión.;Aumentar seguridad relacional.;medio;20 min;pareja;media;Adaptar a consentimiento, seguridad, cultura, edad, orientación/identidad, salud física y contexto relacional. No aplicar tareas de pareja si existe coerción, violencia, miedo o falta de consentimiento.
Consentimiento, límites y seguridad;Dudas sobre consentimiento y acuerdos;Necesidad de clarificar consentimiento, límites, negociación y seguridad.;adultos/adolescentes;educativa;medio;"SEX_SRC001;SEX_SRC003";Contrato de consentimiento y acuerdos;Clarificar acuerdos, límites, señales de pausa y revisión mutua.;medio;pareja;Semáforo de consentimiento;Clasificar situaciones en verde/amarillo/rojo y decidir acciones.;Educar consentimiento de forma visual.;medio;30 min;educativa/pareja;media;Adaptar a consentimiento, seguridad, cultura, edad, orientación/identidad, salud física y contexto relacional. No aplicar tareas de pareja si existe coerción, violencia, miedo o falta de consentimiento.
Consentimiento, límites y seguridad;Dudas sobre consentimiento y acuerdos;Necesidad de clarificar consentimiento, límites, negociación y seguridad.;adultos/adolescentes;educativa;medio;"SEX_SRC001;SEX_SRC003";Plan de seguridad y derivación;Definir riesgo, contactos, recursos, servicios especializados y límites profesionales.;alto;seguridad;Plan de seguridad ante coerción;Identificar señales de riesgo, apoyos, recursos y pasos de salida/derivación.;Proteger a la persona.;alto;supervisado;seguridad;alta;Adaptar a consentimiento, seguridad, cultura, edad, orientación/identidad, salud física y contexto relacional. No aplicar tareas de pareja si existe coerción, violencia, miedo o falta de consentimiento.
Consentimiento, límites y seguridad;Dudas sobre consentimiento y acuerdos;Necesidad de clarificar consentimiento, límites, negociación y seguridad.;adultos/adolescentes;educativa;medio;"SEX_SRC001;SEX_SRC003";Plan de seguridad y derivación;Definir riesgo, contactos, recursos, servicios especializados y límites profesionales.;alto;seguridad;Plan de salida segura;Preparar recursos si existe miedo o presión en una relación.;Aumentar seguridad ante coerción.;alto;supervisado;seguridad;alta;Adaptar a consentimiento, seguridad, cultura, edad, orientación/identidad, salud física y contexto relacional. No aplicar tareas de pareja si existe coerción, violencia, miedo o falta de consentimiento.
Consentimiento, límites y seguridad;Dudas sobre consentimiento y acuerdos;Necesidad de clarificar consentimiento, límites, negociación y seguridad.;adultos/adolescentes;educativa;medio;"SEX_SRC001;SEX_SRC003";Educación sexual inclusiva;Información adaptada, respetuosa y no discriminatoria sobre sexualidad y diversidad.;bajo;educativa;Material inclusivo de educación sexual;Seleccionar recursos adaptados a orientación, identidad, cultura y capacidad.;Mejorar información respetuosa.;bajo;variable;educativa;media;Adaptar a consentimiento, seguridad, cultura, edad, orientación/identidad, salud física y contexto relacional. No aplicar tareas de pareja si existe coerción, violencia, miedo o falta de consentimiento.
Consentimiento, límites y seguridad;Dudas sobre consentimiento y acuerdos;Necesidad de clarificar consentimiento, límites, negociación y seguridad.;adultos/adolescentes;educativa;medio;"SEX_SRC001;SEX_SRC003";Plan de seguridad en adolescentes;Educación sobre consentimiento, privacidad digital, coerción, prevención y recursos.;alto;educativa/seguridad;Plan adolescente de privacidad digital;Trabajar límites, imágenes, presión, consentimiento y búsqueda de ayuda.;Prevenir riesgos digitales.;alto;educativa;adolescentes;alta;Adaptar a consentimiento, seguridad, cultura, edad, orientación/identidad, salud física y contexto relacional. No aplicar tareas de pareja si existe coerción, violencia, miedo o falta de consentimiento.
Consentimiento, límites y seguridad;Dudas sobre consentimiento y acuerdos;Necesidad de clarificar consentimiento, límites, negociación y seguridad.;adultos/adolescentes;educativa;medio;"SEX_SRC001;SEX_SRC003";Plan de prevención de recaídas;Detectar señales tempranas, barreras, acuerdos y estrategias de mantenimiento.;bajo;individual/pareja;Plan de mantenimiento;Señales tempranas, estrategias útiles, acuerdos y fecha de revisión.;Prevenir recaídas.;bajo;mensual;individual/pareja;media;Adaptar a consentimiento, seguridad, cultura, edad, orientación/identidad, salud física y contexto relacional. No aplicar tareas de pareja si existe coerción, violencia, miedo o falta de consentimiento.
Consentimiento, límites y seguridad;Dificultad para negociar prácticas o ritmos;Falta de acuerdos explícitos sobre qué, cuándo, cómo y con qué límites.;adultos;pareja;medio;"SEX_SRC003;SEX_SRC010";Cribado de seguridad, coerción y violencia;Explorar consentimiento, presión, miedo, violencia o riesgo antes de tareas de pareja.;alto;seguridad;Escala de presión sexual percibida;Valorar presión propia/externa 0-10 y decidir si pausar o negociar.;Prevenir coerción sutil.;medio;cada situación;individual/pareja;alta;Adaptar a consentimiento, seguridad, cultura, edad, orientación/identidad, salud física y contexto relacional. No aplicar tareas de pareja si existe coerción, violencia, miedo o falta de consentimiento.
Consentimiento, límites y seguridad;Dificultad para negociar prácticas o ritmos;Falta de acuerdos explícitos sobre qué, cuándo, cómo y con qué límites.;adultos;pareja;medio;"SEX_SRC003;SEX_SRC010";Asertividad y límites sexuales;Entrenar decir no, pedir pausa, pedir cambio y negociar límites.;medio;individual/pareja;Ensayo de límite sexual;Preparar frases para decir no, pedir pausa o cambiar de ritmo.;Fortalecer consentimiento y seguridad.;medio;sesión/casa;individual/pareja;media;Adaptar a consentimiento, seguridad, cultura, edad, orientación/identidad, salud física y contexto relacional. No aplicar tareas de pareja si existe coerción, violencia, miedo o falta de consentimiento.
Consentimiento, límites y seguridad;Dificultad para negociar prácticas o ritmos;Falta de acuerdos explícitos sobre qué, cuándo, cómo y con qué límites.;adultos;pareja;medio;"SEX_SRC003;SEX_SRC010";Asertividad y límites sexuales;Entrenar decir no, pedir pausa, pedir cambio y negociar límites.;medio;individual/pareja;Mapa de consentimiento personal;Definir sí, no, quizá, condiciones, límites y señales de pausa.;Clarificar límites.;medio;30 min;individual/pareja;media;Adaptar a consentimiento, seguridad, cultura, edad, orientación/identidad, salud física y contexto relacional. No aplicar tareas de pareja si existe coerción, violencia, miedo o falta de consentimiento.
Consentimiento, límites y seguridad;Dificultad para negociar prácticas o ritmos;Falta de acuerdos explícitos sobre qué, cuándo, cómo y con qué límites.;adultos;pareja;medio;"SEX_SRC003;SEX_SRC010";Asertividad y límites sexuales;Entrenar decir no, pedir pausa, pedir cambio y negociar límites.;medio;individual/pareja;Práctica de pedir pausa;Ensayar pedir pausa de forma clara y recibirla sin castigo.;Normalizar límites.;medio;sesión/casa;pareja;media;Adaptar a consentimiento, seguridad, cultura, edad, orientación/identidad, salud física y contexto relacional. No aplicar tareas de pareja si existe coerción, violencia, miedo o falta de consentimiento.
Consentimiento, límites y seguridad;Dificultad para negociar prácticas o ritmos;Falta de acuerdos explícitos sobre qué, cuándo, cómo y con qué límites.;adultos;pareja;medio;"SEX_SRC003;SEX_SRC010";Contrato de consentimiento y acuerdos;Clarificar acuerdos, límites, señales de pausa y revisión mutua.;medio;pareja;Acuerdo de señales de pausa;Definir palabras/señales para pausar, revisar o parar sin discusión.;Aumentar seguridad relacional.;medio;20 min;pareja;media;Adaptar a consentimiento, seguridad, cultura, edad, orientación/identidad, salud física y contexto relacional. No aplicar tareas de pareja si existe coerción, violencia, miedo o falta de consentimiento.
Consentimiento, límites y seguridad;Dificultad para negociar prácticas o ritmos;Falta de acuerdos explícitos sobre qué, cuándo, cómo y con qué límites.;adultos;pareja;medio;"SEX_SRC003;SEX_SRC010";Contrato de consentimiento y acuerdos;Clarificar acuerdos, límites, señales de pausa y revisión mutua.;medio;pareja;Semáforo de consentimiento;Clasificar situaciones en verde/amarillo/rojo y decidir acciones.;Educar consentimiento de forma visual.;medio;30 min;educativa/pareja;media;Adaptar a consentimiento, seguridad, cultura, edad, orientación/identidad, salud física y contexto relacional. No aplicar tareas de pareja si existe coerción, violencia, miedo o falta de consentimiento.
Consentimiento, límites y seguridad;Dificultad para negociar prácticas o ritmos;Falta de acuerdos explícitos sobre qué, cuándo, cómo y con qué límites.;adultos;pareja;medio;"SEX_SRC003;SEX_SRC010";Plan de seguridad y derivación;Definir riesgo, contactos, recursos, servicios especializados y límites profesionales.;alto;seguridad;Plan de seguridad ante coerción;Identificar señales de riesgo, apoyos, recursos y pasos de salida/derivación.;Proteger a la persona.;alto;supervisado;seguridad;alta;Adaptar a consentimiento, seguridad, cultura, edad, orientación/identidad, salud física y contexto relacional. No aplicar tareas de pareja si existe coerción, violencia, miedo o falta de consentimiento.
Consentimiento, límites y seguridad;Dificultad para negociar prácticas o ritmos;Falta de acuerdos explícitos sobre qué, cuándo, cómo y con qué límites.;adultos;pareja;medio;"SEX_SRC003;SEX_SRC010";Plan de seguridad y derivación;Definir riesgo, contactos, recursos, servicios especializados y límites profesionales.;alto;seguridad;Plan de salida segura;Preparar recursos si existe miedo o presión en una relación.;Aumentar seguridad ante coerción.;alto;supervisado;seguridad;alta;Adaptar a consentimiento, seguridad, cultura, edad, orientación/identidad, salud física y contexto relacional. No aplicar tareas de pareja si existe coerción, violencia, miedo o falta de consentimiento.
Consentimiento, límites y seguridad;Dificultad para negociar prácticas o ritmos;Falta de acuerdos explícitos sobre qué, cuándo, cómo y con qué límites.;adultos;pareja;medio;"SEX_SRC003;SEX_SRC010";Educación sexual inclusiva;Información adaptada, respetuosa y no discriminatoria sobre sexualidad y diversidad.;bajo;educativa;Material inclusivo de educación sexual;Seleccionar recursos adaptados a orientación, identidad, cultura y capacidad.;Mejorar información respetuosa.;bajo;variable;educativa;media;Adaptar a consentimiento, seguridad, cultura, edad, orientación/identidad, salud física y contexto relacional. No aplicar tareas de pareja si existe coerción, violencia, miedo o falta de consentimiento.
Consentimiento, límites y seguridad;Dificultad para negociar prácticas o ritmos;Falta de acuerdos explícitos sobre qué, cuándo, cómo y con qué límites.;adultos;pareja;medio;"SEX_SRC003;SEX_SRC010";Plan de seguridad en adolescentes;Educación sobre consentimiento, privacidad digital, coerción, prevención y recursos.;alto;educativa/seguridad;Plan adolescente de privacidad digital;Trabajar límites, imágenes, presión, consentimiento y búsqueda de ayuda.;Prevenir riesgos digitales.;alto;educativa;adolescentes;alta;Adaptar a consentimiento, seguridad, cultura, edad, orientación/identidad, salud física y contexto relacional. No aplicar tareas de pareja si existe coerción, violencia, miedo o falta de consentimiento.
Consentimiento, límites y seguridad;Dificultad para negociar prácticas o ritmos;Falta de acuerdos explícitos sobre qué, cuándo, cómo y con qué límites.;adultos;pareja;medio;"SEX_SRC003;SEX_SRC010";Plan de prevención de recaídas;Detectar señales tempranas, barreras, acuerdos y estrategias de mantenimiento.;bajo;individual/pareja;Plan de mantenimiento;Señales tempranas, estrategias útiles, acuerdos y fecha de revisión.;Prevenir recaídas.;bajo;mensual;individual/pareja;media;Adaptar a consentimiento, seguridad, cultura, edad, orientación/identidad, salud física y contexto relacional. No aplicar tareas de pareja si existe coerción, violencia, miedo o falta de consentimiento.
Mitos, creencias y educación sexual;Mitos sexuales y expectativas irreales;Creencias rígidas sobre frecuencia, deseo, orgasmo, penetración o rendimiento.;adultos/adolescentes;educativa;bajo;"SEX_SRC001;SEX_SRC010";Psicoeducación sexual basada en evidencia;Explicar sexualidad, respuesta sexual, variabilidad, placer, consentimiento y seguridad sin patologizar.;bajo;educativa;Rueda de salud sexual personal;Completar áreas de bienestar, dudas, límites, valores y objetivos sexuales.;Clarificar demanda y objetivos.;bajo;20-30 min;individual;media;Adaptar a consentimiento, seguridad, cultura, edad, orientación/identidad, salud física y contexto relacional. No aplicar tareas de pareja si existe coerción, violencia, miedo o falta de consentimiento.
Mitos, creencias y educación sexual;Mitos sexuales y expectativas irreales;Creencias rígidas sobre frecuencia, deseo, orgasmo, penetración o rendimiento.;adultos/adolescentes;educativa;bajo;"SEX_SRC001;SEX_SRC010";Psicoeducación sexual basada en evidencia;Explicar sexualidad, respuesta sexual, variabilidad, placer, consentimiento y seguridad sin patologizar.;bajo;educativa;Lista de dudas para consulta;Anotar dudas de sexualidad, salud, prevención o relación para revisar en sesión.;Facilitar conversación profesional.;bajo;10 min;individual;media;Adaptar a consentimiento, seguridad, cultura, edad, orientación/identidad, salud física y contexto relacional. No aplicar tareas de pareja si existe coerción, violencia, miedo o falta de consentimiento.
Mitos, creencias y educación sexual;Mitos sexuales y expectativas irreales;Creencias rígidas sobre frecuencia, deseo, orgasmo, penetración o rendimiento.;adultos/adolescentes;educativa;bajo;"SEX_SRC001;SEX_SRC010";Reestructuración de mitos sexuales;Identificar y flexibilizar creencias rígidas sobre deseo, cuerpo, orgasmo o rendimiento.;bajo;individual/pareja;Registro de mitos sexuales;Anotar creencia, origen, emoción, coste y alternativa flexible.;Flexibilizar expectativas.;bajo;7 días;individual/pareja;media;Adaptar a consentimiento, seguridad, cultura, edad, orientación/identidad, salud física y contexto relacional. No aplicar tareas de pareja si existe coerción, violencia, miedo o falta de consentimiento.
Mitos, creencias y educación sexual;Mitos sexuales y expectativas irreales;Creencias rígidas sobre frecuencia, deseo, orgasmo, penetración o rendimiento.;adultos/adolescentes;educativa;bajo;"SEX_SRC001;SEX_SRC010";Trabajo con vergüenza sexual;Reducir evitación, autocrítica y secretos mediante validación y exposición gradual.;medio;individual;Registro de vergüenza sexual;Anotar situación, pensamiento, emoción, evitación y respuesta alternativa.;Reducir vergüenza.;medio;7 días;individual;media;Adaptar a consentimiento, seguridad, cultura, edad, orientación/identidad, salud física y contexto relacional. No aplicar tareas de pareja si existe coerción, violencia, miedo o falta de consentimiento.
Mitos, creencias y educación sexual;Mitos sexuales y expectativas irreales;Creencias rígidas sobre frecuencia, deseo, orgasmo, penetración o rendimiento.;adultos/adolescentes;educativa;bajo;"SEX_SRC001;SEX_SRC010";Educación sexual inclusiva;Información adaptada, respetuosa y no discriminatoria sobre sexualidad y diversidad.;bajo;educativa;Material inclusivo de educación sexual;Seleccionar recursos adaptados a orientación, identidad, cultura y capacidad.;Mejorar información respetuosa.;bajo;variable;educativa;media;Adaptar a consentimiento, seguridad, cultura, edad, orientación/identidad, salud física y contexto relacional. No aplicar tareas de pareja si existe coerción, violencia, miedo o falta de consentimiento.
Mitos, creencias y educación sexual;Mitos sexuales y expectativas irreales;Creencias rígidas sobre frecuencia, deseo, orgasmo, penetración o rendimiento.;adultos/adolescentes;educativa;bajo;"SEX_SRC001;SEX_SRC010";Reestructuración de pornomitos;Diferenciar ficción, expectativas, cuerpos, consentimiento y realidad relacional.;bajo;educativa;Diferenciar ficción y realidad;Listar expectativas aprendidas de pornografía y contrastarlas con salud/consentimiento.;Reducir pornomitos.;bajo;30 min;educativa/individual;media;Adaptar a consentimiento, seguridad, cultura, edad, orientación/identidad, salud física y contexto relacional. No aplicar tareas de pareja si existe coerción, violencia, miedo o falta de consentimiento.
Mitos, creencias y educación sexual;Mitos sexuales y expectativas irreales;Creencias rígidas sobre frecuencia, deseo, orgasmo, penetración o rendimiento.;adultos/adolescentes;educativa;bajo;"SEX_SRC001;SEX_SRC010";Trabajo con culpa y valores;Explorar conflicto entre deseo, valores, cultura, religión y bienestar sin imponer.;medio;individual;Registro de culpa sexual;Anotar culpa, norma interna, origen, utilidad, coste y alternativa compatible con valores.;Trabajar culpa sin imponer valores.;medio;7 días;individual;media;Adaptar a consentimiento, seguridad, cultura, edad, orientación/identidad, salud física y contexto relacional. No aplicar tareas de pareja si existe coerción, violencia, miedo o falta de consentimiento.
Mitos, creencias y educación sexual;Mitos sexuales y expectativas irreales;Creencias rígidas sobre frecuencia, deseo, orgasmo, penetración o rendimiento.;adultos/adolescentes;educativa;bajo;"SEX_SRC001;SEX_SRC010";Trabajo de valores e intimidad;Clarificar qué significa una vida sexual/afectiva valiosa para la persona/pareja.;bajo;individual/pareja;Valores y sexualidad;Escribir qué sexualidad se quiere construir: respeto, placer, seguridad, conexión, cuidado.;Alinear conducta con valores.;bajo;20 min;individual/pareja;media;Adaptar a consentimiento, seguridad, cultura, edad, orientación/identidad, salud física y contexto relacional. No aplicar tareas de pareja si existe coerción, violencia, miedo o falta de consentimiento.
Mitos, creencias y educación sexual;Mitos sexuales y expectativas irreales;Creencias rígidas sobre frecuencia, deseo, orgasmo, penetración o rendimiento.;adultos/adolescentes;educativa;bajo;"SEX_SRC001;SEX_SRC010";Plan de prevención de recaídas;Detectar señales tempranas, barreras, acuerdos y estrategias de mantenimiento.;bajo;individual/pareja;Plan de mantenimiento;Señales tempranas, estrategias útiles, acuerdos y fecha de revisión.;Prevenir recaídas.;bajo;mensual;individual/pareja;media;Adaptar a consentimiento, seguridad, cultura, edad, orientación/identidad, salud física y contexto relacional. No aplicar tareas de pareja si existe coerción, violencia, miedo o falta de consentimiento.
Mitos, creencias y educación sexual;Culpa o vergüenza sexual aprendida;Malestar vinculado a educación, religión, cultura, familia o experiencias previas.;adultos;individual;medio;"SEX_SRC001;SEX_SRC003";Psicoeducación sexual basada en evidencia;Explicar sexualidad, respuesta sexual, variabilidad, placer, consentimiento y seguridad sin patologizar.;bajo;educativa;Rueda de salud sexual personal;Completar áreas de bienestar, dudas, límites, valores y objetivos sexuales.;Clarificar demanda y objetivos.;bajo;20-30 min;individual;media;Adaptar a consentimiento, seguridad, cultura, edad, orientación/identidad, salud física y contexto relacional. No aplicar tareas de pareja si existe coerción, violencia, miedo o falta de consentimiento.
Mitos, creencias y educación sexual;Culpa o vergüenza sexual aprendida;Malestar vinculado a educación, religión, cultura, familia o experiencias previas.;adultos;individual;medio;"SEX_SRC001;SEX_SRC003";Psicoeducación sexual basada en evidencia;Explicar sexualidad, respuesta sexual, variabilidad, placer, consentimiento y seguridad sin patologizar.;bajo;educativa;Lista de dudas para consulta;Anotar dudas de sexualidad, salud, prevención o relación para revisar en sesión.;Facilitar conversación profesional.;bajo;10 min;individual;media;Adaptar a consentimiento, seguridad, cultura, edad, orientación/identidad, salud física y contexto relacional. No aplicar tareas de pareja si existe coerción, violencia, miedo o falta de consentimiento.
Mitos, creencias y educación sexual;Culpa o vergüenza sexual aprendida;Malestar vinculado a educación, religión, cultura, familia o experiencias previas.;adultos;individual;medio;"SEX_SRC001;SEX_SRC003";Reestructuración de mitos sexuales;Identificar y flexibilizar creencias rígidas sobre deseo, cuerpo, orgasmo o rendimiento.;bajo;individual/pareja;Registro de mitos sexuales;Anotar creencia, origen, emoción, coste y alternativa flexible.;Flexibilizar expectativas.;bajo;7 días;individual/pareja;media;Adaptar a consentimiento, seguridad, cultura, edad, orientación/identidad, salud física y contexto relacional. No aplicar tareas de pareja si existe coerción, violencia, miedo o falta de consentimiento.
Mitos, creencias y educación sexual;Culpa o vergüenza sexual aprendida;Malestar vinculado a educación, religión, cultura, familia o experiencias previas.;adultos;individual;medio;"SEX_SRC001;SEX_SRC003";Trabajo con vergüenza sexual;Reducir evitación, autocrítica y secretos mediante validación y exposición gradual.;medio;individual;Registro de vergüenza sexual;Anotar situación, pensamiento, emoción, evitación y respuesta alternativa.;Reducir vergüenza.;medio;7 días;individual;media;Adaptar a consentimiento, seguridad, cultura, edad, orientación/identidad, salud física y contexto relacional. No aplicar tareas de pareja si existe coerción, violencia, miedo o falta de consentimiento.
Mitos, creencias y educación sexual;Culpa o vergüenza sexual aprendida;Malestar vinculado a educación, religión, cultura, familia o experiencias previas.;adultos;individual;medio;"SEX_SRC001;SEX_SRC003";Educación sexual inclusiva;Información adaptada, respetuosa y no discriminatoria sobre sexualidad y diversidad.;bajo;educativa;Material inclusivo de educación sexual;Seleccionar recursos adaptados a orientación, identidad, cultura y capacidad.;Mejorar información respetuosa.;bajo;variable;educativa;media;Adaptar a consentimiento, seguridad, cultura, edad, orientación/identidad, salud física y contexto relacional. No aplicar tareas de pareja si existe coerción, violencia, miedo o falta de consentimiento.
Mitos, creencias y educación sexual;Culpa o vergüenza sexual aprendida;Malestar vinculado a educación, religión, cultura, familia o experiencias previas.;adultos;individual;medio;"SEX_SRC001;SEX_SRC003";Reestructuración de pornomitos;Diferenciar ficción, expectativas, cuerpos, consentimiento y realidad relacional.;bajo;educativa;Diferenciar ficción y realidad;Listar expectativas aprendidas de pornografía y contrastarlas con salud/consentimiento.;Reducir pornomitos.;bajo;30 min;educativa/individual;media;Adaptar a consentimiento, seguridad, cultura, edad, orientación/identidad, salud física y contexto relacional. No aplicar tareas de pareja si existe coerción, violencia, miedo o falta de consentimiento.
Mitos, creencias y educación sexual;Culpa o vergüenza sexual aprendida;Malestar vinculado a educación, religión, cultura, familia o experiencias previas.;adultos;individual;medio;"SEX_SRC001;SEX_SRC003";Trabajo con culpa y valores;Explorar conflicto entre deseo, valores, cultura, religión y bienestar sin imponer.;medio;individual;Registro de culpa sexual;Anotar culpa, norma interna, origen, utilidad, coste y alternativa compatible con valores.;Trabajar culpa sin imponer valores.;medio;7 días;individual;media;Adaptar a consentimiento, seguridad, cultura, edad, orientación/identidad, salud física y contexto relacional. No aplicar tareas de pareja si existe coerción, violencia, miedo o falta de consentimiento.
Mitos, creencias y educación sexual;Culpa o vergüenza sexual aprendida;Malestar vinculado a educación, religión, cultura, familia o experiencias previas.;adultos;individual;medio;"SEX_SRC001;SEX_SRC003";Trabajo de valores e intimidad;Clarificar qué significa una vida sexual/afectiva valiosa para la persona/pareja.;bajo;individual/pareja;Valores y sexualidad;Escribir qué sexualidad se quiere construir: respeto, placer, seguridad, conexión, cuidado.;Alinear conducta con valores.;bajo;20 min;individual/pareja;media;Adaptar a consentimiento, seguridad, cultura, edad, orientación/identidad, salud física y contexto relacional. No aplicar tareas de pareja si existe coerción, violencia, miedo o falta de consentimiento.
Mitos, creencias y educación sexual;Culpa o vergüenza sexual aprendida;Malestar vinculado a educación, religión, cultura, familia o experiencias previas.;adultos;individual;medio;"SEX_SRC001;SEX_SRC003";Plan de prevención de recaídas;Detectar señales tempranas, barreras, acuerdos y estrategias de mantenimiento.;bajo;individual/pareja;Plan de mantenimiento;Señales tempranas, estrategias útiles, acuerdos y fecha de revisión.;Prevenir recaídas.;bajo;mensual;individual/pareja;media;Adaptar a consentimiento, seguridad, cultura, edad, orientación/identidad, salud física y contexto relacional. No aplicar tareas de pareja si existe coerción, violencia, miedo o falta de consentimiento.
Mitos, creencias y educación sexual;Guion sexual rígido;Creencia de que el encuentro sexual debe seguir una secuencia fija o normativa.;adultos;individual/pareja;bajo;"SEX_SRC010;SEX_SRC012";Psicoeducación sexual basada en evidencia;Explicar sexualidad, respuesta sexual, variabilidad, placer, consentimiento y seguridad sin patologizar.;bajo;educativa;Rueda de salud sexual personal;Completar áreas de bienestar, dudas, límites, valores y objetivos sexuales.;Clarificar demanda y objetivos.;bajo;20-30 min;individual;media;Adaptar a consentimiento, seguridad, cultura, edad, orientación/identidad, salud física y contexto relacional. No aplicar tareas de pareja si existe coerción, violencia, miedo o falta de consentimiento.
Mitos, creencias y educación sexual;Guion sexual rígido;Creencia de que el encuentro sexual debe seguir una secuencia fija o normativa.;adultos;individual/pareja;bajo;"SEX_SRC010;SEX_SRC012";Psicoeducación sexual basada en evidencia;Explicar sexualidad, respuesta sexual, variabilidad, placer, consentimiento y seguridad sin patologizar.;bajo;educativa;Lista de dudas para consulta;Anotar dudas de sexualidad, salud, prevención o relación para revisar en sesión.;Facilitar conversación profesional.;bajo;10 min;individual;media;Adaptar a consentimiento, seguridad, cultura, edad, orientación/identidad, salud física y contexto relacional. No aplicar tareas de pareja si existe coerción, violencia, miedo o falta de consentimiento.
Mitos, creencias y educación sexual;Guion sexual rígido;Creencia de que el encuentro sexual debe seguir una secuencia fija o normativa.;adultos;individual/pareja;bajo;"SEX_SRC010;SEX_SRC012";Reestructuración de mitos sexuales;Identificar y flexibilizar creencias rígidas sobre deseo, cuerpo, orgasmo o rendimiento.;bajo;individual/pareja;Registro de mitos sexuales;Anotar creencia, origen, emoción, coste y alternativa flexible.;Flexibilizar expectativas.;bajo;7 días;individual/pareja;media;Adaptar a consentimiento, seguridad, cultura, edad, orientación/identidad, salud física y contexto relacional. No aplicar tareas de pareja si existe coerción, violencia, miedo o falta de consentimiento.
Mitos, creencias y educación sexual;Guion sexual rígido;Creencia de que el encuentro sexual debe seguir una secuencia fija o normativa.;adultos;individual/pareja;bajo;"SEX_SRC010;SEX_SRC012";Trabajo con vergüenza sexual;Reducir evitación, autocrítica y secretos mediante validación y exposición gradual.;medio;individual;Registro de vergüenza sexual;Anotar situación, pensamiento, emoción, evitación y respuesta alternativa.;Reducir vergüenza.;medio;7 días;individual;media;Adaptar a consentimiento, seguridad, cultura, edad, orientación/identidad, salud física y contexto relacional. No aplicar tareas de pareja si existe coerción, violencia, miedo o falta de consentimiento.
Mitos, creencias y educación sexual;Guion sexual rígido;Creencia de que el encuentro sexual debe seguir una secuencia fija o normativa.;adultos;individual/pareja;bajo;"SEX_SRC010;SEX_SRC012";Educación sexual inclusiva;Información adaptada, respetuosa y no discriminatoria sobre sexualidad y diversidad.;bajo;educativa;Material inclusivo de educación sexual;Seleccionar recursos adaptados a orientación, identidad, cultura y capacidad.;Mejorar información respetuosa.;bajo;variable;educativa;media;Adaptar a consentimiento, seguridad, cultura, edad, orientación/identidad, salud física y contexto relacional. No aplicar tareas de pareja si existe coerción, violencia, miedo o falta de consentimiento.
Mitos, creencias y educación sexual;Guion sexual rígido;Creencia de que el encuentro sexual debe seguir una secuencia fija o normativa.;adultos;individual/pareja;bajo;"SEX_SRC010;SEX_SRC012";Reestructuración de pornomitos;Diferenciar ficción, expectativas, cuerpos, consentimiento y realidad relacional.;bajo;educativa;Diferenciar ficción y realidad;Listar expectativas aprendidas de pornografía y contrastarlas con salud/consentimiento.;Reducir pornomitos.;bajo;30 min;educativa/individual;media;Adaptar a consentimiento, seguridad, cultura, edad, orientación/identidad, salud física y contexto relacional. No aplicar tareas de pareja si existe coerción, violencia, miedo o falta de consentimiento.
Mitos, creencias y educación sexual;Guion sexual rígido;Creencia de que el encuentro sexual debe seguir una secuencia fija o normativa.;adultos;individual/pareja;bajo;"SEX_SRC010;SEX_SRC012";Trabajo con culpa y valores;Explorar conflicto entre deseo, valores, cultura, religión y bienestar sin imponer.;medio;individual;Registro de culpa sexual;Anotar culpa, norma interna, origen, utilidad, coste y alternativa compatible con valores.;Trabajar culpa sin imponer valores.;medio;7 días;individual;media;Adaptar a consentimiento, seguridad, cultura, edad, orientación/identidad, salud física y contexto relacional. No aplicar tareas de pareja si existe coerción, violencia, miedo o falta de consentimiento.
Mitos, creencias y educación sexual;Guion sexual rígido;Creencia de que el encuentro sexual debe seguir una secuencia fija o normativa.;adultos;individual/pareja;bajo;"SEX_SRC010;SEX_SRC012";Trabajo de valores e intimidad;Clarificar qué significa una vida sexual/afectiva valiosa para la persona/pareja.;bajo;individual/pareja;Valores y sexualidad;Escribir qué sexualidad se quiere construir: respeto, placer, seguridad, conexión, cuidado.;Alinear conducta con valores.;bajo;20 min;individual/pareja;media;Adaptar a consentimiento, seguridad, cultura, edad, orientación/identidad, salud física y contexto relacional. No aplicar tareas de pareja si existe coerción, violencia, miedo o falta de consentimiento.
Mitos, creencias y educación sexual;Guion sexual rígido;Creencia de que el encuentro sexual debe seguir una secuencia fija o normativa.;adultos;individual/pareja;bajo;"SEX_SRC010;SEX_SRC012";Plan de prevención de recaídas;Detectar señales tempranas, barreras, acuerdos y estrategias de mantenimiento.;bajo;individual/pareja;Plan de mantenimiento;Señales tempranas, estrategias útiles, acuerdos y fecha de revisión.;Prevenir recaídas.;bajo;mensual;individual/pareja;media;Adaptar a consentimiento, seguridad, cultura, edad, orientación/identidad, salud física y contexto relacional. No aplicar tareas de pareja si existe coerción, violencia, miedo o falta de consentimiento.
Mitos, creencias y educación sexual;Expectativas influenciadas por pornografía;Comparación con escenas pornográficas o ideas poco realistas de cuerpo/respuesta.;adultos/adolescentes;educativa;medio;"SEX_SRC001;SEX_SRC013";Psicoeducación sexual basada en evidencia;Explicar sexualidad, respuesta sexual, variabilidad, placer, consentimiento y seguridad sin patologizar.;bajo;educativa;Rueda de salud sexual personal;Completar áreas de bienestar, dudas, límites, valores y objetivos sexuales.;Clarificar demanda y objetivos.;bajo;20-30 min;individual;media;Adaptar a consentimiento, seguridad, cultura, edad, orientación/identidad, salud física y contexto relacional. No aplicar tareas de pareja si existe coerción, violencia, miedo o falta de consentimiento.
Mitos, creencias y educación sexual;Expectativas influenciadas por pornografía;Comparación con escenas pornográficas o ideas poco realistas de cuerpo/respuesta.;adultos/adolescentes;educativa;medio;"SEX_SRC001;SEX_SRC013";Psicoeducación sexual basada en evidencia;Explicar sexualidad, respuesta sexual, variabilidad, placer, consentimiento y seguridad sin patologizar.;bajo;educativa;Lista de dudas para consulta;Anotar dudas de sexualidad, salud, prevención o relación para revisar en sesión.;Facilitar conversación profesional.;bajo;10 min;individual;media;Adaptar a consentimiento, seguridad, cultura, edad, orientación/identidad, salud física y contexto relacional. No aplicar tareas de pareja si existe coerción, violencia, miedo o falta de consentimiento.
Mitos, creencias y educación sexual;Expectativas influenciadas por pornografía;Comparación con escenas pornográficas o ideas poco realistas de cuerpo/respuesta.;adultos/adolescentes;educativa;medio;"SEX_SRC001;SEX_SRC013";Reestructuración de mitos sexuales;Identificar y flexibilizar creencias rígidas sobre deseo, cuerpo, orgasmo o rendimiento.;bajo;individual/pareja;Registro de mitos sexuales;Anotar creencia, origen, emoción, coste y alternativa flexible.;Flexibilizar expectativas.;bajo;7 días;individual/pareja;media;Adaptar a consentimiento, seguridad, cultura, edad, orientación/identidad, salud física y contexto relacional. No aplicar tareas de pareja si existe coerción, violencia, miedo o falta de consentimiento.
Mitos, creencias y educación sexual;Expectativas influenciadas por pornografía;Comparación con escenas pornográficas o ideas poco realistas de cuerpo/respuesta.;adultos/adolescentes;educativa;medio;"SEX_SRC001;SEX_SRC013";Trabajo con vergüenza sexual;Reducir evitación, autocrítica y secretos mediante validación y exposición gradual.;medio;individual;Registro de vergüenza sexual;Anotar situación, pensamiento, emoción, evitación y respuesta alternativa.;Reducir vergüenza.;medio;7 días;individual;media;Adaptar a consentimiento, seguridad, cultura, edad, orientación/identidad, salud física y contexto relacional. No aplicar tareas de pareja si existe coerción, violencia, miedo o falta de consentimiento.
Mitos, creencias y educación sexual;Expectativas influenciadas por pornografía;Comparación con escenas pornográficas o ideas poco realistas de cuerpo/respuesta.;adultos/adolescentes;educativa;medio;"SEX_SRC001;SEX_SRC013";Educación sexual inclusiva;Información adaptada, respetuosa y no discriminatoria sobre sexualidad y diversidad.;bajo;educativa;Material inclusivo de educación sexual;Seleccionar recursos adaptados a orientación, identidad, cultura y capacidad.;Mejorar información respetuosa.;bajo;variable;educativa;media;Adaptar a consentimiento, seguridad, cultura, edad, orientación/identidad, salud física y contexto relacional. No aplicar tareas de pareja si existe coerción, violencia, miedo o falta de consentimiento.
Mitos, creencias y educación sexual;Expectativas influenciadas por pornografía;Comparación con escenas pornográficas o ideas poco realistas de cuerpo/respuesta.;adultos/adolescentes;educativa;medio;"SEX_SRC001;SEX_SRC013";Reestructuración de pornomitos;Diferenciar ficción, expectativas, cuerpos, consentimiento y realidad relacional.;bajo;educativa;Diferenciar ficción y realidad;Listar expectativas aprendidas de pornografía y contrastarlas con salud/consentimiento.;Reducir pornomitos.;bajo;30 min;educativa/individual;media;Adaptar a consentimiento, seguridad, cultura, edad, orientación/identidad, salud física y contexto relacional. No aplicar tareas de pareja si existe coerción, violencia, miedo o falta de consentimiento.
Mitos, creencias y educación sexual;Expectativas influenciadas por pornografía;Comparación con escenas pornográficas o ideas poco realistas de cuerpo/respuesta.;adultos/adolescentes;educativa;medio;"SEX_SRC001;SEX_SRC013";Trabajo con culpa y valores;Explorar conflicto entre deseo, valores, cultura, religión y bienestar sin imponer.;medio;individual;Registro de culpa sexual;Anotar culpa, norma interna, origen, utilidad, coste y alternativa compatible con valores.;Trabajar culpa sin imponer valores.;medio;7 días;individual;media;Adaptar a consentimiento, seguridad, cultura, edad, orientación/identidad, salud física y contexto relacional. No aplicar tareas de pareja si existe coerción, violencia, miedo o falta de consentimiento.
Mitos, creencias y educación sexual;Expectativas influenciadas por pornografía;Comparación con escenas pornográficas o ideas poco realistas de cuerpo/respuesta.;adultos/adolescentes;educativa;medio;"SEX_SRC001;SEX_SRC013";Trabajo de valores e intimidad;Clarificar qué significa una vida sexual/afectiva valiosa para la persona/pareja.;bajo;individual/pareja;Valores y sexualidad;Escribir qué sexualidad se quiere construir: respeto, placer, seguridad, conexión, cuidado.;Alinear conducta con valores.;bajo;20 min;individual/pareja;media;Adaptar a consentimiento, seguridad, cultura, edad, orientación/identidad, salud física y contexto relacional. No aplicar tareas de pareja si existe coerción, violencia, miedo o falta de consentimiento.
Mitos, creencias y educación sexual;Expectativas influenciadas por pornografía;Comparación con escenas pornográficas o ideas poco realistas de cuerpo/respuesta.;adultos/adolescentes;educativa;medio;"SEX_SRC001;SEX_SRC013";Plan de prevención de recaídas;Detectar señales tempranas, barreras, acuerdos y estrategias de mantenimiento.;bajo;individual/pareja;Plan de mantenimiento;Señales tempranas, estrategias útiles, acuerdos y fecha de revisión.;Prevenir recaídas.;bajo;mensual;individual/pareja;media;Adaptar a consentimiento, seguridad, cultura, edad, orientación/identidad, salud física y contexto relacional. No aplicar tareas de pareja si existe coerción, violencia, miedo o falta de consentimiento.
Identidad, orientación y diversidad sexual;Dudas sobre orientación sexual;Exploración de orientación, atracción y vivencia sin patologizar.;adultos/adolescentes;afirmativa;bajo;"SEX_SRC001;SEX_SRC003";Trabajo afirmativo en diversidad sexual;Acompañar orientación/identidad sin patologizar, validando contexto y seguridad.;medio;afirmativa;Exploración afirmativa de identidad/orientación;Registrar vivencias, preguntas, apoyos, miedos y espacios seguros.;Acompañar sin patologizar.;medio;variable;individual;media;Adaptar a consentimiento, seguridad, cultura, edad, orientación/identidad, salud física y contexto relacional. No aplicar tareas de pareja si existe coerción, violencia, miedo o falta de consentimiento.
Identidad, orientación y diversidad sexual;Dudas sobre orientación sexual;Exploración de orientación, atracción y vivencia sin patologizar.;adultos/adolescentes;afirmativa;bajo;"SEX_SRC001;SEX_SRC003";Mapa de apoyo y revelación segura;Planificar si/cuándo/a quién comunicar orientación o identidad, priorizando seguridad.;medio;afirmativa;Plan de comunicación segura de identidad;Valorar si conviene comunicar, a quién, cuándo, cómo y con qué apoyo.;Priorizar autonomía y seguridad.;medio;30 min;individual;media;Adaptar a consentimiento, seguridad, cultura, edad, orientación/identidad, salud física y contexto relacional. No aplicar tareas de pareja si existe coerción, violencia, miedo o falta de consentimiento.
Identidad, orientación y diversidad sexual;Dudas sobre orientación sexual;Exploración de orientación, atracción y vivencia sin patologizar.;adultos/adolescentes;afirmativa;bajo;"SEX_SRC001;SEX_SRC003";Educación sexual inclusiva;Información adaptada, respetuosa y no discriminatoria sobre sexualidad y diversidad.;bajo;educativa;Material inclusivo de educación sexual;Seleccionar recursos adaptados a orientación, identidad, cultura y capacidad.;Mejorar información respetuosa.;bajo;variable;educativa;media;Adaptar a consentimiento, seguridad, cultura, edad, orientación/identidad, salud física y contexto relacional. No aplicar tareas de pareja si existe coerción, violencia, miedo o falta de consentimiento.
Identidad, orientación y diversidad sexual;Dudas sobre orientación sexual;Exploración de orientación, atracción y vivencia sin patologizar.;adultos/adolescentes;afirmativa;bajo;"SEX_SRC001;SEX_SRC003";Trabajo con culpa y valores;Explorar conflicto entre deseo, valores, cultura, religión y bienestar sin imponer.;medio;individual;Registro de culpa sexual;Anotar culpa, norma interna, origen, utilidad, coste y alternativa compatible con valores.;Trabajar culpa sin imponer valores.;medio;7 días;individual;media;Adaptar a consentimiento, seguridad, cultura, edad, orientación/identidad, salud física y contexto relacional. No aplicar tareas de pareja si existe coerción, violencia, miedo o falta de consentimiento.
Identidad, orientación y diversidad sexual;Dudas sobre orientación sexual;Exploración de orientación, atracción y vivencia sin patologizar.;adultos/adolescentes;afirmativa;bajo;"SEX_SRC001;SEX_SRC003";Trabajo de valores e intimidad;Clarificar qué significa una vida sexual/afectiva valiosa para la persona/pareja.;bajo;individual/pareja;Valores y sexualidad;Escribir qué sexualidad se quiere construir: respeto, placer, seguridad, conexión, cuidado.;Alinear conducta con valores.;bajo;20 min;individual/pareja;media;Adaptar a consentimiento, seguridad, cultura, edad, orientación/identidad, salud física y contexto relacional. No aplicar tareas de pareja si existe coerción, violencia, miedo o falta de consentimiento.
Identidad, orientación y diversidad sexual;Dudas sobre orientación sexual;Exploración de orientación, atracción y vivencia sin patologizar.;adultos/adolescentes;afirmativa;bajo;"SEX_SRC001;SEX_SRC003";Plan de prevención de recaídas;Detectar señales tempranas, barreras, acuerdos y estrategias de mantenimiento.;bajo;individual/pareja;Plan de mantenimiento;Señales tempranas, estrategias útiles, acuerdos y fecha de revisión.;Prevenir recaídas.;bajo;mensual;individual/pareja;media;Adaptar a consentimiento, seguridad, cultura, edad, orientación/identidad, salud física y contexto relacional. No aplicar tareas de pareja si existe coerción, violencia, miedo o falta de consentimiento.
Identidad, orientación y diversidad sexual;Dudas sobre identidad o expresión de género;Exploración de identidad, expresión, malestar, apoyo y recursos.;adultos/adolescentes;afirmativa;medio;"SEX_SRC001;SEX_SRC003";Trabajo afirmativo en diversidad sexual;Acompañar orientación/identidad sin patologizar, validando contexto y seguridad.;medio;afirmativa;Exploración afirmativa de identidad/orientación;Registrar vivencias, preguntas, apoyos, miedos y espacios seguros.;Acompañar sin patologizar.;medio;variable;individual;media;Adaptar a consentimiento, seguridad, cultura, edad, orientación/identidad, salud física y contexto relacional. No aplicar tareas de pareja si existe coerción, violencia, miedo o falta de consentimiento.
Identidad, orientación y diversidad sexual;Dudas sobre identidad o expresión de género;Exploración de identidad, expresión, malestar, apoyo y recursos.;adultos/adolescentes;afirmativa;medio;"SEX_SRC001;SEX_SRC003";Mapa de apoyo y revelación segura;Planificar si/cuándo/a quién comunicar orientación o identidad, priorizando seguridad.;medio;afirmativa;Plan de comunicación segura de identidad;Valorar si conviene comunicar, a quién, cuándo, cómo y con qué apoyo.;Priorizar autonomía y seguridad.;medio;30 min;individual;media;Adaptar a consentimiento, seguridad, cultura, edad, orientación/identidad, salud física y contexto relacional. No aplicar tareas de pareja si existe coerción, violencia, miedo o falta de consentimiento.
Identidad, orientación y diversidad sexual;Dudas sobre identidad o expresión de género;Exploración de identidad, expresión, malestar, apoyo y recursos.;adultos/adolescentes;afirmativa;medio;"SEX_SRC001;SEX_SRC003";Educación sexual inclusiva;Información adaptada, respetuosa y no discriminatoria sobre sexualidad y diversidad.;bajo;educativa;Material inclusivo de educación sexual;Seleccionar recursos adaptados a orientación, identidad, cultura y capacidad.;Mejorar información respetuosa.;bajo;variable;educativa;media;Adaptar a consentimiento, seguridad, cultura, edad, orientación/identidad, salud física y contexto relacional. No aplicar tareas de pareja si existe coerción, violencia, miedo o falta de consentimiento.
Identidad, orientación y diversidad sexual;Dudas sobre identidad o expresión de género;Exploración de identidad, expresión, malestar, apoyo y recursos.;adultos/adolescentes;afirmativa;medio;"SEX_SRC001;SEX_SRC003";Trabajo con culpa y valores;Explorar conflicto entre deseo, valores, cultura, religión y bienestar sin imponer.;medio;individual;Registro de culpa sexual;Anotar culpa, norma interna, origen, utilidad, coste y alternativa compatible con valores.;Trabajar culpa sin imponer valores.;medio;7 días;individual;media;Adaptar a consentimiento, seguridad, cultura, edad, orientación/identidad, salud física y contexto relacional. No aplicar tareas de pareja si existe coerción, violencia, miedo o falta de consentimiento.
Identidad, orientación y diversidad sexual;Dudas sobre identidad o expresión de género;Exploración de identidad, expresión, malestar, apoyo y recursos.;adultos/adolescentes;afirmativa;medio;"SEX_SRC001;SEX_SRC003";Trabajo de valores e intimidad;Clarificar qué significa una vida sexual/afectiva valiosa para la persona/pareja.;bajo;individual/pareja;Valores y sexualidad;Escribir qué sexualidad se quiere construir: respeto, placer, seguridad, conexión, cuidado.;Alinear conducta con valores.;bajo;20 min;individual/pareja;media;Adaptar a consentimiento, seguridad, cultura, edad, orientación/identidad, salud física y contexto relacional. No aplicar tareas de pareja si existe coerción, violencia, miedo o falta de consentimiento.
Identidad, orientación y diversidad sexual;Dudas sobre identidad o expresión de género;Exploración de identidad, expresión, malestar, apoyo y recursos.;adultos/adolescentes;afirmativa;medio;"SEX_SRC001;SEX_SRC003";Plan de prevención de recaídas;Detectar señales tempranas, barreras, acuerdos y estrategias de mantenimiento.;bajo;individual/pareja;Plan de mantenimiento;Señales tempranas, estrategias útiles, acuerdos y fecha de revisión.;Prevenir recaídas.;bajo;mensual;individual/pareja;media;Adaptar a consentimiento, seguridad, cultura, edad, orientación/identidad, salud física y contexto relacional. No aplicar tareas de pareja si existe coerción, violencia, miedo o falta de consentimiento.
Identidad, orientación y diversidad sexual;Estrés de minoría sexual;Malestar por discriminación, rechazo, ocultación o invalidación.;adultos/adolescentes;afirmativa;medio;"SEX_SRC001;SEX_SRC003";Trabajo afirmativo en diversidad sexual;Acompañar orientación/identidad sin patologizar, validando contexto y seguridad.;medio;afirmativa;Exploración afirmativa de identidad/orientación;Registrar vivencias, preguntas, apoyos, miedos y espacios seguros.;Acompañar sin patologizar.;medio;variable;individual;media;Adaptar a consentimiento, seguridad, cultura, edad, orientación/identidad, salud física y contexto relacional. No aplicar tareas de pareja si existe coerción, violencia, miedo o falta de consentimiento.
Identidad, orientación y diversidad sexual;Estrés de minoría sexual;Malestar por discriminación, rechazo, ocultación o invalidación.;adultos/adolescentes;afirmativa;medio;"SEX_SRC001;SEX_SRC003";Mapa de apoyo y revelación segura;Planificar si/cuándo/a quién comunicar orientación o identidad, priorizando seguridad.;medio;afirmativa;Plan de comunicación segura de identidad;Valorar si conviene comunicar, a quién, cuándo, cómo y con qué apoyo.;Priorizar autonomía y seguridad.;medio;30 min;individual;media;Adaptar a consentimiento, seguridad, cultura, edad, orientación/identidad, salud física y contexto relacional. No aplicar tareas de pareja si existe coerción, violencia, miedo o falta de consentimiento.
Identidad, orientación y diversidad sexual;Estrés de minoría sexual;Malestar por discriminación, rechazo, ocultación o invalidación.;adultos/adolescentes;afirmativa;medio;"SEX_SRC001;SEX_SRC003";Educación sexual inclusiva;Información adaptada, respetuosa y no discriminatoria sobre sexualidad y diversidad.;bajo;educativa;Material inclusivo de educación sexual;Seleccionar recursos adaptados a orientación, identidad, cultura y capacidad.;Mejorar información respetuosa.;bajo;variable;educativa;media;Adaptar a consentimiento, seguridad, cultura, edad, orientación/identidad, salud física y contexto relacional. No aplicar tareas de pareja si existe coerción, violencia, miedo o falta de consentimiento.
Identidad, orientación y diversidad sexual;Estrés de minoría sexual;Malestar por discriminación, rechazo, ocultación o invalidación.;adultos/adolescentes;afirmativa;medio;"SEX_SRC001;SEX_SRC003";Trabajo con culpa y valores;Explorar conflicto entre deseo, valores, cultura, religión y bienestar sin imponer.;medio;individual;Registro de culpa sexual;Anotar culpa, norma interna, origen, utilidad, coste y alternativa compatible con valores.;Trabajar culpa sin imponer valores.;medio;7 días;individual;media;Adaptar a consentimiento, seguridad, cultura, edad, orientación/identidad, salud física y contexto relacional. No aplicar tareas de pareja si existe coerción, violencia, miedo o falta de consentimiento.
Identidad, orientación y diversidad sexual;Estrés de minoría sexual;Malestar por discriminación, rechazo, ocultación o invalidación.;adultos/adolescentes;afirmativa;medio;"SEX_SRC001;SEX_SRC003";Trabajo de valores e intimidad;Clarificar qué significa una vida sexual/afectiva valiosa para la persona/pareja.;bajo;individual/pareja;Valores y sexualidad;Escribir qué sexualidad se quiere construir: respeto, placer, seguridad, conexión, cuidado.;Alinear conducta con valores.;bajo;20 min;individual/pareja;media;Adaptar a consentimiento, seguridad, cultura, edad, orientación/identidad, salud física y contexto relacional. No aplicar tareas de pareja si existe coerción, violencia, miedo o falta de consentimiento.
Identidad, orientación y diversidad sexual;Estrés de minoría sexual;Malestar por discriminación, rechazo, ocultación o invalidación.;adultos/adolescentes;afirmativa;medio;"SEX_SRC001;SEX_SRC003";Plan de prevención de recaídas;Detectar señales tempranas, barreras, acuerdos y estrategias de mantenimiento.;bajo;individual/pareja;Plan de mantenimiento;Señales tempranas, estrategias útiles, acuerdos y fecha de revisión.;Prevenir recaídas.;bajo;mensual;individual/pareja;media;Adaptar a consentimiento, seguridad, cultura, edad, orientación/identidad, salud física y contexto relacional. No aplicar tareas de pareja si existe coerción, violencia, miedo o falta de consentimiento.
Identidad, orientación y diversidad sexual;Dificultad para comunicar orientación/identidad;Miedo o dudas sobre cómo, cuándo y a quién compartir identidad/orientación.;adultos/adolescentes;afirmativa;medio;"SEX_SRC001;SEX_SRC003";Trabajo afirmativo en diversidad sexual;Acompañar orientación/identidad sin patologizar, validando contexto y seguridad.;medio;afirmativa;Exploración afirmativa de identidad/orientación;Registrar vivencias, preguntas, apoyos, miedos y espacios seguros.;Acompañar sin patologizar.;medio;variable;individual;media;Adaptar a consentimiento, seguridad, cultura, edad, orientación/identidad, salud física y contexto relacional. No aplicar tareas de pareja si existe coerción, violencia, miedo o falta de consentimiento.
Identidad, orientación y diversidad sexual;Dificultad para comunicar orientación/identidad;Miedo o dudas sobre cómo, cuándo y a quién compartir identidad/orientación.;adultos/adolescentes;afirmativa;medio;"SEX_SRC001;SEX_SRC003";Mapa de apoyo y revelación segura;Planificar si/cuándo/a quién comunicar orientación o identidad, priorizando seguridad.;medio;afirmativa;Plan de comunicación segura de identidad;Valorar si conviene comunicar, a quién, cuándo, cómo y con qué apoyo.;Priorizar autonomía y seguridad.;medio;30 min;individual;media;Adaptar a consentimiento, seguridad, cultura, edad, orientación/identidad, salud física y contexto relacional. No aplicar tareas de pareja si existe coerción, violencia, miedo o falta de consentimiento.
Identidad, orientación y diversidad sexual;Dificultad para comunicar orientación/identidad;Miedo o dudas sobre cómo, cuándo y a quién compartir identidad/orientación.;adultos/adolescentes;afirmativa;medio;"SEX_SRC001;SEX_SRC003";Educación sexual inclusiva;Información adaptada, respetuosa y no discriminatoria sobre sexualidad y diversidad.;bajo;educativa;Material inclusivo de educación sexual;Seleccionar recursos adaptados a orientación, identidad, cultura y capacidad.;Mejorar información respetuosa.;bajo;variable;educativa;media;Adaptar a consentimiento, seguridad, cultura, edad, orientación/identidad, salud física y contexto relacional. No aplicar tareas de pareja si existe coerción, violencia, miedo o falta de consentimiento.
Identidad, orientación y diversidad sexual;Dificultad para comunicar orientación/identidad;Miedo o dudas sobre cómo, cuándo y a quién compartir identidad/orientación.;adultos/adolescentes;afirmativa;medio;"SEX_SRC001;SEX_SRC003";Trabajo con culpa y valores;Explorar conflicto entre deseo, valores, cultura, religión y bienestar sin imponer.;medio;individual;Registro de culpa sexual;Anotar culpa, norma interna, origen, utilidad, coste y alternativa compatible con valores.;Trabajar culpa sin imponer valores.;medio;7 días;individual;media;Adaptar a consentimiento, seguridad, cultura, edad, orientación/identidad, salud física y contexto relacional. No aplicar tareas de pareja si existe coerción, violencia, miedo o falta de consentimiento.
Identidad, orientación y diversidad sexual;Dificultad para comunicar orientación/identidad;Miedo o dudas sobre cómo, cuándo y a quién compartir identidad/orientación.;adultos/adolescentes;afirmativa;medio;"SEX_SRC001;SEX_SRC003";Trabajo de valores e intimidad;Clarificar qué significa una vida sexual/afectiva valiosa para la persona/pareja.;bajo;individual/pareja;Valores y sexualidad;Escribir qué sexualidad se quiere construir: respeto, placer, seguridad, conexión, cuidado.;Alinear conducta con valores.;bajo;20 min;individual/pareja;media;Adaptar a consentimiento, seguridad, cultura, edad, orientación/identidad, salud física y contexto relacional. No aplicar tareas de pareja si existe coerción, violencia, miedo o falta de consentimiento.
Identidad, orientación y diversidad sexual;Dificultad para comunicar orientación/identidad;Miedo o dudas sobre cómo, cuándo y a quién compartir identidad/orientación.;adultos/adolescentes;afirmativa;medio;"SEX_SRC001;SEX_SRC003";Plan de prevención de recaídas;Detectar señales tempranas, barreras, acuerdos y estrategias de mantenimiento.;bajo;individual/pareja;Plan de mantenimiento;Señales tempranas, estrategias útiles, acuerdos y fecha de revisión.;Prevenir recaídas.;bajo;mensual;individual/pareja;media;Adaptar a consentimiento, seguridad, cultura, edad, orientación/identidad, salud física y contexto relacional. No aplicar tareas de pareja si existe coerción, violencia, miedo o falta de consentimiento.
Trauma sexual y experiencias adversas;Historia de abuso o agresión sexual;Antecedente de abuso, agresión o coerción con impacto actual.;adultos;derivación/trauma;alto;"SEX_SRC005;SEX_SRC018";Cribado de seguridad, coerción y violencia;Explorar consentimiento, presión, miedo, violencia o riesgo antes de tareas de pareja.;alto;seguridad;Escala de presión sexual percibida;Valorar presión propia/externa 0-10 y decidir si pausar o negociar.;Prevenir coerción sutil.;medio;cada situación;individual/pareja;alta;Adaptar a consentimiento, seguridad, cultura, edad, orientación/identidad, salud física y contexto relacional. No aplicar tareas de pareja si existe coerción, violencia, miedo o falta de consentimiento.
Trauma sexual y experiencias adversas;Historia de abuso o agresión sexual;Antecedente de abuso, agresión o coerción con impacto actual.;adultos;derivación/trauma;alto;"SEX_SRC005;SEX_SRC018";Regulación del sistema nervioso;Respiración, grounding, pausa y recursos de seguridad ante activación.;medio;individual;Escala de activación corporal;Valorar activación 0-10 y elegir estrategia de regulación antes de intimidad.;Prevenir bloqueo o sobrecarga.;medio;cada situación;individual;media;Adaptar a consentimiento, seguridad, cultura, edad, orientación/identidad, salud física y contexto relacional. No aplicar tareas de pareja si existe coerción, violencia, miedo o falta de consentimiento.
Trauma sexual y experiencias adversas;Historia de abuso o agresión sexual;Antecedente de abuso, agresión o coerción con impacto actual.;adultos;derivación/trauma;alto;"SEX_SRC005;SEX_SRC018";Regulación del sistema nervioso;Respiración, grounding, pausa y recursos de seguridad ante activación.;medio;individual;Grounding 5-4-3-2-1;Practicar orientación al presente si aparecen activadores o desconexión.;Aumentar seguridad y presencia.;alto;cuando proceda;individual;media;Adaptar a consentimiento, seguridad, cultura, edad, orientación/identidad, salud física y contexto relacional. No aplicar tareas de pareja si existe coerción, violencia, miedo o falta de consentimiento.
Trauma sexual y experiencias adversas;Historia de abuso o agresión sexual;Antecedente de abuso, agresión o coerción con impacto actual.;adultos;derivación/trauma;alto;"SEX_SRC005;SEX_SRC018";Intervención informada en trauma;Priorizar seguridad, control, consentimiento, estabilización y derivación especializada.;alto;trauma;Plan de recursos ante trauma;Lista de señales, grounding, apoyos, límites y profesionales de referencia.;Estabilización y derivación.;alto;supervisado;individual;alta;Adaptar a consentimiento, seguridad, cultura, edad, orientación/identidad, salud física y contexto relacional. No aplicar tareas de pareja si existe coerción, violencia, miedo o falta de consentimiento.
Trauma sexual y experiencias adversas;Historia de abuso o agresión sexual;Antecedente de abuso, agresión o coerción con impacto actual.;adultos;derivación/trauma;alto;"SEX_SRC005;SEX_SRC018";Plan de seguridad y derivación;Definir riesgo, contactos, recursos, servicios especializados y límites profesionales.;alto;seguridad;Plan de seguridad ante coerción;Identificar señales de riesgo, apoyos, recursos y pasos de salida/derivación.;Proteger a la persona.;alto;supervisado;seguridad;alta;Adaptar a consentimiento, seguridad, cultura, edad, orientación/identidad, salud física y contexto relacional. No aplicar tareas de pareja si existe coerción, violencia, miedo o falta de consentimiento.
Trauma sexual y experiencias adversas;Historia de abuso o agresión sexual;Antecedente de abuso, agresión o coerción con impacto actual.;adultos;derivación/trauma;alto;"SEX_SRC005;SEX_SRC018";Plan de seguridad y derivación;Definir riesgo, contactos, recursos, servicios especializados y límites profesionales.;alto;seguridad;Plan de salida segura;Preparar recursos si existe miedo o presión en una relación.;Aumentar seguridad ante coerción.;alto;supervisado;seguridad;alta;Adaptar a consentimiento, seguridad, cultura, edad, orientación/identidad, salud física y contexto relacional. No aplicar tareas de pareja si existe coerción, violencia, miedo o falta de consentimiento.
Trauma sexual y experiencias adversas;Historia de abuso o agresión sexual;Antecedente de abuso, agresión o coerción con impacto actual.;adultos;derivación/trauma;alto;"SEX_SRC005;SEX_SRC018";Coordinación interdisciplinar;Coordinar con ginecología, urología, medicina, fisioterapia de suelo pélvico o psiquiatría.;alto;médica_derivación;Autorización de coordinación interdisciplinar;Registrar consentimiento para coordinar con médico/fisio/psiquiatría si procede.;Mejorar intervención integrada.;medio;según caso;médica_derivación;alta;Adaptar a consentimiento, seguridad, cultura, edad, orientación/identidad, salud física y contexto relacional. No aplicar tareas de pareja si existe coerción, violencia, miedo o falta de consentimiento.
Trauma sexual y experiencias adversas;Historia de abuso o agresión sexual;Antecedente de abuso, agresión o coerción con impacto actual.;adultos;derivación/trauma;alto;"SEX_SRC005;SEX_SRC018";Plan de prevención de recaídas;Detectar señales tempranas, barreras, acuerdos y estrategias de mantenimiento.;bajo;individual/pareja;Plan de mantenimiento;Señales tempranas, estrategias útiles, acuerdos y fecha de revisión.;Prevenir recaídas.;bajo;mensual;individual/pareja;media;Adaptar a consentimiento, seguridad, cultura, edad, orientación/identidad, salud física y contexto relacional. No aplicar tareas de pareja si existe coerción, violencia, miedo o falta de consentimiento.
Trauma sexual y experiencias adversas;Activadores sexuales postraumáticos;Sensaciones, contextos o gestos que activan miedo, bloqueo o disociación.;adultos;derivación/trauma;alto;"SEX_SRC005;SEX_SRC018";Cribado de seguridad, coerción y violencia;Explorar consentimiento, presión, miedo, violencia o riesgo antes de tareas de pareja.;alto;seguridad;Escala de presión sexual percibida;Valorar presión propia/externa 0-10 y decidir si pausar o negociar.;Prevenir coerción sutil.;medio;cada situación;individual/pareja;alta;Adaptar a consentimiento, seguridad, cultura, edad, orientación/identidad, salud física y contexto relacional. No aplicar tareas de pareja si existe coerción, violencia, miedo o falta de consentimiento.
Trauma sexual y experiencias adversas;Activadores sexuales postraumáticos;Sensaciones, contextos o gestos que activan miedo, bloqueo o disociación.;adultos;derivación/trauma;alto;"SEX_SRC005;SEX_SRC018";Regulación del sistema nervioso;Respiración, grounding, pausa y recursos de seguridad ante activación.;medio;individual;Escala de activación corporal;Valorar activación 0-10 y elegir estrategia de regulación antes de intimidad.;Prevenir bloqueo o sobrecarga.;medio;cada situación;individual;media;Adaptar a consentimiento, seguridad, cultura, edad, orientación/identidad, salud física y contexto relacional. No aplicar tareas de pareja si existe coerción, violencia, miedo o falta de consentimiento.
Trauma sexual y experiencias adversas;Activadores sexuales postraumáticos;Sensaciones, contextos o gestos que activan miedo, bloqueo o disociación.;adultos;derivación/trauma;alto;"SEX_SRC005;SEX_SRC018";Regulación del sistema nervioso;Respiración, grounding, pausa y recursos de seguridad ante activación.;medio;individual;Grounding 5-4-3-2-1;Practicar orientación al presente si aparecen activadores o desconexión.;Aumentar seguridad y presencia.;alto;cuando proceda;individual;media;Adaptar a consentimiento, seguridad, cultura, edad, orientación/identidad, salud física y contexto relacional. No aplicar tareas de pareja si existe coerción, violencia, miedo o falta de consentimiento.
Trauma sexual y experiencias adversas;Activadores sexuales postraumáticos;Sensaciones, contextos o gestos que activan miedo, bloqueo o disociación.;adultos;derivación/trauma;alto;"SEX_SRC005;SEX_SRC018";Intervención informada en trauma;Priorizar seguridad, control, consentimiento, estabilización y derivación especializada.;alto;trauma;Plan de recursos ante trauma;Lista de señales, grounding, apoyos, límites y profesionales de referencia.;Estabilización y derivación.;alto;supervisado;individual;alta;Adaptar a consentimiento, seguridad, cultura, edad, orientación/identidad, salud física y contexto relacional. No aplicar tareas de pareja si existe coerción, violencia, miedo o falta de consentimiento.
Trauma sexual y experiencias adversas;Activadores sexuales postraumáticos;Sensaciones, contextos o gestos que activan miedo, bloqueo o disociación.;adultos;derivación/trauma;alto;"SEX_SRC005;SEX_SRC018";Plan de seguridad y derivación;Definir riesgo, contactos, recursos, servicios especializados y límites profesionales.;alto;seguridad;Plan de seguridad ante coerción;Identificar señales de riesgo, apoyos, recursos y pasos de salida/derivación.;Proteger a la persona.;alto;supervisado;seguridad;alta;Adaptar a consentimiento, seguridad, cultura, edad, orientación/identidad, salud física y contexto relacional. No aplicar tareas de pareja si existe coerción, violencia, miedo o falta de consentimiento.
Trauma sexual y experiencias adversas;Activadores sexuales postraumáticos;Sensaciones, contextos o gestos que activan miedo, bloqueo o disociación.;adultos;derivación/trauma;alto;"SEX_SRC005;SEX_SRC018";Plan de seguridad y derivación;Definir riesgo, contactos, recursos, servicios especializados y límites profesionales.;alto;seguridad;Plan de salida segura;Preparar recursos si existe miedo o presión en una relación.;Aumentar seguridad ante coerción.;alto;supervisado;seguridad;alta;Adaptar a consentimiento, seguridad, cultura, edad, orientación/identidad, salud física y contexto relacional. No aplicar tareas de pareja si existe coerción, violencia, miedo o falta de consentimiento.
Trauma sexual y experiencias adversas;Activadores sexuales postraumáticos;Sensaciones, contextos o gestos que activan miedo, bloqueo o disociación.;adultos;derivación/trauma;alto;"SEX_SRC005;SEX_SRC018";Coordinación interdisciplinar;Coordinar con ginecología, urología, medicina, fisioterapia de suelo pélvico o psiquiatría.;alto;médica_derivación;Autorización de coordinación interdisciplinar;Registrar consentimiento para coordinar con médico/fisio/psiquiatría si procede.;Mejorar intervención integrada.;medio;según caso;médica_derivación;alta;Adaptar a consentimiento, seguridad, cultura, edad, orientación/identidad, salud física y contexto relacional. No aplicar tareas de pareja si existe coerción, violencia, miedo o falta de consentimiento.
Trauma sexual y experiencias adversas;Activadores sexuales postraumáticos;Sensaciones, contextos o gestos que activan miedo, bloqueo o disociación.;adultos;derivación/trauma;alto;"SEX_SRC005;SEX_SRC018";Plan de prevención de recaídas;Detectar señales tempranas, barreras, acuerdos y estrategias de mantenimiento.;bajo;individual/pareja;Plan de mantenimiento;Señales tempranas, estrategias útiles, acuerdos y fecha de revisión.;Prevenir recaídas.;bajo;mensual;individual/pareja;media;Adaptar a consentimiento, seguridad, cultura, edad, orientación/identidad, salud física y contexto relacional. No aplicar tareas de pareja si existe coerción, violencia, miedo o falta de consentimiento.
Trauma sexual y experiencias adversas;Evitación de intimidad tras trauma;Evitar contacto, intimidad o relaciones por seguridad o recuerdos traumáticos.;adultos;derivación/trauma;alto;"SEX_SRC005;SEX_SRC018";Cribado de seguridad, coerción y violencia;Explorar consentimiento, presión, miedo, violencia o riesgo antes de tareas de pareja.;alto;seguridad;Escala de presión sexual percibida;Valorar presión propia/externa 0-10 y decidir si pausar o negociar.;Prevenir coerción sutil.;medio;cada situación;individual/pareja;alta;Adaptar a consentimiento, seguridad, cultura, edad, orientación/identidad, salud física y contexto relacional. No aplicar tareas de pareja si existe coerción, violencia, miedo o falta de consentimiento.
Trauma sexual y experiencias adversas;Evitación de intimidad tras trauma;Evitar contacto, intimidad o relaciones por seguridad o recuerdos traumáticos.;adultos;derivación/trauma;alto;"SEX_SRC005;SEX_SRC018";Regulación del sistema nervioso;Respiración, grounding, pausa y recursos de seguridad ante activación.;medio;individual;Escala de activación corporal;Valorar activación 0-10 y elegir estrategia de regulación antes de intimidad.;Prevenir bloqueo o sobrecarga.;medio;cada situación;individual;media;Adaptar a consentimiento, seguridad, cultura, edad, orientación/identidad, salud física y contexto relacional. No aplicar tareas de pareja si existe coerción, violencia, miedo o falta de consentimiento.
Trauma sexual y experiencias adversas;Evitación de intimidad tras trauma;Evitar contacto, intimidad o relaciones por seguridad o recuerdos traumáticos.;adultos;derivación/trauma;alto;"SEX_SRC005;SEX_SRC018";Regulación del sistema nervioso;Respiración, grounding, pausa y recursos de seguridad ante activación.;medio;individual;Grounding 5-4-3-2-1;Practicar orientación al presente si aparecen activadores o desconexión.;Aumentar seguridad y presencia.;alto;cuando proceda;individual;media;Adaptar a consentimiento, seguridad, cultura, edad, orientación/identidad, salud física y contexto relacional. No aplicar tareas de pareja si existe coerción, violencia, miedo o falta de consentimiento.
Trauma sexual y experiencias adversas;Evitación de intimidad tras trauma;Evitar contacto, intimidad o relaciones por seguridad o recuerdos traumáticos.;adultos;derivación/trauma;alto;"SEX_SRC005;SEX_SRC018";Intervención informada en trauma;Priorizar seguridad, control, consentimiento, estabilización y derivación especializada.;alto;trauma;Plan de recursos ante trauma;Lista de señales, grounding, apoyos, límites y profesionales de referencia.;Estabilización y derivación.;alto;supervisado;individual;alta;Adaptar a consentimiento, seguridad, cultura, edad, orientación/identidad, salud física y contexto relacional. No aplicar tareas de pareja si existe coerción, violencia, miedo o falta de consentimiento.
Trauma sexual y experiencias adversas;Evitación de intimidad tras trauma;Evitar contacto, intimidad o relaciones por seguridad o recuerdos traumáticos.;adultos;derivación/trauma;alto;"SEX_SRC005;SEX_SRC018";Plan de seguridad y derivación;Definir riesgo, contactos, recursos, servicios especializados y límites profesionales.;alto;seguridad;Plan de seguridad ante coerción;Identificar señales de riesgo, apoyos, recursos y pasos de salida/derivación.;Proteger a la persona.;alto;supervisado;seguridad;alta;Adaptar a consentimiento, seguridad, cultura, edad, orientación/identidad, salud física y contexto relacional. No aplicar tareas de pareja si existe coerción, violencia, miedo o falta de consentimiento.
Trauma sexual y experiencias adversas;Evitación de intimidad tras trauma;Evitar contacto, intimidad o relaciones por seguridad o recuerdos traumáticos.;adultos;derivación/trauma;alto;"SEX_SRC005;SEX_SRC018";Plan de seguridad y derivación;Definir riesgo, contactos, recursos, servicios especializados y límites profesionales.;alto;seguridad;Plan de salida segura;Preparar recursos si existe miedo o presión en una relación.;Aumentar seguridad ante coerción.;alto;supervisado;seguridad;alta;Adaptar a consentimiento, seguridad, cultura, edad, orientación/identidad, salud física y contexto relacional. No aplicar tareas de pareja si existe coerción, violencia, miedo o falta de consentimiento.
Trauma sexual y experiencias adversas;Evitación de intimidad tras trauma;Evitar contacto, intimidad o relaciones por seguridad o recuerdos traumáticos.;adultos;derivación/trauma;alto;"SEX_SRC005;SEX_SRC018";Coordinación interdisciplinar;Coordinar con ginecología, urología, medicina, fisioterapia de suelo pélvico o psiquiatría.;alto;médica_derivación;Autorización de coordinación interdisciplinar;Registrar consentimiento para coordinar con médico/fisio/psiquiatría si procede.;Mejorar intervención integrada.;medio;según caso;médica_derivación;alta;Adaptar a consentimiento, seguridad, cultura, edad, orientación/identidad, salud física y contexto relacional. No aplicar tareas de pareja si existe coerción, violencia, miedo o falta de consentimiento.
Trauma sexual y experiencias adversas;Evitación de intimidad tras trauma;Evitar contacto, intimidad o relaciones por seguridad o recuerdos traumáticos.;adultos;derivación/trauma;alto;"SEX_SRC005;SEX_SRC018";Plan de prevención de recaídas;Detectar señales tempranas, barreras, acuerdos y estrategias de mantenimiento.;bajo;individual/pareja;Plan de mantenimiento;Señales tempranas, estrategias útiles, acuerdos y fecha de revisión.;Prevenir recaídas.;bajo;mensual;individual/pareja;media;Adaptar a consentimiento, seguridad, cultura, edad, orientación/identidad, salud física y contexto relacional. No aplicar tareas de pareja si existe coerción, violencia, miedo o falta de consentimiento.
Trauma sexual y experiencias adversas;Disociación o desconexión durante intimidad;Sensación de desconexión, ausencia o bloqueo durante situaciones íntimas.;adultos;derivación/trauma;alto;"SEX_SRC005;SEX_SRC018";Cribado de seguridad, coerción y violencia;Explorar consentimiento, presión, miedo, violencia o riesgo antes de tareas de pareja.;alto;seguridad;Escala de presión sexual percibida;Valorar presión propia/externa 0-10 y decidir si pausar o negociar.;Prevenir coerción sutil.;medio;cada situación;individual/pareja;alta;Adaptar a consentimiento, seguridad, cultura, edad, orientación/identidad, salud física y contexto relacional. No aplicar tareas de pareja si existe coerción, violencia, miedo o falta de consentimiento.
Trauma sexual y experiencias adversas;Disociación o desconexión durante intimidad;Sensación de desconexión, ausencia o bloqueo durante situaciones íntimas.;adultos;derivación/trauma;alto;"SEX_SRC005;SEX_SRC018";Regulación del sistema nervioso;Respiración, grounding, pausa y recursos de seguridad ante activación.;medio;individual;Escala de activación corporal;Valorar activación 0-10 y elegir estrategia de regulación antes de intimidad.;Prevenir bloqueo o sobrecarga.;medio;cada situación;individual;media;Adaptar a consentimiento, seguridad, cultura, edad, orientación/identidad, salud física y contexto relacional. No aplicar tareas de pareja si existe coerción, violencia, miedo o falta de consentimiento.
Trauma sexual y experiencias adversas;Disociación o desconexión durante intimidad;Sensación de desconexión, ausencia o bloqueo durante situaciones íntimas.;adultos;derivación/trauma;alto;"SEX_SRC005;SEX_SRC018";Regulación del sistema nervioso;Respiración, grounding, pausa y recursos de seguridad ante activación.;medio;individual;Grounding 5-4-3-2-1;Practicar orientación al presente si aparecen activadores o desconexión.;Aumentar seguridad y presencia.;alto;cuando proceda;individual;media;Adaptar a consentimiento, seguridad, cultura, edad, orientación/identidad, salud física y contexto relacional. No aplicar tareas de pareja si existe coerción, violencia, miedo o falta de consentimiento.
Trauma sexual y experiencias adversas;Disociación o desconexión durante intimidad;Sensación de desconexión, ausencia o bloqueo durante situaciones íntimas.;adultos;derivación/trauma;alto;"SEX_SRC005;SEX_SRC018";Intervención informada en trauma;Priorizar seguridad, control, consentimiento, estabilización y derivación especializada.;alto;trauma;Plan de recursos ante trauma;Lista de señales, grounding, apoyos, límites y profesionales de referencia.;Estabilización y derivación.;alto;supervisado;individual;alta;Adaptar a consentimiento, seguridad, cultura, edad, orientación/identidad, salud física y contexto relacional. No aplicar tareas de pareja si existe coerción, violencia, miedo o falta de consentimiento.
Trauma sexual y experiencias adversas;Disociación o desconexión durante intimidad;Sensación de desconexión, ausencia o bloqueo durante situaciones íntimas.;adultos;derivación/trauma;alto;"SEX_SRC005;SEX_SRC018";Plan de seguridad y derivación;Definir riesgo, contactos, recursos, servicios especializados y límites profesionales.;alto;seguridad;Plan de seguridad ante coerción;Identificar señales de riesgo, apoyos, recursos y pasos de salida/derivación.;Proteger a la persona.;alto;supervisado;seguridad;alta;Adaptar a consentimiento, seguridad, cultura, edad, orientación/identidad, salud física y contexto relacional. No aplicar tareas de pareja si existe coerción, violencia, miedo o falta de consentimiento.
Trauma sexual y experiencias adversas;Disociación o desconexión durante intimidad;Sensación de desconexión, ausencia o bloqueo durante situaciones íntimas.;adultos;derivación/trauma;alto;"SEX_SRC005;SEX_SRC018";Plan de seguridad y derivación;Definir riesgo, contactos, recursos, servicios especializados y límites profesionales.;alto;seguridad;Plan de salida segura;Preparar recursos si existe miedo o presión en una relación.;Aumentar seguridad ante coerción.;alto;supervisado;seguridad;alta;Adaptar a consentimiento, seguridad, cultura, edad, orientación/identidad, salud física y contexto relacional. No aplicar tareas de pareja si existe coerción, violencia, miedo o falta de consentimiento.
Trauma sexual y experiencias adversas;Disociación o desconexión durante intimidad;Sensación de desconexión, ausencia o bloqueo durante situaciones íntimas.;adultos;derivación/trauma;alto;"SEX_SRC005;SEX_SRC018";Coordinación interdisciplinar;Coordinar con ginecología, urología, medicina, fisioterapia de suelo pélvico o psiquiatría.;alto;médica_derivación;Autorización de coordinación interdisciplinar;Registrar consentimiento para coordinar con médico/fisio/psiquiatría si procede.;Mejorar intervención integrada.;medio;según caso;médica_derivación;alta;Adaptar a consentimiento, seguridad, cultura, edad, orientación/identidad, salud física y contexto relacional. No aplicar tareas de pareja si existe coerción, violencia, miedo o falta de consentimiento.
Trauma sexual y experiencias adversas;Disociación o desconexión durante intimidad;Sensación de desconexión, ausencia o bloqueo durante situaciones íntimas.;adultos;derivación/trauma;alto;"SEX_SRC005;SEX_SRC018";Plan de prevención de recaídas;Detectar señales tempranas, barreras, acuerdos y estrategias de mantenimiento.;bajo;individual/pareja;Plan de mantenimiento;Señales tempranas, estrategias útiles, acuerdos y fecha de revisión.;Prevenir recaídas.;bajo;mensual;individual/pareja;media;Adaptar a consentimiento, seguridad, cultura, edad, orientación/identidad, salud física y contexto relacional. No aplicar tareas de pareja si existe coerción, violencia, miedo o falta de consentimiento.
Imagen corporal y autoestima sexual;Vergüenza corporal en intimidad;Malestar por ser visto/a, tocar o mostrar partes del cuerpo.;adultos;individual/pareja;medio;"SEX_SRC004;SEX_SRC010";Trabajo con vergüenza sexual;Reducir evitación, autocrítica y secretos mediante validación y exposición gradual.;medio;individual;Registro de vergüenza sexual;Anotar situación, pensamiento, emoción, evitación y respuesta alternativa.;Reducir vergüenza.;medio;7 días;individual;media;Adaptar a consentimiento, seguridad, cultura, edad, orientación/identidad, salud física y contexto relacional. No aplicar tareas de pareja si existe coerción, violencia, miedo o falta de consentimiento.
Imagen corporal y autoestima sexual;Vergüenza corporal en intimidad;Malestar por ser visto/a, tocar o mostrar partes del cuerpo.;adultos;individual/pareja;medio;"SEX_SRC004;SEX_SRC010";Autocompasión corporal y sexual;Desarrollar trato interno respetuoso ante cuerpo, respuesta y dificultades.;bajo;individual;Carta de autocompasión sexual;Escribir una respuesta amable y responsable ante una dificultad sexual.;Reducir autocrítica.;bajo;20 min;individual;media;Adaptar a consentimiento, seguridad, cultura, edad, orientación/identidad, salud física y contexto relacional. No aplicar tareas de pareja si existe coerción, violencia, miedo o falta de consentimiento.
Imagen corporal y autoestima sexual;Vergüenza corporal en intimidad;Malestar por ser visto/a, tocar o mostrar partes del cuerpo.;adultos;individual/pareja;medio;"SEX_SRC004;SEX_SRC010";Exploración corporal no exigente;Observación gradual del cuerpo sin presión, juicio ni objetivo sexual explícito.;medio;individual;Exploración corporal respetuosa;Observar el cuerpo con neutralidad, sin forzar exposición ni juicio.;Mejorar relación con el cuerpo.;medio;gradual;individual;media;Adaptar a consentimiento, seguridad, cultura, edad, orientación/identidad, salud física y contexto relacional. No aplicar tareas de pareja si existe coerción, violencia, miedo o falta de consentimiento.
Imagen corporal y autoestima sexual;Vergüenza corporal en intimidad;Malestar por ser visto/a, tocar o mostrar partes del cuerpo.;adultos;individual/pareja;medio;"SEX_SRC004;SEX_SRC010";Reestructuración de mitos sexuales;Identificar y flexibilizar creencias rígidas sobre deseo, cuerpo, orgasmo o rendimiento.;bajo;individual/pareja;Registro de mitos sexuales;Anotar creencia, origen, emoción, coste y alternativa flexible.;Flexibilizar expectativas.;bajo;7 días;individual/pareja;media;Adaptar a consentimiento, seguridad, cultura, edad, orientación/identidad, salud física y contexto relacional. No aplicar tareas de pareja si existe coerción, violencia, miedo o falta de consentimiento.
Imagen corporal y autoestima sexual;Vergüenza corporal en intimidad;Malestar por ser visto/a, tocar o mostrar partes del cuerpo.;adultos;individual/pareja;medio;"SEX_SRC004;SEX_SRC010";Trabajo de valores e intimidad;Clarificar qué significa una vida sexual/afectiva valiosa para la persona/pareja.;bajo;individual/pareja;Valores y sexualidad;Escribir qué sexualidad se quiere construir: respeto, placer, seguridad, conexión, cuidado.;Alinear conducta con valores.;bajo;20 min;individual/pareja;media;Adaptar a consentimiento, seguridad, cultura, edad, orientación/identidad, salud física y contexto relacional. No aplicar tareas de pareja si existe coerción, violencia, miedo o falta de consentimiento.
Imagen corporal y autoestima sexual;Vergüenza corporal en intimidad;Malestar por ser visto/a, tocar o mostrar partes del cuerpo.;adultos;individual/pareja;medio;"SEX_SRC004;SEX_SRC010";Plan de prevención de recaídas;Detectar señales tempranas, barreras, acuerdos y estrategias de mantenimiento.;bajo;individual/pareja;Plan de mantenimiento;Señales tempranas, estrategias útiles, acuerdos y fecha de revisión.;Prevenir recaídas.;bajo;mensual;individual/pareja;media;Adaptar a consentimiento, seguridad, cultura, edad, orientación/identidad, salud física y contexto relacional. No aplicar tareas de pareja si existe coerción, violencia, miedo o falta de consentimiento.
Imagen corporal y autoestima sexual;Autoimagen sexual negativa;Creencias de no ser deseable, atractivo/a o válido/a sexualmente.;adultos;individual;medio;"SEX_SRC004;SEX_SRC010";Trabajo con vergüenza sexual;Reducir evitación, autocrítica y secretos mediante validación y exposición gradual.;medio;individual;Registro de vergüenza sexual;Anotar situación, pensamiento, emoción, evitación y respuesta alternativa.;Reducir vergüenza.;medio;7 días;individual;media;Adaptar a consentimiento, seguridad, cultura, edad, orientación/identidad, salud física y contexto relacional. No aplicar tareas de pareja si existe coerción, violencia, miedo o falta de consentimiento.
Imagen corporal y autoestima sexual;Autoimagen sexual negativa;Creencias de no ser deseable, atractivo/a o válido/a sexualmente.;adultos;individual;medio;"SEX_SRC004;SEX_SRC010";Autocompasión corporal y sexual;Desarrollar trato interno respetuoso ante cuerpo, respuesta y dificultades.;bajo;individual;Carta de autocompasión sexual;Escribir una respuesta amable y responsable ante una dificultad sexual.;Reducir autocrítica.;bajo;20 min;individual;media;Adaptar a consentimiento, seguridad, cultura, edad, orientación/identidad, salud física y contexto relacional. No aplicar tareas de pareja si existe coerción, violencia, miedo o falta de consentimiento.
Imagen corporal y autoestima sexual;Autoimagen sexual negativa;Creencias de no ser deseable, atractivo/a o válido/a sexualmente.;adultos;individual;medio;"SEX_SRC004;SEX_SRC010";Exploración corporal no exigente;Observación gradual del cuerpo sin presión, juicio ni objetivo sexual explícito.;medio;individual;Exploración corporal respetuosa;Observar el cuerpo con neutralidad, sin forzar exposición ni juicio.;Mejorar relación con el cuerpo.;medio;gradual;individual;media;Adaptar a consentimiento, seguridad, cultura, edad, orientación/identidad, salud física y contexto relacional. No aplicar tareas de pareja si existe coerción, violencia, miedo o falta de consentimiento.
Imagen corporal y autoestima sexual;Autoimagen sexual negativa;Creencias de no ser deseable, atractivo/a o válido/a sexualmente.;adultos;individual;medio;"SEX_SRC004;SEX_SRC010";Reestructuración de mitos sexuales;Identificar y flexibilizar creencias rígidas sobre deseo, cuerpo, orgasmo o rendimiento.;bajo;individual/pareja;Registro de mitos sexuales;Anotar creencia, origen, emoción, coste y alternativa flexible.;Flexibilizar expectativas.;bajo;7 días;individual/pareja;media;Adaptar a consentimiento, seguridad, cultura, edad, orientación/identidad, salud física y contexto relacional. No aplicar tareas de pareja si existe coerción, violencia, miedo o falta de consentimiento.
Imagen corporal y autoestima sexual;Autoimagen sexual negativa;Creencias de no ser deseable, atractivo/a o válido/a sexualmente.;adultos;individual;medio;"SEX_SRC004;SEX_SRC010";Trabajo de valores e intimidad;Clarificar qué significa una vida sexual/afectiva valiosa para la persona/pareja.;bajo;individual/pareja;Valores y sexualidad;Escribir qué sexualidad se quiere construir: respeto, placer, seguridad, conexión, cuidado.;Alinear conducta con valores.;bajo;20 min;individual/pareja;media;Adaptar a consentimiento, seguridad, cultura, edad, orientación/identidad, salud física y contexto relacional. No aplicar tareas de pareja si existe coerción, violencia, miedo o falta de consentimiento.
Imagen corporal y autoestima sexual;Autoimagen sexual negativa;Creencias de no ser deseable, atractivo/a o válido/a sexualmente.;adultos;individual;medio;"SEX_SRC004;SEX_SRC010";Plan de prevención de recaídas;Detectar señales tempranas, barreras, acuerdos y estrategias de mantenimiento.;bajo;individual/pareja;Plan de mantenimiento;Señales tempranas, estrategias útiles, acuerdos y fecha de revisión.;Prevenir recaídas.;bajo;mensual;individual/pareja;media;Adaptar a consentimiento, seguridad, cultura, edad, orientación/identidad, salud física y contexto relacional. No aplicar tareas de pareja si existe coerción, violencia, miedo o falta de consentimiento.
Imagen corporal y autoestima sexual;Evitación de intimidad por inseguridad corporal;Evitar luz, desnudez, contacto o iniciativa por inseguridad corporal.;adultos;individual/pareja;medio;"SEX_SRC004;SEX_SRC010";Trabajo con vergüenza sexual;Reducir evitación, autocrítica y secretos mediante validación y exposición gradual.;medio;individual;Registro de vergüenza sexual;Anotar situación, pensamiento, emoción, evitación y respuesta alternativa.;Reducir vergüenza.;medio;7 días;individual;media;Adaptar a consentimiento, seguridad, cultura, edad, orientación/identidad, salud física y contexto relacional. No aplicar tareas de pareja si existe coerción, violencia, miedo o falta de consentimiento.
Imagen corporal y autoestima sexual;Evitación de intimidad por inseguridad corporal;Evitar luz, desnudez, contacto o iniciativa por inseguridad corporal.;adultos;individual/pareja;medio;"SEX_SRC004;SEX_SRC010";Autocompasión corporal y sexual;Desarrollar trato interno respetuoso ante cuerpo, respuesta y dificultades.;bajo;individual;Carta de autocompasión sexual;Escribir una respuesta amable y responsable ante una dificultad sexual.;Reducir autocrítica.;bajo;20 min;individual;media;Adaptar a consentimiento, seguridad, cultura, edad, orientación/identidad, salud física y contexto relacional. No aplicar tareas de pareja si existe coerción, violencia, miedo o falta de consentimiento.
Imagen corporal y autoestima sexual;Evitación de intimidad por inseguridad corporal;Evitar luz, desnudez, contacto o iniciativa por inseguridad corporal.;adultos;individual/pareja;medio;"SEX_SRC004;SEX_SRC010";Exploración corporal no exigente;Observación gradual del cuerpo sin presión, juicio ni objetivo sexual explícito.;medio;individual;Exploración corporal respetuosa;Observar el cuerpo con neutralidad, sin forzar exposición ni juicio.;Mejorar relación con el cuerpo.;medio;gradual;individual;media;Adaptar a consentimiento, seguridad, cultura, edad, orientación/identidad, salud física y contexto relacional. No aplicar tareas de pareja si existe coerción, violencia, miedo o falta de consentimiento.
Imagen corporal y autoestima sexual;Evitación de intimidad por inseguridad corporal;Evitar luz, desnudez, contacto o iniciativa por inseguridad corporal.;adultos;individual/pareja;medio;"SEX_SRC004;SEX_SRC010";Reestructuración de mitos sexuales;Identificar y flexibilizar creencias rígidas sobre deseo, cuerpo, orgasmo o rendimiento.;bajo;individual/pareja;Registro de mitos sexuales;Anotar creencia, origen, emoción, coste y alternativa flexible.;Flexibilizar expectativas.;bajo;7 días;individual/pareja;media;Adaptar a consentimiento, seguridad, cultura, edad, orientación/identidad, salud física y contexto relacional. No aplicar tareas de pareja si existe coerción, violencia, miedo o falta de consentimiento.
Imagen corporal y autoestima sexual;Evitación de intimidad por inseguridad corporal;Evitar luz, desnudez, contacto o iniciativa por inseguridad corporal.;adultos;individual/pareja;medio;"SEX_SRC004;SEX_SRC010";Trabajo de valores e intimidad;Clarificar qué significa una vida sexual/afectiva valiosa para la persona/pareja.;bajo;individual/pareja;Valores y sexualidad;Escribir qué sexualidad se quiere construir: respeto, placer, seguridad, conexión, cuidado.;Alinear conducta con valores.;bajo;20 min;individual/pareja;media;Adaptar a consentimiento, seguridad, cultura, edad, orientación/identidad, salud física y contexto relacional. No aplicar tareas de pareja si existe coerción, violencia, miedo o falta de consentimiento.
Imagen corporal y autoestima sexual;Evitación de intimidad por inseguridad corporal;Evitar luz, desnudez, contacto o iniciativa por inseguridad corporal.;adultos;individual/pareja;medio;"SEX_SRC004;SEX_SRC010";Plan de prevención de recaídas;Detectar señales tempranas, barreras, acuerdos y estrategias de mantenimiento.;bajo;individual/pareja;Plan de mantenimiento;Señales tempranas, estrategias útiles, acuerdos y fecha de revisión.;Prevenir recaídas.;bajo;mensual;individual/pareja;media;Adaptar a consentimiento, seguridad, cultura, edad, orientación/identidad, salud física y contexto relacional. No aplicar tareas de pareja si existe coerción, violencia, miedo o falta de consentimiento.
Pornografía y conducta sexual problemática;Consumo de pornografía con malestar;La persona percibe que el consumo genera culpa, conflicto o interferencia.;adultos;individual;medio;"SEX_SRC004;SEX_SRC013";Análisis funcional de conducta sexual problemática;Identificar disparadores, emociones, consecuencias y función del comportamiento.;medio;individual;Análisis funcional de consumo sexual digital;Registrar disparador, emoción, conducta, consecuencia y coste.;Comprender función del consumo.;medio;7 días;individual;media;Adaptar a consentimiento, seguridad, cultura, edad, orientación/identidad, salud física y contexto relacional. No aplicar tareas de pareja si existe coerción, violencia, miedo o falta de consentimiento.
Pornografía y conducta sexual problemática;Consumo de pornografía con malestar;La persona percibe que el consumo genera culpa, conflicto o interferencia.;adultos;individual;medio;"SEX_SRC004;SEX_SRC013";Plan de reducción de consumo problemático;Límites digitales, sustitutos, prevención de recaídas y valores personales.;medio;individual;Plan de límites digitales;Definir horarios, bloqueos, sustitutos, apoyos y revisión sin moralizar.;Reducir interferencia funcional.;medio;semanal;individual;media;Adaptar a consentimiento, seguridad, cultura, edad, orientación/identidad, salud física y contexto relacional. No aplicar tareas de pareja si existe coerción, violencia, miedo o falta de consentimiento.
Pornografía y conducta sexual problemática;Consumo de pornografía con malestar;La persona percibe que el consumo genera culpa, conflicto o interferencia.;adultos;individual;medio;"SEX_SRC004;SEX_SRC013";Reestructuración de pornomitos;Diferenciar ficción, expectativas, cuerpos, consentimiento y realidad relacional.;bajo;educativa;Diferenciar ficción y realidad;Listar expectativas aprendidas de pornografía y contrastarlas con salud/consentimiento.;Reducir pornomitos.;bajo;30 min;educativa/individual;media;Adaptar a consentimiento, seguridad, cultura, edad, orientación/identidad, salud física y contexto relacional. No aplicar tareas de pareja si existe coerción, violencia, miedo o falta de consentimiento.
Pornografía y conducta sexual problemática;Consumo de pornografía con malestar;La persona percibe que el consumo genera culpa, conflicto o interferencia.;adultos;individual;medio;"SEX_SRC004;SEX_SRC013";Trabajo con culpa y valores;Explorar conflicto entre deseo, valores, cultura, religión y bienestar sin imponer.;medio;individual;Registro de culpa sexual;Anotar culpa, norma interna, origen, utilidad, coste y alternativa compatible con valores.;Trabajar culpa sin imponer valores.;medio;7 días;individual;media;Adaptar a consentimiento, seguridad, cultura, edad, orientación/identidad, salud física y contexto relacional. No aplicar tareas de pareja si existe coerción, violencia, miedo o falta de consentimiento.
Pornografía y conducta sexual problemática;Consumo de pornografía con malestar;La persona percibe que el consumo genera culpa, conflicto o interferencia.;adultos;individual;medio;"SEX_SRC004;SEX_SRC013";Plan de prevención de recaídas;Detectar señales tempranas, barreras, acuerdos y estrategias de mantenimiento.;bajo;individual/pareja;Plan de mantenimiento;Señales tempranas, estrategias útiles, acuerdos y fecha de revisión.;Prevenir recaídas.;bajo;mensual;individual/pareja;media;Adaptar a consentimiento, seguridad, cultura, edad, orientación/identidad, salud física y contexto relacional. No aplicar tareas de pareja si existe coerción, violencia, miedo o falta de consentimiento.
Pornografía y conducta sexual problemática;Consumo de pornografía con malestar;La persona percibe que el consumo genera culpa, conflicto o interferencia.;adultos;individual;medio;"SEX_SRC004;SEX_SRC013";Entrevista motivacional en sexualidad;Explorar ambivalencia, metas, autonomía y pequeños cambios sostenibles.;bajo;individual/pareja;Entrevista de ambivalencia;Explorar ventajas/desventajas de cambiar y no cambiar.;Aumentar motivación autónoma.;bajo;20 min;individual;media;Adaptar a consentimiento, seguridad, cultura, edad, orientación/identidad, salud física y contexto relacional. No aplicar tareas de pareja si existe coerción, violencia, miedo o falta de consentimiento.
Pornografía y conducta sexual problemática;Consumo de pornografía con malestar;La persona percibe que el consumo genera culpa, conflicto o interferencia.;adultos;individual;medio;"SEX_SRC004;SEX_SRC013";Entrevista motivacional en sexualidad;Explorar ambivalencia, metas, autonomía y pequeños cambios sostenibles.;bajo;individual/pareja;Revisión de objetivos sexuales realistas;Convertir demandas vagas en objetivos observables y respetuosos.;Clarificar plan terapéutico.;bajo;sesión;individual/pareja;media;Adaptar a consentimiento, seguridad, cultura, edad, orientación/identidad, salud física y contexto relacional. No aplicar tareas de pareja si existe coerción, violencia, miedo o falta de consentimiento.
Pornografía y conducta sexual problemática;Uso compulsivo de contenido sexual digital;Dificultad para controlar uso pese a consecuencias funcionales o relacionales.;adultos;individual;alto;"SEX_SRC004;SEX_SRC010";Análisis funcional de conducta sexual problemática;Identificar disparadores, emociones, consecuencias y función del comportamiento.;medio;individual;Análisis funcional de consumo sexual digital;Registrar disparador, emoción, conducta, consecuencia y coste.;Comprender función del consumo.;medio;7 días;individual;media;Adaptar a consentimiento, seguridad, cultura, edad, orientación/identidad, salud física y contexto relacional. No aplicar tareas de pareja si existe coerción, violencia, miedo o falta de consentimiento.
Pornografía y conducta sexual problemática;Uso compulsivo de contenido sexual digital;Dificultad para controlar uso pese a consecuencias funcionales o relacionales.;adultos;individual;alto;"SEX_SRC004;SEX_SRC010";Plan de reducción de consumo problemático;Límites digitales, sustitutos, prevención de recaídas y valores personales.;medio;individual;Plan de límites digitales;Definir horarios, bloqueos, sustitutos, apoyos y revisión sin moralizar.;Reducir interferencia funcional.;medio;semanal;individual;media;Adaptar a consentimiento, seguridad, cultura, edad, orientación/identidad, salud física y contexto relacional. No aplicar tareas de pareja si existe coerción, violencia, miedo o falta de consentimiento.
Pornografía y conducta sexual problemática;Uso compulsivo de contenido sexual digital;Dificultad para controlar uso pese a consecuencias funcionales o relacionales.;adultos;individual;alto;"SEX_SRC004;SEX_SRC010";Reestructuración de pornomitos;Diferenciar ficción, expectativas, cuerpos, consentimiento y realidad relacional.;bajo;educativa;Diferenciar ficción y realidad;Listar expectativas aprendidas de pornografía y contrastarlas con salud/consentimiento.;Reducir pornomitos.;bajo;30 min;educativa/individual;media;Adaptar a consentimiento, seguridad, cultura, edad, orientación/identidad, salud física y contexto relacional. No aplicar tareas de pareja si existe coerción, violencia, miedo o falta de consentimiento.
Pornografía y conducta sexual problemática;Uso compulsivo de contenido sexual digital;Dificultad para controlar uso pese a consecuencias funcionales o relacionales.;adultos;individual;alto;"SEX_SRC004;SEX_SRC010";Trabajo con culpa y valores;Explorar conflicto entre deseo, valores, cultura, religión y bienestar sin imponer.;medio;individual;Registro de culpa sexual;Anotar culpa, norma interna, origen, utilidad, coste y alternativa compatible con valores.;Trabajar culpa sin imponer valores.;medio;7 días;individual;media;Adaptar a consentimiento, seguridad, cultura, edad, orientación/identidad, salud física y contexto relacional. No aplicar tareas de pareja si existe coerción, violencia, miedo o falta de consentimiento.
Pornografía y conducta sexual problemática;Uso compulsivo de contenido sexual digital;Dificultad para controlar uso pese a consecuencias funcionales o relacionales.;adultos;individual;alto;"SEX_SRC004;SEX_SRC010";Plan de prevención de recaídas;Detectar señales tempranas, barreras, acuerdos y estrategias de mantenimiento.;bajo;individual/pareja;Plan de mantenimiento;Señales tempranas, estrategias útiles, acuerdos y fecha de revisión.;Prevenir recaídas.;bajo;mensual;individual/pareja;media;Adaptar a consentimiento, seguridad, cultura, edad, orientación/identidad, salud física y contexto relacional. No aplicar tareas de pareja si existe coerción, violencia, miedo o falta de consentimiento.
Pornografía y conducta sexual problemática;Uso compulsivo de contenido sexual digital;Dificultad para controlar uso pese a consecuencias funcionales o relacionales.;adultos;individual;alto;"SEX_SRC004;SEX_SRC010";Entrevista motivacional en sexualidad;Explorar ambivalencia, metas, autonomía y pequeños cambios sostenibles.;bajo;individual/pareja;Entrevista de ambivalencia;Explorar ventajas/desventajas de cambiar y no cambiar.;Aumentar motivación autónoma.;bajo;20 min;individual;media;Adaptar a consentimiento, seguridad, cultura, edad, orientación/identidad, salud física y contexto relacional. No aplicar tareas de pareja si existe coerción, violencia, miedo o falta de consentimiento.
Pornografía y conducta sexual problemática;Uso compulsivo de contenido sexual digital;Dificultad para controlar uso pese a consecuencias funcionales o relacionales.;adultos;individual;alto;"SEX_SRC004;SEX_SRC010";Entrevista motivacional en sexualidad;Explorar ambivalencia, metas, autonomía y pequeños cambios sostenibles.;bajo;individual/pareja;Revisión de objetivos sexuales realistas;Convertir demandas vagas en objetivos observables y respetuosos.;Clarificar plan terapéutico.;bajo;sesión;individual/pareja;media;Adaptar a consentimiento, seguridad, cultura, edad, orientación/identidad, salud física y contexto relacional. No aplicar tareas de pareja si existe coerción, violencia, miedo o falta de consentimiento.
Pornografía y conducta sexual problemática;Comparación sexual por pornografía;Comparación de cuerpo, rendimiento o prácticas con contenido pornográfico.;adultos/adolescentes;educativa;medio;"SEX_SRC001;SEX_SRC013";Análisis funcional de conducta sexual problemática;Identificar disparadores, emociones, consecuencias y función del comportamiento.;medio;individual;Análisis funcional de consumo sexual digital;Registrar disparador, emoción, conducta, consecuencia y coste.;Comprender función del consumo.;medio;7 días;individual;media;Adaptar a consentimiento, seguridad, cultura, edad, orientación/identidad, salud física y contexto relacional. No aplicar tareas de pareja si existe coerción, violencia, miedo o falta de consentimiento.
Pornografía y conducta sexual problemática;Comparación sexual por pornografía;Comparación de cuerpo, rendimiento o prácticas con contenido pornográfico.;adultos/adolescentes;educativa;medio;"SEX_SRC001;SEX_SRC013";Plan de reducción de consumo problemático;Límites digitales, sustitutos, prevención de recaídas y valores personales.;medio;individual;Plan de límites digitales;Definir horarios, bloqueos, sustitutos, apoyos y revisión sin moralizar.;Reducir interferencia funcional.;medio;semanal;individual;media;Adaptar a consentimiento, seguridad, cultura, edad, orientación/identidad, salud física y contexto relacional. No aplicar tareas de pareja si existe coerción, violencia, miedo o falta de consentimiento.
Pornografía y conducta sexual problemática;Comparación sexual por pornografía;Comparación de cuerpo, rendimiento o prácticas con contenido pornográfico.;adultos/adolescentes;educativa;medio;"SEX_SRC001;SEX_SRC013";Reestructuración de pornomitos;Diferenciar ficción, expectativas, cuerpos, consentimiento y realidad relacional.;bajo;educativa;Diferenciar ficción y realidad;Listar expectativas aprendidas de pornografía y contrastarlas con salud/consentimiento.;Reducir pornomitos.;bajo;30 min;educativa/individual;media;Adaptar a consentimiento, seguridad, cultura, edad, orientación/identidad, salud física y contexto relacional. No aplicar tareas de pareja si existe coerción, violencia, miedo o falta de consentimiento.
Pornografía y conducta sexual problemática;Comparación sexual por pornografía;Comparación de cuerpo, rendimiento o prácticas con contenido pornográfico.;adultos/adolescentes;educativa;medio;"SEX_SRC001;SEX_SRC013";Trabajo con culpa y valores;Explorar conflicto entre deseo, valores, cultura, religión y bienestar sin imponer.;medio;individual;Registro de culpa sexual;Anotar culpa, norma interna, origen, utilidad, coste y alternativa compatible con valores.;Trabajar culpa sin imponer valores.;medio;7 días;individual;media;Adaptar a consentimiento, seguridad, cultura, edad, orientación/identidad, salud física y contexto relacional. No aplicar tareas de pareja si existe coerción, violencia, miedo o falta de consentimiento.
Pornografía y conducta sexual problemática;Comparación sexual por pornografía;Comparación de cuerpo, rendimiento o prácticas con contenido pornográfico.;adultos/adolescentes;educativa;medio;"SEX_SRC001;SEX_SRC013";Plan de prevención de recaídas;Detectar señales tempranas, barreras, acuerdos y estrategias de mantenimiento.;bajo;individual/pareja;Plan de mantenimiento;Señales tempranas, estrategias útiles, acuerdos y fecha de revisión.;Prevenir recaídas.;bajo;mensual;individual/pareja;media;Adaptar a consentimiento, seguridad, cultura, edad, orientación/identidad, salud física y contexto relacional. No aplicar tareas de pareja si existe coerción, violencia, miedo o falta de consentimiento.
Pornografía y conducta sexual problemática;Comparación sexual por pornografía;Comparación de cuerpo, rendimiento o prácticas con contenido pornográfico.;adultos/adolescentes;educativa;medio;"SEX_SRC001;SEX_SRC013";Entrevista motivacional en sexualidad;Explorar ambivalencia, metas, autonomía y pequeños cambios sostenibles.;bajo;individual/pareja;Entrevista de ambivalencia;Explorar ventajas/desventajas de cambiar y no cambiar.;Aumentar motivación autónoma.;bajo;20 min;individual;media;Adaptar a consentimiento, seguridad, cultura, edad, orientación/identidad, salud física y contexto relacional. No aplicar tareas de pareja si existe coerción, violencia, miedo o falta de consentimiento.
Pornografía y conducta sexual problemática;Comparación sexual por pornografía;Comparación de cuerpo, rendimiento o prácticas con contenido pornográfico.;adultos/adolescentes;educativa;medio;"SEX_SRC001;SEX_SRC013";Entrevista motivacional en sexualidad;Explorar ambivalencia, metas, autonomía y pequeños cambios sostenibles.;bajo;individual/pareja;Revisión de objetivos sexuales realistas;Convertir demandas vagas en objetivos observables y respetuosos.;Clarificar plan terapéutico.;bajo;sesión;individual/pareja;media;Adaptar a consentimiento, seguridad, cultura, edad, orientación/identidad, salud física y contexto relacional. No aplicar tareas de pareja si existe coerción, violencia, miedo o falta de consentimiento.
Pornografía y conducta sexual problemática;Conflicto de pareja por pornografía;Desacuerdo, secreto o dolor relacional asociado al consumo de pornografía.;adultos;pareja;medio;"SEX_SRC010;SEX_SRC012";Análisis funcional de conducta sexual problemática;Identificar disparadores, emociones, consecuencias y función del comportamiento.;medio;individual;Análisis funcional de consumo sexual digital;Registrar disparador, emoción, conducta, consecuencia y coste.;Comprender función del consumo.;medio;7 días;individual;media;Adaptar a consentimiento, seguridad, cultura, edad, orientación/identidad, salud física y contexto relacional. No aplicar tareas de pareja si existe coerción, violencia, miedo o falta de consentimiento.
Pornografía y conducta sexual problemática;Conflicto de pareja por pornografía;Desacuerdo, secreto o dolor relacional asociado al consumo de pornografía.;adultos;pareja;medio;"SEX_SRC010;SEX_SRC012";Plan de reducción de consumo problemático;Límites digitales, sustitutos, prevención de recaídas y valores personales.;medio;individual;Plan de límites digitales;Definir horarios, bloqueos, sustitutos, apoyos y revisión sin moralizar.;Reducir interferencia funcional.;medio;semanal;individual;media;Adaptar a consentimiento, seguridad, cultura, edad, orientación/identidad, salud física y contexto relacional. No aplicar tareas de pareja si existe coerción, violencia, miedo o falta de consentimiento.
Pornografía y conducta sexual problemática;Conflicto de pareja por pornografía;Desacuerdo, secreto o dolor relacional asociado al consumo de pornografía.;adultos;pareja;medio;"SEX_SRC010;SEX_SRC012";Reestructuración de pornomitos;Diferenciar ficción, expectativas, cuerpos, consentimiento y realidad relacional.;bajo;educativa;Diferenciar ficción y realidad;Listar expectativas aprendidas de pornografía y contrastarlas con salud/consentimiento.;Reducir pornomitos.;bajo;30 min;educativa/individual;media;Adaptar a consentimiento, seguridad, cultura, edad, orientación/identidad, salud física y contexto relacional. No aplicar tareas de pareja si existe coerción, violencia, miedo o falta de consentimiento.
Pornografía y conducta sexual problemática;Conflicto de pareja por pornografía;Desacuerdo, secreto o dolor relacional asociado al consumo de pornografía.;adultos;pareja;medio;"SEX_SRC010;SEX_SRC012";Trabajo con culpa y valores;Explorar conflicto entre deseo, valores, cultura, religión y bienestar sin imponer.;medio;individual;Registro de culpa sexual;Anotar culpa, norma interna, origen, utilidad, coste y alternativa compatible con valores.;Trabajar culpa sin imponer valores.;medio;7 días;individual;media;Adaptar a consentimiento, seguridad, cultura, edad, orientación/identidad, salud física y contexto relacional. No aplicar tareas de pareja si existe coerción, violencia, miedo o falta de consentimiento.
Pornografía y conducta sexual problemática;Conflicto de pareja por pornografía;Desacuerdo, secreto o dolor relacional asociado al consumo de pornografía.;adultos;pareja;medio;"SEX_SRC010;SEX_SRC012";Plan de prevención de recaídas;Detectar señales tempranas, barreras, acuerdos y estrategias de mantenimiento.;bajo;individual/pareja;Plan de mantenimiento;Señales tempranas, estrategias útiles, acuerdos y fecha de revisión.;Prevenir recaídas.;bajo;mensual;individual/pareja;media;Adaptar a consentimiento, seguridad, cultura, edad, orientación/identidad, salud física y contexto relacional. No aplicar tareas de pareja si existe coerción, violencia, miedo o falta de consentimiento.
Pornografía y conducta sexual problemática;Conflicto de pareja por pornografía;Desacuerdo, secreto o dolor relacional asociado al consumo de pornografía.;adultos;pareja;medio;"SEX_SRC010;SEX_SRC012";Entrevista motivacional en sexualidad;Explorar ambivalencia, metas, autonomía y pequeños cambios sostenibles.;bajo;individual/pareja;Entrevista de ambivalencia;Explorar ventajas/desventajas de cambiar y no cambiar.;Aumentar motivación autónoma.;bajo;20 min;individual;media;Adaptar a consentimiento, seguridad, cultura, edad, orientación/identidad, salud física y contexto relacional. No aplicar tareas de pareja si existe coerción, violencia, miedo o falta de consentimiento.
Pornografía y conducta sexual problemática;Conflicto de pareja por pornografía;Desacuerdo, secreto o dolor relacional asociado al consumo de pornografía.;adultos;pareja;medio;"SEX_SRC010;SEX_SRC012";Entrevista motivacional en sexualidad;Explorar ambivalencia, metas, autonomía y pequeños cambios sostenibles.;bajo;individual/pareja;Revisión de objetivos sexuales realistas;Convertir demandas vagas en objetivos observables y respetuosos.;Clarificar plan terapéutico.;bajo;sesión;individual/pareja;media;Adaptar a consentimiento, seguridad, cultura, edad, orientación/identidad, salud física y contexto relacional. No aplicar tareas de pareja si existe coerción, violencia, miedo o falta de consentimiento.
Sexualidad en etapas vitales;Sexualidad en embarazo o posparto;Cambios de deseo, cuerpo, cansancio, dolor, miedo o comunicación en esta etapa.;adultos;médica_derivación;medio;SEX_SRC017;Psicoeducación sexual basada en evidencia;Explicar sexualidad, respuesta sexual, variabilidad, placer, consentimiento y seguridad sin patologizar.;bajo;educativa;Rueda de salud sexual personal;Completar áreas de bienestar, dudas, límites, valores y objetivos sexuales.;Clarificar demanda y objetivos.;bajo;20-30 min;individual;media;Adaptar a consentimiento, seguridad, cultura, edad, orientación/identidad, salud física y contexto relacional. No aplicar tareas de pareja si existe coerción, violencia, miedo o falta de consentimiento.
Sexualidad en etapas vitales;Sexualidad en embarazo o posparto;Cambios de deseo, cuerpo, cansancio, dolor, miedo o comunicación en esta etapa.;adultos;médica_derivación;medio;SEX_SRC017;Psicoeducación sexual basada en evidencia;Explicar sexualidad, respuesta sexual, variabilidad, placer, consentimiento y seguridad sin patologizar.;bajo;educativa;Lista de dudas para consulta;Anotar dudas de sexualidad, salud, prevención o relación para revisar en sesión.;Facilitar conversación profesional.;bajo;10 min;individual;media;Adaptar a consentimiento, seguridad, cultura, edad, orientación/identidad, salud física y contexto relacional. No aplicar tareas de pareja si existe coerción, violencia, miedo o falta de consentimiento.
Sexualidad en etapas vitales;Sexualidad en embarazo o posparto;Cambios de deseo, cuerpo, cansancio, dolor, miedo o comunicación en esta etapa.;adultos;médica_derivación;medio;SEX_SRC017;Adaptación sexual en etapas vitales;Ajustar intimidad a embarazo, posparto, menopausia, edad, salud o discapacidad.;medio;individual/pareja;Plan de adaptación en etapa vital;Identificar cambios, necesidades, límites, apoyos médicos y acuerdos de pareja.;Adaptar sexualidad a etapa vital.;medio;30 min;individual/pareja;media;Adaptar a consentimiento, seguridad, cultura, edad, orientación/identidad, salud física y contexto relacional. No aplicar tareas de pareja si existe coerción, violencia, miedo o falta de consentimiento.
Sexualidad en etapas vitales;Sexualidad en embarazo o posparto;Cambios de deseo, cuerpo, cansancio, dolor, miedo o comunicación en esta etapa.;adultos;médica_derivación;medio;SEX_SRC017;Plan de comunicación médico-sexual;Preparar preguntas y datos para consulta médica sobre síntomas sexuales.;bajo;médica_derivación;Preparar consulta médica por dolor;Escribir síntomas, inicio, intensidad, ciclo, medicación, preguntas y objetivos.;Facilitar derivación médica.;alto;20 min;médica_derivación;media;Adaptar a consentimiento, seguridad, cultura, edad, orientación/identidad, salud física y contexto relacional. No aplicar tareas de pareja si existe coerción, violencia, miedo o falta de consentimiento.
Sexualidad en etapas vitales;Sexualidad en embarazo o posparto;Cambios de deseo, cuerpo, cansancio, dolor, miedo o comunicación en esta etapa.;adultos;médica_derivación;medio;SEX_SRC017;Plan de comunicación médico-sexual;Preparar preguntas y datos para consulta médica sobre síntomas sexuales.;bajo;médica_derivación;Preguntas para profesional sanitario;Preparar dudas sobre medicación, dolor, menopausia, erección, lubricación o salud.;Mejorar coordinación sanitaria.;bajo;15 min;médica_derivación;media;Adaptar a consentimiento, seguridad, cultura, edad, orientación/identidad, salud física y contexto relacional. No aplicar tareas de pareja si existe coerción, violencia, miedo o falta de consentimiento.
Sexualidad en etapas vitales;Sexualidad en embarazo o posparto;Cambios de deseo, cuerpo, cansancio, dolor, miedo o comunicación en esta etapa.;adultos;médica_derivación;medio;SEX_SRC017;Prevención sexual y autocuidado;Información sobre pruebas, barreras, anticoncepción, comunicación y reducción de riesgos.;medio;educativa;Plan de prevención y pruebas;Definir pruebas, barreras, comunicación, calendario y recursos sanitarios.;Reducir riesgo y ansiedad.;medio;20 min;educativa;media;Adaptar a consentimiento, seguridad, cultura, edad, orientación/identidad, salud física y contexto relacional. No aplicar tareas de pareja si existe coerción, violencia, miedo o falta de consentimiento.
Sexualidad en etapas vitales;Sexualidad en embarazo o posparto;Cambios de deseo, cuerpo, cansancio, dolor, miedo o comunicación en esta etapa.;adultos;médica_derivación;medio;SEX_SRC017;Revisión de medicación y salud general;Registrar cambios y derivar al prescriptor ante posible efecto sexual farmacológico.;alto;médica_derivación;Registro de medicación y cambios sexuales;Anotar cambios de deseo, excitación u orgasmo y medicación temporalmente relacionada.;Preparar consulta médica.;alto;2-4 semanas;médica_derivación;alta;Adaptar a consentimiento, seguridad, cultura, edad, orientación/identidad, salud física y contexto relacional. No aplicar tareas de pareja si existe coerción, violencia, miedo o falta de consentimiento.
Sexualidad en etapas vitales;Sexualidad en embarazo o posparto;Cambios de deseo, cuerpo, cansancio, dolor, miedo o comunicación en esta etapa.;adultos;médica_derivación;medio;SEX_SRC017;Lectura fácil / adaptación cognitiva;Adaptar información sexual a capacidades cognitivas, discapacidad o necesidades de apoyo.;medio;educativa;Adaptación en lectura fácil;Convertir pautas sexuales/relacionales a pasos claros, pictos o lenguaje sencillo.;Hacer accesible la educación sexual.;medio;variable;educativa;media;Adaptar a consentimiento, seguridad, cultura, edad, orientación/identidad, salud física y contexto relacional. No aplicar tareas de pareja si existe coerción, violencia, miedo o falta de consentimiento.
Sexualidad en etapas vitales;Sexualidad en embarazo o posparto;Cambios de deseo, cuerpo, cansancio, dolor, miedo o comunicación en esta etapa.;adultos;médica_derivación;medio;SEX_SRC017;Plan de prevención de recaídas;Detectar señales tempranas, barreras, acuerdos y estrategias de mantenimiento.;bajo;individual/pareja;Plan de mantenimiento;Señales tempranas, estrategias útiles, acuerdos y fecha de revisión.;Prevenir recaídas.;bajo;mensual;individual/pareja;media;Adaptar a consentimiento, seguridad, cultura, edad, orientación/identidad, salud física y contexto relacional. No aplicar tareas de pareja si existe coerción, violencia, miedo o falta de consentimiento.
Sexualidad en etapas vitales;Sexualidad en menopausia;Cambios hormonales, deseo, lubricación, dolor o identidad sexual.;adultos;médica_derivación;medio;"SEX_SRC016;SEX_SRC017";Psicoeducación sexual basada en evidencia;Explicar sexualidad, respuesta sexual, variabilidad, placer, consentimiento y seguridad sin patologizar.;bajo;educativa;Rueda de salud sexual personal;Completar áreas de bienestar, dudas, límites, valores y objetivos sexuales.;Clarificar demanda y objetivos.;bajo;20-30 min;individual;media;Adaptar a consentimiento, seguridad, cultura, edad, orientación/identidad, salud física y contexto relacional. No aplicar tareas de pareja si existe coerción, violencia, miedo o falta de consentimiento.
Sexualidad en etapas vitales;Sexualidad en menopausia;Cambios hormonales, deseo, lubricación, dolor o identidad sexual.;adultos;médica_derivación;medio;"SEX_SRC016;SEX_SRC017";Psicoeducación sexual basada en evidencia;Explicar sexualidad, respuesta sexual, variabilidad, placer, consentimiento y seguridad sin patologizar.;bajo;educativa;Lista de dudas para consulta;Anotar dudas de sexualidad, salud, prevención o relación para revisar en sesión.;Facilitar conversación profesional.;bajo;10 min;individual;media;Adaptar a consentimiento, seguridad, cultura, edad, orientación/identidad, salud física y contexto relacional. No aplicar tareas de pareja si existe coerción, violencia, miedo o falta de consentimiento.
Sexualidad en etapas vitales;Sexualidad en menopausia;Cambios hormonales, deseo, lubricación, dolor o identidad sexual.;adultos;médica_derivación;medio;"SEX_SRC016;SEX_SRC017";Adaptación sexual en etapas vitales;Ajustar intimidad a embarazo, posparto, menopausia, edad, salud o discapacidad.;medio;individual/pareja;Plan de adaptación en etapa vital;Identificar cambios, necesidades, límites, apoyos médicos y acuerdos de pareja.;Adaptar sexualidad a etapa vital.;medio;30 min;individual/pareja;media;Adaptar a consentimiento, seguridad, cultura, edad, orientación/identidad, salud física y contexto relacional. No aplicar tareas de pareja si existe coerción, violencia, miedo o falta de consentimiento.
Sexualidad en etapas vitales;Sexualidad en menopausia;Cambios hormonales, deseo, lubricación, dolor o identidad sexual.;adultos;médica_derivación;medio;"SEX_SRC016;SEX_SRC017";Plan de comunicación médico-sexual;Preparar preguntas y datos para consulta médica sobre síntomas sexuales.;bajo;médica_derivación;Preparar consulta médica por dolor;Escribir síntomas, inicio, intensidad, ciclo, medicación, preguntas y objetivos.;Facilitar derivación médica.;alto;20 min;médica_derivación;media;Adaptar a consentimiento, seguridad, cultura, edad, orientación/identidad, salud física y contexto relacional. No aplicar tareas de pareja si existe coerción, violencia, miedo o falta de consentimiento.
Sexualidad en etapas vitales;Sexualidad en menopausia;Cambios hormonales, deseo, lubricación, dolor o identidad sexual.;adultos;médica_derivación;medio;"SEX_SRC016;SEX_SRC017";Plan de comunicación médico-sexual;Preparar preguntas y datos para consulta médica sobre síntomas sexuales.;bajo;médica_derivación;Preguntas para profesional sanitario;Preparar dudas sobre medicación, dolor, menopausia, erección, lubricación o salud.;Mejorar coordinación sanitaria.;bajo;15 min;médica_derivación;media;Adaptar a consentimiento, seguridad, cultura, edad, orientación/identidad, salud física y contexto relacional. No aplicar tareas de pareja si existe coerción, violencia, miedo o falta de consentimiento.
Sexualidad en etapas vitales;Sexualidad en menopausia;Cambios hormonales, deseo, lubricación, dolor o identidad sexual.;adultos;médica_derivación;medio;"SEX_SRC016;SEX_SRC017";Prevención sexual y autocuidado;Información sobre pruebas, barreras, anticoncepción, comunicación y reducción de riesgos.;medio;educativa;Plan de prevención y pruebas;Definir pruebas, barreras, comunicación, calendario y recursos sanitarios.;Reducir riesgo y ansiedad.;medio;20 min;educativa;media;Adaptar a consentimiento, seguridad, cultura, edad, orientación/identidad, salud física y contexto relacional. No aplicar tareas de pareja si existe coerción, violencia, miedo o falta de consentimiento.
Sexualidad en etapas vitales;Sexualidad en menopausia;Cambios hormonales, deseo, lubricación, dolor o identidad sexual.;adultos;médica_derivación;medio;"SEX_SRC016;SEX_SRC017";Revisión de medicación y salud general;Registrar cambios y derivar al prescriptor ante posible efecto sexual farmacológico.;alto;médica_derivación;Registro de medicación y cambios sexuales;Anotar cambios de deseo, excitación u orgasmo y medicación temporalmente relacionada.;Preparar consulta médica.;alto;2-4 semanas;médica_derivación;alta;Adaptar a consentimiento, seguridad, cultura, edad, orientación/identidad, salud física y contexto relacional. No aplicar tareas de pareja si existe coerción, violencia, miedo o falta de consentimiento.
Sexualidad en etapas vitales;Sexualidad en menopausia;Cambios hormonales, deseo, lubricación, dolor o identidad sexual.;adultos;médica_derivación;medio;"SEX_SRC016;SEX_SRC017";Lectura fácil / adaptación cognitiva;Adaptar información sexual a capacidades cognitivas, discapacidad o necesidades de apoyo.;medio;educativa;Adaptación en lectura fácil;Convertir pautas sexuales/relacionales a pasos claros, pictos o lenguaje sencillo.;Hacer accesible la educación sexual.;medio;variable;educativa;media;Adaptar a consentimiento, seguridad, cultura, edad, orientación/identidad, salud física y contexto relacional. No aplicar tareas de pareja si existe coerción, violencia, miedo o falta de consentimiento.
Sexualidad en etapas vitales;Sexualidad en menopausia;Cambios hormonales, deseo, lubricación, dolor o identidad sexual.;adultos;médica_derivación;medio;"SEX_SRC016;SEX_SRC017";Plan de prevención de recaídas;Detectar señales tempranas, barreras, acuerdos y estrategias de mantenimiento.;bajo;individual/pareja;Plan de mantenimiento;Señales tempranas, estrategias útiles, acuerdos y fecha de revisión.;Prevenir recaídas.;bajo;mensual;individual/pareja;media;Adaptar a consentimiento, seguridad, cultura, edad, orientación/identidad, salud física y contexto relacional. No aplicar tareas de pareja si existe coerción, violencia, miedo o falta de consentimiento.
Sexualidad en etapas vitales;Sexualidad en envejecimiento;Cambios físicos, medicación, deseo, pareja, autoestima y adaptación.;adultos mayores;médica_derivación;medio;"SEX_SRC001;SEX_SRC013";Psicoeducación sexual basada en evidencia;Explicar sexualidad, respuesta sexual, variabilidad, placer, consentimiento y seguridad sin patologizar.;bajo;educativa;Rueda de salud sexual personal;Completar áreas de bienestar, dudas, límites, valores y objetivos sexuales.;Clarificar demanda y objetivos.;bajo;20-30 min;individual;media;Adaptar a consentimiento, seguridad, cultura, edad, orientación/identidad, salud física y contexto relacional. No aplicar tareas de pareja si existe coerción, violencia, miedo o falta de consentimiento.
Sexualidad en etapas vitales;Sexualidad en envejecimiento;Cambios físicos, medicación, deseo, pareja, autoestima y adaptación.;adultos mayores;médica_derivación;medio;"SEX_SRC001;SEX_SRC013";Psicoeducación sexual basada en evidencia;Explicar sexualidad, respuesta sexual, variabilidad, placer, consentimiento y seguridad sin patologizar.;bajo;educativa;Lista de dudas para consulta;Anotar dudas de sexualidad, salud, prevención o relación para revisar en sesión.;Facilitar conversación profesional.;bajo;10 min;individual;media;Adaptar a consentimiento, seguridad, cultura, edad, orientación/identidad, salud física y contexto relacional. No aplicar tareas de pareja si existe coerción, violencia, miedo o falta de consentimiento.
Sexualidad en etapas vitales;Sexualidad en envejecimiento;Cambios físicos, medicación, deseo, pareja, autoestima y adaptación.;adultos mayores;médica_derivación;medio;"SEX_SRC001;SEX_SRC013";Adaptación sexual en etapas vitales;Ajustar intimidad a embarazo, posparto, menopausia, edad, salud o discapacidad.;medio;individual/pareja;Plan de adaptación en etapa vital;Identificar cambios, necesidades, límites, apoyos médicos y acuerdos de pareja.;Adaptar sexualidad a etapa vital.;medio;30 min;individual/pareja;media;Adaptar a consentimiento, seguridad, cultura, edad, orientación/identidad, salud física y contexto relacional. No aplicar tareas de pareja si existe coerción, violencia, miedo o falta de consentimiento.
Sexualidad en etapas vitales;Sexualidad en envejecimiento;Cambios físicos, medicación, deseo, pareja, autoestima y adaptación.;adultos mayores;médica_derivación;medio;"SEX_SRC001;SEX_SRC013";Plan de comunicación médico-sexual;Preparar preguntas y datos para consulta médica sobre síntomas sexuales.;bajo;médica_derivación;Preparar consulta médica por dolor;Escribir síntomas, inicio, intensidad, ciclo, medicación, preguntas y objetivos.;Facilitar derivación médica.;alto;20 min;médica_derivación;media;Adaptar a consentimiento, seguridad, cultura, edad, orientación/identidad, salud física y contexto relacional. No aplicar tareas de pareja si existe coerción, violencia, miedo o falta de consentimiento.
Sexualidad en etapas vitales;Sexualidad en envejecimiento;Cambios físicos, medicación, deseo, pareja, autoestima y adaptación.;adultos mayores;médica_derivación;medio;"SEX_SRC001;SEX_SRC013";Plan de comunicación médico-sexual;Preparar preguntas y datos para consulta médica sobre síntomas sexuales.;bajo;médica_derivación;Preguntas para profesional sanitario;Preparar dudas sobre medicación, dolor, menopausia, erección, lubricación o salud.;Mejorar coordinación sanitaria.;bajo;15 min;médica_derivación;media;Adaptar a consentimiento, seguridad, cultura, edad, orientación/identidad, salud física y contexto relacional. No aplicar tareas de pareja si existe coerción, violencia, miedo o falta de consentimiento.
Sexualidad en etapas vitales;Sexualidad en envejecimiento;Cambios físicos, medicación, deseo, pareja, autoestima y adaptación.;adultos mayores;médica_derivación;medio;"SEX_SRC001;SEX_SRC013";Prevención sexual y autocuidado;Información sobre pruebas, barreras, anticoncepción, comunicación y reducción de riesgos.;medio;educativa;Plan de prevención y pruebas;Definir pruebas, barreras, comunicación, calendario y recursos sanitarios.;Reducir riesgo y ansiedad.;medio;20 min;educativa;media;Adaptar a consentimiento, seguridad, cultura, edad, orientación/identidad, salud física y contexto relacional. No aplicar tareas de pareja si existe coerción, violencia, miedo o falta de consentimiento.
Sexualidad en etapas vitales;Sexualidad en envejecimiento;Cambios físicos, medicación, deseo, pareja, autoestima y adaptación.;adultos mayores;médica_derivación;medio;"SEX_SRC001;SEX_SRC013";Revisión de medicación y salud general;Registrar cambios y derivar al prescriptor ante posible efecto sexual farmacológico.;alto;médica_derivación;Registro de medicación y cambios sexuales;Anotar cambios de deseo, excitación u orgasmo y medicación temporalmente relacionada.;Preparar consulta médica.;alto;2-4 semanas;médica_derivación;alta;Adaptar a consentimiento, seguridad, cultura, edad, orientación/identidad, salud física y contexto relacional. No aplicar tareas de pareja si existe coerción, violencia, miedo o falta de consentimiento.
Sexualidad en etapas vitales;Sexualidad en envejecimiento;Cambios físicos, medicación, deseo, pareja, autoestima y adaptación.;adultos mayores;médica_derivación;medio;"SEX_SRC001;SEX_SRC013";Lectura fácil / adaptación cognitiva;Adaptar información sexual a capacidades cognitivas, discapacidad o necesidades de apoyo.;medio;educativa;Adaptación en lectura fácil;Convertir pautas sexuales/relacionales a pasos claros, pictos o lenguaje sencillo.;Hacer accesible la educación sexual.;medio;variable;educativa;media;Adaptar a consentimiento, seguridad, cultura, edad, orientación/identidad, salud física y contexto relacional. No aplicar tareas de pareja si existe coerción, violencia, miedo o falta de consentimiento.
Sexualidad en etapas vitales;Sexualidad en envejecimiento;Cambios físicos, medicación, deseo, pareja, autoestima y adaptación.;adultos mayores;médica_derivación;medio;"SEX_SRC001;SEX_SRC013";Plan de prevención de recaídas;Detectar señales tempranas, barreras, acuerdos y estrategias de mantenimiento.;bajo;individual/pareja;Plan de mantenimiento;Señales tempranas, estrategias útiles, acuerdos y fecha de revisión.;Prevenir recaídas.;bajo;mensual;individual/pareja;media;Adaptar a consentimiento, seguridad, cultura, edad, orientación/identidad, salud física y contexto relacional. No aplicar tareas de pareja si existe coerción, violencia, miedo o falta de consentimiento.
Sexualidad en etapas vitales;Sexualidad y diversidad funcional;Adaptación de intimidad, autonomía, comunicación y apoyos según capacidad.;adultos;educativa/individual;medio;"SEX_SRC001;SEX_SRC003";Psicoeducación sexual basada en evidencia;Explicar sexualidad, respuesta sexual, variabilidad, placer, consentimiento y seguridad sin patologizar.;bajo;educativa;Rueda de salud sexual personal;Completar áreas de bienestar, dudas, límites, valores y objetivos sexuales.;Clarificar demanda y objetivos.;bajo;20-30 min;individual;media;Adaptar a consentimiento, seguridad, cultura, edad, orientación/identidad, salud física y contexto relacional. No aplicar tareas de pareja si existe coerción, violencia, miedo o falta de consentimiento.
Sexualidad en etapas vitales;Sexualidad y diversidad funcional;Adaptación de intimidad, autonomía, comunicación y apoyos según capacidad.;adultos;educativa/individual;medio;"SEX_SRC001;SEX_SRC003";Psicoeducación sexual basada en evidencia;Explicar sexualidad, respuesta sexual, variabilidad, placer, consentimiento y seguridad sin patologizar.;bajo;educativa;Lista de dudas para consulta;Anotar dudas de sexualidad, salud, prevención o relación para revisar en sesión.;Facilitar conversación profesional.;bajo;10 min;individual;media;Adaptar a consentimiento, seguridad, cultura, edad, orientación/identidad, salud física y contexto relacional. No aplicar tareas de pareja si existe coerción, violencia, miedo o falta de consentimiento.
Sexualidad en etapas vitales;Sexualidad y diversidad funcional;Adaptación de intimidad, autonomía, comunicación y apoyos según capacidad.;adultos;educativa/individual;medio;"SEX_SRC001;SEX_SRC003";Adaptación sexual en etapas vitales;Ajustar intimidad a embarazo, posparto, menopausia, edad, salud o discapacidad.;medio;individual/pareja;Plan de adaptación en etapa vital;Identificar cambios, necesidades, límites, apoyos médicos y acuerdos de pareja.;Adaptar sexualidad a etapa vital.;medio;30 min;individual/pareja;media;Adaptar a consentimiento, seguridad, cultura, edad, orientación/identidad, salud física y contexto relacional. No aplicar tareas de pareja si existe coerción, violencia, miedo o falta de consentimiento.
Sexualidad en etapas vitales;Sexualidad y diversidad funcional;Adaptación de intimidad, autonomía, comunicación y apoyos según capacidad.;adultos;educativa/individual;medio;"SEX_SRC001;SEX_SRC003";Plan de comunicación médico-sexual;Preparar preguntas y datos para consulta médica sobre síntomas sexuales.;bajo;médica_derivación;Preparar consulta médica por dolor;Escribir síntomas, inicio, intensidad, ciclo, medicación, preguntas y objetivos.;Facilitar derivación médica.;alto;20 min;médica_derivación;media;Adaptar a consentimiento, seguridad, cultura, edad, orientación/identidad, salud física y contexto relacional. No aplicar tareas de pareja si existe coerción, violencia, miedo o falta de consentimiento.
Sexualidad en etapas vitales;Sexualidad y diversidad funcional;Adaptación de intimidad, autonomía, comunicación y apoyos según capacidad.;adultos;educativa/individual;medio;"SEX_SRC001;SEX_SRC003";Plan de comunicación médico-sexual;Preparar preguntas y datos para consulta médica sobre síntomas sexuales.;bajo;médica_derivación;Preguntas para profesional sanitario;Preparar dudas sobre medicación, dolor, menopausia, erección, lubricación o salud.;Mejorar coordinación sanitaria.;bajo;15 min;médica_derivación;media;Adaptar a consentimiento, seguridad, cultura, edad, orientación/identidad, salud física y contexto relacional. No aplicar tareas de pareja si existe coerción, violencia, miedo o falta de consentimiento.
Sexualidad en etapas vitales;Sexualidad y diversidad funcional;Adaptación de intimidad, autonomía, comunicación y apoyos según capacidad.;adultos;educativa/individual;medio;"SEX_SRC001;SEX_SRC003";Prevención sexual y autocuidado;Información sobre pruebas, barreras, anticoncepción, comunicación y reducción de riesgos.;medio;educativa;Plan de prevención y pruebas;Definir pruebas, barreras, comunicación, calendario y recursos sanitarios.;Reducir riesgo y ansiedad.;medio;20 min;educativa;media;Adaptar a consentimiento, seguridad, cultura, edad, orientación/identidad, salud física y contexto relacional. No aplicar tareas de pareja si existe coerción, violencia, miedo o falta de consentimiento.
Sexualidad en etapas vitales;Sexualidad y diversidad funcional;Adaptación de intimidad, autonomía, comunicación y apoyos según capacidad.;adultos;educativa/individual;medio;"SEX_SRC001;SEX_SRC003";Revisión de medicación y salud general;Registrar cambios y derivar al prescriptor ante posible efecto sexual farmacológico.;alto;médica_derivación;Registro de medicación y cambios sexuales;Anotar cambios de deseo, excitación u orgasmo y medicación temporalmente relacionada.;Preparar consulta médica.;alto;2-4 semanas;médica_derivación;alta;Adaptar a consentimiento, seguridad, cultura, edad, orientación/identidad, salud física y contexto relacional. No aplicar tareas de pareja si existe coerción, violencia, miedo o falta de consentimiento.
Sexualidad en etapas vitales;Sexualidad y diversidad funcional;Adaptación de intimidad, autonomía, comunicación y apoyos según capacidad.;adultos;educativa/individual;medio;"SEX_SRC001;SEX_SRC003";Lectura fácil / adaptación cognitiva;Adaptar información sexual a capacidades cognitivas, discapacidad o necesidades de apoyo.;medio;educativa;Adaptación en lectura fácil;Convertir pautas sexuales/relacionales a pasos claros, pictos o lenguaje sencillo.;Hacer accesible la educación sexual.;medio;variable;educativa;media;Adaptar a consentimiento, seguridad, cultura, edad, orientación/identidad, salud física y contexto relacional. No aplicar tareas de pareja si existe coerción, violencia, miedo o falta de consentimiento.
Sexualidad en etapas vitales;Sexualidad y diversidad funcional;Adaptación de intimidad, autonomía, comunicación y apoyos según capacidad.;adultos;educativa/individual;medio;"SEX_SRC001;SEX_SRC003";Plan de prevención de recaídas;Detectar señales tempranas, barreras, acuerdos y estrategias de mantenimiento.;bajo;individual/pareja;Plan de mantenimiento;Señales tempranas, estrategias útiles, acuerdos y fecha de revisión.;Prevenir recaídas.;bajo;mensual;individual/pareja;media;Adaptar a consentimiento, seguridad, cultura, edad, orientación/identidad, salud física y contexto relacional. No aplicar tareas de pareja si existe coerción, violencia, miedo o falta de consentimiento.
Sexualidad en etapas vitales;Educación sexual adolescente;Información adaptada sobre consentimiento, autocuidado, relaciones y prevención.;adolescentes;educativa;medio;"SEX_SRC001;SEX_SRC015";Psicoeducación sexual basada en evidencia;Explicar sexualidad, respuesta sexual, variabilidad, placer, consentimiento y seguridad sin patologizar.;bajo;educativa;Rueda de salud sexual personal;Completar áreas de bienestar, dudas, límites, valores y objetivos sexuales.;Clarificar demanda y objetivos.;bajo;20-30 min;individual;media;Adaptar a consentimiento, seguridad, cultura, edad, orientación/identidad, salud física y contexto relacional. No aplicar tareas de pareja si existe coerción, violencia, miedo o falta de consentimiento.
Sexualidad en etapas vitales;Educación sexual adolescente;Información adaptada sobre consentimiento, autocuidado, relaciones y prevención.;adolescentes;educativa;medio;"SEX_SRC001;SEX_SRC015";Psicoeducación sexual basada en evidencia;Explicar sexualidad, respuesta sexual, variabilidad, placer, consentimiento y seguridad sin patologizar.;bajo;educativa;Lista de dudas para consulta;Anotar dudas de sexualidad, salud, prevención o relación para revisar en sesión.;Facilitar conversación profesional.;bajo;10 min;individual;media;Adaptar a consentimiento, seguridad, cultura, edad, orientación/identidad, salud física y contexto relacional. No aplicar tareas de pareja si existe coerción, violencia, miedo o falta de consentimiento.
Sexualidad en etapas vitales;Educación sexual adolescente;Información adaptada sobre consentimiento, autocuidado, relaciones y prevención.;adolescentes;educativa;medio;"SEX_SRC001;SEX_SRC015";Adaptación sexual en etapas vitales;Ajustar intimidad a embarazo, posparto, menopausia, edad, salud o discapacidad.;medio;individual/pareja;Plan de adaptación en etapa vital;Identificar cambios, necesidades, límites, apoyos médicos y acuerdos de pareja.;Adaptar sexualidad a etapa vital.;medio;30 min;individual/pareja;media;Adaptar a consentimiento, seguridad, cultura, edad, orientación/identidad, salud física y contexto relacional. No aplicar tareas de pareja si existe coerción, violencia, miedo o falta de consentimiento.
Sexualidad en etapas vitales;Educación sexual adolescente;Información adaptada sobre consentimiento, autocuidado, relaciones y prevención.;adolescentes;educativa;medio;"SEX_SRC001;SEX_SRC015";Plan de comunicación médico-sexual;Preparar preguntas y datos para consulta médica sobre síntomas sexuales.;bajo;médica_derivación;Preparar consulta médica por dolor;Escribir síntomas, inicio, intensidad, ciclo, medicación, preguntas y objetivos.;Facilitar derivación médica.;alto;20 min;médica_derivación;media;Adaptar a consentimiento, seguridad, cultura, edad, orientación/identidad, salud física y contexto relacional. No aplicar tareas de pareja si existe coerción, violencia, miedo o falta de consentimiento.
Sexualidad en etapas vitales;Educación sexual adolescente;Información adaptada sobre consentimiento, autocuidado, relaciones y prevención.;adolescentes;educativa;medio;"SEX_SRC001;SEX_SRC015";Plan de comunicación médico-sexual;Preparar preguntas y datos para consulta médica sobre síntomas sexuales.;bajo;médica_derivación;Preguntas para profesional sanitario;Preparar dudas sobre medicación, dolor, menopausia, erección, lubricación o salud.;Mejorar coordinación sanitaria.;bajo;15 min;médica_derivación;media;Adaptar a consentimiento, seguridad, cultura, edad, orientación/identidad, salud física y contexto relacional. No aplicar tareas de pareja si existe coerción, violencia, miedo o falta de consentimiento.
Sexualidad en etapas vitales;Educación sexual adolescente;Información adaptada sobre consentimiento, autocuidado, relaciones y prevención.;adolescentes;educativa;medio;"SEX_SRC001;SEX_SRC015";Prevención sexual y autocuidado;Información sobre pruebas, barreras, anticoncepción, comunicación y reducción de riesgos.;medio;educativa;Plan de prevención y pruebas;Definir pruebas, barreras, comunicación, calendario y recursos sanitarios.;Reducir riesgo y ansiedad.;medio;20 min;educativa;media;Adaptar a consentimiento, seguridad, cultura, edad, orientación/identidad, salud física y contexto relacional. No aplicar tareas de pareja si existe coerción, violencia, miedo o falta de consentimiento.
Sexualidad en etapas vitales;Educación sexual adolescente;Información adaptada sobre consentimiento, autocuidado, relaciones y prevención.;adolescentes;educativa;medio;"SEX_SRC001;SEX_SRC015";Revisión de medicación y salud general;Registrar cambios y derivar al prescriptor ante posible efecto sexual farmacológico.;alto;médica_derivación;Registro de medicación y cambios sexuales;Anotar cambios de deseo, excitación u orgasmo y medicación temporalmente relacionada.;Preparar consulta médica.;alto;2-4 semanas;médica_derivación;alta;Adaptar a consentimiento, seguridad, cultura, edad, orientación/identidad, salud física y contexto relacional. No aplicar tareas de pareja si existe coerción, violencia, miedo o falta de consentimiento.
Sexualidad en etapas vitales;Educación sexual adolescente;Información adaptada sobre consentimiento, autocuidado, relaciones y prevención.;adolescentes;educativa;medio;"SEX_SRC001;SEX_SRC015";Lectura fácil / adaptación cognitiva;Adaptar información sexual a capacidades cognitivas, discapacidad o necesidades de apoyo.;medio;educativa;Adaptación en lectura fácil;Convertir pautas sexuales/relacionales a pasos claros, pictos o lenguaje sencillo.;Hacer accesible la educación sexual.;medio;variable;educativa;media;Adaptar a consentimiento, seguridad, cultura, edad, orientación/identidad, salud física y contexto relacional. No aplicar tareas de pareja si existe coerción, violencia, miedo o falta de consentimiento.
Sexualidad en etapas vitales;Educación sexual adolescente;Información adaptada sobre consentimiento, autocuidado, relaciones y prevención.;adolescentes;educativa;medio;"SEX_SRC001;SEX_SRC015";Plan de prevención de recaídas;Detectar señales tempranas, barreras, acuerdos y estrategias de mantenimiento.;bajo;individual/pareja;Plan de mantenimiento;Señales tempranas, estrategias útiles, acuerdos y fecha de revisión.;Prevenir recaídas.;bajo;mensual;individual/pareja;media;Adaptar a consentimiento, seguridad, cultura, edad, orientación/identidad, salud física y contexto relacional. No aplicar tareas de pareja si existe coerción, violencia, miedo o falta de consentimiento.
Sexualidad y salud/enfermedad;Cambios sexuales por medicación;Cambios de deseo, excitación, orgasmo o respuesta asociados a fármacos.;adultos;médica_derivación;alto;"SEX_SRC013;SEX_SRC017";Modelo biopsicosocial sexual;Analizar factores físicos, psicológicos, relacionales, culturales y contextuales.;bajo;individual/pareja;Mapa biopsicosocial sexual;Registrar factores físicos, emocionales, relacionales, culturales y contextuales.;Comprender el problema sin reducirlo a una causa única.;bajo;30 min;individual/pareja;media;Adaptar a consentimiento, seguridad, cultura, edad, orientación/identidad, salud física y contexto relacional. No aplicar tareas de pareja si existe coerción, violencia, miedo o falta de consentimiento.
Sexualidad y salud/enfermedad;Cambios sexuales por medicación;Cambios de deseo, excitación, orgasmo o respuesta asociados a fármacos.;adultos;médica_derivación;alto;"SEX_SRC013;SEX_SRC017";Modelo biopsicosocial sexual;Analizar factores físicos, psicológicos, relacionales, culturales y contextuales.;bajo;individual/pareja;Registro de prácticas de autocuidado sexual;Registrar sueño, estrés, actividad física, consumo, salud y estado emocional.;Detectar factores generales.;bajo;7 días;individual;media;Adaptar a consentimiento, seguridad, cultura, edad, orientación/identidad, salud física y contexto relacional. No aplicar tareas de pareja si existe coerción, violencia, miedo o falta de consentimiento.
Sexualidad y salud/enfermedad;Cambios sexuales por medicación;Cambios de deseo, excitación, orgasmo o respuesta asociados a fármacos.;adultos;médica_derivación;alto;"SEX_SRC013;SEX_SRC017";Derivación médica/ginecológica/urológica;Indicar valoración médica ante dolor, cambios bruscos, síntomas físicos o sospecha orgánica.;alto;médica_derivación;Checklist de señales de derivación médica;Revisar dolor, cambios bruscos, sangrado, medicación, síntomas físicos o enfermedad.;Detectar necesidad de valoración médica.;alto;5-10 min;médica_derivación;alta;Adaptar a consentimiento, seguridad, cultura, edad, orientación/identidad, salud física y contexto relacional. No aplicar tareas de pareja si existe coerción, violencia, miedo o falta de consentimiento.
Sexualidad y salud/enfermedad;Cambios sexuales por medicación;Cambios de deseo, excitación, orgasmo o respuesta asociados a fármacos.;adultos;médica_derivación;alto;"SEX_SRC013;SEX_SRC017";Adaptación sexual en etapas vitales;Ajustar intimidad a embarazo, posparto, menopausia, edad, salud o discapacidad.;medio;individual/pareja;Plan de adaptación en etapa vital;Identificar cambios, necesidades, límites, apoyos médicos y acuerdos de pareja.;Adaptar sexualidad a etapa vital.;medio;30 min;individual/pareja;media;Adaptar a consentimiento, seguridad, cultura, edad, orientación/identidad, salud física y contexto relacional. No aplicar tareas de pareja si existe coerción, violencia, miedo o falta de consentimiento.
Sexualidad y salud/enfermedad;Cambios sexuales por medicación;Cambios de deseo, excitación, orgasmo o respuesta asociados a fármacos.;adultos;médica_derivación;alto;"SEX_SRC013;SEX_SRC017";Plan de comunicación médico-sexual;Preparar preguntas y datos para consulta médica sobre síntomas sexuales.;bajo;médica_derivación;Preparar consulta médica por dolor;Escribir síntomas, inicio, intensidad, ciclo, medicación, preguntas y objetivos.;Facilitar derivación médica.;alto;20 min;médica_derivación;media;Adaptar a consentimiento, seguridad, cultura, edad, orientación/identidad, salud física y contexto relacional. No aplicar tareas de pareja si existe coerción, violencia, miedo o falta de consentimiento.
Sexualidad y salud/enfermedad;Cambios sexuales por medicación;Cambios de deseo, excitación, orgasmo o respuesta asociados a fármacos.;adultos;médica_derivación;alto;"SEX_SRC013;SEX_SRC017";Plan de comunicación médico-sexual;Preparar preguntas y datos para consulta médica sobre síntomas sexuales.;bajo;médica_derivación;Preguntas para profesional sanitario;Preparar dudas sobre medicación, dolor, menopausia, erección, lubricación o salud.;Mejorar coordinación sanitaria.;bajo;15 min;médica_derivación;media;Adaptar a consentimiento, seguridad, cultura, edad, orientación/identidad, salud física y contexto relacional. No aplicar tareas de pareja si existe coerción, violencia, miedo o falta de consentimiento.
Sexualidad y salud/enfermedad;Cambios sexuales por medicación;Cambios de deseo, excitación, orgasmo o respuesta asociados a fármacos.;adultos;médica_derivación;alto;"SEX_SRC013;SEX_SRC017";Coordinación interdisciplinar;Coordinar con ginecología, urología, medicina, fisioterapia de suelo pélvico o psiquiatría.;alto;médica_derivación;Autorización de coordinación interdisciplinar;Registrar consentimiento para coordinar con médico/fisio/psiquiatría si procede.;Mejorar intervención integrada.;medio;según caso;médica_derivación;alta;Adaptar a consentimiento, seguridad, cultura, edad, orientación/identidad, salud física y contexto relacional. No aplicar tareas de pareja si existe coerción, violencia, miedo o falta de consentimiento.
Sexualidad y salud/enfermedad;Cambios sexuales por medicación;Cambios de deseo, excitación, orgasmo o respuesta asociados a fármacos.;adultos;médica_derivación;alto;"SEX_SRC013;SEX_SRC017";Revisión de medicación y salud general;Registrar cambios y derivar al prescriptor ante posible efecto sexual farmacológico.;alto;médica_derivación;Registro de medicación y cambios sexuales;Anotar cambios de deseo, excitación u orgasmo y medicación temporalmente relacionada.;Preparar consulta médica.;alto;2-4 semanas;médica_derivación;alta;Adaptar a consentimiento, seguridad, cultura, edad, orientación/identidad, salud física y contexto relacional. No aplicar tareas de pareja si existe coerción, violencia, miedo o falta de consentimiento.
Sexualidad y salud/enfermedad;Cambios sexuales por medicación;Cambios de deseo, excitación, orgasmo o respuesta asociados a fármacos.;adultos;médica_derivación;alto;"SEX_SRC013;SEX_SRC017";Plan de prevención de recaídas;Detectar señales tempranas, barreras, acuerdos y estrategias de mantenimiento.;bajo;individual/pareja;Plan de mantenimiento;Señales tempranas, estrategias útiles, acuerdos y fecha de revisión.;Prevenir recaídas.;bajo;mensual;individual/pareja;media;Adaptar a consentimiento, seguridad, cultura, edad, orientación/identidad, salud física y contexto relacional. No aplicar tareas de pareja si existe coerción, violencia, miedo o falta de consentimiento.
Sexualidad y salud/enfermedad;Sexualidad con enfermedad crónica;Adaptación de intimidad ante dolor, fatiga, diabetes, cardiopatía u otras condiciones.;adultos;médica_derivación;alto;SEX_SRC013;Modelo biopsicosocial sexual;Analizar factores físicos, psicológicos, relacionales, culturales y contextuales.;bajo;individual/pareja;Mapa biopsicosocial sexual;Registrar factores físicos, emocionales, relacionales, culturales y contextuales.;Comprender el problema sin reducirlo a una causa única.;bajo;30 min;individual/pareja;media;Adaptar a consentimiento, seguridad, cultura, edad, orientación/identidad, salud física y contexto relacional. No aplicar tareas de pareja si existe coerción, violencia, miedo o falta de consentimiento.
Sexualidad y salud/enfermedad;Sexualidad con enfermedad crónica;Adaptación de intimidad ante dolor, fatiga, diabetes, cardiopatía u otras condiciones.;adultos;médica_derivación;alto;SEX_SRC013;Modelo biopsicosocial sexual;Analizar factores físicos, psicológicos, relacionales, culturales y contextuales.;bajo;individual/pareja;Registro de prácticas de autocuidado sexual;Registrar sueño, estrés, actividad física, consumo, salud y estado emocional.;Detectar factores generales.;bajo;7 días;individual;media;Adaptar a consentimiento, seguridad, cultura, edad, orientación/identidad, salud física y contexto relacional. No aplicar tareas de pareja si existe coerción, violencia, miedo o falta de consentimiento.
Sexualidad y salud/enfermedad;Sexualidad con enfermedad crónica;Adaptación de intimidad ante dolor, fatiga, diabetes, cardiopatía u otras condiciones.;adultos;médica_derivación;alto;SEX_SRC013;Derivación médica/ginecológica/urológica;Indicar valoración médica ante dolor, cambios bruscos, síntomas físicos o sospecha orgánica.;alto;médica_derivación;Checklist de señales de derivación médica;Revisar dolor, cambios bruscos, sangrado, medicación, síntomas físicos o enfermedad.;Detectar necesidad de valoración médica.;alto;5-10 min;médica_derivación;alta;Adaptar a consentimiento, seguridad, cultura, edad, orientación/identidad, salud física y contexto relacional. No aplicar tareas de pareja si existe coerción, violencia, miedo o falta de consentimiento.
Sexualidad y salud/enfermedad;Sexualidad con enfermedad crónica;Adaptación de intimidad ante dolor, fatiga, diabetes, cardiopatía u otras condiciones.;adultos;médica_derivación;alto;SEX_SRC013;Adaptación sexual en etapas vitales;Ajustar intimidad a embarazo, posparto, menopausia, edad, salud o discapacidad.;medio;individual/pareja;Plan de adaptación en etapa vital;Identificar cambios, necesidades, límites, apoyos médicos y acuerdos de pareja.;Adaptar sexualidad a etapa vital.;medio;30 min;individual/pareja;media;Adaptar a consentimiento, seguridad, cultura, edad, orientación/identidad, salud física y contexto relacional. No aplicar tareas de pareja si existe coerción, violencia, miedo o falta de consentimiento.
Sexualidad y salud/enfermedad;Sexualidad con enfermedad crónica;Adaptación de intimidad ante dolor, fatiga, diabetes, cardiopatía u otras condiciones.;adultos;médica_derivación;alto;SEX_SRC013;Plan de comunicación médico-sexual;Preparar preguntas y datos para consulta médica sobre síntomas sexuales.;bajo;médica_derivación;Preparar consulta médica por dolor;Escribir síntomas, inicio, intensidad, ciclo, medicación, preguntas y objetivos.;Facilitar derivación médica.;alto;20 min;médica_derivación;media;Adaptar a consentimiento, seguridad, cultura, edad, orientación/identidad, salud física y contexto relacional. No aplicar tareas de pareja si existe coerción, violencia, miedo o falta de consentimiento.
Sexualidad y salud/enfermedad;Sexualidad con enfermedad crónica;Adaptación de intimidad ante dolor, fatiga, diabetes, cardiopatía u otras condiciones.;adultos;médica_derivación;alto;SEX_SRC013;Plan de comunicación médico-sexual;Preparar preguntas y datos para consulta médica sobre síntomas sexuales.;bajo;médica_derivación;Preguntas para profesional sanitario;Preparar dudas sobre medicación, dolor, menopausia, erección, lubricación o salud.;Mejorar coordinación sanitaria.;bajo;15 min;médica_derivación;media;Adaptar a consentimiento, seguridad, cultura, edad, orientación/identidad, salud física y contexto relacional. No aplicar tareas de pareja si existe coerción, violencia, miedo o falta de consentimiento.
Sexualidad y salud/enfermedad;Sexualidad con enfermedad crónica;Adaptación de intimidad ante dolor, fatiga, diabetes, cardiopatía u otras condiciones.;adultos;médica_derivación;alto;SEX_SRC013;Coordinación interdisciplinar;Coordinar con ginecología, urología, medicina, fisioterapia de suelo pélvico o psiquiatría.;alto;médica_derivación;Autorización de coordinación interdisciplinar;Registrar consentimiento para coordinar con médico/fisio/psiquiatría si procede.;Mejorar intervención integrada.;medio;según caso;médica_derivación;alta;Adaptar a consentimiento, seguridad, cultura, edad, orientación/identidad, salud física y contexto relacional. No aplicar tareas de pareja si existe coerción, violencia, miedo o falta de consentimiento.
Sexualidad y salud/enfermedad;Sexualidad con enfermedad crónica;Adaptación de intimidad ante dolor, fatiga, diabetes, cardiopatía u otras condiciones.;adultos;médica_derivación;alto;SEX_SRC013;Revisión de medicación y salud general;Registrar cambios y derivar al prescriptor ante posible efecto sexual farmacológico.;alto;médica_derivación;Registro de medicación y cambios sexuales;Anotar cambios de deseo, excitación u orgasmo y medicación temporalmente relacionada.;Preparar consulta médica.;alto;2-4 semanas;médica_derivación;alta;Adaptar a consentimiento, seguridad, cultura, edad, orientación/identidad, salud física y contexto relacional. No aplicar tareas de pareja si existe coerción, violencia, miedo o falta de consentimiento.
Sexualidad y salud/enfermedad;Sexualidad con enfermedad crónica;Adaptación de intimidad ante dolor, fatiga, diabetes, cardiopatía u otras condiciones.;adultos;médica_derivación;alto;SEX_SRC013;Plan de prevención de recaídas;Detectar señales tempranas, barreras, acuerdos y estrategias de mantenimiento.;bajo;individual/pareja;Plan de mantenimiento;Señales tempranas, estrategias útiles, acuerdos y fecha de revisión.;Prevenir recaídas.;bajo;mensual;individual/pareja;media;Adaptar a consentimiento, seguridad, cultura, edad, orientación/identidad, salud física y contexto relacional. No aplicar tareas de pareja si existe coerción, violencia, miedo o falta de consentimiento.
Sexualidad y salud/enfermedad;Miedo sexual tras problema médico;Miedo a daño, recaída, dolor o fracaso tras diagnóstico/tratamiento.;adultos;médica_derivación;medio;SEX_SRC013;Modelo biopsicosocial sexual;Analizar factores físicos, psicológicos, relacionales, culturales y contextuales.;bajo;individual/pareja;Mapa biopsicosocial sexual;Registrar factores físicos, emocionales, relacionales, culturales y contextuales.;Comprender el problema sin reducirlo a una causa única.;bajo;30 min;individual/pareja;media;Adaptar a consentimiento, seguridad, cultura, edad, orientación/identidad, salud física y contexto relacional. No aplicar tareas de pareja si existe coerción, violencia, miedo o falta de consentimiento.
Sexualidad y salud/enfermedad;Miedo sexual tras problema médico;Miedo a daño, recaída, dolor o fracaso tras diagnóstico/tratamiento.;adultos;médica_derivación;medio;SEX_SRC013;Modelo biopsicosocial sexual;Analizar factores físicos, psicológicos, relacionales, culturales y contextuales.;bajo;individual/pareja;Registro de prácticas de autocuidado sexual;Registrar sueño, estrés, actividad física, consumo, salud y estado emocional.;Detectar factores generales.;bajo;7 días;individual;media;Adaptar a consentimiento, seguridad, cultura, edad, orientación/identidad, salud física y contexto relacional. No aplicar tareas de pareja si existe coerción, violencia, miedo o falta de consentimiento.
Sexualidad y salud/enfermedad;Miedo sexual tras problema médico;Miedo a daño, recaída, dolor o fracaso tras diagnóstico/tratamiento.;adultos;médica_derivación;medio;SEX_SRC013;Derivación médica/ginecológica/urológica;Indicar valoración médica ante dolor, cambios bruscos, síntomas físicos o sospecha orgánica.;alto;médica_derivación;Checklist de señales de derivación médica;Revisar dolor, cambios bruscos, sangrado, medicación, síntomas físicos o enfermedad.;Detectar necesidad de valoración médica.;alto;5-10 min;médica_derivación;alta;Adaptar a consentimiento, seguridad, cultura, edad, orientación/identidad, salud física y contexto relacional. No aplicar tareas de pareja si existe coerción, violencia, miedo o falta de consentimiento.
Sexualidad y salud/enfermedad;Miedo sexual tras problema médico;Miedo a daño, recaída, dolor o fracaso tras diagnóstico/tratamiento.;adultos;médica_derivación;medio;SEX_SRC013;Adaptación sexual en etapas vitales;Ajustar intimidad a embarazo, posparto, menopausia, edad, salud o discapacidad.;medio;individual/pareja;Plan de adaptación en etapa vital;Identificar cambios, necesidades, límites, apoyos médicos y acuerdos de pareja.;Adaptar sexualidad a etapa vital.;medio;30 min;individual/pareja;media;Adaptar a consentimiento, seguridad, cultura, edad, orientación/identidad, salud física y contexto relacional. No aplicar tareas de pareja si existe coerción, violencia, miedo o falta de consentimiento.
Sexualidad y salud/enfermedad;Miedo sexual tras problema médico;Miedo a daño, recaída, dolor o fracaso tras diagnóstico/tratamiento.;adultos;médica_derivación;medio;SEX_SRC013;Plan de comunicación médico-sexual;Preparar preguntas y datos para consulta médica sobre síntomas sexuales.;bajo;médica_derivación;Preparar consulta médica por dolor;Escribir síntomas, inicio, intensidad, ciclo, medicación, preguntas y objetivos.;Facilitar derivación médica.;alto;20 min;médica_derivación;media;Adaptar a consentimiento, seguridad, cultura, edad, orientación/identidad, salud física y contexto relacional. No aplicar tareas de pareja si existe coerción, violencia, miedo o falta de consentimiento.
Sexualidad y salud/enfermedad;Miedo sexual tras problema médico;Miedo a daño, recaída, dolor o fracaso tras diagnóstico/tratamiento.;adultos;médica_derivación;medio;SEX_SRC013;Plan de comunicación médico-sexual;Preparar preguntas y datos para consulta médica sobre síntomas sexuales.;bajo;médica_derivación;Preguntas para profesional sanitario;Preparar dudas sobre medicación, dolor, menopausia, erección, lubricación o salud.;Mejorar coordinación sanitaria.;bajo;15 min;médica_derivación;media;Adaptar a consentimiento, seguridad, cultura, edad, orientación/identidad, salud física y contexto relacional. No aplicar tareas de pareja si existe coerción, violencia, miedo o falta de consentimiento.
Sexualidad y salud/enfermedad;Miedo sexual tras problema médico;Miedo a daño, recaída, dolor o fracaso tras diagnóstico/tratamiento.;adultos;médica_derivación;medio;SEX_SRC013;Coordinación interdisciplinar;Coordinar con ginecología, urología, medicina, fisioterapia de suelo pélvico o psiquiatría.;alto;médica_derivación;Autorización de coordinación interdisciplinar;Registrar consentimiento para coordinar con médico/fisio/psiquiatría si procede.;Mejorar intervención integrada.;medio;según caso;médica_derivación;alta;Adaptar a consentimiento, seguridad, cultura, edad, orientación/identidad, salud física y contexto relacional. No aplicar tareas de pareja si existe coerción, violencia, miedo o falta de consentimiento.
Sexualidad y salud/enfermedad;Miedo sexual tras problema médico;Miedo a daño, recaída, dolor o fracaso tras diagnóstico/tratamiento.;adultos;médica_derivación;medio;SEX_SRC013;Revisión de medicación y salud general;Registrar cambios y derivar al prescriptor ante posible efecto sexual farmacológico.;alto;médica_derivación;Registro de medicación y cambios sexuales;Anotar cambios de deseo, excitación u orgasmo y medicación temporalmente relacionada.;Preparar consulta médica.;alto;2-4 semanas;médica_derivación;alta;Adaptar a consentimiento, seguridad, cultura, edad, orientación/identidad, salud física y contexto relacional. No aplicar tareas de pareja si existe coerción, violencia, miedo o falta de consentimiento.
Sexualidad y salud/enfermedad;Miedo sexual tras problema médico;Miedo a daño, recaída, dolor o fracaso tras diagnóstico/tratamiento.;adultos;médica_derivación;medio;SEX_SRC013;Plan de prevención de recaídas;Detectar señales tempranas, barreras, acuerdos y estrategias de mantenimiento.;bajo;individual/pareja;Plan de mantenimiento;Señales tempranas, estrategias útiles, acuerdos y fecha de revisión.;Prevenir recaídas.;bajo;mensual;individual/pareja;media;Adaptar a consentimiento, seguridad, cultura, edad, orientación/identidad, salud física y contexto relacional. No aplicar tareas de pareja si existe coerción, violencia, miedo o falta de consentimiento.
Sexualidad y salud/enfermedad;Necesidad de derivación médica por síntomas físicos;Síntomas físicos persistentes, cambios bruscos, dolor, sangrado o disfunción nueva.;adultos;médica_derivación;alto;"SEX_SRC006;SEX_SRC017;SEX_SRC013";Modelo biopsicosocial sexual;Analizar factores físicos, psicológicos, relacionales, culturales y contextuales.;bajo;individual/pareja;Mapa biopsicosocial sexual;Registrar factores físicos, emocionales, relacionales, culturales y contextuales.;Comprender el problema sin reducirlo a una causa única.;bajo;30 min;individual/pareja;media;Adaptar a consentimiento, seguridad, cultura, edad, orientación/identidad, salud física y contexto relacional. No aplicar tareas de pareja si existe coerción, violencia, miedo o falta de consentimiento.
Sexualidad y salud/enfermedad;Necesidad de derivación médica por síntomas físicos;Síntomas físicos persistentes, cambios bruscos, dolor, sangrado o disfunción nueva.;adultos;médica_derivación;alto;"SEX_SRC006;SEX_SRC017;SEX_SRC013";Modelo biopsicosocial sexual;Analizar factores físicos, psicológicos, relacionales, culturales y contextuales.;bajo;individual/pareja;Registro de prácticas de autocuidado sexual;Registrar sueño, estrés, actividad física, consumo, salud y estado emocional.;Detectar factores generales.;bajo;7 días;individual;media;Adaptar a consentimiento, seguridad, cultura, edad, orientación/identidad, salud física y contexto relacional. No aplicar tareas de pareja si existe coerción, violencia, miedo o falta de consentimiento.
Sexualidad y salud/enfermedad;Necesidad de derivación médica por síntomas físicos;Síntomas físicos persistentes, cambios bruscos, dolor, sangrado o disfunción nueva.;adultos;médica_derivación;alto;"SEX_SRC006;SEX_SRC017;SEX_SRC013";Derivación médica/ginecológica/urológica;Indicar valoración médica ante dolor, cambios bruscos, síntomas físicos o sospecha orgánica.;alto;médica_derivación;Checklist de señales de derivación médica;Revisar dolor, cambios bruscos, sangrado, medicación, síntomas físicos o enfermedad.;Detectar necesidad de valoración médica.;alto;5-10 min;médica_derivación;alta;Adaptar a consentimiento, seguridad, cultura, edad, orientación/identidad, salud física y contexto relacional. No aplicar tareas de pareja si existe coerción, violencia, miedo o falta de consentimiento.
Sexualidad y salud/enfermedad;Necesidad de derivación médica por síntomas físicos;Síntomas físicos persistentes, cambios bruscos, dolor, sangrado o disfunción nueva.;adultos;médica_derivación;alto;"SEX_SRC006;SEX_SRC017;SEX_SRC013";Adaptación sexual en etapas vitales;Ajustar intimidad a embarazo, posparto, menopausia, edad, salud o discapacidad.;medio;individual/pareja;Plan de adaptación en etapa vital;Identificar cambios, necesidades, límites, apoyos médicos y acuerdos de pareja.;Adaptar sexualidad a etapa vital.;medio;30 min;individual/pareja;media;Adaptar a consentimiento, seguridad, cultura, edad, orientación/identidad, salud física y contexto relacional. No aplicar tareas de pareja si existe coerción, violencia, miedo o falta de consentimiento.
Sexualidad y salud/enfermedad;Necesidad de derivación médica por síntomas físicos;Síntomas físicos persistentes, cambios bruscos, dolor, sangrado o disfunción nueva.;adultos;médica_derivación;alto;"SEX_SRC006;SEX_SRC017;SEX_SRC013";Plan de comunicación médico-sexual;Preparar preguntas y datos para consulta médica sobre síntomas sexuales.;bajo;médica_derivación;Preparar consulta médica por dolor;Escribir síntomas, inicio, intensidad, ciclo, medicación, preguntas y objetivos.;Facilitar derivación médica.;alto;20 min;médica_derivación;media;Adaptar a consentimiento, seguridad, cultura, edad, orientación/identidad, salud física y contexto relacional. No aplicar tareas de pareja si existe coerción, violencia, miedo o falta de consentimiento.
Sexualidad y salud/enfermedad;Necesidad de derivación médica por síntomas físicos;Síntomas físicos persistentes, cambios bruscos, dolor, sangrado o disfunción nueva.;adultos;médica_derivación;alto;"SEX_SRC006;SEX_SRC017;SEX_SRC013";Plan de comunicación médico-sexual;Preparar preguntas y datos para consulta médica sobre síntomas sexuales.;bajo;médica_derivación;Preguntas para profesional sanitario;Preparar dudas sobre medicación, dolor, menopausia, erección, lubricación o salud.;Mejorar coordinación sanitaria.;bajo;15 min;médica_derivación;media;Adaptar a consentimiento, seguridad, cultura, edad, orientación/identidad, salud física y contexto relacional. No aplicar tareas de pareja si existe coerción, violencia, miedo o falta de consentimiento.
Sexualidad y salud/enfermedad;Necesidad de derivación médica por síntomas físicos;Síntomas físicos persistentes, cambios bruscos, dolor, sangrado o disfunción nueva.;adultos;médica_derivación;alto;"SEX_SRC006;SEX_SRC017;SEX_SRC013";Coordinación interdisciplinar;Coordinar con ginecología, urología, medicina, fisioterapia de suelo pélvico o psiquiatría.;alto;médica_derivación;Autorización de coordinación interdisciplinar;Registrar consentimiento para coordinar con médico/fisio/psiquiatría si procede.;Mejorar intervención integrada.;medio;según caso;médica_derivación;alta;Adaptar a consentimiento, seguridad, cultura, edad, orientación/identidad, salud física y contexto relacional. No aplicar tareas de pareja si existe coerción, violencia, miedo o falta de consentimiento.
Sexualidad y salud/enfermedad;Necesidad de derivación médica por síntomas físicos;Síntomas físicos persistentes, cambios bruscos, dolor, sangrado o disfunción nueva.;adultos;médica_derivación;alto;"SEX_SRC006;SEX_SRC017;SEX_SRC013";Revisión de medicación y salud general;Registrar cambios y derivar al prescriptor ante posible efecto sexual farmacológico.;alto;médica_derivación;Registro de medicación y cambios sexuales;Anotar cambios de deseo, excitación u orgasmo y medicación temporalmente relacionada.;Preparar consulta médica.;alto;2-4 semanas;médica_derivación;alta;Adaptar a consentimiento, seguridad, cultura, edad, orientación/identidad, salud física y contexto relacional. No aplicar tareas de pareja si existe coerción, violencia, miedo o falta de consentimiento.
Sexualidad y salud/enfermedad;Necesidad de derivación médica por síntomas físicos;Síntomas físicos persistentes, cambios bruscos, dolor, sangrado o disfunción nueva.;adultos;médica_derivación;alto;"SEX_SRC006;SEX_SRC017;SEX_SRC013";Plan de prevención de recaídas;Detectar señales tempranas, barreras, acuerdos y estrategias de mantenimiento.;bajo;individual/pareja;Plan de mantenimiento;Señales tempranas, estrategias útiles, acuerdos y fecha de revisión.;Prevenir recaídas.;bajo;mensual;individual/pareja;media;Adaptar a consentimiento, seguridad, cultura, edad, orientación/identidad, salud física y contexto relacional. No aplicar tareas de pareja si existe coerción, violencia, miedo o falta de consentimiento.
Fertilidad, reproducción y proyecto vital;Impacto sexual de infertilidad o reproducción asistida;Presión, calendario, pérdida de espontaneidad o duelo vinculado a fertilidad.;adultos;pareja/individual;medio;"SEX_SRC001;SEX_SRC004";Entrenamiento en comunicación sexual;Practicar expresar preferencias, límites, dudas y acuerdos de manera clara.;bajo;pareja;Guion de comunicación sexual;Practicar: me gusta, me incomoda, necesito, prefiero, no quiero.;Mejorar expresión clara y respetuosa.;bajo;semanal;pareja;media;Adaptar a consentimiento, seguridad, cultura, edad, orientación/identidad, salud física y contexto relacional. No aplicar tareas de pareja si existe coerción, violencia, miedo o falta de consentimiento.
Fertilidad, reproducción y proyecto vital;Impacto sexual de infertilidad o reproducción asistida;Presión, calendario, pérdida de espontaneidad o duelo vinculado a fertilidad.;adultos;pareja/individual;medio;"SEX_SRC001;SEX_SRC004";Trabajo de pareja centrado en intimidad;Reforzar conexión, afecto, cuidado, negociación y espacios compartidos.;bajo;pareja;Ritual breve de conexión de pareja;10-15 minutos de conversación afectiva sin pantallas ni resolución de problemas.;Aumentar intimidad emocional.;bajo;3 veces/semana;pareja;media;Adaptar a consentimiento, seguridad, cultura, edad, orientación/identidad, salud física y contexto relacional. No aplicar tareas de pareja si existe coerción, violencia, miedo o falta de consentimiento.
Fertilidad, reproducción y proyecto vital;Impacto sexual de infertilidad o reproducción asistida;Presión, calendario, pérdida de espontaneidad o duelo vinculado a fertilidad.;adultos;pareja/individual;medio;"SEX_SRC001;SEX_SRC004";Trabajo con culpa y valores;Explorar conflicto entre deseo, valores, cultura, religión y bienestar sin imponer.;medio;individual;Registro de culpa sexual;Anotar culpa, norma interna, origen, utilidad, coste y alternativa compatible con valores.;Trabajar culpa sin imponer valores.;medio;7 días;individual;media;Adaptar a consentimiento, seguridad, cultura, edad, orientación/identidad, salud física y contexto relacional. No aplicar tareas de pareja si existe coerción, violencia, miedo o falta de consentimiento.
Fertilidad, reproducción y proyecto vital;Impacto sexual de infertilidad o reproducción asistida;Presión, calendario, pérdida de espontaneidad o duelo vinculado a fertilidad.;adultos;pareja/individual;medio;"SEX_SRC001;SEX_SRC004";Trabajo con infertilidad y sexualidad programada;Reducir presión reproductiva y recuperar intimidad no instrumental.;medio;pareja/individual;Cita no reproductiva;Planificar intimidad o conexión sin objetivo de embarazo/tratamiento.;Reducir presión reproductiva.;bajo;semanal;pareja;media;Adaptar a consentimiento, seguridad, cultura, edad, orientación/identidad, salud física y contexto relacional. No aplicar tareas de pareja si existe coerción, violencia, miedo o falta de consentimiento.
Fertilidad, reproducción y proyecto vital;Impacto sexual de infertilidad o reproducción asistida;Presión, calendario, pérdida de espontaneidad o duelo vinculado a fertilidad.;adultos;pareja/individual;medio;"SEX_SRC001;SEX_SRC004";Trabajo de valores e intimidad;Clarificar qué significa una vida sexual/afectiva valiosa para la persona/pareja.;bajo;individual/pareja;Valores y sexualidad;Escribir qué sexualidad se quiere construir: respeto, placer, seguridad, conexión, cuidado.;Alinear conducta con valores.;bajo;20 min;individual/pareja;media;Adaptar a consentimiento, seguridad, cultura, edad, orientación/identidad, salud física y contexto relacional. No aplicar tareas de pareja si existe coerción, violencia, miedo o falta de consentimiento.
Fertilidad, reproducción y proyecto vital;Impacto sexual de infertilidad o reproducción asistida;Presión, calendario, pérdida de espontaneidad o duelo vinculado a fertilidad.;adultos;pareja/individual;medio;"SEX_SRC001;SEX_SRC004";Plan de prevención de recaídas;Detectar señales tempranas, barreras, acuerdos y estrategias de mantenimiento.;bajo;individual/pareja;Plan de mantenimiento;Señales tempranas, estrategias útiles, acuerdos y fecha de revisión.;Prevenir recaídas.;bajo;mensual;individual/pareja;media;Adaptar a consentimiento, seguridad, cultura, edad, orientación/identidad, salud física y contexto relacional. No aplicar tareas de pareja si existe coerción, violencia, miedo o falta de consentimiento.
Fertilidad, reproducción y proyecto vital;Miedo al embarazo o a ITS;Ansiedad por consecuencias sexuales que reduce disfrute o aumenta evitación.;adultos/adolescentes;educativa/médica_derivación;medio;"SEX_SRC015;SEX_SRC014";Entrenamiento en comunicación sexual;Practicar expresar preferencias, límites, dudas y acuerdos de manera clara.;bajo;pareja;Guion de comunicación sexual;Practicar: me gusta, me incomoda, necesito, prefiero, no quiero.;Mejorar expresión clara y respetuosa.;bajo;semanal;pareja;media;Adaptar a consentimiento, seguridad, cultura, edad, orientación/identidad, salud física y contexto relacional. No aplicar tareas de pareja si existe coerción, violencia, miedo o falta de consentimiento.
Fertilidad, reproducción y proyecto vital;Miedo al embarazo o a ITS;Ansiedad por consecuencias sexuales que reduce disfrute o aumenta evitación.;adultos/adolescentes;educativa/médica_derivación;medio;"SEX_SRC015;SEX_SRC014";Trabajo de pareja centrado en intimidad;Reforzar conexión, afecto, cuidado, negociación y espacios compartidos.;bajo;pareja;Ritual breve de conexión de pareja;10-15 minutos de conversación afectiva sin pantallas ni resolución de problemas.;Aumentar intimidad emocional.;bajo;3 veces/semana;pareja;media;Adaptar a consentimiento, seguridad, cultura, edad, orientación/identidad, salud física y contexto relacional. No aplicar tareas de pareja si existe coerción, violencia, miedo o falta de consentimiento.
Fertilidad, reproducción y proyecto vital;Miedo al embarazo o a ITS;Ansiedad por consecuencias sexuales que reduce disfrute o aumenta evitación.;adultos/adolescentes;educativa/médica_derivación;medio;"SEX_SRC015;SEX_SRC014";Trabajo con culpa y valores;Explorar conflicto entre deseo, valores, cultura, religión y bienestar sin imponer.;medio;individual;Registro de culpa sexual;Anotar culpa, norma interna, origen, utilidad, coste y alternativa compatible con valores.;Trabajar culpa sin imponer valores.;medio;7 días;individual;media;Adaptar a consentimiento, seguridad, cultura, edad, orientación/identidad, salud física y contexto relacional. No aplicar tareas de pareja si existe coerción, violencia, miedo o falta de consentimiento.
Fertilidad, reproducción y proyecto vital;Miedo al embarazo o a ITS;Ansiedad por consecuencias sexuales que reduce disfrute o aumenta evitación.;adultos/adolescentes;educativa/médica_derivación;medio;"SEX_SRC015;SEX_SRC014";Trabajo con infertilidad y sexualidad programada;Reducir presión reproductiva y recuperar intimidad no instrumental.;medio;pareja/individual;Cita no reproductiva;Planificar intimidad o conexión sin objetivo de embarazo/tratamiento.;Reducir presión reproductiva.;bajo;semanal;pareja;media;Adaptar a consentimiento, seguridad, cultura, edad, orientación/identidad, salud física y contexto relacional. No aplicar tareas de pareja si existe coerción, violencia, miedo o falta de consentimiento.
Fertilidad, reproducción y proyecto vital;Miedo al embarazo o a ITS;Ansiedad por consecuencias sexuales que reduce disfrute o aumenta evitación.;adultos/adolescentes;educativa/médica_derivación;medio;"SEX_SRC015;SEX_SRC014";Trabajo de valores e intimidad;Clarificar qué significa una vida sexual/afectiva valiosa para la persona/pareja.;bajo;individual/pareja;Valores y sexualidad;Escribir qué sexualidad se quiere construir: respeto, placer, seguridad, conexión, cuidado.;Alinear conducta con valores.;bajo;20 min;individual/pareja;media;Adaptar a consentimiento, seguridad, cultura, edad, orientación/identidad, salud física y contexto relacional. No aplicar tareas de pareja si existe coerción, violencia, miedo o falta de consentimiento.
Fertilidad, reproducción y proyecto vital;Miedo al embarazo o a ITS;Ansiedad por consecuencias sexuales que reduce disfrute o aumenta evitación.;adultos/adolescentes;educativa/médica_derivación;medio;"SEX_SRC015;SEX_SRC014";Plan de prevención de recaídas;Detectar señales tempranas, barreras, acuerdos y estrategias de mantenimiento.;bajo;individual/pareja;Plan de mantenimiento;Señales tempranas, estrategias útiles, acuerdos y fecha de revisión.;Prevenir recaídas.;bajo;mensual;individual/pareja;media;Adaptar a consentimiento, seguridad, cultura, edad, orientación/identidad, salud física y contexto relacional. No aplicar tareas de pareja si existe coerción, violencia, miedo o falta de consentimiento.
Fertilidad, reproducción y proyecto vital;Duelo reproductivo;Pérdida, renuncia o dificultad reproductiva con impacto emocional y sexual.;adultos;individual/pareja;medio;"SEX_SRC004;SEX_SRC005";Entrenamiento en comunicación sexual;Practicar expresar preferencias, límites, dudas y acuerdos de manera clara.;bajo;pareja;Guion de comunicación sexual;Practicar: me gusta, me incomoda, necesito, prefiero, no quiero.;Mejorar expresión clara y respetuosa.;bajo;semanal;pareja;media;Adaptar a consentimiento, seguridad, cultura, edad, orientación/identidad, salud física y contexto relacional. No aplicar tareas de pareja si existe coerción, violencia, miedo o falta de consentimiento.
Fertilidad, reproducción y proyecto vital;Duelo reproductivo;Pérdida, renuncia o dificultad reproductiva con impacto emocional y sexual.;adultos;individual/pareja;medio;"SEX_SRC004;SEX_SRC005";Trabajo de pareja centrado en intimidad;Reforzar conexión, afecto, cuidado, negociación y espacios compartidos.;bajo;pareja;Ritual breve de conexión de pareja;10-15 minutos de conversación afectiva sin pantallas ni resolución de problemas.;Aumentar intimidad emocional.;bajo;3 veces/semana;pareja;media;Adaptar a consentimiento, seguridad, cultura, edad, orientación/identidad, salud física y contexto relacional. No aplicar tareas de pareja si existe coerción, violencia, miedo o falta de consentimiento.
Fertilidad, reproducción y proyecto vital;Duelo reproductivo;Pérdida, renuncia o dificultad reproductiva con impacto emocional y sexual.;adultos;individual/pareja;medio;"SEX_SRC004;SEX_SRC005";Trabajo con culpa y valores;Explorar conflicto entre deseo, valores, cultura, religión y bienestar sin imponer.;medio;individual;Registro de culpa sexual;Anotar culpa, norma interna, origen, utilidad, coste y alternativa compatible con valores.;Trabajar culpa sin imponer valores.;medio;7 días;individual;media;Adaptar a consentimiento, seguridad, cultura, edad, orientación/identidad, salud física y contexto relacional. No aplicar tareas de pareja si existe coerción, violencia, miedo o falta de consentimiento.
Fertilidad, reproducción y proyecto vital;Duelo reproductivo;Pérdida, renuncia o dificultad reproductiva con impacto emocional y sexual.;adultos;individual/pareja;medio;"SEX_SRC004;SEX_SRC005";Trabajo con infertilidad y sexualidad programada;Reducir presión reproductiva y recuperar intimidad no instrumental.;medio;pareja/individual;Cita no reproductiva;Planificar intimidad o conexión sin objetivo de embarazo/tratamiento.;Reducir presión reproductiva.;bajo;semanal;pareja;media;Adaptar a consentimiento, seguridad, cultura, edad, orientación/identidad, salud física y contexto relacional. No aplicar tareas de pareja si existe coerción, violencia, miedo o falta de consentimiento.
Fertilidad, reproducción y proyecto vital;Duelo reproductivo;Pérdida, renuncia o dificultad reproductiva con impacto emocional y sexual.;adultos;individual/pareja;medio;"SEX_SRC004;SEX_SRC005";Trabajo de valores e intimidad;Clarificar qué significa una vida sexual/afectiva valiosa para la persona/pareja.;bajo;individual/pareja;Valores y sexualidad;Escribir qué sexualidad se quiere construir: respeto, placer, seguridad, conexión, cuidado.;Alinear conducta con valores.;bajo;20 min;individual/pareja;media;Adaptar a consentimiento, seguridad, cultura, edad, orientación/identidad, salud física y contexto relacional. No aplicar tareas de pareja si existe coerción, violencia, miedo o falta de consentimiento.
Fertilidad, reproducción y proyecto vital;Duelo reproductivo;Pérdida, renuncia o dificultad reproductiva con impacto emocional y sexual.;adultos;individual/pareja;medio;"SEX_SRC004;SEX_SRC005";Plan de prevención de recaídas;Detectar señales tempranas, barreras, acuerdos y estrategias de mantenimiento.;bajo;individual/pareja;Plan de mantenimiento;Señales tempranas, estrategias útiles, acuerdos y fecha de revisión.;Prevenir recaídas.;bajo;mensual;individual/pareja;media;Adaptar a consentimiento, seguridad, cultura, edad, orientación/identidad, salud física y contexto relacional. No aplicar tareas de pareja si existe coerción, violencia, miedo o falta de consentimiento.
Fertilidad, reproducción y proyecto vital;Comunicación de proyecto vital y reproducción;Dificultad para hablar de hijos, fertilidad, tiempos o decisiones reproductivas.;adultos;pareja;bajo;"SEX_SRC001;SEX_SRC003";Entrenamiento en comunicación sexual;Practicar expresar preferencias, límites, dudas y acuerdos de manera clara.;bajo;pareja;Guion de comunicación sexual;Practicar: me gusta, me incomoda, necesito, prefiero, no quiero.;Mejorar expresión clara y respetuosa.;bajo;semanal;pareja;media;Adaptar a consentimiento, seguridad, cultura, edad, orientación/identidad, salud física y contexto relacional. No aplicar tareas de pareja si existe coerción, violencia, miedo o falta de consentimiento.
Fertilidad, reproducción y proyecto vital;Comunicación de proyecto vital y reproducción;Dificultad para hablar de hijos, fertilidad, tiempos o decisiones reproductivas.;adultos;pareja;bajo;"SEX_SRC001;SEX_SRC003";Trabajo de pareja centrado en intimidad;Reforzar conexión, afecto, cuidado, negociación y espacios compartidos.;bajo;pareja;Ritual breve de conexión de pareja;10-15 minutos de conversación afectiva sin pantallas ni resolución de problemas.;Aumentar intimidad emocional.;bajo;3 veces/semana;pareja;media;Adaptar a consentimiento, seguridad, cultura, edad, orientación/identidad, salud física y contexto relacional. No aplicar tareas de pareja si existe coerción, violencia, miedo o falta de consentimiento.
Fertilidad, reproducción y proyecto vital;Comunicación de proyecto vital y reproducción;Dificultad para hablar de hijos, fertilidad, tiempos o decisiones reproductivas.;adultos;pareja;bajo;"SEX_SRC001;SEX_SRC003";Trabajo con culpa y valores;Explorar conflicto entre deseo, valores, cultura, religión y bienestar sin imponer.;medio;individual;Registro de culpa sexual;Anotar culpa, norma interna, origen, utilidad, coste y alternativa compatible con valores.;Trabajar culpa sin imponer valores.;medio;7 días;individual;media;Adaptar a consentimiento, seguridad, cultura, edad, orientación/identidad, salud física y contexto relacional. No aplicar tareas de pareja si existe coerción, violencia, miedo o falta de consentimiento.
Fertilidad, reproducción y proyecto vital;Comunicación de proyecto vital y reproducción;Dificultad para hablar de hijos, fertilidad, tiempos o decisiones reproductivas.;adultos;pareja;bajo;"SEX_SRC001;SEX_SRC003";Trabajo con infertilidad y sexualidad programada;Reducir presión reproductiva y recuperar intimidad no instrumental.;medio;pareja/individual;Cita no reproductiva;Planificar intimidad o conexión sin objetivo de embarazo/tratamiento.;Reducir presión reproductiva.;bajo;semanal;pareja;media;Adaptar a consentimiento, seguridad, cultura, edad, orientación/identidad, salud física y contexto relacional. No aplicar tareas de pareja si existe coerción, violencia, miedo o falta de consentimiento.
Fertilidad, reproducción y proyecto vital;Comunicación de proyecto vital y reproducción;Dificultad para hablar de hijos, fertilidad, tiempos o decisiones reproductivas.;adultos;pareja;bajo;"SEX_SRC001;SEX_SRC003";Trabajo de valores e intimidad;Clarificar qué significa una vida sexual/afectiva valiosa para la persona/pareja.;bajo;individual/pareja;Valores y sexualidad;Escribir qué sexualidad se quiere construir: respeto, placer, seguridad, conexión, cuidado.;Alinear conducta con valores.;bajo;20 min;individual/pareja;media;Adaptar a consentimiento, seguridad, cultura, edad, orientación/identidad, salud física y contexto relacional. No aplicar tareas de pareja si existe coerción, violencia, miedo o falta de consentimiento.
Fertilidad, reproducción y proyecto vital;Comunicación de proyecto vital y reproducción;Dificultad para hablar de hijos, fertilidad, tiempos o decisiones reproductivas.;adultos;pareja;bajo;"SEX_SRC001;SEX_SRC003";Plan de prevención de recaídas;Detectar señales tempranas, barreras, acuerdos y estrategias de mantenimiento.;bajo;individual/pareja;Plan de mantenimiento;Señales tempranas, estrategias útiles, acuerdos y fecha de revisión.;Prevenir recaídas.;bajo;mensual;individual/pareja;media;Adaptar a consentimiento, seguridad, cultura, edad, orientación/identidad, salud física y contexto relacional. No aplicar tareas de pareja si existe coerción, violencia, miedo o falta de consentimiento.
