AREA;PROBLEMA_OBJETIVO;DESCRIPCION_PROBLEMA;POBLACION;RIESGO_PROBLEMA;FUENTE_IDS;TECNICA_METODO;DESCRIPCION_TECNICA;RIESGO_TECNICA;TAREA_PAUTA;DESCRIPCION_TAREA;OBJETIVO_TAREA;RIESGO_TAREA;DURACION;PRIORIDAD;NOTA_PROFESIONAL
TDAH y autorregulación;TDAH - inatención en tareas escolares;Dificultad para mantener la atención, seguir instrucciones y completar tareas.;Infantil/Adolescente;medio;"PSP2_SRC001;PSP2_SRC004";Psicoeducación al alumno y familia;Explicar perfil, fortalezas, necesidades y objetivos de intervención.;bajo;Mapa de fortalezas y necesidades;Identificar fortalezas, dificultades y apoyos necesarios.;Comprender perfil 2e.;bajo;sesión;media;El profesional debe adaptar la pauta a edad, contexto escolar, evaluación individual, familia, centro educativo y normativa aplicable. No sustituye diagnóstico ni dictamen oficial.
TDAH y autorregulación;TDAH - inatención en tareas escolares;Dificultad para mantener la atención, seguir instrucciones y completar tareas.;Infantil/Adolescente;medio;"PSP2_SRC001;PSP2_SRC004";Agenda visual / planificación externa;Uso de agenda, calendario, pictos, checklist o panel semanal.;bajo;Panel semanal de tareas;Organizar exámenes, deberes, entregas y actividades en un panel semanal.;Externalizar planificación.;bajo;15 min semanal;media;El profesional debe adaptar la pauta a edad, contexto escolar, evaluación individual, familia, centro educativo y normativa aplicable. No sustituye diagnóstico ni dictamen oficial.
TDAH y autorregulación;TDAH - inatención en tareas escolares;Dificultad para mantener la atención, seguir instrucciones y completar tareas.;Infantil/Adolescente;medio;"PSP2_SRC001;PSP2_SRC004";Checklist de pasos;Convertir una tarea compleja en pasos visibles y verificables.;bajo;Checklist de mochila y materiales;Lista visible para preparar mochila, deberes y materiales del día siguiente.;Reducir olvidos y dependencia adulta.;bajo;5-10 min diarios;alta;El profesional debe adaptar la pauta a edad, contexto escolar, evaluación individual, familia, centro educativo y normativa aplicable. No sustituye diagnóstico ni dictamen oficial.
TDAH y autorregulación;TDAH - inatención en tareas escolares;Dificultad para mantener la atención, seguir instrucciones y completar tareas.;Infantil/Adolescente;medio;"PSP2_SRC001;PSP2_SRC004";Temporizador visual / Pomodoro adaptado;Bloques de trabajo breves con pausa anticipada.;bajo;Pomodoro adaptado 10-5;Trabajar 10 minutos y descansar 5, ajustando según edad y tolerancia.;Sostener atención con descansos previstos.;bajo;diario;alta;El profesional debe adaptar la pauta a edad, contexto escolar, evaluación individual, familia, centro educativo y normativa aplicable. No sustituye diagnóstico ni dictamen oficial.
TDAH y autorregulación;TDAH - inatención en tareas escolares;Dificultad para mantener la atención, seguir instrucciones y completar tareas.;Infantil/Adolescente;medio;"PSP2_SRC001;PSP2_SRC004";Fragmentación de tareas;Dividir tareas largas en microtareas con inicio claro.;bajo;Primer paso visible;Escribir el primer paso mínimo de una tarea antes de empezar.;Reducir bloqueo de inicio.;bajo;cada tarea;media;El profesional debe adaptar la pauta a edad, contexto escolar, evaluación individual, familia, centro educativo y normativa aplicable. No sustituye diagnóstico ni dictamen oficial.
TDAH y autorregulación;TDAH - inatención en tareas escolares;Dificultad para mantener la atención, seguir instrucciones y completar tareas.;Infantil/Adolescente;medio;"PSP2_SRC001;PSP2_SRC004";Refuerzo positivo específico;Reforzar conducta concreta, esfuerzo y estrategia usada.;bajo;Juego de espera de turno;Practicar esperar turno en juego breve con refuerzo inmediato.;Reducir impulsividad.;bajo;2-3 veces/semana;media;El profesional debe adaptar la pauta a edad, contexto escolar, evaluación individual, familia, centro educativo y normativa aplicable. No sustituye diagnóstico ni dictamen oficial.
TDAH y autorregulación;TDAH - inatención en tareas escolares;Dificultad para mantener la atención, seguir instrucciones y completar tareas.;Infantil/Adolescente;medio;"PSP2_SRC001;PSP2_SRC004";Refuerzo positivo específico;Reforzar conducta concreta, esfuerzo y estrategia usada.;bajo;Registro de autoeficacia;Anotar esfuerzo, estrategia usada y avance pequeño.;Mejorar autoconcepto académico.;bajo;semanal;media;El profesional debe adaptar la pauta a edad, contexto escolar, evaluación individual, familia, centro educativo y normativa aplicable. No sustituye diagnóstico ni dictamen oficial.
TDAH y autorregulación;TDAH - inatención en tareas escolares;Dificultad para mantener la atención, seguir instrucciones y completar tareas.;Infantil/Adolescente;medio;"PSP2_SRC001;PSP2_SRC004";Refuerzo positivo específico;Reforzar conducta concreta, esfuerzo y estrategia usada.;bajo;Menú de recompensas educativas;Crear lista de reforzadores no excesivos y acordados.;Mejorar motivación.;bajo;semanal;media;El profesional debe adaptar la pauta a edad, contexto escolar, evaluación individual, familia, centro educativo y normativa aplicable. No sustituye diagnóstico ni dictamen oficial.
TDAH y autorregulación;TDAH - inatención en tareas escolares;Dificultad para mantener la atención, seguir instrucciones y completar tareas.;Infantil/Adolescente;medio;"PSP2_SRC001;PSP2_SRC004";Autoinstrucciones;Enseñar diálogo interno: paro, miro, pienso, hago, reviso.;bajo;Tarjeta de autoinstrucciones;Crear tarjeta: paro, leo, subrayo, hago, reviso.;Mejorar control ejecutivo.;bajo;diario;media;El profesional debe adaptar la pauta a edad, contexto escolar, evaluación individual, familia, centro educativo y normativa aplicable. No sustituye diagnóstico ni dictamen oficial.
TDAH y autorregulación;TDAH - inatención en tareas escolares;Dificultad para mantener la atención, seguir instrucciones y completar tareas.;Infantil/Adolescente;medio;"PSP2_SRC001;PSP2_SRC004";Entrenamiento de memoria de trabajo;Reducir carga, externalizar información y practicar estrategias.;bajo;Instrucciones de 1-2-3 pasos;Practicar seguir instrucciones graduadas y comprobar cumplimiento.;Mejorar memoria de trabajo.;bajo;diario;media;El profesional debe adaptar la pauta a edad, contexto escolar, evaluación individual, familia, centro educativo y normativa aplicable. No sustituye diagnóstico ni dictamen oficial.
TDAH y autorregulación;TDAH - inatención en tareas escolares;Dificultad para mantener la atención, seguir instrucciones y completar tareas.;Infantil/Adolescente;medio;"PSP2_SRC001;PSP2_SRC004";Entrenamiento de memoria de trabajo;Reducir carga, externalizar información y practicar estrategias.;bajo;Memoria de trabajo externa;Usar papel auxiliar para datos, pasos o consignas.;Reducir carga cognitiva.;bajo;cada tarea;alta;El profesional debe adaptar la pauta a edad, contexto escolar, evaluación individual, familia, centro educativo y normativa aplicable. No sustituye diagnóstico ni dictamen oficial.
TDAH y autorregulación;TDAH - inatención en tareas escolares;Dificultad para mantener la atención, seguir instrucciones y completar tareas.;Infantil/Adolescente;medio;"PSP2_SRC001;PSP2_SRC004";Planificación por objetivos SMART;Objetivos específicos, medibles, alcanzables, relevantes y temporales.;bajo;Objetivo SMART semanal;Definir objetivo concreto, medible y revisable para la semana.;Mejorar planificación.;bajo;semanal;media;El profesional debe adaptar la pauta a edad, contexto escolar, evaluación individual, familia, centro educativo y normativa aplicable. No sustituye diagnóstico ni dictamen oficial.
TDAH y autorregulación;TDAH - inatención en tareas escolares;Dificultad para mantener la atención, seguir instrucciones y completar tareas.;Infantil/Adolescente;medio;"PSP2_SRC001;PSP2_SRC004";Planificación por objetivos SMART;Objetivos específicos, medibles, alcanzables, relevantes y temporales.;bajo;Reto graduado;Elegir tarea ligeramente difícil pero alcanzable.;Trabajar frustración y esfuerzo.;bajo;semanal;media;El profesional debe adaptar la pauta a edad, contexto escolar, evaluación individual, familia, centro educativo y normativa aplicable. No sustituye diagnóstico ni dictamen oficial.
TDAH y autorregulación;TDAH - inatención en tareas escolares;Dificultad para mantener la atención, seguir instrucciones y completar tareas.;Infantil/Adolescente;medio;"PSP2_SRC001;PSP2_SRC004";Planificación por objetivos SMART;Objetivos específicos, medibles, alcanzables, relevantes y temporales.;bajo;Planificar con cuatro casillas;Objetivo, materiales, pasos y revisión.;Mejorar planificación.;bajo;cada tarea larga;media;El profesional debe adaptar la pauta a edad, contexto escolar, evaluación individual, familia, centro educativo y normativa aplicable. No sustituye diagnóstico ni dictamen oficial.
TDAH y autorregulación;TDAH - inatención en tareas escolares;Dificultad para mantener la atención, seguir instrucciones y completar tareas.;Infantil/Adolescente;medio;"PSP2_SRC001;PSP2_SRC004";Monitorización y autoevaluación;Revisar proceso, resultado, errores y próximos pasos.;bajo;Registro de distractores;Anotar cuándo se distrae, por qué y qué ayuda a volver.;Detectar patrones de atención.;bajo;7 días;media;El profesional debe adaptar la pauta a edad, contexto escolar, evaluación individual, familia, centro educativo y normativa aplicable. No sustituye diagnóstico ni dictamen oficial.
TDAH y autorregulación;TDAH - inatención en tareas escolares;Dificultad para mantener la atención, seguir instrucciones y completar tareas.;Infantil/Adolescente;medio;"PSP2_SRC001;PSP2_SRC004";Monitorización y autoevaluación;Revisar proceso, resultado, errores y próximos pasos.;bajo;Revisión COPS;Revisar mayúsculas, orden, puntuación y ortografía.;Mejorar revisión escrita.;bajo;cada texto;media;El profesional debe adaptar la pauta a edad, contexto escolar, evaluación individual, familia, centro educativo y normativa aplicable. No sustituye diagnóstico ni dictamen oficial.
TDAH y autorregulación;TDAH - hiperactividad motora;Necesidad elevada de movimiento que interfiere con aula, estudio o convivencia.;Infantil/Adolescente;medio;"PSP2_SRC001;PSP2_SRC004";Psicoeducación al alumno y familia;Explicar perfil, fortalezas, necesidades y objetivos de intervención.;bajo;Mapa de fortalezas y necesidades;Identificar fortalezas, dificultades y apoyos necesarios.;Comprender perfil 2e.;bajo;sesión;media;El profesional debe adaptar la pauta a edad, contexto escolar, evaluación individual, familia, centro educativo y normativa aplicable. No sustituye diagnóstico ni dictamen oficial.
TDAH y autorregulación;TDAH - hiperactividad motora;Necesidad elevada de movimiento que interfiere con aula, estudio o convivencia.;Infantil/Adolescente;medio;"PSP2_SRC001;PSP2_SRC004";Agenda visual / planificación externa;Uso de agenda, calendario, pictos, checklist o panel semanal.;bajo;Panel semanal de tareas;Organizar exámenes, deberes, entregas y actividades en un panel semanal.;Externalizar planificación.;bajo;15 min semanal;media;El profesional debe adaptar la pauta a edad, contexto escolar, evaluación individual, familia, centro educativo y normativa aplicable. No sustituye diagnóstico ni dictamen oficial.
TDAH y autorregulación;TDAH - hiperactividad motora;Necesidad elevada de movimiento que interfiere con aula, estudio o convivencia.;Infantil/Adolescente;medio;"PSP2_SRC001;PSP2_SRC004";Checklist de pasos;Convertir una tarea compleja en pasos visibles y verificables.;bajo;Checklist de mochila y materiales;Lista visible para preparar mochila, deberes y materiales del día siguiente.;Reducir olvidos y dependencia adulta.;bajo;5-10 min diarios;alta;El profesional debe adaptar la pauta a edad, contexto escolar, evaluación individual, familia, centro educativo y normativa aplicable. No sustituye diagnóstico ni dictamen oficial.
TDAH y autorregulación;TDAH - hiperactividad motora;Necesidad elevada de movimiento que interfiere con aula, estudio o convivencia.;Infantil/Adolescente;medio;"PSP2_SRC001;PSP2_SRC004";Temporizador visual / Pomodoro adaptado;Bloques de trabajo breves con pausa anticipada.;bajo;Pomodoro adaptado 10-5;Trabajar 10 minutos y descansar 5, ajustando según edad y tolerancia.;Sostener atención con descansos previstos.;bajo;diario;alta;El profesional debe adaptar la pauta a edad, contexto escolar, evaluación individual, familia, centro educativo y normativa aplicable. No sustituye diagnóstico ni dictamen oficial.
TDAH y autorregulación;TDAH - hiperactividad motora;Necesidad elevada de movimiento que interfiere con aula, estudio o convivencia.;Infantil/Adolescente;medio;"PSP2_SRC001;PSP2_SRC004";Fragmentación de tareas;Dividir tareas largas en microtareas con inicio claro.;bajo;Primer paso visible;Escribir el primer paso mínimo de una tarea antes de empezar.;Reducir bloqueo de inicio.;bajo;cada tarea;media;El profesional debe adaptar la pauta a edad, contexto escolar, evaluación individual, familia, centro educativo y normativa aplicable. No sustituye diagnóstico ni dictamen oficial.
TDAH y autorregulación;TDAH - hiperactividad motora;Necesidad elevada de movimiento que interfiere con aula, estudio o convivencia.;Infantil/Adolescente;medio;"PSP2_SRC001;PSP2_SRC004";Refuerzo positivo específico;Reforzar conducta concreta, esfuerzo y estrategia usada.;bajo;Juego de espera de turno;Practicar esperar turno en juego breve con refuerzo inmediato.;Reducir impulsividad.;bajo;2-3 veces/semana;media;El profesional debe adaptar la pauta a edad, contexto escolar, evaluación individual, familia, centro educativo y normativa aplicable. No sustituye diagnóstico ni dictamen oficial.
TDAH y autorregulación;TDAH - hiperactividad motora;Necesidad elevada de movimiento que interfiere con aula, estudio o convivencia.;Infantil/Adolescente;medio;"PSP2_SRC001;PSP2_SRC004";Refuerzo positivo específico;Reforzar conducta concreta, esfuerzo y estrategia usada.;bajo;Registro de autoeficacia;Anotar esfuerzo, estrategia usada y avance pequeño.;Mejorar autoconcepto académico.;bajo;semanal;media;El profesional debe adaptar la pauta a edad, contexto escolar, evaluación individual, familia, centro educativo y normativa aplicable. No sustituye diagnóstico ni dictamen oficial.
TDAH y autorregulación;TDAH - hiperactividad motora;Necesidad elevada de movimiento que interfiere con aula, estudio o convivencia.;Infantil/Adolescente;medio;"PSP2_SRC001;PSP2_SRC004";Refuerzo positivo específico;Reforzar conducta concreta, esfuerzo y estrategia usada.;bajo;Menú de recompensas educativas;Crear lista de reforzadores no excesivos y acordados.;Mejorar motivación.;bajo;semanal;media;El profesional debe adaptar la pauta a edad, contexto escolar, evaluación individual, familia, centro educativo y normativa aplicable. No sustituye diagnóstico ni dictamen oficial.
TDAH y autorregulación;TDAH - hiperactividad motora;Necesidad elevada de movimiento que interfiere con aula, estudio o convivencia.;Infantil/Adolescente;medio;"PSP2_SRC001;PSP2_SRC004";Autoinstrucciones;Enseñar diálogo interno: paro, miro, pienso, hago, reviso.;bajo;Tarjeta de autoinstrucciones;Crear tarjeta: paro, leo, subrayo, hago, reviso.;Mejorar control ejecutivo.;bajo;diario;media;El profesional debe adaptar la pauta a edad, contexto escolar, evaluación individual, familia, centro educativo y normativa aplicable. No sustituye diagnóstico ni dictamen oficial.
TDAH y autorregulación;TDAH - hiperactividad motora;Necesidad elevada de movimiento que interfiere con aula, estudio o convivencia.;Infantil/Adolescente;medio;"PSP2_SRC001;PSP2_SRC004";Entrenamiento de memoria de trabajo;Reducir carga, externalizar información y practicar estrategias.;bajo;Instrucciones de 1-2-3 pasos;Practicar seguir instrucciones graduadas y comprobar cumplimiento.;Mejorar memoria de trabajo.;bajo;diario;media;El profesional debe adaptar la pauta a edad, contexto escolar, evaluación individual, familia, centro educativo y normativa aplicable. No sustituye diagnóstico ni dictamen oficial.
TDAH y autorregulación;TDAH - hiperactividad motora;Necesidad elevada de movimiento que interfiere con aula, estudio o convivencia.;Infantil/Adolescente;medio;"PSP2_SRC001;PSP2_SRC004";Entrenamiento de memoria de trabajo;Reducir carga, externalizar información y practicar estrategias.;bajo;Memoria de trabajo externa;Usar papel auxiliar para datos, pasos o consignas.;Reducir carga cognitiva.;bajo;cada tarea;alta;El profesional debe adaptar la pauta a edad, contexto escolar, evaluación individual, familia, centro educativo y normativa aplicable. No sustituye diagnóstico ni dictamen oficial.
TDAH y autorregulación;TDAH - hiperactividad motora;Necesidad elevada de movimiento que interfiere con aula, estudio o convivencia.;Infantil/Adolescente;medio;"PSP2_SRC001;PSP2_SRC004";Planificación por objetivos SMART;Objetivos específicos, medibles, alcanzables, relevantes y temporales.;bajo;Objetivo SMART semanal;Definir objetivo concreto, medible y revisable para la semana.;Mejorar planificación.;bajo;semanal;media;El profesional debe adaptar la pauta a edad, contexto escolar, evaluación individual, familia, centro educativo y normativa aplicable. No sustituye diagnóstico ni dictamen oficial.
TDAH y autorregulación;TDAH - hiperactividad motora;Necesidad elevada de movimiento que interfiere con aula, estudio o convivencia.;Infantil/Adolescente;medio;"PSP2_SRC001;PSP2_SRC004";Planificación por objetivos SMART;Objetivos específicos, medibles, alcanzables, relevantes y temporales.;bajo;Reto graduado;Elegir tarea ligeramente difícil pero alcanzable.;Trabajar frustración y esfuerzo.;bajo;semanal;media;El profesional debe adaptar la pauta a edad, contexto escolar, evaluación individual, familia, centro educativo y normativa aplicable. No sustituye diagnóstico ni dictamen oficial.
TDAH y autorregulación;TDAH - hiperactividad motora;Necesidad elevada de movimiento que interfiere con aula, estudio o convivencia.;Infantil/Adolescente;medio;"PSP2_SRC001;PSP2_SRC004";Planificación por objetivos SMART;Objetivos específicos, medibles, alcanzables, relevantes y temporales.;bajo;Planificar con cuatro casillas;Objetivo, materiales, pasos y revisión.;Mejorar planificación.;bajo;cada tarea larga;media;El profesional debe adaptar la pauta a edad, contexto escolar, evaluación individual, familia, centro educativo y normativa aplicable. No sustituye diagnóstico ni dictamen oficial.
TDAH y autorregulación;TDAH - hiperactividad motora;Necesidad elevada de movimiento que interfiere con aula, estudio o convivencia.;Infantil/Adolescente;medio;"PSP2_SRC001;PSP2_SRC004";Monitorización y autoevaluación;Revisar proceso, resultado, errores y próximos pasos.;bajo;Registro de distractores;Anotar cuándo se distrae, por qué y qué ayuda a volver.;Detectar patrones de atención.;bajo;7 días;media;El profesional debe adaptar la pauta a edad, contexto escolar, evaluación individual, familia, centro educativo y normativa aplicable. No sustituye diagnóstico ni dictamen oficial.
TDAH y autorregulación;TDAH - hiperactividad motora;Necesidad elevada de movimiento que interfiere con aula, estudio o convivencia.;Infantil/Adolescente;medio;"PSP2_SRC001;PSP2_SRC004";Monitorización y autoevaluación;Revisar proceso, resultado, errores y próximos pasos.;bajo;Revisión COPS;Revisar mayúsculas, orden, puntuación y ortografía.;Mejorar revisión escrita.;bajo;cada texto;media;El profesional debe adaptar la pauta a edad, contexto escolar, evaluación individual, familia, centro educativo y normativa aplicable. No sustituye diagnóstico ni dictamen oficial.
TDAH y autorregulación;TDAH - impulsividad en aula;Responder sin esperar, interrumpir o actuar antes de pensar.;Infantil/Adolescente;medio;"PSP2_SRC001;PSP2_SRC004";Psicoeducación al alumno y familia;Explicar perfil, fortalezas, necesidades y objetivos de intervención.;bajo;Mapa de fortalezas y necesidades;Identificar fortalezas, dificultades y apoyos necesarios.;Comprender perfil 2e.;bajo;sesión;media;El profesional debe adaptar la pauta a edad, contexto escolar, evaluación individual, familia, centro educativo y normativa aplicable. No sustituye diagnóstico ni dictamen oficial.
TDAH y autorregulación;TDAH - impulsividad en aula;Responder sin esperar, interrumpir o actuar antes de pensar.;Infantil/Adolescente;medio;"PSP2_SRC001;PSP2_SRC004";Agenda visual / planificación externa;Uso de agenda, calendario, pictos, checklist o panel semanal.;bajo;Panel semanal de tareas;Organizar exámenes, deberes, entregas y actividades en un panel semanal.;Externalizar planificación.;bajo;15 min semanal;media;El profesional debe adaptar la pauta a edad, contexto escolar, evaluación individual, familia, centro educativo y normativa aplicable. No sustituye diagnóstico ni dictamen oficial.
TDAH y autorregulación;TDAH - impulsividad en aula;Responder sin esperar, interrumpir o actuar antes de pensar.;Infantil/Adolescente;medio;"PSP2_SRC001;PSP2_SRC004";Checklist de pasos;Convertir una tarea compleja en pasos visibles y verificables.;bajo;Checklist de mochila y materiales;Lista visible para preparar mochila, deberes y materiales del día siguiente.;Reducir olvidos y dependencia adulta.;bajo;5-10 min diarios;alta;El profesional debe adaptar la pauta a edad, contexto escolar, evaluación individual, familia, centro educativo y normativa aplicable. No sustituye diagnóstico ni dictamen oficial.
TDAH y autorregulación;TDAH - impulsividad en aula;Responder sin esperar, interrumpir o actuar antes de pensar.;Infantil/Adolescente;medio;"PSP2_SRC001;PSP2_SRC004";Temporizador visual / Pomodoro adaptado;Bloques de trabajo breves con pausa anticipada.;bajo;Pomodoro adaptado 10-5;Trabajar 10 minutos y descansar 5, ajustando según edad y tolerancia.;Sostener atención con descansos previstos.;bajo;diario;alta;El profesional debe adaptar la pauta a edad, contexto escolar, evaluación individual, familia, centro educativo y normativa aplicable. No sustituye diagnóstico ni dictamen oficial.
TDAH y autorregulación;TDAH - impulsividad en aula;Responder sin esperar, interrumpir o actuar antes de pensar.;Infantil/Adolescente;medio;"PSP2_SRC001;PSP2_SRC004";Fragmentación de tareas;Dividir tareas largas en microtareas con inicio claro.;bajo;Primer paso visible;Escribir el primer paso mínimo de una tarea antes de empezar.;Reducir bloqueo de inicio.;bajo;cada tarea;media;El profesional debe adaptar la pauta a edad, contexto escolar, evaluación individual, familia, centro educativo y normativa aplicable. No sustituye diagnóstico ni dictamen oficial.
TDAH y autorregulación;TDAH - impulsividad en aula;Responder sin esperar, interrumpir o actuar antes de pensar.;Infantil/Adolescente;medio;"PSP2_SRC001;PSP2_SRC004";Refuerzo positivo específico;Reforzar conducta concreta, esfuerzo y estrategia usada.;bajo;Juego de espera de turno;Practicar esperar turno en juego breve con refuerzo inmediato.;Reducir impulsividad.;bajo;2-3 veces/semana;media;El profesional debe adaptar la pauta a edad, contexto escolar, evaluación individual, familia, centro educativo y normativa aplicable. No sustituye diagnóstico ni dictamen oficial.
TDAH y autorregulación;TDAH - impulsividad en aula;Responder sin esperar, interrumpir o actuar antes de pensar.;Infantil/Adolescente;medio;"PSP2_SRC001;PSP2_SRC004";Refuerzo positivo específico;Reforzar conducta concreta, esfuerzo y estrategia usada.;bajo;Registro de autoeficacia;Anotar esfuerzo, estrategia usada y avance pequeño.;Mejorar autoconcepto académico.;bajo;semanal;media;El profesional debe adaptar la pauta a edad, contexto escolar, evaluación individual, familia, centro educativo y normativa aplicable. No sustituye diagnóstico ni dictamen oficial.
TDAH y autorregulación;TDAH - impulsividad en aula;Responder sin esperar, interrumpir o actuar antes de pensar.;Infantil/Adolescente;medio;"PSP2_SRC001;PSP2_SRC004";Refuerzo positivo específico;Reforzar conducta concreta, esfuerzo y estrategia usada.;bajo;Menú de recompensas educativas;Crear lista de reforzadores no excesivos y acordados.;Mejorar motivación.;bajo;semanal;media;El profesional debe adaptar la pauta a edad, contexto escolar, evaluación individual, familia, centro educativo y normativa aplicable. No sustituye diagnóstico ni dictamen oficial.
TDAH y autorregulación;TDAH - impulsividad en aula;Responder sin esperar, interrumpir o actuar antes de pensar.;Infantil/Adolescente;medio;"PSP2_SRC001;PSP2_SRC004";Autoinstrucciones;Enseñar diálogo interno: paro, miro, pienso, hago, reviso.;bajo;Tarjeta de autoinstrucciones;Crear tarjeta: paro, leo, subrayo, hago, reviso.;Mejorar control ejecutivo.;bajo;diario;media;El profesional debe adaptar la pauta a edad, contexto escolar, evaluación individual, familia, centro educativo y normativa aplicable. No sustituye diagnóstico ni dictamen oficial.
TDAH y autorregulación;TDAH - impulsividad en aula;Responder sin esperar, interrumpir o actuar antes de pensar.;Infantil/Adolescente;medio;"PSP2_SRC001;PSP2_SRC004";Entrenamiento de memoria de trabajo;Reducir carga, externalizar información y practicar estrategias.;bajo;Instrucciones de 1-2-3 pasos;Practicar seguir instrucciones graduadas y comprobar cumplimiento.;Mejorar memoria de trabajo.;bajo;diario;media;El profesional debe adaptar la pauta a edad, contexto escolar, evaluación individual, familia, centro educativo y normativa aplicable. No sustituye diagnóstico ni dictamen oficial.
TDAH y autorregulación;TDAH - impulsividad en aula;Responder sin esperar, interrumpir o actuar antes de pensar.;Infantil/Adolescente;medio;"PSP2_SRC001;PSP2_SRC004";Entrenamiento de memoria de trabajo;Reducir carga, externalizar información y practicar estrategias.;bajo;Memoria de trabajo externa;Usar papel auxiliar para datos, pasos o consignas.;Reducir carga cognitiva.;bajo;cada tarea;alta;El profesional debe adaptar la pauta a edad, contexto escolar, evaluación individual, familia, centro educativo y normativa aplicable. No sustituye diagnóstico ni dictamen oficial.
TDAH y autorregulación;TDAH - impulsividad en aula;Responder sin esperar, interrumpir o actuar antes de pensar.;Infantil/Adolescente;medio;"PSP2_SRC001;PSP2_SRC004";Planificación por objetivos SMART;Objetivos específicos, medibles, alcanzables, relevantes y temporales.;bajo;Objetivo SMART semanal;Definir objetivo concreto, medible y revisable para la semana.;Mejorar planificación.;bajo;semanal;media;El profesional debe adaptar la pauta a edad, contexto escolar, evaluación individual, familia, centro educativo y normativa aplicable. No sustituye diagnóstico ni dictamen oficial.
TDAH y autorregulación;TDAH - impulsividad en aula;Responder sin esperar, interrumpir o actuar antes de pensar.;Infantil/Adolescente;medio;"PSP2_SRC001;PSP2_SRC004";Planificación por objetivos SMART;Objetivos específicos, medibles, alcanzables, relevantes y temporales.;bajo;Reto graduado;Elegir tarea ligeramente difícil pero alcanzable.;Trabajar frustración y esfuerzo.;bajo;semanal;media;El profesional debe adaptar la pauta a edad, contexto escolar, evaluación individual, familia, centro educativo y normativa aplicable. No sustituye diagnóstico ni dictamen oficial.
TDAH y autorregulación;TDAH - impulsividad en aula;Responder sin esperar, interrumpir o actuar antes de pensar.;Infantil/Adolescente;medio;"PSP2_SRC001;PSP2_SRC004";Planificación por objetivos SMART;Objetivos específicos, medibles, alcanzables, relevantes y temporales.;bajo;Planificar con cuatro casillas;Objetivo, materiales, pasos y revisión.;Mejorar planificación.;bajo;cada tarea larga;media;El profesional debe adaptar la pauta a edad, contexto escolar, evaluación individual, familia, centro educativo y normativa aplicable. No sustituye diagnóstico ni dictamen oficial.
TDAH y autorregulación;TDAH - impulsividad en aula;Responder sin esperar, interrumpir o actuar antes de pensar.;Infantil/Adolescente;medio;"PSP2_SRC001;PSP2_SRC004";Monitorización y autoevaluación;Revisar proceso, resultado, errores y próximos pasos.;bajo;Registro de distractores;Anotar cuándo se distrae, por qué y qué ayuda a volver.;Detectar patrones de atención.;bajo;7 días;media;El profesional debe adaptar la pauta a edad, contexto escolar, evaluación individual, familia, centro educativo y normativa aplicable. No sustituye diagnóstico ni dictamen oficial.
TDAH y autorregulación;TDAH - impulsividad en aula;Responder sin esperar, interrumpir o actuar antes de pensar.;Infantil/Adolescente;medio;"PSP2_SRC001;PSP2_SRC004";Monitorización y autoevaluación;Revisar proceso, resultado, errores y próximos pasos.;bajo;Revisión COPS;Revisar mayúsculas, orden, puntuación y ortografía.;Mejorar revisión escrita.;bajo;cada texto;media;El profesional debe adaptar la pauta a edad, contexto escolar, evaluación individual, familia, centro educativo y normativa aplicable. No sustituye diagnóstico ni dictamen oficial.
TDAH y autorregulación;TDAH - olvidos frecuentes;Olvido de materiales, deberes, fechas o instrucciones.;Infantil/Adolescente;bajo;"PSP2_SRC001;PSP2_SRC009";Psicoeducación al alumno y familia;Explicar perfil, fortalezas, necesidades y objetivos de intervención.;bajo;Mapa de fortalezas y necesidades;Identificar fortalezas, dificultades y apoyos necesarios.;Comprender perfil 2e.;bajo;sesión;media;El profesional debe adaptar la pauta a edad, contexto escolar, evaluación individual, familia, centro educativo y normativa aplicable. No sustituye diagnóstico ni dictamen oficial.
TDAH y autorregulación;TDAH - olvidos frecuentes;Olvido de materiales, deberes, fechas o instrucciones.;Infantil/Adolescente;bajo;"PSP2_SRC001;PSP2_SRC009";Agenda visual / planificación externa;Uso de agenda, calendario, pictos, checklist o panel semanal.;bajo;Panel semanal de tareas;Organizar exámenes, deberes, entregas y actividades en un panel semanal.;Externalizar planificación.;bajo;15 min semanal;media;El profesional debe adaptar la pauta a edad, contexto escolar, evaluación individual, familia, centro educativo y normativa aplicable. No sustituye diagnóstico ni dictamen oficial.
TDAH y autorregulación;TDAH - olvidos frecuentes;Olvido de materiales, deberes, fechas o instrucciones.;Infantil/Adolescente;bajo;"PSP2_SRC001;PSP2_SRC009";Checklist de pasos;Convertir una tarea compleja en pasos visibles y verificables.;bajo;Checklist de mochila y materiales;Lista visible para preparar mochila, deberes y materiales del día siguiente.;Reducir olvidos y dependencia adulta.;bajo;5-10 min diarios;alta;El profesional debe adaptar la pauta a edad, contexto escolar, evaluación individual, familia, centro educativo y normativa aplicable. No sustituye diagnóstico ni dictamen oficial.
TDAH y autorregulación;TDAH - olvidos frecuentes;Olvido de materiales, deberes, fechas o instrucciones.;Infantil/Adolescente;bajo;"PSP2_SRC001;PSP2_SRC009";Temporizador visual / Pomodoro adaptado;Bloques de trabajo breves con pausa anticipada.;bajo;Pomodoro adaptado 10-5;Trabajar 10 minutos y descansar 5, ajustando según edad y tolerancia.;Sostener atención con descansos previstos.;bajo;diario;alta;El profesional debe adaptar la pauta a edad, contexto escolar, evaluación individual, familia, centro educativo y normativa aplicable. No sustituye diagnóstico ni dictamen oficial.
TDAH y autorregulación;TDAH - olvidos frecuentes;Olvido de materiales, deberes, fechas o instrucciones.;Infantil/Adolescente;bajo;"PSP2_SRC001;PSP2_SRC009";Fragmentación de tareas;Dividir tareas largas en microtareas con inicio claro.;bajo;Primer paso visible;Escribir el primer paso mínimo de una tarea antes de empezar.;Reducir bloqueo de inicio.;bajo;cada tarea;media;El profesional debe adaptar la pauta a edad, contexto escolar, evaluación individual, familia, centro educativo y normativa aplicable. No sustituye diagnóstico ni dictamen oficial.
TDAH y autorregulación;TDAH - olvidos frecuentes;Olvido de materiales, deberes, fechas o instrucciones.;Infantil/Adolescente;bajo;"PSP2_SRC001;PSP2_SRC009";Refuerzo positivo específico;Reforzar conducta concreta, esfuerzo y estrategia usada.;bajo;Juego de espera de turno;Practicar esperar turno en juego breve con refuerzo inmediato.;Reducir impulsividad.;bajo;2-3 veces/semana;media;El profesional debe adaptar la pauta a edad, contexto escolar, evaluación individual, familia, centro educativo y normativa aplicable. No sustituye diagnóstico ni dictamen oficial.
TDAH y autorregulación;TDAH - olvidos frecuentes;Olvido de materiales, deberes, fechas o instrucciones.;Infantil/Adolescente;bajo;"PSP2_SRC001;PSP2_SRC009";Refuerzo positivo específico;Reforzar conducta concreta, esfuerzo y estrategia usada.;bajo;Registro de autoeficacia;Anotar esfuerzo, estrategia usada y avance pequeño.;Mejorar autoconcepto académico.;bajo;semanal;media;El profesional debe adaptar la pauta a edad, contexto escolar, evaluación individual, familia, centro educativo y normativa aplicable. No sustituye diagnóstico ni dictamen oficial.
TDAH y autorregulación;TDAH - olvidos frecuentes;Olvido de materiales, deberes, fechas o instrucciones.;Infantil/Adolescente;bajo;"PSP2_SRC001;PSP2_SRC009";Refuerzo positivo específico;Reforzar conducta concreta, esfuerzo y estrategia usada.;bajo;Menú de recompensas educativas;Crear lista de reforzadores no excesivos y acordados.;Mejorar motivación.;bajo;semanal;media;El profesional debe adaptar la pauta a edad, contexto escolar, evaluación individual, familia, centro educativo y normativa aplicable. No sustituye diagnóstico ni dictamen oficial.
TDAH y autorregulación;TDAH - olvidos frecuentes;Olvido de materiales, deberes, fechas o instrucciones.;Infantil/Adolescente;bajo;"PSP2_SRC001;PSP2_SRC009";Autoinstrucciones;Enseñar diálogo interno: paro, miro, pienso, hago, reviso.;bajo;Tarjeta de autoinstrucciones;Crear tarjeta: paro, leo, subrayo, hago, reviso.;Mejorar control ejecutivo.;bajo;diario;media;El profesional debe adaptar la pauta a edad, contexto escolar, evaluación individual, familia, centro educativo y normativa aplicable. No sustituye diagnóstico ni dictamen oficial.
TDAH y autorregulación;TDAH - olvidos frecuentes;Olvido de materiales, deberes, fechas o instrucciones.;Infantil/Adolescente;bajo;"PSP2_SRC001;PSP2_SRC009";Entrenamiento de memoria de trabajo;Reducir carga, externalizar información y practicar estrategias.;bajo;Instrucciones de 1-2-3 pasos;Practicar seguir instrucciones graduadas y comprobar cumplimiento.;Mejorar memoria de trabajo.;bajo;diario;media;El profesional debe adaptar la pauta a edad, contexto escolar, evaluación individual, familia, centro educativo y normativa aplicable. No sustituye diagnóstico ni dictamen oficial.
TDAH y autorregulación;TDAH - olvidos frecuentes;Olvido de materiales, deberes, fechas o instrucciones.;Infantil/Adolescente;bajo;"PSP2_SRC001;PSP2_SRC009";Entrenamiento de memoria de trabajo;Reducir carga, externalizar información y practicar estrategias.;bajo;Memoria de trabajo externa;Usar papel auxiliar para datos, pasos o consignas.;Reducir carga cognitiva.;bajo;cada tarea;alta;El profesional debe adaptar la pauta a edad, contexto escolar, evaluación individual, familia, centro educativo y normativa aplicable. No sustituye diagnóstico ni dictamen oficial.
TDAH y autorregulación;TDAH - olvidos frecuentes;Olvido de materiales, deberes, fechas o instrucciones.;Infantil/Adolescente;bajo;"PSP2_SRC001;PSP2_SRC009";Planificación por objetivos SMART;Objetivos específicos, medibles, alcanzables, relevantes y temporales.;bajo;Objetivo SMART semanal;Definir objetivo concreto, medible y revisable para la semana.;Mejorar planificación.;bajo;semanal;media;El profesional debe adaptar la pauta a edad, contexto escolar, evaluación individual, familia, centro educativo y normativa aplicable. No sustituye diagnóstico ni dictamen oficial.
TDAH y autorregulación;TDAH - olvidos frecuentes;Olvido de materiales, deberes, fechas o instrucciones.;Infantil/Adolescente;bajo;"PSP2_SRC001;PSP2_SRC009";Planificación por objetivos SMART;Objetivos específicos, medibles, alcanzables, relevantes y temporales.;bajo;Reto graduado;Elegir tarea ligeramente difícil pero alcanzable.;Trabajar frustración y esfuerzo.;bajo;semanal;media;El profesional debe adaptar la pauta a edad, contexto escolar, evaluación individual, familia, centro educativo y normativa aplicable. No sustituye diagnóstico ni dictamen oficial.
TDAH y autorregulación;TDAH - olvidos frecuentes;Olvido de materiales, deberes, fechas o instrucciones.;Infantil/Adolescente;bajo;"PSP2_SRC001;PSP2_SRC009";Planificación por objetivos SMART;Objetivos específicos, medibles, alcanzables, relevantes y temporales.;bajo;Planificar con cuatro casillas;Objetivo, materiales, pasos y revisión.;Mejorar planificación.;bajo;cada tarea larga;media;El profesional debe adaptar la pauta a edad, contexto escolar, evaluación individual, familia, centro educativo y normativa aplicable. No sustituye diagnóstico ni dictamen oficial.
TDAH y autorregulación;TDAH - olvidos frecuentes;Olvido de materiales, deberes, fechas o instrucciones.;Infantil/Adolescente;bajo;"PSP2_SRC001;PSP2_SRC009";Monitorización y autoevaluación;Revisar proceso, resultado, errores y próximos pasos.;bajo;Registro de distractores;Anotar cuándo se distrae, por qué y qué ayuda a volver.;Detectar patrones de atención.;bajo;7 días;media;El profesional debe adaptar la pauta a edad, contexto escolar, evaluación individual, familia, centro educativo y normativa aplicable. No sustituye diagnóstico ni dictamen oficial.
TDAH y autorregulación;TDAH - olvidos frecuentes;Olvido de materiales, deberes, fechas o instrucciones.;Infantil/Adolescente;bajo;"PSP2_SRC001;PSP2_SRC009";Monitorización y autoevaluación;Revisar proceso, resultado, errores y próximos pasos.;bajo;Revisión COPS;Revisar mayúsculas, orden, puntuación y ortografía.;Mejorar revisión escrita.;bajo;cada texto;media;El profesional debe adaptar la pauta a edad, contexto escolar, evaluación individual, familia, centro educativo y normativa aplicable. No sustituye diagnóstico ni dictamen oficial.
TDAH y autorregulación;TDAH - dificultad para iniciar tareas;Bloqueo o demora al comenzar tareas académicas.;Infantil/Adolescente;bajo;"PSP2_SRC001;PSP2_SRC009";Psicoeducación al alumno y familia;Explicar perfil, fortalezas, necesidades y objetivos de intervención.;bajo;Mapa de fortalezas y necesidades;Identificar fortalezas, dificultades y apoyos necesarios.;Comprender perfil 2e.;bajo;sesión;media;El profesional debe adaptar la pauta a edad, contexto escolar, evaluación individual, familia, centro educativo y normativa aplicable. No sustituye diagnóstico ni dictamen oficial.
TDAH y autorregulación;TDAH - dificultad para iniciar tareas;Bloqueo o demora al comenzar tareas académicas.;Infantil/Adolescente;bajo;"PSP2_SRC001;PSP2_SRC009";Agenda visual / planificación externa;Uso de agenda, calendario, pictos, checklist o panel semanal.;bajo;Panel semanal de tareas;Organizar exámenes, deberes, entregas y actividades en un panel semanal.;Externalizar planificación.;bajo;15 min semanal;media;El profesional debe adaptar la pauta a edad, contexto escolar, evaluación individual, familia, centro educativo y normativa aplicable. No sustituye diagnóstico ni dictamen oficial.
TDAH y autorregulación;TDAH - dificultad para iniciar tareas;Bloqueo o demora al comenzar tareas académicas.;Infantil/Adolescente;bajo;"PSP2_SRC001;PSP2_SRC009";Checklist de pasos;Convertir una tarea compleja en pasos visibles y verificables.;bajo;Checklist de mochila y materiales;Lista visible para preparar mochila, deberes y materiales del día siguiente.;Reducir olvidos y dependencia adulta.;bajo;5-10 min diarios;alta;El profesional debe adaptar la pauta a edad, contexto escolar, evaluación individual, familia, centro educativo y normativa aplicable. No sustituye diagnóstico ni dictamen oficial.
TDAH y autorregulación;TDAH - dificultad para iniciar tareas;Bloqueo o demora al comenzar tareas académicas.;Infantil/Adolescente;bajo;"PSP2_SRC001;PSP2_SRC009";Temporizador visual / Pomodoro adaptado;Bloques de trabajo breves con pausa anticipada.;bajo;Pomodoro adaptado 10-5;Trabajar 10 minutos y descansar 5, ajustando según edad y tolerancia.;Sostener atención con descansos previstos.;bajo;diario;alta;El profesional debe adaptar la pauta a edad, contexto escolar, evaluación individual, familia, centro educativo y normativa aplicable. No sustituye diagnóstico ni dictamen oficial.
TDAH y autorregulación;TDAH - dificultad para iniciar tareas;Bloqueo o demora al comenzar tareas académicas.;Infantil/Adolescente;bajo;"PSP2_SRC001;PSP2_SRC009";Fragmentación de tareas;Dividir tareas largas en microtareas con inicio claro.;bajo;Primer paso visible;Escribir el primer paso mínimo de una tarea antes de empezar.;Reducir bloqueo de inicio.;bajo;cada tarea;media;El profesional debe adaptar la pauta a edad, contexto escolar, evaluación individual, familia, centro educativo y normativa aplicable. No sustituye diagnóstico ni dictamen oficial.
TDAH y autorregulación;TDAH - dificultad para iniciar tareas;Bloqueo o demora al comenzar tareas académicas.;Infantil/Adolescente;bajo;"PSP2_SRC001;PSP2_SRC009";Refuerzo positivo específico;Reforzar conducta concreta, esfuerzo y estrategia usada.;bajo;Juego de espera de turno;Practicar esperar turno en juego breve con refuerzo inmediato.;Reducir impulsividad.;bajo;2-3 veces/semana;media;El profesional debe adaptar la pauta a edad, contexto escolar, evaluación individual, familia, centro educativo y normativa aplicable. No sustituye diagnóstico ni dictamen oficial.
TDAH y autorregulación;TDAH - dificultad para iniciar tareas;Bloqueo o demora al comenzar tareas académicas.;Infantil/Adolescente;bajo;"PSP2_SRC001;PSP2_SRC009";Refuerzo positivo específico;Reforzar conducta concreta, esfuerzo y estrategia usada.;bajo;Registro de autoeficacia;Anotar esfuerzo, estrategia usada y avance pequeño.;Mejorar autoconcepto académico.;bajo;semanal;media;El profesional debe adaptar la pauta a edad, contexto escolar, evaluación individual, familia, centro educativo y normativa aplicable. No sustituye diagnóstico ni dictamen oficial.
TDAH y autorregulación;TDAH - dificultad para iniciar tareas;Bloqueo o demora al comenzar tareas académicas.;Infantil/Adolescente;bajo;"PSP2_SRC001;PSP2_SRC009";Refuerzo positivo específico;Reforzar conducta concreta, esfuerzo y estrategia usada.;bajo;Menú de recompensas educativas;Crear lista de reforzadores no excesivos y acordados.;Mejorar motivación.;bajo;semanal;media;El profesional debe adaptar la pauta a edad, contexto escolar, evaluación individual, familia, centro educativo y normativa aplicable. No sustituye diagnóstico ni dictamen oficial.
TDAH y autorregulación;TDAH - dificultad para iniciar tareas;Bloqueo o demora al comenzar tareas académicas.;Infantil/Adolescente;bajo;"PSP2_SRC001;PSP2_SRC009";Autoinstrucciones;Enseñar diálogo interno: paro, miro, pienso, hago, reviso.;bajo;Tarjeta de autoinstrucciones;Crear tarjeta: paro, leo, subrayo, hago, reviso.;Mejorar control ejecutivo.;bajo;diario;media;El profesional debe adaptar la pauta a edad, contexto escolar, evaluación individual, familia, centro educativo y normativa aplicable. No sustituye diagnóstico ni dictamen oficial.
TDAH y autorregulación;TDAH - dificultad para iniciar tareas;Bloqueo o demora al comenzar tareas académicas.;Infantil/Adolescente;bajo;"PSP2_SRC001;PSP2_SRC009";Entrenamiento de memoria de trabajo;Reducir carga, externalizar información y practicar estrategias.;bajo;Instrucciones de 1-2-3 pasos;Practicar seguir instrucciones graduadas y comprobar cumplimiento.;Mejorar memoria de trabajo.;bajo;diario;media;El profesional debe adaptar la pauta a edad, contexto escolar, evaluación individual, familia, centro educativo y normativa aplicable. No sustituye diagnóstico ni dictamen oficial.
TDAH y autorregulación;TDAH - dificultad para iniciar tareas;Bloqueo o demora al comenzar tareas académicas.;Infantil/Adolescente;bajo;"PSP2_SRC001;PSP2_SRC009";Entrenamiento de memoria de trabajo;Reducir carga, externalizar información y practicar estrategias.;bajo;Memoria de trabajo externa;Usar papel auxiliar para datos, pasos o consignas.;Reducir carga cognitiva.;bajo;cada tarea;alta;El profesional debe adaptar la pauta a edad, contexto escolar, evaluación individual, familia, centro educativo y normativa aplicable. No sustituye diagnóstico ni dictamen oficial.
TDAH y autorregulación;TDAH - dificultad para iniciar tareas;Bloqueo o demora al comenzar tareas académicas.;Infantil/Adolescente;bajo;"PSP2_SRC001;PSP2_SRC009";Planificación por objetivos SMART;Objetivos específicos, medibles, alcanzables, relevantes y temporales.;bajo;Objetivo SMART semanal;Definir objetivo concreto, medible y revisable para la semana.;Mejorar planificación.;bajo;semanal;media;El profesional debe adaptar la pauta a edad, contexto escolar, evaluación individual, familia, centro educativo y normativa aplicable. No sustituye diagnóstico ni dictamen oficial.
TDAH y autorregulación;TDAH - dificultad para iniciar tareas;Bloqueo o demora al comenzar tareas académicas.;Infantil/Adolescente;bajo;"PSP2_SRC001;PSP2_SRC009";Planificación por objetivos SMART;Objetivos específicos, medibles, alcanzables, relevantes y temporales.;bajo;Reto graduado;Elegir tarea ligeramente difícil pero alcanzable.;Trabajar frustración y esfuerzo.;bajo;semanal;media;El profesional debe adaptar la pauta a edad, contexto escolar, evaluación individual, familia, centro educativo y normativa aplicable. No sustituye diagnóstico ni dictamen oficial.
TDAH y autorregulación;TDAH - dificultad para iniciar tareas;Bloqueo o demora al comenzar tareas académicas.;Infantil/Adolescente;bajo;"PSP2_SRC001;PSP2_SRC009";Planificación por objetivos SMART;Objetivos específicos, medibles, alcanzables, relevantes y temporales.;bajo;Planificar con cuatro casillas;Objetivo, materiales, pasos y revisión.;Mejorar planificación.;bajo;cada tarea larga;media;El profesional debe adaptar la pauta a edad, contexto escolar, evaluación individual, familia, centro educativo y normativa aplicable. No sustituye diagnóstico ni dictamen oficial.
TDAH y autorregulación;TDAH - dificultad para iniciar tareas;Bloqueo o demora al comenzar tareas académicas.;Infantil/Adolescente;bajo;"PSP2_SRC001;PSP2_SRC009";Monitorización y autoevaluación;Revisar proceso, resultado, errores y próximos pasos.;bajo;Registro de distractores;Anotar cuándo se distrae, por qué y qué ayuda a volver.;Detectar patrones de atención.;bajo;7 días;media;El profesional debe adaptar la pauta a edad, contexto escolar, evaluación individual, familia, centro educativo y normativa aplicable. No sustituye diagnóstico ni dictamen oficial.
TDAH y autorregulación;TDAH - dificultad para iniciar tareas;Bloqueo o demora al comenzar tareas académicas.;Infantil/Adolescente;bajo;"PSP2_SRC001;PSP2_SRC009";Monitorización y autoevaluación;Revisar proceso, resultado, errores y próximos pasos.;bajo;Revisión COPS;Revisar mayúsculas, orden, puntuación y ortografía.;Mejorar revisión escrita.;bajo;cada texto;media;El profesional debe adaptar la pauta a edad, contexto escolar, evaluación individual, familia, centro educativo y normativa aplicable. No sustituye diagnóstico ni dictamen oficial.
TDAH y autorregulación;TDAH - baja persistencia;Abandono rápido cuando la tarea exige esfuerzo sostenido.;Infantil/Adolescente;medio;"PSP2_SRC001;PSP2_SRC009";Psicoeducación al alumno y familia;Explicar perfil, fortalezas, necesidades y objetivos de intervención.;bajo;Mapa de fortalezas y necesidades;Identificar fortalezas, dificultades y apoyos necesarios.;Comprender perfil 2e.;bajo;sesión;media;El profesional debe adaptar la pauta a edad, contexto escolar, evaluación individual, familia, centro educativo y normativa aplicable. No sustituye diagnóstico ni dictamen oficial.
TDAH y autorregulación;TDAH - baja persistencia;Abandono rápido cuando la tarea exige esfuerzo sostenido.;Infantil/Adolescente;medio;"PSP2_SRC001;PSP2_SRC009";Agenda visual / planificación externa;Uso de agenda, calendario, pictos, checklist o panel semanal.;bajo;Panel semanal de tareas;Organizar exámenes, deberes, entregas y actividades en un panel semanal.;Externalizar planificación.;bajo;15 min semanal;media;El profesional debe adaptar la pauta a edad, contexto escolar, evaluación individual, familia, centro educativo y normativa aplicable. No sustituye diagnóstico ni dictamen oficial.
TDAH y autorregulación;TDAH - baja persistencia;Abandono rápido cuando la tarea exige esfuerzo sostenido.;Infantil/Adolescente;medio;"PSP2_SRC001;PSP2_SRC009";Checklist de pasos;Convertir una tarea compleja en pasos visibles y verificables.;bajo;Checklist de mochila y materiales;Lista visible para preparar mochila, deberes y materiales del día siguiente.;Reducir olvidos y dependencia adulta.;bajo;5-10 min diarios;alta;El profesional debe adaptar la pauta a edad, contexto escolar, evaluación individual, familia, centro educativo y normativa aplicable. No sustituye diagnóstico ni dictamen oficial.
TDAH y autorregulación;TDAH - baja persistencia;Abandono rápido cuando la tarea exige esfuerzo sostenido.;Infantil/Adolescente;medio;"PSP2_SRC001;PSP2_SRC009";Temporizador visual / Pomodoro adaptado;Bloques de trabajo breves con pausa anticipada.;bajo;Pomodoro adaptado 10-5;Trabajar 10 minutos y descansar 5, ajustando según edad y tolerancia.;Sostener atención con descansos previstos.;bajo;diario;alta;El profesional debe adaptar la pauta a edad, contexto escolar, evaluación individual, familia, centro educativo y normativa aplicable. No sustituye diagnóstico ni dictamen oficial.
TDAH y autorregulación;TDAH - baja persistencia;Abandono rápido cuando la tarea exige esfuerzo sostenido.;Infantil/Adolescente;medio;"PSP2_SRC001;PSP2_SRC009";Fragmentación de tareas;Dividir tareas largas en microtareas con inicio claro.;bajo;Primer paso visible;Escribir el primer paso mínimo de una tarea antes de empezar.;Reducir bloqueo de inicio.;bajo;cada tarea;media;El profesional debe adaptar la pauta a edad, contexto escolar, evaluación individual, familia, centro educativo y normativa aplicable. No sustituye diagnóstico ni dictamen oficial.
TDAH y autorregulación;TDAH - baja persistencia;Abandono rápido cuando la tarea exige esfuerzo sostenido.;Infantil/Adolescente;medio;"PSP2_SRC001;PSP2_SRC009";Refuerzo positivo específico;Reforzar conducta concreta, esfuerzo y estrategia usada.;bajo;Juego de espera de turno;Practicar esperar turno en juego breve con refuerzo inmediato.;Reducir impulsividad.;bajo;2-3 veces/semana;media;El profesional debe adaptar la pauta a edad, contexto escolar, evaluación individual, familia, centro educativo y normativa aplicable. No sustituye diagnóstico ni dictamen oficial.
TDAH y autorregulación;TDAH - baja persistencia;Abandono rápido cuando la tarea exige esfuerzo sostenido.;Infantil/Adolescente;medio;"PSP2_SRC001;PSP2_SRC009";Refuerzo positivo específico;Reforzar conducta concreta, esfuerzo y estrategia usada.;bajo;Registro de autoeficacia;Anotar esfuerzo, estrategia usada y avance pequeño.;Mejorar autoconcepto académico.;bajo;semanal;media;El profesional debe adaptar la pauta a edad, contexto escolar, evaluación individual, familia, centro educativo y normativa aplicable. No sustituye diagnóstico ni dictamen oficial.
TDAH y autorregulación;TDAH - baja persistencia;Abandono rápido cuando la tarea exige esfuerzo sostenido.;Infantil/Adolescente;medio;"PSP2_SRC001;PSP2_SRC009";Refuerzo positivo específico;Reforzar conducta concreta, esfuerzo y estrategia usada.;bajo;Menú de recompensas educativas;Crear lista de reforzadores no excesivos y acordados.;Mejorar motivación.;bajo;semanal;media;El profesional debe adaptar la pauta a edad, contexto escolar, evaluación individual, familia, centro educativo y normativa aplicable. No sustituye diagnóstico ni dictamen oficial.
TDAH y autorregulación;TDAH - baja persistencia;Abandono rápido cuando la tarea exige esfuerzo sostenido.;Infantil/Adolescente;medio;"PSP2_SRC001;PSP2_SRC009";Autoinstrucciones;Enseñar diálogo interno: paro, miro, pienso, hago, reviso.;bajo;Tarjeta de autoinstrucciones;Crear tarjeta: paro, leo, subrayo, hago, reviso.;Mejorar control ejecutivo.;bajo;diario;media;El profesional debe adaptar la pauta a edad, contexto escolar, evaluación individual, familia, centro educativo y normativa aplicable. No sustituye diagnóstico ni dictamen oficial.
TDAH y autorregulación;TDAH - baja persistencia;Abandono rápido cuando la tarea exige esfuerzo sostenido.;Infantil/Adolescente;medio;"PSP2_SRC001;PSP2_SRC009";Entrenamiento de memoria de trabajo;Reducir carga, externalizar información y practicar estrategias.;bajo;Instrucciones de 1-2-3 pasos;Practicar seguir instrucciones graduadas y comprobar cumplimiento.;Mejorar memoria de trabajo.;bajo;diario;media;El profesional debe adaptar la pauta a edad, contexto escolar, evaluación individual, familia, centro educativo y normativa aplicable. No sustituye diagnóstico ni dictamen oficial.
TDAH y autorregulación;TDAH - baja persistencia;Abandono rápido cuando la tarea exige esfuerzo sostenido.;Infantil/Adolescente;medio;"PSP2_SRC001;PSP2_SRC009";Entrenamiento de memoria de trabajo;Reducir carga, externalizar información y practicar estrategias.;bajo;Memoria de trabajo externa;Usar papel auxiliar para datos, pasos o consignas.;Reducir carga cognitiva.;bajo;cada tarea;alta;El profesional debe adaptar la pauta a edad, contexto escolar, evaluación individual, familia, centro educativo y normativa aplicable. No sustituye diagnóstico ni dictamen oficial.
TDAH y autorregulación;TDAH - baja persistencia;Abandono rápido cuando la tarea exige esfuerzo sostenido.;Infantil/Adolescente;medio;"PSP2_SRC001;PSP2_SRC009";Planificación por objetivos SMART;Objetivos específicos, medibles, alcanzables, relevantes y temporales.;bajo;Objetivo SMART semanal;Definir objetivo concreto, medible y revisable para la semana.;Mejorar planificación.;bajo;semanal;media;El profesional debe adaptar la pauta a edad, contexto escolar, evaluación individual, familia, centro educativo y normativa aplicable. No sustituye diagnóstico ni dictamen oficial.
TDAH y autorregulación;TDAH - baja persistencia;Abandono rápido cuando la tarea exige esfuerzo sostenido.;Infantil/Adolescente;medio;"PSP2_SRC001;PSP2_SRC009";Planificación por objetivos SMART;Objetivos específicos, medibles, alcanzables, relevantes y temporales.;bajo;Reto graduado;Elegir tarea ligeramente difícil pero alcanzable.;Trabajar frustración y esfuerzo.;bajo;semanal;media;El profesional debe adaptar la pauta a edad, contexto escolar, evaluación individual, familia, centro educativo y normativa aplicable. No sustituye diagnóstico ni dictamen oficial.
TDAH y autorregulación;TDAH - baja persistencia;Abandono rápido cuando la tarea exige esfuerzo sostenido.;Infantil/Adolescente;medio;"PSP2_SRC001;PSP2_SRC009";Planificación por objetivos SMART;Objetivos específicos, medibles, alcanzables, relevantes y temporales.;bajo;Planificar con cuatro casillas;Objetivo, materiales, pasos y revisión.;Mejorar planificación.;bajo;cada tarea larga;media;El profesional debe adaptar la pauta a edad, contexto escolar, evaluación individual, familia, centro educativo y normativa aplicable. No sustituye diagnóstico ni dictamen oficial.
TDAH y autorregulación;TDAH - baja persistencia;Abandono rápido cuando la tarea exige esfuerzo sostenido.;Infantil/Adolescente;medio;"PSP2_SRC001;PSP2_SRC009";Monitorización y autoevaluación;Revisar proceso, resultado, errores y próximos pasos.;bajo;Registro de distractores;Anotar cuándo se distrae, por qué y qué ayuda a volver.;Detectar patrones de atención.;bajo;7 días;media;El profesional debe adaptar la pauta a edad, contexto escolar, evaluación individual, familia, centro educativo y normativa aplicable. No sustituye diagnóstico ni dictamen oficial.
TDAH y autorregulación;TDAH - baja persistencia;Abandono rápido cuando la tarea exige esfuerzo sostenido.;Infantil/Adolescente;medio;"PSP2_SRC001;PSP2_SRC009";Monitorización y autoevaluación;Revisar proceso, resultado, errores y próximos pasos.;bajo;Revisión COPS;Revisar mayúsculas, orden, puntuación y ortografía.;Mejorar revisión escrita.;bajo;cada texto;media;El profesional debe adaptar la pauta a edad, contexto escolar, evaluación individual, familia, centro educativo y normativa aplicable. No sustituye diagnóstico ni dictamen oficial.
TDAH y autorregulación;TDAH - gestión del tiempo escolar;Dificultad para estimar tiempos, organizar deberes o preparar exámenes.;Adolescente;bajo;"PSP2_SRC001;PSP2_SRC009";Psicoeducación al alumno y familia;Explicar perfil, fortalezas, necesidades y objetivos de intervención.;bajo;Mapa de fortalezas y necesidades;Identificar fortalezas, dificultades y apoyos necesarios.;Comprender perfil 2e.;bajo;sesión;media;El profesional debe adaptar la pauta a edad, contexto escolar, evaluación individual, familia, centro educativo y normativa aplicable. No sustituye diagnóstico ni dictamen oficial.
TDAH y autorregulación;TDAH - gestión del tiempo escolar;Dificultad para estimar tiempos, organizar deberes o preparar exámenes.;Adolescente;bajo;"PSP2_SRC001;PSP2_SRC009";Agenda visual / planificación externa;Uso de agenda, calendario, pictos, checklist o panel semanal.;bajo;Panel semanal de tareas;Organizar exámenes, deberes, entregas y actividades en un panel semanal.;Externalizar planificación.;bajo;15 min semanal;media;El profesional debe adaptar la pauta a edad, contexto escolar, evaluación individual, familia, centro educativo y normativa aplicable. No sustituye diagnóstico ni dictamen oficial.
TDAH y autorregulación;TDAH - gestión del tiempo escolar;Dificultad para estimar tiempos, organizar deberes o preparar exámenes.;Adolescente;bajo;"PSP2_SRC001;PSP2_SRC009";Checklist de pasos;Convertir una tarea compleja en pasos visibles y verificables.;bajo;Checklist de mochila y materiales;Lista visible para preparar mochila, deberes y materiales del día siguiente.;Reducir olvidos y dependencia adulta.;bajo;5-10 min diarios;alta;El profesional debe adaptar la pauta a edad, contexto escolar, evaluación individual, familia, centro educativo y normativa aplicable. No sustituye diagnóstico ni dictamen oficial.
TDAH y autorregulación;TDAH - gestión del tiempo escolar;Dificultad para estimar tiempos, organizar deberes o preparar exámenes.;Adolescente;bajo;"PSP2_SRC001;PSP2_SRC009";Temporizador visual / Pomodoro adaptado;Bloques de trabajo breves con pausa anticipada.;bajo;Pomodoro adaptado 10-5;Trabajar 10 minutos y descansar 5, ajustando según edad y tolerancia.;Sostener atención con descansos previstos.;bajo;diario;alta;El profesional debe adaptar la pauta a edad, contexto escolar, evaluación individual, familia, centro educativo y normativa aplicable. No sustituye diagnóstico ni dictamen oficial.
TDAH y autorregulación;TDAH - gestión del tiempo escolar;Dificultad para estimar tiempos, organizar deberes o preparar exámenes.;Adolescente;bajo;"PSP2_SRC001;PSP2_SRC009";Fragmentación de tareas;Dividir tareas largas en microtareas con inicio claro.;bajo;Primer paso visible;Escribir el primer paso mínimo de una tarea antes de empezar.;Reducir bloqueo de inicio.;bajo;cada tarea;media;El profesional debe adaptar la pauta a edad, contexto escolar, evaluación individual, familia, centro educativo y normativa aplicable. No sustituye diagnóstico ni dictamen oficial.
TDAH y autorregulación;TDAH - gestión del tiempo escolar;Dificultad para estimar tiempos, organizar deberes o preparar exámenes.;Adolescente;bajo;"PSP2_SRC001;PSP2_SRC009";Refuerzo positivo específico;Reforzar conducta concreta, esfuerzo y estrategia usada.;bajo;Juego de espera de turno;Practicar esperar turno en juego breve con refuerzo inmediato.;Reducir impulsividad.;bajo;2-3 veces/semana;media;El profesional debe adaptar la pauta a edad, contexto escolar, evaluación individual, familia, centro educativo y normativa aplicable. No sustituye diagnóstico ni dictamen oficial.
TDAH y autorregulación;TDAH - gestión del tiempo escolar;Dificultad para estimar tiempos, organizar deberes o preparar exámenes.;Adolescente;bajo;"PSP2_SRC001;PSP2_SRC009";Refuerzo positivo específico;Reforzar conducta concreta, esfuerzo y estrategia usada.;bajo;Registro de autoeficacia;Anotar esfuerzo, estrategia usada y avance pequeño.;Mejorar autoconcepto académico.;bajo;semanal;media;El profesional debe adaptar la pauta a edad, contexto escolar, evaluación individual, familia, centro educativo y normativa aplicable. No sustituye diagnóstico ni dictamen oficial.
TDAH y autorregulación;TDAH - gestión del tiempo escolar;Dificultad para estimar tiempos, organizar deberes o preparar exámenes.;Adolescente;bajo;"PSP2_SRC001;PSP2_SRC009";Refuerzo positivo específico;Reforzar conducta concreta, esfuerzo y estrategia usada.;bajo;Menú de recompensas educativas;Crear lista de reforzadores no excesivos y acordados.;Mejorar motivación.;bajo;semanal;media;El profesional debe adaptar la pauta a edad, contexto escolar, evaluación individual, familia, centro educativo y normativa aplicable. No sustituye diagnóstico ni dictamen oficial.
TDAH y autorregulación;TDAH - gestión del tiempo escolar;Dificultad para estimar tiempos, organizar deberes o preparar exámenes.;Adolescente;bajo;"PSP2_SRC001;PSP2_SRC009";Autoinstrucciones;Enseñar diálogo interno: paro, miro, pienso, hago, reviso.;bajo;Tarjeta de autoinstrucciones;Crear tarjeta: paro, leo, subrayo, hago, reviso.;Mejorar control ejecutivo.;bajo;diario;media;El profesional debe adaptar la pauta a edad, contexto escolar, evaluación individual, familia, centro educativo y normativa aplicable. No sustituye diagnóstico ni dictamen oficial.
TDAH y autorregulación;TDAH - gestión del tiempo escolar;Dificultad para estimar tiempos, organizar deberes o preparar exámenes.;Adolescente;bajo;"PSP2_SRC001;PSP2_SRC009";Entrenamiento de memoria de trabajo;Reducir carga, externalizar información y practicar estrategias.;bajo;Instrucciones de 1-2-3 pasos;Practicar seguir instrucciones graduadas y comprobar cumplimiento.;Mejorar memoria de trabajo.;bajo;diario;media;El profesional debe adaptar la pauta a edad, contexto escolar, evaluación individual, familia, centro educativo y normativa aplicable. No sustituye diagnóstico ni dictamen oficial.
TDAH y autorregulación;TDAH - gestión del tiempo escolar;Dificultad para estimar tiempos, organizar deberes o preparar exámenes.;Adolescente;bajo;"PSP2_SRC001;PSP2_SRC009";Entrenamiento de memoria de trabajo;Reducir carga, externalizar información y practicar estrategias.;bajo;Memoria de trabajo externa;Usar papel auxiliar para datos, pasos o consignas.;Reducir carga cognitiva.;bajo;cada tarea;alta;El profesional debe adaptar la pauta a edad, contexto escolar, evaluación individual, familia, centro educativo y normativa aplicable. No sustituye diagnóstico ni dictamen oficial.
TDAH y autorregulación;TDAH - gestión del tiempo escolar;Dificultad para estimar tiempos, organizar deberes o preparar exámenes.;Adolescente;bajo;"PSP2_SRC001;PSP2_SRC009";Planificación por objetivos SMART;Objetivos específicos, medibles, alcanzables, relevantes y temporales.;bajo;Objetivo SMART semanal;Definir objetivo concreto, medible y revisable para la semana.;Mejorar planificación.;bajo;semanal;media;El profesional debe adaptar la pauta a edad, contexto escolar, evaluación individual, familia, centro educativo y normativa aplicable. No sustituye diagnóstico ni dictamen oficial.
TDAH y autorregulación;TDAH - gestión del tiempo escolar;Dificultad para estimar tiempos, organizar deberes o preparar exámenes.;Adolescente;bajo;"PSP2_SRC001;PSP2_SRC009";Planificación por objetivos SMART;Objetivos específicos, medibles, alcanzables, relevantes y temporales.;bajo;Reto graduado;Elegir tarea ligeramente difícil pero alcanzable.;Trabajar frustración y esfuerzo.;bajo;semanal;media;El profesional debe adaptar la pauta a edad, contexto escolar, evaluación individual, familia, centro educativo y normativa aplicable. No sustituye diagnóstico ni dictamen oficial.
TDAH y autorregulación;TDAH - gestión del tiempo escolar;Dificultad para estimar tiempos, organizar deberes o preparar exámenes.;Adolescente;bajo;"PSP2_SRC001;PSP2_SRC009";Planificación por objetivos SMART;Objetivos específicos, medibles, alcanzables, relevantes y temporales.;bajo;Planificar con cuatro casillas;Objetivo, materiales, pasos y revisión.;Mejorar planificación.;bajo;cada tarea larga;media;El profesional debe adaptar la pauta a edad, contexto escolar, evaluación individual, familia, centro educativo y normativa aplicable. No sustituye diagnóstico ni dictamen oficial.
TDAH y autorregulación;TDAH - gestión del tiempo escolar;Dificultad para estimar tiempos, organizar deberes o preparar exámenes.;Adolescente;bajo;"PSP2_SRC001;PSP2_SRC009";Monitorización y autoevaluación;Revisar proceso, resultado, errores y próximos pasos.;bajo;Registro de distractores;Anotar cuándo se distrae, por qué y qué ayuda a volver.;Detectar patrones de atención.;bajo;7 días;media;El profesional debe adaptar la pauta a edad, contexto escolar, evaluación individual, familia, centro educativo y normativa aplicable. No sustituye diagnóstico ni dictamen oficial.
TDAH y autorregulación;TDAH - gestión del tiempo escolar;Dificultad para estimar tiempos, organizar deberes o preparar exámenes.;Adolescente;bajo;"PSP2_SRC001;PSP2_SRC009";Monitorización y autoevaluación;Revisar proceso, resultado, errores y próximos pasos.;bajo;Revisión COPS;Revisar mayúsculas, orden, puntuación y ortografía.;Mejorar revisión escrita.;bajo;cada texto;media;El profesional debe adaptar la pauta a edad, contexto escolar, evaluación individual, familia, centro educativo y normativa aplicable. No sustituye diagnóstico ni dictamen oficial.
TDAH y autorregulación;TDAH - seguimiento de instrucciones múltiples;Pérdida de pasos cuando una instrucción contiene varias acciones.;Infantil/Adolescente;bajo;"PSP2_SRC001;PSP2_SRC006";Psicoeducación al alumno y familia;Explicar perfil, fortalezas, necesidades y objetivos de intervención.;bajo;Mapa de fortalezas y necesidades;Identificar fortalezas, dificultades y apoyos necesarios.;Comprender perfil 2e.;bajo;sesión;media;El profesional debe adaptar la pauta a edad, contexto escolar, evaluación individual, familia, centro educativo y normativa aplicable. No sustituye diagnóstico ni dictamen oficial.
TDAH y autorregulación;TDAH - seguimiento de instrucciones múltiples;Pérdida de pasos cuando una instrucción contiene varias acciones.;Infantil/Adolescente;bajo;"PSP2_SRC001;PSP2_SRC006";Agenda visual / planificación externa;Uso de agenda, calendario, pictos, checklist o panel semanal.;bajo;Panel semanal de tareas;Organizar exámenes, deberes, entregas y actividades en un panel semanal.;Externalizar planificación.;bajo;15 min semanal;media;El profesional debe adaptar la pauta a edad, contexto escolar, evaluación individual, familia, centro educativo y normativa aplicable. No sustituye diagnóstico ni dictamen oficial.
TDAH y autorregulación;TDAH - seguimiento de instrucciones múltiples;Pérdida de pasos cuando una instrucción contiene varias acciones.;Infantil/Adolescente;bajo;"PSP2_SRC001;PSP2_SRC006";Checklist de pasos;Convertir una tarea compleja en pasos visibles y verificables.;bajo;Checklist de mochila y materiales;Lista visible para preparar mochila, deberes y materiales del día siguiente.;Reducir olvidos y dependencia adulta.;bajo;5-10 min diarios;alta;El profesional debe adaptar la pauta a edad, contexto escolar, evaluación individual, familia, centro educativo y normativa aplicable. No sustituye diagnóstico ni dictamen oficial.
TDAH y autorregulación;TDAH - seguimiento de instrucciones múltiples;Pérdida de pasos cuando una instrucción contiene varias acciones.;Infantil/Adolescente;bajo;"PSP2_SRC001;PSP2_SRC006";Temporizador visual / Pomodoro adaptado;Bloques de trabajo breves con pausa anticipada.;bajo;Pomodoro adaptado 10-5;Trabajar 10 minutos y descansar 5, ajustando según edad y tolerancia.;Sostener atención con descansos previstos.;bajo;diario;alta;El profesional debe adaptar la pauta a edad, contexto escolar, evaluación individual, familia, centro educativo y normativa aplicable. No sustituye diagnóstico ni dictamen oficial.
TDAH y autorregulación;TDAH - seguimiento de instrucciones múltiples;Pérdida de pasos cuando una instrucción contiene varias acciones.;Infantil/Adolescente;bajo;"PSP2_SRC001;PSP2_SRC006";Fragmentación de tareas;Dividir tareas largas en microtareas con inicio claro.;bajo;Primer paso visible;Escribir el primer paso mínimo de una tarea antes de empezar.;Reducir bloqueo de inicio.;bajo;cada tarea;media;El profesional debe adaptar la pauta a edad, contexto escolar, evaluación individual, familia, centro educativo y normativa aplicable. No sustituye diagnóstico ni dictamen oficial.
TDAH y autorregulación;TDAH - seguimiento de instrucciones múltiples;Pérdida de pasos cuando una instrucción contiene varias acciones.;Infantil/Adolescente;bajo;"PSP2_SRC001;PSP2_SRC006";Refuerzo positivo específico;Reforzar conducta concreta, esfuerzo y estrategia usada.;bajo;Juego de espera de turno;Practicar esperar turno en juego breve con refuerzo inmediato.;Reducir impulsividad.;bajo;2-3 veces/semana;media;El profesional debe adaptar la pauta a edad, contexto escolar, evaluación individual, familia, centro educativo y normativa aplicable. No sustituye diagnóstico ni dictamen oficial.
TDAH y autorregulación;TDAH - seguimiento de instrucciones múltiples;Pérdida de pasos cuando una instrucción contiene varias acciones.;Infantil/Adolescente;bajo;"PSP2_SRC001;PSP2_SRC006";Refuerzo positivo específico;Reforzar conducta concreta, esfuerzo y estrategia usada.;bajo;Registro de autoeficacia;Anotar esfuerzo, estrategia usada y avance pequeño.;Mejorar autoconcepto académico.;bajo;semanal;media;El profesional debe adaptar la pauta a edad, contexto escolar, evaluación individual, familia, centro educativo y normativa aplicable. No sustituye diagnóstico ni dictamen oficial.
TDAH y autorregulación;TDAH - seguimiento de instrucciones múltiples;Pérdida de pasos cuando una instrucción contiene varias acciones.;Infantil/Adolescente;bajo;"PSP2_SRC001;PSP2_SRC006";Refuerzo positivo específico;Reforzar conducta concreta, esfuerzo y estrategia usada.;bajo;Menú de recompensas educativas;Crear lista de reforzadores no excesivos y acordados.;Mejorar motivación.;bajo;semanal;media;El profesional debe adaptar la pauta a edad, contexto escolar, evaluación individual, familia, centro educativo y normativa aplicable. No sustituye diagnóstico ni dictamen oficial.
TDAH y autorregulación;TDAH - seguimiento de instrucciones múltiples;Pérdida de pasos cuando una instrucción contiene varias acciones.;Infantil/Adolescente;bajo;"PSP2_SRC001;PSP2_SRC006";Autoinstrucciones;Enseñar diálogo interno: paro, miro, pienso, hago, reviso.;bajo;Tarjeta de autoinstrucciones;Crear tarjeta: paro, leo, subrayo, hago, reviso.;Mejorar control ejecutivo.;bajo;diario;media;El profesional debe adaptar la pauta a edad, contexto escolar, evaluación individual, familia, centro educativo y normativa aplicable. No sustituye diagnóstico ni dictamen oficial.
TDAH y autorregulación;TDAH - seguimiento de instrucciones múltiples;Pérdida de pasos cuando una instrucción contiene varias acciones.;Infantil/Adolescente;bajo;"PSP2_SRC001;PSP2_SRC006";Entrenamiento de memoria de trabajo;Reducir carga, externalizar información y practicar estrategias.;bajo;Instrucciones de 1-2-3 pasos;Practicar seguir instrucciones graduadas y comprobar cumplimiento.;Mejorar memoria de trabajo.;bajo;diario;media;El profesional debe adaptar la pauta a edad, contexto escolar, evaluación individual, familia, centro educativo y normativa aplicable. No sustituye diagnóstico ni dictamen oficial.
TDAH y autorregulación;TDAH - seguimiento de instrucciones múltiples;Pérdida de pasos cuando una instrucción contiene varias acciones.;Infantil/Adolescente;bajo;"PSP2_SRC001;PSP2_SRC006";Entrenamiento de memoria de trabajo;Reducir carga, externalizar información y practicar estrategias.;bajo;Memoria de trabajo externa;Usar papel auxiliar para datos, pasos o consignas.;Reducir carga cognitiva.;bajo;cada tarea;alta;El profesional debe adaptar la pauta a edad, contexto escolar, evaluación individual, familia, centro educativo y normativa aplicable. No sustituye diagnóstico ni dictamen oficial.
TDAH y autorregulación;TDAH - seguimiento de instrucciones múltiples;Pérdida de pasos cuando una instrucción contiene varias acciones.;Infantil/Adolescente;bajo;"PSP2_SRC001;PSP2_SRC006";Planificación por objetivos SMART;Objetivos específicos, medibles, alcanzables, relevantes y temporales.;bajo;Objetivo SMART semanal;Definir objetivo concreto, medible y revisable para la semana.;Mejorar planificación.;bajo;semanal;media;El profesional debe adaptar la pauta a edad, contexto escolar, evaluación individual, familia, centro educativo y normativa aplicable. No sustituye diagnóstico ni dictamen oficial.
TDAH y autorregulación;TDAH - seguimiento de instrucciones múltiples;Pérdida de pasos cuando una instrucción contiene varias acciones.;Infantil/Adolescente;bajo;"PSP2_SRC001;PSP2_SRC006";Planificación por objetivos SMART;Objetivos específicos, medibles, alcanzables, relevantes y temporales.;bajo;Reto graduado;Elegir tarea ligeramente difícil pero alcanzable.;Trabajar frustración y esfuerzo.;bajo;semanal;media;El profesional debe adaptar la pauta a edad, contexto escolar, evaluación individual, familia, centro educativo y normativa aplicable. No sustituye diagnóstico ni dictamen oficial.
TDAH y autorregulación;TDAH - seguimiento de instrucciones múltiples;Pérdida de pasos cuando una instrucción contiene varias acciones.;Infantil/Adolescente;bajo;"PSP2_SRC001;PSP2_SRC006";Planificación por objetivos SMART;Objetivos específicos, medibles, alcanzables, relevantes y temporales.;bajo;Planificar con cuatro casillas;Objetivo, materiales, pasos y revisión.;Mejorar planificación.;bajo;cada tarea larga;media;El profesional debe adaptar la pauta a edad, contexto escolar, evaluación individual, familia, centro educativo y normativa aplicable. No sustituye diagnóstico ni dictamen oficial.
TDAH y autorregulación;TDAH - seguimiento de instrucciones múltiples;Pérdida de pasos cuando una instrucción contiene varias acciones.;Infantil/Adolescente;bajo;"PSP2_SRC001;PSP2_SRC006";Monitorización y autoevaluación;Revisar proceso, resultado, errores y próximos pasos.;bajo;Registro de distractores;Anotar cuándo se distrae, por qué y qué ayuda a volver.;Detectar patrones de atención.;bajo;7 días;media;El profesional debe adaptar la pauta a edad, contexto escolar, evaluación individual, familia, centro educativo y normativa aplicable. No sustituye diagnóstico ni dictamen oficial.
TDAH y autorregulación;TDAH - seguimiento de instrucciones múltiples;Pérdida de pasos cuando una instrucción contiene varias acciones.;Infantil/Adolescente;bajo;"PSP2_SRC001;PSP2_SRC006";Monitorización y autoevaluación;Revisar proceso, resultado, errores y próximos pasos.;bajo;Revisión COPS;Revisar mayúsculas, orden, puntuación y ortografía.;Mejorar revisión escrita.;bajo;cada texto;media;El profesional debe adaptar la pauta a edad, contexto escolar, evaluación individual, familia, centro educativo y normativa aplicable. No sustituye diagnóstico ni dictamen oficial.
TEA / Autismo / Asperger;TEA - dificultad de comunicación social;Dificultad en reciprocidad social, conversación o interpretación de claves sociales.;Infantil/Adolescente;medio;"PSP2_SRC002;PSP2_SRC003";Psicoeducación al alumno y familia;Explicar perfil, fortalezas, necesidades y objetivos de intervención.;bajo;Mapa de fortalezas y necesidades;Identificar fortalezas, dificultades y apoyos necesarios.;Comprender perfil 2e.;bajo;sesión;media;El profesional debe adaptar la pauta a edad, contexto escolar, evaluación individual, familia, centro educativo y normativa aplicable. No sustituye diagnóstico ni dictamen oficial.
TEA / Autismo / Asperger;TEA - dificultad de comunicación social;Dificultad en reciprocidad social, conversación o interpretación de claves sociales.;Infantil/Adolescente;medio;"PSP2_SRC002;PSP2_SRC003";Apoyos visuales;Uso de esquemas, pictogramas, mapas, colores, horarios o plantillas.;bajo;Horario visual diario;Representar actividades del día con texto, pictos o colores.;Aumentar anticipación.;bajo;diario;alta;El profesional debe adaptar la pauta a edad, contexto escolar, evaluación individual, familia, centro educativo y normativa aplicable. No sustituye diagnóstico ni dictamen oficial.
TEA / Autismo / Asperger;TEA - dificultad de comunicación social;Dificultad en reciprocidad social, conversación o interpretación de claves sociales.;Infantil/Adolescente;medio;"PSP2_SRC002;PSP2_SRC003";Historias sociales;Narrativas breves para anticipar situaciones sociales o rutinas.;bajo;Historia social de situación difícil;Crear historia social para recreo, cambio de clase, excursión o examen.;Anticipar conducta esperada.;bajo;antes de situación;media;El profesional debe adaptar la pauta a edad, contexto escolar, evaluación individual, familia, centro educativo y normativa aplicable. No sustituye diagnóstico ni dictamen oficial.
TEA / Autismo / Asperger;TEA - dificultad de comunicación social;Dificultad en reciprocidad social, conversación o interpretación de claves sociales.;Infantil/Adolescente;medio;"PSP2_SRC002;PSP2_SRC003";Anticipación de cambios;Preparar transiciones, cambios y alternativas con previsibilidad.;bajo;Plan de transición;Aviso previo, temporizador, opción de cierre y siguiente actividad.;Facilitar cambios.;bajo;cada transición difícil;media;El profesional debe adaptar la pauta a edad, contexto escolar, evaluación individual, familia, centro educativo y normativa aplicable. No sustituye diagnóstico ni dictamen oficial.
TEA / Autismo / Asperger;TEA - dificultad de comunicación social;Dificultad en reciprocidad social, conversación o interpretación de claves sociales.;Infantil/Adolescente;medio;"PSP2_SRC002;PSP2_SRC003";Perfil sensorial y regulación ambiental;Identificar estímulos y adaptar entorno o pausas sensoriales.;medio;Semáforo de sobrecarga sensorial;Identificar verde/amarillo/rojo y estrategia en cada nivel.;Prevenir crisis por sobrecarga.;medio;diario;alta;El profesional debe adaptar la pauta a edad, contexto escolar, evaluación individual, familia, centro educativo y normativa aplicable. No sustituye diagnóstico ni dictamen oficial.
TEA / Autismo / Asperger;TEA - dificultad de comunicación social;Dificultad en reciprocidad social, conversación o interpretación de claves sociales.;Infantil/Adolescente;medio;"PSP2_SRC002;PSP2_SRC003";Perfil sensorial y regulación ambiental;Identificar estímulos y adaptar entorno o pausas sensoriales.;medio;Menú de pausas sensoriales;Seleccionar pausas posibles: agua, paseo, auriculares, rincón tranquilo.;Regular activación.;medio;diario;media;El profesional debe adaptar la pauta a edad, contexto escolar, evaluación individual, familia, centro educativo y normativa aplicable. No sustituye diagnóstico ni dictamen oficial.
TEA / Autismo / Asperger;TEA - dificultad de comunicación social;Dificultad en reciprocidad social, conversación o interpretación de claves sociales.;Infantil/Adolescente;medio;"PSP2_SRC002;PSP2_SRC003";Guiones sociales;Preparar frases, turnos, peticiones o respuestas para situaciones sociales.;bajo;Guion para pedir ayuda;Practicar frases para pedir aclaración, pausa o ayuda.;Mejorar comunicación funcional.;bajo;semanal;media;El profesional debe adaptar la pauta a edad, contexto escolar, evaluación individual, familia, centro educativo y normativa aplicable. No sustituye diagnóstico ni dictamen oficial.
TEA / Autismo / Asperger;TEA - dificultad de comunicación social;Dificultad en reciprocidad social, conversación o interpretación de claves sociales.;Infantil/Adolescente;medio;"PSP2_SRC002;PSP2_SRC003";Flexibilidad cognitiva guiada;Practicar alternativas, cambios de estrategia y tolerancia a error.;medio;Preparar cambio imprevisto;Ensayar 'plan A/plan B' ante cambios habituales.;Aumentar flexibilidad.;bajo;semanal;media;El profesional debe adaptar la pauta a edad, contexto escolar, evaluación individual, familia, centro educativo y normativa aplicable. No sustituye diagnóstico ni dictamen oficial.
TEA / Autismo / Asperger;TEA - dificultad de comunicación social;Dificultad en reciprocidad social, conversación o interpretación de claves sociales.;Infantil/Adolescente;medio;"PSP2_SRC002;PSP2_SRC003";Flexibilidad cognitiva guiada;Practicar alternativas, cambios de estrategia y tolerancia a error.;medio;Diario de errores útiles;Registrar un error y qué enseñó.;Reducir perfeccionismo.;bajo;semanal;media;El profesional debe adaptar la pauta a edad, contexto escolar, evaluación individual, familia, centro educativo y normativa aplicable. No sustituye diagnóstico ni dictamen oficial.
TEA / Autismo / Asperger;TEA - dificultad de comunicación social;Dificultad en reciprocidad social, conversación o interpretación de claves sociales.;Infantil/Adolescente;medio;"PSP2_SRC002;PSP2_SRC003";Flexibilidad cognitiva guiada;Practicar alternativas, cambios de estrategia y tolerancia a error.;medio;Cambio de estrategia guiado;Si no funciona, elegir entre dos estrategias alternativas.;Mejorar flexibilidad.;medio;semanal;media;El profesional debe adaptar la pauta a edad, contexto escolar, evaluación individual, familia, centro educativo y normativa aplicable. No sustituye diagnóstico ni dictamen oficial.
TEA / Autismo / Asperger;TEA - dificultad de comunicación social;Dificultad en reciprocidad social, conversación o interpretación de claves sociales.;Infantil/Adolescente;medio;"PSP2_SRC002;PSP2_SRC003";Técnicas de regulación emocional;Respiración, pausa, escala de emoción y plan de afrontamiento.;medio;Tarjeta de afrontamiento de examen;Frases útiles, respiración y pasos si aparece bloqueo.;Manejar ansiedad académica.;bajo;antes de examen;media;El profesional debe adaptar la pauta a edad, contexto escolar, evaluación individual, familia, centro educativo y normativa aplicable. No sustituye diagnóstico ni dictamen oficial.
TEA / Autismo / Asperger;TEA - dificultad de comunicación social;Dificultad en reciprocidad social, conversación o interpretación de claves sociales.;Infantil/Adolescente;medio;"PSP2_SRC002;PSP2_SRC003";Diseño Universal para el Aprendizaje;Ofrecer múltiples formas de acceso, expresión y participación.;bajo;Diseño UDL de una tarea;Ofrecer alternativa de acceso, expresión o participación.;Aumentar inclusión.;bajo;por tarea;media;El profesional debe adaptar la pauta a edad, contexto escolar, evaluación individual, familia, centro educativo y normativa aplicable. No sustituye diagnóstico ni dictamen oficial.
TEA / Autismo / Asperger;TEA - dificultad de comunicación social;Dificultad en reciprocidad social, conversación o interpretación de claves sociales.;Infantil/Adolescente;medio;"PSP2_SRC002;PSP2_SRC003";Coordinación familia-centro;Acuerdos breves, objetivos compartidos y seguimiento regular.;bajo;Seguimiento familia-centro;Registro breve de objetivo, avance y barrera semanal.;Coordinar apoyos.;bajo;semanal;media;El profesional debe adaptar la pauta a edad, contexto escolar, evaluación individual, familia, centro educativo y normativa aplicable. No sustituye diagnóstico ni dictamen oficial.
TEA / Autismo / Asperger;TEA - rigidez ante cambios;Malestar ante cambios de rutina, imprevistos o transiciones.;Infantil/Adolescente;medio;"PSP2_SRC002;PSP2_SRC003";Psicoeducación al alumno y familia;Explicar perfil, fortalezas, necesidades y objetivos de intervención.;bajo;Mapa de fortalezas y necesidades;Identificar fortalezas, dificultades y apoyos necesarios.;Comprender perfil 2e.;bajo;sesión;media;El profesional debe adaptar la pauta a edad, contexto escolar, evaluación individual, familia, centro educativo y normativa aplicable. No sustituye diagnóstico ni dictamen oficial.
TEA / Autismo / Asperger;TEA - rigidez ante cambios;Malestar ante cambios de rutina, imprevistos o transiciones.;Infantil/Adolescente;medio;"PSP2_SRC002;PSP2_SRC003";Apoyos visuales;Uso de esquemas, pictogramas, mapas, colores, horarios o plantillas.;bajo;Horario visual diario;Representar actividades del día con texto, pictos o colores.;Aumentar anticipación.;bajo;diario;alta;El profesional debe adaptar la pauta a edad, contexto escolar, evaluación individual, familia, centro educativo y normativa aplicable. No sustituye diagnóstico ni dictamen oficial.
TEA / Autismo / Asperger;TEA - rigidez ante cambios;Malestar ante cambios de rutina, imprevistos o transiciones.;Infantil/Adolescente;medio;"PSP2_SRC002;PSP2_SRC003";Historias sociales;Narrativas breves para anticipar situaciones sociales o rutinas.;bajo;Historia social de situación difícil;Crear historia social para recreo, cambio de clase, excursión o examen.;Anticipar conducta esperada.;bajo;antes de situación;media;El profesional debe adaptar la pauta a edad, contexto escolar, evaluación individual, familia, centro educativo y normativa aplicable. No sustituye diagnóstico ni dictamen oficial.
TEA / Autismo / Asperger;TEA - rigidez ante cambios;Malestar ante cambios de rutina, imprevistos o transiciones.;Infantil/Adolescente;medio;"PSP2_SRC002;PSP2_SRC003";Anticipación de cambios;Preparar transiciones, cambios y alternativas con previsibilidad.;bajo;Plan de transición;Aviso previo, temporizador, opción de cierre y siguiente actividad.;Facilitar cambios.;bajo;cada transición difícil;media;El profesional debe adaptar la pauta a edad, contexto escolar, evaluación individual, familia, centro educativo y normativa aplicable. No sustituye diagnóstico ni dictamen oficial.
TEA / Autismo / Asperger;TEA - rigidez ante cambios;Malestar ante cambios de rutina, imprevistos o transiciones.;Infantil/Adolescente;medio;"PSP2_SRC002;PSP2_SRC003";Perfil sensorial y regulación ambiental;Identificar estímulos y adaptar entorno o pausas sensoriales.;medio;Semáforo de sobrecarga sensorial;Identificar verde/amarillo/rojo y estrategia en cada nivel.;Prevenir crisis por sobrecarga.;medio;diario;alta;El profesional debe adaptar la pauta a edad, contexto escolar, evaluación individual, familia, centro educativo y normativa aplicable. No sustituye diagnóstico ni dictamen oficial.
TEA / Autismo / Asperger;TEA - rigidez ante cambios;Malestar ante cambios de rutina, imprevistos o transiciones.;Infantil/Adolescente;medio;"PSP2_SRC002;PSP2_SRC003";Perfil sensorial y regulación ambiental;Identificar estímulos y adaptar entorno o pausas sensoriales.;medio;Menú de pausas sensoriales;Seleccionar pausas posibles: agua, paseo, auriculares, rincón tranquilo.;Regular activación.;medio;diario;media;El profesional debe adaptar la pauta a edad, contexto escolar, evaluación individual, familia, centro educativo y normativa aplicable. No sustituye diagnóstico ni dictamen oficial.
TEA / Autismo / Asperger;TEA - rigidez ante cambios;Malestar ante cambios de rutina, imprevistos o transiciones.;Infantil/Adolescente;medio;"PSP2_SRC002;PSP2_SRC003";Guiones sociales;Preparar frases, turnos, peticiones o respuestas para situaciones sociales.;bajo;Guion para pedir ayuda;Practicar frases para pedir aclaración, pausa o ayuda.;Mejorar comunicación funcional.;bajo;semanal;media;El profesional debe adaptar la pauta a edad, contexto escolar, evaluación individual, familia, centro educativo y normativa aplicable. No sustituye diagnóstico ni dictamen oficial.
TEA / Autismo / Asperger;TEA - rigidez ante cambios;Malestar ante cambios de rutina, imprevistos o transiciones.;Infantil/Adolescente;medio;"PSP2_SRC002;PSP2_SRC003";Flexibilidad cognitiva guiada;Practicar alternativas, cambios de estrategia y tolerancia a error.;medio;Preparar cambio imprevisto;Ensayar 'plan A/plan B' ante cambios habituales.;Aumentar flexibilidad.;bajo;semanal;media;El profesional debe adaptar la pauta a edad, contexto escolar, evaluación individual, familia, centro educativo y normativa aplicable. No sustituye diagnóstico ni dictamen oficial.
TEA / Autismo / Asperger;TEA - rigidez ante cambios;Malestar ante cambios de rutina, imprevistos o transiciones.;Infantil/Adolescente;medio;"PSP2_SRC002;PSP2_SRC003";Flexibilidad cognitiva guiada;Practicar alternativas, cambios de estrategia y tolerancia a error.;medio;Diario de errores útiles;Registrar un error y qué enseñó.;Reducir perfeccionismo.;bajo;semanal;media;El profesional debe adaptar la pauta a edad, contexto escolar, evaluación individual, familia, centro educativo y normativa aplicable. No sustituye diagnóstico ni dictamen oficial.
TEA / Autismo / Asperger;TEA - rigidez ante cambios;Malestar ante cambios de rutina, imprevistos o transiciones.;Infantil/Adolescente;medio;"PSP2_SRC002;PSP2_SRC003";Flexibilidad cognitiva guiada;Practicar alternativas, cambios de estrategia y tolerancia a error.;medio;Cambio de estrategia guiado;Si no funciona, elegir entre dos estrategias alternativas.;Mejorar flexibilidad.;medio;semanal;media;El profesional debe adaptar la pauta a edad, contexto escolar, evaluación individual, familia, centro educativo y normativa aplicable. No sustituye diagnóstico ni dictamen oficial.
TEA / Autismo / Asperger;TEA - rigidez ante cambios;Malestar ante cambios de rutina, imprevistos o transiciones.;Infantil/Adolescente;medio;"PSP2_SRC002;PSP2_SRC003";Técnicas de regulación emocional;Respiración, pausa, escala de emoción y plan de afrontamiento.;medio;Tarjeta de afrontamiento de examen;Frases útiles, respiración y pasos si aparece bloqueo.;Manejar ansiedad académica.;bajo;antes de examen;media;El profesional debe adaptar la pauta a edad, contexto escolar, evaluación individual, familia, centro educativo y normativa aplicable. No sustituye diagnóstico ni dictamen oficial.
TEA / Autismo / Asperger;TEA - rigidez ante cambios;Malestar ante cambios de rutina, imprevistos o transiciones.;Infantil/Adolescente;medio;"PSP2_SRC002;PSP2_SRC003";Diseño Universal para el Aprendizaje;Ofrecer múltiples formas de acceso, expresión y participación.;bajo;Diseño UDL de una tarea;Ofrecer alternativa de acceso, expresión o participación.;Aumentar inclusión.;bajo;por tarea;media;El profesional debe adaptar la pauta a edad, contexto escolar, evaluación individual, familia, centro educativo y normativa aplicable. No sustituye diagnóstico ni dictamen oficial.
TEA / Autismo / Asperger;TEA - rigidez ante cambios;Malestar ante cambios de rutina, imprevistos o transiciones.;Infantil/Adolescente;medio;"PSP2_SRC002;PSP2_SRC003";Coordinación familia-centro;Acuerdos breves, objetivos compartidos y seguimiento regular.;bajo;Seguimiento familia-centro;Registro breve de objetivo, avance y barrera semanal.;Coordinar apoyos.;bajo;semanal;media;El profesional debe adaptar la pauta a edad, contexto escolar, evaluación individual, familia, centro educativo y normativa aplicable. No sustituye diagnóstico ni dictamen oficial.
TEA / Autismo / Asperger;TEA - intereses restringidos o intensos;Intereses muy focalizados que pueden ser fortaleza o interferencia.;Infantil/Adolescente;bajo;"PSP2_SRC002;PSP2_SRC003";Psicoeducación al alumno y familia;Explicar perfil, fortalezas, necesidades y objetivos de intervención.;bajo;Mapa de fortalezas y necesidades;Identificar fortalezas, dificultades y apoyos necesarios.;Comprender perfil 2e.;bajo;sesión;media;El profesional debe adaptar la pauta a edad, contexto escolar, evaluación individual, familia, centro educativo y normativa aplicable. No sustituye diagnóstico ni dictamen oficial.
TEA / Autismo / Asperger;TEA - intereses restringidos o intensos;Intereses muy focalizados que pueden ser fortaleza o interferencia.;Infantil/Adolescente;bajo;"PSP2_SRC002;PSP2_SRC003";Apoyos visuales;Uso de esquemas, pictogramas, mapas, colores, horarios o plantillas.;bajo;Horario visual diario;Representar actividades del día con texto, pictos o colores.;Aumentar anticipación.;bajo;diario;alta;El profesional debe adaptar la pauta a edad, contexto escolar, evaluación individual, familia, centro educativo y normativa aplicable. No sustituye diagnóstico ni dictamen oficial.
TEA / Autismo / Asperger;TEA - intereses restringidos o intensos;Intereses muy focalizados que pueden ser fortaleza o interferencia.;Infantil/Adolescente;bajo;"PSP2_SRC002;PSP2_SRC003";Historias sociales;Narrativas breves para anticipar situaciones sociales o rutinas.;bajo;Historia social de situación difícil;Crear historia social para recreo, cambio de clase, excursión o examen.;Anticipar conducta esperada.;bajo;antes de situación;media;El profesional debe adaptar la pauta a edad, contexto escolar, evaluación individual, familia, centro educativo y normativa aplicable. No sustituye diagnóstico ni dictamen oficial.
TEA / Autismo / Asperger;TEA - intereses restringidos o intensos;Intereses muy focalizados que pueden ser fortaleza o interferencia.;Infantil/Adolescente;bajo;"PSP2_SRC002;PSP2_SRC003";Anticipación de cambios;Preparar transiciones, cambios y alternativas con previsibilidad.;bajo;Plan de transición;Aviso previo, temporizador, opción de cierre y siguiente actividad.;Facilitar cambios.;bajo;cada transición difícil;media;El profesional debe adaptar la pauta a edad, contexto escolar, evaluación individual, familia, centro educativo y normativa aplicable. No sustituye diagnóstico ni dictamen oficial.
TEA / Autismo / Asperger;TEA - intereses restringidos o intensos;Intereses muy focalizados que pueden ser fortaleza o interferencia.;Infantil/Adolescente;bajo;"PSP2_SRC002;PSP2_SRC003";Perfil sensorial y regulación ambiental;Identificar estímulos y adaptar entorno o pausas sensoriales.;medio;Semáforo de sobrecarga sensorial;Identificar verde/amarillo/rojo y estrategia en cada nivel.;Prevenir crisis por sobrecarga.;medio;diario;alta;El profesional debe adaptar la pauta a edad, contexto escolar, evaluación individual, familia, centro educativo y normativa aplicable. No sustituye diagnóstico ni dictamen oficial.
TEA / Autismo / Asperger;TEA - intereses restringidos o intensos;Intereses muy focalizados que pueden ser fortaleza o interferencia.;Infantil/Adolescente;bajo;"PSP2_SRC002;PSP2_SRC003";Perfil sensorial y regulación ambiental;Identificar estímulos y adaptar entorno o pausas sensoriales.;medio;Menú de pausas sensoriales;Seleccionar pausas posibles: agua, paseo, auriculares, rincón tranquilo.;Regular activación.;medio;diario;media;El profesional debe adaptar la pauta a edad, contexto escolar, evaluación individual, familia, centro educativo y normativa aplicable. No sustituye diagnóstico ni dictamen oficial.
TEA / Autismo / Asperger;TEA - intereses restringidos o intensos;Intereses muy focalizados que pueden ser fortaleza o interferencia.;Infantil/Adolescente;bajo;"PSP2_SRC002;PSP2_SRC003";Guiones sociales;Preparar frases, turnos, peticiones o respuestas para situaciones sociales.;bajo;Guion para pedir ayuda;Practicar frases para pedir aclaración, pausa o ayuda.;Mejorar comunicación funcional.;bajo;semanal;media;El profesional debe adaptar la pauta a edad, contexto escolar, evaluación individual, familia, centro educativo y normativa aplicable. No sustituye diagnóstico ni dictamen oficial.
TEA / Autismo / Asperger;TEA - intereses restringidos o intensos;Intereses muy focalizados que pueden ser fortaleza o interferencia.;Infantil/Adolescente;bajo;"PSP2_SRC002;PSP2_SRC003";Flexibilidad cognitiva guiada;Practicar alternativas, cambios de estrategia y tolerancia a error.;medio;Preparar cambio imprevisto;Ensayar 'plan A/plan B' ante cambios habituales.;Aumentar flexibilidad.;bajo;semanal;media;El profesional debe adaptar la pauta a edad, contexto escolar, evaluación individual, familia, centro educativo y normativa aplicable. No sustituye diagnóstico ni dictamen oficial.
TEA / Autismo / Asperger;TEA - intereses restringidos o intensos;Intereses muy focalizados que pueden ser fortaleza o interferencia.;Infantil/Adolescente;bajo;"PSP2_SRC002;PSP2_SRC003";Flexibilidad cognitiva guiada;Practicar alternativas, cambios de estrategia y tolerancia a error.;medio;Diario de errores útiles;Registrar un error y qué enseñó.;Reducir perfeccionismo.;bajo;semanal;media;El profesional debe adaptar la pauta a edad, contexto escolar, evaluación individual, familia, centro educativo y normativa aplicable. No sustituye diagnóstico ni dictamen oficial.
TEA / Autismo / Asperger;TEA - intereses restringidos o intensos;Intereses muy focalizados que pueden ser fortaleza o interferencia.;Infantil/Adolescente;bajo;"PSP2_SRC002;PSP2_SRC003";Flexibilidad cognitiva guiada;Practicar alternativas, cambios de estrategia y tolerancia a error.;medio;Cambio de estrategia guiado;Si no funciona, elegir entre dos estrategias alternativas.;Mejorar flexibilidad.;medio;semanal;media;El profesional debe adaptar la pauta a edad, contexto escolar, evaluación individual, familia, centro educativo y normativa aplicable. No sustituye diagnóstico ni dictamen oficial.
TEA / Autismo / Asperger;TEA - intereses restringidos o intensos;Intereses muy focalizados que pueden ser fortaleza o interferencia.;Infantil/Adolescente;bajo;"PSP2_SRC002;PSP2_SRC003";Técnicas de regulación emocional;Respiración, pausa, escala de emoción y plan de afrontamiento.;medio;Tarjeta de afrontamiento de examen;Frases útiles, respiración y pasos si aparece bloqueo.;Manejar ansiedad académica.;bajo;antes de examen;media;El profesional debe adaptar la pauta a edad, contexto escolar, evaluación individual, familia, centro educativo y normativa aplicable. No sustituye diagnóstico ni dictamen oficial.
TEA / Autismo / Asperger;TEA - intereses restringidos o intensos;Intereses muy focalizados que pueden ser fortaleza o interferencia.;Infantil/Adolescente;bajo;"PSP2_SRC002;PSP2_SRC003";Diseño Universal para el Aprendizaje;Ofrecer múltiples formas de acceso, expresión y participación.;bajo;Diseño UDL de una tarea;Ofrecer alternativa de acceso, expresión o participación.;Aumentar inclusión.;bajo;por tarea;media;El profesional debe adaptar la pauta a edad, contexto escolar, evaluación individual, familia, centro educativo y normativa aplicable. No sustituye diagnóstico ni dictamen oficial.
TEA / Autismo / Asperger;TEA - intereses restringidos o intensos;Intereses muy focalizados que pueden ser fortaleza o interferencia.;Infantil/Adolescente;bajo;"PSP2_SRC002;PSP2_SRC003";Coordinación familia-centro;Acuerdos breves, objetivos compartidos y seguimiento regular.;bajo;Seguimiento familia-centro;Registro breve de objetivo, avance y barrera semanal.;Coordinar apoyos.;bajo;semanal;media;El profesional debe adaptar la pauta a edad, contexto escolar, evaluación individual, familia, centro educativo y normativa aplicable. No sustituye diagnóstico ni dictamen oficial.
TEA / Autismo / Asperger;TEA - sobrecarga sensorial;Dificultad para tolerar ruido, luz, tacto, multitudes o cambios sensoriales.;Infantil/Adolescente;medio;"PSP2_SRC002;PSP2_SRC003";Psicoeducación al alumno y familia;Explicar perfil, fortalezas, necesidades y objetivos de intervención.;bajo;Mapa de fortalezas y necesidades;Identificar fortalezas, dificultades y apoyos necesarios.;Comprender perfil 2e.;bajo;sesión;media;El profesional debe adaptar la pauta a edad, contexto escolar, evaluación individual, familia, centro educativo y normativa aplicable. No sustituye diagnóstico ni dictamen oficial.
TEA / Autismo / Asperger;TEA - sobrecarga sensorial;Dificultad para tolerar ruido, luz, tacto, multitudes o cambios sensoriales.;Infantil/Adolescente;medio;"PSP2_SRC002;PSP2_SRC003";Apoyos visuales;Uso de esquemas, pictogramas, mapas, colores, horarios o plantillas.;bajo;Horario visual diario;Representar actividades del día con texto, pictos o colores.;Aumentar anticipación.;bajo;diario;alta;El profesional debe adaptar la pauta a edad, contexto escolar, evaluación individual, familia, centro educativo y normativa aplicable. No sustituye diagnóstico ni dictamen oficial.
TEA / Autismo / Asperger;TEA - sobrecarga sensorial;Dificultad para tolerar ruido, luz, tacto, multitudes o cambios sensoriales.;Infantil/Adolescente;medio;"PSP2_SRC002;PSP2_SRC003";Historias sociales;Narrativas breves para anticipar situaciones sociales o rutinas.;bajo;Historia social de situación difícil;Crear historia social para recreo, cambio de clase, excursión o examen.;Anticipar conducta esperada.;bajo;antes de situación;media;El profesional debe adaptar la pauta a edad, contexto escolar, evaluación individual, familia, centro educativo y normativa aplicable. No sustituye diagnóstico ni dictamen oficial.
TEA / Autismo / Asperger;TEA - sobrecarga sensorial;Dificultad para tolerar ruido, luz, tacto, multitudes o cambios sensoriales.;Infantil/Adolescente;medio;"PSP2_SRC002;PSP2_SRC003";Anticipación de cambios;Preparar transiciones, cambios y alternativas con previsibilidad.;bajo;Plan de transición;Aviso previo, temporizador, opción de cierre y siguiente actividad.;Facilitar cambios.;bajo;cada transición difícil;media;El profesional debe adaptar la pauta a edad, contexto escolar, evaluación individual, familia, centro educativo y normativa aplicable. No sustituye diagnóstico ni dictamen oficial.
TEA / Autismo / Asperger;TEA - sobrecarga sensorial;Dificultad para tolerar ruido, luz, tacto, multitudes o cambios sensoriales.;Infantil/Adolescente;medio;"PSP2_SRC002;PSP2_SRC003";Perfil sensorial y regulación ambiental;Identificar estímulos y adaptar entorno o pausas sensoriales.;medio;Semáforo de sobrecarga sensorial;Identificar verde/amarillo/rojo y estrategia en cada nivel.;Prevenir crisis por sobrecarga.;medio;diario;alta;El profesional debe adaptar la pauta a edad, contexto escolar, evaluación individual, familia, centro educativo y normativa aplicable. No sustituye diagnóstico ni dictamen oficial.
TEA / Autismo / Asperger;TEA - sobrecarga sensorial;Dificultad para tolerar ruido, luz, tacto, multitudes o cambios sensoriales.;Infantil/Adolescente;medio;"PSP2_SRC002;PSP2_SRC003";Perfil sensorial y regulación ambiental;Identificar estímulos y adaptar entorno o pausas sensoriales.;medio;Menú de pausas sensoriales;Seleccionar pausas posibles: agua, paseo, auriculares, rincón tranquilo.;Regular activación.;medio;diario;media;El profesional debe adaptar la pauta a edad, contexto escolar, evaluación individual, familia, centro educativo y normativa aplicable. No sustituye diagnóstico ni dictamen oficial.
TEA / Autismo / Asperger;TEA - sobrecarga sensorial;Dificultad para tolerar ruido, luz, tacto, multitudes o cambios sensoriales.;Infantil/Adolescente;medio;"PSP2_SRC002;PSP2_SRC003";Guiones sociales;Preparar frases, turnos, peticiones o respuestas para situaciones sociales.;bajo;Guion para pedir ayuda;Practicar frases para pedir aclaración, pausa o ayuda.;Mejorar comunicación funcional.;bajo;semanal;media;El profesional debe adaptar la pauta a edad, contexto escolar, evaluación individual, familia, centro educativo y normativa aplicable. No sustituye diagnóstico ni dictamen oficial.
TEA / Autismo / Asperger;TEA - sobrecarga sensorial;Dificultad para tolerar ruido, luz, tacto, multitudes o cambios sensoriales.;Infantil/Adolescente;medio;"PSP2_SRC002;PSP2_SRC003";Flexibilidad cognitiva guiada;Practicar alternativas, cambios de estrategia y tolerancia a error.;medio;Preparar cambio imprevisto;Ensayar 'plan A/plan B' ante cambios habituales.;Aumentar flexibilidad.;bajo;semanal;media;El profesional debe adaptar la pauta a edad, contexto escolar, evaluación individual, familia, centro educativo y normativa aplicable. No sustituye diagnóstico ni dictamen oficial.
TEA / Autismo / Asperger;TEA - sobrecarga sensorial;Dificultad para tolerar ruido, luz, tacto, multitudes o cambios sensoriales.;Infantil/Adolescente;medio;"PSP2_SRC002;PSP2_SRC003";Flexibilidad cognitiva guiada;Practicar alternativas, cambios de estrategia y tolerancia a error.;medio;Diario de errores útiles;Registrar un error y qué enseñó.;Reducir perfeccionismo.;bajo;semanal;media;El profesional debe adaptar la pauta a edad, contexto escolar, evaluación individual, familia, centro educativo y normativa aplicable. No sustituye diagnóstico ni dictamen oficial.
TEA / Autismo / Asperger;TEA - sobrecarga sensorial;Dificultad para tolerar ruido, luz, tacto, multitudes o cambios sensoriales.;Infantil/Adolescente;medio;"PSP2_SRC002;PSP2_SRC003";Flexibilidad cognitiva guiada;Practicar alternativas, cambios de estrategia y tolerancia a error.;medio;Cambio de estrategia guiado;Si no funciona, elegir entre dos estrategias alternativas.;Mejorar flexibilidad.;medio;semanal;media;El profesional debe adaptar la pauta a edad, contexto escolar, evaluación individual, familia, centro educativo y normativa aplicable. No sustituye diagnóstico ni dictamen oficial.
TEA / Autismo / Asperger;TEA - sobrecarga sensorial;Dificultad para tolerar ruido, luz, tacto, multitudes o cambios sensoriales.;Infantil/Adolescente;medio;"PSP2_SRC002;PSP2_SRC003";Técnicas de regulación emocional;Respiración, pausa, escala de emoción y plan de afrontamiento.;medio;Tarjeta de afrontamiento de examen;Frases útiles, respiración y pasos si aparece bloqueo.;Manejar ansiedad académica.;bajo;antes de examen;media;El profesional debe adaptar la pauta a edad, contexto escolar, evaluación individual, familia, centro educativo y normativa aplicable. No sustituye diagnóstico ni dictamen oficial.
TEA / Autismo / Asperger;TEA - sobrecarga sensorial;Dificultad para tolerar ruido, luz, tacto, multitudes o cambios sensoriales.;Infantil/Adolescente;medio;"PSP2_SRC002;PSP2_SRC003";Diseño Universal para el Aprendizaje;Ofrecer múltiples formas de acceso, expresión y participación.;bajo;Diseño UDL de una tarea;Ofrecer alternativa de acceso, expresión o participación.;Aumentar inclusión.;bajo;por tarea;media;El profesional debe adaptar la pauta a edad, contexto escolar, evaluación individual, familia, centro educativo y normativa aplicable. No sustituye diagnóstico ni dictamen oficial.
TEA / Autismo / Asperger;TEA - sobrecarga sensorial;Dificultad para tolerar ruido, luz, tacto, multitudes o cambios sensoriales.;Infantil/Adolescente;medio;"PSP2_SRC002;PSP2_SRC003";Coordinación familia-centro;Acuerdos breves, objetivos compartidos y seguimiento regular.;bajo;Seguimiento familia-centro;Registro breve de objetivo, avance y barrera semanal.;Coordinar apoyos.;bajo;semanal;media;El profesional debe adaptar la pauta a edad, contexto escolar, evaluación individual, familia, centro educativo y normativa aplicable. No sustituye diagnóstico ni dictamen oficial.
TEA / Autismo / Asperger;TEA - dificultad en juego o interacción con iguales;Problemas para iniciar, mantener o comprender dinámicas con compañeros.;Infantil;medio;"PSP2_SRC002;PSP2_SRC003";Psicoeducación al alumno y familia;Explicar perfil, fortalezas, necesidades y objetivos de intervención.;bajo;Mapa de fortalezas y necesidades;Identificar fortalezas, dificultades y apoyos necesarios.;Comprender perfil 2e.;bajo;sesión;media;El profesional debe adaptar la pauta a edad, contexto escolar, evaluación individual, familia, centro educativo y normativa aplicable. No sustituye diagnóstico ni dictamen oficial.
TEA / Autismo / Asperger;TEA - dificultad en juego o interacción con iguales;Problemas para iniciar, mantener o comprender dinámicas con compañeros.;Infantil;medio;"PSP2_SRC002;PSP2_SRC003";Apoyos visuales;Uso de esquemas, pictogramas, mapas, colores, horarios o plantillas.;bajo;Horario visual diario;Representar actividades del día con texto, pictos o colores.;Aumentar anticipación.;bajo;diario;alta;El profesional debe adaptar la pauta a edad, contexto escolar, evaluación individual, familia, centro educativo y normativa aplicable. No sustituye diagnóstico ni dictamen oficial.
TEA / Autismo / Asperger;TEA - dificultad en juego o interacción con iguales;Problemas para iniciar, mantener o comprender dinámicas con compañeros.;Infantil;medio;"PSP2_SRC002;PSP2_SRC003";Historias sociales;Narrativas breves para anticipar situaciones sociales o rutinas.;bajo;Historia social de situación difícil;Crear historia social para recreo, cambio de clase, excursión o examen.;Anticipar conducta esperada.;bajo;antes de situación;media;El profesional debe adaptar la pauta a edad, contexto escolar, evaluación individual, familia, centro educativo y normativa aplicable. No sustituye diagnóstico ni dictamen oficial.
TEA / Autismo / Asperger;TEA - dificultad en juego o interacción con iguales;Problemas para iniciar, mantener o comprender dinámicas con compañeros.;Infantil;medio;"PSP2_SRC002;PSP2_SRC003";Anticipación de cambios;Preparar transiciones, cambios y alternativas con previsibilidad.;bajo;Plan de transición;Aviso previo, temporizador, opción de cierre y siguiente actividad.;Facilitar cambios.;bajo;cada transición difícil;media;El profesional debe adaptar la pauta a edad, contexto escolar, evaluación individual, familia, centro educativo y normativa aplicable. No sustituye diagnóstico ni dictamen oficial.
TEA / Autismo / Asperger;TEA - dificultad en juego o interacción con iguales;Problemas para iniciar, mantener o comprender dinámicas con compañeros.;Infantil;medio;"PSP2_SRC002;PSP2_SRC003";Perfil sensorial y regulación ambiental;Identificar estímulos y adaptar entorno o pausas sensoriales.;medio;Semáforo de sobrecarga sensorial;Identificar verde/amarillo/rojo y estrategia en cada nivel.;Prevenir crisis por sobrecarga.;medio;diario;alta;El profesional debe adaptar la pauta a edad, contexto escolar, evaluación individual, familia, centro educativo y normativa aplicable. No sustituye diagnóstico ni dictamen oficial.
TEA / Autismo / Asperger;TEA - dificultad en juego o interacción con iguales;Problemas para iniciar, mantener o comprender dinámicas con compañeros.;Infantil;medio;"PSP2_SRC002;PSP2_SRC003";Perfil sensorial y regulación ambiental;Identificar estímulos y adaptar entorno o pausas sensoriales.;medio;Menú de pausas sensoriales;Seleccionar pausas posibles: agua, paseo, auriculares, rincón tranquilo.;Regular activación.;medio;diario;media;El profesional debe adaptar la pauta a edad, contexto escolar, evaluación individual, familia, centro educativo y normativa aplicable. No sustituye diagnóstico ni dictamen oficial.
TEA / Autismo / Asperger;TEA - dificultad en juego o interacción con iguales;Problemas para iniciar, mantener o comprender dinámicas con compañeros.;Infantil;medio;"PSP2_SRC002;PSP2_SRC003";Guiones sociales;Preparar frases, turnos, peticiones o respuestas para situaciones sociales.;bajo;Guion para pedir ayuda;Practicar frases para pedir aclaración, pausa o ayuda.;Mejorar comunicación funcional.;bajo;semanal;media;El profesional debe adaptar la pauta a edad, contexto escolar, evaluación individual, familia, centro educativo y normativa aplicable. No sustituye diagnóstico ni dictamen oficial.
TEA / Autismo / Asperger;TEA - dificultad en juego o interacción con iguales;Problemas para iniciar, mantener o comprender dinámicas con compañeros.;Infantil;medio;"PSP2_SRC002;PSP2_SRC003";Flexibilidad cognitiva guiada;Practicar alternativas, cambios de estrategia y tolerancia a error.;medio;Preparar cambio imprevisto;Ensayar 'plan A/plan B' ante cambios habituales.;Aumentar flexibilidad.;bajo;semanal;media;El profesional debe adaptar la pauta a edad, contexto escolar, evaluación individual, familia, centro educativo y normativa aplicable. No sustituye diagnóstico ni dictamen oficial.
TEA / Autismo / Asperger;TEA - dificultad en juego o interacción con iguales;Problemas para iniciar, mantener o comprender dinámicas con compañeros.;Infantil;medio;"PSP2_SRC002;PSP2_SRC003";Flexibilidad cognitiva guiada;Practicar alternativas, cambios de estrategia y tolerancia a error.;medio;Diario de errores útiles;Registrar un error y qué enseñó.;Reducir perfeccionismo.;bajo;semanal;media;El profesional debe adaptar la pauta a edad, contexto escolar, evaluación individual, familia, centro educativo y normativa aplicable. No sustituye diagnóstico ni dictamen oficial.
TEA / Autismo / Asperger;TEA - dificultad en juego o interacción con iguales;Problemas para iniciar, mantener o comprender dinámicas con compañeros.;Infantil;medio;"PSP2_SRC002;PSP2_SRC003";Flexibilidad cognitiva guiada;Practicar alternativas, cambios de estrategia y tolerancia a error.;medio;Cambio de estrategia guiado;Si no funciona, elegir entre dos estrategias alternativas.;Mejorar flexibilidad.;medio;semanal;media;El profesional debe adaptar la pauta a edad, contexto escolar, evaluación individual, familia, centro educativo y normativa aplicable. No sustituye diagnóstico ni dictamen oficial.
TEA / Autismo / Asperger;TEA - dificultad en juego o interacción con iguales;Problemas para iniciar, mantener o comprender dinámicas con compañeros.;Infantil;medio;"PSP2_SRC002;PSP2_SRC003";Técnicas de regulación emocional;Respiración, pausa, escala de emoción y plan de afrontamiento.;medio;Tarjeta de afrontamiento de examen;Frases útiles, respiración y pasos si aparece bloqueo.;Manejar ansiedad académica.;bajo;antes de examen;media;El profesional debe adaptar la pauta a edad, contexto escolar, evaluación individual, familia, centro educativo y normativa aplicable. No sustituye diagnóstico ni dictamen oficial.
TEA / Autismo / Asperger;TEA - dificultad en juego o interacción con iguales;Problemas para iniciar, mantener o comprender dinámicas con compañeros.;Infantil;medio;"PSP2_SRC002;PSP2_SRC003";Diseño Universal para el Aprendizaje;Ofrecer múltiples formas de acceso, expresión y participación.;bajo;Diseño UDL de una tarea;Ofrecer alternativa de acceso, expresión o participación.;Aumentar inclusión.;bajo;por tarea;media;El profesional debe adaptar la pauta a edad, contexto escolar, evaluación individual, familia, centro educativo y normativa aplicable. No sustituye diagnóstico ni dictamen oficial.
TEA / Autismo / Asperger;TEA - dificultad en juego o interacción con iguales;Problemas para iniciar, mantener o comprender dinámicas con compañeros.;Infantil;medio;"PSP2_SRC002;PSP2_SRC003";Coordinación familia-centro;Acuerdos breves, objetivos compartidos y seguimiento regular.;bajo;Seguimiento familia-centro;Registro breve de objetivo, avance y barrera semanal.;Coordinar apoyos.;bajo;semanal;media;El profesional debe adaptar la pauta a edad, contexto escolar, evaluación individual, familia, centro educativo y normativa aplicable. No sustituye diagnóstico ni dictamen oficial.
TEA / Autismo / Asperger;TEA - necesidad de anticipación;Ansiedad o bloqueo cuando no se conoce lo que va a ocurrir.;Infantil/Adolescente;bajo;"PSP2_SRC002;PSP2_SRC007";Psicoeducación al alumno y familia;Explicar perfil, fortalezas, necesidades y objetivos de intervención.;bajo;Mapa de fortalezas y necesidades;Identificar fortalezas, dificultades y apoyos necesarios.;Comprender perfil 2e.;bajo;sesión;media;El profesional debe adaptar la pauta a edad, contexto escolar, evaluación individual, familia, centro educativo y normativa aplicable. No sustituye diagnóstico ni dictamen oficial.
TEA / Autismo / Asperger;TEA - necesidad de anticipación;Ansiedad o bloqueo cuando no se conoce lo que va a ocurrir.;Infantil/Adolescente;bajo;"PSP2_SRC002;PSP2_SRC007";Apoyos visuales;Uso de esquemas, pictogramas, mapas, colores, horarios o plantillas.;bajo;Horario visual diario;Representar actividades del día con texto, pictos o colores.;Aumentar anticipación.;bajo;diario;alta;El profesional debe adaptar la pauta a edad, contexto escolar, evaluación individual, familia, centro educativo y normativa aplicable. No sustituye diagnóstico ni dictamen oficial.
TEA / Autismo / Asperger;TEA - necesidad de anticipación;Ansiedad o bloqueo cuando no se conoce lo que va a ocurrir.;Infantil/Adolescente;bajo;"PSP2_SRC002;PSP2_SRC007";Historias sociales;Narrativas breves para anticipar situaciones sociales o rutinas.;bajo;Historia social de situación difícil;Crear historia social para recreo, cambio de clase, excursión o examen.;Anticipar conducta esperada.;bajo;antes de situación;media;El profesional debe adaptar la pauta a edad, contexto escolar, evaluación individual, familia, centro educativo y normativa aplicable. No sustituye diagnóstico ni dictamen oficial.
TEA / Autismo / Asperger;TEA - necesidad de anticipación;Ansiedad o bloqueo cuando no se conoce lo que va a ocurrir.;Infantil/Adolescente;bajo;"PSP2_SRC002;PSP2_SRC007";Anticipación de cambios;Preparar transiciones, cambios y alternativas con previsibilidad.;bajo;Plan de transición;Aviso previo, temporizador, opción de cierre y siguiente actividad.;Facilitar cambios.;bajo;cada transición difícil;media;El profesional debe adaptar la pauta a edad, contexto escolar, evaluación individual, familia, centro educativo y normativa aplicable. No sustituye diagnóstico ni dictamen oficial.
TEA / Autismo / Asperger;TEA - necesidad de anticipación;Ansiedad o bloqueo cuando no se conoce lo que va a ocurrir.;Infantil/Adolescente;bajo;"PSP2_SRC002;PSP2_SRC007";Perfil sensorial y regulación ambiental;Identificar estímulos y adaptar entorno o pausas sensoriales.;medio;Semáforo de sobrecarga sensorial;Identificar verde/amarillo/rojo y estrategia en cada nivel.;Prevenir crisis por sobrecarga.;medio;diario;alta;El profesional debe adaptar la pauta a edad, contexto escolar, evaluación individual, familia, centro educativo y normativa aplicable. No sustituye diagnóstico ni dictamen oficial.
TEA / Autismo / Asperger;TEA - necesidad de anticipación;Ansiedad o bloqueo cuando no se conoce lo que va a ocurrir.;Infantil/Adolescente;bajo;"PSP2_SRC002;PSP2_SRC007";Perfil sensorial y regulación ambiental;Identificar estímulos y adaptar entorno o pausas sensoriales.;medio;Menú de pausas sensoriales;Seleccionar pausas posibles: agua, paseo, auriculares, rincón tranquilo.;Regular activación.;medio;diario;media;El profesional debe adaptar la pauta a edad, contexto escolar, evaluación individual, familia, centro educativo y normativa aplicable. No sustituye diagnóstico ni dictamen oficial.
TEA / Autismo / Asperger;TEA - necesidad de anticipación;Ansiedad o bloqueo cuando no se conoce lo que va a ocurrir.;Infantil/Adolescente;bajo;"PSP2_SRC002;PSP2_SRC007";Guiones sociales;Preparar frases, turnos, peticiones o respuestas para situaciones sociales.;bajo;Guion para pedir ayuda;Practicar frases para pedir aclaración, pausa o ayuda.;Mejorar comunicación funcional.;bajo;semanal;media;El profesional debe adaptar la pauta a edad, contexto escolar, evaluación individual, familia, centro educativo y normativa aplicable. No sustituye diagnóstico ni dictamen oficial.
TEA / Autismo / Asperger;TEA - necesidad de anticipación;Ansiedad o bloqueo cuando no se conoce lo que va a ocurrir.;Infantil/Adolescente;bajo;"PSP2_SRC002;PSP2_SRC007";Flexibilidad cognitiva guiada;Practicar alternativas, cambios de estrategia y tolerancia a error.;medio;Preparar cambio imprevisto;Ensayar 'plan A/plan B' ante cambios habituales.;Aumentar flexibilidad.;bajo;semanal;media;El profesional debe adaptar la pauta a edad, contexto escolar, evaluación individual, familia, centro educativo y normativa aplicable. No sustituye diagnóstico ni dictamen oficial.
TEA / Autismo / Asperger;TEA - necesidad de anticipación;Ansiedad o bloqueo cuando no se conoce lo que va a ocurrir.;Infantil/Adolescente;bajo;"PSP2_SRC002;PSP2_SRC007";Flexibilidad cognitiva guiada;Practicar alternativas, cambios de estrategia y tolerancia a error.;medio;Diario de errores útiles;Registrar un error y qué enseñó.;Reducir perfeccionismo.;bajo;semanal;media;El profesional debe adaptar la pauta a edad, contexto escolar, evaluación individual, familia, centro educativo y normativa aplicable. No sustituye diagnóstico ni dictamen oficial.
TEA / Autismo / Asperger;TEA - necesidad de anticipación;Ansiedad o bloqueo cuando no se conoce lo que va a ocurrir.;Infantil/Adolescente;bajo;"PSP2_SRC002;PSP2_SRC007";Flexibilidad cognitiva guiada;Practicar alternativas, cambios de estrategia y tolerancia a error.;medio;Cambio de estrategia guiado;Si no funciona, elegir entre dos estrategias alternativas.;Mejorar flexibilidad.;medio;semanal;media;El profesional debe adaptar la pauta a edad, contexto escolar, evaluación individual, familia, centro educativo y normativa aplicable. No sustituye diagnóstico ni dictamen oficial.
TEA / Autismo / Asperger;TEA - necesidad de anticipación;Ansiedad o bloqueo cuando no se conoce lo que va a ocurrir.;Infantil/Adolescente;bajo;"PSP2_SRC002;PSP2_SRC007";Técnicas de regulación emocional;Respiración, pausa, escala de emoción y plan de afrontamiento.;medio;Tarjeta de afrontamiento de examen;Frases útiles, respiración y pasos si aparece bloqueo.;Manejar ansiedad académica.;bajo;antes de examen;media;El profesional debe adaptar la pauta a edad, contexto escolar, evaluación individual, familia, centro educativo y normativa aplicable. No sustituye diagnóstico ni dictamen oficial.
TEA / Autismo / Asperger;TEA - necesidad de anticipación;Ansiedad o bloqueo cuando no se conoce lo que va a ocurrir.;Infantil/Adolescente;bajo;"PSP2_SRC002;PSP2_SRC007";Diseño Universal para el Aprendizaje;Ofrecer múltiples formas de acceso, expresión y participación.;bajo;Diseño UDL de una tarea;Ofrecer alternativa de acceso, expresión o participación.;Aumentar inclusión.;bajo;por tarea;media;El profesional debe adaptar la pauta a edad, contexto escolar, evaluación individual, familia, centro educativo y normativa aplicable. No sustituye diagnóstico ni dictamen oficial.
TEA / Autismo / Asperger;TEA - necesidad de anticipación;Ansiedad o bloqueo cuando no se conoce lo que va a ocurrir.;Infantil/Adolescente;bajo;"PSP2_SRC002;PSP2_SRC007";Coordinación familia-centro;Acuerdos breves, objetivos compartidos y seguimiento regular.;bajo;Seguimiento familia-centro;Registro breve de objetivo, avance y barrera semanal.;Coordinar apoyos.;bajo;semanal;media;El profesional debe adaptar la pauta a edad, contexto escolar, evaluación individual, familia, centro educativo y normativa aplicable. No sustituye diagnóstico ni dictamen oficial.
TEA / Autismo / Asperger;Asperger - perfil histórico dentro del TEA;Uso del término Asperger por familia/profesional como referencia histórica del espectro autista.;Adolescente;bajo;"PSP2_SRC002;PSP2_SRC003";Psicoeducación al alumno y familia;Explicar perfil, fortalezas, necesidades y objetivos de intervención.;bajo;Mapa de fortalezas y necesidades;Identificar fortalezas, dificultades y apoyos necesarios.;Comprender perfil 2e.;bajo;sesión;media;El profesional debe adaptar la pauta a edad, contexto escolar, evaluación individual, familia, centro educativo y normativa aplicable. No sustituye diagnóstico ni dictamen oficial.
TEA / Autismo / Asperger;Asperger - perfil histórico dentro del TEA;Uso del término Asperger por familia/profesional como referencia histórica del espectro autista.;Adolescente;bajo;"PSP2_SRC002;PSP2_SRC003";Apoyos visuales;Uso de esquemas, pictogramas, mapas, colores, horarios o plantillas.;bajo;Horario visual diario;Representar actividades del día con texto, pictos o colores.;Aumentar anticipación.;bajo;diario;alta;El profesional debe adaptar la pauta a edad, contexto escolar, evaluación individual, familia, centro educativo y normativa aplicable. No sustituye diagnóstico ni dictamen oficial.
TEA / Autismo / Asperger;Asperger - perfil histórico dentro del TEA;Uso del término Asperger por familia/profesional como referencia histórica del espectro autista.;Adolescente;bajo;"PSP2_SRC002;PSP2_SRC003";Historias sociales;Narrativas breves para anticipar situaciones sociales o rutinas.;bajo;Historia social de situación difícil;Crear historia social para recreo, cambio de clase, excursión o examen.;Anticipar conducta esperada.;bajo;antes de situación;media;El profesional debe adaptar la pauta a edad, contexto escolar, evaluación individual, familia, centro educativo y normativa aplicable. No sustituye diagnóstico ni dictamen oficial.
TEA / Autismo / Asperger;Asperger - perfil histórico dentro del TEA;Uso del término Asperger por familia/profesional como referencia histórica del espectro autista.;Adolescente;bajo;"PSP2_SRC002;PSP2_SRC003";Anticipación de cambios;Preparar transiciones, cambios y alternativas con previsibilidad.;bajo;Plan de transición;Aviso previo, temporizador, opción de cierre y siguiente actividad.;Facilitar cambios.;bajo;cada transición difícil;media;El profesional debe adaptar la pauta a edad, contexto escolar, evaluación individual, familia, centro educativo y normativa aplicable. No sustituye diagnóstico ni dictamen oficial.
TEA / Autismo / Asperger;Asperger - perfil histórico dentro del TEA;Uso del término Asperger por familia/profesional como referencia histórica del espectro autista.;Adolescente;bajo;"PSP2_SRC002;PSP2_SRC003";Perfil sensorial y regulación ambiental;Identificar estímulos y adaptar entorno o pausas sensoriales.;medio;Semáforo de sobrecarga sensorial;Identificar verde/amarillo/rojo y estrategia en cada nivel.;Prevenir crisis por sobrecarga.;medio;diario;alta;El profesional debe adaptar la pauta a edad, contexto escolar, evaluación individual, familia, centro educativo y normativa aplicable. No sustituye diagnóstico ni dictamen oficial.
TEA / Autismo / Asperger;Asperger - perfil histórico dentro del TEA;Uso del término Asperger por familia/profesional como referencia histórica del espectro autista.;Adolescente;bajo;"PSP2_SRC002;PSP2_SRC003";Perfil sensorial y regulación ambiental;Identificar estímulos y adaptar entorno o pausas sensoriales.;medio;Menú de pausas sensoriales;Seleccionar pausas posibles: agua, paseo, auriculares, rincón tranquilo.;Regular activación.;medio;diario;media;El profesional debe adaptar la pauta a edad, contexto escolar, evaluación individual, familia, centro educativo y normativa aplicable. No sustituye diagnóstico ni dictamen oficial.
TEA / Autismo / Asperger;Asperger - perfil histórico dentro del TEA;Uso del término Asperger por familia/profesional como referencia histórica del espectro autista.;Adolescente;bajo;"PSP2_SRC002;PSP2_SRC003";Guiones sociales;Preparar frases, turnos, peticiones o respuestas para situaciones sociales.;bajo;Guion para pedir ayuda;Practicar frases para pedir aclaración, pausa o ayuda.;Mejorar comunicación funcional.;bajo;semanal;media;El profesional debe adaptar la pauta a edad, contexto escolar, evaluación individual, familia, centro educativo y normativa aplicable. No sustituye diagnóstico ni dictamen oficial.
TEA / Autismo / Asperger;Asperger - perfil histórico dentro del TEA;Uso del término Asperger por familia/profesional como referencia histórica del espectro autista.;Adolescente;bajo;"PSP2_SRC002;PSP2_SRC003";Flexibilidad cognitiva guiada;Practicar alternativas, cambios de estrategia y tolerancia a error.;medio;Preparar cambio imprevisto;Ensayar 'plan A/plan B' ante cambios habituales.;Aumentar flexibilidad.;bajo;semanal;media;El profesional debe adaptar la pauta a edad, contexto escolar, evaluación individual, familia, centro educativo y normativa aplicable. No sustituye diagnóstico ni dictamen oficial.
TEA / Autismo / Asperger;Asperger - perfil histórico dentro del TEA;Uso del término Asperger por familia/profesional como referencia histórica del espectro autista.;Adolescente;bajo;"PSP2_SRC002;PSP2_SRC003";Flexibilidad cognitiva guiada;Practicar alternativas, cambios de estrategia y tolerancia a error.;medio;Diario de errores útiles;Registrar un error y qué enseñó.;Reducir perfeccionismo.;bajo;semanal;media;El profesional debe adaptar la pauta a edad, contexto escolar, evaluación individual, familia, centro educativo y normativa aplicable. No sustituye diagnóstico ni dictamen oficial.
TEA / Autismo / Asperger;Asperger - perfil histórico dentro del TEA;Uso del término Asperger por familia/profesional como referencia histórica del espectro autista.;Adolescente;bajo;"PSP2_SRC002;PSP2_SRC003";Flexibilidad cognitiva guiada;Practicar alternativas, cambios de estrategia y tolerancia a error.;medio;Cambio de estrategia guiado;Si no funciona, elegir entre dos estrategias alternativas.;Mejorar flexibilidad.;medio;semanal;media;El profesional debe adaptar la pauta a edad, contexto escolar, evaluación individual, familia, centro educativo y normativa aplicable. No sustituye diagnóstico ni dictamen oficial.
TEA / Autismo / Asperger;Asperger - perfil histórico dentro del TEA;Uso del término Asperger por familia/profesional como referencia histórica del espectro autista.;Adolescente;bajo;"PSP2_SRC002;PSP2_SRC003";Técnicas de regulación emocional;Respiración, pausa, escala de emoción y plan de afrontamiento.;medio;Tarjeta de afrontamiento de examen;Frases útiles, respiración y pasos si aparece bloqueo.;Manejar ansiedad académica.;bajo;antes de examen;media;El profesional debe adaptar la pauta a edad, contexto escolar, evaluación individual, familia, centro educativo y normativa aplicable. No sustituye diagnóstico ni dictamen oficial.
TEA / Autismo / Asperger;Asperger - perfil histórico dentro del TEA;Uso del término Asperger por familia/profesional como referencia histórica del espectro autista.;Adolescente;bajo;"PSP2_SRC002;PSP2_SRC003";Diseño Universal para el Aprendizaje;Ofrecer múltiples formas de acceso, expresión y participación.;bajo;Diseño UDL de una tarea;Ofrecer alternativa de acceso, expresión o participación.;Aumentar inclusión.;bajo;por tarea;media;El profesional debe adaptar la pauta a edad, contexto escolar, evaluación individual, familia, centro educativo y normativa aplicable. No sustituye diagnóstico ni dictamen oficial.
TEA / Autismo / Asperger;Asperger - perfil histórico dentro del TEA;Uso del término Asperger por familia/profesional como referencia histórica del espectro autista.;Adolescente;bajo;"PSP2_SRC002;PSP2_SRC003";Coordinación familia-centro;Acuerdos breves, objetivos compartidos y seguimiento regular.;bajo;Seguimiento familia-centro;Registro breve de objetivo, avance y barrera semanal.;Coordinar apoyos.;bajo;semanal;media;El profesional debe adaptar la pauta a edad, contexto escolar, evaluación individual, familia, centro educativo y normativa aplicable. No sustituye diagnóstico ni dictamen oficial.
TEA / Autismo / Asperger;TEA - comprensión literal del lenguaje;Dificultad con ironías, dobles sentidos, metáforas o inferencias sociales.;Infantil/Adolescente;bajo;"PSP2_SRC002;PSP2_SRC010";Psicoeducación al alumno y familia;Explicar perfil, fortalezas, necesidades y objetivos de intervención.;bajo;Mapa de fortalezas y necesidades;Identificar fortalezas, dificultades y apoyos necesarios.;Comprender perfil 2e.;bajo;sesión;media;El profesional debe adaptar la pauta a edad, contexto escolar, evaluación individual, familia, centro educativo y normativa aplicable. No sustituye diagnóstico ni dictamen oficial.
TEA / Autismo / Asperger;TEA - comprensión literal del lenguaje;Dificultad con ironías, dobles sentidos, metáforas o inferencias sociales.;Infantil/Adolescente;bajo;"PSP2_SRC002;PSP2_SRC010";Apoyos visuales;Uso de esquemas, pictogramas, mapas, colores, horarios o plantillas.;bajo;Horario visual diario;Representar actividades del día con texto, pictos o colores.;Aumentar anticipación.;bajo;diario;alta;El profesional debe adaptar la pauta a edad, contexto escolar, evaluación individual, familia, centro educativo y normativa aplicable. No sustituye diagnóstico ni dictamen oficial.
TEA / Autismo / Asperger;TEA - comprensión literal del lenguaje;Dificultad con ironías, dobles sentidos, metáforas o inferencias sociales.;Infantil/Adolescente;bajo;"PSP2_SRC002;PSP2_SRC010";Historias sociales;Narrativas breves para anticipar situaciones sociales o rutinas.;bajo;Historia social de situación difícil;Crear historia social para recreo, cambio de clase, excursión o examen.;Anticipar conducta esperada.;bajo;antes de situación;media;El profesional debe adaptar la pauta a edad, contexto escolar, evaluación individual, familia, centro educativo y normativa aplicable. No sustituye diagnóstico ni dictamen oficial.
TEA / Autismo / Asperger;TEA - comprensión literal del lenguaje;Dificultad con ironías, dobles sentidos, metáforas o inferencias sociales.;Infantil/Adolescente;bajo;"PSP2_SRC002;PSP2_SRC010";Anticipación de cambios;Preparar transiciones, cambios y alternativas con previsibilidad.;bajo;Plan de transición;Aviso previo, temporizador, opción de cierre y siguiente actividad.;Facilitar cambios.;bajo;cada transición difícil;media;El profesional debe adaptar la pauta a edad, contexto escolar, evaluación individual, familia, centro educativo y normativa aplicable. No sustituye diagnóstico ni dictamen oficial.
TEA / Autismo / Asperger;TEA - comprensión literal del lenguaje;Dificultad con ironías, dobles sentidos, metáforas o inferencias sociales.;Infantil/Adolescente;bajo;"PSP2_SRC002;PSP2_SRC010";Perfil sensorial y regulación ambiental;Identificar estímulos y adaptar entorno o pausas sensoriales.;medio;Semáforo de sobrecarga sensorial;Identificar verde/amarillo/rojo y estrategia en cada nivel.;Prevenir crisis por sobrecarga.;medio;diario;alta;El profesional debe adaptar la pauta a edad, contexto escolar, evaluación individual, familia, centro educativo y normativa aplicable. No sustituye diagnóstico ni dictamen oficial.
TEA / Autismo / Asperger;TEA - comprensión literal del lenguaje;Dificultad con ironías, dobles sentidos, metáforas o inferencias sociales.;Infantil/Adolescente;bajo;"PSP2_SRC002;PSP2_SRC010";Perfil sensorial y regulación ambiental;Identificar estímulos y adaptar entorno o pausas sensoriales.;medio;Menú de pausas sensoriales;Seleccionar pausas posibles: agua, paseo, auriculares, rincón tranquilo.;Regular activación.;medio;diario;media;El profesional debe adaptar la pauta a edad, contexto escolar, evaluación individual, familia, centro educativo y normativa aplicable. No sustituye diagnóstico ni dictamen oficial.
TEA / Autismo / Asperger;TEA - comprensión literal del lenguaje;Dificultad con ironías, dobles sentidos, metáforas o inferencias sociales.;Infantil/Adolescente;bajo;"PSP2_SRC002;PSP2_SRC010";Guiones sociales;Preparar frases, turnos, peticiones o respuestas para situaciones sociales.;bajo;Guion para pedir ayuda;Practicar frases para pedir aclaración, pausa o ayuda.;Mejorar comunicación funcional.;bajo;semanal;media;El profesional debe adaptar la pauta a edad, contexto escolar, evaluación individual, familia, centro educativo y normativa aplicable. No sustituye diagnóstico ni dictamen oficial.
TEA / Autismo / Asperger;TEA - comprensión literal del lenguaje;Dificultad con ironías, dobles sentidos, metáforas o inferencias sociales.;Infantil/Adolescente;bajo;"PSP2_SRC002;PSP2_SRC010";Flexibilidad cognitiva guiada;Practicar alternativas, cambios de estrategia y tolerancia a error.;medio;Preparar cambio imprevisto;Ensayar 'plan A/plan B' ante cambios habituales.;Aumentar flexibilidad.;bajo;semanal;media;El profesional debe adaptar la pauta a edad, contexto escolar, evaluación individual, familia, centro educativo y normativa aplicable. No sustituye diagnóstico ni dictamen oficial.
TEA / Autismo / Asperger;TEA - comprensión literal del lenguaje;Dificultad con ironías, dobles sentidos, metáforas o inferencias sociales.;Infantil/Adolescente;bajo;"PSP2_SRC002;PSP2_SRC010";Flexibilidad cognitiva guiada;Practicar alternativas, cambios de estrategia y tolerancia a error.;medio;Diario de errores útiles;Registrar un error y qué enseñó.;Reducir perfeccionismo.;bajo;semanal;media;El profesional debe adaptar la pauta a edad, contexto escolar, evaluación individual, familia, centro educativo y normativa aplicable. No sustituye diagnóstico ni dictamen oficial.
TEA / Autismo / Asperger;TEA - comprensión literal del lenguaje;Dificultad con ironías, dobles sentidos, metáforas o inferencias sociales.;Infantil/Adolescente;bajo;"PSP2_SRC002;PSP2_SRC010";Flexibilidad cognitiva guiada;Practicar alternativas, cambios de estrategia y tolerancia a error.;medio;Cambio de estrategia guiado;Si no funciona, elegir entre dos estrategias alternativas.;Mejorar flexibilidad.;medio;semanal;media;El profesional debe adaptar la pauta a edad, contexto escolar, evaluación individual, familia, centro educativo y normativa aplicable. No sustituye diagnóstico ni dictamen oficial.
TEA / Autismo / Asperger;TEA - comprensión literal del lenguaje;Dificultad con ironías, dobles sentidos, metáforas o inferencias sociales.;Infantil/Adolescente;bajo;"PSP2_SRC002;PSP2_SRC010";Técnicas de regulación emocional;Respiración, pausa, escala de emoción y plan de afrontamiento.;medio;Tarjeta de afrontamiento de examen;Frases útiles, respiración y pasos si aparece bloqueo.;Manejar ansiedad académica.;bajo;antes de examen;media;El profesional debe adaptar la pauta a edad, contexto escolar, evaluación individual, familia, centro educativo y normativa aplicable. No sustituye diagnóstico ni dictamen oficial.
TEA / Autismo / Asperger;TEA - comprensión literal del lenguaje;Dificultad con ironías, dobles sentidos, metáforas o inferencias sociales.;Infantil/Adolescente;bajo;"PSP2_SRC002;PSP2_SRC010";Diseño Universal para el Aprendizaje;Ofrecer múltiples formas de acceso, expresión y participación.;bajo;Diseño UDL de una tarea;Ofrecer alternativa de acceso, expresión o participación.;Aumentar inclusión.;bajo;por tarea;media;El profesional debe adaptar la pauta a edad, contexto escolar, evaluación individual, familia, centro educativo y normativa aplicable. No sustituye diagnóstico ni dictamen oficial.
TEA / Autismo / Asperger;TEA - comprensión literal del lenguaje;Dificultad con ironías, dobles sentidos, metáforas o inferencias sociales.;Infantil/Adolescente;bajo;"PSP2_SRC002;PSP2_SRC010";Coordinación familia-centro;Acuerdos breves, objetivos compartidos y seguimiento regular.;bajo;Seguimiento familia-centro;Registro breve de objetivo, avance y barrera semanal.;Coordinar apoyos.;bajo;semanal;media;El profesional debe adaptar la pauta a edad, contexto escolar, evaluación individual, familia, centro educativo y normativa aplicable. No sustituye diagnóstico ni dictamen oficial.
Altas Capacidades y doble excepcionalidad;Altas Capacidades - aburrimiento curricular;Desmotivación por tareas repetitivas o baja demanda cognitiva.;Infantil/Adolescente;bajo;PSP2_SRC014;Psicoeducación al alumno y familia;Explicar perfil, fortalezas, necesidades y objetivos de intervención.;bajo;Mapa de fortalezas y necesidades;Identificar fortalezas, dificultades y apoyos necesarios.;Comprender perfil 2e.;bajo;sesión;media;El profesional debe adaptar la pauta a edad, contexto escolar, evaluación individual, familia, centro educativo y normativa aplicable. No sustituye diagnóstico ni dictamen oficial.
Altas Capacidades y doble excepcionalidad;Altas Capacidades - aburrimiento curricular;Desmotivación por tareas repetitivas o baja demanda cognitiva.;Infantil/Adolescente;bajo;PSP2_SRC014;Enriquecimiento curricular;Ampliar profundidad, complejidad o elección en tareas para altas capacidades.;bajo;Proyecto de enriquecimiento personal;Elegir tema, pregunta, producto final y calendario.;Aumentar reto cognitivo.;bajo;2-4 semanas;media;El profesional debe adaptar la pauta a edad, contexto escolar, evaluación individual, familia, centro educativo y normativa aplicable. No sustituye diagnóstico ni dictamen oficial.
Altas Capacidades y doble excepcionalidad;Altas Capacidades - aburrimiento curricular;Desmotivación por tareas repetitivas o baja demanda cognitiva.;Infantil/Adolescente;bajo;PSP2_SRC014;Compactación curricular;Evitar repetición innecesaria y liberar tiempo para reto/enriquecimiento.;medio;Compactación de ejercicios repetitivos;Reducir repetición si ya domina y sustituir por reto acordado.;Evitar aburrimiento curricular.;medio;según evaluación;media;El profesional debe adaptar la pauta a edad, contexto escolar, evaluación individual, familia, centro educativo y normativa aplicable. No sustituye diagnóstico ni dictamen oficial.
Altas Capacidades y doble excepcionalidad;Altas Capacidades - aburrimiento curricular;Desmotivación por tareas repetitivas o baja demanda cognitiva.;Infantil/Adolescente;bajo;PSP2_SRC014;Aprendizaje basado en proyectos;Usar proyecto significativo para profundidad, autonomía y motivación.;bajo;Mapa de intereses como puente educativo;Usar un interés intenso para conectar con lectura, escritura o proyecto.;Aumentar motivación y participación.;bajo;semanal;media;El profesional debe adaptar la pauta a edad, contexto escolar, evaluación individual, familia, centro educativo y normativa aplicable. No sustituye diagnóstico ni dictamen oficial.
Altas Capacidades y doble excepcionalidad;Altas Capacidades - aburrimiento curricular;Desmotivación por tareas repetitivas o baja demanda cognitiva.;Infantil/Adolescente;bajo;PSP2_SRC014;Planificación por objetivos SMART;Objetivos específicos, medibles, alcanzables, relevantes y temporales.;bajo;Objetivo SMART semanal;Definir objetivo concreto, medible y revisable para la semana.;Mejorar planificación.;bajo;semanal;media;El profesional debe adaptar la pauta a edad, contexto escolar, evaluación individual, familia, centro educativo y normativa aplicable. No sustituye diagnóstico ni dictamen oficial.
Altas Capacidades y doble excepcionalidad;Altas Capacidades - aburrimiento curricular;Desmotivación por tareas repetitivas o baja demanda cognitiva.;Infantil/Adolescente;bajo;PSP2_SRC014;Planificación por objetivos SMART;Objetivos específicos, medibles, alcanzables, relevantes y temporales.;bajo;Reto graduado;Elegir tarea ligeramente difícil pero alcanzable.;Trabajar frustración y esfuerzo.;bajo;semanal;media;El profesional debe adaptar la pauta a edad, contexto escolar, evaluación individual, familia, centro educativo y normativa aplicable. No sustituye diagnóstico ni dictamen oficial.
Altas Capacidades y doble excepcionalidad;Altas Capacidades - aburrimiento curricular;Desmotivación por tareas repetitivas o baja demanda cognitiva.;Infantil/Adolescente;bajo;PSP2_SRC014;Planificación por objetivos SMART;Objetivos específicos, medibles, alcanzables, relevantes y temporales.;bajo;Planificar con cuatro casillas;Objetivo, materiales, pasos y revisión.;Mejorar planificación.;bajo;cada tarea larga;media;El profesional debe adaptar la pauta a edad, contexto escolar, evaluación individual, familia, centro educativo y normativa aplicable. No sustituye diagnóstico ni dictamen oficial.
Altas Capacidades y doble excepcionalidad;Altas Capacidades - aburrimiento curricular;Desmotivación por tareas repetitivas o baja demanda cognitiva.;Infantil/Adolescente;bajo;PSP2_SRC014;Flexibilidad cognitiva guiada;Practicar alternativas, cambios de estrategia y tolerancia a error.;medio;Preparar cambio imprevisto;Ensayar 'plan A/plan B' ante cambios habituales.;Aumentar flexibilidad.;bajo;semanal;media;El profesional debe adaptar la pauta a edad, contexto escolar, evaluación individual, familia, centro educativo y normativa aplicable. No sustituye diagnóstico ni dictamen oficial.
Altas Capacidades y doble excepcionalidad;Altas Capacidades - aburrimiento curricular;Desmotivación por tareas repetitivas o baja demanda cognitiva.;Infantil/Adolescente;bajo;PSP2_SRC014;Flexibilidad cognitiva guiada;Practicar alternativas, cambios de estrategia y tolerancia a error.;medio;Diario de errores útiles;Registrar un error y qué enseñó.;Reducir perfeccionismo.;bajo;semanal;media;El profesional debe adaptar la pauta a edad, contexto escolar, evaluación individual, familia, centro educativo y normativa aplicable. No sustituye diagnóstico ni dictamen oficial.
Altas Capacidades y doble excepcionalidad;Altas Capacidades - aburrimiento curricular;Desmotivación por tareas repetitivas o baja demanda cognitiva.;Infantil/Adolescente;bajo;PSP2_SRC014;Flexibilidad cognitiva guiada;Practicar alternativas, cambios de estrategia y tolerancia a error.;medio;Cambio de estrategia guiado;Si no funciona, elegir entre dos estrategias alternativas.;Mejorar flexibilidad.;medio;semanal;media;El profesional debe adaptar la pauta a edad, contexto escolar, evaluación individual, familia, centro educativo y normativa aplicable. No sustituye diagnóstico ni dictamen oficial.
Altas Capacidades y doble excepcionalidad;Altas Capacidades - aburrimiento curricular;Desmotivación por tareas repetitivas o baja demanda cognitiva.;Infantil/Adolescente;bajo;PSP2_SRC014;Metacognición guiada;Planificar, supervisar y evaluar estrategias de aprendizaje.;bajo;Diario metacognitivo;Responder: qué sabía, qué no, qué estrategia funcionó.;Mejorar autorregulación del aprendizaje.;bajo;semanal;media;El profesional debe adaptar la pauta a edad, contexto escolar, evaluación individual, familia, centro educativo y normativa aplicable. No sustituye diagnóstico ni dictamen oficial.
Altas Capacidades y doble excepcionalidad;Altas Capacidades - perfeccionismo;Miedo al error, baja tolerancia a no destacar o bloqueo por exigencia.;Infantil/Adolescente;medio;PSP2_SRC014;Psicoeducación al alumno y familia;Explicar perfil, fortalezas, necesidades y objetivos de intervención.;bajo;Mapa de fortalezas y necesidades;Identificar fortalezas, dificultades y apoyos necesarios.;Comprender perfil 2e.;bajo;sesión;media;El profesional debe adaptar la pauta a edad, contexto escolar, evaluación individual, familia, centro educativo y normativa aplicable. No sustituye diagnóstico ni dictamen oficial.
Altas Capacidades y doble excepcionalidad;Altas Capacidades - perfeccionismo;Miedo al error, baja tolerancia a no destacar o bloqueo por exigencia.;Infantil/Adolescente;medio;PSP2_SRC014;Enriquecimiento curricular;Ampliar profundidad, complejidad o elección en tareas para altas capacidades.;bajo;Proyecto de enriquecimiento personal;Elegir tema, pregunta, producto final y calendario.;Aumentar reto cognitivo.;bajo;2-4 semanas;media;El profesional debe adaptar la pauta a edad, contexto escolar, evaluación individual, familia, centro educativo y normativa aplicable. No sustituye diagnóstico ni dictamen oficial.
Altas Capacidades y doble excepcionalidad;Altas Capacidades - perfeccionismo;Miedo al error, baja tolerancia a no destacar o bloqueo por exigencia.;Infantil/Adolescente;medio;PSP2_SRC014;Compactación curricular;Evitar repetición innecesaria y liberar tiempo para reto/enriquecimiento.;medio;Compactación de ejercicios repetitivos;Reducir repetición si ya domina y sustituir por reto acordado.;Evitar aburrimiento curricular.;medio;según evaluación;media;El profesional debe adaptar la pauta a edad, contexto escolar, evaluación individual, familia, centro educativo y normativa aplicable. No sustituye diagnóstico ni dictamen oficial.
Altas Capacidades y doble excepcionalidad;Altas Capacidades - perfeccionismo;Miedo al error, baja tolerancia a no destacar o bloqueo por exigencia.;Infantil/Adolescente;medio;PSP2_SRC014;Aprendizaje basado en proyectos;Usar proyecto significativo para profundidad, autonomía y motivación.;bajo;Mapa de intereses como puente educativo;Usar un interés intenso para conectar con lectura, escritura o proyecto.;Aumentar motivación y participación.;bajo;semanal;media;El profesional debe adaptar la pauta a edad, contexto escolar, evaluación individual, familia, centro educativo y normativa aplicable. No sustituye diagnóstico ni dictamen oficial.
Altas Capacidades y doble excepcionalidad;Altas Capacidades - perfeccionismo;Miedo al error, baja tolerancia a no destacar o bloqueo por exigencia.;Infantil/Adolescente;medio;PSP2_SRC014;Planificación por objetivos SMART;Objetivos específicos, medibles, alcanzables, relevantes y temporales.;bajo;Objetivo SMART semanal;Definir objetivo concreto, medible y revisable para la semana.;Mejorar planificación.;bajo;semanal;media;El profesional debe adaptar la pauta a edad, contexto escolar, evaluación individual, familia, centro educativo y normativa aplicable. No sustituye diagnóstico ni dictamen oficial.
Altas Capacidades y doble excepcionalidad;Altas Capacidades - perfeccionismo;Miedo al error, baja tolerancia a no destacar o bloqueo por exigencia.;Infantil/Adolescente;medio;PSP2_SRC014;Planificación por objetivos SMART;Objetivos específicos, medibles, alcanzables, relevantes y temporales.;bajo;Reto graduado;Elegir tarea ligeramente difícil pero alcanzable.;Trabajar frustración y esfuerzo.;bajo;semanal;media;El profesional debe adaptar la pauta a edad, contexto escolar, evaluación individual, familia, centro educativo y normativa aplicable. No sustituye diagnóstico ni dictamen oficial.
Altas Capacidades y doble excepcionalidad;Altas Capacidades - perfeccionismo;Miedo al error, baja tolerancia a no destacar o bloqueo por exigencia.;Infantil/Adolescente;medio;PSP2_SRC014;Planificación por objetivos SMART;Objetivos específicos, medibles, alcanzables, relevantes y temporales.;bajo;Planificar con cuatro casillas;Objetivo, materiales, pasos y revisión.;Mejorar planificación.;bajo;cada tarea larga;media;El profesional debe adaptar la pauta a edad, contexto escolar, evaluación individual, familia, centro educativo y normativa aplicable. No sustituye diagnóstico ni dictamen oficial.
Altas Capacidades y doble excepcionalidad;Altas Capacidades - perfeccionismo;Miedo al error, baja tolerancia a no destacar o bloqueo por exigencia.;Infantil/Adolescente;medio;PSP2_SRC014;Flexibilidad cognitiva guiada;Practicar alternativas, cambios de estrategia y tolerancia a error.;medio;Preparar cambio imprevisto;Ensayar 'plan A/plan B' ante cambios habituales.;Aumentar flexibilidad.;bajo;semanal;media;El profesional debe adaptar la pauta a edad, contexto escolar, evaluación individual, familia, centro educativo y normativa aplicable. No sustituye diagnóstico ni dictamen oficial.
Altas Capacidades y doble excepcionalidad;Altas Capacidades - perfeccionismo;Miedo al error, baja tolerancia a no destacar o bloqueo por exigencia.;Infantil/Adolescente;medio;PSP2_SRC014;Flexibilidad cognitiva guiada;Practicar alternativas, cambios de estrategia y tolerancia a error.;medio;Diario de errores útiles;Registrar un error y qué enseñó.;Reducir perfeccionismo.;bajo;semanal;media;El profesional debe adaptar la pauta a edad, contexto escolar, evaluación individual, familia, centro educativo y normativa aplicable. No sustituye diagnóstico ni dictamen oficial.
Altas Capacidades y doble excepcionalidad;Altas Capacidades - perfeccionismo;Miedo al error, baja tolerancia a no destacar o bloqueo por exigencia.;Infantil/Adolescente;medio;PSP2_SRC014;Flexibilidad cognitiva guiada;Practicar alternativas, cambios de estrategia y tolerancia a error.;medio;Cambio de estrategia guiado;Si no funciona, elegir entre dos estrategias alternativas.;Mejorar flexibilidad.;medio;semanal;media;El profesional debe adaptar la pauta a edad, contexto escolar, evaluación individual, familia, centro educativo y normativa aplicable. No sustituye diagnóstico ni dictamen oficial.
Altas Capacidades y doble excepcionalidad;Altas Capacidades - perfeccionismo;Miedo al error, baja tolerancia a no destacar o bloqueo por exigencia.;Infantil/Adolescente;medio;PSP2_SRC014;Metacognición guiada;Planificar, supervisar y evaluar estrategias de aprendizaje.;bajo;Diario metacognitivo;Responder: qué sabía, qué no, qué estrategia funcionó.;Mejorar autorregulación del aprendizaje.;bajo;semanal;media;El profesional debe adaptar la pauta a edad, contexto escolar, evaluación individual, familia, centro educativo y normativa aplicable. No sustituye diagnóstico ni dictamen oficial.
Altas Capacidades y doble excepcionalidad;Altas Capacidades - desajuste socioemocional;Sensación de diferencia, aislamiento o dificultad para conectar con iguales.;Infantil/Adolescente;medio;PSP2_SRC014;Psicoeducación al alumno y familia;Explicar perfil, fortalezas, necesidades y objetivos de intervención.;bajo;Mapa de fortalezas y necesidades;Identificar fortalezas, dificultades y apoyos necesarios.;Comprender perfil 2e.;bajo;sesión;media;El profesional debe adaptar la pauta a edad, contexto escolar, evaluación individual, familia, centro educativo y normativa aplicable. No sustituye diagnóstico ni dictamen oficial.
Altas Capacidades y doble excepcionalidad;Altas Capacidades - desajuste socioemocional;Sensación de diferencia, aislamiento o dificultad para conectar con iguales.;Infantil/Adolescente;medio;PSP2_SRC014;Enriquecimiento curricular;Ampliar profundidad, complejidad o elección en tareas para altas capacidades.;bajo;Proyecto de enriquecimiento personal;Elegir tema, pregunta, producto final y calendario.;Aumentar reto cognitivo.;bajo;2-4 semanas;media;El profesional debe adaptar la pauta a edad, contexto escolar, evaluación individual, familia, centro educativo y normativa aplicable. No sustituye diagnóstico ni dictamen oficial.
Altas Capacidades y doble excepcionalidad;Altas Capacidades - desajuste socioemocional;Sensación de diferencia, aislamiento o dificultad para conectar con iguales.;Infantil/Adolescente;medio;PSP2_SRC014;Compactación curricular;Evitar repetición innecesaria y liberar tiempo para reto/enriquecimiento.;medio;Compactación de ejercicios repetitivos;Reducir repetición si ya domina y sustituir por reto acordado.;Evitar aburrimiento curricular.;medio;según evaluación;media;El profesional debe adaptar la pauta a edad, contexto escolar, evaluación individual, familia, centro educativo y normativa aplicable. No sustituye diagnóstico ni dictamen oficial.
Altas Capacidades y doble excepcionalidad;Altas Capacidades - desajuste socioemocional;Sensación de diferencia, aislamiento o dificultad para conectar con iguales.;Infantil/Adolescente;medio;PSP2_SRC014;Aprendizaje basado en proyectos;Usar proyecto significativo para profundidad, autonomía y motivación.;bajo;Mapa de intereses como puente educativo;Usar un interés intenso para conectar con lectura, escritura o proyecto.;Aumentar motivación y participación.;bajo;semanal;media;El profesional debe adaptar la pauta a edad, contexto escolar, evaluación individual, familia, centro educativo y normativa aplicable. No sustituye diagnóstico ni dictamen oficial.
Altas Capacidades y doble excepcionalidad;Altas Capacidades - desajuste socioemocional;Sensación de diferencia, aislamiento o dificultad para conectar con iguales.;Infantil/Adolescente;medio;PSP2_SRC014;Planificación por objetivos SMART;Objetivos específicos, medibles, alcanzables, relevantes y temporales.;bajo;Objetivo SMART semanal;Definir objetivo concreto, medible y revisable para la semana.;Mejorar planificación.;bajo;semanal;media;El profesional debe adaptar la pauta a edad, contexto escolar, evaluación individual, familia, centro educativo y normativa aplicable. No sustituye diagnóstico ni dictamen oficial.
Altas Capacidades y doble excepcionalidad;Altas Capacidades - desajuste socioemocional;Sensación de diferencia, aislamiento o dificultad para conectar con iguales.;Infantil/Adolescente;medio;PSP2_SRC014;Planificación por objetivos SMART;Objetivos específicos, medibles, alcanzables, relevantes y temporales.;bajo;Reto graduado;Elegir tarea ligeramente difícil pero alcanzable.;Trabajar frustración y esfuerzo.;bajo;semanal;media;El profesional debe adaptar la pauta a edad, contexto escolar, evaluación individual, familia, centro educativo y normativa aplicable. No sustituye diagnóstico ni dictamen oficial.
Altas Capacidades y doble excepcionalidad;Altas Capacidades - desajuste socioemocional;Sensación de diferencia, aislamiento o dificultad para conectar con iguales.;Infantil/Adolescente;medio;PSP2_SRC014;Planificación por objetivos SMART;Objetivos específicos, medibles, alcanzables, relevantes y temporales.;bajo;Planificar con cuatro casillas;Objetivo, materiales, pasos y revisión.;Mejorar planificación.;bajo;cada tarea larga;media;El profesional debe adaptar la pauta a edad, contexto escolar, evaluación individual, familia, centro educativo y normativa aplicable. No sustituye diagnóstico ni dictamen oficial.
Altas Capacidades y doble excepcionalidad;Altas Capacidades - desajuste socioemocional;Sensación de diferencia, aislamiento o dificultad para conectar con iguales.;Infantil/Adolescente;medio;PSP2_SRC014;Flexibilidad cognitiva guiada;Practicar alternativas, cambios de estrategia y tolerancia a error.;medio;Preparar cambio imprevisto;Ensayar 'plan A/plan B' ante cambios habituales.;Aumentar flexibilidad.;bajo;semanal;media;El profesional debe adaptar la pauta a edad, contexto escolar, evaluación individual, familia, centro educativo y normativa aplicable. No sustituye diagnóstico ni dictamen oficial.
Altas Capacidades y doble excepcionalidad;Altas Capacidades - desajuste socioemocional;Sensación de diferencia, aislamiento o dificultad para conectar con iguales.;Infantil/Adolescente;medio;PSP2_SRC014;Flexibilidad cognitiva guiada;Practicar alternativas, cambios de estrategia y tolerancia a error.;medio;Diario de errores útiles;Registrar un error y qué enseñó.;Reducir perfeccionismo.;bajo;semanal;media;El profesional debe adaptar la pauta a edad, contexto escolar, evaluación individual, familia, centro educativo y normativa aplicable. No sustituye diagnóstico ni dictamen oficial.
Altas Capacidades y doble excepcionalidad;Altas Capacidades - desajuste socioemocional;Sensación de diferencia, aislamiento o dificultad para conectar con iguales.;Infantil/Adolescente;medio;PSP2_SRC014;Flexibilidad cognitiva guiada;Practicar alternativas, cambios de estrategia y tolerancia a error.;medio;Cambio de estrategia guiado;Si no funciona, elegir entre dos estrategias alternativas.;Mejorar flexibilidad.;medio;semanal;media;El profesional debe adaptar la pauta a edad, contexto escolar, evaluación individual, familia, centro educativo y normativa aplicable. No sustituye diagnóstico ni dictamen oficial.
Altas Capacidades y doble excepcionalidad;Altas Capacidades - desajuste socioemocional;Sensación de diferencia, aislamiento o dificultad para conectar con iguales.;Infantil/Adolescente;medio;PSP2_SRC014;Metacognición guiada;Planificar, supervisar y evaluar estrategias de aprendizaje.;bajo;Diario metacognitivo;Responder: qué sabía, qué no, qué estrategia funcionó.;Mejorar autorregulación del aprendizaje.;bajo;semanal;media;El profesional debe adaptar la pauta a edad, contexto escolar, evaluación individual, familia, centro educativo y normativa aplicable. No sustituye diagnóstico ni dictamen oficial.
Altas Capacidades y doble excepcionalidad;Doble excepcionalidad - alta capacidad y dificultad específica;Perfil de alta capacidad con TDAH, TEA, dislexia u otra necesidad coexistente.;Infantil/Adolescente;medio;"PSP2_SRC013;PSP2_SRC014";Psicoeducación al alumno y familia;Explicar perfil, fortalezas, necesidades y objetivos de intervención.;bajo;Mapa de fortalezas y necesidades;Identificar fortalezas, dificultades y apoyos necesarios.;Comprender perfil 2e.;bajo;sesión;media;El profesional debe adaptar la pauta a edad, contexto escolar, evaluación individual, familia, centro educativo y normativa aplicable. No sustituye diagnóstico ni dictamen oficial.
Altas Capacidades y doble excepcionalidad;Doble excepcionalidad - alta capacidad y dificultad específica;Perfil de alta capacidad con TDAH, TEA, dislexia u otra necesidad coexistente.;Infantil/Adolescente;medio;"PSP2_SRC013;PSP2_SRC014";Enriquecimiento curricular;Ampliar profundidad, complejidad o elección en tareas para altas capacidades.;bajo;Proyecto de enriquecimiento personal;Elegir tema, pregunta, producto final y calendario.;Aumentar reto cognitivo.;bajo;2-4 semanas;media;El profesional debe adaptar la pauta a edad, contexto escolar, evaluación individual, familia, centro educativo y normativa aplicable. No sustituye diagnóstico ni dictamen oficial.
Altas Capacidades y doble excepcionalidad;Doble excepcionalidad - alta capacidad y dificultad específica;Perfil de alta capacidad con TDAH, TEA, dislexia u otra necesidad coexistente.;Infantil/Adolescente;medio;"PSP2_SRC013;PSP2_SRC014";Compactación curricular;Evitar repetición innecesaria y liberar tiempo para reto/enriquecimiento.;medio;Compactación de ejercicios repetitivos;Reducir repetición si ya domina y sustituir por reto acordado.;Evitar aburrimiento curricular.;medio;según evaluación;media;El profesional debe adaptar la pauta a edad, contexto escolar, evaluación individual, familia, centro educativo y normativa aplicable. No sustituye diagnóstico ni dictamen oficial.
Altas Capacidades y doble excepcionalidad;Doble excepcionalidad - alta capacidad y dificultad específica;Perfil de alta capacidad con TDAH, TEA, dislexia u otra necesidad coexistente.;Infantil/Adolescente;medio;"PSP2_SRC013;PSP2_SRC014";Aprendizaje basado en proyectos;Usar proyecto significativo para profundidad, autonomía y motivación.;bajo;Mapa de intereses como puente educativo;Usar un interés intenso para conectar con lectura, escritura o proyecto.;Aumentar motivación y participación.;bajo;semanal;media;El profesional debe adaptar la pauta a edad, contexto escolar, evaluación individual, familia, centro educativo y normativa aplicable. No sustituye diagnóstico ni dictamen oficial.
Altas Capacidades y doble excepcionalidad;Doble excepcionalidad - alta capacidad y dificultad específica;Perfil de alta capacidad con TDAH, TEA, dislexia u otra necesidad coexistente.;Infantil/Adolescente;medio;"PSP2_SRC013;PSP2_SRC014";Planificación por objetivos SMART;Objetivos específicos, medibles, alcanzables, relevantes y temporales.;bajo;Objetivo SMART semanal;Definir objetivo concreto, medible y revisable para la semana.;Mejorar planificación.;bajo;semanal;media;El profesional debe adaptar la pauta a edad, contexto escolar, evaluación individual, familia, centro educativo y normativa aplicable. No sustituye diagnóstico ni dictamen oficial.
Altas Capacidades y doble excepcionalidad;Doble excepcionalidad - alta capacidad y dificultad específica;Perfil de alta capacidad con TDAH, TEA, dislexia u otra necesidad coexistente.;Infantil/Adolescente;medio;"PSP2_SRC013;PSP2_SRC014";Planificación por objetivos SMART;Objetivos específicos, medibles, alcanzables, relevantes y temporales.;bajo;Reto graduado;Elegir tarea ligeramente difícil pero alcanzable.;Trabajar frustración y esfuerzo.;bajo;semanal;media;El profesional debe adaptar la pauta a edad, contexto escolar, evaluación individual, familia, centro educativo y normativa aplicable. No sustituye diagnóstico ni dictamen oficial.
Altas Capacidades y doble excepcionalidad;Doble excepcionalidad - alta capacidad y dificultad específica;Perfil de alta capacidad con TDAH, TEA, dislexia u otra necesidad coexistente.;Infantil/Adolescente;medio;"PSP2_SRC013;PSP2_SRC014";Planificación por objetivos SMART;Objetivos específicos, medibles, alcanzables, relevantes y temporales.;bajo;Planificar con cuatro casillas;Objetivo, materiales, pasos y revisión.;Mejorar planificación.;bajo;cada tarea larga;media;El profesional debe adaptar la pauta a edad, contexto escolar, evaluación individual, familia, centro educativo y normativa aplicable. No sustituye diagnóstico ni dictamen oficial.
Altas Capacidades y doble excepcionalidad;Doble excepcionalidad - alta capacidad y dificultad específica;Perfil de alta capacidad con TDAH, TEA, dislexia u otra necesidad coexistente.;Infantil/Adolescente;medio;"PSP2_SRC013;PSP2_SRC014";Flexibilidad cognitiva guiada;Practicar alternativas, cambios de estrategia y tolerancia a error.;medio;Preparar cambio imprevisto;Ensayar 'plan A/plan B' ante cambios habituales.;Aumentar flexibilidad.;bajo;semanal;media;El profesional debe adaptar la pauta a edad, contexto escolar, evaluación individual, familia, centro educativo y normativa aplicable. No sustituye diagnóstico ni dictamen oficial.
Altas Capacidades y doble excepcionalidad;Doble excepcionalidad - alta capacidad y dificultad específica;Perfil de alta capacidad con TDAH, TEA, dislexia u otra necesidad coexistente.;Infantil/Adolescente;medio;"PSP2_SRC013;PSP2_SRC014";Flexibilidad cognitiva guiada;Practicar alternativas, cambios de estrategia y tolerancia a error.;medio;Diario de errores útiles;Registrar un error y qué enseñó.;Reducir perfeccionismo.;bajo;semanal;media;El profesional debe adaptar la pauta a edad, contexto escolar, evaluación individual, familia, centro educativo y normativa aplicable. No sustituye diagnóstico ni dictamen oficial.
Altas Capacidades y doble excepcionalidad;Doble excepcionalidad - alta capacidad y dificultad específica;Perfil de alta capacidad con TDAH, TEA, dislexia u otra necesidad coexistente.;Infantil/Adolescente;medio;"PSP2_SRC013;PSP2_SRC014";Flexibilidad cognitiva guiada;Practicar alternativas, cambios de estrategia y tolerancia a error.;medio;Cambio de estrategia guiado;Si no funciona, elegir entre dos estrategias alternativas.;Mejorar flexibilidad.;medio;semanal;media;El profesional debe adaptar la pauta a edad, contexto escolar, evaluación individual, familia, centro educativo y normativa aplicable. No sustituye diagnóstico ni dictamen oficial.
Altas Capacidades y doble excepcionalidad;Doble excepcionalidad - alta capacidad y dificultad específica;Perfil de alta capacidad con TDAH, TEA, dislexia u otra necesidad coexistente.;Infantil/Adolescente;medio;"PSP2_SRC013;PSP2_SRC014";Metacognición guiada;Planificar, supervisar y evaluar estrategias de aprendizaje.;bajo;Diario metacognitivo;Responder: qué sabía, qué no, qué estrategia funcionó.;Mejorar autorregulación del aprendizaje.;bajo;semanal;media;El profesional debe adaptar la pauta a edad, contexto escolar, evaluación individual, familia, centro educativo y normativa aplicable. No sustituye diagnóstico ni dictamen oficial.
Altas Capacidades y doble excepcionalidad;Altas Capacidades - baja tolerancia a frustración;Malestar intenso ante tareas difíciles o no dominadas rápidamente.;Infantil/Adolescente;bajo;PSP2_SRC014;Psicoeducación al alumno y familia;Explicar perfil, fortalezas, necesidades y objetivos de intervención.;bajo;Mapa de fortalezas y necesidades;Identificar fortalezas, dificultades y apoyos necesarios.;Comprender perfil 2e.;bajo;sesión;media;El profesional debe adaptar la pauta a edad, contexto escolar, evaluación individual, familia, centro educativo y normativa aplicable. No sustituye diagnóstico ni dictamen oficial.
Altas Capacidades y doble excepcionalidad;Altas Capacidades - baja tolerancia a frustración;Malestar intenso ante tareas difíciles o no dominadas rápidamente.;Infantil/Adolescente;bajo;PSP2_SRC014;Enriquecimiento curricular;Ampliar profundidad, complejidad o elección en tareas para altas capacidades.;bajo;Proyecto de enriquecimiento personal;Elegir tema, pregunta, producto final y calendario.;Aumentar reto cognitivo.;bajo;2-4 semanas;media;El profesional debe adaptar la pauta a edad, contexto escolar, evaluación individual, familia, centro educativo y normativa aplicable. No sustituye diagnóstico ni dictamen oficial.
Altas Capacidades y doble excepcionalidad;Altas Capacidades - baja tolerancia a frustración;Malestar intenso ante tareas difíciles o no dominadas rápidamente.;Infantil/Adolescente;bajo;PSP2_SRC014;Compactación curricular;Evitar repetición innecesaria y liberar tiempo para reto/enriquecimiento.;medio;Compactación de ejercicios repetitivos;Reducir repetición si ya domina y sustituir por reto acordado.;Evitar aburrimiento curricular.;medio;según evaluación;media;El profesional debe adaptar la pauta a edad, contexto escolar, evaluación individual, familia, centro educativo y normativa aplicable. No sustituye diagnóstico ni dictamen oficial.
Altas Capacidades y doble excepcionalidad;Altas Capacidades - baja tolerancia a frustración;Malestar intenso ante tareas difíciles o no dominadas rápidamente.;Infantil/Adolescente;bajo;PSP2_SRC014;Aprendizaje basado en proyectos;Usar proyecto significativo para profundidad, autonomía y motivación.;bajo;Mapa de intereses como puente educativo;Usar un interés intenso para conectar con lectura, escritura o proyecto.;Aumentar motivación y participación.;bajo;semanal;media;El profesional debe adaptar la pauta a edad, contexto escolar, evaluación individual, familia, centro educativo y normativa aplicable. No sustituye diagnóstico ni dictamen oficial.
Altas Capacidades y doble excepcionalidad;Altas Capacidades - baja tolerancia a frustración;Malestar intenso ante tareas difíciles o no dominadas rápidamente.;Infantil/Adolescente;bajo;PSP2_SRC014;Planificación por objetivos SMART;Objetivos específicos, medibles, alcanzables, relevantes y temporales.;bajo;Objetivo SMART semanal;Definir objetivo concreto, medible y revisable para la semana.;Mejorar planificación.;bajo;semanal;media;El profesional debe adaptar la pauta a edad, contexto escolar, evaluación individual, familia, centro educativo y normativa aplicable. No sustituye diagnóstico ni dictamen oficial.
Altas Capacidades y doble excepcionalidad;Altas Capacidades - baja tolerancia a frustración;Malestar intenso ante tareas difíciles o no dominadas rápidamente.;Infantil/Adolescente;bajo;PSP2_SRC014;Planificación por objetivos SMART;Objetivos específicos, medibles, alcanzables, relevantes y temporales.;bajo;Reto graduado;Elegir tarea ligeramente difícil pero alcanzable.;Trabajar frustración y esfuerzo.;bajo;semanal;media;El profesional debe adaptar la pauta a edad, contexto escolar, evaluación individual, familia, centro educativo y normativa aplicable. No sustituye diagnóstico ni dictamen oficial.
Altas Capacidades y doble excepcionalidad;Altas Capacidades - baja tolerancia a frustración;Malestar intenso ante tareas difíciles o no dominadas rápidamente.;Infantil/Adolescente;bajo;PSP2_SRC014;Planificación por objetivos SMART;Objetivos específicos, medibles, alcanzables, relevantes y temporales.;bajo;Planificar con cuatro casillas;Objetivo, materiales, pasos y revisión.;Mejorar planificación.;bajo;cada tarea larga;media;El profesional debe adaptar la pauta a edad, contexto escolar, evaluación individual, familia, centro educativo y normativa aplicable. No sustituye diagnóstico ni dictamen oficial.
Altas Capacidades y doble excepcionalidad;Altas Capacidades - baja tolerancia a frustración;Malestar intenso ante tareas difíciles o no dominadas rápidamente.;Infantil/Adolescente;bajo;PSP2_SRC014;Flexibilidad cognitiva guiada;Practicar alternativas, cambios de estrategia y tolerancia a error.;medio;Preparar cambio imprevisto;Ensayar 'plan A/plan B' ante cambios habituales.;Aumentar flexibilidad.;bajo;semanal;media;El profesional debe adaptar la pauta a edad, contexto escolar, evaluación individual, familia, centro educativo y normativa aplicable. No sustituye diagnóstico ni dictamen oficial.
Altas Capacidades y doble excepcionalidad;Altas Capacidades - baja tolerancia a frustración;Malestar intenso ante tareas difíciles o no dominadas rápidamente.;Infantil/Adolescente;bajo;PSP2_SRC014;Flexibilidad cognitiva guiada;Practicar alternativas, cambios de estrategia y tolerancia a error.;medio;Diario de errores útiles;Registrar un error y qué enseñó.;Reducir perfeccionismo.;bajo;semanal;media;El profesional debe adaptar la pauta a edad, contexto escolar, evaluación individual, familia, centro educativo y normativa aplicable. No sustituye diagnóstico ni dictamen oficial.
Altas Capacidades y doble excepcionalidad;Altas Capacidades - baja tolerancia a frustración;Malestar intenso ante tareas difíciles o no dominadas rápidamente.;Infantil/Adolescente;bajo;PSP2_SRC014;Flexibilidad cognitiva guiada;Practicar alternativas, cambios de estrategia y tolerancia a error.;medio;Cambio de estrategia guiado;Si no funciona, elegir entre dos estrategias alternativas.;Mejorar flexibilidad.;medio;semanal;media;El profesional debe adaptar la pauta a edad, contexto escolar, evaluación individual, familia, centro educativo y normativa aplicable. No sustituye diagnóstico ni dictamen oficial.
Altas Capacidades y doble excepcionalidad;Altas Capacidades - baja tolerancia a frustración;Malestar intenso ante tareas difíciles o no dominadas rápidamente.;Infantil/Adolescente;bajo;PSP2_SRC014;Metacognición guiada;Planificar, supervisar y evaluar estrategias de aprendizaje.;bajo;Diario metacognitivo;Responder: qué sabía, qué no, qué estrategia funcionó.;Mejorar autorregulación del aprendizaje.;bajo;semanal;media;El profesional debe adaptar la pauta a edad, contexto escolar, evaluación individual, familia, centro educativo y normativa aplicable. No sustituye diagnóstico ni dictamen oficial.
Dislexia y lectura;Dislexia - conciencia fonológica;Dificultad para identificar, segmentar o manipular sonidos del lenguaje.;Infantil;medio;"PSP2_SRC008;PSP2_SRC010";Intervención fonológica;Trabajo explícito de sonidos, segmentación, mezcla y manipulación fonémica.;medio;Conciencia fonológica con sílabas/fonemas;Juegos de segmentar, unir, quitar o cambiar sonidos.;Mejorar base fonológica.;medio;10 min diarios;alta;El profesional debe adaptar la pauta a edad, contexto escolar, evaluación individual, familia, centro educativo y normativa aplicable. No sustituye diagnóstico ni dictamen oficial.
Dislexia y lectura;Dislexia - conciencia fonológica;Dificultad para identificar, segmentar o manipular sonidos del lenguaje.;Infantil;medio;"PSP2_SRC008;PSP2_SRC010";Decodificación estructurada;Enseñanza explícita y secuenciada de correspondencias grafema-fonema.;medio;Lectura de pseudopalabras graduada;Practicar decodificación de palabras nuevas sin memoria visual previa.;Mejorar decodificación.;medio;2-3 veces/semana;alta;El profesional debe adaptar la pauta a edad, contexto escolar, evaluación individual, familia, centro educativo y normativa aplicable. No sustituye diagnóstico ni dictamen oficial.
Dislexia y lectura;Dislexia - conciencia fonológica;Dificultad para identificar, segmentar o manipular sonidos del lenguaje.;Infantil;medio;"PSP2_SRC008;PSP2_SRC010";Lectura repetida guiada;Repetición de textos breves con feedback para fluidez.;bajo;Lectura repetida cronometrada;Leer texto breve varias veces registrando precisión y fluidez.;Mejorar automatización.;bajo;3 veces/semana;media;El profesional debe adaptar la pauta a edad, contexto escolar, evaluación individual, familia, centro educativo y normativa aplicable. No sustituye diagnóstico ni dictamen oficial.
Dislexia y lectura;Dislexia - conciencia fonológica;Dificultad para identificar, segmentar o manipular sonidos del lenguaje.;Infantil;medio;"PSP2_SRC008;PSP2_SRC010";Comprensión lectora guiada;Predicción, preguntas, ideas principales, inferencias y resumen.;bajo;Preguntas antes-durante-después;Responder predicción, idea principal e inferencia tras lectura.;Mejorar comprensión.;bajo;cada lectura;media;El profesional debe adaptar la pauta a edad, contexto escolar, evaluación individual, familia, centro educativo y normativa aplicable. No sustituye diagnóstico ni dictamen oficial.
Dislexia y lectura;Dislexia - conciencia fonológica;Dificultad para identificar, segmentar o manipular sonidos del lenguaje.;Infantil;medio;"PSP2_SRC008;PSP2_SRC010";Comprensión lectora guiada;Predicción, preguntas, ideas principales, inferencias y resumen.;bajo;Resumen en tres frases;Extraer inicio, idea central y conclusión de texto breve.;Organizar comprensión.;bajo;semanal;media;El profesional debe adaptar la pauta a edad, contexto escolar, evaluación individual, familia, centro educativo y normativa aplicable. No sustituye diagnóstico ni dictamen oficial.
Dislexia y lectura;Dislexia - conciencia fonológica;Dificultad para identificar, segmentar o manipular sonidos del lenguaje.;Infantil;medio;"PSP2_SRC008;PSP2_SRC010";Modelado explícito;Mostrar cómo realizar estrategia antes de pedir autonomía.;bajo;Borrador oral previo;Explicar oralmente lo que se quiere escribir antes del borrador.;Facilitar expresión escrita.;bajo;cada texto;media;El profesional debe adaptar la pauta a edad, contexto escolar, evaluación individual, familia, centro educativo y normativa aplicable. No sustituye diagnóstico ni dictamen oficial.
Dislexia y lectura;Dislexia - conciencia fonológica;Dificultad para identificar, segmentar o manipular sonidos del lenguaje.;Infantil;medio;"PSP2_SRC008;PSP2_SRC010";Andamiaje gradual;Apoyo inicial intenso que se retira progresivamente.;bajo;Escalera de autonomía;Elegir tarea que pasará de ayuda total a ayuda parcial y autónoma.;Aumentar autonomía.;bajo;2-4 semanas;media;El profesional debe adaptar la pauta a edad, contexto escolar, evaluación individual, familia, centro educativo y normativa aplicable. No sustituye diagnóstico ni dictamen oficial.
Dislexia y lectura;Dislexia - conciencia fonológica;Dificultad para identificar, segmentar o manipular sonidos del lenguaje.;Infantil;medio;"PSP2_SRC008;PSP2_SRC010";Monitorización y autoevaluación;Revisar proceso, resultado, errores y próximos pasos.;bajo;Registro de distractores;Anotar cuándo se distrae, por qué y qué ayuda a volver.;Detectar patrones de atención.;bajo;7 días;media;El profesional debe adaptar la pauta a edad, contexto escolar, evaluación individual, familia, centro educativo y normativa aplicable. No sustituye diagnóstico ni dictamen oficial.
Dislexia y lectura;Dislexia - conciencia fonológica;Dificultad para identificar, segmentar o manipular sonidos del lenguaje.;Infantil;medio;"PSP2_SRC008;PSP2_SRC010";Monitorización y autoevaluación;Revisar proceso, resultado, errores y próximos pasos.;bajo;Revisión COPS;Revisar mayúsculas, orden, puntuación y ortografía.;Mejorar revisión escrita.;bajo;cada texto;media;El profesional debe adaptar la pauta a edad, contexto escolar, evaluación individual, familia, centro educativo y normativa aplicable. No sustituye diagnóstico ni dictamen oficial.
Dislexia y lectura;Dislexia - conciencia fonológica;Dificultad para identificar, segmentar o manipular sonidos del lenguaje.;Infantil;medio;"PSP2_SRC008;PSP2_SRC010";Monitorización y autoevaluación;Revisar proceso, resultado, errores y próximos pasos.;bajo;Autoevaluación con rúbrica simple;Revisar trabajo con 3-5 criterios visibles.;Mejorar monitorización.;bajo;cada entrega;media;El profesional debe adaptar la pauta a edad, contexto escolar, evaluación individual, familia, centro educativo y normativa aplicable. No sustituye diagnóstico ni dictamen oficial.
Dislexia y lectura;Dislexia - decodificación lectora;Dificultad para convertir grafemas en sonidos y leer palabras nuevas.;Infantil/Adolescente;medio;"PSP2_SRC008;PSP2_SRC010";Intervención fonológica;Trabajo explícito de sonidos, segmentación, mezcla y manipulación fonémica.;medio;Conciencia fonológica con sílabas/fonemas;Juegos de segmentar, unir, quitar o cambiar sonidos.;Mejorar base fonológica.;medio;10 min diarios;alta;El profesional debe adaptar la pauta a edad, contexto escolar, evaluación individual, familia, centro educativo y normativa aplicable. No sustituye diagnóstico ni dictamen oficial.
Dislexia y lectura;Dislexia - decodificación lectora;Dificultad para convertir grafemas en sonidos y leer palabras nuevas.;Infantil/Adolescente;medio;"PSP2_SRC008;PSP2_SRC010";Decodificación estructurada;Enseñanza explícita y secuenciada de correspondencias grafema-fonema.;medio;Lectura de pseudopalabras graduada;Practicar decodificación de palabras nuevas sin memoria visual previa.;Mejorar decodificación.;medio;2-3 veces/semana;alta;El profesional debe adaptar la pauta a edad, contexto escolar, evaluación individual, familia, centro educativo y normativa aplicable. No sustituye diagnóstico ni dictamen oficial.
Dislexia y lectura;Dislexia - decodificación lectora;Dificultad para convertir grafemas en sonidos y leer palabras nuevas.;Infantil/Adolescente;medio;"PSP2_SRC008;PSP2_SRC010";Lectura repetida guiada;Repetición de textos breves con feedback para fluidez.;bajo;Lectura repetida cronometrada;Leer texto breve varias veces registrando precisión y fluidez.;Mejorar automatización.;bajo;3 veces/semana;media;El profesional debe adaptar la pauta a edad, contexto escolar, evaluación individual, familia, centro educativo y normativa aplicable. No sustituye diagnóstico ni dictamen oficial.
Dislexia y lectura;Dislexia - decodificación lectora;Dificultad para convertir grafemas en sonidos y leer palabras nuevas.;Infantil/Adolescente;medio;"PSP2_SRC008;PSP2_SRC010";Comprensión lectora guiada;Predicción, preguntas, ideas principales, inferencias y resumen.;bajo;Preguntas antes-durante-después;Responder predicción, idea principal e inferencia tras lectura.;Mejorar comprensión.;bajo;cada lectura;media;El profesional debe adaptar la pauta a edad, contexto escolar, evaluación individual, familia, centro educativo y normativa aplicable. No sustituye diagnóstico ni dictamen oficial.
Dislexia y lectura;Dislexia - decodificación lectora;Dificultad para convertir grafemas en sonidos y leer palabras nuevas.;Infantil/Adolescente;medio;"PSP2_SRC008;PSP2_SRC010";Comprensión lectora guiada;Predicción, preguntas, ideas principales, inferencias y resumen.;bajo;Resumen en tres frases;Extraer inicio, idea central y conclusión de texto breve.;Organizar comprensión.;bajo;semanal;media;El profesional debe adaptar la pauta a edad, contexto escolar, evaluación individual, familia, centro educativo y normativa aplicable. No sustituye diagnóstico ni dictamen oficial.
Dislexia y lectura;Dislexia - decodificación lectora;Dificultad para convertir grafemas en sonidos y leer palabras nuevas.;Infantil/Adolescente;medio;"PSP2_SRC008;PSP2_SRC010";Modelado explícito;Mostrar cómo realizar estrategia antes de pedir autonomía.;bajo;Borrador oral previo;Explicar oralmente lo que se quiere escribir antes del borrador.;Facilitar expresión escrita.;bajo;cada texto;media;El profesional debe adaptar la pauta a edad, contexto escolar, evaluación individual, familia, centro educativo y normativa aplicable. No sustituye diagnóstico ni dictamen oficial.
Dislexia y lectura;Dislexia - decodificación lectora;Dificultad para convertir grafemas en sonidos y leer palabras nuevas.;Infantil/Adolescente;medio;"PSP2_SRC008;PSP2_SRC010";Andamiaje gradual;Apoyo inicial intenso que se retira progresivamente.;bajo;Escalera de autonomía;Elegir tarea que pasará de ayuda total a ayuda parcial y autónoma.;Aumentar autonomía.;bajo;2-4 semanas;media;El profesional debe adaptar la pauta a edad, contexto escolar, evaluación individual, familia, centro educativo y normativa aplicable. No sustituye diagnóstico ni dictamen oficial.
Dislexia y lectura;Dislexia - decodificación lectora;Dificultad para convertir grafemas en sonidos y leer palabras nuevas.;Infantil/Adolescente;medio;"PSP2_SRC008;PSP2_SRC010";Monitorización y autoevaluación;Revisar proceso, resultado, errores y próximos pasos.;bajo;Registro de distractores;Anotar cuándo se distrae, por qué y qué ayuda a volver.;Detectar patrones de atención.;bajo;7 días;media;El profesional debe adaptar la pauta a edad, contexto escolar, evaluación individual, familia, centro educativo y normativa aplicable. No sustituye diagnóstico ni dictamen oficial.
Dislexia y lectura;Dislexia - decodificación lectora;Dificultad para convertir grafemas en sonidos y leer palabras nuevas.;Infantil/Adolescente;medio;"PSP2_SRC008;PSP2_SRC010";Monitorización y autoevaluación;Revisar proceso, resultado, errores y próximos pasos.;bajo;Revisión COPS;Revisar mayúsculas, orden, puntuación y ortografía.;Mejorar revisión escrita.;bajo;cada texto;media;El profesional debe adaptar la pauta a edad, contexto escolar, evaluación individual, familia, centro educativo y normativa aplicable. No sustituye diagnóstico ni dictamen oficial.
Dislexia y lectura;Dislexia - decodificación lectora;Dificultad para convertir grafemas en sonidos y leer palabras nuevas.;Infantil/Adolescente;medio;"PSP2_SRC008;PSP2_SRC010";Monitorización y autoevaluación;Revisar proceso, resultado, errores y próximos pasos.;bajo;Autoevaluación con rúbrica simple;Revisar trabajo con 3-5 criterios visibles.;Mejorar monitorización.;bajo;cada entrega;media;El profesional debe adaptar la pauta a edad, contexto escolar, evaluación individual, familia, centro educativo y normativa aplicable. No sustituye diagnóstico ni dictamen oficial.
Dislexia y lectura;Dislexia - fluidez lectora baja;Lectura lenta, poco automatizada o con esfuerzo elevado.;Infantil/Adolescente;medio;"PSP2_SRC008;PSP2_SRC010";Intervención fonológica;Trabajo explícito de sonidos, segmentación, mezcla y manipulación fonémica.;medio;Conciencia fonológica con sílabas/fonemas;Juegos de segmentar, unir, quitar o cambiar sonidos.;Mejorar base fonológica.;medio;10 min diarios;alta;El profesional debe adaptar la pauta a edad, contexto escolar, evaluación individual, familia, centro educativo y normativa aplicable. No sustituye diagnóstico ni dictamen oficial.
Dislexia y lectura;Dislexia - fluidez lectora baja;Lectura lenta, poco automatizada o con esfuerzo elevado.;Infantil/Adolescente;medio;"PSP2_SRC008;PSP2_SRC010";Decodificación estructurada;Enseñanza explícita y secuenciada de correspondencias grafema-fonema.;medio;Lectura de pseudopalabras graduada;Practicar decodificación de palabras nuevas sin memoria visual previa.;Mejorar decodificación.;medio;2-3 veces/semana;alta;El profesional debe adaptar la pauta a edad, contexto escolar, evaluación individual, familia, centro educativo y normativa aplicable. No sustituye diagnóstico ni dictamen oficial.
Dislexia y lectura;Dislexia - fluidez lectora baja;Lectura lenta, poco automatizada o con esfuerzo elevado.;Infantil/Adolescente;medio;"PSP2_SRC008;PSP2_SRC010";Lectura repetida guiada;Repetición de textos breves con feedback para fluidez.;bajo;Lectura repetida cronometrada;Leer texto breve varias veces registrando precisión y fluidez.;Mejorar automatización.;bajo;3 veces/semana;media;El profesional debe adaptar la pauta a edad, contexto escolar, evaluación individual, familia, centro educativo y normativa aplicable. No sustituye diagnóstico ni dictamen oficial.
Dislexia y lectura;Dislexia - fluidez lectora baja;Lectura lenta, poco automatizada o con esfuerzo elevado.;Infantil/Adolescente;medio;"PSP2_SRC008;PSP2_SRC010";Comprensión lectora guiada;Predicción, preguntas, ideas principales, inferencias y resumen.;bajo;Preguntas antes-durante-después;Responder predicción, idea principal e inferencia tras lectura.;Mejorar comprensión.;bajo;cada lectura;media;El profesional debe adaptar la pauta a edad, contexto escolar, evaluación individual, familia, centro educativo y normativa aplicable. No sustituye diagnóstico ni dictamen oficial.
Dislexia y lectura;Dislexia - fluidez lectora baja;Lectura lenta, poco automatizada o con esfuerzo elevado.;Infantil/Adolescente;medio;"PSP2_SRC008;PSP2_SRC010";Comprensión lectora guiada;Predicción, preguntas, ideas principales, inferencias y resumen.;bajo;Resumen en tres frases;Extraer inicio, idea central y conclusión de texto breve.;Organizar comprensión.;bajo;semanal;media;El profesional debe adaptar la pauta a edad, contexto escolar, evaluación individual, familia, centro educativo y normativa aplicable. No sustituye diagnóstico ni dictamen oficial.
Dislexia y lectura;Dislexia - fluidez lectora baja;Lectura lenta, poco automatizada o con esfuerzo elevado.;Infantil/Adolescente;medio;"PSP2_SRC008;PSP2_SRC010";Modelado explícito;Mostrar cómo realizar estrategia antes de pedir autonomía.;bajo;Borrador oral previo;Explicar oralmente lo que se quiere escribir antes del borrador.;Facilitar expresión escrita.;bajo;cada texto;media;El profesional debe adaptar la pauta a edad, contexto escolar, evaluación individual, familia, centro educativo y normativa aplicable. No sustituye diagnóstico ni dictamen oficial.
Dislexia y lectura;Dislexia - fluidez lectora baja;Lectura lenta, poco automatizada o con esfuerzo elevado.;Infantil/Adolescente;medio;"PSP2_SRC008;PSP2_SRC010";Andamiaje gradual;Apoyo inicial intenso que se retira progresivamente.;bajo;Escalera de autonomía;Elegir tarea que pasará de ayuda total a ayuda parcial y autónoma.;Aumentar autonomía.;bajo;2-4 semanas;media;El profesional debe adaptar la pauta a edad, contexto escolar, evaluación individual, familia, centro educativo y normativa aplicable. No sustituye diagnóstico ni dictamen oficial.
Dislexia y lectura;Dislexia - fluidez lectora baja;Lectura lenta, poco automatizada o con esfuerzo elevado.;Infantil/Adolescente;medio;"PSP2_SRC008;PSP2_SRC010";Monitorización y autoevaluación;Revisar proceso, resultado, errores y próximos pasos.;bajo;Registro de distractores;Anotar cuándo se distrae, por qué y qué ayuda a volver.;Detectar patrones de atención.;bajo;7 días;media;El profesional debe adaptar la pauta a edad, contexto escolar, evaluación individual, familia, centro educativo y normativa aplicable. No sustituye diagnóstico ni dictamen oficial.
Dislexia y lectura;Dislexia - fluidez lectora baja;Lectura lenta, poco automatizada o con esfuerzo elevado.;Infantil/Adolescente;medio;"PSP2_SRC008;PSP2_SRC010";Monitorización y autoevaluación;Revisar proceso, resultado, errores y próximos pasos.;bajo;Revisión COPS;Revisar mayúsculas, orden, puntuación y ortografía.;Mejorar revisión escrita.;bajo;cada texto;media;El profesional debe adaptar la pauta a edad, contexto escolar, evaluación individual, familia, centro educativo y normativa aplicable. No sustituye diagnóstico ni dictamen oficial.
Dislexia y lectura;Dislexia - fluidez lectora baja;Lectura lenta, poco automatizada o con esfuerzo elevado.;Infantil/Adolescente;medio;"PSP2_SRC008;PSP2_SRC010";Monitorización y autoevaluación;Revisar proceso, resultado, errores y próximos pasos.;bajo;Autoevaluación con rúbrica simple;Revisar trabajo con 3-5 criterios visibles.;Mejorar monitorización.;bajo;cada entrega;media;El profesional debe adaptar la pauta a edad, contexto escolar, evaluación individual, familia, centro educativo y normativa aplicable. No sustituye diagnóstico ni dictamen oficial.
Dislexia y lectura;Dislexia - comprensión afectada por esfuerzo lector;Comprensión reducida por sobrecarga en decodificación o fluidez.;Infantil/Adolescente;medio;"PSP2_SRC008;PSP2_SRC010";Intervención fonológica;Trabajo explícito de sonidos, segmentación, mezcla y manipulación fonémica.;medio;Conciencia fonológica con sílabas/fonemas;Juegos de segmentar, unir, quitar o cambiar sonidos.;Mejorar base fonológica.;medio;10 min diarios;alta;El profesional debe adaptar la pauta a edad, contexto escolar, evaluación individual, familia, centro educativo y normativa aplicable. No sustituye diagnóstico ni dictamen oficial.
Dislexia y lectura;Dislexia - comprensión afectada por esfuerzo lector;Comprensión reducida por sobrecarga en decodificación o fluidez.;Infantil/Adolescente;medio;"PSP2_SRC008;PSP2_SRC010";Decodificación estructurada;Enseñanza explícita y secuenciada de correspondencias grafema-fonema.;medio;Lectura de pseudopalabras graduada;Practicar decodificación de palabras nuevas sin memoria visual previa.;Mejorar decodificación.;medio;2-3 veces/semana;alta;El profesional debe adaptar la pauta a edad, contexto escolar, evaluación individual, familia, centro educativo y normativa aplicable. No sustituye diagnóstico ni dictamen oficial.
Dislexia y lectura;Dislexia - comprensión afectada por esfuerzo lector;Comprensión reducida por sobrecarga en decodificación o fluidez.;Infantil/Adolescente;medio;"PSP2_SRC008;PSP2_SRC010";Lectura repetida guiada;Repetición de textos breves con feedback para fluidez.;bajo;Lectura repetida cronometrada;Leer texto breve varias veces registrando precisión y fluidez.;Mejorar automatización.;bajo;3 veces/semana;media;El profesional debe adaptar la pauta a edad, contexto escolar, evaluación individual, familia, centro educativo y normativa aplicable. No sustituye diagnóstico ni dictamen oficial.
Dislexia y lectura;Dislexia - comprensión afectada por esfuerzo lector;Comprensión reducida por sobrecarga en decodificación o fluidez.;Infantil/Adolescente;medio;"PSP2_SRC008;PSP2_SRC010";Comprensión lectora guiada;Predicción, preguntas, ideas principales, inferencias y resumen.;bajo;Preguntas antes-durante-después;Responder predicción, idea principal e inferencia tras lectura.;Mejorar comprensión.;bajo;cada lectura;media;El profesional debe adaptar la pauta a edad, contexto escolar, evaluación individual, familia, centro educativo y normativa aplicable. No sustituye diagnóstico ni dictamen oficial.
Dislexia y lectura;Dislexia - comprensión afectada por esfuerzo lector;Comprensión reducida por sobrecarga en decodificación o fluidez.;Infantil/Adolescente;medio;"PSP2_SRC008;PSP2_SRC010";Comprensión lectora guiada;Predicción, preguntas, ideas principales, inferencias y resumen.;bajo;Resumen en tres frases;Extraer inicio, idea central y conclusión de texto breve.;Organizar comprensión.;bajo;semanal;media;El profesional debe adaptar la pauta a edad, contexto escolar, evaluación individual, familia, centro educativo y normativa aplicable. No sustituye diagnóstico ni dictamen oficial.
Dislexia y lectura;Dislexia - comprensión afectada por esfuerzo lector;Comprensión reducida por sobrecarga en decodificación o fluidez.;Infantil/Adolescente;medio;"PSP2_SRC008;PSP2_SRC010";Modelado explícito;Mostrar cómo realizar estrategia antes de pedir autonomía.;bajo;Borrador oral previo;Explicar oralmente lo que se quiere escribir antes del borrador.;Facilitar expresión escrita.;bajo;cada texto;media;El profesional debe adaptar la pauta a edad, contexto escolar, evaluación individual, familia, centro educativo y normativa aplicable. No sustituye diagnóstico ni dictamen oficial.
Dislexia y lectura;Dislexia - comprensión afectada por esfuerzo lector;Comprensión reducida por sobrecarga en decodificación o fluidez.;Infantil/Adolescente;medio;"PSP2_SRC008;PSP2_SRC010";Andamiaje gradual;Apoyo inicial intenso que se retira progresivamente.;bajo;Escalera de autonomía;Elegir tarea que pasará de ayuda total a ayuda parcial y autónoma.;Aumentar autonomía.;bajo;2-4 semanas;media;El profesional debe adaptar la pauta a edad, contexto escolar, evaluación individual, familia, centro educativo y normativa aplicable. No sustituye diagnóstico ni dictamen oficial.
Dislexia y lectura;Dislexia - comprensión afectada por esfuerzo lector;Comprensión reducida por sobrecarga en decodificación o fluidez.;Infantil/Adolescente;medio;"PSP2_SRC008;PSP2_SRC010";Monitorización y autoevaluación;Revisar proceso, resultado, errores y próximos pasos.;bajo;Registro de distractores;Anotar cuándo se distrae, por qué y qué ayuda a volver.;Detectar patrones de atención.;bajo;7 días;media;El profesional debe adaptar la pauta a edad, contexto escolar, evaluación individual, familia, centro educativo y normativa aplicable. No sustituye diagnóstico ni dictamen oficial.
Dislexia y lectura;Dislexia - comprensión afectada por esfuerzo lector;Comprensión reducida por sobrecarga en decodificación o fluidez.;Infantil/Adolescente;medio;"PSP2_SRC008;PSP2_SRC010";Monitorización y autoevaluación;Revisar proceso, resultado, errores y próximos pasos.;bajo;Revisión COPS;Revisar mayúsculas, orden, puntuación y ortografía.;Mejorar revisión escrita.;bajo;cada texto;media;El profesional debe adaptar la pauta a edad, contexto escolar, evaluación individual, familia, centro educativo y normativa aplicable. No sustituye diagnóstico ni dictamen oficial.
Dislexia y lectura;Dislexia - comprensión afectada por esfuerzo lector;Comprensión reducida por sobrecarga en decodificación o fluidez.;Infantil/Adolescente;medio;"PSP2_SRC008;PSP2_SRC010";Monitorización y autoevaluación;Revisar proceso, resultado, errores y próximos pasos.;bajo;Autoevaluación con rúbrica simple;Revisar trabajo con 3-5 criterios visibles.;Mejorar monitorización.;bajo;cada entrega;media;El profesional debe adaptar la pauta a edad, contexto escolar, evaluación individual, familia, centro educativo y normativa aplicable. No sustituye diagnóstico ni dictamen oficial.
Dislexia y lectura;Dificultad ortográfica persistente;Errores ortográficos frecuentes pese a práctica general.;Infantil/Adolescente;bajo;"PSP2_SRC008;PSP2_SRC010";Intervención fonológica;Trabajo explícito de sonidos, segmentación, mezcla y manipulación fonémica.;medio;Conciencia fonológica con sílabas/fonemas;Juegos de segmentar, unir, quitar o cambiar sonidos.;Mejorar base fonológica.;medio;10 min diarios;alta;El profesional debe adaptar la pauta a edad, contexto escolar, evaluación individual, familia, centro educativo y normativa aplicable. No sustituye diagnóstico ni dictamen oficial.
Dislexia y lectura;Dificultad ortográfica persistente;Errores ortográficos frecuentes pese a práctica general.;Infantil/Adolescente;bajo;"PSP2_SRC008;PSP2_SRC010";Decodificación estructurada;Enseñanza explícita y secuenciada de correspondencias grafema-fonema.;medio;Lectura de pseudopalabras graduada;Practicar decodificación de palabras nuevas sin memoria visual previa.;Mejorar decodificación.;medio;2-3 veces/semana;alta;El profesional debe adaptar la pauta a edad, contexto escolar, evaluación individual, familia, centro educativo y normativa aplicable. No sustituye diagnóstico ni dictamen oficial.
Dislexia y lectura;Dificultad ortográfica persistente;Errores ortográficos frecuentes pese a práctica general.;Infantil/Adolescente;bajo;"PSP2_SRC008;PSP2_SRC010";Lectura repetida guiada;Repetición de textos breves con feedback para fluidez.;bajo;Lectura repetida cronometrada;Leer texto breve varias veces registrando precisión y fluidez.;Mejorar automatización.;bajo;3 veces/semana;media;El profesional debe adaptar la pauta a edad, contexto escolar, evaluación individual, familia, centro educativo y normativa aplicable. No sustituye diagnóstico ni dictamen oficial.
Dislexia y lectura;Dificultad ortográfica persistente;Errores ortográficos frecuentes pese a práctica general.;Infantil/Adolescente;bajo;"PSP2_SRC008;PSP2_SRC010";Comprensión lectora guiada;Predicción, preguntas, ideas principales, inferencias y resumen.;bajo;Preguntas antes-durante-después;Responder predicción, idea principal e inferencia tras lectura.;Mejorar comprensión.;bajo;cada lectura;media;El profesional debe adaptar la pauta a edad, contexto escolar, evaluación individual, familia, centro educativo y normativa aplicable. No sustituye diagnóstico ni dictamen oficial.
Dislexia y lectura;Dificultad ortográfica persistente;Errores ortográficos frecuentes pese a práctica general.;Infantil/Adolescente;bajo;"PSP2_SRC008;PSP2_SRC010";Comprensión lectora guiada;Predicción, preguntas, ideas principales, inferencias y resumen.;bajo;Resumen en tres frases;Extraer inicio, idea central y conclusión de texto breve.;Organizar comprensión.;bajo;semanal;media;El profesional debe adaptar la pauta a edad, contexto escolar, evaluación individual, familia, centro educativo y normativa aplicable. No sustituye diagnóstico ni dictamen oficial.
Dislexia y lectura;Dificultad ortográfica persistente;Errores ortográficos frecuentes pese a práctica general.;Infantil/Adolescente;bajo;"PSP2_SRC008;PSP2_SRC010";Modelado explícito;Mostrar cómo realizar estrategia antes de pedir autonomía.;bajo;Borrador oral previo;Explicar oralmente lo que se quiere escribir antes del borrador.;Facilitar expresión escrita.;bajo;cada texto;media;El profesional debe adaptar la pauta a edad, contexto escolar, evaluación individual, familia, centro educativo y normativa aplicable. No sustituye diagnóstico ni dictamen oficial.
Dislexia y lectura;Dificultad ortográfica persistente;Errores ortográficos frecuentes pese a práctica general.;Infantil/Adolescente;bajo;"PSP2_SRC008;PSP2_SRC010";Andamiaje gradual;Apoyo inicial intenso que se retira progresivamente.;bajo;Escalera de autonomía;Elegir tarea que pasará de ayuda total a ayuda parcial y autónoma.;Aumentar autonomía.;bajo;2-4 semanas;media;El profesional debe adaptar la pauta a edad, contexto escolar, evaluación individual, familia, centro educativo y normativa aplicable. No sustituye diagnóstico ni dictamen oficial.
Dislexia y lectura;Dificultad ortográfica persistente;Errores ortográficos frecuentes pese a práctica general.;Infantil/Adolescente;bajo;"PSP2_SRC008;PSP2_SRC010";Monitorización y autoevaluación;Revisar proceso, resultado, errores y próximos pasos.;bajo;Registro de distractores;Anotar cuándo se distrae, por qué y qué ayuda a volver.;Detectar patrones de atención.;bajo;7 días;media;El profesional debe adaptar la pauta a edad, contexto escolar, evaluación individual, familia, centro educativo y normativa aplicable. No sustituye diagnóstico ni dictamen oficial.
Dislexia y lectura;Dificultad ortográfica persistente;Errores ortográficos frecuentes pese a práctica general.;Infantil/Adolescente;bajo;"PSP2_SRC008;PSP2_SRC010";Monitorización y autoevaluación;Revisar proceso, resultado, errores y próximos pasos.;bajo;Revisión COPS;Revisar mayúsculas, orden, puntuación y ortografía.;Mejorar revisión escrita.;bajo;cada texto;media;El profesional debe adaptar la pauta a edad, contexto escolar, evaluación individual, familia, centro educativo y normativa aplicable. No sustituye diagnóstico ni dictamen oficial.
Dislexia y lectura;Dificultad ortográfica persistente;Errores ortográficos frecuentes pese a práctica general.;Infantil/Adolescente;bajo;"PSP2_SRC008;PSP2_SRC010";Monitorización y autoevaluación;Revisar proceso, resultado, errores y próximos pasos.;bajo;Autoevaluación con rúbrica simple;Revisar trabajo con 3-5 criterios visibles.;Mejorar monitorización.;bajo;cada entrega;media;El profesional debe adaptar la pauta a edad, contexto escolar, evaluación individual, familia, centro educativo y normativa aplicable. No sustituye diagnóstico ni dictamen oficial.
Discalculia y matemáticas;Discalculia - sentido numérico;Dificultad para comprender cantidad, magnitud, comparación o estimación.;Infantil;medio;"PSP2_SRC009;PSP2_SRC011";Manipulativos y representación visual;Usar material concreto, recta numérica, bloques, dibujos y esquemas.;bajo;Recta numérica manipulativa;Ubicar números, saltos, comparaciones y operaciones en recta.;Desarrollar sentido numérico.;bajo;2-3 veces/semana;alta;El profesional debe adaptar la pauta a edad, contexto escolar, evaluación individual, familia, centro educativo y normativa aplicable. No sustituye diagnóstico ni dictamen oficial.
Discalculia y matemáticas;Discalculia - sentido numérico;Dificultad para comprender cantidad, magnitud, comparación o estimación.;Infantil;medio;"PSP2_SRC009;PSP2_SRC011";Manipulativos y representación visual;Usar material concreto, recta numérica, bloques, dibujos y esquemas.;bajo;Descomposición de números;Representar números con decenas/unidades, bloques o dibujos.;Comprender composición numérica.;bajo;2-3 veces/semana;media;El profesional debe adaptar la pauta a edad, contexto escolar, evaluación individual, familia, centro educativo y normativa aplicable. No sustituye diagnóstico ni dictamen oficial.
Discalculia y matemáticas;Discalculia - sentido numérico;Dificultad para comprender cantidad, magnitud, comparación o estimación.;Infantil;medio;"PSP2_SRC009;PSP2_SRC011";Resolución de problemas por pasos;Comprender enunciado, datos, pregunta, operación, cálculo y revisión.;bajo;Plantilla de problema matemático;Datos, pregunta, operación, cálculo y comprobación.;Ordenar resolución.;bajo;cada problema;alta;El profesional debe adaptar la pauta a edad, contexto escolar, evaluación individual, familia, centro educativo y normativa aplicable. No sustituye diagnóstico ni dictamen oficial.
Discalculia y matemáticas;Discalculia - sentido numérico;Dificultad para comprender cantidad, magnitud, comparación o estimación.;Infantil;medio;"PSP2_SRC009;PSP2_SRC011";Intercalado de práctica;Mezclar tipos de ejercicios para aprender discriminación y transferencia.;bajo;Práctica intercalada de operaciones;Mezclar tipos de operaciones para elegir estrategia correcta.;Mejorar transferencia.;bajo;semanal;media;El profesional debe adaptar la pauta a edad, contexto escolar, evaluación individual, familia, centro educativo y normativa aplicable. No sustituye diagnóstico ni dictamen oficial.
Discalculia y matemáticas;Discalculia - sentido numérico;Dificultad para comprender cantidad, magnitud, comparación o estimación.;Infantil;medio;"PSP2_SRC009;PSP2_SRC011";Modelado explícito;Mostrar cómo realizar estrategia antes de pedir autonomía.;bajo;Borrador oral previo;Explicar oralmente lo que se quiere escribir antes del borrador.;Facilitar expresión escrita.;bajo;cada texto;media;El profesional debe adaptar la pauta a edad, contexto escolar, evaluación individual, familia, centro educativo y normativa aplicable. No sustituye diagnóstico ni dictamen oficial.
Discalculia y matemáticas;Discalculia - sentido numérico;Dificultad para comprender cantidad, magnitud, comparación o estimación.;Infantil;medio;"PSP2_SRC009;PSP2_SRC011";Monitorización y autoevaluación;Revisar proceso, resultado, errores y próximos pasos.;bajo;Registro de distractores;Anotar cuándo se distrae, por qué y qué ayuda a volver.;Detectar patrones de atención.;bajo;7 días;media;El profesional debe adaptar la pauta a edad, contexto escolar, evaluación individual, familia, centro educativo y normativa aplicable. No sustituye diagnóstico ni dictamen oficial.
Discalculia y matemáticas;Discalculia - sentido numérico;Dificultad para comprender cantidad, magnitud, comparación o estimación.;Infantil;medio;"PSP2_SRC009;PSP2_SRC011";Monitorización y autoevaluación;Revisar proceso, resultado, errores y próximos pasos.;bajo;Revisión COPS;Revisar mayúsculas, orden, puntuación y ortografía.;Mejorar revisión escrita.;bajo;cada texto;media;El profesional debe adaptar la pauta a edad, contexto escolar, evaluación individual, familia, centro educativo y normativa aplicable. No sustituye diagnóstico ni dictamen oficial.
Discalculia y matemáticas;Discalculia - sentido numérico;Dificultad para comprender cantidad, magnitud, comparación o estimación.;Infantil;medio;"PSP2_SRC009;PSP2_SRC011";Monitorización y autoevaluación;Revisar proceso, resultado, errores y próximos pasos.;bajo;Autoevaluación con rúbrica simple;Revisar trabajo con 3-5 criterios visibles.;Mejorar monitorización.;bajo;cada entrega;media;El profesional debe adaptar la pauta a edad, contexto escolar, evaluación individual, familia, centro educativo y normativa aplicable. No sustituye diagnóstico ni dictamen oficial.
Discalculia y matemáticas;Discalculia - sentido numérico;Dificultad para comprender cantidad, magnitud, comparación o estimación.;Infantil;medio;"PSP2_SRC009;PSP2_SRC011";Reestructuración de pensamiento académico;Cuestionar creencias de incapacidad, catastrofismo o todo/nada.;medio;Escala de ansiedad matemática;Valorar ansiedad 0-10 antes y después de práctica graduada.;Reducir bloqueo.;medio;semanal;media;El profesional debe adaptar la pauta a edad, contexto escolar, evaluación individual, familia, centro educativo y normativa aplicable. No sustituye diagnóstico ni dictamen oficial.
Discalculia y matemáticas;Discalculia - sentido numérico;Dificultad para comprender cantidad, magnitud, comparación o estimación.;Infantil;medio;"PSP2_SRC009;PSP2_SRC011";Reestructuración de pensamiento académico;Cuestionar creencias de incapacidad, catastrofismo o todo/nada.;medio;Reformular error académico;Convertir error en información: qué pasó, qué haré distinto.;Reducir miedo al error.;bajo;semanal;media;El profesional debe adaptar la pauta a edad, contexto escolar, evaluación individual, familia, centro educativo y normativa aplicable. No sustituye diagnóstico ni dictamen oficial.
Discalculia y matemáticas;Discalculia - cálculo básico;Dificultad persistente con operaciones, hechos numéricos o procedimientos.;Infantil/Adolescente;medio;"PSP2_SRC009;PSP2_SRC011";Manipulativos y representación visual;Usar material concreto, recta numérica, bloques, dibujos y esquemas.;bajo;Recta numérica manipulativa;Ubicar números, saltos, comparaciones y operaciones en recta.;Desarrollar sentido numérico.;bajo;2-3 veces/semana;alta;El profesional debe adaptar la pauta a edad, contexto escolar, evaluación individual, familia, centro educativo y normativa aplicable. No sustituye diagnóstico ni dictamen oficial.
Discalculia y matemáticas;Discalculia - cálculo básico;Dificultad persistente con operaciones, hechos numéricos o procedimientos.;Infantil/Adolescente;medio;"PSP2_SRC009;PSP2_SRC011";Manipulativos y representación visual;Usar material concreto, recta numérica, bloques, dibujos y esquemas.;bajo;Descomposición de números;Representar números con decenas/unidades, bloques o dibujos.;Comprender composición numérica.;bajo;2-3 veces/semana;media;El profesional debe adaptar la pauta a edad, contexto escolar, evaluación individual, familia, centro educativo y normativa aplicable. No sustituye diagnóstico ni dictamen oficial.
Discalculia y matemáticas;Discalculia - cálculo básico;Dificultad persistente con operaciones, hechos numéricos o procedimientos.;Infantil/Adolescente;medio;"PSP2_SRC009;PSP2_SRC011";Resolución de problemas por pasos;Comprender enunciado, datos, pregunta, operación, cálculo y revisión.;bajo;Plantilla de problema matemático;Datos, pregunta, operación, cálculo y comprobación.;Ordenar resolución.;bajo;cada problema;alta;El profesional debe adaptar la pauta a edad, contexto escolar, evaluación individual, familia, centro educativo y normativa aplicable. No sustituye diagnóstico ni dictamen oficial.
Discalculia y matemáticas;Discalculia - cálculo básico;Dificultad persistente con operaciones, hechos numéricos o procedimientos.;Infantil/Adolescente;medio;"PSP2_SRC009;PSP2_SRC011";Intercalado de práctica;Mezclar tipos de ejercicios para aprender discriminación y transferencia.;bajo;Práctica intercalada de operaciones;Mezclar tipos de operaciones para elegir estrategia correcta.;Mejorar transferencia.;bajo;semanal;media;El profesional debe adaptar la pauta a edad, contexto escolar, evaluación individual, familia, centro educativo y normativa aplicable. No sustituye diagnóstico ni dictamen oficial.
Discalculia y matemáticas;Discalculia - cálculo básico;Dificultad persistente con operaciones, hechos numéricos o procedimientos.;Infantil/Adolescente;medio;"PSP2_SRC009;PSP2_SRC011";Modelado explícito;Mostrar cómo realizar estrategia antes de pedir autonomía.;bajo;Borrador oral previo;Explicar oralmente lo que se quiere escribir antes del borrador.;Facilitar expresión escrita.;bajo;cada texto;media;El profesional debe adaptar la pauta a edad, contexto escolar, evaluación individual, familia, centro educativo y normativa aplicable. No sustituye diagnóstico ni dictamen oficial.
Discalculia y matemáticas;Discalculia - cálculo básico;Dificultad persistente con operaciones, hechos numéricos o procedimientos.;Infantil/Adolescente;medio;"PSP2_SRC009;PSP2_SRC011";Monitorización y autoevaluación;Revisar proceso, resultado, errores y próximos pasos.;bajo;Registro de distractores;Anotar cuándo se distrae, por qué y qué ayuda a volver.;Detectar patrones de atención.;bajo;7 días;media;El profesional debe adaptar la pauta a edad, contexto escolar, evaluación individual, familia, centro educativo y normativa aplicable. No sustituye diagnóstico ni dictamen oficial.
Discalculia y matemáticas;Discalculia - cálculo básico;Dificultad persistente con operaciones, hechos numéricos o procedimientos.;Infantil/Adolescente;medio;"PSP2_SRC009;PSP2_SRC011";Monitorización y autoevaluación;Revisar proceso, resultado, errores y próximos pasos.;bajo;Revisión COPS;Revisar mayúsculas, orden, puntuación y ortografía.;Mejorar revisión escrita.;bajo;cada texto;media;El profesional debe adaptar la pauta a edad, contexto escolar, evaluación individual, familia, centro educativo y normativa aplicable. No sustituye diagnóstico ni dictamen oficial.
Discalculia y matemáticas;Discalculia - cálculo básico;Dificultad persistente con operaciones, hechos numéricos o procedimientos.;Infantil/Adolescente;medio;"PSP2_SRC009;PSP2_SRC011";Monitorización y autoevaluación;Revisar proceso, resultado, errores y próximos pasos.;bajo;Autoevaluación con rúbrica simple;Revisar trabajo con 3-5 criterios visibles.;Mejorar monitorización.;bajo;cada entrega;media;El profesional debe adaptar la pauta a edad, contexto escolar, evaluación individual, familia, centro educativo y normativa aplicable. No sustituye diagnóstico ni dictamen oficial.
Discalculia y matemáticas;Discalculia - cálculo básico;Dificultad persistente con operaciones, hechos numéricos o procedimientos.;Infantil/Adolescente;medio;"PSP2_SRC009;PSP2_SRC011";Reestructuración de pensamiento académico;Cuestionar creencias de incapacidad, catastrofismo o todo/nada.;medio;Escala de ansiedad matemática;Valorar ansiedad 0-10 antes y después de práctica graduada.;Reducir bloqueo.;medio;semanal;media;El profesional debe adaptar la pauta a edad, contexto escolar, evaluación individual, familia, centro educativo y normativa aplicable. No sustituye diagnóstico ni dictamen oficial.
Discalculia y matemáticas;Discalculia - cálculo básico;Dificultad persistente con operaciones, hechos numéricos o procedimientos.;Infantil/Adolescente;medio;"PSP2_SRC009;PSP2_SRC011";Reestructuración de pensamiento académico;Cuestionar creencias de incapacidad, catastrofismo o todo/nada.;medio;Reformular error académico;Convertir error en información: qué pasó, qué haré distinto.;Reducir miedo al error.;bajo;semanal;media;El profesional debe adaptar la pauta a edad, contexto escolar, evaluación individual, familia, centro educativo y normativa aplicable. No sustituye diagnóstico ni dictamen oficial.
Discalculia y matemáticas;Discalculia - resolución de problemas;Dificultad para traducir enunciados a operaciones y pasos.;Infantil/Adolescente;medio;PSP2_SRC011;Manipulativos y representación visual;Usar material concreto, recta numérica, bloques, dibujos y esquemas.;bajo;Recta numérica manipulativa;Ubicar números, saltos, comparaciones y operaciones en recta.;Desarrollar sentido numérico.;bajo;2-3 veces/semana;alta;El profesional debe adaptar la pauta a edad, contexto escolar, evaluación individual, familia, centro educativo y normativa aplicable. No sustituye diagnóstico ni dictamen oficial.
Discalculia y matemáticas;Discalculia - resolución de problemas;Dificultad para traducir enunciados a operaciones y pasos.;Infantil/Adolescente;medio;PSP2_SRC011;Manipulativos y representación visual;Usar material concreto, recta numérica, bloques, dibujos y esquemas.;bajo;Descomposición de números;Representar números con decenas/unidades, bloques o dibujos.;Comprender composición numérica.;bajo;2-3 veces/semana;media;El profesional debe adaptar la pauta a edad, contexto escolar, evaluación individual, familia, centro educativo y normativa aplicable. No sustituye diagnóstico ni dictamen oficial.
Discalculia y matemáticas;Discalculia - resolución de problemas;Dificultad para traducir enunciados a operaciones y pasos.;Infantil/Adolescente;medio;PSP2_SRC011;Resolución de problemas por pasos;Comprender enunciado, datos, pregunta, operación, cálculo y revisión.;bajo;Plantilla de problema matemático;Datos, pregunta, operación, cálculo y comprobación.;Ordenar resolución.;bajo;cada problema;alta;El profesional debe adaptar la pauta a edad, contexto escolar, evaluación individual, familia, centro educativo y normativa aplicable. No sustituye diagnóstico ni dictamen oficial.
Discalculia y matemáticas;Discalculia - resolución de problemas;Dificultad para traducir enunciados a operaciones y pasos.;Infantil/Adolescente;medio;PSP2_SRC011;Intercalado de práctica;Mezclar tipos de ejercicios para aprender discriminación y transferencia.;bajo;Práctica intercalada de operaciones;Mezclar tipos de operaciones para elegir estrategia correcta.;Mejorar transferencia.;bajo;semanal;media;El profesional debe adaptar la pauta a edad, contexto escolar, evaluación individual, familia, centro educativo y normativa aplicable. No sustituye diagnóstico ni dictamen oficial.
Discalculia y matemáticas;Discalculia - resolución de problemas;Dificultad para traducir enunciados a operaciones y pasos.;Infantil/Adolescente;medio;PSP2_SRC011;Modelado explícito;Mostrar cómo realizar estrategia antes de pedir autonomía.;bajo;Borrador oral previo;Explicar oralmente lo que se quiere escribir antes del borrador.;Facilitar expresión escrita.;bajo;cada texto;media;El profesional debe adaptar la pauta a edad, contexto escolar, evaluación individual, familia, centro educativo y normativa aplicable. No sustituye diagnóstico ni dictamen oficial.
Discalculia y matemáticas;Discalculia - resolución de problemas;Dificultad para traducir enunciados a operaciones y pasos.;Infantil/Adolescente;medio;PSP2_SRC011;Monitorización y autoevaluación;Revisar proceso, resultado, errores y próximos pasos.;bajo;Registro de distractores;Anotar cuándo se distrae, por qué y qué ayuda a volver.;Detectar patrones de atención.;bajo;7 días;media;El profesional debe adaptar la pauta a edad, contexto escolar, evaluación individual, familia, centro educativo y normativa aplicable. No sustituye diagnóstico ni dictamen oficial.
Discalculia y matemáticas;Discalculia - resolución de problemas;Dificultad para traducir enunciados a operaciones y pasos.;Infantil/Adolescente;medio;PSP2_SRC011;Monitorización y autoevaluación;Revisar proceso, resultado, errores y próximos pasos.;bajo;Revisión COPS;Revisar mayúsculas, orden, puntuación y ortografía.;Mejorar revisión escrita.;bajo;cada texto;media;El profesional debe adaptar la pauta a edad, contexto escolar, evaluación individual, familia, centro educativo y normativa aplicable. No sustituye diagnóstico ni dictamen oficial.
Discalculia y matemáticas;Discalculia - resolución de problemas;Dificultad para traducir enunciados a operaciones y pasos.;Infantil/Adolescente;medio;PSP2_SRC011;Monitorización y autoevaluación;Revisar proceso, resultado, errores y próximos pasos.;bajo;Autoevaluación con rúbrica simple;Revisar trabajo con 3-5 criterios visibles.;Mejorar monitorización.;bajo;cada entrega;media;El profesional debe adaptar la pauta a edad, contexto escolar, evaluación individual, familia, centro educativo y normativa aplicable. No sustituye diagnóstico ni dictamen oficial.
Discalculia y matemáticas;Discalculia - resolución de problemas;Dificultad para traducir enunciados a operaciones y pasos.;Infantil/Adolescente;medio;PSP2_SRC011;Reestructuración de pensamiento académico;Cuestionar creencias de incapacidad, catastrofismo o todo/nada.;medio;Escala de ansiedad matemática;Valorar ansiedad 0-10 antes y después de práctica graduada.;Reducir bloqueo.;medio;semanal;media;El profesional debe adaptar la pauta a edad, contexto escolar, evaluación individual, familia, centro educativo y normativa aplicable. No sustituye diagnóstico ni dictamen oficial.
Discalculia y matemáticas;Discalculia - resolución de problemas;Dificultad para traducir enunciados a operaciones y pasos.;Infantil/Adolescente;medio;PSP2_SRC011;Reestructuración de pensamiento académico;Cuestionar creencias de incapacidad, catastrofismo o todo/nada.;medio;Reformular error académico;Convertir error en información: qué pasó, qué haré distinto.;Reducir miedo al error.;bajo;semanal;media;El profesional debe adaptar la pauta a edad, contexto escolar, evaluación individual, familia, centro educativo y normativa aplicable. No sustituye diagnóstico ni dictamen oficial.
Discalculia y matemáticas;Ansiedad matemática;Bloqueo, evitación o malestar ante matemáticas.;Infantil/Adolescente;medio;"PSP2_SRC011;PSP2_SRC009";Manipulativos y representación visual;Usar material concreto, recta numérica, bloques, dibujos y esquemas.;bajo;Recta numérica manipulativa;Ubicar números, saltos, comparaciones y operaciones en recta.;Desarrollar sentido numérico.;bajo;2-3 veces/semana;alta;El profesional debe adaptar la pauta a edad, contexto escolar, evaluación individual, familia, centro educativo y normativa aplicable. No sustituye diagnóstico ni dictamen oficial.
Discalculia y matemáticas;Ansiedad matemática;Bloqueo, evitación o malestar ante matemáticas.;Infantil/Adolescente;medio;"PSP2_SRC011;PSP2_SRC009";Manipulativos y representación visual;Usar material concreto, recta numérica, bloques, dibujos y esquemas.;bajo;Descomposición de números;Representar números con decenas/unidades, bloques o dibujos.;Comprender composición numérica.;bajo;2-3 veces/semana;media;El profesional debe adaptar la pauta a edad, contexto escolar, evaluación individual, familia, centro educativo y normativa aplicable. No sustituye diagnóstico ni dictamen oficial.
Discalculia y matemáticas;Ansiedad matemática;Bloqueo, evitación o malestar ante matemáticas.;Infantil/Adolescente;medio;"PSP2_SRC011;PSP2_SRC009";Resolución de problemas por pasos;Comprender enunciado, datos, pregunta, operación, cálculo y revisión.;bajo;Plantilla de problema matemático;Datos, pregunta, operación, cálculo y comprobación.;Ordenar resolución.;bajo;cada problema;alta;El profesional debe adaptar la pauta a edad, contexto escolar, evaluación individual, familia, centro educativo y normativa aplicable. No sustituye diagnóstico ni dictamen oficial.
Discalculia y matemáticas;Ansiedad matemática;Bloqueo, evitación o malestar ante matemáticas.;Infantil/Adolescente;medio;"PSP2_SRC011;PSP2_SRC009";Intercalado de práctica;Mezclar tipos de ejercicios para aprender discriminación y transferencia.;bajo;Práctica intercalada de operaciones;Mezclar tipos de operaciones para elegir estrategia correcta.;Mejorar transferencia.;bajo;semanal;media;El profesional debe adaptar la pauta a edad, contexto escolar, evaluación individual, familia, centro educativo y normativa aplicable. No sustituye diagnóstico ni dictamen oficial.
Discalculia y matemáticas;Ansiedad matemática;Bloqueo, evitación o malestar ante matemáticas.;Infantil/Adolescente;medio;"PSP2_SRC011;PSP2_SRC009";Modelado explícito;Mostrar cómo realizar estrategia antes de pedir autonomía.;bajo;Borrador oral previo;Explicar oralmente lo que se quiere escribir antes del borrador.;Facilitar expresión escrita.;bajo;cada texto;media;El profesional debe adaptar la pauta a edad, contexto escolar, evaluación individual, familia, centro educativo y normativa aplicable. No sustituye diagnóstico ni dictamen oficial.
Discalculia y matemáticas;Ansiedad matemática;Bloqueo, evitación o malestar ante matemáticas.;Infantil/Adolescente;medio;"PSP2_SRC011;PSP2_SRC009";Monitorización y autoevaluación;Revisar proceso, resultado, errores y próximos pasos.;bajo;Registro de distractores;Anotar cuándo se distrae, por qué y qué ayuda a volver.;Detectar patrones de atención.;bajo;7 días;media;El profesional debe adaptar la pauta a edad, contexto escolar, evaluación individual, familia, centro educativo y normativa aplicable. No sustituye diagnóstico ni dictamen oficial.
Discalculia y matemáticas;Ansiedad matemática;Bloqueo, evitación o malestar ante matemáticas.;Infantil/Adolescente;medio;"PSP2_SRC011;PSP2_SRC009";Monitorización y autoevaluación;Revisar proceso, resultado, errores y próximos pasos.;bajo;Revisión COPS;Revisar mayúsculas, orden, puntuación y ortografía.;Mejorar revisión escrita.;bajo;cada texto;media;El profesional debe adaptar la pauta a edad, contexto escolar, evaluación individual, familia, centro educativo y normativa aplicable. No sustituye diagnóstico ni dictamen oficial.
Discalculia y matemáticas;Ansiedad matemática;Bloqueo, evitación o malestar ante matemáticas.;Infantil/Adolescente;medio;"PSP2_SRC011;PSP2_SRC009";Monitorización y autoevaluación;Revisar proceso, resultado, errores y próximos pasos.;bajo;Autoevaluación con rúbrica simple;Revisar trabajo con 3-5 criterios visibles.;Mejorar monitorización.;bajo;cada entrega;media;El profesional debe adaptar la pauta a edad, contexto escolar, evaluación individual, familia, centro educativo y normativa aplicable. No sustituye diagnóstico ni dictamen oficial.
Discalculia y matemáticas;Ansiedad matemática;Bloqueo, evitación o malestar ante matemáticas.;Infantil/Adolescente;medio;"PSP2_SRC011;PSP2_SRC009";Reestructuración de pensamiento académico;Cuestionar creencias de incapacidad, catastrofismo o todo/nada.;medio;Escala de ansiedad matemática;Valorar ansiedad 0-10 antes y después de práctica graduada.;Reducir bloqueo.;medio;semanal;media;El profesional debe adaptar la pauta a edad, contexto escolar, evaluación individual, familia, centro educativo y normativa aplicable. No sustituye diagnóstico ni dictamen oficial.
Discalculia y matemáticas;Ansiedad matemática;Bloqueo, evitación o malestar ante matemáticas.;Infantil/Adolescente;medio;"PSP2_SRC011;PSP2_SRC009";Reestructuración de pensamiento académico;Cuestionar creencias de incapacidad, catastrofismo o todo/nada.;medio;Reformular error académico;Convertir error en información: qué pasó, qué haré distinto.;Reducir miedo al error.;bajo;semanal;media;El profesional debe adaptar la pauta a edad, contexto escolar, evaluación individual, familia, centro educativo y normativa aplicable. No sustituye diagnóstico ni dictamen oficial.
Disgrafía y escritura;Disgrafía - grafomotricidad;Dificultad en trazo, tamaño, presión, velocidad o legibilidad.;Infantil;medio;PSP2_SRC009;Grafomotricidad estructurada;Trabajo de postura, prensión, trazo, ritmo y legibilidad.;medio;Rutina de postura y agarre;Revisar postura, papel, prensión y presión antes de escribir.;Mejorar grafomotricidad.;medio;diario;media;El profesional debe adaptar la pauta a edad, contexto escolar, evaluación individual, familia, centro educativo y normativa aplicable. No sustituye diagnóstico ni dictamen oficial.
Disgrafía y escritura;Disgrafía - grafomotricidad;Dificultad en trazo, tamaño, presión, velocidad o legibilidad.;Infantil;medio;PSP2_SRC009;Grafomotricidad estructurada;Trabajo de postura, prensión, trazo, ritmo y legibilidad.;medio;Trazos funcionales breves;Practicar trazos o letras objetivo con descanso y calidad, no cantidad.;Mejorar legibilidad.;medio;5-10 min;media;El profesional debe adaptar la pauta a edad, contexto escolar, evaluación individual, familia, centro educativo y normativa aplicable. No sustituye diagnóstico ni dictamen oficial.
Disgrafía y escritura;Disgrafía - grafomotricidad;Dificultad en trazo, tamaño, presión, velocidad o legibilidad.;Infantil;medio;PSP2_SRC009;Plantillas de escritura;Organizadores para planificar, redactar y revisar textos.;bajo;Plantilla de párrafo;Idea principal, dos detalles y cierre.;Estructurar producción escrita.;bajo;cada texto;media;El profesional debe adaptar la pauta a edad, contexto escolar, evaluación individual, familia, centro educativo y normativa aplicable. No sustituye diagnóstico ni dictamen oficial.
Disgrafía y escritura;Disgrafía - grafomotricidad;Dificultad en trazo, tamaño, presión, velocidad o legibilidad.;Infantil;medio;PSP2_SRC009;Dictado preparado / ortografía visual;Preparación previa, patrones ortográficos y revisión consciente.;bajo;Dictado preparado;Estudiar palabras objetivo antes del dictado y revisar patrón.;Mejorar ortografía funcional.;bajo;semanal;media;El profesional debe adaptar la pauta a edad, contexto escolar, evaluación individual, familia, centro educativo y normativa aplicable. No sustituye diagnóstico ni dictamen oficial.
Disgrafía y escritura;Disgrafía - grafomotricidad;Dificultad en trazo, tamaño, presión, velocidad o legibilidad.;Infantil;medio;PSP2_SRC009;Modelado explícito;Mostrar cómo realizar estrategia antes de pedir autonomía.;bajo;Borrador oral previo;Explicar oralmente lo que se quiere escribir antes del borrador.;Facilitar expresión escrita.;bajo;cada texto;media;El profesional debe adaptar la pauta a edad, contexto escolar, evaluación individual, familia, centro educativo y normativa aplicable. No sustituye diagnóstico ni dictamen oficial.
Disgrafía y escritura;Disgrafía - grafomotricidad;Dificultad en trazo, tamaño, presión, velocidad o legibilidad.;Infantil;medio;PSP2_SRC009;Andamiaje gradual;Apoyo inicial intenso que se retira progresivamente.;bajo;Escalera de autonomía;Elegir tarea que pasará de ayuda total a ayuda parcial y autónoma.;Aumentar autonomía.;bajo;2-4 semanas;media;El profesional debe adaptar la pauta a edad, contexto escolar, evaluación individual, familia, centro educativo y normativa aplicable. No sustituye diagnóstico ni dictamen oficial.
Disgrafía y escritura;Disgrafía - grafomotricidad;Dificultad en trazo, tamaño, presión, velocidad o legibilidad.;Infantil;medio;PSP2_SRC009;Monitorización y autoevaluación;Revisar proceso, resultado, errores y próximos pasos.;bajo;Registro de distractores;Anotar cuándo se distrae, por qué y qué ayuda a volver.;Detectar patrones de atención.;bajo;7 días;media;El profesional debe adaptar la pauta a edad, contexto escolar, evaluación individual, familia, centro educativo y normativa aplicable. No sustituye diagnóstico ni dictamen oficial.
Disgrafía y escritura;Disgrafía - grafomotricidad;Dificultad en trazo, tamaño, presión, velocidad o legibilidad.;Infantil;medio;PSP2_SRC009;Monitorización y autoevaluación;Revisar proceso, resultado, errores y próximos pasos.;bajo;Revisión COPS;Revisar mayúsculas, orden, puntuación y ortografía.;Mejorar revisión escrita.;bajo;cada texto;media;El profesional debe adaptar la pauta a edad, contexto escolar, evaluación individual, familia, centro educativo y normativa aplicable. No sustituye diagnóstico ni dictamen oficial.
Disgrafía y escritura;Disgrafía - grafomotricidad;Dificultad en trazo, tamaño, presión, velocidad o legibilidad.;Infantil;medio;PSP2_SRC009;Monitorización y autoevaluación;Revisar proceso, resultado, errores y próximos pasos.;bajo;Autoevaluación con rúbrica simple;Revisar trabajo con 3-5 criterios visibles.;Mejorar monitorización.;bajo;cada entrega;media;El profesional debe adaptar la pauta a edad, contexto escolar, evaluación individual, familia, centro educativo y normativa aplicable. No sustituye diagnóstico ni dictamen oficial.
Disgrafía y escritura;Disgrafía - grafomotricidad;Dificultad en trazo, tamaño, presión, velocidad o legibilidad.;Infantil;medio;PSP2_SRC009;Diseño Universal para el Aprendizaje;Ofrecer múltiples formas de acceso, expresión y participación.;bajo;Diseño UDL de una tarea;Ofrecer alternativa de acceso, expresión o participación.;Aumentar inclusión.;bajo;por tarea;media;El profesional debe adaptar la pauta a edad, contexto escolar, evaluación individual, familia, centro educativo y normativa aplicable. No sustituye diagnóstico ni dictamen oficial.
Disgrafía y escritura;Disgrafía - fatiga al escribir;Cansancio, dolor o evitación por esfuerzo gráfico.;Infantil/Adolescente;medio;PSP2_SRC009;Grafomotricidad estructurada;Trabajo de postura, prensión, trazo, ritmo y legibilidad.;medio;Rutina de postura y agarre;Revisar postura, papel, prensión y presión antes de escribir.;Mejorar grafomotricidad.;medio;diario;media;El profesional debe adaptar la pauta a edad, contexto escolar, evaluación individual, familia, centro educativo y normativa aplicable. No sustituye diagnóstico ni dictamen oficial.
Disgrafía y escritura;Disgrafía - fatiga al escribir;Cansancio, dolor o evitación por esfuerzo gráfico.;Infantil/Adolescente;medio;PSP2_SRC009;Grafomotricidad estructurada;Trabajo de postura, prensión, trazo, ritmo y legibilidad.;medio;Trazos funcionales breves;Practicar trazos o letras objetivo con descanso y calidad, no cantidad.;Mejorar legibilidad.;medio;5-10 min;media;El profesional debe adaptar la pauta a edad, contexto escolar, evaluación individual, familia, centro educativo y normativa aplicable. No sustituye diagnóstico ni dictamen oficial.
Disgrafía y escritura;Disgrafía - fatiga al escribir;Cansancio, dolor o evitación por esfuerzo gráfico.;Infantil/Adolescente;medio;PSP2_SRC009;Plantillas de escritura;Organizadores para planificar, redactar y revisar textos.;bajo;Plantilla de párrafo;Idea principal, dos detalles y cierre.;Estructurar producción escrita.;bajo;cada texto;media;El profesional debe adaptar la pauta a edad, contexto escolar, evaluación individual, familia, centro educativo y normativa aplicable. No sustituye diagnóstico ni dictamen oficial.
Disgrafía y escritura;Disgrafía - fatiga al escribir;Cansancio, dolor o evitación por esfuerzo gráfico.;Infantil/Adolescente;medio;PSP2_SRC009;Dictado preparado / ortografía visual;Preparación previa, patrones ortográficos y revisión consciente.;bajo;Dictado preparado;Estudiar palabras objetivo antes del dictado y revisar patrón.;Mejorar ortografía funcional.;bajo;semanal;media;El profesional debe adaptar la pauta a edad, contexto escolar, evaluación individual, familia, centro educativo y normativa aplicable. No sustituye diagnóstico ni dictamen oficial.
Disgrafía y escritura;Disgrafía - fatiga al escribir;Cansancio, dolor o evitación por esfuerzo gráfico.;Infantil/Adolescente;medio;PSP2_SRC009;Modelado explícito;Mostrar cómo realizar estrategia antes de pedir autonomía.;bajo;Borrador oral previo;Explicar oralmente lo que se quiere escribir antes del borrador.;Facilitar expresión escrita.;bajo;cada texto;media;El profesional debe adaptar la pauta a edad, contexto escolar, evaluación individual, familia, centro educativo y normativa aplicable. No sustituye diagnóstico ni dictamen oficial.
Disgrafía y escritura;Disgrafía - fatiga al escribir;Cansancio, dolor o evitación por esfuerzo gráfico.;Infantil/Adolescente;medio;PSP2_SRC009;Andamiaje gradual;Apoyo inicial intenso que se retira progresivamente.;bajo;Escalera de autonomía;Elegir tarea que pasará de ayuda total a ayuda parcial y autónoma.;Aumentar autonomía.;bajo;2-4 semanas;media;El profesional debe adaptar la pauta a edad, contexto escolar, evaluación individual, familia, centro educativo y normativa aplicable. No sustituye diagnóstico ni dictamen oficial.
Disgrafía y escritura;Disgrafía - fatiga al escribir;Cansancio, dolor o evitación por esfuerzo gráfico.;Infantil/Adolescente;medio;PSP2_SRC009;Monitorización y autoevaluación;Revisar proceso, resultado, errores y próximos pasos.;bajo;Registro de distractores;Anotar cuándo se distrae, por qué y qué ayuda a volver.;Detectar patrones de atención.;bajo;7 días;media;El profesional debe adaptar la pauta a edad, contexto escolar, evaluación individual, familia, centro educativo y normativa aplicable. No sustituye diagnóstico ni dictamen oficial.
Disgrafía y escritura;Disgrafía - fatiga al escribir;Cansancio, dolor o evitación por esfuerzo gráfico.;Infantil/Adolescente;medio;PSP2_SRC009;Monitorización y autoevaluación;Revisar proceso, resultado, errores y próximos pasos.;bajo;Revisión COPS;Revisar mayúsculas, orden, puntuación y ortografía.;Mejorar revisión escrita.;bajo;cada texto;media;El profesional debe adaptar la pauta a edad, contexto escolar, evaluación individual, familia, centro educativo y normativa aplicable. No sustituye diagnóstico ni dictamen oficial.
Disgrafía y escritura;Disgrafía - fatiga al escribir;Cansancio, dolor o evitación por esfuerzo gráfico.;Infantil/Adolescente;medio;PSP2_SRC009;Monitorización y autoevaluación;Revisar proceso, resultado, errores y próximos pasos.;bajo;Autoevaluación con rúbrica simple;Revisar trabajo con 3-5 criterios visibles.;Mejorar monitorización.;bajo;cada entrega;media;El profesional debe adaptar la pauta a edad, contexto escolar, evaluación individual, familia, centro educativo y normativa aplicable. No sustituye diagnóstico ni dictamen oficial.
Disgrafía y escritura;Disgrafía - fatiga al escribir;Cansancio, dolor o evitación por esfuerzo gráfico.;Infantil/Adolescente;medio;PSP2_SRC009;Diseño Universal para el Aprendizaje;Ofrecer múltiples formas de acceso, expresión y participación.;bajo;Diseño UDL de una tarea;Ofrecer alternativa de acceso, expresión o participación.;Aumentar inclusión.;bajo;por tarea;media;El profesional debe adaptar la pauta a edad, contexto escolar, evaluación individual, familia, centro educativo y normativa aplicable. No sustituye diagnóstico ni dictamen oficial.
Disgrafía y escritura;Producción escrita desorganizada;Dificultad para planificar, ordenar y revisar textos.;Infantil/Adolescente;bajo;"PSP2_SRC005;PSP2_SRC009";Grafomotricidad estructurada;Trabajo de postura, prensión, trazo, ritmo y legibilidad.;medio;Rutina de postura y agarre;Revisar postura, papel, prensión y presión antes de escribir.;Mejorar grafomotricidad.;medio;diario;media;El profesional debe adaptar la pauta a edad, contexto escolar, evaluación individual, familia, centro educativo y normativa aplicable. No sustituye diagnóstico ni dictamen oficial.
Disgrafía y escritura;Producción escrita desorganizada;Dificultad para planificar, ordenar y revisar textos.;Infantil/Adolescente;bajo;"PSP2_SRC005;PSP2_SRC009";Grafomotricidad estructurada;Trabajo de postura, prensión, trazo, ritmo y legibilidad.;medio;Trazos funcionales breves;Practicar trazos o letras objetivo con descanso y calidad, no cantidad.;Mejorar legibilidad.;medio;5-10 min;media;El profesional debe adaptar la pauta a edad, contexto escolar, evaluación individual, familia, centro educativo y normativa aplicable. No sustituye diagnóstico ni dictamen oficial.
Disgrafía y escritura;Producción escrita desorganizada;Dificultad para planificar, ordenar y revisar textos.;Infantil/Adolescente;bajo;"PSP2_SRC005;PSP2_SRC009";Plantillas de escritura;Organizadores para planificar, redactar y revisar textos.;bajo;Plantilla de párrafo;Idea principal, dos detalles y cierre.;Estructurar producción escrita.;bajo;cada texto;media;El profesional debe adaptar la pauta a edad, contexto escolar, evaluación individual, familia, centro educativo y normativa aplicable. No sustituye diagnóstico ni dictamen oficial.
Disgrafía y escritura;Producción escrita desorganizada;Dificultad para planificar, ordenar y revisar textos.;Infantil/Adolescente;bajo;"PSP2_SRC005;PSP2_SRC009";Dictado preparado / ortografía visual;Preparación previa, patrones ortográficos y revisión consciente.;bajo;Dictado preparado;Estudiar palabras objetivo antes del dictado y revisar patrón.;Mejorar ortografía funcional.;bajo;semanal;media;El profesional debe adaptar la pauta a edad, contexto escolar, evaluación individual, familia, centro educativo y normativa aplicable. No sustituye diagnóstico ni dictamen oficial.
Disgrafía y escritura;Producción escrita desorganizada;Dificultad para planificar, ordenar y revisar textos.;Infantil/Adolescente;bajo;"PSP2_SRC005;PSP2_SRC009";Modelado explícito;Mostrar cómo realizar estrategia antes de pedir autonomía.;bajo;Borrador oral previo;Explicar oralmente lo que se quiere escribir antes del borrador.;Facilitar expresión escrita.;bajo;cada texto;media;El profesional debe adaptar la pauta a edad, contexto escolar, evaluación individual, familia, centro educativo y normativa aplicable. No sustituye diagnóstico ni dictamen oficial.
Disgrafía y escritura;Producción escrita desorganizada;Dificultad para planificar, ordenar y revisar textos.;Infantil/Adolescente;bajo;"PSP2_SRC005;PSP2_SRC009";Andamiaje gradual;Apoyo inicial intenso que se retira progresivamente.;bajo;Escalera de autonomía;Elegir tarea que pasará de ayuda total a ayuda parcial y autónoma.;Aumentar autonomía.;bajo;2-4 semanas;media;El profesional debe adaptar la pauta a edad, contexto escolar, evaluación individual, familia, centro educativo y normativa aplicable. No sustituye diagnóstico ni dictamen oficial.
Disgrafía y escritura;Producción escrita desorganizada;Dificultad para planificar, ordenar y revisar textos.;Infantil/Adolescente;bajo;"PSP2_SRC005;PSP2_SRC009";Monitorización y autoevaluación;Revisar proceso, resultado, errores y próximos pasos.;bajo;Registro de distractores;Anotar cuándo se distrae, por qué y qué ayuda a volver.;Detectar patrones de atención.;bajo;7 días;media;El profesional debe adaptar la pauta a edad, contexto escolar, evaluación individual, familia, centro educativo y normativa aplicable. No sustituye diagnóstico ni dictamen oficial.
Disgrafía y escritura;Producción escrita desorganizada;Dificultad para planificar, ordenar y revisar textos.;Infantil/Adolescente;bajo;"PSP2_SRC005;PSP2_SRC009";Monitorización y autoevaluación;Revisar proceso, resultado, errores y próximos pasos.;bajo;Revisión COPS;Revisar mayúsculas, orden, puntuación y ortografía.;Mejorar revisión escrita.;bajo;cada texto;media;El profesional debe adaptar la pauta a edad, contexto escolar, evaluación individual, familia, centro educativo y normativa aplicable. No sustituye diagnóstico ni dictamen oficial.
Disgrafía y escritura;Producción escrita desorganizada;Dificultad para planificar, ordenar y revisar textos.;Infantil/Adolescente;bajo;"PSP2_SRC005;PSP2_SRC009";Monitorización y autoevaluación;Revisar proceso, resultado, errores y próximos pasos.;bajo;Autoevaluación con rúbrica simple;Revisar trabajo con 3-5 criterios visibles.;Mejorar monitorización.;bajo;cada entrega;media;El profesional debe adaptar la pauta a edad, contexto escolar, evaluación individual, familia, centro educativo y normativa aplicable. No sustituye diagnóstico ni dictamen oficial.
Disgrafía y escritura;Producción escrita desorganizada;Dificultad para planificar, ordenar y revisar textos.;Infantil/Adolescente;bajo;"PSP2_SRC005;PSP2_SRC009";Diseño Universal para el Aprendizaje;Ofrecer múltiples formas de acceso, expresión y participación.;bajo;Diseño UDL de una tarea;Ofrecer alternativa de acceso, expresión o participación.;Aumentar inclusión.;bajo;por tarea;media;El profesional debe adaptar la pauta a edad, contexto escolar, evaluación individual, familia, centro educativo y normativa aplicable. No sustituye diagnóstico ni dictamen oficial.
Disgrafía y escritura;Dificultad para expresar ideas por escrito;Ideas adecuadas oralmente pero pobre expresión escrita.;Infantil/Adolescente;bajo;"PSP2_SRC005;PSP2_SRC009";Grafomotricidad estructurada;Trabajo de postura, prensión, trazo, ritmo y legibilidad.;medio;Rutina de postura y agarre;Revisar postura, papel, prensión y presión antes de escribir.;Mejorar grafomotricidad.;medio;diario;media;El profesional debe adaptar la pauta a edad, contexto escolar, evaluación individual, familia, centro educativo y normativa aplicable. No sustituye diagnóstico ni dictamen oficial.
Disgrafía y escritura;Dificultad para expresar ideas por escrito;Ideas adecuadas oralmente pero pobre expresión escrita.;Infantil/Adolescente;bajo;"PSP2_SRC005;PSP2_SRC009";Grafomotricidad estructurada;Trabajo de postura, prensión, trazo, ritmo y legibilidad.;medio;Trazos funcionales breves;Practicar trazos o letras objetivo con descanso y calidad, no cantidad.;Mejorar legibilidad.;medio;5-10 min;media;El profesional debe adaptar la pauta a edad, contexto escolar, evaluación individual, familia, centro educativo y normativa aplicable. No sustituye diagnóstico ni dictamen oficial.
Disgrafía y escritura;Dificultad para expresar ideas por escrito;Ideas adecuadas oralmente pero pobre expresión escrita.;Infantil/Adolescente;bajo;"PSP2_SRC005;PSP2_SRC009";Plantillas de escritura;Organizadores para planificar, redactar y revisar textos.;bajo;Plantilla de párrafo;Idea principal, dos detalles y cierre.;Estructurar producción escrita.;bajo;cada texto;media;El profesional debe adaptar la pauta a edad, contexto escolar, evaluación individual, familia, centro educativo y normativa aplicable. No sustituye diagnóstico ni dictamen oficial.
Disgrafía y escritura;Dificultad para expresar ideas por escrito;Ideas adecuadas oralmente pero pobre expresión escrita.;Infantil/Adolescente;bajo;"PSP2_SRC005;PSP2_SRC009";Dictado preparado / ortografía visual;Preparación previa, patrones ortográficos y revisión consciente.;bajo;Dictado preparado;Estudiar palabras objetivo antes del dictado y revisar patrón.;Mejorar ortografía funcional.;bajo;semanal;media;El profesional debe adaptar la pauta a edad, contexto escolar, evaluación individual, familia, centro educativo y normativa aplicable. No sustituye diagnóstico ni dictamen oficial.
Disgrafía y escritura;Dificultad para expresar ideas por escrito;Ideas adecuadas oralmente pero pobre expresión escrita.;Infantil/Adolescente;bajo;"PSP2_SRC005;PSP2_SRC009";Modelado explícito;Mostrar cómo realizar estrategia antes de pedir autonomía.;bajo;Borrador oral previo;Explicar oralmente lo que se quiere escribir antes del borrador.;Facilitar expresión escrita.;bajo;cada texto;media;El profesional debe adaptar la pauta a edad, contexto escolar, evaluación individual, familia, centro educativo y normativa aplicable. No sustituye diagnóstico ni dictamen oficial.
Disgrafía y escritura;Dificultad para expresar ideas por escrito;Ideas adecuadas oralmente pero pobre expresión escrita.;Infantil/Adolescente;bajo;"PSP2_SRC005;PSP2_SRC009";Andamiaje gradual;Apoyo inicial intenso que se retira progresivamente.;bajo;Escalera de autonomía;Elegir tarea que pasará de ayuda total a ayuda parcial y autónoma.;Aumentar autonomía.;bajo;2-4 semanas;media;El profesional debe adaptar la pauta a edad, contexto escolar, evaluación individual, familia, centro educativo y normativa aplicable. No sustituye diagnóstico ni dictamen oficial.
Disgrafía y escritura;Dificultad para expresar ideas por escrito;Ideas adecuadas oralmente pero pobre expresión escrita.;Infantil/Adolescente;bajo;"PSP2_SRC005;PSP2_SRC009";Monitorización y autoevaluación;Revisar proceso, resultado, errores y próximos pasos.;bajo;Registro de distractores;Anotar cuándo se distrae, por qué y qué ayuda a volver.;Detectar patrones de atención.;bajo;7 días;media;El profesional debe adaptar la pauta a edad, contexto escolar, evaluación individual, familia, centro educativo y normativa aplicable. No sustituye diagnóstico ni dictamen oficial.
Disgrafía y escritura;Dificultad para expresar ideas por escrito;Ideas adecuadas oralmente pero pobre expresión escrita.;Infantil/Adolescente;bajo;"PSP2_SRC005;PSP2_SRC009";Monitorización y autoevaluación;Revisar proceso, resultado, errores y próximos pasos.;bajo;Revisión COPS;Revisar mayúsculas, orden, puntuación y ortografía.;Mejorar revisión escrita.;bajo;cada texto;media;El profesional debe adaptar la pauta a edad, contexto escolar, evaluación individual, familia, centro educativo y normativa aplicable. No sustituye diagnóstico ni dictamen oficial.
Disgrafía y escritura;Dificultad para expresar ideas por escrito;Ideas adecuadas oralmente pero pobre expresión escrita.;Infantil/Adolescente;bajo;"PSP2_SRC005;PSP2_SRC009";Monitorización y autoevaluación;Revisar proceso, resultado, errores y próximos pasos.;bajo;Autoevaluación con rúbrica simple;Revisar trabajo con 3-5 criterios visibles.;Mejorar monitorización.;bajo;cada entrega;media;El profesional debe adaptar la pauta a edad, contexto escolar, evaluación individual, familia, centro educativo y normativa aplicable. No sustituye diagnóstico ni dictamen oficial.
Disgrafía y escritura;Dificultad para expresar ideas por escrito;Ideas adecuadas oralmente pero pobre expresión escrita.;Infantil/Adolescente;bajo;"PSP2_SRC005;PSP2_SRC009";Diseño Universal para el Aprendizaje;Ofrecer múltiples formas de acceso, expresión y participación.;bajo;Diseño UDL de una tarea;Ofrecer alternativa de acceso, expresión o participación.;Aumentar inclusión.;bajo;por tarea;media;El profesional debe adaptar la pauta a edad, contexto escolar, evaluación individual, familia, centro educativo y normativa aplicable. No sustituye diagnóstico ni dictamen oficial.
Funciones ejecutivas;Funciones ejecutivas - memoria de trabajo;Dificultad para mantener información activa mientras se realiza una tarea.;Infantil/Adolescente;medio;PSP2_SRC009;Agenda visual / planificación externa;Uso de agenda, calendario, pictos, checklist o panel semanal.;bajo;Panel semanal de tareas;Organizar exámenes, deberes, entregas y actividades en un panel semanal.;Externalizar planificación.;bajo;15 min semanal;media;El profesional debe adaptar la pauta a edad, contexto escolar, evaluación individual, familia, centro educativo y normativa aplicable. No sustituye diagnóstico ni dictamen oficial.
Funciones ejecutivas;Funciones ejecutivas - memoria de trabajo;Dificultad para mantener información activa mientras se realiza una tarea.;Infantil/Adolescente;medio;PSP2_SRC009;Checklist de pasos;Convertir una tarea compleja en pasos visibles y verificables.;bajo;Checklist de mochila y materiales;Lista visible para preparar mochila, deberes y materiales del día siguiente.;Reducir olvidos y dependencia adulta.;bajo;5-10 min diarios;alta;El profesional debe adaptar la pauta a edad, contexto escolar, evaluación individual, familia, centro educativo y normativa aplicable. No sustituye diagnóstico ni dictamen oficial.
Funciones ejecutivas;Funciones ejecutivas - memoria de trabajo;Dificultad para mantener información activa mientras se realiza una tarea.;Infantil/Adolescente;medio;PSP2_SRC009;Fragmentación de tareas;Dividir tareas largas en microtareas con inicio claro.;bajo;Primer paso visible;Escribir el primer paso mínimo de una tarea antes de empezar.;Reducir bloqueo de inicio.;bajo;cada tarea;media;El profesional debe adaptar la pauta a edad, contexto escolar, evaluación individual, familia, centro educativo y normativa aplicable. No sustituye diagnóstico ni dictamen oficial.
Funciones ejecutivas;Funciones ejecutivas - memoria de trabajo;Dificultad para mantener información activa mientras se realiza una tarea.;Infantil/Adolescente;medio;PSP2_SRC009;Autoinstrucciones;Enseñar diálogo interno: paro, miro, pienso, hago, reviso.;bajo;Tarjeta de autoinstrucciones;Crear tarjeta: paro, leo, subrayo, hago, reviso.;Mejorar control ejecutivo.;bajo;diario;media;El profesional debe adaptar la pauta a edad, contexto escolar, evaluación individual, familia, centro educativo y normativa aplicable. No sustituye diagnóstico ni dictamen oficial.
Funciones ejecutivas;Funciones ejecutivas - memoria de trabajo;Dificultad para mantener información activa mientras se realiza una tarea.;Infantil/Adolescente;medio;PSP2_SRC009;Entrenamiento de memoria de trabajo;Reducir carga, externalizar información y practicar estrategias.;bajo;Instrucciones de 1-2-3 pasos;Practicar seguir instrucciones graduadas y comprobar cumplimiento.;Mejorar memoria de trabajo.;bajo;diario;media;El profesional debe adaptar la pauta a edad, contexto escolar, evaluación individual, familia, centro educativo y normativa aplicable. No sustituye diagnóstico ni dictamen oficial.
Funciones ejecutivas;Funciones ejecutivas - memoria de trabajo;Dificultad para mantener información activa mientras se realiza una tarea.;Infantil/Adolescente;medio;PSP2_SRC009;Entrenamiento de memoria de trabajo;Reducir carga, externalizar información y practicar estrategias.;bajo;Memoria de trabajo externa;Usar papel auxiliar para datos, pasos o consignas.;Reducir carga cognitiva.;bajo;cada tarea;alta;El profesional debe adaptar la pauta a edad, contexto escolar, evaluación individual, familia, centro educativo y normativa aplicable. No sustituye diagnóstico ni dictamen oficial.
Funciones ejecutivas;Funciones ejecutivas - memoria de trabajo;Dificultad para mantener información activa mientras se realiza una tarea.;Infantil/Adolescente;medio;PSP2_SRC009;Planificación por objetivos SMART;Objetivos específicos, medibles, alcanzables, relevantes y temporales.;bajo;Objetivo SMART semanal;Definir objetivo concreto, medible y revisable para la semana.;Mejorar planificación.;bajo;semanal;media;El profesional debe adaptar la pauta a edad, contexto escolar, evaluación individual, familia, centro educativo y normativa aplicable. No sustituye diagnóstico ni dictamen oficial.
Funciones ejecutivas;Funciones ejecutivas - memoria de trabajo;Dificultad para mantener información activa mientras se realiza una tarea.;Infantil/Adolescente;medio;PSP2_SRC009;Planificación por objetivos SMART;Objetivos específicos, medibles, alcanzables, relevantes y temporales.;bajo;Reto graduado;Elegir tarea ligeramente difícil pero alcanzable.;Trabajar frustración y esfuerzo.;bajo;semanal;media;El profesional debe adaptar la pauta a edad, contexto escolar, evaluación individual, familia, centro educativo y normativa aplicable. No sustituye diagnóstico ni dictamen oficial.
Funciones ejecutivas;Funciones ejecutivas - memoria de trabajo;Dificultad para mantener información activa mientras se realiza una tarea.;Infantil/Adolescente;medio;PSP2_SRC009;Planificación por objetivos SMART;Objetivos específicos, medibles, alcanzables, relevantes y temporales.;bajo;Planificar con cuatro casillas;Objetivo, materiales, pasos y revisión.;Mejorar planificación.;bajo;cada tarea larga;media;El profesional debe adaptar la pauta a edad, contexto escolar, evaluación individual, familia, centro educativo y normativa aplicable. No sustituye diagnóstico ni dictamen oficial.
Funciones ejecutivas;Funciones ejecutivas - memoria de trabajo;Dificultad para mantener información activa mientras se realiza una tarea.;Infantil/Adolescente;medio;PSP2_SRC009;Monitorización y autoevaluación;Revisar proceso, resultado, errores y próximos pasos.;bajo;Registro de distractores;Anotar cuándo se distrae, por qué y qué ayuda a volver.;Detectar patrones de atención.;bajo;7 días;media;El profesional debe adaptar la pauta a edad, contexto escolar, evaluación individual, familia, centro educativo y normativa aplicable. No sustituye diagnóstico ni dictamen oficial.
Funciones ejecutivas;Funciones ejecutivas - memoria de trabajo;Dificultad para mantener información activa mientras se realiza una tarea.;Infantil/Adolescente;medio;PSP2_SRC009;Monitorización y autoevaluación;Revisar proceso, resultado, errores y próximos pasos.;bajo;Revisión COPS;Revisar mayúsculas, orden, puntuación y ortografía.;Mejorar revisión escrita.;bajo;cada texto;media;El profesional debe adaptar la pauta a edad, contexto escolar, evaluación individual, familia, centro educativo y normativa aplicable. No sustituye diagnóstico ni dictamen oficial.
Funciones ejecutivas;Funciones ejecutivas - memoria de trabajo;Dificultad para mantener información activa mientras se realiza una tarea.;Infantil/Adolescente;medio;PSP2_SRC009;Monitorización y autoevaluación;Revisar proceso, resultado, errores y próximos pasos.;bajo;Autoevaluación con rúbrica simple;Revisar trabajo con 3-5 criterios visibles.;Mejorar monitorización.;bajo;cada entrega;media;El profesional debe adaptar la pauta a edad, contexto escolar, evaluación individual, familia, centro educativo y normativa aplicable. No sustituye diagnóstico ni dictamen oficial.
Funciones ejecutivas;Funciones ejecutivas - memoria de trabajo;Dificultad para mantener información activa mientras se realiza una tarea.;Infantil/Adolescente;medio;PSP2_SRC009;Flexibilidad cognitiva guiada;Practicar alternativas, cambios de estrategia y tolerancia a error.;medio;Preparar cambio imprevisto;Ensayar 'plan A/plan B' ante cambios habituales.;Aumentar flexibilidad.;bajo;semanal;media;El profesional debe adaptar la pauta a edad, contexto escolar, evaluación individual, familia, centro educativo y normativa aplicable. No sustituye diagnóstico ni dictamen oficial.
Funciones ejecutivas;Funciones ejecutivas - memoria de trabajo;Dificultad para mantener información activa mientras se realiza una tarea.;Infantil/Adolescente;medio;PSP2_SRC009;Flexibilidad cognitiva guiada;Practicar alternativas, cambios de estrategia y tolerancia a error.;medio;Diario de errores útiles;Registrar un error y qué enseñó.;Reducir perfeccionismo.;bajo;semanal;media;El profesional debe adaptar la pauta a edad, contexto escolar, evaluación individual, familia, centro educativo y normativa aplicable. No sustituye diagnóstico ni dictamen oficial.
Funciones ejecutivas;Funciones ejecutivas - memoria de trabajo;Dificultad para mantener información activa mientras se realiza una tarea.;Infantil/Adolescente;medio;PSP2_SRC009;Flexibilidad cognitiva guiada;Practicar alternativas, cambios de estrategia y tolerancia a error.;medio;Cambio de estrategia guiado;Si no funciona, elegir entre dos estrategias alternativas.;Mejorar flexibilidad.;medio;semanal;media;El profesional debe adaptar la pauta a edad, contexto escolar, evaluación individual, familia, centro educativo y normativa aplicable. No sustituye diagnóstico ni dictamen oficial.
Funciones ejecutivas;Funciones ejecutivas - memoria de trabajo;Dificultad para mantener información activa mientras se realiza una tarea.;Infantil/Adolescente;medio;PSP2_SRC009;Metacognición guiada;Planificar, supervisar y evaluar estrategias de aprendizaje.;bajo;Diario metacognitivo;Responder: qué sabía, qué no, qué estrategia funcionó.;Mejorar autorregulación del aprendizaje.;bajo;semanal;media;El profesional debe adaptar la pauta a edad, contexto escolar, evaluación individual, familia, centro educativo y normativa aplicable. No sustituye diagnóstico ni dictamen oficial.
Funciones ejecutivas;Funciones ejecutivas - planificación;Dificultad para anticipar pasos, materiales, tiempos y objetivos.;Infantil/Adolescente;bajo;PSP2_SRC009;Agenda visual / planificación externa;Uso de agenda, calendario, pictos, checklist o panel semanal.;bajo;Panel semanal de tareas;Organizar exámenes, deberes, entregas y actividades en un panel semanal.;Externalizar planificación.;bajo;15 min semanal;media;El profesional debe adaptar la pauta a edad, contexto escolar, evaluación individual, familia, centro educativo y normativa aplicable. No sustituye diagnóstico ni dictamen oficial.
Funciones ejecutivas;Funciones ejecutivas - planificación;Dificultad para anticipar pasos, materiales, tiempos y objetivos.;Infantil/Adolescente;bajo;PSP2_SRC009;Checklist de pasos;Convertir una tarea compleja en pasos visibles y verificables.;bajo;Checklist de mochila y materiales;Lista visible para preparar mochila, deberes y materiales del día siguiente.;Reducir olvidos y dependencia adulta.;bajo;5-10 min diarios;alta;El profesional debe adaptar la pauta a edad, contexto escolar, evaluación individual, familia, centro educativo y normativa aplicable. No sustituye diagnóstico ni dictamen oficial.
Funciones ejecutivas;Funciones ejecutivas - planificación;Dificultad para anticipar pasos, materiales, tiempos y objetivos.;Infantil/Adolescente;bajo;PSP2_SRC009;Fragmentación de tareas;Dividir tareas largas en microtareas con inicio claro.;bajo;Primer paso visible;Escribir el primer paso mínimo de una tarea antes de empezar.;Reducir bloqueo de inicio.;bajo;cada tarea;media;El profesional debe adaptar la pauta a edad, contexto escolar, evaluación individual, familia, centro educativo y normativa aplicable. No sustituye diagnóstico ni dictamen oficial.
Funciones ejecutivas;Funciones ejecutivas - planificación;Dificultad para anticipar pasos, materiales, tiempos y objetivos.;Infantil/Adolescente;bajo;PSP2_SRC009;Autoinstrucciones;Enseñar diálogo interno: paro, miro, pienso, hago, reviso.;bajo;Tarjeta de autoinstrucciones;Crear tarjeta: paro, leo, subrayo, hago, reviso.;Mejorar control ejecutivo.;bajo;diario;media;El profesional debe adaptar la pauta a edad, contexto escolar, evaluación individual, familia, centro educativo y normativa aplicable. No sustituye diagnóstico ni dictamen oficial.
Funciones ejecutivas;Funciones ejecutivas - planificación;Dificultad para anticipar pasos, materiales, tiempos y objetivos.;Infantil/Adolescente;bajo;PSP2_SRC009;Entrenamiento de memoria de trabajo;Reducir carga, externalizar información y practicar estrategias.;bajo;Instrucciones de 1-2-3 pasos;Practicar seguir instrucciones graduadas y comprobar cumplimiento.;Mejorar memoria de trabajo.;bajo;diario;media;El profesional debe adaptar la pauta a edad, contexto escolar, evaluación individual, familia, centro educativo y normativa aplicable. No sustituye diagnóstico ni dictamen oficial.
Funciones ejecutivas;Funciones ejecutivas - planificación;Dificultad para anticipar pasos, materiales, tiempos y objetivos.;Infantil/Adolescente;bajo;PSP2_SRC009;Entrenamiento de memoria de trabajo;Reducir carga, externalizar información y practicar estrategias.;bajo;Memoria de trabajo externa;Usar papel auxiliar para datos, pasos o consignas.;Reducir carga cognitiva.;bajo;cada tarea;alta;El profesional debe adaptar la pauta a edad, contexto escolar, evaluación individual, familia, centro educativo y normativa aplicable. No sustituye diagnóstico ni dictamen oficial.
Funciones ejecutivas;Funciones ejecutivas - planificación;Dificultad para anticipar pasos, materiales, tiempos y objetivos.;Infantil/Adolescente;bajo;PSP2_SRC009;Planificación por objetivos SMART;Objetivos específicos, medibles, alcanzables, relevantes y temporales.;bajo;Objetivo SMART semanal;Definir objetivo concreto, medible y revisable para la semana.;Mejorar planificación.;bajo;semanal;media;El profesional debe adaptar la pauta a edad, contexto escolar, evaluación individual, familia, centro educativo y normativa aplicable. No sustituye diagnóstico ni dictamen oficial.
Funciones ejecutivas;Funciones ejecutivas - planificación;Dificultad para anticipar pasos, materiales, tiempos y objetivos.;Infantil/Adolescente;bajo;PSP2_SRC009;Planificación por objetivos SMART;Objetivos específicos, medibles, alcanzables, relevantes y temporales.;bajo;Reto graduado;Elegir tarea ligeramente difícil pero alcanzable.;Trabajar frustración y esfuerzo.;bajo;semanal;media;El profesional debe adaptar la pauta a edad, contexto escolar, evaluación individual, familia, centro educativo y normativa aplicable. No sustituye diagnóstico ni dictamen oficial.
Funciones ejecutivas;Funciones ejecutivas - planificación;Dificultad para anticipar pasos, materiales, tiempos y objetivos.;Infantil/Adolescente;bajo;PSP2_SRC009;Planificación por objetivos SMART;Objetivos específicos, medibles, alcanzables, relevantes y temporales.;bajo;Planificar con cuatro casillas;Objetivo, materiales, pasos y revisión.;Mejorar planificación.;bajo;cada tarea larga;media;El profesional debe adaptar la pauta a edad, contexto escolar, evaluación individual, familia, centro educativo y normativa aplicable. No sustituye diagnóstico ni dictamen oficial.
Funciones ejecutivas;Funciones ejecutivas - planificación;Dificultad para anticipar pasos, materiales, tiempos y objetivos.;Infantil/Adolescente;bajo;PSP2_SRC009;Monitorización y autoevaluación;Revisar proceso, resultado, errores y próximos pasos.;bajo;Registro de distractores;Anotar cuándo se distrae, por qué y qué ayuda a volver.;Detectar patrones de atención.;bajo;7 días;media;El profesional debe adaptar la pauta a edad, contexto escolar, evaluación individual, familia, centro educativo y normativa aplicable. No sustituye diagnóstico ni dictamen oficial.
Funciones ejecutivas;Funciones ejecutivas - planificación;Dificultad para anticipar pasos, materiales, tiempos y objetivos.;Infantil/Adolescente;bajo;PSP2_SRC009;Monitorización y autoevaluación;Revisar proceso, resultado, errores y próximos pasos.;bajo;Revisión COPS;Revisar mayúsculas, orden, puntuación y ortografía.;Mejorar revisión escrita.;bajo;cada texto;media;El profesional debe adaptar la pauta a edad, contexto escolar, evaluación individual, familia, centro educativo y normativa aplicable. No sustituye diagnóstico ni dictamen oficial.
Funciones ejecutivas;Funciones ejecutivas - planificación;Dificultad para anticipar pasos, materiales, tiempos y objetivos.;Infantil/Adolescente;bajo;PSP2_SRC009;Monitorización y autoevaluación;Revisar proceso, resultado, errores y próximos pasos.;bajo;Autoevaluación con rúbrica simple;Revisar trabajo con 3-5 criterios visibles.;Mejorar monitorización.;bajo;cada entrega;media;El profesional debe adaptar la pauta a edad, contexto escolar, evaluación individual, familia, centro educativo y normativa aplicable. No sustituye diagnóstico ni dictamen oficial.
Funciones ejecutivas;Funciones ejecutivas - planificación;Dificultad para anticipar pasos, materiales, tiempos y objetivos.;Infantil/Adolescente;bajo;PSP2_SRC009;Flexibilidad cognitiva guiada;Practicar alternativas, cambios de estrategia y tolerancia a error.;medio;Preparar cambio imprevisto;Ensayar 'plan A/plan B' ante cambios habituales.;Aumentar flexibilidad.;bajo;semanal;media;El profesional debe adaptar la pauta a edad, contexto escolar, evaluación individual, familia, centro educativo y normativa aplicable. No sustituye diagnóstico ni dictamen oficial.
Funciones ejecutivas;Funciones ejecutivas - planificación;Dificultad para anticipar pasos, materiales, tiempos y objetivos.;Infantil/Adolescente;bajo;PSP2_SRC009;Flexibilidad cognitiva guiada;Practicar alternativas, cambios de estrategia y tolerancia a error.;medio;Diario de errores útiles;Registrar un error y qué enseñó.;Reducir perfeccionismo.;bajo;semanal;media;El profesional debe adaptar la pauta a edad, contexto escolar, evaluación individual, familia, centro educativo y normativa aplicable. No sustituye diagnóstico ni dictamen oficial.
Funciones ejecutivas;Funciones ejecutivas - planificación;Dificultad para anticipar pasos, materiales, tiempos y objetivos.;Infantil/Adolescente;bajo;PSP2_SRC009;Flexibilidad cognitiva guiada;Practicar alternativas, cambios de estrategia y tolerancia a error.;medio;Cambio de estrategia guiado;Si no funciona, elegir entre dos estrategias alternativas.;Mejorar flexibilidad.;medio;semanal;media;El profesional debe adaptar la pauta a edad, contexto escolar, evaluación individual, familia, centro educativo y normativa aplicable. No sustituye diagnóstico ni dictamen oficial.
Funciones ejecutivas;Funciones ejecutivas - planificación;Dificultad para anticipar pasos, materiales, tiempos y objetivos.;Infantil/Adolescente;bajo;PSP2_SRC009;Metacognición guiada;Planificar, supervisar y evaluar estrategias de aprendizaje.;bajo;Diario metacognitivo;Responder: qué sabía, qué no, qué estrategia funcionó.;Mejorar autorregulación del aprendizaje.;bajo;semanal;media;El profesional debe adaptar la pauta a edad, contexto escolar, evaluación individual, familia, centro educativo y normativa aplicable. No sustituye diagnóstico ni dictamen oficial.
Funciones ejecutivas;Funciones ejecutivas - organización material;Mochila, agenda, cuadernos o archivos desordenados.;Infantil/Adolescente;bajo;PSP2_SRC009;Agenda visual / planificación externa;Uso de agenda, calendario, pictos, checklist o panel semanal.;bajo;Panel semanal de tareas;Organizar exámenes, deberes, entregas y actividades en un panel semanal.;Externalizar planificación.;bajo;15 min semanal;media;El profesional debe adaptar la pauta a edad, contexto escolar, evaluación individual, familia, centro educativo y normativa aplicable. No sustituye diagnóstico ni dictamen oficial.
Funciones ejecutivas;Funciones ejecutivas - organización material;Mochila, agenda, cuadernos o archivos desordenados.;Infantil/Adolescente;bajo;PSP2_SRC009;Checklist de pasos;Convertir una tarea compleja en pasos visibles y verificables.;bajo;Checklist de mochila y materiales;Lista visible para preparar mochila, deberes y materiales del día siguiente.;Reducir olvidos y dependencia adulta.;bajo;5-10 min diarios;alta;El profesional debe adaptar la pauta a edad, contexto escolar, evaluación individual, familia, centro educativo y normativa aplicable. No sustituye diagnóstico ni dictamen oficial.
Funciones ejecutivas;Funciones ejecutivas - organización material;Mochila, agenda, cuadernos o archivos desordenados.;Infantil/Adolescente;bajo;PSP2_SRC009;Fragmentación de tareas;Dividir tareas largas en microtareas con inicio claro.;bajo;Primer paso visible;Escribir el primer paso mínimo de una tarea antes de empezar.;Reducir bloqueo de inicio.;bajo;cada tarea;media;El profesional debe adaptar la pauta a edad, contexto escolar, evaluación individual, familia, centro educativo y normativa aplicable. No sustituye diagnóstico ni dictamen oficial.
Funciones ejecutivas;Funciones ejecutivas - organización material;Mochila, agenda, cuadernos o archivos desordenados.;Infantil/Adolescente;bajo;PSP2_SRC009;Autoinstrucciones;Enseñar diálogo interno: paro, miro, pienso, hago, reviso.;bajo;Tarjeta de autoinstrucciones;Crear tarjeta: paro, leo, subrayo, hago, reviso.;Mejorar control ejecutivo.;bajo;diario;media;El profesional debe adaptar la pauta a edad, contexto escolar, evaluación individual, familia, centro educativo y normativa aplicable. No sustituye diagnóstico ni dictamen oficial.
Funciones ejecutivas;Funciones ejecutivas - organización material;Mochila, agenda, cuadernos o archivos desordenados.;Infantil/Adolescente;bajo;PSP2_SRC009;Entrenamiento de memoria de trabajo;Reducir carga, externalizar información y practicar estrategias.;bajo;Instrucciones de 1-2-3 pasos;Practicar seguir instrucciones graduadas y comprobar cumplimiento.;Mejorar memoria de trabajo.;bajo;diario;media;El profesional debe adaptar la pauta a edad, contexto escolar, evaluación individual, familia, centro educativo y normativa aplicable. No sustituye diagnóstico ni dictamen oficial.
Funciones ejecutivas;Funciones ejecutivas - organización material;Mochila, agenda, cuadernos o archivos desordenados.;Infantil/Adolescente;bajo;PSP2_SRC009;Entrenamiento de memoria de trabajo;Reducir carga, externalizar información y practicar estrategias.;bajo;Memoria de trabajo externa;Usar papel auxiliar para datos, pasos o consignas.;Reducir carga cognitiva.;bajo;cada tarea;alta;El profesional debe adaptar la pauta a edad, contexto escolar, evaluación individual, familia, centro educativo y normativa aplicable. No sustituye diagnóstico ni dictamen oficial.
Funciones ejecutivas;Funciones ejecutivas - organización material;Mochila, agenda, cuadernos o archivos desordenados.;Infantil/Adolescente;bajo;PSP2_SRC009;Planificación por objetivos SMART;Objetivos específicos, medibles, alcanzables, relevantes y temporales.;bajo;Objetivo SMART semanal;Definir objetivo concreto, medible y revisable para la semana.;Mejorar planificación.;bajo;semanal;media;El profesional debe adaptar la pauta a edad, contexto escolar, evaluación individual, familia, centro educativo y normativa aplicable. No sustituye diagnóstico ni dictamen oficial.
Funciones ejecutivas;Funciones ejecutivas - organización material;Mochila, agenda, cuadernos o archivos desordenados.;Infantil/Adolescente;bajo;PSP2_SRC009;Planificación por objetivos SMART;Objetivos específicos, medibles, alcanzables, relevantes y temporales.;bajo;Reto graduado;Elegir tarea ligeramente difícil pero alcanzable.;Trabajar frustración y esfuerzo.;bajo;semanal;media;El profesional debe adaptar la pauta a edad, contexto escolar, evaluación individual, familia, centro educativo y normativa aplicable. No sustituye diagnóstico ni dictamen oficial.
Funciones ejecutivas;Funciones ejecutivas - organización material;Mochila, agenda, cuadernos o archivos desordenados.;Infantil/Adolescente;bajo;PSP2_SRC009;Planificación por objetivos SMART;Objetivos específicos, medibles, alcanzables, relevantes y temporales.;bajo;Planificar con cuatro casillas;Objetivo, materiales, pasos y revisión.;Mejorar planificación.;bajo;cada tarea larga;media;El profesional debe adaptar la pauta a edad, contexto escolar, evaluación individual, familia, centro educativo y normativa aplicable. No sustituye diagnóstico ni dictamen oficial.
Funciones ejecutivas;Funciones ejecutivas - organización material;Mochila, agenda, cuadernos o archivos desordenados.;Infantil/Adolescente;bajo;PSP2_SRC009;Monitorización y autoevaluación;Revisar proceso, resultado, errores y próximos pasos.;bajo;Registro de distractores;Anotar cuándo se distrae, por qué y qué ayuda a volver.;Detectar patrones de atención.;bajo;7 días;media;El profesional debe adaptar la pauta a edad, contexto escolar, evaluación individual, familia, centro educativo y normativa aplicable. No sustituye diagnóstico ni dictamen oficial.
Funciones ejecutivas;Funciones ejecutivas - organización material;Mochila, agenda, cuadernos o archivos desordenados.;Infantil/Adolescente;bajo;PSP2_SRC009;Monitorización y autoevaluación;Revisar proceso, resultado, errores y próximos pasos.;bajo;Revisión COPS;Revisar mayúsculas, orden, puntuación y ortografía.;Mejorar revisión escrita.;bajo;cada texto;media;El profesional debe adaptar la pauta a edad, contexto escolar, evaluación individual, familia, centro educativo y normativa aplicable. No sustituye diagnóstico ni dictamen oficial.
Funciones ejecutivas;Funciones ejecutivas - organización material;Mochila, agenda, cuadernos o archivos desordenados.;Infantil/Adolescente;bajo;PSP2_SRC009;Monitorización y autoevaluación;Revisar proceso, resultado, errores y próximos pasos.;bajo;Autoevaluación con rúbrica simple;Revisar trabajo con 3-5 criterios visibles.;Mejorar monitorización.;bajo;cada entrega;media;El profesional debe adaptar la pauta a edad, contexto escolar, evaluación individual, familia, centro educativo y normativa aplicable. No sustituye diagnóstico ni dictamen oficial.
Funciones ejecutivas;Funciones ejecutivas - organización material;Mochila, agenda, cuadernos o archivos desordenados.;Infantil/Adolescente;bajo;PSP2_SRC009;Flexibilidad cognitiva guiada;Practicar alternativas, cambios de estrategia y tolerancia a error.;medio;Preparar cambio imprevisto;Ensayar 'plan A/plan B' ante cambios habituales.;Aumentar flexibilidad.;bajo;semanal;media;El profesional debe adaptar la pauta a edad, contexto escolar, evaluación individual, familia, centro educativo y normativa aplicable. No sustituye diagnóstico ni dictamen oficial.
Funciones ejecutivas;Funciones ejecutivas - organización material;Mochila, agenda, cuadernos o archivos desordenados.;Infantil/Adolescente;bajo;PSP2_SRC009;Flexibilidad cognitiva guiada;Practicar alternativas, cambios de estrategia y tolerancia a error.;medio;Diario de errores útiles;Registrar un error y qué enseñó.;Reducir perfeccionismo.;bajo;semanal;media;El profesional debe adaptar la pauta a edad, contexto escolar, evaluación individual, familia, centro educativo y normativa aplicable. No sustituye diagnóstico ni dictamen oficial.
Funciones ejecutivas;Funciones ejecutivas - organización material;Mochila, agenda, cuadernos o archivos desordenados.;Infantil/Adolescente;bajo;PSP2_SRC009;Flexibilidad cognitiva guiada;Practicar alternativas, cambios de estrategia y tolerancia a error.;medio;Cambio de estrategia guiado;Si no funciona, elegir entre dos estrategias alternativas.;Mejorar flexibilidad.;medio;semanal;media;El profesional debe adaptar la pauta a edad, contexto escolar, evaluación individual, familia, centro educativo y normativa aplicable. No sustituye diagnóstico ni dictamen oficial.
Funciones ejecutivas;Funciones ejecutivas - organización material;Mochila, agenda, cuadernos o archivos desordenados.;Infantil/Adolescente;bajo;PSP2_SRC009;Metacognición guiada;Planificar, supervisar y evaluar estrategias de aprendizaje.;bajo;Diario metacognitivo;Responder: qué sabía, qué no, qué estrategia funcionó.;Mejorar autorregulación del aprendizaje.;bajo;semanal;media;El profesional debe adaptar la pauta a edad, contexto escolar, evaluación individual, familia, centro educativo y normativa aplicable. No sustituye diagnóstico ni dictamen oficial.
Funciones ejecutivas;Funciones ejecutivas - inhibición;Dificultad para frenar respuestas, distracciones o impulsos.;Infantil/Adolescente;medio;"PSP2_SRC001;PSP2_SRC009";Agenda visual / planificación externa;Uso de agenda, calendario, pictos, checklist o panel semanal.;bajo;Panel semanal de tareas;Organizar exámenes, deberes, entregas y actividades en un panel semanal.;Externalizar planificación.;bajo;15 min semanal;media;El profesional debe adaptar la pauta a edad, contexto escolar, evaluación individual, familia, centro educativo y normativa aplicable. No sustituye diagnóstico ni dictamen oficial.
Funciones ejecutivas;Funciones ejecutivas - inhibición;Dificultad para frenar respuestas, distracciones o impulsos.;Infantil/Adolescente;medio;"PSP2_SRC001;PSP2_SRC009";Checklist de pasos;Convertir una tarea compleja en pasos visibles y verificables.;bajo;Checklist de mochila y materiales;Lista visible para preparar mochila, deberes y materiales del día siguiente.;Reducir olvidos y dependencia adulta.;bajo;5-10 min diarios;alta;El profesional debe adaptar la pauta a edad, contexto escolar, evaluación individual, familia, centro educativo y normativa aplicable. No sustituye diagnóstico ni dictamen oficial.
Funciones ejecutivas;Funciones ejecutivas - inhibición;Dificultad para frenar respuestas, distracciones o impulsos.;Infantil/Adolescente;medio;"PSP2_SRC001;PSP2_SRC009";Fragmentación de tareas;Dividir tareas largas en microtareas con inicio claro.;bajo;Primer paso visible;Escribir el primer paso mínimo de una tarea antes de empezar.;Reducir bloqueo de inicio.;bajo;cada tarea;media;El profesional debe adaptar la pauta a edad, contexto escolar, evaluación individual, familia, centro educativo y normativa aplicable. No sustituye diagnóstico ni dictamen oficial.
Funciones ejecutivas;Funciones ejecutivas - inhibición;Dificultad para frenar respuestas, distracciones o impulsos.;Infantil/Adolescente;medio;"PSP2_SRC001;PSP2_SRC009";Autoinstrucciones;Enseñar diálogo interno: paro, miro, pienso, hago, reviso.;bajo;Tarjeta de autoinstrucciones;Crear tarjeta: paro, leo, subrayo, hago, reviso.;Mejorar control ejecutivo.;bajo;diario;media;El profesional debe adaptar la pauta a edad, contexto escolar, evaluación individual, familia, centro educativo y normativa aplicable. No sustituye diagnóstico ni dictamen oficial.
Funciones ejecutivas;Funciones ejecutivas - inhibición;Dificultad para frenar respuestas, distracciones o impulsos.;Infantil/Adolescente;medio;"PSP2_SRC001;PSP2_SRC009";Entrenamiento de memoria de trabajo;Reducir carga, externalizar información y practicar estrategias.;bajo;Instrucciones de 1-2-3 pasos;Practicar seguir instrucciones graduadas y comprobar cumplimiento.;Mejorar memoria de trabajo.;bajo;diario;media;El profesional debe adaptar la pauta a edad, contexto escolar, evaluación individual, familia, centro educativo y normativa aplicable. No sustituye diagnóstico ni dictamen oficial.
Funciones ejecutivas;Funciones ejecutivas - inhibición;Dificultad para frenar respuestas, distracciones o impulsos.;Infantil/Adolescente;medio;"PSP2_SRC001;PSP2_SRC009";Entrenamiento de memoria de trabajo;Reducir carga, externalizar información y practicar estrategias.;bajo;Memoria de trabajo externa;Usar papel auxiliar para datos, pasos o consignas.;Reducir carga cognitiva.;bajo;cada tarea;alta;El profesional debe adaptar la pauta a edad, contexto escolar, evaluación individual, familia, centro educativo y normativa aplicable. No sustituye diagnóstico ni dictamen oficial.
Funciones ejecutivas;Funciones ejecutivas - inhibición;Dificultad para frenar respuestas, distracciones o impulsos.;Infantil/Adolescente;medio;"PSP2_SRC001;PSP2_SRC009";Planificación por objetivos SMART;Objetivos específicos, medibles, alcanzables, relevantes y temporales.;bajo;Objetivo SMART semanal;Definir objetivo concreto, medible y revisable para la semana.;Mejorar planificación.;bajo;semanal;media;El profesional debe adaptar la pauta a edad, contexto escolar, evaluación individual, familia, centro educativo y normativa aplicable. No sustituye diagnóstico ni dictamen oficial.
Funciones ejecutivas;Funciones ejecutivas - inhibición;Dificultad para frenar respuestas, distracciones o impulsos.;Infantil/Adolescente;medio;"PSP2_SRC001;PSP2_SRC009";Planificación por objetivos SMART;Objetivos específicos, medibles, alcanzables, relevantes y temporales.;bajo;Reto graduado;Elegir tarea ligeramente difícil pero alcanzable.;Trabajar frustración y esfuerzo.;bajo;semanal;media;El profesional debe adaptar la pauta a edad, contexto escolar, evaluación individual, familia, centro educativo y normativa aplicable. No sustituye diagnóstico ni dictamen oficial.
Funciones ejecutivas;Funciones ejecutivas - inhibición;Dificultad para frenar respuestas, distracciones o impulsos.;Infantil/Adolescente;medio;"PSP2_SRC001;PSP2_SRC009";Planificación por objetivos SMART;Objetivos específicos, medibles, alcanzables, relevantes y temporales.;bajo;Planificar con cuatro casillas;Objetivo, materiales, pasos y revisión.;Mejorar planificación.;bajo;cada tarea larga;media;El profesional debe adaptar la pauta a edad, contexto escolar, evaluación individual, familia, centro educativo y normativa aplicable. No sustituye diagnóstico ni dictamen oficial.
Funciones ejecutivas;Funciones ejecutivas - inhibición;Dificultad para frenar respuestas, distracciones o impulsos.;Infantil/Adolescente;medio;"PSP2_SRC001;PSP2_SRC009";Monitorización y autoevaluación;Revisar proceso, resultado, errores y próximos pasos.;bajo;Registro de distractores;Anotar cuándo se distrae, por qué y qué ayuda a volver.;Detectar patrones de atención.;bajo;7 días;media;El profesional debe adaptar la pauta a edad, contexto escolar, evaluación individual, familia, centro educativo y normativa aplicable. No sustituye diagnóstico ni dictamen oficial.
Funciones ejecutivas;Funciones ejecutivas - inhibición;Dificultad para frenar respuestas, distracciones o impulsos.;Infantil/Adolescente;medio;"PSP2_SRC001;PSP2_SRC009";Monitorización y autoevaluación;Revisar proceso, resultado, errores y próximos pasos.;bajo;Revisión COPS;Revisar mayúsculas, orden, puntuación y ortografía.;Mejorar revisión escrita.;bajo;cada texto;media;El profesional debe adaptar la pauta a edad, contexto escolar, evaluación individual, familia, centro educativo y normativa aplicable. No sustituye diagnóstico ni dictamen oficial.
Funciones ejecutivas;Funciones ejecutivas - inhibición;Dificultad para frenar respuestas, distracciones o impulsos.;Infantil/Adolescente;medio;"PSP2_SRC001;PSP2_SRC009";Monitorización y autoevaluación;Revisar proceso, resultado, errores y próximos pasos.;bajo;Autoevaluación con rúbrica simple;Revisar trabajo con 3-5 criterios visibles.;Mejorar monitorización.;bajo;cada entrega;media;El profesional debe adaptar la pauta a edad, contexto escolar, evaluación individual, familia, centro educativo y normativa aplicable. No sustituye diagnóstico ni dictamen oficial.
Funciones ejecutivas;Funciones ejecutivas - inhibición;Dificultad para frenar respuestas, distracciones o impulsos.;Infantil/Adolescente;medio;"PSP2_SRC001;PSP2_SRC009";Flexibilidad cognitiva guiada;Practicar alternativas, cambios de estrategia y tolerancia a error.;medio;Preparar cambio imprevisto;Ensayar 'plan A/plan B' ante cambios habituales.;Aumentar flexibilidad.;bajo;semanal;media;El profesional debe adaptar la pauta a edad, contexto escolar, evaluación individual, familia, centro educativo y normativa aplicable. No sustituye diagnóstico ni dictamen oficial.
Funciones ejecutivas;Funciones ejecutivas - inhibición;Dificultad para frenar respuestas, distracciones o impulsos.;Infantil/Adolescente;medio;"PSP2_SRC001;PSP2_SRC009";Flexibilidad cognitiva guiada;Practicar alternativas, cambios de estrategia y tolerancia a error.;medio;Diario de errores útiles;Registrar un error y qué enseñó.;Reducir perfeccionismo.;bajo;semanal;media;El profesional debe adaptar la pauta a edad, contexto escolar, evaluación individual, familia, centro educativo y normativa aplicable. No sustituye diagnóstico ni dictamen oficial.
Funciones ejecutivas;Funciones ejecutivas - inhibición;Dificultad para frenar respuestas, distracciones o impulsos.;Infantil/Adolescente;medio;"PSP2_SRC001;PSP2_SRC009";Flexibilidad cognitiva guiada;Practicar alternativas, cambios de estrategia y tolerancia a error.;medio;Cambio de estrategia guiado;Si no funciona, elegir entre dos estrategias alternativas.;Mejorar flexibilidad.;medio;semanal;media;El profesional debe adaptar la pauta a edad, contexto escolar, evaluación individual, familia, centro educativo y normativa aplicable. No sustituye diagnóstico ni dictamen oficial.
Funciones ejecutivas;Funciones ejecutivas - inhibición;Dificultad para frenar respuestas, distracciones o impulsos.;Infantil/Adolescente;medio;"PSP2_SRC001;PSP2_SRC009";Metacognición guiada;Planificar, supervisar y evaluar estrategias de aprendizaje.;bajo;Diario metacognitivo;Responder: qué sabía, qué no, qué estrategia funcionó.;Mejorar autorregulación del aprendizaje.;bajo;semanal;media;El profesional debe adaptar la pauta a edad, contexto escolar, evaluación individual, familia, centro educativo y normativa aplicable. No sustituye diagnóstico ni dictamen oficial.
Funciones ejecutivas;Funciones ejecutivas - flexibilidad cognitiva;Dificultad para cambiar estrategia o aceptar alternativas.;Infantil/Adolescente;medio;"PSP2_SRC002;PSP2_SRC009";Agenda visual / planificación externa;Uso de agenda, calendario, pictos, checklist o panel semanal.;bajo;Panel semanal de tareas;Organizar exámenes, deberes, entregas y actividades en un panel semanal.;Externalizar planificación.;bajo;15 min semanal;media;El profesional debe adaptar la pauta a edad, contexto escolar, evaluación individual, familia, centro educativo y normativa aplicable. No sustituye diagnóstico ni dictamen oficial.
Funciones ejecutivas;Funciones ejecutivas - flexibilidad cognitiva;Dificultad para cambiar estrategia o aceptar alternativas.;Infantil/Adolescente;medio;"PSP2_SRC002;PSP2_SRC009";Checklist de pasos;Convertir una tarea compleja en pasos visibles y verificables.;bajo;Checklist de mochila y materiales;Lista visible para preparar mochila, deberes y materiales del día siguiente.;Reducir olvidos y dependencia adulta.;bajo;5-10 min diarios;alta;El profesional debe adaptar la pauta a edad, contexto escolar, evaluación individual, familia, centro educativo y normativa aplicable. No sustituye diagnóstico ni dictamen oficial.
Funciones ejecutivas;Funciones ejecutivas - flexibilidad cognitiva;Dificultad para cambiar estrategia o aceptar alternativas.;Infantil/Adolescente;medio;"PSP2_SRC002;PSP2_SRC009";Fragmentación de tareas;Dividir tareas largas en microtareas con inicio claro.;bajo;Primer paso visible;Escribir el primer paso mínimo de una tarea antes de empezar.;Reducir bloqueo de inicio.;bajo;cada tarea;media;El profesional debe adaptar la pauta a edad, contexto escolar, evaluación individual, familia, centro educativo y normativa aplicable. No sustituye diagnóstico ni dictamen oficial.
Funciones ejecutivas;Funciones ejecutivas - flexibilidad cognitiva;Dificultad para cambiar estrategia o aceptar alternativas.;Infantil/Adolescente;medio;"PSP2_SRC002;PSP2_SRC009";Autoinstrucciones;Enseñar diálogo interno: paro, miro, pienso, hago, reviso.;bajo;Tarjeta de autoinstrucciones;Crear tarjeta: paro, leo, subrayo, hago, reviso.;Mejorar control ejecutivo.;bajo;diario;media;El profesional debe adaptar la pauta a edad, contexto escolar, evaluación individual, familia, centro educativo y normativa aplicable. No sustituye diagnóstico ni dictamen oficial.
Funciones ejecutivas;Funciones ejecutivas - flexibilidad cognitiva;Dificultad para cambiar estrategia o aceptar alternativas.;Infantil/Adolescente;medio;"PSP2_SRC002;PSP2_SRC009";Entrenamiento de memoria de trabajo;Reducir carga, externalizar información y practicar estrategias.;bajo;Instrucciones de 1-2-3 pasos;Practicar seguir instrucciones graduadas y comprobar cumplimiento.;Mejorar memoria de trabajo.;bajo;diario;media;El profesional debe adaptar la pauta a edad, contexto escolar, evaluación individual, familia, centro educativo y normativa aplicable. No sustituye diagnóstico ni dictamen oficial.
Funciones ejecutivas;Funciones ejecutivas - flexibilidad cognitiva;Dificultad para cambiar estrategia o aceptar alternativas.;Infantil/Adolescente;medio;"PSP2_SRC002;PSP2_SRC009";Entrenamiento de memoria de trabajo;Reducir carga, externalizar información y practicar estrategias.;bajo;Memoria de trabajo externa;Usar papel auxiliar para datos, pasos o consignas.;Reducir carga cognitiva.;bajo;cada tarea;alta;El profesional debe adaptar la pauta a edad, contexto escolar, evaluación individual, familia, centro educativo y normativa aplicable. No sustituye diagnóstico ni dictamen oficial.
Funciones ejecutivas;Funciones ejecutivas - flexibilidad cognitiva;Dificultad para cambiar estrategia o aceptar alternativas.;Infantil/Adolescente;medio;"PSP2_SRC002;PSP2_SRC009";Planificación por objetivos SMART;Objetivos específicos, medibles, alcanzables, relevantes y temporales.;bajo;Objetivo SMART semanal;Definir objetivo concreto, medible y revisable para la semana.;Mejorar planificación.;bajo;semanal;media;El profesional debe adaptar la pauta a edad, contexto escolar, evaluación individual, familia, centro educativo y normativa aplicable. No sustituye diagnóstico ni dictamen oficial.
Funciones ejecutivas;Funciones ejecutivas - flexibilidad cognitiva;Dificultad para cambiar estrategia o aceptar alternativas.;Infantil/Adolescente;medio;"PSP2_SRC002;PSP2_SRC009";Planificación por objetivos SMART;Objetivos específicos, medibles, alcanzables, relevantes y temporales.;bajo;Reto graduado;Elegir tarea ligeramente difícil pero alcanzable.;Trabajar frustración y esfuerzo.;bajo;semanal;media;El profesional debe adaptar la pauta a edad, contexto escolar, evaluación individual, familia, centro educativo y normativa aplicable. No sustituye diagnóstico ni dictamen oficial.
Funciones ejecutivas;Funciones ejecutivas - flexibilidad cognitiva;Dificultad para cambiar estrategia o aceptar alternativas.;Infantil/Adolescente;medio;"PSP2_SRC002;PSP2_SRC009";Planificación por objetivos SMART;Objetivos específicos, medibles, alcanzables, relevantes y temporales.;bajo;Planificar con cuatro casillas;Objetivo, materiales, pasos y revisión.;Mejorar planificación.;bajo;cada tarea larga;media;El profesional debe adaptar la pauta a edad, contexto escolar, evaluación individual, familia, centro educativo y normativa aplicable. No sustituye diagnóstico ni dictamen oficial.
Funciones ejecutivas;Funciones ejecutivas - flexibilidad cognitiva;Dificultad para cambiar estrategia o aceptar alternativas.;Infantil/Adolescente;medio;"PSP2_SRC002;PSP2_SRC009";Monitorización y autoevaluación;Revisar proceso, resultado, errores y próximos pasos.;bajo;Registro de distractores;Anotar cuándo se distrae, por qué y qué ayuda a volver.;Detectar patrones de atención.;bajo;7 días;media;El profesional debe adaptar la pauta a edad, contexto escolar, evaluación individual, familia, centro educativo y normativa aplicable. No sustituye diagnóstico ni dictamen oficial.
Funciones ejecutivas;Funciones ejecutivas - flexibilidad cognitiva;Dificultad para cambiar estrategia o aceptar alternativas.;Infantil/Adolescente;medio;"PSP2_SRC002;PSP2_SRC009";Monitorización y autoevaluación;Revisar proceso, resultado, errores y próximos pasos.;bajo;Revisión COPS;Revisar mayúsculas, orden, puntuación y ortografía.;Mejorar revisión escrita.;bajo;cada texto;media;El profesional debe adaptar la pauta a edad, contexto escolar, evaluación individual, familia, centro educativo y normativa aplicable. No sustituye diagnóstico ni dictamen oficial.
Funciones ejecutivas;Funciones ejecutivas - flexibilidad cognitiva;Dificultad para cambiar estrategia o aceptar alternativas.;Infantil/Adolescente;medio;"PSP2_SRC002;PSP2_SRC009";Monitorización y autoevaluación;Revisar proceso, resultado, errores y próximos pasos.;bajo;Autoevaluación con rúbrica simple;Revisar trabajo con 3-5 criterios visibles.;Mejorar monitorización.;bajo;cada entrega;media;El profesional debe adaptar la pauta a edad, contexto escolar, evaluación individual, familia, centro educativo y normativa aplicable. No sustituye diagnóstico ni dictamen oficial.
Funciones ejecutivas;Funciones ejecutivas - flexibilidad cognitiva;Dificultad para cambiar estrategia o aceptar alternativas.;Infantil/Adolescente;medio;"PSP2_SRC002;PSP2_SRC009";Flexibilidad cognitiva guiada;Practicar alternativas, cambios de estrategia y tolerancia a error.;medio;Preparar cambio imprevisto;Ensayar 'plan A/plan B' ante cambios habituales.;Aumentar flexibilidad.;bajo;semanal;media;El profesional debe adaptar la pauta a edad, contexto escolar, evaluación individual, familia, centro educativo y normativa aplicable. No sustituye diagnóstico ni dictamen oficial.
Funciones ejecutivas;Funciones ejecutivas - flexibilidad cognitiva;Dificultad para cambiar estrategia o aceptar alternativas.;Infantil/Adolescente;medio;"PSP2_SRC002;PSP2_SRC009";Flexibilidad cognitiva guiada;Practicar alternativas, cambios de estrategia y tolerancia a error.;medio;Diario de errores útiles;Registrar un error y qué enseñó.;Reducir perfeccionismo.;bajo;semanal;media;El profesional debe adaptar la pauta a edad, contexto escolar, evaluación individual, familia, centro educativo y normativa aplicable. No sustituye diagnóstico ni dictamen oficial.
Funciones ejecutivas;Funciones ejecutivas - flexibilidad cognitiva;Dificultad para cambiar estrategia o aceptar alternativas.;Infantil/Adolescente;medio;"PSP2_SRC002;PSP2_SRC009";Flexibilidad cognitiva guiada;Practicar alternativas, cambios de estrategia y tolerancia a error.;medio;Cambio de estrategia guiado;Si no funciona, elegir entre dos estrategias alternativas.;Mejorar flexibilidad.;medio;semanal;media;El profesional debe adaptar la pauta a edad, contexto escolar, evaluación individual, familia, centro educativo y normativa aplicable. No sustituye diagnóstico ni dictamen oficial.
Funciones ejecutivas;Funciones ejecutivas - flexibilidad cognitiva;Dificultad para cambiar estrategia o aceptar alternativas.;Infantil/Adolescente;medio;"PSP2_SRC002;PSP2_SRC009";Metacognición guiada;Planificar, supervisar y evaluar estrategias de aprendizaje.;bajo;Diario metacognitivo;Responder: qué sabía, qué no, qué estrategia funcionó.;Mejorar autorregulación del aprendizaje.;bajo;semanal;media;El profesional debe adaptar la pauta a edad, contexto escolar, evaluación individual, familia, centro educativo y normativa aplicable. No sustituye diagnóstico ni dictamen oficial.
Funciones ejecutivas;Funciones ejecutivas - monitorización;Dificultad para revisar errores, comprobar resultado o autocorregir.;Infantil/Adolescente;bajo;PSP2_SRC009;Agenda visual / planificación externa;Uso de agenda, calendario, pictos, checklist o panel semanal.;bajo;Panel semanal de tareas;Organizar exámenes, deberes, entregas y actividades en un panel semanal.;Externalizar planificación.;bajo;15 min semanal;media;El profesional debe adaptar la pauta a edad, contexto escolar, evaluación individual, familia, centro educativo y normativa aplicable. No sustituye diagnóstico ni dictamen oficial.
Funciones ejecutivas;Funciones ejecutivas - monitorización;Dificultad para revisar errores, comprobar resultado o autocorregir.;Infantil/Adolescente;bajo;PSP2_SRC009;Checklist de pasos;Convertir una tarea compleja en pasos visibles y verificables.;bajo;Checklist de mochila y materiales;Lista visible para preparar mochila, deberes y materiales del día siguiente.;Reducir olvidos y dependencia adulta.;bajo;5-10 min diarios;alta;El profesional debe adaptar la pauta a edad, contexto escolar, evaluación individual, familia, centro educativo y normativa aplicable. No sustituye diagnóstico ni dictamen oficial.
Funciones ejecutivas;Funciones ejecutivas - monitorización;Dificultad para revisar errores, comprobar resultado o autocorregir.;Infantil/Adolescente;bajo;PSP2_SRC009;Fragmentación de tareas;Dividir tareas largas en microtareas con inicio claro.;bajo;Primer paso visible;Escribir el primer paso mínimo de una tarea antes de empezar.;Reducir bloqueo de inicio.;bajo;cada tarea;media;El profesional debe adaptar la pauta a edad, contexto escolar, evaluación individual, familia, centro educativo y normativa aplicable. No sustituye diagnóstico ni dictamen oficial.
Funciones ejecutivas;Funciones ejecutivas - monitorización;Dificultad para revisar errores, comprobar resultado o autocorregir.;Infantil/Adolescente;bajo;PSP2_SRC009;Autoinstrucciones;Enseñar diálogo interno: paro, miro, pienso, hago, reviso.;bajo;Tarjeta de autoinstrucciones;Crear tarjeta: paro, leo, subrayo, hago, reviso.;Mejorar control ejecutivo.;bajo;diario;media;El profesional debe adaptar la pauta a edad, contexto escolar, evaluación individual, familia, centro educativo y normativa aplicable. No sustituye diagnóstico ni dictamen oficial.
Funciones ejecutivas;Funciones ejecutivas - monitorización;Dificultad para revisar errores, comprobar resultado o autocorregir.;Infantil/Adolescente;bajo;PSP2_SRC009;Entrenamiento de memoria de trabajo;Reducir carga, externalizar información y practicar estrategias.;bajo;Instrucciones de 1-2-3 pasos;Practicar seguir instrucciones graduadas y comprobar cumplimiento.;Mejorar memoria de trabajo.;bajo;diario;media;El profesional debe adaptar la pauta a edad, contexto escolar, evaluación individual, familia, centro educativo y normativa aplicable. No sustituye diagnóstico ni dictamen oficial.
Funciones ejecutivas;Funciones ejecutivas - monitorización;Dificultad para revisar errores, comprobar resultado o autocorregir.;Infantil/Adolescente;bajo;PSP2_SRC009;Entrenamiento de memoria de trabajo;Reducir carga, externalizar información y practicar estrategias.;bajo;Memoria de trabajo externa;Usar papel auxiliar para datos, pasos o consignas.;Reducir carga cognitiva.;bajo;cada tarea;alta;El profesional debe adaptar la pauta a edad, contexto escolar, evaluación individual, familia, centro educativo y normativa aplicable. No sustituye diagnóstico ni dictamen oficial.
Funciones ejecutivas;Funciones ejecutivas - monitorización;Dificultad para revisar errores, comprobar resultado o autocorregir.;Infantil/Adolescente;bajo;PSP2_SRC009;Planificación por objetivos SMART;Objetivos específicos, medibles, alcanzables, relevantes y temporales.;bajo;Objetivo SMART semanal;Definir objetivo concreto, medible y revisable para la semana.;Mejorar planificación.;bajo;semanal;media;El profesional debe adaptar la pauta a edad, contexto escolar, evaluación individual, familia, centro educativo y normativa aplicable. No sustituye diagnóstico ni dictamen oficial.
Funciones ejecutivas;Funciones ejecutivas - monitorización;Dificultad para revisar errores, comprobar resultado o autocorregir.;Infantil/Adolescente;bajo;PSP2_SRC009;Planificación por objetivos SMART;Objetivos específicos, medibles, alcanzables, relevantes y temporales.;bajo;Reto graduado;Elegir tarea ligeramente difícil pero alcanzable.;Trabajar frustración y esfuerzo.;bajo;semanal;media;El profesional debe adaptar la pauta a edad, contexto escolar, evaluación individual, familia, centro educativo y normativa aplicable. No sustituye diagnóstico ni dictamen oficial.
Funciones ejecutivas;Funciones ejecutivas - monitorización;Dificultad para revisar errores, comprobar resultado o autocorregir.;Infantil/Adolescente;bajo;PSP2_SRC009;Planificación por objetivos SMART;Objetivos específicos, medibles, alcanzables, relevantes y temporales.;bajo;Planificar con cuatro casillas;Objetivo, materiales, pasos y revisión.;Mejorar planificación.;bajo;cada tarea larga;media;El profesional debe adaptar la pauta a edad, contexto escolar, evaluación individual, familia, centro educativo y normativa aplicable. No sustituye diagnóstico ni dictamen oficial.
Funciones ejecutivas;Funciones ejecutivas - monitorización;Dificultad para revisar errores, comprobar resultado o autocorregir.;Infantil/Adolescente;bajo;PSP2_SRC009;Monitorización y autoevaluación;Revisar proceso, resultado, errores y próximos pasos.;bajo;Registro de distractores;Anotar cuándo se distrae, por qué y qué ayuda a volver.;Detectar patrones de atención.;bajo;7 días;media;El profesional debe adaptar la pauta a edad, contexto escolar, evaluación individual, familia, centro educativo y normativa aplicable. No sustituye diagnóstico ni dictamen oficial.
Funciones ejecutivas;Funciones ejecutivas - monitorización;Dificultad para revisar errores, comprobar resultado o autocorregir.;Infantil/Adolescente;bajo;PSP2_SRC009;Monitorización y autoevaluación;Revisar proceso, resultado, errores y próximos pasos.;bajo;Revisión COPS;Revisar mayúsculas, orden, puntuación y ortografía.;Mejorar revisión escrita.;bajo;cada texto;media;El profesional debe adaptar la pauta a edad, contexto escolar, evaluación individual, familia, centro educativo y normativa aplicable. No sustituye diagnóstico ni dictamen oficial.
Funciones ejecutivas;Funciones ejecutivas - monitorización;Dificultad para revisar errores, comprobar resultado o autocorregir.;Infantil/Adolescente;bajo;PSP2_SRC009;Monitorización y autoevaluación;Revisar proceso, resultado, errores y próximos pasos.;bajo;Autoevaluación con rúbrica simple;Revisar trabajo con 3-5 criterios visibles.;Mejorar monitorización.;bajo;cada entrega;media;El profesional debe adaptar la pauta a edad, contexto escolar, evaluación individual, familia, centro educativo y normativa aplicable. No sustituye diagnóstico ni dictamen oficial.
Funciones ejecutivas;Funciones ejecutivas - monitorización;Dificultad para revisar errores, comprobar resultado o autocorregir.;Infantil/Adolescente;bajo;PSP2_SRC009;Flexibilidad cognitiva guiada;Practicar alternativas, cambios de estrategia y tolerancia a error.;medio;Preparar cambio imprevisto;Ensayar 'plan A/plan B' ante cambios habituales.;Aumentar flexibilidad.;bajo;semanal;media;El profesional debe adaptar la pauta a edad, contexto escolar, evaluación individual, familia, centro educativo y normativa aplicable. No sustituye diagnóstico ni dictamen oficial.
Funciones ejecutivas;Funciones ejecutivas - monitorización;Dificultad para revisar errores, comprobar resultado o autocorregir.;Infantil/Adolescente;bajo;PSP2_SRC009;Flexibilidad cognitiva guiada;Practicar alternativas, cambios de estrategia y tolerancia a error.;medio;Diario de errores útiles;Registrar un error y qué enseñó.;Reducir perfeccionismo.;bajo;semanal;media;El profesional debe adaptar la pauta a edad, contexto escolar, evaluación individual, familia, centro educativo y normativa aplicable. No sustituye diagnóstico ni dictamen oficial.
Funciones ejecutivas;Funciones ejecutivas - monitorización;Dificultad para revisar errores, comprobar resultado o autocorregir.;Infantil/Adolescente;bajo;PSP2_SRC009;Flexibilidad cognitiva guiada;Practicar alternativas, cambios de estrategia y tolerancia a error.;medio;Cambio de estrategia guiado;Si no funciona, elegir entre dos estrategias alternativas.;Mejorar flexibilidad.;medio;semanal;media;El profesional debe adaptar la pauta a edad, contexto escolar, evaluación individual, familia, centro educativo y normativa aplicable. No sustituye diagnóstico ni dictamen oficial.
Funciones ejecutivas;Funciones ejecutivas - monitorización;Dificultad para revisar errores, comprobar resultado o autocorregir.;Infantil/Adolescente;bajo;PSP2_SRC009;Metacognición guiada;Planificar, supervisar y evaluar estrategias de aprendizaje.;bajo;Diario metacognitivo;Responder: qué sabía, qué no, qué estrategia funcionó.;Mejorar autorregulación del aprendizaje.;bajo;semanal;media;El profesional debe adaptar la pauta a edad, contexto escolar, evaluación individual, familia, centro educativo y normativa aplicable. No sustituye diagnóstico ni dictamen oficial.
Ansiedad académica y emocional;Ansiedad ante exámenes;Malestar, bloqueo o evitación ante pruebas académicas.;Infantil/Adolescente;medio;"PSP2_SRC006;PSP2_SRC009";Técnicas de regulación emocional;Respiración, pausa, escala de emoción y plan de afrontamiento.;medio;Tarjeta de afrontamiento de examen;Frases útiles, respiración y pasos si aparece bloqueo.;Manejar ansiedad académica.;bajo;antes de examen;media;El profesional debe adaptar la pauta a edad, contexto escolar, evaluación individual, familia, centro educativo y normativa aplicable. No sustituye diagnóstico ni dictamen oficial.
Ansiedad académica y emocional;Ansiedad ante exámenes;Malestar, bloqueo o evitación ante pruebas académicas.;Infantil/Adolescente;medio;"PSP2_SRC006;PSP2_SRC009";Exposición gradual académica;Aproximación progresiva a exámenes, participación o lectura en público.;medio;Simulacro de examen graduado;Practicar examen breve con condiciones adaptadas y feedback.;Reducir ansiedad de examen.;medio;semanal;alta;El profesional debe adaptar la pauta a edad, contexto escolar, evaluación individual, familia, centro educativo y normativa aplicable. No sustituye diagnóstico ni dictamen oficial.
Ansiedad académica y emocional;Ansiedad ante exámenes;Malestar, bloqueo o evitación ante pruebas académicas.;Infantil/Adolescente;medio;"PSP2_SRC006;PSP2_SRC009";Exposición gradual académica;Aproximación progresiva a exámenes, participación o lectura en público.;medio;Exposición oral en escala;Practicar de leer a una persona hasta exponer a grupo pequeño.;Reducir miedo a participar.;medio;semanal;media;El profesional debe adaptar la pauta a edad, contexto escolar, evaluación individual, familia, centro educativo y normativa aplicable. No sustituye diagnóstico ni dictamen oficial.
Ansiedad académica y emocional;Ansiedad ante exámenes;Malestar, bloqueo o evitación ante pruebas académicas.;Infantil/Adolescente;medio;"PSP2_SRC006;PSP2_SRC009";Reestructuración de pensamiento académico;Cuestionar creencias de incapacidad, catastrofismo o todo/nada.;medio;Escala de ansiedad matemática;Valorar ansiedad 0-10 antes y después de práctica graduada.;Reducir bloqueo.;medio;semanal;media;El profesional debe adaptar la pauta a edad, contexto escolar, evaluación individual, familia, centro educativo y normativa aplicable. No sustituye diagnóstico ni dictamen oficial.
Ansiedad académica y emocional;Ansiedad ante exámenes;Malestar, bloqueo o evitación ante pruebas académicas.;Infantil/Adolescente;medio;"PSP2_SRC006;PSP2_SRC009";Reestructuración de pensamiento académico;Cuestionar creencias de incapacidad, catastrofismo o todo/nada.;medio;Reformular error académico;Convertir error en información: qué pasó, qué haré distinto.;Reducir miedo al error.;bajo;semanal;media;El profesional debe adaptar la pauta a edad, contexto escolar, evaluación individual, familia, centro educativo y normativa aplicable. No sustituye diagnóstico ni dictamen oficial.
Ansiedad académica y emocional;Ansiedad ante exámenes;Malestar, bloqueo o evitación ante pruebas académicas.;Infantil/Adolescente;medio;"PSP2_SRC006;PSP2_SRC009";Refuerzo positivo específico;Reforzar conducta concreta, esfuerzo y estrategia usada.;bajo;Juego de espera de turno;Practicar esperar turno en juego breve con refuerzo inmediato.;Reducir impulsividad.;bajo;2-3 veces/semana;media;El profesional debe adaptar la pauta a edad, contexto escolar, evaluación individual, familia, centro educativo y normativa aplicable. No sustituye diagnóstico ni dictamen oficial.
Ansiedad académica y emocional;Ansiedad ante exámenes;Malestar, bloqueo o evitación ante pruebas académicas.;Infantil/Adolescente;medio;"PSP2_SRC006;PSP2_SRC009";Refuerzo positivo específico;Reforzar conducta concreta, esfuerzo y estrategia usada.;bajo;Registro de autoeficacia;Anotar esfuerzo, estrategia usada y avance pequeño.;Mejorar autoconcepto académico.;bajo;semanal;media;El profesional debe adaptar la pauta a edad, contexto escolar, evaluación individual, familia, centro educativo y normativa aplicable. No sustituye diagnóstico ni dictamen oficial.
Ansiedad académica y emocional;Ansiedad ante exámenes;Malestar, bloqueo o evitación ante pruebas académicas.;Infantil/Adolescente;medio;"PSP2_SRC006;PSP2_SRC009";Refuerzo positivo específico;Reforzar conducta concreta, esfuerzo y estrategia usada.;bajo;Menú de recompensas educativas;Crear lista de reforzadores no excesivos y acordados.;Mejorar motivación.;bajo;semanal;media;El profesional debe adaptar la pauta a edad, contexto escolar, evaluación individual, familia, centro educativo y normativa aplicable. No sustituye diagnóstico ni dictamen oficial.
Ansiedad académica y emocional;Ansiedad ante exámenes;Malestar, bloqueo o evitación ante pruebas académicas.;Infantil/Adolescente;medio;"PSP2_SRC006;PSP2_SRC009";Autoinstrucciones;Enseñar diálogo interno: paro, miro, pienso, hago, reviso.;bajo;Tarjeta de autoinstrucciones;Crear tarjeta: paro, leo, subrayo, hago, reviso.;Mejorar control ejecutivo.;bajo;diario;media;El profesional debe adaptar la pauta a edad, contexto escolar, evaluación individual, familia, centro educativo y normativa aplicable. No sustituye diagnóstico ni dictamen oficial.
Ansiedad académica y emocional;Ansiedad ante exámenes;Malestar, bloqueo o evitación ante pruebas académicas.;Infantil/Adolescente;medio;"PSP2_SRC006;PSP2_SRC009";Monitorización y autoevaluación;Revisar proceso, resultado, errores y próximos pasos.;bajo;Registro de distractores;Anotar cuándo se distrae, por qué y qué ayuda a volver.;Detectar patrones de atención.;bajo;7 días;media;El profesional debe adaptar la pauta a edad, contexto escolar, evaluación individual, familia, centro educativo y normativa aplicable. No sustituye diagnóstico ni dictamen oficial.
Ansiedad académica y emocional;Ansiedad ante exámenes;Malestar, bloqueo o evitación ante pruebas académicas.;Infantil/Adolescente;medio;"PSP2_SRC006;PSP2_SRC009";Monitorización y autoevaluación;Revisar proceso, resultado, errores y próximos pasos.;bajo;Revisión COPS;Revisar mayúsculas, orden, puntuación y ortografía.;Mejorar revisión escrita.;bajo;cada texto;media;El profesional debe adaptar la pauta a edad, contexto escolar, evaluación individual, familia, centro educativo y normativa aplicable. No sustituye diagnóstico ni dictamen oficial.
Ansiedad académica y emocional;Ansiedad ante exámenes;Malestar, bloqueo o evitación ante pruebas académicas.;Infantil/Adolescente;medio;"PSP2_SRC006;PSP2_SRC009";Monitorización y autoevaluación;Revisar proceso, resultado, errores y próximos pasos.;bajo;Autoevaluación con rúbrica simple;Revisar trabajo con 3-5 criterios visibles.;Mejorar monitorización.;bajo;cada entrega;media;El profesional debe adaptar la pauta a edad, contexto escolar, evaluación individual, familia, centro educativo y normativa aplicable. No sustituye diagnóstico ni dictamen oficial.
Ansiedad académica y emocional;Miedo a participar en clase;Evitar leer, preguntar, exponer o responder ante compañeros.;Infantil/Adolescente;medio;PSP2_SRC006;Técnicas de regulación emocional;Respiración, pausa, escala de emoción y plan de afrontamiento.;medio;Tarjeta de afrontamiento de examen;Frases útiles, respiración y pasos si aparece bloqueo.;Manejar ansiedad académica.;bajo;antes de examen;media;El profesional debe adaptar la pauta a edad, contexto escolar, evaluación individual, familia, centro educativo y normativa aplicable. No sustituye diagnóstico ni dictamen oficial.
Ansiedad académica y emocional;Miedo a participar en clase;Evitar leer, preguntar, exponer o responder ante compañeros.;Infantil/Adolescente;medio;PSP2_SRC006;Exposición gradual académica;Aproximación progresiva a exámenes, participación o lectura en público.;medio;Simulacro de examen graduado;Practicar examen breve con condiciones adaptadas y feedback.;Reducir ansiedad de examen.;medio;semanal;alta;El profesional debe adaptar la pauta a edad, contexto escolar, evaluación individual, familia, centro educativo y normativa aplicable. No sustituye diagnóstico ni dictamen oficial.
Ansiedad académica y emocional;Miedo a participar en clase;Evitar leer, preguntar, exponer o responder ante compañeros.;Infantil/Adolescente;medio;PSP2_SRC006;Exposición gradual académica;Aproximación progresiva a exámenes, participación o lectura en público.;medio;Exposición oral en escala;Practicar de leer a una persona hasta exponer a grupo pequeño.;Reducir miedo a participar.;medio;semanal;media;El profesional debe adaptar la pauta a edad, contexto escolar, evaluación individual, familia, centro educativo y normativa aplicable. No sustituye diagnóstico ni dictamen oficial.
Ansiedad académica y emocional;Miedo a participar en clase;Evitar leer, preguntar, exponer o responder ante compañeros.;Infantil/Adolescente;medio;PSP2_SRC006;Reestructuración de pensamiento académico;Cuestionar creencias de incapacidad, catastrofismo o todo/nada.;medio;Escala de ansiedad matemática;Valorar ansiedad 0-10 antes y después de práctica graduada.;Reducir bloqueo.;medio;semanal;media;El profesional debe adaptar la pauta a edad, contexto escolar, evaluación individual, familia, centro educativo y normativa aplicable. No sustituye diagnóstico ni dictamen oficial.
Ansiedad académica y emocional;Miedo a participar en clase;Evitar leer, preguntar, exponer o responder ante compañeros.;Infantil/Adolescente;medio;PSP2_SRC006;Reestructuración de pensamiento académico;Cuestionar creencias de incapacidad, catastrofismo o todo/nada.;medio;Reformular error académico;Convertir error en información: qué pasó, qué haré distinto.;Reducir miedo al error.;bajo;semanal;media;El profesional debe adaptar la pauta a edad, contexto escolar, evaluación individual, familia, centro educativo y normativa aplicable. No sustituye diagnóstico ni dictamen oficial.
Ansiedad académica y emocional;Miedo a participar en clase;Evitar leer, preguntar, exponer o responder ante compañeros.;Infantil/Adolescente;medio;PSP2_SRC006;Refuerzo positivo específico;Reforzar conducta concreta, esfuerzo y estrategia usada.;bajo;Juego de espera de turno;Practicar esperar turno en juego breve con refuerzo inmediato.;Reducir impulsividad.;bajo;2-3 veces/semana;media;El profesional debe adaptar la pauta a edad, contexto escolar, evaluación individual, familia, centro educativo y normativa aplicable. No sustituye diagnóstico ni dictamen oficial.
Ansiedad académica y emocional;Miedo a participar en clase;Evitar leer, preguntar, exponer o responder ante compañeros.;Infantil/Adolescente;medio;PSP2_SRC006;Refuerzo positivo específico;Reforzar conducta concreta, esfuerzo y estrategia usada.;bajo;Registro de autoeficacia;Anotar esfuerzo, estrategia usada y avance pequeño.;Mejorar autoconcepto académico.;bajo;semanal;media;El profesional debe adaptar la pauta a edad, contexto escolar, evaluación individual, familia, centro educativo y normativa aplicable. No sustituye diagnóstico ni dictamen oficial.
Ansiedad académica y emocional;Miedo a participar en clase;Evitar leer, preguntar, exponer o responder ante compañeros.;Infantil/Adolescente;medio;PSP2_SRC006;Refuerzo positivo específico;Reforzar conducta concreta, esfuerzo y estrategia usada.;bajo;Menú de recompensas educativas;Crear lista de reforzadores no excesivos y acordados.;Mejorar motivación.;bajo;semanal;media;El profesional debe adaptar la pauta a edad, contexto escolar, evaluación individual, familia, centro educativo y normativa aplicable. No sustituye diagnóstico ni dictamen oficial.
Ansiedad académica y emocional;Miedo a participar en clase;Evitar leer, preguntar, exponer o responder ante compañeros.;Infantil/Adolescente;medio;PSP2_SRC006;Autoinstrucciones;Enseñar diálogo interno: paro, miro, pienso, hago, reviso.;bajo;Tarjeta de autoinstrucciones;Crear tarjeta: paro, leo, subrayo, hago, reviso.;Mejorar control ejecutivo.;bajo;diario;media;El profesional debe adaptar la pauta a edad, contexto escolar, evaluación individual, familia, centro educativo y normativa aplicable. No sustituye diagnóstico ni dictamen oficial.
Ansiedad académica y emocional;Miedo a participar en clase;Evitar leer, preguntar, exponer o responder ante compañeros.;Infantil/Adolescente;medio;PSP2_SRC006;Monitorización y autoevaluación;Revisar proceso, resultado, errores y próximos pasos.;bajo;Registro de distractores;Anotar cuándo se distrae, por qué y qué ayuda a volver.;Detectar patrones de atención.;bajo;7 días;media;El profesional debe adaptar la pauta a edad, contexto escolar, evaluación individual, familia, centro educativo y normativa aplicable. No sustituye diagnóstico ni dictamen oficial.
Ansiedad académica y emocional;Miedo a participar en clase;Evitar leer, preguntar, exponer o responder ante compañeros.;Infantil/Adolescente;medio;PSP2_SRC006;Monitorización y autoevaluación;Revisar proceso, resultado, errores y próximos pasos.;bajo;Revisión COPS;Revisar mayúsculas, orden, puntuación y ortografía.;Mejorar revisión escrita.;bajo;cada texto;media;El profesional debe adaptar la pauta a edad, contexto escolar, evaluación individual, familia, centro educativo y normativa aplicable. No sustituye diagnóstico ni dictamen oficial.
Ansiedad académica y emocional;Miedo a participar en clase;Evitar leer, preguntar, exponer o responder ante compañeros.;Infantil/Adolescente;medio;PSP2_SRC006;Monitorización y autoevaluación;Revisar proceso, resultado, errores y próximos pasos.;bajo;Autoevaluación con rúbrica simple;Revisar trabajo con 3-5 criterios visibles.;Mejorar monitorización.;bajo;cada entrega;media;El profesional debe adaptar la pauta a edad, contexto escolar, evaluación individual, familia, centro educativo y normativa aplicable. No sustituye diagnóstico ni dictamen oficial.
Ansiedad académica y emocional;Miedo al error académico;Evitar tareas por temor a equivocarse o recibir crítica.;Infantil/Adolescente;bajo;PSP2_SRC006;Técnicas de regulación emocional;Respiración, pausa, escala de emoción y plan de afrontamiento.;medio;Tarjeta de afrontamiento de examen;Frases útiles, respiración y pasos si aparece bloqueo.;Manejar ansiedad académica.;bajo;antes de examen;media;El profesional debe adaptar la pauta a edad, contexto escolar, evaluación individual, familia, centro educativo y normativa aplicable. No sustituye diagnóstico ni dictamen oficial.
Ansiedad académica y emocional;Miedo al error académico;Evitar tareas por temor a equivocarse o recibir crítica.;Infantil/Adolescente;bajo;PSP2_SRC006;Exposición gradual académica;Aproximación progresiva a exámenes, participación o lectura en público.;medio;Simulacro de examen graduado;Practicar examen breve con condiciones adaptadas y feedback.;Reducir ansiedad de examen.;medio;semanal;alta;El profesional debe adaptar la pauta a edad, contexto escolar, evaluación individual, familia, centro educativo y normativa aplicable. No sustituye diagnóstico ni dictamen oficial.
Ansiedad académica y emocional;Miedo al error académico;Evitar tareas por temor a equivocarse o recibir crítica.;Infantil/Adolescente;bajo;PSP2_SRC006;Exposición gradual académica;Aproximación progresiva a exámenes, participación o lectura en público.;medio;Exposición oral en escala;Practicar de leer a una persona hasta exponer a grupo pequeño.;Reducir miedo a participar.;medio;semanal;media;El profesional debe adaptar la pauta a edad, contexto escolar, evaluación individual, familia, centro educativo y normativa aplicable. No sustituye diagnóstico ni dictamen oficial.
Ansiedad académica y emocional;Miedo al error académico;Evitar tareas por temor a equivocarse o recibir crítica.;Infantil/Adolescente;bajo;PSP2_SRC006;Reestructuración de pensamiento académico;Cuestionar creencias de incapacidad, catastrofismo o todo/nada.;medio;Escala de ansiedad matemática;Valorar ansiedad 0-10 antes y después de práctica graduada.;Reducir bloqueo.;medio;semanal;media;El profesional debe adaptar la pauta a edad, contexto escolar, evaluación individual, familia, centro educativo y normativa aplicable. No sustituye diagnóstico ni dictamen oficial.
Ansiedad académica y emocional;Miedo al error académico;Evitar tareas por temor a equivocarse o recibir crítica.;Infantil/Adolescente;bajo;PSP2_SRC006;Reestructuración de pensamiento académico;Cuestionar creencias de incapacidad, catastrofismo o todo/nada.;medio;Reformular error académico;Convertir error en información: qué pasó, qué haré distinto.;Reducir miedo al error.;bajo;semanal;media;El profesional debe adaptar la pauta a edad, contexto escolar, evaluación individual, familia, centro educativo y normativa aplicable. No sustituye diagnóstico ni dictamen oficial.
Ansiedad académica y emocional;Miedo al error académico;Evitar tareas por temor a equivocarse o recibir crítica.;Infantil/Adolescente;bajo;PSP2_SRC006;Refuerzo positivo específico;Reforzar conducta concreta, esfuerzo y estrategia usada.;bajo;Juego de espera de turno;Practicar esperar turno en juego breve con refuerzo inmediato.;Reducir impulsividad.;bajo;2-3 veces/semana;media;El profesional debe adaptar la pauta a edad, contexto escolar, evaluación individual, familia, centro educativo y normativa aplicable. No sustituye diagnóstico ni dictamen oficial.
Ansiedad académica y emocional;Miedo al error académico;Evitar tareas por temor a equivocarse o recibir crítica.;Infantil/Adolescente;bajo;PSP2_SRC006;Refuerzo positivo específico;Reforzar conducta concreta, esfuerzo y estrategia usada.;bajo;Registro de autoeficacia;Anotar esfuerzo, estrategia usada y avance pequeño.;Mejorar autoconcepto académico.;bajo;semanal;media;El profesional debe adaptar la pauta a edad, contexto escolar, evaluación individual, familia, centro educativo y normativa aplicable. No sustituye diagnóstico ni dictamen oficial.
Ansiedad académica y emocional;Miedo al error académico;Evitar tareas por temor a equivocarse o recibir crítica.;Infantil/Adolescente;bajo;PSP2_SRC006;Refuerzo positivo específico;Reforzar conducta concreta, esfuerzo y estrategia usada.;bajo;Menú de recompensas educativas;Crear lista de reforzadores no excesivos y acordados.;Mejorar motivación.;bajo;semanal;media;El profesional debe adaptar la pauta a edad, contexto escolar, evaluación individual, familia, centro educativo y normativa aplicable. No sustituye diagnóstico ni dictamen oficial.
Ansiedad académica y emocional;Miedo al error académico;Evitar tareas por temor a equivocarse o recibir crítica.;Infantil/Adolescente;bajo;PSP2_SRC006;Autoinstrucciones;Enseñar diálogo interno: paro, miro, pienso, hago, reviso.;bajo;Tarjeta de autoinstrucciones;Crear tarjeta: paro, leo, subrayo, hago, reviso.;Mejorar control ejecutivo.;bajo;diario;media;El profesional debe adaptar la pauta a edad, contexto escolar, evaluación individual, familia, centro educativo y normativa aplicable. No sustituye diagnóstico ni dictamen oficial.
Ansiedad académica y emocional;Miedo al error académico;Evitar tareas por temor a equivocarse o recibir crítica.;Infantil/Adolescente;bajo;PSP2_SRC006;Monitorización y autoevaluación;Revisar proceso, resultado, errores y próximos pasos.;bajo;Registro de distractores;Anotar cuándo se distrae, por qué y qué ayuda a volver.;Detectar patrones de atención.;bajo;7 días;media;El profesional debe adaptar la pauta a edad, contexto escolar, evaluación individual, familia, centro educativo y normativa aplicable. No sustituye diagnóstico ni dictamen oficial.
Ansiedad académica y emocional;Miedo al error académico;Evitar tareas por temor a equivocarse o recibir crítica.;Infantil/Adolescente;bajo;PSP2_SRC006;Monitorización y autoevaluación;Revisar proceso, resultado, errores y próximos pasos.;bajo;Revisión COPS;Revisar mayúsculas, orden, puntuación y ortografía.;Mejorar revisión escrita.;bajo;cada texto;media;El profesional debe adaptar la pauta a edad, contexto escolar, evaluación individual, familia, centro educativo y normativa aplicable. No sustituye diagnóstico ni dictamen oficial.
Ansiedad académica y emocional;Miedo al error académico;Evitar tareas por temor a equivocarse o recibir crítica.;Infantil/Adolescente;bajo;PSP2_SRC006;Monitorización y autoevaluación;Revisar proceso, resultado, errores y próximos pasos.;bajo;Autoevaluación con rúbrica simple;Revisar trabajo con 3-5 criterios visibles.;Mejorar monitorización.;bajo;cada entrega;media;El profesional debe adaptar la pauta a edad, contexto escolar, evaluación individual, familia, centro educativo y normativa aplicable. No sustituye diagnóstico ni dictamen oficial.
Ansiedad académica y emocional;Autoconcepto académico bajo;Creencia persistente de incapacidad académica.;Infantil/Adolescente;medio;"PSP2_SRC006;PSP2_SRC009";Técnicas de regulación emocional;Respiración, pausa, escala de emoción y plan de afrontamiento.;medio;Tarjeta de afrontamiento de examen;Frases útiles, respiración y pasos si aparece bloqueo.;Manejar ansiedad académica.;bajo;antes de examen;media;El profesional debe adaptar la pauta a edad, contexto escolar, evaluación individual, familia, centro educativo y normativa aplicable. No sustituye diagnóstico ni dictamen oficial.
Ansiedad académica y emocional;Autoconcepto académico bajo;Creencia persistente de incapacidad académica.;Infantil/Adolescente;medio;"PSP2_SRC006;PSP2_SRC009";Exposición gradual académica;Aproximación progresiva a exámenes, participación o lectura en público.;medio;Simulacro de examen graduado;Practicar examen breve con condiciones adaptadas y feedback.;Reducir ansiedad de examen.;medio;semanal;alta;El profesional debe adaptar la pauta a edad, contexto escolar, evaluación individual, familia, centro educativo y normativa aplicable. No sustituye diagnóstico ni dictamen oficial.
Ansiedad académica y emocional;Autoconcepto académico bajo;Creencia persistente de incapacidad académica.;Infantil/Adolescente;medio;"PSP2_SRC006;PSP2_SRC009";Exposición gradual académica;Aproximación progresiva a exámenes, participación o lectura en público.;medio;Exposición oral en escala;Practicar de leer a una persona hasta exponer a grupo pequeño.;Reducir miedo a participar.;medio;semanal;media;El profesional debe adaptar la pauta a edad, contexto escolar, evaluación individual, familia, centro educativo y normativa aplicable. No sustituye diagnóstico ni dictamen oficial.
Ansiedad académica y emocional;Autoconcepto académico bajo;Creencia persistente de incapacidad académica.;Infantil/Adolescente;medio;"PSP2_SRC006;PSP2_SRC009";Reestructuración de pensamiento académico;Cuestionar creencias de incapacidad, catastrofismo o todo/nada.;medio;Escala de ansiedad matemática;Valorar ansiedad 0-10 antes y después de práctica graduada.;Reducir bloqueo.;medio;semanal;media;El profesional debe adaptar la pauta a edad, contexto escolar, evaluación individual, familia, centro educativo y normativa aplicable. No sustituye diagnóstico ni dictamen oficial.
Ansiedad académica y emocional;Autoconcepto académico bajo;Creencia persistente de incapacidad académica.;Infantil/Adolescente;medio;"PSP2_SRC006;PSP2_SRC009";Reestructuración de pensamiento académico;Cuestionar creencias de incapacidad, catastrofismo o todo/nada.;medio;Reformular error académico;Convertir error en información: qué pasó, qué haré distinto.;Reducir miedo al error.;bajo;semanal;media;El profesional debe adaptar la pauta a edad, contexto escolar, evaluación individual, familia, centro educativo y normativa aplicable. No sustituye diagnóstico ni dictamen oficial.
Ansiedad académica y emocional;Autoconcepto académico bajo;Creencia persistente de incapacidad académica.;Infantil/Adolescente;medio;"PSP2_SRC006;PSP2_SRC009";Refuerzo positivo específico;Reforzar conducta concreta, esfuerzo y estrategia usada.;bajo;Juego de espera de turno;Practicar esperar turno en juego breve con refuerzo inmediato.;Reducir impulsividad.;bajo;2-3 veces/semana;media;El profesional debe adaptar la pauta a edad, contexto escolar, evaluación individual, familia, centro educativo y normativa aplicable. No sustituye diagnóstico ni dictamen oficial.
Ansiedad académica y emocional;Autoconcepto académico bajo;Creencia persistente de incapacidad académica.;Infantil/Adolescente;medio;"PSP2_SRC006;PSP2_SRC009";Refuerzo positivo específico;Reforzar conducta concreta, esfuerzo y estrategia usada.;bajo;Registro de autoeficacia;Anotar esfuerzo, estrategia usada y avance pequeño.;Mejorar autoconcepto académico.;bajo;semanal;media;El profesional debe adaptar la pauta a edad, contexto escolar, evaluación individual, familia, centro educativo y normativa aplicable. No sustituye diagnóstico ni dictamen oficial.
Ansiedad académica y emocional;Autoconcepto académico bajo;Creencia persistente de incapacidad académica.;Infantil/Adolescente;medio;"PSP2_SRC006;PSP2_SRC009";Refuerzo positivo específico;Reforzar conducta concreta, esfuerzo y estrategia usada.;bajo;Menú de recompensas educativas;Crear lista de reforzadores no excesivos y acordados.;Mejorar motivación.;bajo;semanal;media;El profesional debe adaptar la pauta a edad, contexto escolar, evaluación individual, familia, centro educativo y normativa aplicable. No sustituye diagnóstico ni dictamen oficial.
Ansiedad académica y emocional;Autoconcepto académico bajo;Creencia persistente de incapacidad académica.;Infantil/Adolescente;medio;"PSP2_SRC006;PSP2_SRC009";Autoinstrucciones;Enseñar diálogo interno: paro, miro, pienso, hago, reviso.;bajo;Tarjeta de autoinstrucciones;Crear tarjeta: paro, leo, subrayo, hago, reviso.;Mejorar control ejecutivo.;bajo;diario;media;El profesional debe adaptar la pauta a edad, contexto escolar, evaluación individual, familia, centro educativo y normativa aplicable. No sustituye diagnóstico ni dictamen oficial.
Ansiedad académica y emocional;Autoconcepto académico bajo;Creencia persistente de incapacidad académica.;Infantil/Adolescente;medio;"PSP2_SRC006;PSP2_SRC009";Monitorización y autoevaluación;Revisar proceso, resultado, errores y próximos pasos.;bajo;Registro de distractores;Anotar cuándo se distrae, por qué y qué ayuda a volver.;Detectar patrones de atención.;bajo;7 días;media;El profesional debe adaptar la pauta a edad, contexto escolar, evaluación individual, familia, centro educativo y normativa aplicable. No sustituye diagnóstico ni dictamen oficial.
Ansiedad académica y emocional;Autoconcepto académico bajo;Creencia persistente de incapacidad académica.;Infantil/Adolescente;medio;"PSP2_SRC006;PSP2_SRC009";Monitorización y autoevaluación;Revisar proceso, resultado, errores y próximos pasos.;bajo;Revisión COPS;Revisar mayúsculas, orden, puntuación y ortografía.;Mejorar revisión escrita.;bajo;cada texto;media;El profesional debe adaptar la pauta a edad, contexto escolar, evaluación individual, familia, centro educativo y normativa aplicable. No sustituye diagnóstico ni dictamen oficial.
Ansiedad académica y emocional;Autoconcepto académico bajo;Creencia persistente de incapacidad académica.;Infantil/Adolescente;medio;"PSP2_SRC006;PSP2_SRC009";Monitorización y autoevaluación;Revisar proceso, resultado, errores y próximos pasos.;bajo;Autoevaluación con rúbrica simple;Revisar trabajo con 3-5 criterios visibles.;Mejorar monitorización.;bajo;cada entrega;media;El profesional debe adaptar la pauta a edad, contexto escolar, evaluación individual, familia, centro educativo y normativa aplicable. No sustituye diagnóstico ni dictamen oficial.
Técnicas de estudio y aprendizaje;Estudio pasivo ineficaz;Uso predominante de releer/subrayar sin recuperación activa.;Adolescente;bajo;PSP2_SRC005;Recuperación activa;Practicar recordar sin mirar: preguntas, tarjetas, test y explicación.;bajo;Tarjetas de recuperación activa;Crear preguntas/respuestas y practicar sin mirar apuntes.;Mejorar memoria a largo plazo.;bajo;3 veces/semana;alta;El profesional debe adaptar la pauta a edad, contexto escolar, evaluación individual, familia, centro educativo y normativa aplicable. No sustituye diagnóstico ni dictamen oficial.
Técnicas de estudio y aprendizaje;Estudio pasivo ineficaz;Uso predominante de releer/subrayar sin recuperación activa.;Adolescente;bajo;PSP2_SRC005;Repaso espaciado;Distribuir repasos en el tiempo para mejorar retención.;bajo;Calendario de repaso espaciado;Programar repasos 1-3-7-14 días según contenido.;Mejorar retención.;bajo;semanal;media;El profesional debe adaptar la pauta a edad, contexto escolar, evaluación individual, familia, centro educativo y normativa aplicable. No sustituye diagnóstico ni dictamen oficial.
Técnicas de estudio y aprendizaje;Estudio pasivo ineficaz;Uso predominante de releer/subrayar sin recuperación activa.;Adolescente;bajo;PSP2_SRC005;Intercalado de práctica;Mezclar tipos de ejercicios para aprender discriminación y transferencia.;bajo;Práctica intercalada de operaciones;Mezclar tipos de operaciones para elegir estrategia correcta.;Mejorar transferencia.;bajo;semanal;media;El profesional debe adaptar la pauta a edad, contexto escolar, evaluación individual, familia, centro educativo y normativa aplicable. No sustituye diagnóstico ni dictamen oficial.
Técnicas de estudio y aprendizaje;Estudio pasivo ineficaz;Uso predominante de releer/subrayar sin recuperación activa.;Adolescente;bajo;PSP2_SRC005;Mapas conceptuales y organizadores;Representar relaciones entre ideas y jerarquías.;bajo;Mapa conceptual de tema;Jerarquizar conceptos y relaciones antes de estudiar.;Organizar información.;bajo;por tema;media;El profesional debe adaptar la pauta a edad, contexto escolar, evaluación individual, familia, centro educativo y normativa aplicable. No sustituye diagnóstico ni dictamen oficial.
Técnicas de estudio y aprendizaje;Estudio pasivo ineficaz;Uso predominante de releer/subrayar sin recuperación activa.;Adolescente;bajo;PSP2_SRC005;Metacognición guiada;Planificar, supervisar y evaluar estrategias de aprendizaje.;bajo;Diario metacognitivo;Responder: qué sabía, qué no, qué estrategia funcionó.;Mejorar autorregulación del aprendizaje.;bajo;semanal;media;El profesional debe adaptar la pauta a edad, contexto escolar, evaluación individual, familia, centro educativo y normativa aplicable. No sustituye diagnóstico ni dictamen oficial.
Técnicas de estudio y aprendizaje;Estudio pasivo ineficaz;Uso predominante de releer/subrayar sin recuperación activa.;Adolescente;bajo;PSP2_SRC005;Planificación por objetivos SMART;Objetivos específicos, medibles, alcanzables, relevantes y temporales.;bajo;Objetivo SMART semanal;Definir objetivo concreto, medible y revisable para la semana.;Mejorar planificación.;bajo;semanal;media;El profesional debe adaptar la pauta a edad, contexto escolar, evaluación individual, familia, centro educativo y normativa aplicable. No sustituye diagnóstico ni dictamen oficial.
Técnicas de estudio y aprendizaje;Estudio pasivo ineficaz;Uso predominante de releer/subrayar sin recuperación activa.;Adolescente;bajo;PSP2_SRC005;Planificación por objetivos SMART;Objetivos específicos, medibles, alcanzables, relevantes y temporales.;bajo;Reto graduado;Elegir tarea ligeramente difícil pero alcanzable.;Trabajar frustración y esfuerzo.;bajo;semanal;media;El profesional debe adaptar la pauta a edad, contexto escolar, evaluación individual, familia, centro educativo y normativa aplicable. No sustituye diagnóstico ni dictamen oficial.
Técnicas de estudio y aprendizaje;Estudio pasivo ineficaz;Uso predominante de releer/subrayar sin recuperación activa.;Adolescente;bajo;PSP2_SRC005;Planificación por objetivos SMART;Objetivos específicos, medibles, alcanzables, relevantes y temporales.;bajo;Planificar con cuatro casillas;Objetivo, materiales, pasos y revisión.;Mejorar planificación.;bajo;cada tarea larga;media;El profesional debe adaptar la pauta a edad, contexto escolar, evaluación individual, familia, centro educativo y normativa aplicable. No sustituye diagnóstico ni dictamen oficial.
Técnicas de estudio y aprendizaje;Estudio pasivo ineficaz;Uso predominante de releer/subrayar sin recuperación activa.;Adolescente;bajo;PSP2_SRC005;Monitorización y autoevaluación;Revisar proceso, resultado, errores y próximos pasos.;bajo;Registro de distractores;Anotar cuándo se distrae, por qué y qué ayuda a volver.;Detectar patrones de atención.;bajo;7 días;media;El profesional debe adaptar la pauta a edad, contexto escolar, evaluación individual, familia, centro educativo y normativa aplicable. No sustituye diagnóstico ni dictamen oficial.
Técnicas de estudio y aprendizaje;Estudio pasivo ineficaz;Uso predominante de releer/subrayar sin recuperación activa.;Adolescente;bajo;PSP2_SRC005;Monitorización y autoevaluación;Revisar proceso, resultado, errores y próximos pasos.;bajo;Revisión COPS;Revisar mayúsculas, orden, puntuación y ortografía.;Mejorar revisión escrita.;bajo;cada texto;media;El profesional debe adaptar la pauta a edad, contexto escolar, evaluación individual, familia, centro educativo y normativa aplicable. No sustituye diagnóstico ni dictamen oficial.
Técnicas de estudio y aprendizaje;Estudio pasivo ineficaz;Uso predominante de releer/subrayar sin recuperación activa.;Adolescente;bajo;PSP2_SRC005;Monitorización y autoevaluación;Revisar proceso, resultado, errores y próximos pasos.;bajo;Autoevaluación con rúbrica simple;Revisar trabajo con 3-5 criterios visibles.;Mejorar monitorización.;bajo;cada entrega;media;El profesional debe adaptar la pauta a edad, contexto escolar, evaluación individual, familia, centro educativo y normativa aplicable. No sustituye diagnóstico ni dictamen oficial.
Técnicas de estudio y aprendizaje;Mala planificación de exámenes;Estudio concentrado al final, sin repaso espaciado.;Adolescente;bajo;PSP2_SRC005;Recuperación activa;Practicar recordar sin mirar: preguntas, tarjetas, test y explicación.;bajo;Tarjetas de recuperación activa;Crear preguntas/respuestas y practicar sin mirar apuntes.;Mejorar memoria a largo plazo.;bajo;3 veces/semana;alta;El profesional debe adaptar la pauta a edad, contexto escolar, evaluación individual, familia, centro educativo y normativa aplicable. No sustituye diagnóstico ni dictamen oficial.
Técnicas de estudio y aprendizaje;Mala planificación de exámenes;Estudio concentrado al final, sin repaso espaciado.;Adolescente;bajo;PSP2_SRC005;Repaso espaciado;Distribuir repasos en el tiempo para mejorar retención.;bajo;Calendario de repaso espaciado;Programar repasos 1-3-7-14 días según contenido.;Mejorar retención.;bajo;semanal;media;El profesional debe adaptar la pauta a edad, contexto escolar, evaluación individual, familia, centro educativo y normativa aplicable. No sustituye diagnóstico ni dictamen oficial.
Técnicas de estudio y aprendizaje;Mala planificación de exámenes;Estudio concentrado al final, sin repaso espaciado.;Adolescente;bajo;PSP2_SRC005;Intercalado de práctica;Mezclar tipos de ejercicios para aprender discriminación y transferencia.;bajo;Práctica intercalada de operaciones;Mezclar tipos de operaciones para elegir estrategia correcta.;Mejorar transferencia.;bajo;semanal;media;El profesional debe adaptar la pauta a edad, contexto escolar, evaluación individual, familia, centro educativo y normativa aplicable. No sustituye diagnóstico ni dictamen oficial.
Técnicas de estudio y aprendizaje;Mala planificación de exámenes;Estudio concentrado al final, sin repaso espaciado.;Adolescente;bajo;PSP2_SRC005;Mapas conceptuales y organizadores;Representar relaciones entre ideas y jerarquías.;bajo;Mapa conceptual de tema;Jerarquizar conceptos y relaciones antes de estudiar.;Organizar información.;bajo;por tema;media;El profesional debe adaptar la pauta a edad, contexto escolar, evaluación individual, familia, centro educativo y normativa aplicable. No sustituye diagnóstico ni dictamen oficial.
Técnicas de estudio y aprendizaje;Mala planificación de exámenes;Estudio concentrado al final, sin repaso espaciado.;Adolescente;bajo;PSP2_SRC005;Metacognición guiada;Planificar, supervisar y evaluar estrategias de aprendizaje.;bajo;Diario metacognitivo;Responder: qué sabía, qué no, qué estrategia funcionó.;Mejorar autorregulación del aprendizaje.;bajo;semanal;media;El profesional debe adaptar la pauta a edad, contexto escolar, evaluación individual, familia, centro educativo y normativa aplicable. No sustituye diagnóstico ni dictamen oficial.
Técnicas de estudio y aprendizaje;Mala planificación de exámenes;Estudio concentrado al final, sin repaso espaciado.;Adolescente;bajo;PSP2_SRC005;Planificación por objetivos SMART;Objetivos específicos, medibles, alcanzables, relevantes y temporales.;bajo;Objetivo SMART semanal;Definir objetivo concreto, medible y revisable para la semana.;Mejorar planificación.;bajo;semanal;media;El profesional debe adaptar la pauta a edad, contexto escolar, evaluación individual, familia, centro educativo y normativa aplicable. No sustituye diagnóstico ni dictamen oficial.
Técnicas de estudio y aprendizaje;Mala planificación de exámenes;Estudio concentrado al final, sin repaso espaciado.;Adolescente;bajo;PSP2_SRC005;Planificación por objetivos SMART;Objetivos específicos, medibles, alcanzables, relevantes y temporales.;bajo;Reto graduado;Elegir tarea ligeramente difícil pero alcanzable.;Trabajar frustración y esfuerzo.;bajo;semanal;media;El profesional debe adaptar la pauta a edad, contexto escolar, evaluación individual, familia, centro educativo y normativa aplicable. No sustituye diagnóstico ni dictamen oficial.
Técnicas de estudio y aprendizaje;Mala planificación de exámenes;Estudio concentrado al final, sin repaso espaciado.;Adolescente;bajo;PSP2_SRC005;Planificación por objetivos SMART;Objetivos específicos, medibles, alcanzables, relevantes y temporales.;bajo;Planificar con cuatro casillas;Objetivo, materiales, pasos y revisión.;Mejorar planificación.;bajo;cada tarea larga;media;El profesional debe adaptar la pauta a edad, contexto escolar, evaluación individual, familia, centro educativo y normativa aplicable. No sustituye diagnóstico ni dictamen oficial.
Técnicas de estudio y aprendizaje;Mala planificación de exámenes;Estudio concentrado al final, sin repaso espaciado.;Adolescente;bajo;PSP2_SRC005;Monitorización y autoevaluación;Revisar proceso, resultado, errores y próximos pasos.;bajo;Registro de distractores;Anotar cuándo se distrae, por qué y qué ayuda a volver.;Detectar patrones de atención.;bajo;7 días;media;El profesional debe adaptar la pauta a edad, contexto escolar, evaluación individual, familia, centro educativo y normativa aplicable. No sustituye diagnóstico ni dictamen oficial.
Técnicas de estudio y aprendizaje;Mala planificación de exámenes;Estudio concentrado al final, sin repaso espaciado.;Adolescente;bajo;PSP2_SRC005;Monitorización y autoevaluación;Revisar proceso, resultado, errores y próximos pasos.;bajo;Revisión COPS;Revisar mayúsculas, orden, puntuación y ortografía.;Mejorar revisión escrita.;bajo;cada texto;media;El profesional debe adaptar la pauta a edad, contexto escolar, evaluación individual, familia, centro educativo y normativa aplicable. No sustituye diagnóstico ni dictamen oficial.
Técnicas de estudio y aprendizaje;Mala planificación de exámenes;Estudio concentrado al final, sin repaso espaciado.;Adolescente;bajo;PSP2_SRC005;Monitorización y autoevaluación;Revisar proceso, resultado, errores y próximos pasos.;bajo;Autoevaluación con rúbrica simple;Revisar trabajo con 3-5 criterios visibles.;Mejorar monitorización.;bajo;cada entrega;media;El profesional debe adaptar la pauta a edad, contexto escolar, evaluación individual, familia, centro educativo y normativa aplicable. No sustituye diagnóstico ni dictamen oficial.
Técnicas de estudio y aprendizaje;Dificultad para resumir y estructurar contenidos;Problemas para identificar ideas principales y jerarquizarlas.;Infantil/Adolescente;bajo;PSP2_SRC005;Recuperación activa;Practicar recordar sin mirar: preguntas, tarjetas, test y explicación.;bajo;Tarjetas de recuperación activa;Crear preguntas/respuestas y practicar sin mirar apuntes.;Mejorar memoria a largo plazo.;bajo;3 veces/semana;alta;El profesional debe adaptar la pauta a edad, contexto escolar, evaluación individual, familia, centro educativo y normativa aplicable. No sustituye diagnóstico ni dictamen oficial.
Técnicas de estudio y aprendizaje;Dificultad para resumir y estructurar contenidos;Problemas para identificar ideas principales y jerarquizarlas.;Infantil/Adolescente;bajo;PSP2_SRC005;Repaso espaciado;Distribuir repasos en el tiempo para mejorar retención.;bajo;Calendario de repaso espaciado;Programar repasos 1-3-7-14 días según contenido.;Mejorar retención.;bajo;semanal;media;El profesional debe adaptar la pauta a edad, contexto escolar, evaluación individual, familia, centro educativo y normativa aplicable. No sustituye diagnóstico ni dictamen oficial.
Técnicas de estudio y aprendizaje;Dificultad para resumir y estructurar contenidos;Problemas para identificar ideas principales y jerarquizarlas.;Infantil/Adolescente;bajo;PSP2_SRC005;Intercalado de práctica;Mezclar tipos de ejercicios para aprender discriminación y transferencia.;bajo;Práctica intercalada de operaciones;Mezclar tipos de operaciones para elegir estrategia correcta.;Mejorar transferencia.;bajo;semanal;media;El profesional debe adaptar la pauta a edad, contexto escolar, evaluación individual, familia, centro educativo y normativa aplicable. No sustituye diagnóstico ni dictamen oficial.
Técnicas de estudio y aprendizaje;Dificultad para resumir y estructurar contenidos;Problemas para identificar ideas principales y jerarquizarlas.;Infantil/Adolescente;bajo;PSP2_SRC005;Mapas conceptuales y organizadores;Representar relaciones entre ideas y jerarquías.;bajo;Mapa conceptual de tema;Jerarquizar conceptos y relaciones antes de estudiar.;Organizar información.;bajo;por tema;media;El profesional debe adaptar la pauta a edad, contexto escolar, evaluación individual, familia, centro educativo y normativa aplicable. No sustituye diagnóstico ni dictamen oficial.
Técnicas de estudio y aprendizaje;Dificultad para resumir y estructurar contenidos;Problemas para identificar ideas principales y jerarquizarlas.;Infantil/Adolescente;bajo;PSP2_SRC005;Metacognición guiada;Planificar, supervisar y evaluar estrategias de aprendizaje.;bajo;Diario metacognitivo;Responder: qué sabía, qué no, qué estrategia funcionó.;Mejorar autorregulación del aprendizaje.;bajo;semanal;media;El profesional debe adaptar la pauta a edad, contexto escolar, evaluación individual, familia, centro educativo y normativa aplicable. No sustituye diagnóstico ni dictamen oficial.
Técnicas de estudio y aprendizaje;Dificultad para resumir y estructurar contenidos;Problemas para identificar ideas principales y jerarquizarlas.;Infantil/Adolescente;bajo;PSP2_SRC005;Planificación por objetivos SMART;Objetivos específicos, medibles, alcanzables, relevantes y temporales.;bajo;Objetivo SMART semanal;Definir objetivo concreto, medible y revisable para la semana.;Mejorar planificación.;bajo;semanal;media;El profesional debe adaptar la pauta a edad, contexto escolar, evaluación individual, familia, centro educativo y normativa aplicable. No sustituye diagnóstico ni dictamen oficial.
Técnicas de estudio y aprendizaje;Dificultad para resumir y estructurar contenidos;Problemas para identificar ideas principales y jerarquizarlas.;Infantil/Adolescente;bajo;PSP2_SRC005;Planificación por objetivos SMART;Objetivos específicos, medibles, alcanzables, relevantes y temporales.;bajo;Reto graduado;Elegir tarea ligeramente difícil pero alcanzable.;Trabajar frustración y esfuerzo.;bajo;semanal;media;El profesional debe adaptar la pauta a edad, contexto escolar, evaluación individual, familia, centro educativo y normativa aplicable. No sustituye diagnóstico ni dictamen oficial.
Técnicas de estudio y aprendizaje;Dificultad para resumir y estructurar contenidos;Problemas para identificar ideas principales y jerarquizarlas.;Infantil/Adolescente;bajo;PSP2_SRC005;Planificación por objetivos SMART;Objetivos específicos, medibles, alcanzables, relevantes y temporales.;bajo;Planificar con cuatro casillas;Objetivo, materiales, pasos y revisión.;Mejorar planificación.;bajo;cada tarea larga;media;El profesional debe adaptar la pauta a edad, contexto escolar, evaluación individual, familia, centro educativo y normativa aplicable. No sustituye diagnóstico ni dictamen oficial.
Técnicas de estudio y aprendizaje;Dificultad para resumir y estructurar contenidos;Problemas para identificar ideas principales y jerarquizarlas.;Infantil/Adolescente;bajo;PSP2_SRC005;Monitorización y autoevaluación;Revisar proceso, resultado, errores y próximos pasos.;bajo;Registro de distractores;Anotar cuándo se distrae, por qué y qué ayuda a volver.;Detectar patrones de atención.;bajo;7 días;media;El profesional debe adaptar la pauta a edad, contexto escolar, evaluación individual, familia, centro educativo y normativa aplicable. No sustituye diagnóstico ni dictamen oficial.
Técnicas de estudio y aprendizaje;Dificultad para resumir y estructurar contenidos;Problemas para identificar ideas principales y jerarquizarlas.;Infantil/Adolescente;bajo;PSP2_SRC005;Monitorización y autoevaluación;Revisar proceso, resultado, errores y próximos pasos.;bajo;Revisión COPS;Revisar mayúsculas, orden, puntuación y ortografía.;Mejorar revisión escrita.;bajo;cada texto;media;El profesional debe adaptar la pauta a edad, contexto escolar, evaluación individual, familia, centro educativo y normativa aplicable. No sustituye diagnóstico ni dictamen oficial.
Técnicas de estudio y aprendizaje;Dificultad para resumir y estructurar contenidos;Problemas para identificar ideas principales y jerarquizarlas.;Infantil/Adolescente;bajo;PSP2_SRC005;Monitorización y autoevaluación;Revisar proceso, resultado, errores y próximos pasos.;bajo;Autoevaluación con rúbrica simple;Revisar trabajo con 3-5 criterios visibles.;Mejorar monitorización.;bajo;cada entrega;media;El profesional debe adaptar la pauta a edad, contexto escolar, evaluación individual, familia, centro educativo y normativa aplicable. No sustituye diagnóstico ni dictamen oficial.
Técnicas de estudio y aprendizaje;Baja metacognición;Dificultad para saber qué se sabe, qué falta y cómo mejorar.;Infantil/Adolescente;bajo;"PSP2_SRC005;PSP2_SRC006";Recuperación activa;Practicar recordar sin mirar: preguntas, tarjetas, test y explicación.;bajo;Tarjetas de recuperación activa;Crear preguntas/respuestas y practicar sin mirar apuntes.;Mejorar memoria a largo plazo.;bajo;3 veces/semana;alta;El profesional debe adaptar la pauta a edad, contexto escolar, evaluación individual, familia, centro educativo y normativa aplicable. No sustituye diagnóstico ni dictamen oficial.
Técnicas de estudio y aprendizaje;Baja metacognición;Dificultad para saber qué se sabe, qué falta y cómo mejorar.;Infantil/Adolescente;bajo;"PSP2_SRC005;PSP2_SRC006";Repaso espaciado;Distribuir repasos en el tiempo para mejorar retención.;bajo;Calendario de repaso espaciado;Programar repasos 1-3-7-14 días según contenido.;Mejorar retención.;bajo;semanal;media;El profesional debe adaptar la pauta a edad, contexto escolar, evaluación individual, familia, centro educativo y normativa aplicable. No sustituye diagnóstico ni dictamen oficial.
Técnicas de estudio y aprendizaje;Baja metacognición;Dificultad para saber qué se sabe, qué falta y cómo mejorar.;Infantil/Adolescente;bajo;"PSP2_SRC005;PSP2_SRC006";Intercalado de práctica;Mezclar tipos de ejercicios para aprender discriminación y transferencia.;bajo;Práctica intercalada de operaciones;Mezclar tipos de operaciones para elegir estrategia correcta.;Mejorar transferencia.;bajo;semanal;media;El profesional debe adaptar la pauta a edad, contexto escolar, evaluación individual, familia, centro educativo y normativa aplicable. No sustituye diagnóstico ni dictamen oficial.
Técnicas de estudio y aprendizaje;Baja metacognición;Dificultad para saber qué se sabe, qué falta y cómo mejorar.;Infantil/Adolescente;bajo;"PSP2_SRC005;PSP2_SRC006";Mapas conceptuales y organizadores;Representar relaciones entre ideas y jerarquías.;bajo;Mapa conceptual de tema;Jerarquizar conceptos y relaciones antes de estudiar.;Organizar información.;bajo;por tema;media;El profesional debe adaptar la pauta a edad, contexto escolar, evaluación individual, familia, centro educativo y normativa aplicable. No sustituye diagnóstico ni dictamen oficial.
Técnicas de estudio y aprendizaje;Baja metacognición;Dificultad para saber qué se sabe, qué falta y cómo mejorar.;Infantil/Adolescente;bajo;"PSP2_SRC005;PSP2_SRC006";Metacognición guiada;Planificar, supervisar y evaluar estrategias de aprendizaje.;bajo;Diario metacognitivo;Responder: qué sabía, qué no, qué estrategia funcionó.;Mejorar autorregulación del aprendizaje.;bajo;semanal;media;El profesional debe adaptar la pauta a edad, contexto escolar, evaluación individual, familia, centro educativo y normativa aplicable. No sustituye diagnóstico ni dictamen oficial.
Técnicas de estudio y aprendizaje;Baja metacognición;Dificultad para saber qué se sabe, qué falta y cómo mejorar.;Infantil/Adolescente;bajo;"PSP2_SRC005;PSP2_SRC006";Planificación por objetivos SMART;Objetivos específicos, medibles, alcanzables, relevantes y temporales.;bajo;Objetivo SMART semanal;Definir objetivo concreto, medible y revisable para la semana.;Mejorar planificación.;bajo;semanal;media;El profesional debe adaptar la pauta a edad, contexto escolar, evaluación individual, familia, centro educativo y normativa aplicable. No sustituye diagnóstico ni dictamen oficial.
Técnicas de estudio y aprendizaje;Baja metacognición;Dificultad para saber qué se sabe, qué falta y cómo mejorar.;Infantil/Adolescente;bajo;"PSP2_SRC005;PSP2_SRC006";Planificación por objetivos SMART;Objetivos específicos, medibles, alcanzables, relevantes y temporales.;bajo;Reto graduado;Elegir tarea ligeramente difícil pero alcanzable.;Trabajar frustración y esfuerzo.;bajo;semanal;media;El profesional debe adaptar la pauta a edad, contexto escolar, evaluación individual, familia, centro educativo y normativa aplicable. No sustituye diagnóstico ni dictamen oficial.
Técnicas de estudio y aprendizaje;Baja metacognición;Dificultad para saber qué se sabe, qué falta y cómo mejorar.;Infantil/Adolescente;bajo;"PSP2_SRC005;PSP2_SRC006";Planificación por objetivos SMART;Objetivos específicos, medibles, alcanzables, relevantes y temporales.;bajo;Planificar con cuatro casillas;Objetivo, materiales, pasos y revisión.;Mejorar planificación.;bajo;cada tarea larga;media;El profesional debe adaptar la pauta a edad, contexto escolar, evaluación individual, familia, centro educativo y normativa aplicable. No sustituye diagnóstico ni dictamen oficial.
Técnicas de estudio y aprendizaje;Baja metacognición;Dificultad para saber qué se sabe, qué falta y cómo mejorar.;Infantil/Adolescente;bajo;"PSP2_SRC005;PSP2_SRC006";Monitorización y autoevaluación;Revisar proceso, resultado, errores y próximos pasos.;bajo;Registro de distractores;Anotar cuándo se distrae, por qué y qué ayuda a volver.;Detectar patrones de atención.;bajo;7 días;media;El profesional debe adaptar la pauta a edad, contexto escolar, evaluación individual, familia, centro educativo y normativa aplicable. No sustituye diagnóstico ni dictamen oficial.
Técnicas de estudio y aprendizaje;Baja metacognición;Dificultad para saber qué se sabe, qué falta y cómo mejorar.;Infantil/Adolescente;bajo;"PSP2_SRC005;PSP2_SRC006";Monitorización y autoevaluación;Revisar proceso, resultado, errores y próximos pasos.;bajo;Revisión COPS;Revisar mayúsculas, orden, puntuación y ortografía.;Mejorar revisión escrita.;bajo;cada texto;media;El profesional debe adaptar la pauta a edad, contexto escolar, evaluación individual, familia, centro educativo y normativa aplicable. No sustituye diagnóstico ni dictamen oficial.
Técnicas de estudio y aprendizaje;Baja metacognición;Dificultad para saber qué se sabe, qué falta y cómo mejorar.;Infantil/Adolescente;bajo;"PSP2_SRC005;PSP2_SRC006";Monitorización y autoevaluación;Revisar proceso, resultado, errores y próximos pasos.;bajo;Autoevaluación con rúbrica simple;Revisar trabajo con 3-5 criterios visibles.;Mejorar monitorización.;bajo;cada entrega;media;El profesional debe adaptar la pauta a edad, contexto escolar, evaluación individual, familia, centro educativo y normativa aplicable. No sustituye diagnóstico ni dictamen oficial.
Adaptaciones educativas y coordinación;Necesidad de adaptación de acceso;Requiere ajustes para acceder a información: formato, tiempo, apoyos o entorno.;Infantil/Adolescente;medio;"PSP2_SRC006;PSP2_SRC007";Diseño Universal para el Aprendizaje;Ofrecer múltiples formas de acceso, expresión y participación.;bajo;Diseño UDL de una tarea;Ofrecer alternativa de acceso, expresión o participación.;Aumentar inclusión.;bajo;por tarea;media;El profesional debe adaptar la pauta a edad, contexto escolar, evaluación individual, familia, centro educativo y normativa aplicable. No sustituye diagnóstico ni dictamen oficial.
Adaptaciones educativas y coordinación;Necesidad de adaptación de acceso;Requiere ajustes para acceder a información: formato, tiempo, apoyos o entorno.;Infantil/Adolescente;medio;"PSP2_SRC006;PSP2_SRC007";Adaptación de evaluación;Ajustes de tiempo, formato, entorno, apoyo o vía de respuesta.;medio;Ficha de adaptación educativa;Describir necesidad, ajuste, responsable, duración y revisión.;Formalizar apoyos.;medio;por trimestre;alta;El profesional debe adaptar la pauta a edad, contexto escolar, evaluación individual, familia, centro educativo y normativa aplicable. No sustituye diagnóstico ni dictamen oficial.
Adaptaciones educativas y coordinación;Necesidad de adaptación de acceso;Requiere ajustes para acceder a información: formato, tiempo, apoyos o entorno.;Infantil/Adolescente;medio;"PSP2_SRC006;PSP2_SRC007";Coordinación familia-centro;Acuerdos breves, objetivos compartidos y seguimiento regular.;bajo;Seguimiento familia-centro;Registro breve de objetivo, avance y barrera semanal.;Coordinar apoyos.;bajo;semanal;media;El profesional debe adaptar la pauta a edad, contexto escolar, evaluación individual, familia, centro educativo y normativa aplicable. No sustituye diagnóstico ni dictamen oficial.
Adaptaciones educativas y coordinación;Necesidad de adaptación de acceso;Requiere ajustes para acceder a información: formato, tiempo, apoyos o entorno.;Infantil/Adolescente;medio;"PSP2_SRC006;PSP2_SRC007";Apoyos visuales;Uso de esquemas, pictogramas, mapas, colores, horarios o plantillas.;bajo;Horario visual diario;Representar actividades del día con texto, pictos o colores.;Aumentar anticipación.;bajo;diario;alta;El profesional debe adaptar la pauta a edad, contexto escolar, evaluación individual, familia, centro educativo y normativa aplicable. No sustituye diagnóstico ni dictamen oficial.
Adaptaciones educativas y coordinación;Necesidad de adaptación de acceso;Requiere ajustes para acceder a información: formato, tiempo, apoyos o entorno.;Infantil/Adolescente;medio;"PSP2_SRC006;PSP2_SRC007";Monitorización y autoevaluación;Revisar proceso, resultado, errores y próximos pasos.;bajo;Registro de distractores;Anotar cuándo se distrae, por qué y qué ayuda a volver.;Detectar patrones de atención.;bajo;7 días;media;El profesional debe adaptar la pauta a edad, contexto escolar, evaluación individual, familia, centro educativo y normativa aplicable. No sustituye diagnóstico ni dictamen oficial.
Adaptaciones educativas y coordinación;Necesidad de adaptación de acceso;Requiere ajustes para acceder a información: formato, tiempo, apoyos o entorno.;Infantil/Adolescente;medio;"PSP2_SRC006;PSP2_SRC007";Monitorización y autoevaluación;Revisar proceso, resultado, errores y próximos pasos.;bajo;Revisión COPS;Revisar mayúsculas, orden, puntuación y ortografía.;Mejorar revisión escrita.;bajo;cada texto;media;El profesional debe adaptar la pauta a edad, contexto escolar, evaluación individual, familia, centro educativo y normativa aplicable. No sustituye diagnóstico ni dictamen oficial.
Adaptaciones educativas y coordinación;Necesidad de adaptación de acceso;Requiere ajustes para acceder a información: formato, tiempo, apoyos o entorno.;Infantil/Adolescente;medio;"PSP2_SRC006;PSP2_SRC007";Monitorización y autoevaluación;Revisar proceso, resultado, errores y próximos pasos.;bajo;Autoevaluación con rúbrica simple;Revisar trabajo con 3-5 criterios visibles.;Mejorar monitorización.;bajo;cada entrega;media;El profesional debe adaptar la pauta a edad, contexto escolar, evaluación individual, familia, centro educativo y normativa aplicable. No sustituye diagnóstico ni dictamen oficial.
Adaptaciones educativas y coordinación;Necesidad de adaptación de acceso;Requiere ajustes para acceder a información: formato, tiempo, apoyos o entorno.;Infantil/Adolescente;medio;"PSP2_SRC006;PSP2_SRC007";Prevención de recaídas educativas;Señales de abandono, plan de mantenimiento y revisión periódica.;bajo;Compromiso mínimo viable;Definir versión mínima de tarea para días difíciles.;Evitar abandono.;bajo;diario;media;El profesional debe adaptar la pauta a edad, contexto escolar, evaluación individual, familia, centro educativo y normativa aplicable. No sustituye diagnóstico ni dictamen oficial.
Adaptaciones educativas y coordinación;Necesidad de adaptación de acceso;Requiere ajustes para acceder a información: formato, tiempo, apoyos o entorno.;Infantil/Adolescente;medio;"PSP2_SRC006;PSP2_SRC007";Prevención de recaídas educativas;Señales de abandono, plan de mantenimiento y revisión periódica.;bajo;Revisión mensual de avances;Comparar objetivo, datos, barreras y ajustes necesarios.;Mantener seguimiento.;bajo;mensual;media;El profesional debe adaptar la pauta a edad, contexto escolar, evaluación individual, familia, centro educativo y normativa aplicable. No sustituye diagnóstico ni dictamen oficial.
Adaptaciones educativas y coordinación;Necesidad de adaptación de expresión;Requiere alternativas para demostrar aprendizaje: oral, visual, digital o tiempo adicional.;Infantil/Adolescente;medio;"PSP2_SRC006;PSP2_SRC007";Diseño Universal para el Aprendizaje;Ofrecer múltiples formas de acceso, expresión y participación.;bajo;Diseño UDL de una tarea;Ofrecer alternativa de acceso, expresión o participación.;Aumentar inclusión.;bajo;por tarea;media;El profesional debe adaptar la pauta a edad, contexto escolar, evaluación individual, familia, centro educativo y normativa aplicable. No sustituye diagnóstico ni dictamen oficial.
Adaptaciones educativas y coordinación;Necesidad de adaptación de expresión;Requiere alternativas para demostrar aprendizaje: oral, visual, digital o tiempo adicional.;Infantil/Adolescente;medio;"PSP2_SRC006;PSP2_SRC007";Adaptación de evaluación;Ajustes de tiempo, formato, entorno, apoyo o vía de respuesta.;medio;Ficha de adaptación educativa;Describir necesidad, ajuste, responsable, duración y revisión.;Formalizar apoyos.;medio;por trimestre;alta;El profesional debe adaptar la pauta a edad, contexto escolar, evaluación individual, familia, centro educativo y normativa aplicable. No sustituye diagnóstico ni dictamen oficial.
Adaptaciones educativas y coordinación;Necesidad de adaptación de expresión;Requiere alternativas para demostrar aprendizaje: oral, visual, digital o tiempo adicional.;Infantil/Adolescente;medio;"PSP2_SRC006;PSP2_SRC007";Coordinación familia-centro;Acuerdos breves, objetivos compartidos y seguimiento regular.;bajo;Seguimiento familia-centro;Registro breve de objetivo, avance y barrera semanal.;Coordinar apoyos.;bajo;semanal;media;El profesional debe adaptar la pauta a edad, contexto escolar, evaluación individual, familia, centro educativo y normativa aplicable. No sustituye diagnóstico ni dictamen oficial.
Adaptaciones educativas y coordinación;Necesidad de adaptación de expresión;Requiere alternativas para demostrar aprendizaje: oral, visual, digital o tiempo adicional.;Infantil/Adolescente;medio;"PSP2_SRC006;PSP2_SRC007";Apoyos visuales;Uso de esquemas, pictogramas, mapas, colores, horarios o plantillas.;bajo;Horario visual diario;Representar actividades del día con texto, pictos o colores.;Aumentar anticipación.;bajo;diario;alta;El profesional debe adaptar la pauta a edad, contexto escolar, evaluación individual, familia, centro educativo y normativa aplicable. No sustituye diagnóstico ni dictamen oficial.
Adaptaciones educativas y coordinación;Necesidad de adaptación de expresión;Requiere alternativas para demostrar aprendizaje: oral, visual, digital o tiempo adicional.;Infantil/Adolescente;medio;"PSP2_SRC006;PSP2_SRC007";Monitorización y autoevaluación;Revisar proceso, resultado, errores y próximos pasos.;bajo;Registro de distractores;Anotar cuándo se distrae, por qué y qué ayuda a volver.;Detectar patrones de atención.;bajo;7 días;media;El profesional debe adaptar la pauta a edad, contexto escolar, evaluación individual, familia, centro educativo y normativa aplicable. No sustituye diagnóstico ni dictamen oficial.
Adaptaciones educativas y coordinación;Necesidad de adaptación de expresión;Requiere alternativas para demostrar aprendizaje: oral, visual, digital o tiempo adicional.;Infantil/Adolescente;medio;"PSP2_SRC006;PSP2_SRC007";Monitorización y autoevaluación;Revisar proceso, resultado, errores y próximos pasos.;bajo;Revisión COPS;Revisar mayúsculas, orden, puntuación y ortografía.;Mejorar revisión escrita.;bajo;cada texto;media;El profesional debe adaptar la pauta a edad, contexto escolar, evaluación individual, familia, centro educativo y normativa aplicable. No sustituye diagnóstico ni dictamen oficial.
Adaptaciones educativas y coordinación;Necesidad de adaptación de expresión;Requiere alternativas para demostrar aprendizaje: oral, visual, digital o tiempo adicional.;Infantil/Adolescente;medio;"PSP2_SRC006;PSP2_SRC007";Monitorización y autoevaluación;Revisar proceso, resultado, errores y próximos pasos.;bajo;Autoevaluación con rúbrica simple;Revisar trabajo con 3-5 criterios visibles.;Mejorar monitorización.;bajo;cada entrega;media;El profesional debe adaptar la pauta a edad, contexto escolar, evaluación individual, familia, centro educativo y normativa aplicable. No sustituye diagnóstico ni dictamen oficial.
Adaptaciones educativas y coordinación;Necesidad de adaptación de expresión;Requiere alternativas para demostrar aprendizaje: oral, visual, digital o tiempo adicional.;Infantil/Adolescente;medio;"PSP2_SRC006;PSP2_SRC007";Prevención de recaídas educativas;Señales de abandono, plan de mantenimiento y revisión periódica.;bajo;Compromiso mínimo viable;Definir versión mínima de tarea para días difíciles.;Evitar abandono.;bajo;diario;media;El profesional debe adaptar la pauta a edad, contexto escolar, evaluación individual, familia, centro educativo y normativa aplicable. No sustituye diagnóstico ni dictamen oficial.
Adaptaciones educativas y coordinación;Necesidad de adaptación de expresión;Requiere alternativas para demostrar aprendizaje: oral, visual, digital o tiempo adicional.;Infantil/Adolescente;medio;"PSP2_SRC006;PSP2_SRC007";Prevención de recaídas educativas;Señales de abandono, plan de mantenimiento y revisión periódica.;bajo;Revisión mensual de avances;Comparar objetivo, datos, barreras y ajustes necesarios.;Mantener seguimiento.;bajo;mensual;media;El profesional debe adaptar la pauta a edad, contexto escolar, evaluación individual, familia, centro educativo y normativa aplicable. No sustituye diagnóstico ni dictamen oficial.
Adaptaciones educativas y coordinación;Necesidad de coordinación familia-centro;Falta de comunicación clara entre familia, escuela y profesional.;Infantil/Adolescente;bajo;PSP2_SRC006;Diseño Universal para el Aprendizaje;Ofrecer múltiples formas de acceso, expresión y participación.;bajo;Diseño UDL de una tarea;Ofrecer alternativa de acceso, expresión o participación.;Aumentar inclusión.;bajo;por tarea;media;El profesional debe adaptar la pauta a edad, contexto escolar, evaluación individual, familia, centro educativo y normativa aplicable. No sustituye diagnóstico ni dictamen oficial.
Adaptaciones educativas y coordinación;Necesidad de coordinación familia-centro;Falta de comunicación clara entre familia, escuela y profesional.;Infantil/Adolescente;bajo;PSP2_SRC006;Adaptación de evaluación;Ajustes de tiempo, formato, entorno, apoyo o vía de respuesta.;medio;Ficha de adaptación educativa;Describir necesidad, ajuste, responsable, duración y revisión.;Formalizar apoyos.;medio;por trimestre;alta;El profesional debe adaptar la pauta a edad, contexto escolar, evaluación individual, familia, centro educativo y normativa aplicable. No sustituye diagnóstico ni dictamen oficial.
Adaptaciones educativas y coordinación;Necesidad de coordinación familia-centro;Falta de comunicación clara entre familia, escuela y profesional.;Infantil/Adolescente;bajo;PSP2_SRC006;Coordinación familia-centro;Acuerdos breves, objetivos compartidos y seguimiento regular.;bajo;Seguimiento familia-centro;Registro breve de objetivo, avance y barrera semanal.;Coordinar apoyos.;bajo;semanal;media;El profesional debe adaptar la pauta a edad, contexto escolar, evaluación individual, familia, centro educativo y normativa aplicable. No sustituye diagnóstico ni dictamen oficial.
Adaptaciones educativas y coordinación;Necesidad de coordinación familia-centro;Falta de comunicación clara entre familia, escuela y profesional.;Infantil/Adolescente;bajo;PSP2_SRC006;Apoyos visuales;Uso de esquemas, pictogramas, mapas, colores, horarios o plantillas.;bajo;Horario visual diario;Representar actividades del día con texto, pictos o colores.;Aumentar anticipación.;bajo;diario;alta;El profesional debe adaptar la pauta a edad, contexto escolar, evaluación individual, familia, centro educativo y normativa aplicable. No sustituye diagnóstico ni dictamen oficial.
Adaptaciones educativas y coordinación;Necesidad de coordinación familia-centro;Falta de comunicación clara entre familia, escuela y profesional.;Infantil/Adolescente;bajo;PSP2_SRC006;Monitorización y autoevaluación;Revisar proceso, resultado, errores y próximos pasos.;bajo;Registro de distractores;Anotar cuándo se distrae, por qué y qué ayuda a volver.;Detectar patrones de atención.;bajo;7 días;media;El profesional debe adaptar la pauta a edad, contexto escolar, evaluación individual, familia, centro educativo y normativa aplicable. No sustituye diagnóstico ni dictamen oficial.
Adaptaciones educativas y coordinación;Necesidad de coordinación familia-centro;Falta de comunicación clara entre familia, escuela y profesional.;Infantil/Adolescente;bajo;PSP2_SRC006;Monitorización y autoevaluación;Revisar proceso, resultado, errores y próximos pasos.;bajo;Revisión COPS;Revisar mayúsculas, orden, puntuación y ortografía.;Mejorar revisión escrita.;bajo;cada texto;media;El profesional debe adaptar la pauta a edad, contexto escolar, evaluación individual, familia, centro educativo y normativa aplicable. No sustituye diagnóstico ni dictamen oficial.
Adaptaciones educativas y coordinación;Necesidad de coordinación familia-centro;Falta de comunicación clara entre familia, escuela y profesional.;Infantil/Adolescente;bajo;PSP2_SRC006;Monitorización y autoevaluación;Revisar proceso, resultado, errores y próximos pasos.;bajo;Autoevaluación con rúbrica simple;Revisar trabajo con 3-5 criterios visibles.;Mejorar monitorización.;bajo;cada entrega;media;El profesional debe adaptar la pauta a edad, contexto escolar, evaluación individual, familia, centro educativo y normativa aplicable. No sustituye diagnóstico ni dictamen oficial.
Adaptaciones educativas y coordinación;Necesidad de coordinación familia-centro;Falta de comunicación clara entre familia, escuela y profesional.;Infantil/Adolescente;bajo;PSP2_SRC006;Prevención de recaídas educativas;Señales de abandono, plan de mantenimiento y revisión periódica.;bajo;Compromiso mínimo viable;Definir versión mínima de tarea para días difíciles.;Evitar abandono.;bajo;diario;media;El profesional debe adaptar la pauta a edad, contexto escolar, evaluación individual, familia, centro educativo y normativa aplicable. No sustituye diagnóstico ni dictamen oficial.
Adaptaciones educativas y coordinación;Necesidad de coordinación familia-centro;Falta de comunicación clara entre familia, escuela y profesional.;Infantil/Adolescente;bajo;PSP2_SRC006;Prevención de recaídas educativas;Señales de abandono, plan de mantenimiento y revisión periódica.;bajo;Revisión mensual de avances;Comparar objetivo, datos, barreras y ajustes necesarios.;Mantener seguimiento.;bajo;mensual;media;El profesional debe adaptar la pauta a edad, contexto escolar, evaluación individual, familia, centro educativo y normativa aplicable. No sustituye diagnóstico ni dictamen oficial.
Adaptaciones educativas y coordinación;Seguimiento de ajustes educativos;Necesidad de revisar si las adaptaciones son útiles y sostenibles.;Infantil/Adolescente;bajo;"PSP2_SRC006;PSP2_SRC007";Diseño Universal para el Aprendizaje;Ofrecer múltiples formas de acceso, expresión y participación.;bajo;Diseño UDL de una tarea;Ofrecer alternativa de acceso, expresión o participación.;Aumentar inclusión.;bajo;por tarea;media;El profesional debe adaptar la pauta a edad, contexto escolar, evaluación individual, familia, centro educativo y normativa aplicable. No sustituye diagnóstico ni dictamen oficial.
Adaptaciones educativas y coordinación;Seguimiento de ajustes educativos;Necesidad de revisar si las adaptaciones son útiles y sostenibles.;Infantil/Adolescente;bajo;"PSP2_SRC006;PSP2_SRC007";Adaptación de evaluación;Ajustes de tiempo, formato, entorno, apoyo o vía de respuesta.;medio;Ficha de adaptación educativa;Describir necesidad, ajuste, responsable, duración y revisión.;Formalizar apoyos.;medio;por trimestre;alta;El profesional debe adaptar la pauta a edad, contexto escolar, evaluación individual, familia, centro educativo y normativa aplicable. No sustituye diagnóstico ni dictamen oficial.
Adaptaciones educativas y coordinación;Seguimiento de ajustes educativos;Necesidad de revisar si las adaptaciones son útiles y sostenibles.;Infantil/Adolescente;bajo;"PSP2_SRC006;PSP2_SRC007";Coordinación familia-centro;Acuerdos breves, objetivos compartidos y seguimiento regular.;bajo;Seguimiento familia-centro;Registro breve de objetivo, avance y barrera semanal.;Coordinar apoyos.;bajo;semanal;media;El profesional debe adaptar la pauta a edad, contexto escolar, evaluación individual, familia, centro educativo y normativa aplicable. No sustituye diagnóstico ni dictamen oficial.
Adaptaciones educativas y coordinación;Seguimiento de ajustes educativos;Necesidad de revisar si las adaptaciones son útiles y sostenibles.;Infantil/Adolescente;bajo;"PSP2_SRC006;PSP2_SRC007";Apoyos visuales;Uso de esquemas, pictogramas, mapas, colores, horarios o plantillas.;bajo;Horario visual diario;Representar actividades del día con texto, pictos o colores.;Aumentar anticipación.;bajo;diario;alta;El profesional debe adaptar la pauta a edad, contexto escolar, evaluación individual, familia, centro educativo y normativa aplicable. No sustituye diagnóstico ni dictamen oficial.
Adaptaciones educativas y coordinación;Seguimiento de ajustes educativos;Necesidad de revisar si las adaptaciones son útiles y sostenibles.;Infantil/Adolescente;bajo;"PSP2_SRC006;PSP2_SRC007";Monitorización y autoevaluación;Revisar proceso, resultado, errores y próximos pasos.;bajo;Registro de distractores;Anotar cuándo se distrae, por qué y qué ayuda a volver.;Detectar patrones de atención.;bajo;7 días;media;El profesional debe adaptar la pauta a edad, contexto escolar, evaluación individual, familia, centro educativo y normativa aplicable. No sustituye diagnóstico ni dictamen oficial.
Adaptaciones educativas y coordinación;Seguimiento de ajustes educativos;Necesidad de revisar si las adaptaciones son útiles y sostenibles.;Infantil/Adolescente;bajo;"PSP2_SRC006;PSP2_SRC007";Monitorización y autoevaluación;Revisar proceso, resultado, errores y próximos pasos.;bajo;Revisión COPS;Revisar mayúsculas, orden, puntuación y ortografía.;Mejorar revisión escrita.;bajo;cada texto;media;El profesional debe adaptar la pauta a edad, contexto escolar, evaluación individual, familia, centro educativo y normativa aplicable. No sustituye diagnóstico ni dictamen oficial.
Adaptaciones educativas y coordinación;Seguimiento de ajustes educativos;Necesidad de revisar si las adaptaciones son útiles y sostenibles.;Infantil/Adolescente;bajo;"PSP2_SRC006;PSP2_SRC007";Monitorización y autoevaluación;Revisar proceso, resultado, errores y próximos pasos.;bajo;Autoevaluación con rúbrica simple;Revisar trabajo con 3-5 criterios visibles.;Mejorar monitorización.;bajo;cada entrega;media;El profesional debe adaptar la pauta a edad, contexto escolar, evaluación individual, familia, centro educativo y normativa aplicable. No sustituye diagnóstico ni dictamen oficial.
Adaptaciones educativas y coordinación;Seguimiento de ajustes educativos;Necesidad de revisar si las adaptaciones son útiles y sostenibles.;Infantil/Adolescente;bajo;"PSP2_SRC006;PSP2_SRC007";Prevención de recaídas educativas;Señales de abandono, plan de mantenimiento y revisión periódica.;bajo;Compromiso mínimo viable;Definir versión mínima de tarea para días difíciles.;Evitar abandono.;bajo;diario;media;El profesional debe adaptar la pauta a edad, contexto escolar, evaluación individual, familia, centro educativo y normativa aplicable. No sustituye diagnóstico ni dictamen oficial.
Adaptaciones educativas y coordinación;Seguimiento de ajustes educativos;Necesidad de revisar si las adaptaciones son útiles y sostenibles.;Infantil/Adolescente;bajo;"PSP2_SRC006;PSP2_SRC007";Prevención de recaídas educativas;Señales de abandono, plan de mantenimiento y revisión periódica.;bajo;Revisión mensual de avances;Comparar objetivo, datos, barreras y ajustes necesarios.;Mantener seguimiento.;bajo;mensual;media;El profesional debe adaptar la pauta a edad, contexto escolar, evaluación individual, familia, centro educativo y normativa aplicable. No sustituye diagnóstico ni dictamen oficial.
Conducta y convivencia;Conducta disruptiva leve en aula;Interrupciones, llamadas de atención o incumplimiento de normas sin alto riesgo.;Infantil/Adolescente;medio;"PSP2_SRC005;PSP2_SRC006";Refuerzo positivo específico;Reforzar conducta concreta, esfuerzo y estrategia usada.;bajo;Juego de espera de turno;Practicar esperar turno en juego breve con refuerzo inmediato.;Reducir impulsividad.;bajo;2-3 veces/semana;media;El profesional debe adaptar la pauta a edad, contexto escolar, evaluación individual, familia, centro educativo y normativa aplicable. No sustituye diagnóstico ni dictamen oficial.
Conducta y convivencia;Conducta disruptiva leve en aula;Interrupciones, llamadas de atención o incumplimiento de normas sin alto riesgo.;Infantil/Adolescente;medio;"PSP2_SRC005;PSP2_SRC006";Refuerzo positivo específico;Reforzar conducta concreta, esfuerzo y estrategia usada.;bajo;Registro de autoeficacia;Anotar esfuerzo, estrategia usada y avance pequeño.;Mejorar autoconcepto académico.;bajo;semanal;media;El profesional debe adaptar la pauta a edad, contexto escolar, evaluación individual, familia, centro educativo y normativa aplicable. No sustituye diagnóstico ni dictamen oficial.
Conducta y convivencia;Conducta disruptiva leve en aula;Interrupciones, llamadas de atención o incumplimiento de normas sin alto riesgo.;Infantil/Adolescente;medio;"PSP2_SRC005;PSP2_SRC006";Refuerzo positivo específico;Reforzar conducta concreta, esfuerzo y estrategia usada.;bajo;Menú de recompensas educativas;Crear lista de reforzadores no excesivos y acordados.;Mejorar motivación.;bajo;semanal;media;El profesional debe adaptar la pauta a edad, contexto escolar, evaluación individual, familia, centro educativo y normativa aplicable. No sustituye diagnóstico ni dictamen oficial.
Conducta y convivencia;Conducta disruptiva leve en aula;Interrupciones, llamadas de atención o incumplimiento de normas sin alto riesgo.;Infantil/Adolescente;medio;"PSP2_SRC005;PSP2_SRC006";Economía de fichas / contrato conductual;Sistema estructurado de puntos/acuerdos y recompensas proporcionales.;medio;Contrato de esfuerzo semanal;Acuerdo breve de conducta/objetivo con refuerzo específico.;Aumentar adherencia y motivación.;medio;semanal;media;El profesional debe adaptar la pauta a edad, contexto escolar, evaluación individual, familia, centro educativo y normativa aplicable. No sustituye diagnóstico ni dictamen oficial.
Conducta y convivencia;Conducta disruptiva leve en aula;Interrupciones, llamadas de atención o incumplimiento de normas sin alto riesgo.;Infantil/Adolescente;medio;"PSP2_SRC005;PSP2_SRC006";Economía de fichas / contrato conductual;Sistema estructurado de puntos/acuerdos y recompensas proporcionales.;medio;Norma visual y consecuencia lógica;Definir norma observable, recordatorio visual y consecuencia proporcionada.;Mejorar conducta en aula.;medio;semanal;media;El profesional debe adaptar la pauta a edad, contexto escolar, evaluación individual, familia, centro educativo y normativa aplicable. No sustituye diagnóstico ni dictamen oficial.
Conducta y convivencia;Conducta disruptiva leve en aula;Interrupciones, llamadas de atención o incumplimiento de normas sin alto riesgo.;Infantil/Adolescente;medio;"PSP2_SRC005;PSP2_SRC006";Autoinstrucciones;Enseñar diálogo interno: paro, miro, pienso, hago, reviso.;bajo;Tarjeta de autoinstrucciones;Crear tarjeta: paro, leo, subrayo, hago, reviso.;Mejorar control ejecutivo.;bajo;diario;media;El profesional debe adaptar la pauta a edad, contexto escolar, evaluación individual, familia, centro educativo y normativa aplicable. No sustituye diagnóstico ni dictamen oficial.
Conducta y convivencia;Conducta disruptiva leve en aula;Interrupciones, llamadas de atención o incumplimiento de normas sin alto riesgo.;Infantil/Adolescente;medio;"PSP2_SRC005;PSP2_SRC006";Técnicas de regulación emocional;Respiración, pausa, escala de emoción y plan de afrontamiento.;medio;Tarjeta de afrontamiento de examen;Frases útiles, respiración y pasos si aparece bloqueo.;Manejar ansiedad académica.;bajo;antes de examen;media;El profesional debe adaptar la pauta a edad, contexto escolar, evaluación individual, familia, centro educativo y normativa aplicable. No sustituye diagnóstico ni dictamen oficial.
Conducta y convivencia;Conducta disruptiva leve en aula;Interrupciones, llamadas de atención o incumplimiento de normas sin alto riesgo.;Infantil/Adolescente;medio;"PSP2_SRC005;PSP2_SRC006";Resolución de conflictos;Identificar problema, emociones, opciones, acuerdo y reparación.;bajo;Guion de reparación de conflicto;Qué pasó, cómo se sintió cada uno, qué puedo reparar.;Mejorar convivencia.;bajo;tras conflicto;media;El profesional debe adaptar la pauta a edad, contexto escolar, evaluación individual, familia, centro educativo y normativa aplicable. No sustituye diagnóstico ni dictamen oficial.
Conducta y convivencia;Conducta disruptiva leve en aula;Interrupciones, llamadas de atención o incumplimiento de normas sin alto riesgo.;Infantil/Adolescente;medio;"PSP2_SRC005;PSP2_SRC006";Entrenamiento en habilidades cooperativas;Roles, turnos, escucha, ayuda y responsabilidad grupal.;bajo;Roles cooperativos visibles;Asignar rol, tarea y criterio de éxito en trabajo grupal.;Mejorar cooperación.;bajo;cada grupo;media;El profesional debe adaptar la pauta a edad, contexto escolar, evaluación individual, familia, centro educativo y normativa aplicable. No sustituye diagnóstico ni dictamen oficial.
Conducta y convivencia;Conducta disruptiva leve en aula;Interrupciones, llamadas de atención o incumplimiento de normas sin alto riesgo.;Infantil/Adolescente;medio;"PSP2_SRC005;PSP2_SRC006";Coordinación familia-centro;Acuerdos breves, objetivos compartidos y seguimiento regular.;bajo;Seguimiento familia-centro;Registro breve de objetivo, avance y barrera semanal.;Coordinar apoyos.;bajo;semanal;media;El profesional debe adaptar la pauta a edad, contexto escolar, evaluación individual, familia, centro educativo y normativa aplicable. No sustituye diagnóstico ni dictamen oficial.
Conducta y convivencia;Dificultad para seguir normas;Problemas para comprender, recordar o aceptar normas del aula.;Infantil/Adolescente;bajo;PSP2_SRC006;Refuerzo positivo específico;Reforzar conducta concreta, esfuerzo y estrategia usada.;bajo;Juego de espera de turno;Practicar esperar turno en juego breve con refuerzo inmediato.;Reducir impulsividad.;bajo;2-3 veces/semana;media;El profesional debe adaptar la pauta a edad, contexto escolar, evaluación individual, familia, centro educativo y normativa aplicable. No sustituye diagnóstico ni dictamen oficial.
Conducta y convivencia;Dificultad para seguir normas;Problemas para comprender, recordar o aceptar normas del aula.;Infantil/Adolescente;bajo;PSP2_SRC006;Refuerzo positivo específico;Reforzar conducta concreta, esfuerzo y estrategia usada.;bajo;Registro de autoeficacia;Anotar esfuerzo, estrategia usada y avance pequeño.;Mejorar autoconcepto académico.;bajo;semanal;media;El profesional debe adaptar la pauta a edad, contexto escolar, evaluación individual, familia, centro educativo y normativa aplicable. No sustituye diagnóstico ni dictamen oficial.
Conducta y convivencia;Dificultad para seguir normas;Problemas para comprender, recordar o aceptar normas del aula.;Infantil/Adolescente;bajo;PSP2_SRC006;Refuerzo positivo específico;Reforzar conducta concreta, esfuerzo y estrategia usada.;bajo;Menú de recompensas educativas;Crear lista de reforzadores no excesivos y acordados.;Mejorar motivación.;bajo;semanal;media;El profesional debe adaptar la pauta a edad, contexto escolar, evaluación individual, familia, centro educativo y normativa aplicable. No sustituye diagnóstico ni dictamen oficial.
Conducta y convivencia;Dificultad para seguir normas;Problemas para comprender, recordar o aceptar normas del aula.;Infantil/Adolescente;bajo;PSP2_SRC006;Economía de fichas / contrato conductual;Sistema estructurado de puntos/acuerdos y recompensas proporcionales.;medio;Contrato de esfuerzo semanal;Acuerdo breve de conducta/objetivo con refuerzo específico.;Aumentar adherencia y motivación.;medio;semanal;media;El profesional debe adaptar la pauta a edad, contexto escolar, evaluación individual, familia, centro educativo y normativa aplicable. No sustituye diagnóstico ni dictamen oficial.
Conducta y convivencia;Dificultad para seguir normas;Problemas para comprender, recordar o aceptar normas del aula.;Infantil/Adolescente;bajo;PSP2_SRC006;Economía de fichas / contrato conductual;Sistema estructurado de puntos/acuerdos y recompensas proporcionales.;medio;Norma visual y consecuencia lógica;Definir norma observable, recordatorio visual y consecuencia proporcionada.;Mejorar conducta en aula.;medio;semanal;media;El profesional debe adaptar la pauta a edad, contexto escolar, evaluación individual, familia, centro educativo y normativa aplicable. No sustituye diagnóstico ni dictamen oficial.
Conducta y convivencia;Dificultad para seguir normas;Problemas para comprender, recordar o aceptar normas del aula.;Infantil/Adolescente;bajo;PSP2_SRC006;Autoinstrucciones;Enseñar diálogo interno: paro, miro, pienso, hago, reviso.;bajo;Tarjeta de autoinstrucciones;Crear tarjeta: paro, leo, subrayo, hago, reviso.;Mejorar control ejecutivo.;bajo;diario;media;El profesional debe adaptar la pauta a edad, contexto escolar, evaluación individual, familia, centro educativo y normativa aplicable. No sustituye diagnóstico ni dictamen oficial.
Conducta y convivencia;Dificultad para seguir normas;Problemas para comprender, recordar o aceptar normas del aula.;Infantil/Adolescente;bajo;PSP2_SRC006;Técnicas de regulación emocional;Respiración, pausa, escala de emoción y plan de afrontamiento.;medio;Tarjeta de afrontamiento de examen;Frases útiles, respiración y pasos si aparece bloqueo.;Manejar ansiedad académica.;bajo;antes de examen;media;El profesional debe adaptar la pauta a edad, contexto escolar, evaluación individual, familia, centro educativo y normativa aplicable. No sustituye diagnóstico ni dictamen oficial.
Conducta y convivencia;Dificultad para seguir normas;Problemas para comprender, recordar o aceptar normas del aula.;Infantil/Adolescente;bajo;PSP2_SRC006;Resolución de conflictos;Identificar problema, emociones, opciones, acuerdo y reparación.;bajo;Guion de reparación de conflicto;Qué pasó, cómo se sintió cada uno, qué puedo reparar.;Mejorar convivencia.;bajo;tras conflicto;media;El profesional debe adaptar la pauta a edad, contexto escolar, evaluación individual, familia, centro educativo y normativa aplicable. No sustituye diagnóstico ni dictamen oficial.
Conducta y convivencia;Dificultad para seguir normas;Problemas para comprender, recordar o aceptar normas del aula.;Infantil/Adolescente;bajo;PSP2_SRC006;Entrenamiento en habilidades cooperativas;Roles, turnos, escucha, ayuda y responsabilidad grupal.;bajo;Roles cooperativos visibles;Asignar rol, tarea y criterio de éxito en trabajo grupal.;Mejorar cooperación.;bajo;cada grupo;media;El profesional debe adaptar la pauta a edad, contexto escolar, evaluación individual, familia, centro educativo y normativa aplicable. No sustituye diagnóstico ni dictamen oficial.
Conducta y convivencia;Dificultad para seguir normas;Problemas para comprender, recordar o aceptar normas del aula.;Infantil/Adolescente;bajo;PSP2_SRC006;Coordinación familia-centro;Acuerdos breves, objetivos compartidos y seguimiento regular.;bajo;Seguimiento familia-centro;Registro breve de objetivo, avance y barrera semanal.;Coordinar apoyos.;bajo;semanal;media;El profesional debe adaptar la pauta a edad, contexto escolar, evaluación individual, familia, centro educativo y normativa aplicable. No sustituye diagnóstico ni dictamen oficial.
Conducta y convivencia;Conflictos con iguales;Dificultad para resolver conflictos o reparar interacciones.;Infantil/Adolescente;medio;PSP2_SRC006;Refuerzo positivo específico;Reforzar conducta concreta, esfuerzo y estrategia usada.;bajo;Juego de espera de turno;Practicar esperar turno en juego breve con refuerzo inmediato.;Reducir impulsividad.;bajo;2-3 veces/semana;media;El profesional debe adaptar la pauta a edad, contexto escolar, evaluación individual, familia, centro educativo y normativa aplicable. No sustituye diagnóstico ni dictamen oficial.
Conducta y convivencia;Conflictos con iguales;Dificultad para resolver conflictos o reparar interacciones.;Infantil/Adolescente;medio;PSP2_SRC006;Refuerzo positivo específico;Reforzar conducta concreta, esfuerzo y estrategia usada.;bajo;Registro de autoeficacia;Anotar esfuerzo, estrategia usada y avance pequeño.;Mejorar autoconcepto académico.;bajo;semanal;media;El profesional debe adaptar la pauta a edad, contexto escolar, evaluación individual, familia, centro educativo y normativa aplicable. No sustituye diagnóstico ni dictamen oficial.
Conducta y convivencia;Conflictos con iguales;Dificultad para resolver conflictos o reparar interacciones.;Infantil/Adolescente;medio;PSP2_SRC006;Refuerzo positivo específico;Reforzar conducta concreta, esfuerzo y estrategia usada.;bajo;Menú de recompensas educativas;Crear lista de reforzadores no excesivos y acordados.;Mejorar motivación.;bajo;semanal;media;El profesional debe adaptar la pauta a edad, contexto escolar, evaluación individual, familia, centro educativo y normativa aplicable. No sustituye diagnóstico ni dictamen oficial.
Conducta y convivencia;Conflictos con iguales;Dificultad para resolver conflictos o reparar interacciones.;Infantil/Adolescente;medio;PSP2_SRC006;Economía de fichas / contrato conductual;Sistema estructurado de puntos/acuerdos y recompensas proporcionales.;medio;Contrato de esfuerzo semanal;Acuerdo breve de conducta/objetivo con refuerzo específico.;Aumentar adherencia y motivación.;medio;semanal;media;El profesional debe adaptar la pauta a edad, contexto escolar, evaluación individual, familia, centro educativo y normativa aplicable. No sustituye diagnóstico ni dictamen oficial.
Conducta y convivencia;Conflictos con iguales;Dificultad para resolver conflictos o reparar interacciones.;Infantil/Adolescente;medio;PSP2_SRC006;Economía de fichas / contrato conductual;Sistema estructurado de puntos/acuerdos y recompensas proporcionales.;medio;Norma visual y consecuencia lógica;Definir norma observable, recordatorio visual y consecuencia proporcionada.;Mejorar conducta en aula.;medio;semanal;media;El profesional debe adaptar la pauta a edad, contexto escolar, evaluación individual, familia, centro educativo y normativa aplicable. No sustituye diagnóstico ni dictamen oficial.
Conducta y convivencia;Conflictos con iguales;Dificultad para resolver conflictos o reparar interacciones.;Infantil/Adolescente;medio;PSP2_SRC006;Autoinstrucciones;Enseñar diálogo interno: paro, miro, pienso, hago, reviso.;bajo;Tarjeta de autoinstrucciones;Crear tarjeta: paro, leo, subrayo, hago, reviso.;Mejorar control ejecutivo.;bajo;diario;media;El profesional debe adaptar la pauta a edad, contexto escolar, evaluación individual, familia, centro educativo y normativa aplicable. No sustituye diagnóstico ni dictamen oficial.
Conducta y convivencia;Conflictos con iguales;Dificultad para resolver conflictos o reparar interacciones.;Infantil/Adolescente;medio;PSP2_SRC006;Técnicas de regulación emocional;Respiración, pausa, escala de emoción y plan de afrontamiento.;medio;Tarjeta de afrontamiento de examen;Frases útiles, respiración y pasos si aparece bloqueo.;Manejar ansiedad académica.;bajo;antes de examen;media;El profesional debe adaptar la pauta a edad, contexto escolar, evaluación individual, familia, centro educativo y normativa aplicable. No sustituye diagnóstico ni dictamen oficial.
Conducta y convivencia;Conflictos con iguales;Dificultad para resolver conflictos o reparar interacciones.;Infantil/Adolescente;medio;PSP2_SRC006;Resolución de conflictos;Identificar problema, emociones, opciones, acuerdo y reparación.;bajo;Guion de reparación de conflicto;Qué pasó, cómo se sintió cada uno, qué puedo reparar.;Mejorar convivencia.;bajo;tras conflicto;media;El profesional debe adaptar la pauta a edad, contexto escolar, evaluación individual, familia, centro educativo y normativa aplicable. No sustituye diagnóstico ni dictamen oficial.
Conducta y convivencia;Conflictos con iguales;Dificultad para resolver conflictos o reparar interacciones.;Infantil/Adolescente;medio;PSP2_SRC006;Entrenamiento en habilidades cooperativas;Roles, turnos, escucha, ayuda y responsabilidad grupal.;bajo;Roles cooperativos visibles;Asignar rol, tarea y criterio de éxito en trabajo grupal.;Mejorar cooperación.;bajo;cada grupo;media;El profesional debe adaptar la pauta a edad, contexto escolar, evaluación individual, familia, centro educativo y normativa aplicable. No sustituye diagnóstico ni dictamen oficial.
Conducta y convivencia;Conflictos con iguales;Dificultad para resolver conflictos o reparar interacciones.;Infantil/Adolescente;medio;PSP2_SRC006;Coordinación familia-centro;Acuerdos breves, objetivos compartidos y seguimiento regular.;bajo;Seguimiento familia-centro;Registro breve de objetivo, avance y barrera semanal.;Coordinar apoyos.;bajo;semanal;media;El profesional debe adaptar la pauta a edad, contexto escolar, evaluación individual, familia, centro educativo y normativa aplicable. No sustituye diagnóstico ni dictamen oficial.
Conducta y convivencia;Baja participación cooperativa;Dificultad para trabajar en grupo, turnarse o asumir roles.;Infantil/Adolescente;bajo;"PSP2_SRC006;PSP2_SRC007";Refuerzo positivo específico;Reforzar conducta concreta, esfuerzo y estrategia usada.;bajo;Juego de espera de turno;Practicar esperar turno en juego breve con refuerzo inmediato.;Reducir impulsividad.;bajo;2-3 veces/semana;media;El profesional debe adaptar la pauta a edad, contexto escolar, evaluación individual, familia, centro educativo y normativa aplicable. No sustituye diagnóstico ni dictamen oficial.
Conducta y convivencia;Baja participación cooperativa;Dificultad para trabajar en grupo, turnarse o asumir roles.;Infantil/Adolescente;bajo;"PSP2_SRC006;PSP2_SRC007";Refuerzo positivo específico;Reforzar conducta concreta, esfuerzo y estrategia usada.;bajo;Registro de autoeficacia;Anotar esfuerzo, estrategia usada y avance pequeño.;Mejorar autoconcepto académico.;bajo;semanal;media;El profesional debe adaptar la pauta a edad, contexto escolar, evaluación individual, familia, centro educativo y normativa aplicable. No sustituye diagnóstico ni dictamen oficial.
Conducta y convivencia;Baja participación cooperativa;Dificultad para trabajar en grupo, turnarse o asumir roles.;Infantil/Adolescente;bajo;"PSP2_SRC006;PSP2_SRC007";Refuerzo positivo específico;Reforzar conducta concreta, esfuerzo y estrategia usada.;bajo;Menú de recompensas educativas;Crear lista de reforzadores no excesivos y acordados.;Mejorar motivación.;bajo;semanal;media;El profesional debe adaptar la pauta a edad, contexto escolar, evaluación individual, familia, centro educativo y normativa aplicable. No sustituye diagnóstico ni dictamen oficial.
Conducta y convivencia;Baja participación cooperativa;Dificultad para trabajar en grupo, turnarse o asumir roles.;Infantil/Adolescente;bajo;"PSP2_SRC006;PSP2_SRC007";Economía de fichas / contrato conductual;Sistema estructurado de puntos/acuerdos y recompensas proporcionales.;medio;Contrato de esfuerzo semanal;Acuerdo breve de conducta/objetivo con refuerzo específico.;Aumentar adherencia y motivación.;medio;semanal;media;El profesional debe adaptar la pauta a edad, contexto escolar, evaluación individual, familia, centro educativo y normativa aplicable. No sustituye diagnóstico ni dictamen oficial.
Conducta y convivencia;Baja participación cooperativa;Dificultad para trabajar en grupo, turnarse o asumir roles.;Infantil/Adolescente;bajo;"PSP2_SRC006;PSP2_SRC007";Economía de fichas / contrato conductual;Sistema estructurado de puntos/acuerdos y recompensas proporcionales.;medio;Norma visual y consecuencia lógica;Definir norma observable, recordatorio visual y consecuencia proporcionada.;Mejorar conducta en aula.;medio;semanal;media;El profesional debe adaptar la pauta a edad, contexto escolar, evaluación individual, familia, centro educativo y normativa aplicable. No sustituye diagnóstico ni dictamen oficial.
Conducta y convivencia;Baja participación cooperativa;Dificultad para trabajar en grupo, turnarse o asumir roles.;Infantil/Adolescente;bajo;"PSP2_SRC006;PSP2_SRC007";Autoinstrucciones;Enseñar diálogo interno: paro, miro, pienso, hago, reviso.;bajo;Tarjeta de autoinstrucciones;Crear tarjeta: paro, leo, subrayo, hago, reviso.;Mejorar control ejecutivo.;bajo;diario;media;El profesional debe adaptar la pauta a edad, contexto escolar, evaluación individual, familia, centro educativo y normativa aplicable. No sustituye diagnóstico ni dictamen oficial.
Conducta y convivencia;Baja participación cooperativa;Dificultad para trabajar en grupo, turnarse o asumir roles.;Infantil/Adolescente;bajo;"PSP2_SRC006;PSP2_SRC007";Técnicas de regulación emocional;Respiración, pausa, escala de emoción y plan de afrontamiento.;medio;Tarjeta de afrontamiento de examen;Frases útiles, respiración y pasos si aparece bloqueo.;Manejar ansiedad académica.;bajo;antes de examen;media;El profesional debe adaptar la pauta a edad, contexto escolar, evaluación individual, familia, centro educativo y normativa aplicable. No sustituye diagnóstico ni dictamen oficial.
Conducta y convivencia;Baja participación cooperativa;Dificultad para trabajar en grupo, turnarse o asumir roles.;Infantil/Adolescente;bajo;"PSP2_SRC006;PSP2_SRC007";Resolución de conflictos;Identificar problema, emociones, opciones, acuerdo y reparación.;bajo;Guion de reparación de conflicto;Qué pasó, cómo se sintió cada uno, qué puedo reparar.;Mejorar convivencia.;bajo;tras conflicto;media;El profesional debe adaptar la pauta a edad, contexto escolar, evaluación individual, familia, centro educativo y normativa aplicable. No sustituye diagnóstico ni dictamen oficial.
Conducta y convivencia;Baja participación cooperativa;Dificultad para trabajar en grupo, turnarse o asumir roles.;Infantil/Adolescente;bajo;"PSP2_SRC006;PSP2_SRC007";Entrenamiento en habilidades cooperativas;Roles, turnos, escucha, ayuda y responsabilidad grupal.;bajo;Roles cooperativos visibles;Asignar rol, tarea y criterio de éxito en trabajo grupal.;Mejorar cooperación.;bajo;cada grupo;media;El profesional debe adaptar la pauta a edad, contexto escolar, evaluación individual, familia, centro educativo y normativa aplicable. No sustituye diagnóstico ni dictamen oficial.
Conducta y convivencia;Baja participación cooperativa;Dificultad para trabajar en grupo, turnarse o asumir roles.;Infantil/Adolescente;bajo;"PSP2_SRC006;PSP2_SRC007";Coordinación familia-centro;Acuerdos breves, objetivos compartidos y seguimiento regular.;bajo;Seguimiento familia-centro;Registro breve de objetivo, avance y barrera semanal.;Coordinar apoyos.;bajo;semanal;media;El profesional debe adaptar la pauta a edad, contexto escolar, evaluación individual, familia, centro educativo y normativa aplicable. No sustituye diagnóstico ni dictamen oficial.
Motivación y adherencia escolar;Desmotivación escolar;Baja implicación, apatía o percepción de irrelevancia de las tareas.;Infantil/Adolescente;medio;PSP2_SRC006;Planificación por objetivos SMART;Objetivos específicos, medibles, alcanzables, relevantes y temporales.;bajo;Objetivo SMART semanal;Definir objetivo concreto, medible y revisable para la semana.;Mejorar planificación.;bajo;semanal;media;El profesional debe adaptar la pauta a edad, contexto escolar, evaluación individual, familia, centro educativo y normativa aplicable. No sustituye diagnóstico ni dictamen oficial.
Motivación y adherencia escolar;Desmotivación escolar;Baja implicación, apatía o percepción de irrelevancia de las tareas.;Infantil/Adolescente;medio;PSP2_SRC006;Planificación por objetivos SMART;Objetivos específicos, medibles, alcanzables, relevantes y temporales.;bajo;Reto graduado;Elegir tarea ligeramente difícil pero alcanzable.;Trabajar frustración y esfuerzo.;bajo;semanal;media;El profesional debe adaptar la pauta a edad, contexto escolar, evaluación individual, familia, centro educativo y normativa aplicable. No sustituye diagnóstico ni dictamen oficial.
Motivación y adherencia escolar;Desmotivación escolar;Baja implicación, apatía o percepción de irrelevancia de las tareas.;Infantil/Adolescente;medio;PSP2_SRC006;Planificación por objetivos SMART;Objetivos específicos, medibles, alcanzables, relevantes y temporales.;bajo;Planificar con cuatro casillas;Objetivo, materiales, pasos y revisión.;Mejorar planificación.;bajo;cada tarea larga;media;El profesional debe adaptar la pauta a edad, contexto escolar, evaluación individual, familia, centro educativo y normativa aplicable. No sustituye diagnóstico ni dictamen oficial.
Motivación y adherencia escolar;Desmotivación escolar;Baja implicación, apatía o percepción de irrelevancia de las tareas.;Infantil/Adolescente;medio;PSP2_SRC006;Refuerzo positivo específico;Reforzar conducta concreta, esfuerzo y estrategia usada.;bajo;Juego de espera de turno;Practicar esperar turno en juego breve con refuerzo inmediato.;Reducir impulsividad.;bajo;2-3 veces/semana;media;El profesional debe adaptar la pauta a edad, contexto escolar, evaluación individual, familia, centro educativo y normativa aplicable. No sustituye diagnóstico ni dictamen oficial.
Motivación y adherencia escolar;Desmotivación escolar;Baja implicación, apatía o percepción de irrelevancia de las tareas.;Infantil/Adolescente;medio;PSP2_SRC006;Refuerzo positivo específico;Reforzar conducta concreta, esfuerzo y estrategia usada.;bajo;Registro de autoeficacia;Anotar esfuerzo, estrategia usada y avance pequeño.;Mejorar autoconcepto académico.;bajo;semanal;media;El profesional debe adaptar la pauta a edad, contexto escolar, evaluación individual, familia, centro educativo y normativa aplicable. No sustituye diagnóstico ni dictamen oficial.
Motivación y adherencia escolar;Desmotivación escolar;Baja implicación, apatía o percepción de irrelevancia de las tareas.;Infantil/Adolescente;medio;PSP2_SRC006;Refuerzo positivo específico;Reforzar conducta concreta, esfuerzo y estrategia usada.;bajo;Menú de recompensas educativas;Crear lista de reforzadores no excesivos y acordados.;Mejorar motivación.;bajo;semanal;media;El profesional debe adaptar la pauta a edad, contexto escolar, evaluación individual, familia, centro educativo y normativa aplicable. No sustituye diagnóstico ni dictamen oficial.
Motivación y adherencia escolar;Desmotivación escolar;Baja implicación, apatía o percepción de irrelevancia de las tareas.;Infantil/Adolescente;medio;PSP2_SRC006;Temporizador visual / Pomodoro adaptado;Bloques de trabajo breves con pausa anticipada.;bajo;Pomodoro adaptado 10-5;Trabajar 10 minutos y descansar 5, ajustando según edad y tolerancia.;Sostener atención con descansos previstos.;bajo;diario;alta;El profesional debe adaptar la pauta a edad, contexto escolar, evaluación individual, familia, centro educativo y normativa aplicable. No sustituye diagnóstico ni dictamen oficial.
Motivación y adherencia escolar;Desmotivación escolar;Baja implicación, apatía o percepción de irrelevancia de las tareas.;Infantil/Adolescente;medio;PSP2_SRC006;Fragmentación de tareas;Dividir tareas largas en microtareas con inicio claro.;bajo;Primer paso visible;Escribir el primer paso mínimo de una tarea antes de empezar.;Reducir bloqueo de inicio.;bajo;cada tarea;media;El profesional debe adaptar la pauta a edad, contexto escolar, evaluación individual, familia, centro educativo y normativa aplicable. No sustituye diagnóstico ni dictamen oficial.
Motivación y adherencia escolar;Desmotivación escolar;Baja implicación, apatía o percepción de irrelevancia de las tareas.;Infantil/Adolescente;medio;PSP2_SRC006;Prevención de recaídas educativas;Señales de abandono, plan de mantenimiento y revisión periódica.;bajo;Compromiso mínimo viable;Definir versión mínima de tarea para días difíciles.;Evitar abandono.;bajo;diario;media;El profesional debe adaptar la pauta a edad, contexto escolar, evaluación individual, familia, centro educativo y normativa aplicable. No sustituye diagnóstico ni dictamen oficial.
Motivación y adherencia escolar;Desmotivación escolar;Baja implicación, apatía o percepción de irrelevancia de las tareas.;Infantil/Adolescente;medio;PSP2_SRC006;Prevención de recaídas educativas;Señales de abandono, plan de mantenimiento y revisión periódica.;bajo;Revisión mensual de avances;Comparar objetivo, datos, barreras y ajustes necesarios.;Mantener seguimiento.;bajo;mensual;media;El profesional debe adaptar la pauta a edad, contexto escolar, evaluación individual, familia, centro educativo y normativa aplicable. No sustituye diagnóstico ni dictamen oficial.
Motivación y adherencia escolar;Evitación de tareas difíciles;Evitar o abandonar tareas por frustración, miedo o baja autoeficacia.;Infantil/Adolescente;medio;"PSP2_SRC006;PSP2_SRC009";Planificación por objetivos SMART;Objetivos específicos, medibles, alcanzables, relevantes y temporales.;bajo;Objetivo SMART semanal;Definir objetivo concreto, medible y revisable para la semana.;Mejorar planificación.;bajo;semanal;media;El profesional debe adaptar la pauta a edad, contexto escolar, evaluación individual, familia, centro educativo y normativa aplicable. No sustituye diagnóstico ni dictamen oficial.
Motivación y adherencia escolar;Evitación de tareas difíciles;Evitar o abandonar tareas por frustración, miedo o baja autoeficacia.;Infantil/Adolescente;medio;"PSP2_SRC006;PSP2_SRC009";Planificación por objetivos SMART;Objetivos específicos, medibles, alcanzables, relevantes y temporales.;bajo;Reto graduado;Elegir tarea ligeramente difícil pero alcanzable.;Trabajar frustración y esfuerzo.;bajo;semanal;media;El profesional debe adaptar la pauta a edad, contexto escolar, evaluación individual, familia, centro educativo y normativa aplicable. No sustituye diagnóstico ni dictamen oficial.
Motivación y adherencia escolar;Evitación de tareas difíciles;Evitar o abandonar tareas por frustración, miedo o baja autoeficacia.;Infantil/Adolescente;medio;"PSP2_SRC006;PSP2_SRC009";Planificación por objetivos SMART;Objetivos específicos, medibles, alcanzables, relevantes y temporales.;bajo;Planificar con cuatro casillas;Objetivo, materiales, pasos y revisión.;Mejorar planificación.;bajo;cada tarea larga;media;El profesional debe adaptar la pauta a edad, contexto escolar, evaluación individual, familia, centro educativo y normativa aplicable. No sustituye diagnóstico ni dictamen oficial.
Motivación y adherencia escolar;Evitación de tareas difíciles;Evitar o abandonar tareas por frustración, miedo o baja autoeficacia.;Infantil/Adolescente;medio;"PSP2_SRC006;PSP2_SRC009";Refuerzo positivo específico;Reforzar conducta concreta, esfuerzo y estrategia usada.;bajo;Juego de espera de turno;Practicar esperar turno en juego breve con refuerzo inmediato.;Reducir impulsividad.;bajo;2-3 veces/semana;media;El profesional debe adaptar la pauta a edad, contexto escolar, evaluación individual, familia, centro educativo y normativa aplicable. No sustituye diagnóstico ni dictamen oficial.
Motivación y adherencia escolar;Evitación de tareas difíciles;Evitar o abandonar tareas por frustración, miedo o baja autoeficacia.;Infantil/Adolescente;medio;"PSP2_SRC006;PSP2_SRC009";Refuerzo positivo específico;Reforzar conducta concreta, esfuerzo y estrategia usada.;bajo;Registro de autoeficacia;Anotar esfuerzo, estrategia usada y avance pequeño.;Mejorar autoconcepto académico.;bajo;semanal;media;El profesional debe adaptar la pauta a edad, contexto escolar, evaluación individual, familia, centro educativo y normativa aplicable. No sustituye diagnóstico ni dictamen oficial.
Motivación y adherencia escolar;Evitación de tareas difíciles;Evitar o abandonar tareas por frustración, miedo o baja autoeficacia.;Infantil/Adolescente;medio;"PSP2_SRC006;PSP2_SRC009";Refuerzo positivo específico;Reforzar conducta concreta, esfuerzo y estrategia usada.;bajo;Menú de recompensas educativas;Crear lista de reforzadores no excesivos y acordados.;Mejorar motivación.;bajo;semanal;media;El profesional debe adaptar la pauta a edad, contexto escolar, evaluación individual, familia, centro educativo y normativa aplicable. No sustituye diagnóstico ni dictamen oficial.
Motivación y adherencia escolar;Evitación de tareas difíciles;Evitar o abandonar tareas por frustración, miedo o baja autoeficacia.;Infantil/Adolescente;medio;"PSP2_SRC006;PSP2_SRC009";Temporizador visual / Pomodoro adaptado;Bloques de trabajo breves con pausa anticipada.;bajo;Pomodoro adaptado 10-5;Trabajar 10 minutos y descansar 5, ajustando según edad y tolerancia.;Sostener atención con descansos previstos.;bajo;diario;alta;El profesional debe adaptar la pauta a edad, contexto escolar, evaluación individual, familia, centro educativo y normativa aplicable. No sustituye diagnóstico ni dictamen oficial.
Motivación y adherencia escolar;Evitación de tareas difíciles;Evitar o abandonar tareas por frustración, miedo o baja autoeficacia.;Infantil/Adolescente;medio;"PSP2_SRC006;PSP2_SRC009";Fragmentación de tareas;Dividir tareas largas en microtareas con inicio claro.;bajo;Primer paso visible;Escribir el primer paso mínimo de una tarea antes de empezar.;Reducir bloqueo de inicio.;bajo;cada tarea;media;El profesional debe adaptar la pauta a edad, contexto escolar, evaluación individual, familia, centro educativo y normativa aplicable. No sustituye diagnóstico ni dictamen oficial.
Motivación y adherencia escolar;Evitación de tareas difíciles;Evitar o abandonar tareas por frustración, miedo o baja autoeficacia.;Infantil/Adolescente;medio;"PSP2_SRC006;PSP2_SRC009";Prevención de recaídas educativas;Señales de abandono, plan de mantenimiento y revisión periódica.;bajo;Compromiso mínimo viable;Definir versión mínima de tarea para días difíciles.;Evitar abandono.;bajo;diario;media;El profesional debe adaptar la pauta a edad, contexto escolar, evaluación individual, familia, centro educativo y normativa aplicable. No sustituye diagnóstico ni dictamen oficial.
Motivación y adherencia escolar;Evitación de tareas difíciles;Evitar o abandonar tareas por frustración, miedo o baja autoeficacia.;Infantil/Adolescente;medio;"PSP2_SRC006;PSP2_SRC009";Prevención de recaídas educativas;Señales de abandono, plan de mantenimiento y revisión periódica.;bajo;Revisión mensual de avances;Comparar objetivo, datos, barreras y ajustes necesarios.;Mantener seguimiento.;bajo;mensual;media;El profesional debe adaptar la pauta a edad, contexto escolar, evaluación individual, familia, centro educativo y normativa aplicable. No sustituye diagnóstico ni dictamen oficial.
Motivación y adherencia escolar;Baja autonomía académica;Dependencia excesiva de adulto para iniciar, organizar o revisar tareas.;Infantil/Adolescente;bajo;PSP2_SRC006;Planificación por objetivos SMART;Objetivos específicos, medibles, alcanzables, relevantes y temporales.;bajo;Objetivo SMART semanal;Definir objetivo concreto, medible y revisable para la semana.;Mejorar planificación.;bajo;semanal;media;El profesional debe adaptar la pauta a edad, contexto escolar, evaluación individual, familia, centro educativo y normativa aplicable. No sustituye diagnóstico ni dictamen oficial.
Motivación y adherencia escolar;Baja autonomía académica;Dependencia excesiva de adulto para iniciar, organizar o revisar tareas.;Infantil/Adolescente;bajo;PSP2_SRC006;Planificación por objetivos SMART;Objetivos específicos, medibles, alcanzables, relevantes y temporales.;bajo;Reto graduado;Elegir tarea ligeramente difícil pero alcanzable.;Trabajar frustración y esfuerzo.;bajo;semanal;media;El profesional debe adaptar la pauta a edad, contexto escolar, evaluación individual, familia, centro educativo y normativa aplicable. No sustituye diagnóstico ni dictamen oficial.
Motivación y adherencia escolar;Baja autonomía académica;Dependencia excesiva de adulto para iniciar, organizar o revisar tareas.;Infantil/Adolescente;bajo;PSP2_SRC006;Planificación por objetivos SMART;Objetivos específicos, medibles, alcanzables, relevantes y temporales.;bajo;Planificar con cuatro casillas;Objetivo, materiales, pasos y revisión.;Mejorar planificación.;bajo;cada tarea larga;media;El profesional debe adaptar la pauta a edad, contexto escolar, evaluación individual, familia, centro educativo y normativa aplicable. No sustituye diagnóstico ni dictamen oficial.
Motivación y adherencia escolar;Baja autonomía académica;Dependencia excesiva de adulto para iniciar, organizar o revisar tareas.;Infantil/Adolescente;bajo;PSP2_SRC006;Refuerzo positivo específico;Reforzar conducta concreta, esfuerzo y estrategia usada.;bajo;Juego de espera de turno;Practicar esperar turno en juego breve con refuerzo inmediato.;Reducir impulsividad.;bajo;2-3 veces/semana;media;El profesional debe adaptar la pauta a edad, contexto escolar, evaluación individual, familia, centro educativo y normativa aplicable. No sustituye diagnóstico ni dictamen oficial.
Motivación y adherencia escolar;Baja autonomía académica;Dependencia excesiva de adulto para iniciar, organizar o revisar tareas.;Infantil/Adolescente;bajo;PSP2_SRC006;Refuerzo positivo específico;Reforzar conducta concreta, esfuerzo y estrategia usada.;bajo;Registro de autoeficacia;Anotar esfuerzo, estrategia usada y avance pequeño.;Mejorar autoconcepto académico.;bajo;semanal;media;El profesional debe adaptar la pauta a edad, contexto escolar, evaluación individual, familia, centro educativo y normativa aplicable. No sustituye diagnóstico ni dictamen oficial.
Motivación y adherencia escolar;Baja autonomía académica;Dependencia excesiva de adulto para iniciar, organizar o revisar tareas.;Infantil/Adolescente;bajo;PSP2_SRC006;Refuerzo positivo específico;Reforzar conducta concreta, esfuerzo y estrategia usada.;bajo;Menú de recompensas educativas;Crear lista de reforzadores no excesivos y acordados.;Mejorar motivación.;bajo;semanal;media;El profesional debe adaptar la pauta a edad, contexto escolar, evaluación individual, familia, centro educativo y normativa aplicable. No sustituye diagnóstico ni dictamen oficial.
Motivación y adherencia escolar;Baja autonomía académica;Dependencia excesiva de adulto para iniciar, organizar o revisar tareas.;Infantil/Adolescente;bajo;PSP2_SRC006;Temporizador visual / Pomodoro adaptado;Bloques de trabajo breves con pausa anticipada.;bajo;Pomodoro adaptado 10-5;Trabajar 10 minutos y descansar 5, ajustando según edad y tolerancia.;Sostener atención con descansos previstos.;bajo;diario;alta;El profesional debe adaptar la pauta a edad, contexto escolar, evaluación individual, familia, centro educativo y normativa aplicable. No sustituye diagnóstico ni dictamen oficial.
Motivación y adherencia escolar;Baja autonomía académica;Dependencia excesiva de adulto para iniciar, organizar o revisar tareas.;Infantil/Adolescente;bajo;PSP2_SRC006;Fragmentación de tareas;Dividir tareas largas en microtareas con inicio claro.;bajo;Primer paso visible;Escribir el primer paso mínimo de una tarea antes de empezar.;Reducir bloqueo de inicio.;bajo;cada tarea;media;El profesional debe adaptar la pauta a edad, contexto escolar, evaluación individual, familia, centro educativo y normativa aplicable. No sustituye diagnóstico ni dictamen oficial.
Motivación y adherencia escolar;Baja autonomía académica;Dependencia excesiva de adulto para iniciar, organizar o revisar tareas.;Infantil/Adolescente;bajo;PSP2_SRC006;Prevención de recaídas educativas;Señales de abandono, plan de mantenimiento y revisión periódica.;bajo;Compromiso mínimo viable;Definir versión mínima de tarea para días difíciles.;Evitar abandono.;bajo;diario;media;El profesional debe adaptar la pauta a edad, contexto escolar, evaluación individual, familia, centro educativo y normativa aplicable. No sustituye diagnóstico ni dictamen oficial.
Motivación y adherencia escolar;Baja autonomía académica;Dependencia excesiva de adulto para iniciar, organizar o revisar tareas.;Infantil/Adolescente;bajo;PSP2_SRC006;Prevención de recaídas educativas;Señales de abandono, plan de mantenimiento y revisión periódica.;bajo;Revisión mensual de avances;Comparar objetivo, datos, barreras y ajustes necesarios.;Mantener seguimiento.;bajo;mensual;media;El profesional debe adaptar la pauta a edad, contexto escolar, evaluación individual, familia, centro educativo y normativa aplicable. No sustituye diagnóstico ni dictamen oficial.
Motivación y adherencia escolar;Adherencia baja a pautas psicopedagógicas;Dificultad para mantener tareas, registros o estrategias entre sesiones.;Infantil/Adolescente;bajo;"PSP2_SRC006;PSP2_SRC009";Planificación por objetivos SMART;Objetivos específicos, medibles, alcanzables, relevantes y temporales.;bajo;Objetivo SMART semanal;Definir objetivo concreto, medible y revisable para la semana.;Mejorar planificación.;bajo;semanal;media;El profesional debe adaptar la pauta a edad, contexto escolar, evaluación individual, familia, centro educativo y normativa aplicable. No sustituye diagnóstico ni dictamen oficial.
Motivación y adherencia escolar;Adherencia baja a pautas psicopedagógicas;Dificultad para mantener tareas, registros o estrategias entre sesiones.;Infantil/Adolescente;bajo;"PSP2_SRC006;PSP2_SRC009";Planificación por objetivos SMART;Objetivos específicos, medibles, alcanzables, relevantes y temporales.;bajo;Reto graduado;Elegir tarea ligeramente difícil pero alcanzable.;Trabajar frustración y esfuerzo.;bajo;semanal;media;El profesional debe adaptar la pauta a edad, contexto escolar, evaluación individual, familia, centro educativo y normativa aplicable. No sustituye diagnóstico ni dictamen oficial.
Motivación y adherencia escolar;Adherencia baja a pautas psicopedagógicas;Dificultad para mantener tareas, registros o estrategias entre sesiones.;Infantil/Adolescente;bajo;"PSP2_SRC006;PSP2_SRC009";Planificación por objetivos SMART;Objetivos específicos, medibles, alcanzables, relevantes y temporales.;bajo;Planificar con cuatro casillas;Objetivo, materiales, pasos y revisión.;Mejorar planificación.;bajo;cada tarea larga;media;El profesional debe adaptar la pauta a edad, contexto escolar, evaluación individual, familia, centro educativo y normativa aplicable. No sustituye diagnóstico ni dictamen oficial.
Motivación y adherencia escolar;Adherencia baja a pautas psicopedagógicas;Dificultad para mantener tareas, registros o estrategias entre sesiones.;Infantil/Adolescente;bajo;"PSP2_SRC006;PSP2_SRC009";Refuerzo positivo específico;Reforzar conducta concreta, esfuerzo y estrategia usada.;bajo;Juego de espera de turno;Practicar esperar turno en juego breve con refuerzo inmediato.;Reducir impulsividad.;bajo;2-3 veces/semana;media;El profesional debe adaptar la pauta a edad, contexto escolar, evaluación individual, familia, centro educativo y normativa aplicable. No sustituye diagnóstico ni dictamen oficial.
Motivación y adherencia escolar;Adherencia baja a pautas psicopedagógicas;Dificultad para mantener tareas, registros o estrategias entre sesiones.;Infantil/Adolescente;bajo;"PSP2_SRC006;PSP2_SRC009";Refuerzo positivo específico;Reforzar conducta concreta, esfuerzo y estrategia usada.;bajo;Registro de autoeficacia;Anotar esfuerzo, estrategia usada y avance pequeño.;Mejorar autoconcepto académico.;bajo;semanal;media;El profesional debe adaptar la pauta a edad, contexto escolar, evaluación individual, familia, centro educativo y normativa aplicable. No sustituye diagnóstico ni dictamen oficial.
Motivación y adherencia escolar;Adherencia baja a pautas psicopedagógicas;Dificultad para mantener tareas, registros o estrategias entre sesiones.;Infantil/Adolescente;bajo;"PSP2_SRC006;PSP2_SRC009";Refuerzo positivo específico;Reforzar conducta concreta, esfuerzo y estrategia usada.;bajo;Menú de recompensas educativas;Crear lista de reforzadores no excesivos y acordados.;Mejorar motivación.;bajo;semanal;media;El profesional debe adaptar la pauta a edad, contexto escolar, evaluación individual, familia, centro educativo y normativa aplicable. No sustituye diagnóstico ni dictamen oficial.
Motivación y adherencia escolar;Adherencia baja a pautas psicopedagógicas;Dificultad para mantener tareas, registros o estrategias entre sesiones.;Infantil/Adolescente;bajo;"PSP2_SRC006;PSP2_SRC009";Temporizador visual / Pomodoro adaptado;Bloques de trabajo breves con pausa anticipada.;bajo;Pomodoro adaptado 10-5;Trabajar 10 minutos y descansar 5, ajustando según edad y tolerancia.;Sostener atención con descansos previstos.;bajo;diario;alta;El profesional debe adaptar la pauta a edad, contexto escolar, evaluación individual, familia, centro educativo y normativa aplicable. No sustituye diagnóstico ni dictamen oficial.
Motivación y adherencia escolar;Adherencia baja a pautas psicopedagógicas;Dificultad para mantener tareas, registros o estrategias entre sesiones.;Infantil/Adolescente;bajo;"PSP2_SRC006;PSP2_SRC009";Fragmentación de tareas;Dividir tareas largas en microtareas con inicio claro.;bajo;Primer paso visible;Escribir el primer paso mínimo de una tarea antes de empezar.;Reducir bloqueo de inicio.;bajo;cada tarea;media;El profesional debe adaptar la pauta a edad, contexto escolar, evaluación individual, familia, centro educativo y normativa aplicable. No sustituye diagnóstico ni dictamen oficial.
Motivación y adherencia escolar;Adherencia baja a pautas psicopedagógicas;Dificultad para mantener tareas, registros o estrategias entre sesiones.;Infantil/Adolescente;bajo;"PSP2_SRC006;PSP2_SRC009";Prevención de recaídas educativas;Señales de abandono, plan de mantenimiento y revisión periódica.;bajo;Compromiso mínimo viable;Definir versión mínima de tarea para días difíciles.;Evitar abandono.;bajo;diario;media;El profesional debe adaptar la pauta a edad, contexto escolar, evaluación individual, familia, centro educativo y normativa aplicable. No sustituye diagnóstico ni dictamen oficial.
Motivación y adherencia escolar;Adherencia baja a pautas psicopedagógicas;Dificultad para mantener tareas, registros o estrategias entre sesiones.;Infantil/Adolescente;bajo;"PSP2_SRC006;PSP2_SRC009";Prevención de recaídas educativas;Señales de abandono, plan de mantenimiento y revisión periódica.;bajo;Revisión mensual de avances;Comparar objetivo, datos, barreras y ajustes necesarios.;Mantener seguimiento.;bajo;mensual;media;El profesional debe adaptar la pauta a edad, contexto escolar, evaluación individual, familia, centro educativo y normativa aplicable. No sustituye diagnóstico ni dictamen oficial.
