recomendacion_id;problema_id;tecnica_id;tarea_id;prioridad;nota_profesional
PSP2_R0001;PSP2_P001;PSP2_T001;PSP2_TA023;media;El profesional debe adaptar la pauta a edad, contexto escolar, evaluación individual, familia, centro educativo y normativa aplicable. No sustituye diagnóstico ni dictamen oficial.
PSP2_R0002;PSP2_P001;PSP2_T002;PSP2_TA002;media;El profesional debe adaptar la pauta a edad, contexto escolar, evaluación individual, familia, centro educativo y normativa aplicable. No sustituye diagnóstico ni dictamen oficial.
PSP2_R0003;PSP2_P001;PSP2_T003;PSP2_TA001;alta;El profesional debe adaptar la pauta a edad, contexto escolar, evaluación individual, familia, centro educativo y normativa aplicable. No sustituye diagnóstico ni dictamen oficial.
PSP2_R0004;PSP2_P001;PSP2_T004;PSP2_TA003;alta;El profesional debe adaptar la pauta a edad, contexto escolar, evaluación individual, familia, centro educativo y normativa aplicable. No sustituye diagnóstico ni dictamen oficial.
PSP2_R0005;PSP2_P001;PSP2_T005;PSP2_TA004;media;El profesional debe adaptar la pauta a edad, contexto escolar, evaluación individual, familia, centro educativo y normativa aplicable. No sustituye diagnóstico ni dictamen oficial.
PSP2_R0006;PSP2_P001;PSP2_T006;PSP2_TA008;media;El profesional debe adaptar la pauta a edad, contexto escolar, evaluación individual, familia, centro educativo y normativa aplicable. No sustituye diagnóstico ni dictamen oficial.
PSP2_R0007;PSP2_P001;PSP2_T006;PSP2_TA048;media;El profesional debe adaptar la pauta a edad, contexto escolar, evaluación individual, familia, centro educativo y normativa aplicable. No sustituye diagnóstico ni dictamen oficial.
PSP2_R0008;PSP2_P001;PSP2_T006;PSP2_TA060;media;El profesional debe adaptar la pauta a edad, contexto escolar, evaluación individual, familia, centro educativo y normativa aplicable. No sustituye diagnóstico ni dictamen oficial.
PSP2_R0009;PSP2_P001;PSP2_T008;PSP2_TA006;media;El profesional debe adaptar la pauta a edad, contexto escolar, evaluación individual, familia, centro educativo y normativa aplicable. No sustituye diagnóstico ni dictamen oficial.
PSP2_R0010;PSP2_P001;PSP2_T029;PSP2_TA009;media;El profesional debe adaptar la pauta a edad, contexto escolar, evaluación individual, familia, centro educativo y normativa aplicable. No sustituye diagnóstico ni dictamen oficial.
PSP2_R0011;PSP2_P001;PSP2_T029;PSP2_TA040;alta;El profesional debe adaptar la pauta a edad, contexto escolar, evaluación individual, familia, centro educativo y normativa aplicable. No sustituye diagnóstico ni dictamen oficial.
PSP2_R0012;PSP2_P001;PSP2_T030;PSP2_TA010;media;El profesional debe adaptar la pauta a edad, contexto escolar, evaluación individual, familia, centro educativo y normativa aplicable. No sustituye diagnóstico ni dictamen oficial.
PSP2_R0013;PSP2_P001;PSP2_T030;PSP2_TA022;media;El profesional debe adaptar la pauta a edad, contexto escolar, evaluación individual, familia, centro educativo y normativa aplicable. No sustituye diagnóstico ni dictamen oficial.
PSP2_R0014;PSP2_P001;PSP2_T030;PSP2_TA041;media;El profesional debe adaptar la pauta a edad, contexto escolar, evaluación individual, familia, centro educativo y normativa aplicable. No sustituye diagnóstico ni dictamen oficial.
PSP2_R0015;PSP2_P001;PSP2_T031;PSP2_TA007;media;El profesional debe adaptar la pauta a edad, contexto escolar, evaluación individual, familia, centro educativo y normativa aplicable. No sustituye diagnóstico ni dictamen oficial.
PSP2_R0016;PSP2_P001;PSP2_T031;PSP2_TA038;media;El profesional debe adaptar la pauta a edad, contexto escolar, evaluación individual, familia, centro educativo y normativa aplicable. No sustituye diagnóstico ni dictamen oficial.
PSP2_R0020;PSP2_P002;PSP2_T001;PSP2_TA023;media;El profesional debe adaptar la pauta a edad, contexto escolar, evaluación individual, familia, centro educativo y normativa aplicable. No sustituye diagnóstico ni dictamen oficial.
PSP2_R0021;PSP2_P002;PSP2_T002;PSP2_TA002;media;El profesional debe adaptar la pauta a edad, contexto escolar, evaluación individual, familia, centro educativo y normativa aplicable. No sustituye diagnóstico ni dictamen oficial.
PSP2_R0022;PSP2_P002;PSP2_T003;PSP2_TA001;alta;El profesional debe adaptar la pauta a edad, contexto escolar, evaluación individual, familia, centro educativo y normativa aplicable. No sustituye diagnóstico ni dictamen oficial.
PSP2_R0023;PSP2_P002;PSP2_T004;PSP2_TA003;alta;El profesional debe adaptar la pauta a edad, contexto escolar, evaluación individual, familia, centro educativo y normativa aplicable. No sustituye diagnóstico ni dictamen oficial.
PSP2_R0024;PSP2_P002;PSP2_T005;PSP2_TA004;media;El profesional debe adaptar la pauta a edad, contexto escolar, evaluación individual, familia, centro educativo y normativa aplicable. No sustituye diagnóstico ni dictamen oficial.
PSP2_R0025;PSP2_P002;PSP2_T006;PSP2_TA008;media;El profesional debe adaptar la pauta a edad, contexto escolar, evaluación individual, familia, centro educativo y normativa aplicable. No sustituye diagnóstico ni dictamen oficial.
PSP2_R0026;PSP2_P002;PSP2_T006;PSP2_TA048;media;El profesional debe adaptar la pauta a edad, contexto escolar, evaluación individual, familia, centro educativo y normativa aplicable. No sustituye diagnóstico ni dictamen oficial.
PSP2_R0027;PSP2_P002;PSP2_T006;PSP2_TA060;media;El profesional debe adaptar la pauta a edad, contexto escolar, evaluación individual, familia, centro educativo y normativa aplicable. No sustituye diagnóstico ni dictamen oficial.
PSP2_R0028;PSP2_P002;PSP2_T008;PSP2_TA006;media;El profesional debe adaptar la pauta a edad, contexto escolar, evaluación individual, familia, centro educativo y normativa aplicable. No sustituye diagnóstico ni dictamen oficial.
PSP2_R0029;PSP2_P002;PSP2_T029;PSP2_TA009;media;El profesional debe adaptar la pauta a edad, contexto escolar, evaluación individual, familia, centro educativo y normativa aplicable. No sustituye diagnóstico ni dictamen oficial.
PSP2_R0030;PSP2_P002;PSP2_T029;PSP2_TA040;alta;El profesional debe adaptar la pauta a edad, contexto escolar, evaluación individual, familia, centro educativo y normativa aplicable. No sustituye diagnóstico ni dictamen oficial.
PSP2_R0031;PSP2_P002;PSP2_T030;PSP2_TA010;media;El profesional debe adaptar la pauta a edad, contexto escolar, evaluación individual, familia, centro educativo y normativa aplicable. No sustituye diagnóstico ni dictamen oficial.
PSP2_R0032;PSP2_P002;PSP2_T030;PSP2_TA022;media;El profesional debe adaptar la pauta a edad, contexto escolar, evaluación individual, familia, centro educativo y normativa aplicable. No sustituye diagnóstico ni dictamen oficial.
PSP2_R0033;PSP2_P002;PSP2_T030;PSP2_TA041;media;El profesional debe adaptar la pauta a edad, contexto escolar, evaluación individual, familia, centro educativo y normativa aplicable. No sustituye diagnóstico ni dictamen oficial.
PSP2_R0034;PSP2_P002;PSP2_T031;PSP2_TA007;media;El profesional debe adaptar la pauta a edad, contexto escolar, evaluación individual, familia, centro educativo y normativa aplicable. No sustituye diagnóstico ni dictamen oficial.
PSP2_R0035;PSP2_P002;PSP2_T031;PSP2_TA038;media;El profesional debe adaptar la pauta a edad, contexto escolar, evaluación individual, familia, centro educativo y normativa aplicable. No sustituye diagnóstico ni dictamen oficial.
PSP2_R0039;PSP2_P003;PSP2_T001;PSP2_TA023;media;El profesional debe adaptar la pauta a edad, contexto escolar, evaluación individual, familia, centro educativo y normativa aplicable. No sustituye diagnóstico ni dictamen oficial.
PSP2_R0040;PSP2_P003;PSP2_T002;PSP2_TA002;media;El profesional debe adaptar la pauta a edad, contexto escolar, evaluación individual, familia, centro educativo y normativa aplicable. No sustituye diagnóstico ni dictamen oficial.
PSP2_R0041;PSP2_P003;PSP2_T003;PSP2_TA001;alta;El profesional debe adaptar la pauta a edad, contexto escolar, evaluación individual, familia, centro educativo y normativa aplicable. No sustituye diagnóstico ni dictamen oficial.
PSP2_R0042;PSP2_P003;PSP2_T004;PSP2_TA003;alta;El profesional debe adaptar la pauta a edad, contexto escolar, evaluación individual, familia, centro educativo y normativa aplicable. No sustituye diagnóstico ni dictamen oficial.
PSP2_R0043;PSP2_P003;PSP2_T005;PSP2_TA004;media;El profesional debe adaptar la pauta a edad, contexto escolar, evaluación individual, familia, centro educativo y normativa aplicable. No sustituye diagnóstico ni dictamen oficial.
PSP2_R0044;PSP2_P003;PSP2_T006;PSP2_TA008;media;El profesional debe adaptar la pauta a edad, contexto escolar, evaluación individual, familia, centro educativo y normativa aplicable. No sustituye diagnóstico ni dictamen oficial.
PSP2_R0045;PSP2_P003;PSP2_T006;PSP2_TA048;media;El profesional debe adaptar la pauta a edad, contexto escolar, evaluación individual, familia, centro educativo y normativa aplicable. No sustituye diagnóstico ni dictamen oficial.
PSP2_R0046;PSP2_P003;PSP2_T006;PSP2_TA060;media;El profesional debe adaptar la pauta a edad, contexto escolar, evaluación individual, familia, centro educativo y normativa aplicable. No sustituye diagnóstico ni dictamen oficial.
PSP2_R0047;PSP2_P003;PSP2_T008;PSP2_TA006;media;El profesional debe adaptar la pauta a edad, contexto escolar, evaluación individual, familia, centro educativo y normativa aplicable. No sustituye diagnóstico ni dictamen oficial.
PSP2_R0048;PSP2_P003;PSP2_T029;PSP2_TA009;media;El profesional debe adaptar la pauta a edad, contexto escolar, evaluación individual, familia, centro educativo y normativa aplicable. No sustituye diagnóstico ni dictamen oficial.
PSP2_R0049;PSP2_P003;PSP2_T029;PSP2_TA040;alta;El profesional debe adaptar la pauta a edad, contexto escolar, evaluación individual, familia, centro educativo y normativa aplicable. No sustituye diagnóstico ni dictamen oficial.
PSP2_R0050;PSP2_P003;PSP2_T030;PSP2_TA010;media;El profesional debe adaptar la pauta a edad, contexto escolar, evaluación individual, familia, centro educativo y normativa aplicable. No sustituye diagnóstico ni dictamen oficial.
PSP2_R0051;PSP2_P003;PSP2_T030;PSP2_TA022;media;El profesional debe adaptar la pauta a edad, contexto escolar, evaluación individual, familia, centro educativo y normativa aplicable. No sustituye diagnóstico ni dictamen oficial.
PSP2_R0052;PSP2_P003;PSP2_T030;PSP2_TA041;media;El profesional debe adaptar la pauta a edad, contexto escolar, evaluación individual, familia, centro educativo y normativa aplicable. No sustituye diagnóstico ni dictamen oficial.
PSP2_R0053;PSP2_P003;PSP2_T031;PSP2_TA007;media;El profesional debe adaptar la pauta a edad, contexto escolar, evaluación individual, familia, centro educativo y normativa aplicable. No sustituye diagnóstico ni dictamen oficial.
PSP2_R0054;PSP2_P003;PSP2_T031;PSP2_TA038;media;El profesional debe adaptar la pauta a edad, contexto escolar, evaluación individual, familia, centro educativo y normativa aplicable. No sustituye diagnóstico ni dictamen oficial.
PSP2_R0058;PSP2_P004;PSP2_T001;PSP2_TA023;media;El profesional debe adaptar la pauta a edad, contexto escolar, evaluación individual, familia, centro educativo y normativa aplicable. No sustituye diagnóstico ni dictamen oficial.
PSP2_R0059;PSP2_P004;PSP2_T002;PSP2_TA002;media;El profesional debe adaptar la pauta a edad, contexto escolar, evaluación individual, familia, centro educativo y normativa aplicable. No sustituye diagnóstico ni dictamen oficial.
PSP2_R0060;PSP2_P004;PSP2_T003;PSP2_TA001;alta;El profesional debe adaptar la pauta a edad, contexto escolar, evaluación individual, familia, centro educativo y normativa aplicable. No sustituye diagnóstico ni dictamen oficial.
PSP2_R0061;PSP2_P004;PSP2_T004;PSP2_TA003;alta;El profesional debe adaptar la pauta a edad, contexto escolar, evaluación individual, familia, centro educativo y normativa aplicable. No sustituye diagnóstico ni dictamen oficial.
PSP2_R0062;PSP2_P004;PSP2_T005;PSP2_TA004;media;El profesional debe adaptar la pauta a edad, contexto escolar, evaluación individual, familia, centro educativo y normativa aplicable. No sustituye diagnóstico ni dictamen oficial.
PSP2_R0063;PSP2_P004;PSP2_T006;PSP2_TA008;media;El profesional debe adaptar la pauta a edad, contexto escolar, evaluación individual, familia, centro educativo y normativa aplicable. No sustituye diagnóstico ni dictamen oficial.
PSP2_R0064;PSP2_P004;PSP2_T006;PSP2_TA048;media;El profesional debe adaptar la pauta a edad, contexto escolar, evaluación individual, familia, centro educativo y normativa aplicable. No sustituye diagnóstico ni dictamen oficial.
PSP2_R0065;PSP2_P004;PSP2_T006;PSP2_TA060;media;El profesional debe adaptar la pauta a edad, contexto escolar, evaluación individual, familia, centro educativo y normativa aplicable. No sustituye diagnóstico ni dictamen oficial.
PSP2_R0066;PSP2_P004;PSP2_T008;PSP2_TA006;media;El profesional debe adaptar la pauta a edad, contexto escolar, evaluación individual, familia, centro educativo y normativa aplicable. No sustituye diagnóstico ni dictamen oficial.
PSP2_R0067;PSP2_P004;PSP2_T029;PSP2_TA009;media;El profesional debe adaptar la pauta a edad, contexto escolar, evaluación individual, familia, centro educativo y normativa aplicable. No sustituye diagnóstico ni dictamen oficial.
PSP2_R0068;PSP2_P004;PSP2_T029;PSP2_TA040;alta;El profesional debe adaptar la pauta a edad, contexto escolar, evaluación individual, familia, centro educativo y normativa aplicable. No sustituye diagnóstico ni dictamen oficial.
PSP2_R0069;PSP2_P004;PSP2_T030;PSP2_TA010;media;El profesional debe adaptar la pauta a edad, contexto escolar, evaluación individual, familia, centro educativo y normativa aplicable. No sustituye diagnóstico ni dictamen oficial.
PSP2_R0070;PSP2_P004;PSP2_T030;PSP2_TA022;media;El profesional debe adaptar la pauta a edad, contexto escolar, evaluación individual, familia, centro educativo y normativa aplicable. No sustituye diagnóstico ni dictamen oficial.
PSP2_R0071;PSP2_P004;PSP2_T030;PSP2_TA041;media;El profesional debe adaptar la pauta a edad, contexto escolar, evaluación individual, familia, centro educativo y normativa aplicable. No sustituye diagnóstico ni dictamen oficial.
PSP2_R0072;PSP2_P004;PSP2_T031;PSP2_TA007;media;El profesional debe adaptar la pauta a edad, contexto escolar, evaluación individual, familia, centro educativo y normativa aplicable. No sustituye diagnóstico ni dictamen oficial.
PSP2_R0073;PSP2_P004;PSP2_T031;PSP2_TA038;media;El profesional debe adaptar la pauta a edad, contexto escolar, evaluación individual, familia, centro educativo y normativa aplicable. No sustituye diagnóstico ni dictamen oficial.
PSP2_R0077;PSP2_P005;PSP2_T001;PSP2_TA023;media;El profesional debe adaptar la pauta a edad, contexto escolar, evaluación individual, familia, centro educativo y normativa aplicable. No sustituye diagnóstico ni dictamen oficial.
PSP2_R0078;PSP2_P005;PSP2_T002;PSP2_TA002;media;El profesional debe adaptar la pauta a edad, contexto escolar, evaluación individual, familia, centro educativo y normativa aplicable. No sustituye diagnóstico ni dictamen oficial.
PSP2_R0079;PSP2_P005;PSP2_T003;PSP2_TA001;alta;El profesional debe adaptar la pauta a edad, contexto escolar, evaluación individual, familia, centro educativo y normativa aplicable. No sustituye diagnóstico ni dictamen oficial.
PSP2_R0080;PSP2_P005;PSP2_T004;PSP2_TA003;alta;El profesional debe adaptar la pauta a edad, contexto escolar, evaluación individual, familia, centro educativo y normativa aplicable. No sustituye diagnóstico ni dictamen oficial.
PSP2_R0081;PSP2_P005;PSP2_T005;PSP2_TA004;media;El profesional debe adaptar la pauta a edad, contexto escolar, evaluación individual, familia, centro educativo y normativa aplicable. No sustituye diagnóstico ni dictamen oficial.
PSP2_R0082;PSP2_P005;PSP2_T006;PSP2_TA008;media;El profesional debe adaptar la pauta a edad, contexto escolar, evaluación individual, familia, centro educativo y normativa aplicable. No sustituye diagnóstico ni dictamen oficial.
PSP2_R0083;PSP2_P005;PSP2_T006;PSP2_TA048;media;El profesional debe adaptar la pauta a edad, contexto escolar, evaluación individual, familia, centro educativo y normativa aplicable. No sustituye diagnóstico ni dictamen oficial.
PSP2_R0084;PSP2_P005;PSP2_T006;PSP2_TA060;media;El profesional debe adaptar la pauta a edad, contexto escolar, evaluación individual, familia, centro educativo y normativa aplicable. No sustituye diagnóstico ni dictamen oficial.
PSP2_R0085;PSP2_P005;PSP2_T008;PSP2_TA006;media;El profesional debe adaptar la pauta a edad, contexto escolar, evaluación individual, familia, centro educativo y normativa aplicable. No sustituye diagnóstico ni dictamen oficial.
PSP2_R0086;PSP2_P005;PSP2_T029;PSP2_TA009;media;El profesional debe adaptar la pauta a edad, contexto escolar, evaluación individual, familia, centro educativo y normativa aplicable. No sustituye diagnóstico ni dictamen oficial.
PSP2_R0087;PSP2_P005;PSP2_T029;PSP2_TA040;alta;El profesional debe adaptar la pauta a edad, contexto escolar, evaluación individual, familia, centro educativo y normativa aplicable. No sustituye diagnóstico ni dictamen oficial.
PSP2_R0088;PSP2_P005;PSP2_T030;PSP2_TA010;media;El profesional debe adaptar la pauta a edad, contexto escolar, evaluación individual, familia, centro educativo y normativa aplicable. No sustituye diagnóstico ni dictamen oficial.
PSP2_R0089;PSP2_P005;PSP2_T030;PSP2_TA022;media;El profesional debe adaptar la pauta a edad, contexto escolar, evaluación individual, familia, centro educativo y normativa aplicable. No sustituye diagnóstico ni dictamen oficial.
PSP2_R0090;PSP2_P005;PSP2_T030;PSP2_TA041;media;El profesional debe adaptar la pauta a edad, contexto escolar, evaluación individual, familia, centro educativo y normativa aplicable. No sustituye diagnóstico ni dictamen oficial.
PSP2_R0091;PSP2_P005;PSP2_T031;PSP2_TA007;media;El profesional debe adaptar la pauta a edad, contexto escolar, evaluación individual, familia, centro educativo y normativa aplicable. No sustituye diagnóstico ni dictamen oficial.
PSP2_R0092;PSP2_P005;PSP2_T031;PSP2_TA038;media;El profesional debe adaptar la pauta a edad, contexto escolar, evaluación individual, familia, centro educativo y normativa aplicable. No sustituye diagnóstico ni dictamen oficial.
PSP2_R0096;PSP2_P006;PSP2_T001;PSP2_TA023;media;El profesional debe adaptar la pauta a edad, contexto escolar, evaluación individual, familia, centro educativo y normativa aplicable. No sustituye diagnóstico ni dictamen oficial.
PSP2_R0097;PSP2_P006;PSP2_T002;PSP2_TA002;media;El profesional debe adaptar la pauta a edad, contexto escolar, evaluación individual, familia, centro educativo y normativa aplicable. No sustituye diagnóstico ni dictamen oficial.
PSP2_R0098;PSP2_P006;PSP2_T003;PSP2_TA001;alta;El profesional debe adaptar la pauta a edad, contexto escolar, evaluación individual, familia, centro educativo y normativa aplicable. No sustituye diagnóstico ni dictamen oficial.
PSP2_R0099;PSP2_P006;PSP2_T004;PSP2_TA003;alta;El profesional debe adaptar la pauta a edad, contexto escolar, evaluación individual, familia, centro educativo y normativa aplicable. No sustituye diagnóstico ni dictamen oficial.
PSP2_R0100;PSP2_P006;PSP2_T005;PSP2_TA004;media;El profesional debe adaptar la pauta a edad, contexto escolar, evaluación individual, familia, centro educativo y normativa aplicable. No sustituye diagnóstico ni dictamen oficial.
PSP2_R0101;PSP2_P006;PSP2_T006;PSP2_TA008;media;El profesional debe adaptar la pauta a edad, contexto escolar, evaluación individual, familia, centro educativo y normativa aplicable. No sustituye diagnóstico ni dictamen oficial.
PSP2_R0102;PSP2_P006;PSP2_T006;PSP2_TA048;media;El profesional debe adaptar la pauta a edad, contexto escolar, evaluación individual, familia, centro educativo y normativa aplicable. No sustituye diagnóstico ni dictamen oficial.
PSP2_R0103;PSP2_P006;PSP2_T006;PSP2_TA060;media;El profesional debe adaptar la pauta a edad, contexto escolar, evaluación individual, familia, centro educativo y normativa aplicable. No sustituye diagnóstico ni dictamen oficial.
PSP2_R0104;PSP2_P006;PSP2_T008;PSP2_TA006;media;El profesional debe adaptar la pauta a edad, contexto escolar, evaluación individual, familia, centro educativo y normativa aplicable. No sustituye diagnóstico ni dictamen oficial.
PSP2_R0105;PSP2_P006;PSP2_T029;PSP2_TA009;media;El profesional debe adaptar la pauta a edad, contexto escolar, evaluación individual, familia, centro educativo y normativa aplicable. No sustituye diagnóstico ni dictamen oficial.
PSP2_R0106;PSP2_P006;PSP2_T029;PSP2_TA040;alta;El profesional debe adaptar la pauta a edad, contexto escolar, evaluación individual, familia, centro educativo y normativa aplicable. No sustituye diagnóstico ni dictamen oficial.
PSP2_R0107;PSP2_P006;PSP2_T030;PSP2_TA010;media;El profesional debe adaptar la pauta a edad, contexto escolar, evaluación individual, familia, centro educativo y normativa aplicable. No sustituye diagnóstico ni dictamen oficial.
PSP2_R0108;PSP2_P006;PSP2_T030;PSP2_TA022;media;El profesional debe adaptar la pauta a edad, contexto escolar, evaluación individual, familia, centro educativo y normativa aplicable. No sustituye diagnóstico ni dictamen oficial.
PSP2_R0109;PSP2_P006;PSP2_T030;PSP2_TA041;media;El profesional debe adaptar la pauta a edad, contexto escolar, evaluación individual, familia, centro educativo y normativa aplicable. No sustituye diagnóstico ni dictamen oficial.
PSP2_R0110;PSP2_P006;PSP2_T031;PSP2_TA007;media;El profesional debe adaptar la pauta a edad, contexto escolar, evaluación individual, familia, centro educativo y normativa aplicable. No sustituye diagnóstico ni dictamen oficial.
PSP2_R0111;PSP2_P006;PSP2_T031;PSP2_TA038;media;El profesional debe adaptar la pauta a edad, contexto escolar, evaluación individual, familia, centro educativo y normativa aplicable. No sustituye diagnóstico ni dictamen oficial.
PSP2_R0115;PSP2_P007;PSP2_T001;PSP2_TA023;media;El profesional debe adaptar la pauta a edad, contexto escolar, evaluación individual, familia, centro educativo y normativa aplicable. No sustituye diagnóstico ni dictamen oficial.
PSP2_R0116;PSP2_P007;PSP2_T002;PSP2_TA002;media;El profesional debe adaptar la pauta a edad, contexto escolar, evaluación individual, familia, centro educativo y normativa aplicable. No sustituye diagnóstico ni dictamen oficial.
PSP2_R0117;PSP2_P007;PSP2_T003;PSP2_TA001;alta;El profesional debe adaptar la pauta a edad, contexto escolar, evaluación individual, familia, centro educativo y normativa aplicable. No sustituye diagnóstico ni dictamen oficial.
PSP2_R0118;PSP2_P007;PSP2_T004;PSP2_TA003;alta;El profesional debe adaptar la pauta a edad, contexto escolar, evaluación individual, familia, centro educativo y normativa aplicable. No sustituye diagnóstico ni dictamen oficial.
PSP2_R0119;PSP2_P007;PSP2_T005;PSP2_TA004;media;El profesional debe adaptar la pauta a edad, contexto escolar, evaluación individual, familia, centro educativo y normativa aplicable. No sustituye diagnóstico ni dictamen oficial.
PSP2_R0120;PSP2_P007;PSP2_T006;PSP2_TA008;media;El profesional debe adaptar la pauta a edad, contexto escolar, evaluación individual, familia, centro educativo y normativa aplicable. No sustituye diagnóstico ni dictamen oficial.
PSP2_R0121;PSP2_P007;PSP2_T006;PSP2_TA048;media;El profesional debe adaptar la pauta a edad, contexto escolar, evaluación individual, familia, centro educativo y normativa aplicable. No sustituye diagnóstico ni dictamen oficial.
PSP2_R0122;PSP2_P007;PSP2_T006;PSP2_TA060;media;El profesional debe adaptar la pauta a edad, contexto escolar, evaluación individual, familia, centro educativo y normativa aplicable. No sustituye diagnóstico ni dictamen oficial.
PSP2_R0123;PSP2_P007;PSP2_T008;PSP2_TA006;media;El profesional debe adaptar la pauta a edad, contexto escolar, evaluación individual, familia, centro educativo y normativa aplicable. No sustituye diagnóstico ni dictamen oficial.
PSP2_R0124;PSP2_P007;PSP2_T029;PSP2_TA009;media;El profesional debe adaptar la pauta a edad, contexto escolar, evaluación individual, familia, centro educativo y normativa aplicable. No sustituye diagnóstico ni dictamen oficial.
PSP2_R0125;PSP2_P007;PSP2_T029;PSP2_TA040;alta;El profesional debe adaptar la pauta a edad, contexto escolar, evaluación individual, familia, centro educativo y normativa aplicable. No sustituye diagnóstico ni dictamen oficial.
PSP2_R0126;PSP2_P007;PSP2_T030;PSP2_TA010;media;El profesional debe adaptar la pauta a edad, contexto escolar, evaluación individual, familia, centro educativo y normativa aplicable. No sustituye diagnóstico ni dictamen oficial.
PSP2_R0127;PSP2_P007;PSP2_T030;PSP2_TA022;media;El profesional debe adaptar la pauta a edad, contexto escolar, evaluación individual, familia, centro educativo y normativa aplicable. No sustituye diagnóstico ni dictamen oficial.
PSP2_R0128;PSP2_P007;PSP2_T030;PSP2_TA041;media;El profesional debe adaptar la pauta a edad, contexto escolar, evaluación individual, familia, centro educativo y normativa aplicable. No sustituye diagnóstico ni dictamen oficial.
PSP2_R0129;PSP2_P007;PSP2_T031;PSP2_TA007;media;El profesional debe adaptar la pauta a edad, contexto escolar, evaluación individual, familia, centro educativo y normativa aplicable. No sustituye diagnóstico ni dictamen oficial.
PSP2_R0130;PSP2_P007;PSP2_T031;PSP2_TA038;media;El profesional debe adaptar la pauta a edad, contexto escolar, evaluación individual, familia, centro educativo y normativa aplicable. No sustituye diagnóstico ni dictamen oficial.
PSP2_R0134;PSP2_P008;PSP2_T001;PSP2_TA023;media;El profesional debe adaptar la pauta a edad, contexto escolar, evaluación individual, familia, centro educativo y normativa aplicable. No sustituye diagnóstico ni dictamen oficial.
PSP2_R0135;PSP2_P008;PSP2_T002;PSP2_TA002;media;El profesional debe adaptar la pauta a edad, contexto escolar, evaluación individual, familia, centro educativo y normativa aplicable. No sustituye diagnóstico ni dictamen oficial.
PSP2_R0136;PSP2_P008;PSP2_T003;PSP2_TA001;alta;El profesional debe adaptar la pauta a edad, contexto escolar, evaluación individual, familia, centro educativo y normativa aplicable. No sustituye diagnóstico ni dictamen oficial.
PSP2_R0137;PSP2_P008;PSP2_T004;PSP2_TA003;alta;El profesional debe adaptar la pauta a edad, contexto escolar, evaluación individual, familia, centro educativo y normativa aplicable. No sustituye diagnóstico ni dictamen oficial.
PSP2_R0138;PSP2_P008;PSP2_T005;PSP2_TA004;media;El profesional debe adaptar la pauta a edad, contexto escolar, evaluación individual, familia, centro educativo y normativa aplicable. No sustituye diagnóstico ni dictamen oficial.
PSP2_R0139;PSP2_P008;PSP2_T006;PSP2_TA008;media;El profesional debe adaptar la pauta a edad, contexto escolar, evaluación individual, familia, centro educativo y normativa aplicable. No sustituye diagnóstico ni dictamen oficial.
PSP2_R0140;PSP2_P008;PSP2_T006;PSP2_TA048;media;El profesional debe adaptar la pauta a edad, contexto escolar, evaluación individual, familia, centro educativo y normativa aplicable. No sustituye diagnóstico ni dictamen oficial.
PSP2_R0141;PSP2_P008;PSP2_T006;PSP2_TA060;media;El profesional debe adaptar la pauta a edad, contexto escolar, evaluación individual, familia, centro educativo y normativa aplicable. No sustituye diagnóstico ni dictamen oficial.
PSP2_R0142;PSP2_P008;PSP2_T008;PSP2_TA006;media;El profesional debe adaptar la pauta a edad, contexto escolar, evaluación individual, familia, centro educativo y normativa aplicable. No sustituye diagnóstico ni dictamen oficial.
PSP2_R0143;PSP2_P008;PSP2_T029;PSP2_TA009;media;El profesional debe adaptar la pauta a edad, contexto escolar, evaluación individual, familia, centro educativo y normativa aplicable. No sustituye diagnóstico ni dictamen oficial.
PSP2_R0144;PSP2_P008;PSP2_T029;PSP2_TA040;alta;El profesional debe adaptar la pauta a edad, contexto escolar, evaluación individual, familia, centro educativo y normativa aplicable. No sustituye diagnóstico ni dictamen oficial.
PSP2_R0145;PSP2_P008;PSP2_T030;PSP2_TA010;media;El profesional debe adaptar la pauta a edad, contexto escolar, evaluación individual, familia, centro educativo y normativa aplicable. No sustituye diagnóstico ni dictamen oficial.
PSP2_R0146;PSP2_P008;PSP2_T030;PSP2_TA022;media;El profesional debe adaptar la pauta a edad, contexto escolar, evaluación individual, familia, centro educativo y normativa aplicable. No sustituye diagnóstico ni dictamen oficial.
PSP2_R0147;PSP2_P008;PSP2_T030;PSP2_TA041;media;El profesional debe adaptar la pauta a edad, contexto escolar, evaluación individual, familia, centro educativo y normativa aplicable. No sustituye diagnóstico ni dictamen oficial.
PSP2_R0148;PSP2_P008;PSP2_T031;PSP2_TA007;media;El profesional debe adaptar la pauta a edad, contexto escolar, evaluación individual, familia, centro educativo y normativa aplicable. No sustituye diagnóstico ni dictamen oficial.
PSP2_R0149;PSP2_P008;PSP2_T031;PSP2_TA038;media;El profesional debe adaptar la pauta a edad, contexto escolar, evaluación individual, familia, centro educativo y normativa aplicable. No sustituye diagnóstico ni dictamen oficial.
PSP2_R0153;PSP2_P009;PSP2_T001;PSP2_TA023;media;El profesional debe adaptar la pauta a edad, contexto escolar, evaluación individual, familia, centro educativo y normativa aplicable. No sustituye diagnóstico ni dictamen oficial.
PSP2_R0154;PSP2_P009;PSP2_T011;PSP2_TA011;alta;El profesional debe adaptar la pauta a edad, contexto escolar, evaluación individual, familia, centro educativo y normativa aplicable. No sustituye diagnóstico ni dictamen oficial.
PSP2_R0155;PSP2_P009;PSP2_T012;PSP2_TA012;media;El profesional debe adaptar la pauta a edad, contexto escolar, evaluación individual, familia, centro educativo y normativa aplicable. No sustituye diagnóstico ni dictamen oficial.
PSP2_R0156;PSP2_P009;PSP2_T013;PSP2_TA014;media;El profesional debe adaptar la pauta a edad, contexto escolar, evaluación individual, familia, centro educativo y normativa aplicable. No sustituye diagnóstico ni dictamen oficial.
PSP2_R0157;PSP2_P009;PSP2_T014;PSP2_TA013;alta;El profesional debe adaptar la pauta a edad, contexto escolar, evaluación individual, familia, centro educativo y normativa aplicable. No sustituye diagnóstico ni dictamen oficial.
PSP2_R0158;PSP2_P009;PSP2_T014;PSP2_TA017;media;El profesional debe adaptar la pauta a edad, contexto escolar, evaluación individual, familia, centro educativo y normativa aplicable. No sustituye diagnóstico ni dictamen oficial.
PSP2_R0159;PSP2_P009;PSP2_T015;PSP2_TA015;media;El profesional debe adaptar la pauta a edad, contexto escolar, evaluación individual, familia, centro educativo y normativa aplicable. No sustituye diagnóstico ni dictamen oficial.
PSP2_R0160;PSP2_P009;PSP2_T032;PSP2_TA018;media;El profesional debe adaptar la pauta a edad, contexto escolar, evaluación individual, familia, centro educativo y normativa aplicable. No sustituye diagnóstico ni dictamen oficial.
PSP2_R0161;PSP2_P009;PSP2_T032;PSP2_TA021;media;El profesional debe adaptar la pauta a edad, contexto escolar, evaluación individual, familia, centro educativo y normativa aplicable. No sustituye diagnóstico ni dictamen oficial.
PSP2_R0162;PSP2_P009;PSP2_T032;PSP2_TA043;media;El profesional debe adaptar la pauta a edad, contexto escolar, evaluación individual, familia, centro educativo y normativa aplicable. No sustituye diagnóstico ni dictamen oficial.
PSP2_R0163;PSP2_P009;PSP2_T033;PSP2_TA045;media;El profesional debe adaptar la pauta a edad, contexto escolar, evaluación individual, familia, centro educativo y normativa aplicable. No sustituye diagnóstico ni dictamen oficial.
PSP2_R0164;PSP2_P009;PSP2_T041;PSP2_TA055;media;El profesional debe adaptar la pauta a edad, contexto escolar, evaluación individual, familia, centro educativo y normativa aplicable. No sustituye diagnóstico ni dictamen oficial.
PSP2_R0165;PSP2_P009;PSP2_T043;PSP2_TA054;media;El profesional debe adaptar la pauta a edad, contexto escolar, evaluación individual, familia, centro educativo y normativa aplicable. No sustituye diagnóstico ni dictamen oficial.
PSP2_R0166;PSP2_P010;PSP2_T001;PSP2_TA023;media;El profesional debe adaptar la pauta a edad, contexto escolar, evaluación individual, familia, centro educativo y normativa aplicable. No sustituye diagnóstico ni dictamen oficial.
PSP2_R0167;PSP2_P010;PSP2_T011;PSP2_TA011;alta;El profesional debe adaptar la pauta a edad, contexto escolar, evaluación individual, familia, centro educativo y normativa aplicable. No sustituye diagnóstico ni dictamen oficial.
PSP2_R0168;PSP2_P010;PSP2_T012;PSP2_TA012;media;El profesional debe adaptar la pauta a edad, contexto escolar, evaluación individual, familia, centro educativo y normativa aplicable. No sustituye diagnóstico ni dictamen oficial.
PSP2_R0169;PSP2_P010;PSP2_T013;PSP2_TA014;media;El profesional debe adaptar la pauta a edad, contexto escolar, evaluación individual, familia, centro educativo y normativa aplicable. No sustituye diagnóstico ni dictamen oficial.
PSP2_R0170;PSP2_P010;PSP2_T014;PSP2_TA013;alta;El profesional debe adaptar la pauta a edad, contexto escolar, evaluación individual, familia, centro educativo y normativa aplicable. No sustituye diagnóstico ni dictamen oficial.
PSP2_R0171;PSP2_P010;PSP2_T014;PSP2_TA017;media;El profesional debe adaptar la pauta a edad, contexto escolar, evaluación individual, familia, centro educativo y normativa aplicable. No sustituye diagnóstico ni dictamen oficial.
PSP2_R0172;PSP2_P010;PSP2_T015;PSP2_TA015;media;El profesional debe adaptar la pauta a edad, contexto escolar, evaluación individual, familia, centro educativo y normativa aplicable. No sustituye diagnóstico ni dictamen oficial.
PSP2_R0173;PSP2_P010;PSP2_T032;PSP2_TA018;media;El profesional debe adaptar la pauta a edad, contexto escolar, evaluación individual, familia, centro educativo y normativa aplicable. No sustituye diagnóstico ni dictamen oficial.
PSP2_R0174;PSP2_P010;PSP2_T032;PSP2_TA021;media;El profesional debe adaptar la pauta a edad, contexto escolar, evaluación individual, familia, centro educativo y normativa aplicable. No sustituye diagnóstico ni dictamen oficial.
PSP2_R0175;PSP2_P010;PSP2_T032;PSP2_TA043;media;El profesional debe adaptar la pauta a edad, contexto escolar, evaluación individual, familia, centro educativo y normativa aplicable. No sustituye diagnóstico ni dictamen oficial.
PSP2_R0176;PSP2_P010;PSP2_T033;PSP2_TA045;media;El profesional debe adaptar la pauta a edad, contexto escolar, evaluación individual, familia, centro educativo y normativa aplicable. No sustituye diagnóstico ni dictamen oficial.
PSP2_R0177;PSP2_P010;PSP2_T041;PSP2_TA055;media;El profesional debe adaptar la pauta a edad, contexto escolar, evaluación individual, familia, centro educativo y normativa aplicable. No sustituye diagnóstico ni dictamen oficial.
PSP2_R0178;PSP2_P010;PSP2_T043;PSP2_TA054;media;El profesional debe adaptar la pauta a edad, contexto escolar, evaluación individual, familia, centro educativo y normativa aplicable. No sustituye diagnóstico ni dictamen oficial.
PSP2_R0179;PSP2_P011;PSP2_T001;PSP2_TA023;media;El profesional debe adaptar la pauta a edad, contexto escolar, evaluación individual, familia, centro educativo y normativa aplicable. No sustituye diagnóstico ni dictamen oficial.
PSP2_R0180;PSP2_P011;PSP2_T011;PSP2_TA011;alta;El profesional debe adaptar la pauta a edad, contexto escolar, evaluación individual, familia, centro educativo y normativa aplicable. No sustituye diagnóstico ni dictamen oficial.
PSP2_R0181;PSP2_P011;PSP2_T012;PSP2_TA012;media;El profesional debe adaptar la pauta a edad, contexto escolar, evaluación individual, familia, centro educativo y normativa aplicable. No sustituye diagnóstico ni dictamen oficial.
PSP2_R0182;PSP2_P011;PSP2_T013;PSP2_TA014;media;El profesional debe adaptar la pauta a edad, contexto escolar, evaluación individual, familia, centro educativo y normativa aplicable. No sustituye diagnóstico ni dictamen oficial.
PSP2_R0183;PSP2_P011;PSP2_T014;PSP2_TA013;alta;El profesional debe adaptar la pauta a edad, contexto escolar, evaluación individual, familia, centro educativo y normativa aplicable. No sustituye diagnóstico ni dictamen oficial.
PSP2_R0184;PSP2_P011;PSP2_T014;PSP2_TA017;media;El profesional debe adaptar la pauta a edad, contexto escolar, evaluación individual, familia, centro educativo y normativa aplicable. No sustituye diagnóstico ni dictamen oficial.
PSP2_R0185;PSP2_P011;PSP2_T015;PSP2_TA015;media;El profesional debe adaptar la pauta a edad, contexto escolar, evaluación individual, familia, centro educativo y normativa aplicable. No sustituye diagnóstico ni dictamen oficial.
PSP2_R0186;PSP2_P011;PSP2_T032;PSP2_TA018;media;El profesional debe adaptar la pauta a edad, contexto escolar, evaluación individual, familia, centro educativo y normativa aplicable. No sustituye diagnóstico ni dictamen oficial.
PSP2_R0187;PSP2_P011;PSP2_T032;PSP2_TA021;media;El profesional debe adaptar la pauta a edad, contexto escolar, evaluación individual, familia, centro educativo y normativa aplicable. No sustituye diagnóstico ni dictamen oficial.
PSP2_R0188;PSP2_P011;PSP2_T032;PSP2_TA043;media;El profesional debe adaptar la pauta a edad, contexto escolar, evaluación individual, familia, centro educativo y normativa aplicable. No sustituye diagnóstico ni dictamen oficial.
PSP2_R0189;PSP2_P011;PSP2_T033;PSP2_TA045;media;El profesional debe adaptar la pauta a edad, contexto escolar, evaluación individual, familia, centro educativo y normativa aplicable. No sustituye diagnóstico ni dictamen oficial.
PSP2_R0190;PSP2_P011;PSP2_T041;PSP2_TA055;media;El profesional debe adaptar la pauta a edad, contexto escolar, evaluación individual, familia, centro educativo y normativa aplicable. No sustituye diagnóstico ni dictamen oficial.
PSP2_R0191;PSP2_P011;PSP2_T043;PSP2_TA054;media;El profesional debe adaptar la pauta a edad, contexto escolar, evaluación individual, familia, centro educativo y normativa aplicable. No sustituye diagnóstico ni dictamen oficial.
PSP2_R0192;PSP2_P012;PSP2_T001;PSP2_TA023;media;El profesional debe adaptar la pauta a edad, contexto escolar, evaluación individual, familia, centro educativo y normativa aplicable. No sustituye diagnóstico ni dictamen oficial.
PSP2_R0193;PSP2_P012;PSP2_T011;PSP2_TA011;alta;El profesional debe adaptar la pauta a edad, contexto escolar, evaluación individual, familia, centro educativo y normativa aplicable. No sustituye diagnóstico ni dictamen oficial.
PSP2_R0194;PSP2_P012;PSP2_T012;PSP2_TA012;media;El profesional debe adaptar la pauta a edad, contexto escolar, evaluación individual, familia, centro educativo y normativa aplicable. No sustituye diagnóstico ni dictamen oficial.
PSP2_R0195;PSP2_P012;PSP2_T013;PSP2_TA014;media;El profesional debe adaptar la pauta a edad, contexto escolar, evaluación individual, familia, centro educativo y normativa aplicable. No sustituye diagnóstico ni dictamen oficial.
PSP2_R0196;PSP2_P012;PSP2_T014;PSP2_TA013;alta;El profesional debe adaptar la pauta a edad, contexto escolar, evaluación individual, familia, centro educativo y normativa aplicable. No sustituye diagnóstico ni dictamen oficial.
PSP2_R0197;PSP2_P012;PSP2_T014;PSP2_TA017;media;El profesional debe adaptar la pauta a edad, contexto escolar, evaluación individual, familia, centro educativo y normativa aplicable. No sustituye diagnóstico ni dictamen oficial.
PSP2_R0198;PSP2_P012;PSP2_T015;PSP2_TA015;media;El profesional debe adaptar la pauta a edad, contexto escolar, evaluación individual, familia, centro educativo y normativa aplicable. No sustituye diagnóstico ni dictamen oficial.
PSP2_R0199;PSP2_P012;PSP2_T032;PSP2_TA018;media;El profesional debe adaptar la pauta a edad, contexto escolar, evaluación individual, familia, centro educativo y normativa aplicable. No sustituye diagnóstico ni dictamen oficial.
PSP2_R0200;PSP2_P012;PSP2_T032;PSP2_TA021;media;El profesional debe adaptar la pauta a edad, contexto escolar, evaluación individual, familia, centro educativo y normativa aplicable. No sustituye diagnóstico ni dictamen oficial.
PSP2_R0201;PSP2_P012;PSP2_T032;PSP2_TA043;media;El profesional debe adaptar la pauta a edad, contexto escolar, evaluación individual, familia, centro educativo y normativa aplicable. No sustituye diagnóstico ni dictamen oficial.
PSP2_R0202;PSP2_P012;PSP2_T033;PSP2_TA045;media;El profesional debe adaptar la pauta a edad, contexto escolar, evaluación individual, familia, centro educativo y normativa aplicable. No sustituye diagnóstico ni dictamen oficial.
PSP2_R0203;PSP2_P012;PSP2_T041;PSP2_TA055;media;El profesional debe adaptar la pauta a edad, contexto escolar, evaluación individual, familia, centro educativo y normativa aplicable. No sustituye diagnóstico ni dictamen oficial.
PSP2_R0204;PSP2_P012;PSP2_T043;PSP2_TA054;media;El profesional debe adaptar la pauta a edad, contexto escolar, evaluación individual, familia, centro educativo y normativa aplicable. No sustituye diagnóstico ni dictamen oficial.
PSP2_R0205;PSP2_P013;PSP2_T001;PSP2_TA023;media;El profesional debe adaptar la pauta a edad, contexto escolar, evaluación individual, familia, centro educativo y normativa aplicable. No sustituye diagnóstico ni dictamen oficial.
PSP2_R0206;PSP2_P013;PSP2_T011;PSP2_TA011;alta;El profesional debe adaptar la pauta a edad, contexto escolar, evaluación individual, familia, centro educativo y normativa aplicable. No sustituye diagnóstico ni dictamen oficial.
PSP2_R0207;PSP2_P013;PSP2_T012;PSP2_TA012;media;El profesional debe adaptar la pauta a edad, contexto escolar, evaluación individual, familia, centro educativo y normativa aplicable. No sustituye diagnóstico ni dictamen oficial.
PSP2_R0208;PSP2_P013;PSP2_T013;PSP2_TA014;media;El profesional debe adaptar la pauta a edad, contexto escolar, evaluación individual, familia, centro educativo y normativa aplicable. No sustituye diagnóstico ni dictamen oficial.
PSP2_R0209;PSP2_P013;PSP2_T014;PSP2_TA013;alta;El profesional debe adaptar la pauta a edad, contexto escolar, evaluación individual, familia, centro educativo y normativa aplicable. No sustituye diagnóstico ni dictamen oficial.
PSP2_R0210;PSP2_P013;PSP2_T014;PSP2_TA017;media;El profesional debe adaptar la pauta a edad, contexto escolar, evaluación individual, familia, centro educativo y normativa aplicable. No sustituye diagnóstico ni dictamen oficial.
PSP2_R0211;PSP2_P013;PSP2_T015;PSP2_TA015;media;El profesional debe adaptar la pauta a edad, contexto escolar, evaluación individual, familia, centro educativo y normativa aplicable. No sustituye diagnóstico ni dictamen oficial.
PSP2_R0212;PSP2_P013;PSP2_T032;PSP2_TA018;media;El profesional debe adaptar la pauta a edad, contexto escolar, evaluación individual, familia, centro educativo y normativa aplicable. No sustituye diagnóstico ni dictamen oficial.
PSP2_R0213;PSP2_P013;PSP2_T032;PSP2_TA021;media;El profesional debe adaptar la pauta a edad, contexto escolar, evaluación individual, familia, centro educativo y normativa aplicable. No sustituye diagnóstico ni dictamen oficial.
PSP2_R0214;PSP2_P013;PSP2_T032;PSP2_TA043;media;El profesional debe adaptar la pauta a edad, contexto escolar, evaluación individual, familia, centro educativo y normativa aplicable. No sustituye diagnóstico ni dictamen oficial.
PSP2_R0215;PSP2_P013;PSP2_T033;PSP2_TA045;media;El profesional debe adaptar la pauta a edad, contexto escolar, evaluación individual, familia, centro educativo y normativa aplicable. No sustituye diagnóstico ni dictamen oficial.
PSP2_R0216;PSP2_P013;PSP2_T041;PSP2_TA055;media;El profesional debe adaptar la pauta a edad, contexto escolar, evaluación individual, familia, centro educativo y normativa aplicable. No sustituye diagnóstico ni dictamen oficial.
PSP2_R0217;PSP2_P013;PSP2_T043;PSP2_TA054;media;El profesional debe adaptar la pauta a edad, contexto escolar, evaluación individual, familia, centro educativo y normativa aplicable. No sustituye diagnóstico ni dictamen oficial.
PSP2_R0218;PSP2_P014;PSP2_T001;PSP2_TA023;media;El profesional debe adaptar la pauta a edad, contexto escolar, evaluación individual, familia, centro educativo y normativa aplicable. No sustituye diagnóstico ni dictamen oficial.
PSP2_R0219;PSP2_P014;PSP2_T011;PSP2_TA011;alta;El profesional debe adaptar la pauta a edad, contexto escolar, evaluación individual, familia, centro educativo y normativa aplicable. No sustituye diagnóstico ni dictamen oficial.
PSP2_R0220;PSP2_P014;PSP2_T012;PSP2_TA012;media;El profesional debe adaptar la pauta a edad, contexto escolar, evaluación individual, familia, centro educativo y normativa aplicable. No sustituye diagnóstico ni dictamen oficial.
PSP2_R0221;PSP2_P014;PSP2_T013;PSP2_TA014;media;El profesional debe adaptar la pauta a edad, contexto escolar, evaluación individual, familia, centro educativo y normativa aplicable. No sustituye diagnóstico ni dictamen oficial.
PSP2_R0222;PSP2_P014;PSP2_T014;PSP2_TA013;alta;El profesional debe adaptar la pauta a edad, contexto escolar, evaluación individual, familia, centro educativo y normativa aplicable. No sustituye diagnóstico ni dictamen oficial.
PSP2_R0223;PSP2_P014;PSP2_T014;PSP2_TA017;media;El profesional debe adaptar la pauta a edad, contexto escolar, evaluación individual, familia, centro educativo y normativa aplicable. No sustituye diagnóstico ni dictamen oficial.
PSP2_R0224;PSP2_P014;PSP2_T015;PSP2_TA015;media;El profesional debe adaptar la pauta a edad, contexto escolar, evaluación individual, familia, centro educativo y normativa aplicable. No sustituye diagnóstico ni dictamen oficial.
PSP2_R0225;PSP2_P014;PSP2_T032;PSP2_TA018;media;El profesional debe adaptar la pauta a edad, contexto escolar, evaluación individual, familia, centro educativo y normativa aplicable. No sustituye diagnóstico ni dictamen oficial.
PSP2_R0226;PSP2_P014;PSP2_T032;PSP2_TA021;media;El profesional debe adaptar la pauta a edad, contexto escolar, evaluación individual, familia, centro educativo y normativa aplicable. No sustituye diagnóstico ni dictamen oficial.
PSP2_R0227;PSP2_P014;PSP2_T032;PSP2_TA043;media;El profesional debe adaptar la pauta a edad, contexto escolar, evaluación individual, familia, centro educativo y normativa aplicable. No sustituye diagnóstico ni dictamen oficial.
PSP2_R0228;PSP2_P014;PSP2_T033;PSP2_TA045;media;El profesional debe adaptar la pauta a edad, contexto escolar, evaluación individual, familia, centro educativo y normativa aplicable. No sustituye diagnóstico ni dictamen oficial.
PSP2_R0229;PSP2_P014;PSP2_T041;PSP2_TA055;media;El profesional debe adaptar la pauta a edad, contexto escolar, evaluación individual, familia, centro educativo y normativa aplicable. No sustituye diagnóstico ni dictamen oficial.
PSP2_R0230;PSP2_P014;PSP2_T043;PSP2_TA054;media;El profesional debe adaptar la pauta a edad, contexto escolar, evaluación individual, familia, centro educativo y normativa aplicable. No sustituye diagnóstico ni dictamen oficial.
PSP2_R0231;PSP2_P015;PSP2_T001;PSP2_TA023;media;El profesional debe adaptar la pauta a edad, contexto escolar, evaluación individual, familia, centro educativo y normativa aplicable. No sustituye diagnóstico ni dictamen oficial.
PSP2_R0232;PSP2_P015;PSP2_T011;PSP2_TA011;alta;El profesional debe adaptar la pauta a edad, contexto escolar, evaluación individual, familia, centro educativo y normativa aplicable. No sustituye diagnóstico ni dictamen oficial.
PSP2_R0233;PSP2_P015;PSP2_T012;PSP2_TA012;media;El profesional debe adaptar la pauta a edad, contexto escolar, evaluación individual, familia, centro educativo y normativa aplicable. No sustituye diagnóstico ni dictamen oficial.
PSP2_R0234;PSP2_P015;PSP2_T013;PSP2_TA014;media;El profesional debe adaptar la pauta a edad, contexto escolar, evaluación individual, familia, centro educativo y normativa aplicable. No sustituye diagnóstico ni dictamen oficial.
PSP2_R0235;PSP2_P015;PSP2_T014;PSP2_TA013;alta;El profesional debe adaptar la pauta a edad, contexto escolar, evaluación individual, familia, centro educativo y normativa aplicable. No sustituye diagnóstico ni dictamen oficial.
PSP2_R0236;PSP2_P015;PSP2_T014;PSP2_TA017;media;El profesional debe adaptar la pauta a edad, contexto escolar, evaluación individual, familia, centro educativo y normativa aplicable. No sustituye diagnóstico ni dictamen oficial.
PSP2_R0237;PSP2_P015;PSP2_T015;PSP2_TA015;media;El profesional debe adaptar la pauta a edad, contexto escolar, evaluación individual, familia, centro educativo y normativa aplicable. No sustituye diagnóstico ni dictamen oficial.
PSP2_R0238;PSP2_P015;PSP2_T032;PSP2_TA018;media;El profesional debe adaptar la pauta a edad, contexto escolar, evaluación individual, familia, centro educativo y normativa aplicable. No sustituye diagnóstico ni dictamen oficial.
PSP2_R0239;PSP2_P015;PSP2_T032;PSP2_TA021;media;El profesional debe adaptar la pauta a edad, contexto escolar, evaluación individual, familia, centro educativo y normativa aplicable. No sustituye diagnóstico ni dictamen oficial.
PSP2_R0240;PSP2_P015;PSP2_T032;PSP2_TA043;media;El profesional debe adaptar la pauta a edad, contexto escolar, evaluación individual, familia, centro educativo y normativa aplicable. No sustituye diagnóstico ni dictamen oficial.
PSP2_R0241;PSP2_P015;PSP2_T033;PSP2_TA045;media;El profesional debe adaptar la pauta a edad, contexto escolar, evaluación individual, familia, centro educativo y normativa aplicable. No sustituye diagnóstico ni dictamen oficial.
PSP2_R0242;PSP2_P015;PSP2_T041;PSP2_TA055;media;El profesional debe adaptar la pauta a edad, contexto escolar, evaluación individual, familia, centro educativo y normativa aplicable. No sustituye diagnóstico ni dictamen oficial.
PSP2_R0243;PSP2_P015;PSP2_T043;PSP2_TA054;media;El profesional debe adaptar la pauta a edad, contexto escolar, evaluación individual, familia, centro educativo y normativa aplicable. No sustituye diagnóstico ni dictamen oficial.
PSP2_R0244;PSP2_P016;PSP2_T001;PSP2_TA023;media;El profesional debe adaptar la pauta a edad, contexto escolar, evaluación individual, familia, centro educativo y normativa aplicable. No sustituye diagnóstico ni dictamen oficial.
PSP2_R0245;PSP2_P016;PSP2_T011;PSP2_TA011;alta;El profesional debe adaptar la pauta a edad, contexto escolar, evaluación individual, familia, centro educativo y normativa aplicable. No sustituye diagnóstico ni dictamen oficial.
PSP2_R0246;PSP2_P016;PSP2_T012;PSP2_TA012;media;El profesional debe adaptar la pauta a edad, contexto escolar, evaluación individual, familia, centro educativo y normativa aplicable. No sustituye diagnóstico ni dictamen oficial.
PSP2_R0247;PSP2_P016;PSP2_T013;PSP2_TA014;media;El profesional debe adaptar la pauta a edad, contexto escolar, evaluación individual, familia, centro educativo y normativa aplicable. No sustituye diagnóstico ni dictamen oficial.
PSP2_R0248;PSP2_P016;PSP2_T014;PSP2_TA013;alta;El profesional debe adaptar la pauta a edad, contexto escolar, evaluación individual, familia, centro educativo y normativa aplicable. No sustituye diagnóstico ni dictamen oficial.
PSP2_R0249;PSP2_P016;PSP2_T014;PSP2_TA017;media;El profesional debe adaptar la pauta a edad, contexto escolar, evaluación individual, familia, centro educativo y normativa aplicable. No sustituye diagnóstico ni dictamen oficial.
PSP2_R0250;PSP2_P016;PSP2_T015;PSP2_TA015;media;El profesional debe adaptar la pauta a edad, contexto escolar, evaluación individual, familia, centro educativo y normativa aplicable. No sustituye diagnóstico ni dictamen oficial.
PSP2_R0251;PSP2_P016;PSP2_T032;PSP2_TA018;media;El profesional debe adaptar la pauta a edad, contexto escolar, evaluación individual, familia, centro educativo y normativa aplicable. No sustituye diagnóstico ni dictamen oficial.
PSP2_R0252;PSP2_P016;PSP2_T032;PSP2_TA021;media;El profesional debe adaptar la pauta a edad, contexto escolar, evaluación individual, familia, centro educativo y normativa aplicable. No sustituye diagnóstico ni dictamen oficial.
PSP2_R0253;PSP2_P016;PSP2_T032;PSP2_TA043;media;El profesional debe adaptar la pauta a edad, contexto escolar, evaluación individual, familia, centro educativo y normativa aplicable. No sustituye diagnóstico ni dictamen oficial.
PSP2_R0254;PSP2_P016;PSP2_T033;PSP2_TA045;media;El profesional debe adaptar la pauta a edad, contexto escolar, evaluación individual, familia, centro educativo y normativa aplicable. No sustituye diagnóstico ni dictamen oficial.
PSP2_R0255;PSP2_P016;PSP2_T041;PSP2_TA055;media;El profesional debe adaptar la pauta a edad, contexto escolar, evaluación individual, familia, centro educativo y normativa aplicable. No sustituye diagnóstico ni dictamen oficial.
PSP2_R0256;PSP2_P016;PSP2_T043;PSP2_TA054;media;El profesional debe adaptar la pauta a edad, contexto escolar, evaluación individual, familia, centro educativo y normativa aplicable. No sustituye diagnóstico ni dictamen oficial.
PSP2_R0257;PSP2_P017;PSP2_T001;PSP2_TA023;media;El profesional debe adaptar la pauta a edad, contexto escolar, evaluación individual, familia, centro educativo y normativa aplicable. No sustituye diagnóstico ni dictamen oficial.
PSP2_R0258;PSP2_P017;PSP2_T016;PSP2_TA019;media;El profesional debe adaptar la pauta a edad, contexto escolar, evaluación individual, familia, centro educativo y normativa aplicable. No sustituye diagnóstico ni dictamen oficial.
PSP2_R0259;PSP2_P017;PSP2_T017;PSP2_TA020;media;El profesional debe adaptar la pauta a edad, contexto escolar, evaluación individual, familia, centro educativo y normativa aplicable. No sustituye diagnóstico ni dictamen oficial.
PSP2_R0260;PSP2_P017;PSP2_T018;PSP2_TA016;media;El profesional debe adaptar la pauta a edad, contexto escolar, evaluación individual, familia, centro educativo y normativa aplicable. No sustituye diagnóstico ni dictamen oficial.
PSP2_R0261;PSP2_P017;PSP2_T030;PSP2_TA010;media;El profesional debe adaptar la pauta a edad, contexto escolar, evaluación individual, familia, centro educativo y normativa aplicable. No sustituye diagnóstico ni dictamen oficial.
PSP2_R0262;PSP2_P017;PSP2_T030;PSP2_TA022;media;El profesional debe adaptar la pauta a edad, contexto escolar, evaluación individual, familia, centro educativo y normativa aplicable. No sustituye diagnóstico ni dictamen oficial.
PSP2_R0263;PSP2_P017;PSP2_T030;PSP2_TA041;media;El profesional debe adaptar la pauta a edad, contexto escolar, evaluación individual, familia, centro educativo y normativa aplicable. No sustituye diagnóstico ni dictamen oficial.
PSP2_R0264;PSP2_P017;PSP2_T032;PSP2_TA018;media;El profesional debe adaptar la pauta a edad, contexto escolar, evaluación individual, familia, centro educativo y normativa aplicable. No sustituye diagnóstico ni dictamen oficial.
PSP2_R0265;PSP2_P017;PSP2_T032;PSP2_TA021;media;El profesional debe adaptar la pauta a edad, contexto escolar, evaluación individual, familia, centro educativo y normativa aplicable. No sustituye diagnóstico ni dictamen oficial.
PSP2_R0266;PSP2_P017;PSP2_T032;PSP2_TA043;media;El profesional debe adaptar la pauta a edad, contexto escolar, evaluación individual, familia, centro educativo y normativa aplicable. No sustituye diagnóstico ni dictamen oficial.
PSP2_R0267;PSP2_P017;PSP2_T040;PSP2_TA052;media;El profesional debe adaptar la pauta a edad, contexto escolar, evaluación individual, familia, centro educativo y normativa aplicable. No sustituye diagnóstico ni dictamen oficial.
PSP2_R0268;PSP2_P018;PSP2_T001;PSP2_TA023;media;El profesional debe adaptar la pauta a edad, contexto escolar, evaluación individual, familia, centro educativo y normativa aplicable. No sustituye diagnóstico ni dictamen oficial.
PSP2_R0269;PSP2_P018;PSP2_T016;PSP2_TA019;media;El profesional debe adaptar la pauta a edad, contexto escolar, evaluación individual, familia, centro educativo y normativa aplicable. No sustituye diagnóstico ni dictamen oficial.
PSP2_R0270;PSP2_P018;PSP2_T017;PSP2_TA020;media;El profesional debe adaptar la pauta a edad, contexto escolar, evaluación individual, familia, centro educativo y normativa aplicable. No sustituye diagnóstico ni dictamen oficial.
PSP2_R0271;PSP2_P018;PSP2_T018;PSP2_TA016;media;El profesional debe adaptar la pauta a edad, contexto escolar, evaluación individual, familia, centro educativo y normativa aplicable. No sustituye diagnóstico ni dictamen oficial.
PSP2_R0272;PSP2_P018;PSP2_T030;PSP2_TA010;media;El profesional debe adaptar la pauta a edad, contexto escolar, evaluación individual, familia, centro educativo y normativa aplicable. No sustituye diagnóstico ni dictamen oficial.
PSP2_R0273;PSP2_P018;PSP2_T030;PSP2_TA022;media;El profesional debe adaptar la pauta a edad, contexto escolar, evaluación individual, familia, centro educativo y normativa aplicable. No sustituye diagnóstico ni dictamen oficial.
PSP2_R0274;PSP2_P018;PSP2_T030;PSP2_TA041;media;El profesional debe adaptar la pauta a edad, contexto escolar, evaluación individual, familia, centro educativo y normativa aplicable. No sustituye diagnóstico ni dictamen oficial.
PSP2_R0275;PSP2_P018;PSP2_T032;PSP2_TA018;media;El profesional debe adaptar la pauta a edad, contexto escolar, evaluación individual, familia, centro educativo y normativa aplicable. No sustituye diagnóstico ni dictamen oficial.
PSP2_R0276;PSP2_P018;PSP2_T032;PSP2_TA021;media;El profesional debe adaptar la pauta a edad, contexto escolar, evaluación individual, familia, centro educativo y normativa aplicable. No sustituye diagnóstico ni dictamen oficial.
PSP2_R0277;PSP2_P018;PSP2_T032;PSP2_TA043;media;El profesional debe adaptar la pauta a edad, contexto escolar, evaluación individual, familia, centro educativo y normativa aplicable. No sustituye diagnóstico ni dictamen oficial.
PSP2_R0278;PSP2_P018;PSP2_T040;PSP2_TA052;media;El profesional debe adaptar la pauta a edad, contexto escolar, evaluación individual, familia, centro educativo y normativa aplicable. No sustituye diagnóstico ni dictamen oficial.
PSP2_R0279;PSP2_P019;PSP2_T001;PSP2_TA023;media;El profesional debe adaptar la pauta a edad, contexto escolar, evaluación individual, familia, centro educativo y normativa aplicable. No sustituye diagnóstico ni dictamen oficial.
PSP2_R0280;PSP2_P019;PSP2_T016;PSP2_TA019;media;El profesional debe adaptar la pauta a edad, contexto escolar, evaluación individual, familia, centro educativo y normativa aplicable. No sustituye diagnóstico ni dictamen oficial.
PSP2_R0281;PSP2_P019;PSP2_T017;PSP2_TA020;media;El profesional debe adaptar la pauta a edad, contexto escolar, evaluación individual, familia, centro educativo y normativa aplicable. No sustituye diagnóstico ni dictamen oficial.
PSP2_R0282;PSP2_P019;PSP2_T018;PSP2_TA016;media;El profesional debe adaptar la pauta a edad, contexto escolar, evaluación individual, familia, centro educativo y normativa aplicable. No sustituye diagnóstico ni dictamen oficial.
PSP2_R0283;PSP2_P019;PSP2_T030;PSP2_TA010;media;El profesional debe adaptar la pauta a edad, contexto escolar, evaluación individual, familia, centro educativo y normativa aplicable. No sustituye diagnóstico ni dictamen oficial.
PSP2_R0284;PSP2_P019;PSP2_T030;PSP2_TA022;media;El profesional debe adaptar la pauta a edad, contexto escolar, evaluación individual, familia, centro educativo y normativa aplicable. No sustituye diagnóstico ni dictamen oficial.
PSP2_R0285;PSP2_P019;PSP2_T030;PSP2_TA041;media;El profesional debe adaptar la pauta a edad, contexto escolar, evaluación individual, familia, centro educativo y normativa aplicable. No sustituye diagnóstico ni dictamen oficial.
PSP2_R0286;PSP2_P019;PSP2_T032;PSP2_TA018;media;El profesional debe adaptar la pauta a edad, contexto escolar, evaluación individual, familia, centro educativo y normativa aplicable. No sustituye diagnóstico ni dictamen oficial.
PSP2_R0287;PSP2_P019;PSP2_T032;PSP2_TA021;media;El profesional debe adaptar la pauta a edad, contexto escolar, evaluación individual, familia, centro educativo y normativa aplicable. No sustituye diagnóstico ni dictamen oficial.
PSP2_R0288;PSP2_P019;PSP2_T032;PSP2_TA043;media;El profesional debe adaptar la pauta a edad, contexto escolar, evaluación individual, familia, centro educativo y normativa aplicable. No sustituye diagnóstico ni dictamen oficial.
PSP2_R0289;PSP2_P019;PSP2_T040;PSP2_TA052;media;El profesional debe adaptar la pauta a edad, contexto escolar, evaluación individual, familia, centro educativo y normativa aplicable. No sustituye diagnóstico ni dictamen oficial.
PSP2_R0290;PSP2_P020;PSP2_T001;PSP2_TA023;media;El profesional debe adaptar la pauta a edad, contexto escolar, evaluación individual, familia, centro educativo y normativa aplicable. No sustituye diagnóstico ni dictamen oficial.
PSP2_R0291;PSP2_P020;PSP2_T016;PSP2_TA019;media;El profesional debe adaptar la pauta a edad, contexto escolar, evaluación individual, familia, centro educativo y normativa aplicable. No sustituye diagnóstico ni dictamen oficial.
PSP2_R0292;PSP2_P020;PSP2_T017;PSP2_TA020;media;El profesional debe adaptar la pauta a edad, contexto escolar, evaluación individual, familia, centro educativo y normativa aplicable. No sustituye diagnóstico ni dictamen oficial.
PSP2_R0293;PSP2_P020;PSP2_T018;PSP2_TA016;media;El profesional debe adaptar la pauta a edad, contexto escolar, evaluación individual, familia, centro educativo y normativa aplicable. No sustituye diagnóstico ni dictamen oficial.
PSP2_R0294;PSP2_P020;PSP2_T030;PSP2_TA010;media;El profesional debe adaptar la pauta a edad, contexto escolar, evaluación individual, familia, centro educativo y normativa aplicable. No sustituye diagnóstico ni dictamen oficial.
PSP2_R0295;PSP2_P020;PSP2_T030;PSP2_TA022;media;El profesional debe adaptar la pauta a edad, contexto escolar, evaluación individual, familia, centro educativo y normativa aplicable. No sustituye diagnóstico ni dictamen oficial.
PSP2_R0296;PSP2_P020;PSP2_T030;PSP2_TA041;media;El profesional debe adaptar la pauta a edad, contexto escolar, evaluación individual, familia, centro educativo y normativa aplicable. No sustituye diagnóstico ni dictamen oficial.
PSP2_R0297;PSP2_P020;PSP2_T032;PSP2_TA018;media;El profesional debe adaptar la pauta a edad, contexto escolar, evaluación individual, familia, centro educativo y normativa aplicable. No sustituye diagnóstico ni dictamen oficial.
PSP2_R0298;PSP2_P020;PSP2_T032;PSP2_TA021;media;El profesional debe adaptar la pauta a edad, contexto escolar, evaluación individual, familia, centro educativo y normativa aplicable. No sustituye diagnóstico ni dictamen oficial.
PSP2_R0299;PSP2_P020;PSP2_T032;PSP2_TA043;media;El profesional debe adaptar la pauta a edad, contexto escolar, evaluación individual, familia, centro educativo y normativa aplicable. No sustituye diagnóstico ni dictamen oficial.
PSP2_R0300;PSP2_P020;PSP2_T040;PSP2_TA052;media;El profesional debe adaptar la pauta a edad, contexto escolar, evaluación individual, familia, centro educativo y normativa aplicable. No sustituye diagnóstico ni dictamen oficial.
PSP2_R0301;PSP2_P021;PSP2_T001;PSP2_TA023;media;El profesional debe adaptar la pauta a edad, contexto escolar, evaluación individual, familia, centro educativo y normativa aplicable. No sustituye diagnóstico ni dictamen oficial.
PSP2_R0302;PSP2_P021;PSP2_T016;PSP2_TA019;media;El profesional debe adaptar la pauta a edad, contexto escolar, evaluación individual, familia, centro educativo y normativa aplicable. No sustituye diagnóstico ni dictamen oficial.
PSP2_R0303;PSP2_P021;PSP2_T017;PSP2_TA020;media;El profesional debe adaptar la pauta a edad, contexto escolar, evaluación individual, familia, centro educativo y normativa aplicable. No sustituye diagnóstico ni dictamen oficial.
PSP2_R0304;PSP2_P021;PSP2_T018;PSP2_TA016;media;El profesional debe adaptar la pauta a edad, contexto escolar, evaluación individual, familia, centro educativo y normativa aplicable. No sustituye diagnóstico ni dictamen oficial.
PSP2_R0305;PSP2_P021;PSP2_T030;PSP2_TA010;media;El profesional debe adaptar la pauta a edad, contexto escolar, evaluación individual, familia, centro educativo y normativa aplicable. No sustituye diagnóstico ni dictamen oficial.
PSP2_R0306;PSP2_P021;PSP2_T030;PSP2_TA022;media;El profesional debe adaptar la pauta a edad, contexto escolar, evaluación individual, familia, centro educativo y normativa aplicable. No sustituye diagnóstico ni dictamen oficial.
PSP2_R0307;PSP2_P021;PSP2_T030;PSP2_TA041;media;El profesional debe adaptar la pauta a edad, contexto escolar, evaluación individual, familia, centro educativo y normativa aplicable. No sustituye diagnóstico ni dictamen oficial.
PSP2_R0308;PSP2_P021;PSP2_T032;PSP2_TA018;media;El profesional debe adaptar la pauta a edad, contexto escolar, evaluación individual, familia, centro educativo y normativa aplicable. No sustituye diagnóstico ni dictamen oficial.
PSP2_R0309;PSP2_P021;PSP2_T032;PSP2_TA021;media;El profesional debe adaptar la pauta a edad, contexto escolar, evaluación individual, familia, centro educativo y normativa aplicable. No sustituye diagnóstico ni dictamen oficial.
PSP2_R0310;PSP2_P021;PSP2_T032;PSP2_TA043;media;El profesional debe adaptar la pauta a edad, contexto escolar, evaluación individual, familia, centro educativo y normativa aplicable. No sustituye diagnóstico ni dictamen oficial.
PSP2_R0311;PSP2_P021;PSP2_T040;PSP2_TA052;media;El profesional debe adaptar la pauta a edad, contexto escolar, evaluación individual, familia, centro educativo y normativa aplicable. No sustituye diagnóstico ni dictamen oficial.
PSP2_R0312;PSP2_P022;PSP2_T019;PSP2_TA024;alta;El profesional debe adaptar la pauta a edad, contexto escolar, evaluación individual, familia, centro educativo y normativa aplicable. No sustituye diagnóstico ni dictamen oficial.
PSP2_R0313;PSP2_P022;PSP2_T020;PSP2_TA025;alta;El profesional debe adaptar la pauta a edad, contexto escolar, evaluación individual, familia, centro educativo y normativa aplicable. No sustituye diagnóstico ni dictamen oficial.
PSP2_R0314;PSP2_P022;PSP2_T021;PSP2_TA026;media;El profesional debe adaptar la pauta a edad, contexto escolar, evaluación individual, familia, centro educativo y normativa aplicable. No sustituye diagnóstico ni dictamen oficial.
PSP2_R0315;PSP2_P022;PSP2_T022;PSP2_TA027;media;El profesional debe adaptar la pauta a edad, contexto escolar, evaluación individual, familia, centro educativo y normativa aplicable. No sustituye diagnóstico ni dictamen oficial.
PSP2_R0316;PSP2_P022;PSP2_T022;PSP2_TA028;media;El profesional debe adaptar la pauta a edad, contexto escolar, evaluación individual, familia, centro educativo y normativa aplicable. No sustituye diagnóstico ni dictamen oficial.
PSP2_R0317;PSP2_P022;PSP2_T009;PSP2_TA039;media;El profesional debe adaptar la pauta a edad, contexto escolar, evaluación individual, familia, centro educativo y normativa aplicable. No sustituye diagnóstico ni dictamen oficial.
PSP2_R0318;PSP2_P022;PSP2_T010;PSP2_TA059;media;El profesional debe adaptar la pauta a edad, contexto escolar, evaluación individual, familia, centro educativo y normativa aplicable. No sustituye diagnóstico ni dictamen oficial.
PSP2_R0319;PSP2_P022;PSP2_T031;PSP2_TA007;media;El profesional debe adaptar la pauta a edad, contexto escolar, evaluación individual, familia, centro educativo y normativa aplicable. No sustituye diagnóstico ni dictamen oficial.
PSP2_R0320;PSP2_P022;PSP2_T031;PSP2_TA038;media;El profesional debe adaptar la pauta a edad, contexto escolar, evaluación individual, familia, centro educativo y normativa aplicable. No sustituye diagnóstico ni dictamen oficial.
PSP2_R0321;PSP2_P022;PSP2_T031;PSP2_TA042;media;El profesional debe adaptar la pauta a edad, contexto escolar, evaluación individual, familia, centro educativo y normativa aplicable. No sustituye diagnóstico ni dictamen oficial.
PSP2_R0322;PSP2_P023;PSP2_T019;PSP2_TA024;alta;El profesional debe adaptar la pauta a edad, contexto escolar, evaluación individual, familia, centro educativo y normativa aplicable. No sustituye diagnóstico ni dictamen oficial.
PSP2_R0323;PSP2_P023;PSP2_T020;PSP2_TA025;alta;El profesional debe adaptar la pauta a edad, contexto escolar, evaluación individual, familia, centro educativo y normativa aplicable. No sustituye diagnóstico ni dictamen oficial.
PSP2_R0324;PSP2_P023;PSP2_T021;PSP2_TA026;media;El profesional debe adaptar la pauta a edad, contexto escolar, evaluación individual, familia, centro educativo y normativa aplicable. No sustituye diagnóstico ni dictamen oficial.
PSP2_R0325;PSP2_P023;PSP2_T022;PSP2_TA027;media;El profesional debe adaptar la pauta a edad, contexto escolar, evaluación individual, familia, centro educativo y normativa aplicable. No sustituye diagnóstico ni dictamen oficial.
PSP2_R0326;PSP2_P023;PSP2_T022;PSP2_TA028;media;El profesional debe adaptar la pauta a edad, contexto escolar, evaluación individual, familia, centro educativo y normativa aplicable. No sustituye diagnóstico ni dictamen oficial.
PSP2_R0327;PSP2_P023;PSP2_T009;PSP2_TA039;media;El profesional debe adaptar la pauta a edad, contexto escolar, evaluación individual, familia, centro educativo y normativa aplicable. No sustituye diagnóstico ni dictamen oficial.
PSP2_R0328;PSP2_P023;PSP2_T010;PSP2_TA059;media;El profesional debe adaptar la pauta a edad, contexto escolar, evaluación individual, familia, centro educativo y normativa aplicable. No sustituye diagnóstico ni dictamen oficial.
PSP2_R0329;PSP2_P023;PSP2_T031;PSP2_TA007;media;El profesional debe adaptar la pauta a edad, contexto escolar, evaluación individual, familia, centro educativo y normativa aplicable. No sustituye diagnóstico ni dictamen oficial.
PSP2_R0330;PSP2_P023;PSP2_T031;PSP2_TA038;media;El profesional debe adaptar la pauta a edad, contexto escolar, evaluación individual, familia, centro educativo y normativa aplicable. No sustituye diagnóstico ni dictamen oficial.
PSP2_R0331;PSP2_P023;PSP2_T031;PSP2_TA042;media;El profesional debe adaptar la pauta a edad, contexto escolar, evaluación individual, familia, centro educativo y normativa aplicable. No sustituye diagnóstico ni dictamen oficial.
PSP2_R0332;PSP2_P024;PSP2_T019;PSP2_TA024;alta;El profesional debe adaptar la pauta a edad, contexto escolar, evaluación individual, familia, centro educativo y normativa aplicable. No sustituye diagnóstico ni dictamen oficial.
PSP2_R0333;PSP2_P024;PSP2_T020;PSP2_TA025;alta;El profesional debe adaptar la pauta a edad, contexto escolar, evaluación individual, familia, centro educativo y normativa aplicable. No sustituye diagnóstico ni dictamen oficial.
PSP2_R0334;PSP2_P024;PSP2_T021;PSP2_TA026;media;El profesional debe adaptar la pauta a edad, contexto escolar, evaluación individual, familia, centro educativo y normativa aplicable. No sustituye diagnóstico ni dictamen oficial.
PSP2_R0335;PSP2_P024;PSP2_T022;PSP2_TA027;media;El profesional debe adaptar la pauta a edad, contexto escolar, evaluación individual, familia, centro educativo y normativa aplicable. No sustituye diagnóstico ni dictamen oficial.
PSP2_R0336;PSP2_P024;PSP2_T022;PSP2_TA028;media;El profesional debe adaptar la pauta a edad, contexto escolar, evaluación individual, familia, centro educativo y normativa aplicable. No sustituye diagnóstico ni dictamen oficial.
PSP2_R0337;PSP2_P024;PSP2_T009;PSP2_TA039;media;El profesional debe adaptar la pauta a edad, contexto escolar, evaluación individual, familia, centro educativo y normativa aplicable. No sustituye diagnóstico ni dictamen oficial.
PSP2_R0338;PSP2_P024;PSP2_T010;PSP2_TA059;media;El profesional debe adaptar la pauta a edad, contexto escolar, evaluación individual, familia, centro educativo y normativa aplicable. No sustituye diagnóstico ni dictamen oficial.
PSP2_R0339;PSP2_P024;PSP2_T031;PSP2_TA007;media;El profesional debe adaptar la pauta a edad, contexto escolar, evaluación individual, familia, centro educativo y normativa aplicable. No sustituye diagnóstico ni dictamen oficial.
PSP2_R0340;PSP2_P024;PSP2_T031;PSP2_TA038;media;El profesional debe adaptar la pauta a edad, contexto escolar, evaluación individual, familia, centro educativo y normativa aplicable. No sustituye diagnóstico ni dictamen oficial.
PSP2_R0341;PSP2_P024;PSP2_T031;PSP2_TA042;media;El profesional debe adaptar la pauta a edad, contexto escolar, evaluación individual, familia, centro educativo y normativa aplicable. No sustituye diagnóstico ni dictamen oficial.
PSP2_R0342;PSP2_P025;PSP2_T019;PSP2_TA024;alta;El profesional debe adaptar la pauta a edad, contexto escolar, evaluación individual, familia, centro educativo y normativa aplicable. No sustituye diagnóstico ni dictamen oficial.
PSP2_R0343;PSP2_P025;PSP2_T020;PSP2_TA025;alta;El profesional debe adaptar la pauta a edad, contexto escolar, evaluación individual, familia, centro educativo y normativa aplicable. No sustituye diagnóstico ni dictamen oficial.
PSP2_R0344;PSP2_P025;PSP2_T021;PSP2_TA026;media;El profesional debe adaptar la pauta a edad, contexto escolar, evaluación individual, familia, centro educativo y normativa aplicable. No sustituye diagnóstico ni dictamen oficial.
PSP2_R0345;PSP2_P025;PSP2_T022;PSP2_TA027;media;El profesional debe adaptar la pauta a edad, contexto escolar, evaluación individual, familia, centro educativo y normativa aplicable. No sustituye diagnóstico ni dictamen oficial.
PSP2_R0346;PSP2_P025;PSP2_T022;PSP2_TA028;media;El profesional debe adaptar la pauta a edad, contexto escolar, evaluación individual, familia, centro educativo y normativa aplicable. No sustituye diagnóstico ni dictamen oficial.
PSP2_R0347;PSP2_P025;PSP2_T009;PSP2_TA039;media;El profesional debe adaptar la pauta a edad, contexto escolar, evaluación individual, familia, centro educativo y normativa aplicable. No sustituye diagnóstico ni dictamen oficial.
PSP2_R0348;PSP2_P025;PSP2_T010;PSP2_TA059;media;El profesional debe adaptar la pauta a edad, contexto escolar, evaluación individual, familia, centro educativo y normativa aplicable. No sustituye diagnóstico ni dictamen oficial.
PSP2_R0349;PSP2_P025;PSP2_T031;PSP2_TA007;media;El profesional debe adaptar la pauta a edad, contexto escolar, evaluación individual, familia, centro educativo y normativa aplicable. No sustituye diagnóstico ni dictamen oficial.
PSP2_R0350;PSP2_P025;PSP2_T031;PSP2_TA038;media;El profesional debe adaptar la pauta a edad, contexto escolar, evaluación individual, familia, centro educativo y normativa aplicable. No sustituye diagnóstico ni dictamen oficial.
PSP2_R0351;PSP2_P025;PSP2_T031;PSP2_TA042;media;El profesional debe adaptar la pauta a edad, contexto escolar, evaluación individual, familia, centro educativo y normativa aplicable. No sustituye diagnóstico ni dictamen oficial.
PSP2_R0352;PSP2_P026;PSP2_T019;PSP2_TA024;alta;El profesional debe adaptar la pauta a edad, contexto escolar, evaluación individual, familia, centro educativo y normativa aplicable. No sustituye diagnóstico ni dictamen oficial.
PSP2_R0353;PSP2_P026;PSP2_T020;PSP2_TA025;alta;El profesional debe adaptar la pauta a edad, contexto escolar, evaluación individual, familia, centro educativo y normativa aplicable. No sustituye diagnóstico ni dictamen oficial.
PSP2_R0354;PSP2_P026;PSP2_T021;PSP2_TA026;media;El profesional debe adaptar la pauta a edad, contexto escolar, evaluación individual, familia, centro educativo y normativa aplicable. No sustituye diagnóstico ni dictamen oficial.
PSP2_R0355;PSP2_P026;PSP2_T022;PSP2_TA027;media;El profesional debe adaptar la pauta a edad, contexto escolar, evaluación individual, familia, centro educativo y normativa aplicable. No sustituye diagnóstico ni dictamen oficial.
PSP2_R0356;PSP2_P026;PSP2_T022;PSP2_TA028;media;El profesional debe adaptar la pauta a edad, contexto escolar, evaluación individual, familia, centro educativo y normativa aplicable. No sustituye diagnóstico ni dictamen oficial.
PSP2_R0357;PSP2_P026;PSP2_T009;PSP2_TA039;media;El profesional debe adaptar la pauta a edad, contexto escolar, evaluación individual, familia, centro educativo y normativa aplicable. No sustituye diagnóstico ni dictamen oficial.
PSP2_R0358;PSP2_P026;PSP2_T010;PSP2_TA059;media;El profesional debe adaptar la pauta a edad, contexto escolar, evaluación individual, familia, centro educativo y normativa aplicable. No sustituye diagnóstico ni dictamen oficial.
PSP2_R0359;PSP2_P026;PSP2_T031;PSP2_TA007;media;El profesional debe adaptar la pauta a edad, contexto escolar, evaluación individual, familia, centro educativo y normativa aplicable. No sustituye diagnóstico ni dictamen oficial.
PSP2_R0360;PSP2_P026;PSP2_T031;PSP2_TA038;media;El profesional debe adaptar la pauta a edad, contexto escolar, evaluación individual, familia, centro educativo y normativa aplicable. No sustituye diagnóstico ni dictamen oficial.
PSP2_R0361;PSP2_P026;PSP2_T031;PSP2_TA042;media;El profesional debe adaptar la pauta a edad, contexto escolar, evaluación individual, familia, centro educativo y normativa aplicable. No sustituye diagnóstico ni dictamen oficial.
PSP2_R0362;PSP2_P027;PSP2_T024;PSP2_TA030;alta;El profesional debe adaptar la pauta a edad, contexto escolar, evaluación individual, familia, centro educativo y normativa aplicable. No sustituye diagnóstico ni dictamen oficial.
PSP2_R0363;PSP2_P027;PSP2_T024;PSP2_TA031;media;El profesional debe adaptar la pauta a edad, contexto escolar, evaluación individual, familia, centro educativo y normativa aplicable. No sustituye diagnóstico ni dictamen oficial.
PSP2_R0364;PSP2_P027;PSP2_T025;PSP2_TA032;alta;El profesional debe adaptar la pauta a edad, contexto escolar, evaluación individual, familia, centro educativo y normativa aplicable. No sustituye diagnóstico ni dictamen oficial.
PSP2_R0365;PSP2_P027;PSP2_T038;PSP2_TA033;media;El profesional debe adaptar la pauta a edad, contexto escolar, evaluación individual, familia, centro educativo y normativa aplicable. No sustituye diagnóstico ni dictamen oficial.
PSP2_R0366;PSP2_P027;PSP2_T009;PSP2_TA039;media;El profesional debe adaptar la pauta a edad, contexto escolar, evaluación individual, familia, centro educativo y normativa aplicable. No sustituye diagnóstico ni dictamen oficial.
PSP2_R0367;PSP2_P027;PSP2_T031;PSP2_TA007;media;El profesional debe adaptar la pauta a edad, contexto escolar, evaluación individual, familia, centro educativo y normativa aplicable. No sustituye diagnóstico ni dictamen oficial.
PSP2_R0368;PSP2_P027;PSP2_T031;PSP2_TA038;media;El profesional debe adaptar la pauta a edad, contexto escolar, evaluación individual, familia, centro educativo y normativa aplicable. No sustituye diagnóstico ni dictamen oficial.
PSP2_R0369;PSP2_P027;PSP2_T031;PSP2_TA042;media;El profesional debe adaptar la pauta a edad, contexto escolar, evaluación individual, familia, centro educativo y normativa aplicable. No sustituye diagnóstico ni dictamen oficial.
PSP2_R0370;PSP2_P027;PSP2_T035;PSP2_TA034;media;El profesional debe adaptar la pauta a edad, contexto escolar, evaluación individual, familia, centro educativo y normativa aplicable. No sustituye diagnóstico ni dictamen oficial.
PSP2_R0371;PSP2_P027;PSP2_T035;PSP2_TA047;media;El profesional debe adaptar la pauta a edad, contexto escolar, evaluación individual, familia, centro educativo y normativa aplicable. No sustituye diagnóstico ni dictamen oficial.
PSP2_R0372;PSP2_P028;PSP2_T024;PSP2_TA030;alta;El profesional debe adaptar la pauta a edad, contexto escolar, evaluación individual, familia, centro educativo y normativa aplicable. No sustituye diagnóstico ni dictamen oficial.
PSP2_R0373;PSP2_P028;PSP2_T024;PSP2_TA031;media;El profesional debe adaptar la pauta a edad, contexto escolar, evaluación individual, familia, centro educativo y normativa aplicable. No sustituye diagnóstico ni dictamen oficial.
PSP2_R0374;PSP2_P028;PSP2_T025;PSP2_TA032;alta;El profesional debe adaptar la pauta a edad, contexto escolar, evaluación individual, familia, centro educativo y normativa aplicable. No sustituye diagnóstico ni dictamen oficial.
PSP2_R0375;PSP2_P028;PSP2_T038;PSP2_TA033;media;El profesional debe adaptar la pauta a edad, contexto escolar, evaluación individual, familia, centro educativo y normativa aplicable. No sustituye diagnóstico ni dictamen oficial.
PSP2_R0376;PSP2_P028;PSP2_T009;PSP2_TA039;media;El profesional debe adaptar la pauta a edad, contexto escolar, evaluación individual, familia, centro educativo y normativa aplicable. No sustituye diagnóstico ni dictamen oficial.
PSP2_R0377;PSP2_P028;PSP2_T031;PSP2_TA007;media;El profesional debe adaptar la pauta a edad, contexto escolar, evaluación individual, familia, centro educativo y normativa aplicable. No sustituye diagnóstico ni dictamen oficial.
PSP2_R0378;PSP2_P028;PSP2_T031;PSP2_TA038;media;El profesional debe adaptar la pauta a edad, contexto escolar, evaluación individual, familia, centro educativo y normativa aplicable. No sustituye diagnóstico ni dictamen oficial.
PSP2_R0379;PSP2_P028;PSP2_T031;PSP2_TA042;media;El profesional debe adaptar la pauta a edad, contexto escolar, evaluación individual, familia, centro educativo y normativa aplicable. No sustituye diagnóstico ni dictamen oficial.
PSP2_R0380;PSP2_P028;PSP2_T035;PSP2_TA034;media;El profesional debe adaptar la pauta a edad, contexto escolar, evaluación individual, familia, centro educativo y normativa aplicable. No sustituye diagnóstico ni dictamen oficial.
PSP2_R0381;PSP2_P028;PSP2_T035;PSP2_TA047;media;El profesional debe adaptar la pauta a edad, contexto escolar, evaluación individual, familia, centro educativo y normativa aplicable. No sustituye diagnóstico ni dictamen oficial.
PSP2_R0382;PSP2_P029;PSP2_T024;PSP2_TA030;alta;El profesional debe adaptar la pauta a edad, contexto escolar, evaluación individual, familia, centro educativo y normativa aplicable. No sustituye diagnóstico ni dictamen oficial.
PSP2_R0383;PSP2_P029;PSP2_T024;PSP2_TA031;media;El profesional debe adaptar la pauta a edad, contexto escolar, evaluación individual, familia, centro educativo y normativa aplicable. No sustituye diagnóstico ni dictamen oficial.
PSP2_R0384;PSP2_P029;PSP2_T025;PSP2_TA032;alta;El profesional debe adaptar la pauta a edad, contexto escolar, evaluación individual, familia, centro educativo y normativa aplicable. No sustituye diagnóstico ni dictamen oficial.
PSP2_R0385;PSP2_P029;PSP2_T038;PSP2_TA033;media;El profesional debe adaptar la pauta a edad, contexto escolar, evaluación individual, familia, centro educativo y normativa aplicable. No sustituye diagnóstico ni dictamen oficial.
PSP2_R0386;PSP2_P029;PSP2_T009;PSP2_TA039;media;El profesional debe adaptar la pauta a edad, contexto escolar, evaluación individual, familia, centro educativo y normativa aplicable. No sustituye diagnóstico ni dictamen oficial.
PSP2_R0387;PSP2_P029;PSP2_T031;PSP2_TA007;media;El profesional debe adaptar la pauta a edad, contexto escolar, evaluación individual, familia, centro educativo y normativa aplicable. No sustituye diagnóstico ni dictamen oficial.
PSP2_R0388;PSP2_P029;PSP2_T031;PSP2_TA038;media;El profesional debe adaptar la pauta a edad, contexto escolar, evaluación individual, familia, centro educativo y normativa aplicable. No sustituye diagnóstico ni dictamen oficial.
PSP2_R0389;PSP2_P029;PSP2_T031;PSP2_TA042;media;El profesional debe adaptar la pauta a edad, contexto escolar, evaluación individual, familia, centro educativo y normativa aplicable. No sustituye diagnóstico ni dictamen oficial.
PSP2_R0390;PSP2_P029;PSP2_T035;PSP2_TA034;media;El profesional debe adaptar la pauta a edad, contexto escolar, evaluación individual, familia, centro educativo y normativa aplicable. No sustituye diagnóstico ni dictamen oficial.
PSP2_R0391;PSP2_P029;PSP2_T035;PSP2_TA047;media;El profesional debe adaptar la pauta a edad, contexto escolar, evaluación individual, familia, centro educativo y normativa aplicable. No sustituye diagnóstico ni dictamen oficial.
PSP2_R0392;PSP2_P030;PSP2_T024;PSP2_TA030;alta;El profesional debe adaptar la pauta a edad, contexto escolar, evaluación individual, familia, centro educativo y normativa aplicable. No sustituye diagnóstico ni dictamen oficial.
PSP2_R0393;PSP2_P030;PSP2_T024;PSP2_TA031;media;El profesional debe adaptar la pauta a edad, contexto escolar, evaluación individual, familia, centro educativo y normativa aplicable. No sustituye diagnóstico ni dictamen oficial.
PSP2_R0394;PSP2_P030;PSP2_T025;PSP2_TA032;alta;El profesional debe adaptar la pauta a edad, contexto escolar, evaluación individual, familia, centro educativo y normativa aplicable. No sustituye diagnóstico ni dictamen oficial.
PSP2_R0395;PSP2_P030;PSP2_T038;PSP2_TA033;media;El profesional debe adaptar la pauta a edad, contexto escolar, evaluación individual, familia, centro educativo y normativa aplicable. No sustituye diagnóstico ni dictamen oficial.
PSP2_R0396;PSP2_P030;PSP2_T009;PSP2_TA039;media;El profesional debe adaptar la pauta a edad, contexto escolar, evaluación individual, familia, centro educativo y normativa aplicable. No sustituye diagnóstico ni dictamen oficial.
PSP2_R0397;PSP2_P030;PSP2_T031;PSP2_TA007;media;El profesional debe adaptar la pauta a edad, contexto escolar, evaluación individual, familia, centro educativo y normativa aplicable. No sustituye diagnóstico ni dictamen oficial.
PSP2_R0398;PSP2_P030;PSP2_T031;PSP2_TA038;media;El profesional debe adaptar la pauta a edad, contexto escolar, evaluación individual, familia, centro educativo y normativa aplicable. No sustituye diagnóstico ni dictamen oficial.
PSP2_R0399;PSP2_P030;PSP2_T031;PSP2_TA042;media;El profesional debe adaptar la pauta a edad, contexto escolar, evaluación individual, familia, centro educativo y normativa aplicable. No sustituye diagnóstico ni dictamen oficial.
PSP2_R0400;PSP2_P030;PSP2_T035;PSP2_TA034;media;El profesional debe adaptar la pauta a edad, contexto escolar, evaluación individual, familia, centro educativo y normativa aplicable. No sustituye diagnóstico ni dictamen oficial.
PSP2_R0401;PSP2_P030;PSP2_T035;PSP2_TA047;media;El profesional debe adaptar la pauta a edad, contexto escolar, evaluación individual, familia, centro educativo y normativa aplicable. No sustituye diagnóstico ni dictamen oficial.
PSP2_R0402;PSP2_P031;PSP2_T026;PSP2_TA035;media;El profesional debe adaptar la pauta a edad, contexto escolar, evaluación individual, familia, centro educativo y normativa aplicable. No sustituye diagnóstico ni dictamen oficial.
PSP2_R0403;PSP2_P031;PSP2_T026;PSP2_TA036;media;El profesional debe adaptar la pauta a edad, contexto escolar, evaluación individual, familia, centro educativo y normativa aplicable. No sustituye diagnóstico ni dictamen oficial.
PSP2_R0404;PSP2_P031;PSP2_T027;PSP2_TA037;media;El profesional debe adaptar la pauta a edad, contexto escolar, evaluación individual, familia, centro educativo y normativa aplicable. No sustituye diagnóstico ni dictamen oficial.
PSP2_R0405;PSP2_P031;PSP2_T028;PSP2_TA029;media;El profesional debe adaptar la pauta a edad, contexto escolar, evaluación individual, familia, centro educativo y normativa aplicable. No sustituye diagnóstico ni dictamen oficial.
PSP2_R0406;PSP2_P031;PSP2_T009;PSP2_TA039;media;El profesional debe adaptar la pauta a edad, contexto escolar, evaluación individual, familia, centro educativo y normativa aplicable. No sustituye diagnóstico ni dictamen oficial.
PSP2_R0407;PSP2_P031;PSP2_T010;PSP2_TA059;media;El profesional debe adaptar la pauta a edad, contexto escolar, evaluación individual, familia, centro educativo y normativa aplicable. No sustituye diagnóstico ni dictamen oficial.
PSP2_R0408;PSP2_P031;PSP2_T031;PSP2_TA007;media;El profesional debe adaptar la pauta a edad, contexto escolar, evaluación individual, familia, centro educativo y normativa aplicable. No sustituye diagnóstico ni dictamen oficial.
PSP2_R0409;PSP2_P031;PSP2_T031;PSP2_TA038;media;El profesional debe adaptar la pauta a edad, contexto escolar, evaluación individual, familia, centro educativo y normativa aplicable. No sustituye diagnóstico ni dictamen oficial.
PSP2_R0410;PSP2_P031;PSP2_T031;PSP2_TA042;media;El profesional debe adaptar la pauta a edad, contexto escolar, evaluación individual, familia, centro educativo y normativa aplicable. No sustituye diagnóstico ni dictamen oficial.
PSP2_R0411;PSP2_P031;PSP2_T041;PSP2_TA055;media;El profesional debe adaptar la pauta a edad, contexto escolar, evaluación individual, familia, centro educativo y normativa aplicable. No sustituye diagnóstico ni dictamen oficial.
PSP2_R0412;PSP2_P032;PSP2_T026;PSP2_TA035;media;El profesional debe adaptar la pauta a edad, contexto escolar, evaluación individual, familia, centro educativo y normativa aplicable. No sustituye diagnóstico ni dictamen oficial.
PSP2_R0413;PSP2_P032;PSP2_T026;PSP2_TA036;media;El profesional debe adaptar la pauta a edad, contexto escolar, evaluación individual, familia, centro educativo y normativa aplicable. No sustituye diagnóstico ni dictamen oficial.
PSP2_R0414;PSP2_P032;PSP2_T027;PSP2_TA037;media;El profesional debe adaptar la pauta a edad, contexto escolar, evaluación individual, familia, centro educativo y normativa aplicable. No sustituye diagnóstico ni dictamen oficial.
PSP2_R0415;PSP2_P032;PSP2_T028;PSP2_TA029;media;El profesional debe adaptar la pauta a edad, contexto escolar, evaluación individual, familia, centro educativo y normativa aplicable. No sustituye diagnóstico ni dictamen oficial.
PSP2_R0416;PSP2_P032;PSP2_T009;PSP2_TA039;media;El profesional debe adaptar la pauta a edad, contexto escolar, evaluación individual, familia, centro educativo y normativa aplicable. No sustituye diagnóstico ni dictamen oficial.
PSP2_R0417;PSP2_P032;PSP2_T010;PSP2_TA059;media;El profesional debe adaptar la pauta a edad, contexto escolar, evaluación individual, familia, centro educativo y normativa aplicable. No sustituye diagnóstico ni dictamen oficial.
PSP2_R0418;PSP2_P032;PSP2_T031;PSP2_TA007;media;El profesional debe adaptar la pauta a edad, contexto escolar, evaluación individual, familia, centro educativo y normativa aplicable. No sustituye diagnóstico ni dictamen oficial.
PSP2_R0419;PSP2_P032;PSP2_T031;PSP2_TA038;media;El profesional debe adaptar la pauta a edad, contexto escolar, evaluación individual, familia, centro educativo y normativa aplicable. No sustituye diagnóstico ni dictamen oficial.
PSP2_R0420;PSP2_P032;PSP2_T031;PSP2_TA042;media;El profesional debe adaptar la pauta a edad, contexto escolar, evaluación individual, familia, centro educativo y normativa aplicable. No sustituye diagnóstico ni dictamen oficial.
PSP2_R0421;PSP2_P032;PSP2_T041;PSP2_TA055;media;El profesional debe adaptar la pauta a edad, contexto escolar, evaluación individual, familia, centro educativo y normativa aplicable. No sustituye diagnóstico ni dictamen oficial.
PSP2_R0422;PSP2_P033;PSP2_T026;PSP2_TA035;media;El profesional debe adaptar la pauta a edad, contexto escolar, evaluación individual, familia, centro educativo y normativa aplicable. No sustituye diagnóstico ni dictamen oficial.
PSP2_R0423;PSP2_P033;PSP2_T026;PSP2_TA036;media;El profesional debe adaptar la pauta a edad, contexto escolar, evaluación individual, familia, centro educativo y normativa aplicable. No sustituye diagnóstico ni dictamen oficial.
PSP2_R0424;PSP2_P033;PSP2_T027;PSP2_TA037;media;El profesional debe adaptar la pauta a edad, contexto escolar, evaluación individual, familia, centro educativo y normativa aplicable. No sustituye diagnóstico ni dictamen oficial.
PSP2_R0425;PSP2_P033;PSP2_T028;PSP2_TA029;media;El profesional debe adaptar la pauta a edad, contexto escolar, evaluación individual, familia, centro educativo y normativa aplicable. No sustituye diagnóstico ni dictamen oficial.
PSP2_R0426;PSP2_P033;PSP2_T009;PSP2_TA039;media;El profesional debe adaptar la pauta a edad, contexto escolar, evaluación individual, familia, centro educativo y normativa aplicable. No sustituye diagnóstico ni dictamen oficial.
PSP2_R0427;PSP2_P033;PSP2_T010;PSP2_TA059;media;El profesional debe adaptar la pauta a edad, contexto escolar, evaluación individual, familia, centro educativo y normativa aplicable. No sustituye diagnóstico ni dictamen oficial.
PSP2_R0428;PSP2_P033;PSP2_T031;PSP2_TA007;media;El profesional debe adaptar la pauta a edad, contexto escolar, evaluación individual, familia, centro educativo y normativa aplicable. No sustituye diagnóstico ni dictamen oficial.
PSP2_R0429;PSP2_P033;PSP2_T031;PSP2_TA038;media;El profesional debe adaptar la pauta a edad, contexto escolar, evaluación individual, familia, centro educativo y normativa aplicable. No sustituye diagnóstico ni dictamen oficial.
PSP2_R0430;PSP2_P033;PSP2_T031;PSP2_TA042;media;El profesional debe adaptar la pauta a edad, contexto escolar, evaluación individual, familia, centro educativo y normativa aplicable. No sustituye diagnóstico ni dictamen oficial.
PSP2_R0431;PSP2_P033;PSP2_T041;PSP2_TA055;media;El profesional debe adaptar la pauta a edad, contexto escolar, evaluación individual, familia, centro educativo y normativa aplicable. No sustituye diagnóstico ni dictamen oficial.
PSP2_R0432;PSP2_P034;PSP2_T026;PSP2_TA035;media;El profesional debe adaptar la pauta a edad, contexto escolar, evaluación individual, familia, centro educativo y normativa aplicable. No sustituye diagnóstico ni dictamen oficial.
PSP2_R0433;PSP2_P034;PSP2_T026;PSP2_TA036;media;El profesional debe adaptar la pauta a edad, contexto escolar, evaluación individual, familia, centro educativo y normativa aplicable. No sustituye diagnóstico ni dictamen oficial.
PSP2_R0434;PSP2_P034;PSP2_T027;PSP2_TA037;media;El profesional debe adaptar la pauta a edad, contexto escolar, evaluación individual, familia, centro educativo y normativa aplicable. No sustituye diagnóstico ni dictamen oficial.
PSP2_R0435;PSP2_P034;PSP2_T028;PSP2_TA029;media;El profesional debe adaptar la pauta a edad, contexto escolar, evaluación individual, familia, centro educativo y normativa aplicable. No sustituye diagnóstico ni dictamen oficial.
PSP2_R0436;PSP2_P034;PSP2_T009;PSP2_TA039;media;El profesional debe adaptar la pauta a edad, contexto escolar, evaluación individual, familia, centro educativo y normativa aplicable. No sustituye diagnóstico ni dictamen oficial.
PSP2_R0437;PSP2_P034;PSP2_T010;PSP2_TA059;media;El profesional debe adaptar la pauta a edad, contexto escolar, evaluación individual, familia, centro educativo y normativa aplicable. No sustituye diagnóstico ni dictamen oficial.
PSP2_R0438;PSP2_P034;PSP2_T031;PSP2_TA007;media;El profesional debe adaptar la pauta a edad, contexto escolar, evaluación individual, familia, centro educativo y normativa aplicable. No sustituye diagnóstico ni dictamen oficial.
PSP2_R0439;PSP2_P034;PSP2_T031;PSP2_TA038;media;El profesional debe adaptar la pauta a edad, contexto escolar, evaluación individual, familia, centro educativo y normativa aplicable. No sustituye diagnóstico ni dictamen oficial.
PSP2_R0440;PSP2_P034;PSP2_T031;PSP2_TA042;media;El profesional debe adaptar la pauta a edad, contexto escolar, evaluación individual, familia, centro educativo y normativa aplicable. No sustituye diagnóstico ni dictamen oficial.
PSP2_R0441;PSP2_P034;PSP2_T041;PSP2_TA055;media;El profesional debe adaptar la pauta a edad, contexto escolar, evaluación individual, familia, centro educativo y normativa aplicable. No sustituye diagnóstico ni dictamen oficial.
PSP2_R0442;PSP2_P035;PSP2_T002;PSP2_TA002;media;El profesional debe adaptar la pauta a edad, contexto escolar, evaluación individual, familia, centro educativo y normativa aplicable. No sustituye diagnóstico ni dictamen oficial.
PSP2_R0443;PSP2_P035;PSP2_T003;PSP2_TA001;alta;El profesional debe adaptar la pauta a edad, contexto escolar, evaluación individual, familia, centro educativo y normativa aplicable. No sustituye diagnóstico ni dictamen oficial.
PSP2_R0444;PSP2_P035;PSP2_T005;PSP2_TA004;media;El profesional debe adaptar la pauta a edad, contexto escolar, evaluación individual, familia, centro educativo y normativa aplicable. No sustituye diagnóstico ni dictamen oficial.
PSP2_R0445;PSP2_P035;PSP2_T008;PSP2_TA006;media;El profesional debe adaptar la pauta a edad, contexto escolar, evaluación individual, familia, centro educativo y normativa aplicable. No sustituye diagnóstico ni dictamen oficial.
PSP2_R0446;PSP2_P035;PSP2_T029;PSP2_TA009;media;El profesional debe adaptar la pauta a edad, contexto escolar, evaluación individual, familia, centro educativo y normativa aplicable. No sustituye diagnóstico ni dictamen oficial.
PSP2_R0447;PSP2_P035;PSP2_T029;PSP2_TA040;alta;El profesional debe adaptar la pauta a edad, contexto escolar, evaluación individual, familia, centro educativo y normativa aplicable. No sustituye diagnóstico ni dictamen oficial.
PSP2_R0448;PSP2_P035;PSP2_T030;PSP2_TA010;media;El profesional debe adaptar la pauta a edad, contexto escolar, evaluación individual, familia, centro educativo y normativa aplicable. No sustituye diagnóstico ni dictamen oficial.
PSP2_R0449;PSP2_P035;PSP2_T030;PSP2_TA022;media;El profesional debe adaptar la pauta a edad, contexto escolar, evaluación individual, familia, centro educativo y normativa aplicable. No sustituye diagnóstico ni dictamen oficial.
PSP2_R0450;PSP2_P035;PSP2_T030;PSP2_TA041;media;El profesional debe adaptar la pauta a edad, contexto escolar, evaluación individual, familia, centro educativo y normativa aplicable. No sustituye diagnóstico ni dictamen oficial.
PSP2_R0451;PSP2_P035;PSP2_T031;PSP2_TA007;media;El profesional debe adaptar la pauta a edad, contexto escolar, evaluación individual, familia, centro educativo y normativa aplicable. No sustituye diagnóstico ni dictamen oficial.
PSP2_R0452;PSP2_P035;PSP2_T031;PSP2_TA038;media;El profesional debe adaptar la pauta a edad, contexto escolar, evaluación individual, familia, centro educativo y normativa aplicable. No sustituye diagnóstico ni dictamen oficial.
PSP2_R0453;PSP2_P035;PSP2_T031;PSP2_TA042;media;El profesional debe adaptar la pauta a edad, contexto escolar, evaluación individual, familia, centro educativo y normativa aplicable. No sustituye diagnóstico ni dictamen oficial.
PSP2_R0454;PSP2_P035;PSP2_T032;PSP2_TA018;media;El profesional debe adaptar la pauta a edad, contexto escolar, evaluación individual, familia, centro educativo y normativa aplicable. No sustituye diagnóstico ni dictamen oficial.
PSP2_R0455;PSP2_P035;PSP2_T032;PSP2_TA021;media;El profesional debe adaptar la pauta a edad, contexto escolar, evaluación individual, familia, centro educativo y normativa aplicable. No sustituye diagnóstico ni dictamen oficial.
PSP2_R0456;PSP2_P035;PSP2_T032;PSP2_TA043;media;El profesional debe adaptar la pauta a edad, contexto escolar, evaluación individual, familia, centro educativo y normativa aplicable. No sustituye diagnóstico ni dictamen oficial.
PSP2_R0457;PSP2_P035;PSP2_T040;PSP2_TA052;media;El profesional debe adaptar la pauta a edad, contexto escolar, evaluación individual, familia, centro educativo y normativa aplicable. No sustituye diagnóstico ni dictamen oficial.
PSP2_R0458;PSP2_P036;PSP2_T002;PSP2_TA002;media;El profesional debe adaptar la pauta a edad, contexto escolar, evaluación individual, familia, centro educativo y normativa aplicable. No sustituye diagnóstico ni dictamen oficial.
PSP2_R0459;PSP2_P036;PSP2_T003;PSP2_TA001;alta;El profesional debe adaptar la pauta a edad, contexto escolar, evaluación individual, familia, centro educativo y normativa aplicable. No sustituye diagnóstico ni dictamen oficial.
PSP2_R0460;PSP2_P036;PSP2_T005;PSP2_TA004;media;El profesional debe adaptar la pauta a edad, contexto escolar, evaluación individual, familia, centro educativo y normativa aplicable. No sustituye diagnóstico ni dictamen oficial.
PSP2_R0461;PSP2_P036;PSP2_T008;PSP2_TA006;media;El profesional debe adaptar la pauta a edad, contexto escolar, evaluación individual, familia, centro educativo y normativa aplicable. No sustituye diagnóstico ni dictamen oficial.
PSP2_R0462;PSP2_P036;PSP2_T029;PSP2_TA009;media;El profesional debe adaptar la pauta a edad, contexto escolar, evaluación individual, familia, centro educativo y normativa aplicable. No sustituye diagnóstico ni dictamen oficial.
PSP2_R0463;PSP2_P036;PSP2_T029;PSP2_TA040;alta;El profesional debe adaptar la pauta a edad, contexto escolar, evaluación individual, familia, centro educativo y normativa aplicable. No sustituye diagnóstico ni dictamen oficial.
PSP2_R0464;PSP2_P036;PSP2_T030;PSP2_TA010;media;El profesional debe adaptar la pauta a edad, contexto escolar, evaluación individual, familia, centro educativo y normativa aplicable. No sustituye diagnóstico ni dictamen oficial.
PSP2_R0465;PSP2_P036;PSP2_T030;PSP2_TA022;media;El profesional debe adaptar la pauta a edad, contexto escolar, evaluación individual, familia, centro educativo y normativa aplicable. No sustituye diagnóstico ni dictamen oficial.
PSP2_R0466;PSP2_P036;PSP2_T030;PSP2_TA041;media;El profesional debe adaptar la pauta a edad, contexto escolar, evaluación individual, familia, centro educativo y normativa aplicable. No sustituye diagnóstico ni dictamen oficial.
PSP2_R0467;PSP2_P036;PSP2_T031;PSP2_TA007;media;El profesional debe adaptar la pauta a edad, contexto escolar, evaluación individual, familia, centro educativo y normativa aplicable. No sustituye diagnóstico ni dictamen oficial.
PSP2_R0468;PSP2_P036;PSP2_T031;PSP2_TA038;media;El profesional debe adaptar la pauta a edad, contexto escolar, evaluación individual, familia, centro educativo y normativa aplicable. No sustituye diagnóstico ni dictamen oficial.
PSP2_R0469;PSP2_P036;PSP2_T031;PSP2_TA042;media;El profesional debe adaptar la pauta a edad, contexto escolar, evaluación individual, familia, centro educativo y normativa aplicable. No sustituye diagnóstico ni dictamen oficial.
PSP2_R0470;PSP2_P036;PSP2_T032;PSP2_TA018;media;El profesional debe adaptar la pauta a edad, contexto escolar, evaluación individual, familia, centro educativo y normativa aplicable. No sustituye diagnóstico ni dictamen oficial.
PSP2_R0471;PSP2_P036;PSP2_T032;PSP2_TA021;media;El profesional debe adaptar la pauta a edad, contexto escolar, evaluación individual, familia, centro educativo y normativa aplicable. No sustituye diagnóstico ni dictamen oficial.
PSP2_R0472;PSP2_P036;PSP2_T032;PSP2_TA043;media;El profesional debe adaptar la pauta a edad, contexto escolar, evaluación individual, familia, centro educativo y normativa aplicable. No sustituye diagnóstico ni dictamen oficial.
PSP2_R0473;PSP2_P036;PSP2_T040;PSP2_TA052;media;El profesional debe adaptar la pauta a edad, contexto escolar, evaluación individual, familia, centro educativo y normativa aplicable. No sustituye diagnóstico ni dictamen oficial.
PSP2_R0474;PSP2_P037;PSP2_T002;PSP2_TA002;media;El profesional debe adaptar la pauta a edad, contexto escolar, evaluación individual, familia, centro educativo y normativa aplicable. No sustituye diagnóstico ni dictamen oficial.
PSP2_R0475;PSP2_P037;PSP2_T003;PSP2_TA001;alta;El profesional debe adaptar la pauta a edad, contexto escolar, evaluación individual, familia, centro educativo y normativa aplicable. No sustituye diagnóstico ni dictamen oficial.
PSP2_R0476;PSP2_P037;PSP2_T005;PSP2_TA004;media;El profesional debe adaptar la pauta a edad, contexto escolar, evaluación individual, familia, centro educativo y normativa aplicable. No sustituye diagnóstico ni dictamen oficial.
PSP2_R0477;PSP2_P037;PSP2_T008;PSP2_TA006;media;El profesional debe adaptar la pauta a edad, contexto escolar, evaluación individual, familia, centro educativo y normativa aplicable. No sustituye diagnóstico ni dictamen oficial.
PSP2_R0478;PSP2_P037;PSP2_T029;PSP2_TA009;media;El profesional debe adaptar la pauta a edad, contexto escolar, evaluación individual, familia, centro educativo y normativa aplicable. No sustituye diagnóstico ni dictamen oficial.
PSP2_R0479;PSP2_P037;PSP2_T029;PSP2_TA040;alta;El profesional debe adaptar la pauta a edad, contexto escolar, evaluación individual, familia, centro educativo y normativa aplicable. No sustituye diagnóstico ni dictamen oficial.
PSP2_R0480;PSP2_P037;PSP2_T030;PSP2_TA010;media;El profesional debe adaptar la pauta a edad, contexto escolar, evaluación individual, familia, centro educativo y normativa aplicable. No sustituye diagnóstico ni dictamen oficial.
PSP2_R0481;PSP2_P037;PSP2_T030;PSP2_TA022;media;El profesional debe adaptar la pauta a edad, contexto escolar, evaluación individual, familia, centro educativo y normativa aplicable. No sustituye diagnóstico ni dictamen oficial.
PSP2_R0482;PSP2_P037;PSP2_T030;PSP2_TA041;media;El profesional debe adaptar la pauta a edad, contexto escolar, evaluación individual, familia, centro educativo y normativa aplicable. No sustituye diagnóstico ni dictamen oficial.
PSP2_R0483;PSP2_P037;PSP2_T031;PSP2_TA007;media;El profesional debe adaptar la pauta a edad, contexto escolar, evaluación individual, familia, centro educativo y normativa aplicable. No sustituye diagnóstico ni dictamen oficial.
PSP2_R0484;PSP2_P037;PSP2_T031;PSP2_TA038;media;El profesional debe adaptar la pauta a edad, contexto escolar, evaluación individual, familia, centro educativo y normativa aplicable. No sustituye diagnóstico ni dictamen oficial.
PSP2_R0485;PSP2_P037;PSP2_T031;PSP2_TA042;media;El profesional debe adaptar la pauta a edad, contexto escolar, evaluación individual, familia, centro educativo y normativa aplicable. No sustituye diagnóstico ni dictamen oficial.
PSP2_R0486;PSP2_P037;PSP2_T032;PSP2_TA018;media;El profesional debe adaptar la pauta a edad, contexto escolar, evaluación individual, familia, centro educativo y normativa aplicable. No sustituye diagnóstico ni dictamen oficial.
PSP2_R0487;PSP2_P037;PSP2_T032;PSP2_TA021;media;El profesional debe adaptar la pauta a edad, contexto escolar, evaluación individual, familia, centro educativo y normativa aplicable. No sustituye diagnóstico ni dictamen oficial.
PSP2_R0488;PSP2_P037;PSP2_T032;PSP2_TA043;media;El profesional debe adaptar la pauta a edad, contexto escolar, evaluación individual, familia, centro educativo y normativa aplicable. No sustituye diagnóstico ni dictamen oficial.
PSP2_R0489;PSP2_P037;PSP2_T040;PSP2_TA052;media;El profesional debe adaptar la pauta a edad, contexto escolar, evaluación individual, familia, centro educativo y normativa aplicable. No sustituye diagnóstico ni dictamen oficial.
PSP2_R0490;PSP2_P038;PSP2_T002;PSP2_TA002;media;El profesional debe adaptar la pauta a edad, contexto escolar, evaluación individual, familia, centro educativo y normativa aplicable. No sustituye diagnóstico ni dictamen oficial.
PSP2_R0491;PSP2_P038;PSP2_T003;PSP2_TA001;alta;El profesional debe adaptar la pauta a edad, contexto escolar, evaluación individual, familia, centro educativo y normativa aplicable. No sustituye diagnóstico ni dictamen oficial.
PSP2_R0492;PSP2_P038;PSP2_T005;PSP2_TA004;media;El profesional debe adaptar la pauta a edad, contexto escolar, evaluación individual, familia, centro educativo y normativa aplicable. No sustituye diagnóstico ni dictamen oficial.
PSP2_R0493;PSP2_P038;PSP2_T008;PSP2_TA006;media;El profesional debe adaptar la pauta a edad, contexto escolar, evaluación individual, familia, centro educativo y normativa aplicable. No sustituye diagnóstico ni dictamen oficial.
PSP2_R0494;PSP2_P038;PSP2_T029;PSP2_TA009;media;El profesional debe adaptar la pauta a edad, contexto escolar, evaluación individual, familia, centro educativo y normativa aplicable. No sustituye diagnóstico ni dictamen oficial.
PSP2_R0495;PSP2_P038;PSP2_T029;PSP2_TA040;alta;El profesional debe adaptar la pauta a edad, contexto escolar, evaluación individual, familia, centro educativo y normativa aplicable. No sustituye diagnóstico ni dictamen oficial.
PSP2_R0496;PSP2_P038;PSP2_T030;PSP2_TA010;media;El profesional debe adaptar la pauta a edad, contexto escolar, evaluación individual, familia, centro educativo y normativa aplicable. No sustituye diagnóstico ni dictamen oficial.
PSP2_R0497;PSP2_P038;PSP2_T030;PSP2_TA022;media;El profesional debe adaptar la pauta a edad, contexto escolar, evaluación individual, familia, centro educativo y normativa aplicable. No sustituye diagnóstico ni dictamen oficial.
PSP2_R0498;PSP2_P038;PSP2_T030;PSP2_TA041;media;El profesional debe adaptar la pauta a edad, contexto escolar, evaluación individual, familia, centro educativo y normativa aplicable. No sustituye diagnóstico ni dictamen oficial.
PSP2_R0499;PSP2_P038;PSP2_T031;PSP2_TA007;media;El profesional debe adaptar la pauta a edad, contexto escolar, evaluación individual, familia, centro educativo y normativa aplicable. No sustituye diagnóstico ni dictamen oficial.
PSP2_R0500;PSP2_P038;PSP2_T031;PSP2_TA038;media;El profesional debe adaptar la pauta a edad, contexto escolar, evaluación individual, familia, centro educativo y normativa aplicable. No sustituye diagnóstico ni dictamen oficial.
PSP2_R0501;PSP2_P038;PSP2_T031;PSP2_TA042;media;El profesional debe adaptar la pauta a edad, contexto escolar, evaluación individual, familia, centro educativo y normativa aplicable. No sustituye diagnóstico ni dictamen oficial.
PSP2_R0502;PSP2_P038;PSP2_T032;PSP2_TA018;media;El profesional debe adaptar la pauta a edad, contexto escolar, evaluación individual, familia, centro educativo y normativa aplicable. No sustituye diagnóstico ni dictamen oficial.
PSP2_R0503;PSP2_P038;PSP2_T032;PSP2_TA021;media;El profesional debe adaptar la pauta a edad, contexto escolar, evaluación individual, familia, centro educativo y normativa aplicable. No sustituye diagnóstico ni dictamen oficial.
PSP2_R0504;PSP2_P038;PSP2_T032;PSP2_TA043;media;El profesional debe adaptar la pauta a edad, contexto escolar, evaluación individual, familia, centro educativo y normativa aplicable. No sustituye diagnóstico ni dictamen oficial.
PSP2_R0505;PSP2_P038;PSP2_T040;PSP2_TA052;media;El profesional debe adaptar la pauta a edad, contexto escolar, evaluación individual, familia, centro educativo y normativa aplicable. No sustituye diagnóstico ni dictamen oficial.
PSP2_R0506;PSP2_P039;PSP2_T002;PSP2_TA002;media;El profesional debe adaptar la pauta a edad, contexto escolar, evaluación individual, familia, centro educativo y normativa aplicable. No sustituye diagnóstico ni dictamen oficial.
PSP2_R0507;PSP2_P039;PSP2_T003;PSP2_TA001;alta;El profesional debe adaptar la pauta a edad, contexto escolar, evaluación individual, familia, centro educativo y normativa aplicable. No sustituye diagnóstico ni dictamen oficial.
PSP2_R0508;PSP2_P039;PSP2_T005;PSP2_TA004;media;El profesional debe adaptar la pauta a edad, contexto escolar, evaluación individual, familia, centro educativo y normativa aplicable. No sustituye diagnóstico ni dictamen oficial.
PSP2_R0509;PSP2_P039;PSP2_T008;PSP2_TA006;media;El profesional debe adaptar la pauta a edad, contexto escolar, evaluación individual, familia, centro educativo y normativa aplicable. No sustituye diagnóstico ni dictamen oficial.
PSP2_R0510;PSP2_P039;PSP2_T029;PSP2_TA009;media;El profesional debe adaptar la pauta a edad, contexto escolar, evaluación individual, familia, centro educativo y normativa aplicable. No sustituye diagnóstico ni dictamen oficial.
PSP2_R0511;PSP2_P039;PSP2_T029;PSP2_TA040;alta;El profesional debe adaptar la pauta a edad, contexto escolar, evaluación individual, familia, centro educativo y normativa aplicable. No sustituye diagnóstico ni dictamen oficial.
PSP2_R0512;PSP2_P039;PSP2_T030;PSP2_TA010;media;El profesional debe adaptar la pauta a edad, contexto escolar, evaluación individual, familia, centro educativo y normativa aplicable. No sustituye diagnóstico ni dictamen oficial.
PSP2_R0513;PSP2_P039;PSP2_T030;PSP2_TA022;media;El profesional debe adaptar la pauta a edad, contexto escolar, evaluación individual, familia, centro educativo y normativa aplicable. No sustituye diagnóstico ni dictamen oficial.
PSP2_R0514;PSP2_P039;PSP2_T030;PSP2_TA041;media;El profesional debe adaptar la pauta a edad, contexto escolar, evaluación individual, familia, centro educativo y normativa aplicable. No sustituye diagnóstico ni dictamen oficial.
PSP2_R0515;PSP2_P039;PSP2_T031;PSP2_TA007;media;El profesional debe adaptar la pauta a edad, contexto escolar, evaluación individual, familia, centro educativo y normativa aplicable. No sustituye diagnóstico ni dictamen oficial.
PSP2_R0516;PSP2_P039;PSP2_T031;PSP2_TA038;media;El profesional debe adaptar la pauta a edad, contexto escolar, evaluación individual, familia, centro educativo y normativa aplicable. No sustituye diagnóstico ni dictamen oficial.
PSP2_R0517;PSP2_P039;PSP2_T031;PSP2_TA042;media;El profesional debe adaptar la pauta a edad, contexto escolar, evaluación individual, familia, centro educativo y normativa aplicable. No sustituye diagnóstico ni dictamen oficial.
PSP2_R0518;PSP2_P039;PSP2_T032;PSP2_TA018;media;El profesional debe adaptar la pauta a edad, contexto escolar, evaluación individual, familia, centro educativo y normativa aplicable. No sustituye diagnóstico ni dictamen oficial.
PSP2_R0519;PSP2_P039;PSP2_T032;PSP2_TA021;media;El profesional debe adaptar la pauta a edad, contexto escolar, evaluación individual, familia, centro educativo y normativa aplicable. No sustituye diagnóstico ni dictamen oficial.
PSP2_R0520;PSP2_P039;PSP2_T032;PSP2_TA043;media;El profesional debe adaptar la pauta a edad, contexto escolar, evaluación individual, familia, centro educativo y normativa aplicable. No sustituye diagnóstico ni dictamen oficial.
PSP2_R0521;PSP2_P039;PSP2_T040;PSP2_TA052;media;El profesional debe adaptar la pauta a edad, contexto escolar, evaluación individual, familia, centro educativo y normativa aplicable. No sustituye diagnóstico ni dictamen oficial.
PSP2_R0522;PSP2_P040;PSP2_T002;PSP2_TA002;media;El profesional debe adaptar la pauta a edad, contexto escolar, evaluación individual, familia, centro educativo y normativa aplicable. No sustituye diagnóstico ni dictamen oficial.
PSP2_R0523;PSP2_P040;PSP2_T003;PSP2_TA001;alta;El profesional debe adaptar la pauta a edad, contexto escolar, evaluación individual, familia, centro educativo y normativa aplicable. No sustituye diagnóstico ni dictamen oficial.
PSP2_R0524;PSP2_P040;PSP2_T005;PSP2_TA004;media;El profesional debe adaptar la pauta a edad, contexto escolar, evaluación individual, familia, centro educativo y normativa aplicable. No sustituye diagnóstico ni dictamen oficial.
PSP2_R0525;PSP2_P040;PSP2_T008;PSP2_TA006;media;El profesional debe adaptar la pauta a edad, contexto escolar, evaluación individual, familia, centro educativo y normativa aplicable. No sustituye diagnóstico ni dictamen oficial.
PSP2_R0526;PSP2_P040;PSP2_T029;PSP2_TA009;media;El profesional debe adaptar la pauta a edad, contexto escolar, evaluación individual, familia, centro educativo y normativa aplicable. No sustituye diagnóstico ni dictamen oficial.
PSP2_R0527;PSP2_P040;PSP2_T029;PSP2_TA040;alta;El profesional debe adaptar la pauta a edad, contexto escolar, evaluación individual, familia, centro educativo y normativa aplicable. No sustituye diagnóstico ni dictamen oficial.
PSP2_R0528;PSP2_P040;PSP2_T030;PSP2_TA010;media;El profesional debe adaptar la pauta a edad, contexto escolar, evaluación individual, familia, centro educativo y normativa aplicable. No sustituye diagnóstico ni dictamen oficial.
PSP2_R0529;PSP2_P040;PSP2_T030;PSP2_TA022;media;El profesional debe adaptar la pauta a edad, contexto escolar, evaluación individual, familia, centro educativo y normativa aplicable. No sustituye diagnóstico ni dictamen oficial.
PSP2_R0530;PSP2_P040;PSP2_T030;PSP2_TA041;media;El profesional debe adaptar la pauta a edad, contexto escolar, evaluación individual, familia, centro educativo y normativa aplicable. No sustituye diagnóstico ni dictamen oficial.
PSP2_R0531;PSP2_P040;PSP2_T031;PSP2_TA007;media;El profesional debe adaptar la pauta a edad, contexto escolar, evaluación individual, familia, centro educativo y normativa aplicable. No sustituye diagnóstico ni dictamen oficial.
PSP2_R0532;PSP2_P040;PSP2_T031;PSP2_TA038;media;El profesional debe adaptar la pauta a edad, contexto escolar, evaluación individual, familia, centro educativo y normativa aplicable. No sustituye diagnóstico ni dictamen oficial.
PSP2_R0533;PSP2_P040;PSP2_T031;PSP2_TA042;media;El profesional debe adaptar la pauta a edad, contexto escolar, evaluación individual, familia, centro educativo y normativa aplicable. No sustituye diagnóstico ni dictamen oficial.
PSP2_R0534;PSP2_P040;PSP2_T032;PSP2_TA018;media;El profesional debe adaptar la pauta a edad, contexto escolar, evaluación individual, familia, centro educativo y normativa aplicable. No sustituye diagnóstico ni dictamen oficial.
PSP2_R0535;PSP2_P040;PSP2_T032;PSP2_TA021;media;El profesional debe adaptar la pauta a edad, contexto escolar, evaluación individual, familia, centro educativo y normativa aplicable. No sustituye diagnóstico ni dictamen oficial.
PSP2_R0536;PSP2_P040;PSP2_T032;PSP2_TA043;media;El profesional debe adaptar la pauta a edad, contexto escolar, evaluación individual, familia, centro educativo y normativa aplicable. No sustituye diagnóstico ni dictamen oficial.
PSP2_R0537;PSP2_P040;PSP2_T040;PSP2_TA052;media;El profesional debe adaptar la pauta a edad, contexto escolar, evaluación individual, familia, centro educativo y normativa aplicable. No sustituye diagnóstico ni dictamen oficial.
PSP2_R0538;PSP2_P041;PSP2_T033;PSP2_TA045;media;El profesional debe adaptar la pauta a edad, contexto escolar, evaluación individual, familia, centro educativo y normativa aplicable. No sustituye diagnóstico ni dictamen oficial.
PSP2_R0539;PSP2_P041;PSP2_T034;PSP2_TA044;alta;El profesional debe adaptar la pauta a edad, contexto escolar, evaluación individual, familia, centro educativo y normativa aplicable. No sustituye diagnóstico ni dictamen oficial.
PSP2_R0540;PSP2_P041;PSP2_T034;PSP2_TA046;media;El profesional debe adaptar la pauta a edad, contexto escolar, evaluación individual, familia, centro educativo y normativa aplicable. No sustituye diagnóstico ni dictamen oficial.
PSP2_R0541;PSP2_P041;PSP2_T035;PSP2_TA034;media;El profesional debe adaptar la pauta a edad, contexto escolar, evaluación individual, familia, centro educativo y normativa aplicable. No sustituye diagnóstico ni dictamen oficial.
PSP2_R0542;PSP2_P041;PSP2_T035;PSP2_TA047;media;El profesional debe adaptar la pauta a edad, contexto escolar, evaluación individual, familia, centro educativo y normativa aplicable. No sustituye diagnóstico ni dictamen oficial.
PSP2_R0543;PSP2_P041;PSP2_T006;PSP2_TA008;media;El profesional debe adaptar la pauta a edad, contexto escolar, evaluación individual, familia, centro educativo y normativa aplicable. No sustituye diagnóstico ni dictamen oficial.
PSP2_R0544;PSP2_P041;PSP2_T006;PSP2_TA048;media;El profesional debe adaptar la pauta a edad, contexto escolar, evaluación individual, familia, centro educativo y normativa aplicable. No sustituye diagnóstico ni dictamen oficial.
PSP2_R0545;PSP2_P041;PSP2_T006;PSP2_TA060;media;El profesional debe adaptar la pauta a edad, contexto escolar, evaluación individual, familia, centro educativo y normativa aplicable. No sustituye diagnóstico ni dictamen oficial.
PSP2_R0546;PSP2_P041;PSP2_T008;PSP2_TA006;media;El profesional debe adaptar la pauta a edad, contexto escolar, evaluación individual, familia, centro educativo y normativa aplicable. No sustituye diagnóstico ni dictamen oficial.
PSP2_R0547;PSP2_P041;PSP2_T031;PSP2_TA007;media;El profesional debe adaptar la pauta a edad, contexto escolar, evaluación individual, familia, centro educativo y normativa aplicable. No sustituye diagnóstico ni dictamen oficial.
PSP2_R0548;PSP2_P041;PSP2_T031;PSP2_TA038;media;El profesional debe adaptar la pauta a edad, contexto escolar, evaluación individual, familia, centro educativo y normativa aplicable. No sustituye diagnóstico ni dictamen oficial.
PSP2_R0549;PSP2_P041;PSP2_T031;PSP2_TA042;media;El profesional debe adaptar la pauta a edad, contexto escolar, evaluación individual, familia, centro educativo y normativa aplicable. No sustituye diagnóstico ni dictamen oficial.
PSP2_R0550;PSP2_P042;PSP2_T033;PSP2_TA045;media;El profesional debe adaptar la pauta a edad, contexto escolar, evaluación individual, familia, centro educativo y normativa aplicable. No sustituye diagnóstico ni dictamen oficial.
PSP2_R0551;PSP2_P042;PSP2_T034;PSP2_TA044;alta;El profesional debe adaptar la pauta a edad, contexto escolar, evaluación individual, familia, centro educativo y normativa aplicable. No sustituye diagnóstico ni dictamen oficial.
PSP2_R0552;PSP2_P042;PSP2_T034;PSP2_TA046;media;El profesional debe adaptar la pauta a edad, contexto escolar, evaluación individual, familia, centro educativo y normativa aplicable. No sustituye diagnóstico ni dictamen oficial.
PSP2_R0553;PSP2_P042;PSP2_T035;PSP2_TA034;media;El profesional debe adaptar la pauta a edad, contexto escolar, evaluación individual, familia, centro educativo y normativa aplicable. No sustituye diagnóstico ni dictamen oficial.
PSP2_R0554;PSP2_P042;PSP2_T035;PSP2_TA047;media;El profesional debe adaptar la pauta a edad, contexto escolar, evaluación individual, familia, centro educativo y normativa aplicable. No sustituye diagnóstico ni dictamen oficial.
PSP2_R0555;PSP2_P042;PSP2_T006;PSP2_TA008;media;El profesional debe adaptar la pauta a edad, contexto escolar, evaluación individual, familia, centro educativo y normativa aplicable. No sustituye diagnóstico ni dictamen oficial.
PSP2_R0556;PSP2_P042;PSP2_T006;PSP2_TA048;media;El profesional debe adaptar la pauta a edad, contexto escolar, evaluación individual, familia, centro educativo y normativa aplicable. No sustituye diagnóstico ni dictamen oficial.
PSP2_R0557;PSP2_P042;PSP2_T006;PSP2_TA060;media;El profesional debe adaptar la pauta a edad, contexto escolar, evaluación individual, familia, centro educativo y normativa aplicable. No sustituye diagnóstico ni dictamen oficial.
PSP2_R0558;PSP2_P042;PSP2_T008;PSP2_TA006;media;El profesional debe adaptar la pauta a edad, contexto escolar, evaluación individual, familia, centro educativo y normativa aplicable. No sustituye diagnóstico ni dictamen oficial.
PSP2_R0559;PSP2_P042;PSP2_T031;PSP2_TA007;media;El profesional debe adaptar la pauta a edad, contexto escolar, evaluación individual, familia, centro educativo y normativa aplicable. No sustituye diagnóstico ni dictamen oficial.
PSP2_R0560;PSP2_P042;PSP2_T031;PSP2_TA038;media;El profesional debe adaptar la pauta a edad, contexto escolar, evaluación individual, familia, centro educativo y normativa aplicable. No sustituye diagnóstico ni dictamen oficial.
PSP2_R0561;PSP2_P042;PSP2_T031;PSP2_TA042;media;El profesional debe adaptar la pauta a edad, contexto escolar, evaluación individual, familia, centro educativo y normativa aplicable. No sustituye diagnóstico ni dictamen oficial.
PSP2_R0562;PSP2_P043;PSP2_T033;PSP2_TA045;media;El profesional debe adaptar la pauta a edad, contexto escolar, evaluación individual, familia, centro educativo y normativa aplicable. No sustituye diagnóstico ni dictamen oficial.
PSP2_R0563;PSP2_P043;PSP2_T034;PSP2_TA044;alta;El profesional debe adaptar la pauta a edad, contexto escolar, evaluación individual, familia, centro educativo y normativa aplicable. No sustituye diagnóstico ni dictamen oficial.
PSP2_R0564;PSP2_P043;PSP2_T034;PSP2_TA046;media;El profesional debe adaptar la pauta a edad, contexto escolar, evaluación individual, familia, centro educativo y normativa aplicable. No sustituye diagnóstico ni dictamen oficial.
PSP2_R0565;PSP2_P043;PSP2_T035;PSP2_TA034;media;El profesional debe adaptar la pauta a edad, contexto escolar, evaluación individual, familia, centro educativo y normativa aplicable. No sustituye diagnóstico ni dictamen oficial.
PSP2_R0566;PSP2_P043;PSP2_T035;PSP2_TA047;media;El profesional debe adaptar la pauta a edad, contexto escolar, evaluación individual, familia, centro educativo y normativa aplicable. No sustituye diagnóstico ni dictamen oficial.
PSP2_R0567;PSP2_P043;PSP2_T006;PSP2_TA008;media;El profesional debe adaptar la pauta a edad, contexto escolar, evaluación individual, familia, centro educativo y normativa aplicable. No sustituye diagnóstico ni dictamen oficial.
PSP2_R0568;PSP2_P043;PSP2_T006;PSP2_TA048;media;El profesional debe adaptar la pauta a edad, contexto escolar, evaluación individual, familia, centro educativo y normativa aplicable. No sustituye diagnóstico ni dictamen oficial.
PSP2_R0569;PSP2_P043;PSP2_T006;PSP2_TA060;media;El profesional debe adaptar la pauta a edad, contexto escolar, evaluación individual, familia, centro educativo y normativa aplicable. No sustituye diagnóstico ni dictamen oficial.
PSP2_R0570;PSP2_P043;PSP2_T008;PSP2_TA006;media;El profesional debe adaptar la pauta a edad, contexto escolar, evaluación individual, familia, centro educativo y normativa aplicable. No sustituye diagnóstico ni dictamen oficial.
PSP2_R0571;PSP2_P043;PSP2_T031;PSP2_TA007;media;El profesional debe adaptar la pauta a edad, contexto escolar, evaluación individual, familia, centro educativo y normativa aplicable. No sustituye diagnóstico ni dictamen oficial.
PSP2_R0572;PSP2_P043;PSP2_T031;PSP2_TA038;media;El profesional debe adaptar la pauta a edad, contexto escolar, evaluación individual, familia, centro educativo y normativa aplicable. No sustituye diagnóstico ni dictamen oficial.
PSP2_R0573;PSP2_P043;PSP2_T031;PSP2_TA042;media;El profesional debe adaptar la pauta a edad, contexto escolar, evaluación individual, familia, centro educativo y normativa aplicable. No sustituye diagnóstico ni dictamen oficial.
PSP2_R0574;PSP2_P044;PSP2_T033;PSP2_TA045;media;El profesional debe adaptar la pauta a edad, contexto escolar, evaluación individual, familia, centro educativo y normativa aplicable. No sustituye diagnóstico ni dictamen oficial.
PSP2_R0575;PSP2_P044;PSP2_T034;PSP2_TA044;alta;El profesional debe adaptar la pauta a edad, contexto escolar, evaluación individual, familia, centro educativo y normativa aplicable. No sustituye diagnóstico ni dictamen oficial.
PSP2_R0576;PSP2_P044;PSP2_T034;PSP2_TA046;media;El profesional debe adaptar la pauta a edad, contexto escolar, evaluación individual, familia, centro educativo y normativa aplicable. No sustituye diagnóstico ni dictamen oficial.
PSP2_R0577;PSP2_P044;PSP2_T035;PSP2_TA034;media;El profesional debe adaptar la pauta a edad, contexto escolar, evaluación individual, familia, centro educativo y normativa aplicable. No sustituye diagnóstico ni dictamen oficial.
PSP2_R0578;PSP2_P044;PSP2_T035;PSP2_TA047;media;El profesional debe adaptar la pauta a edad, contexto escolar, evaluación individual, familia, centro educativo y normativa aplicable. No sustituye diagnóstico ni dictamen oficial.
PSP2_R0579;PSP2_P044;PSP2_T006;PSP2_TA008;media;El profesional debe adaptar la pauta a edad, contexto escolar, evaluación individual, familia, centro educativo y normativa aplicable. No sustituye diagnóstico ni dictamen oficial.
PSP2_R0580;PSP2_P044;PSP2_T006;PSP2_TA048;media;El profesional debe adaptar la pauta a edad, contexto escolar, evaluación individual, familia, centro educativo y normativa aplicable. No sustituye diagnóstico ni dictamen oficial.
PSP2_R0581;PSP2_P044;PSP2_T006;PSP2_TA060;media;El profesional debe adaptar la pauta a edad, contexto escolar, evaluación individual, familia, centro educativo y normativa aplicable. No sustituye diagnóstico ni dictamen oficial.
PSP2_R0582;PSP2_P044;PSP2_T008;PSP2_TA006;media;El profesional debe adaptar la pauta a edad, contexto escolar, evaluación individual, familia, centro educativo y normativa aplicable. No sustituye diagnóstico ni dictamen oficial.
PSP2_R0583;PSP2_P044;PSP2_T031;PSP2_TA007;media;El profesional debe adaptar la pauta a edad, contexto escolar, evaluación individual, familia, centro educativo y normativa aplicable. No sustituye diagnóstico ni dictamen oficial.
PSP2_R0584;PSP2_P044;PSP2_T031;PSP2_TA038;media;El profesional debe adaptar la pauta a edad, contexto escolar, evaluación individual, familia, centro educativo y normativa aplicable. No sustituye diagnóstico ni dictamen oficial.
PSP2_R0585;PSP2_P044;PSP2_T031;PSP2_TA042;media;El profesional debe adaptar la pauta a edad, contexto escolar, evaluación individual, familia, centro educativo y normativa aplicable. No sustituye diagnóstico ni dictamen oficial.
PSP2_R0586;PSP2_P045;PSP2_T036;PSP2_TA049;alta;El profesional debe adaptar la pauta a edad, contexto escolar, evaluación individual, familia, centro educativo y normativa aplicable. No sustituye diagnóstico ni dictamen oficial.
PSP2_R0587;PSP2_P045;PSP2_T037;PSP2_TA050;media;El profesional debe adaptar la pauta a edad, contexto escolar, evaluación individual, familia, centro educativo y normativa aplicable. No sustituye diagnóstico ni dictamen oficial.
PSP2_R0588;PSP2_P045;PSP2_T038;PSP2_TA033;media;El profesional debe adaptar la pauta a edad, contexto escolar, evaluación individual, familia, centro educativo y normativa aplicable. No sustituye diagnóstico ni dictamen oficial.
PSP2_R0589;PSP2_P045;PSP2_T039;PSP2_TA051;media;El profesional debe adaptar la pauta a edad, contexto escolar, evaluación individual, familia, centro educativo y normativa aplicable. No sustituye diagnóstico ni dictamen oficial.
PSP2_R0590;PSP2_P045;PSP2_T040;PSP2_TA052;media;El profesional debe adaptar la pauta a edad, contexto escolar, evaluación individual, familia, centro educativo y normativa aplicable. No sustituye diagnóstico ni dictamen oficial.
PSP2_R0591;PSP2_P045;PSP2_T030;PSP2_TA010;media;El profesional debe adaptar la pauta a edad, contexto escolar, evaluación individual, familia, centro educativo y normativa aplicable. No sustituye diagnóstico ni dictamen oficial.
PSP2_R0592;PSP2_P045;PSP2_T030;PSP2_TA022;media;El profesional debe adaptar la pauta a edad, contexto escolar, evaluación individual, familia, centro educativo y normativa aplicable. No sustituye diagnóstico ni dictamen oficial.
PSP2_R0593;PSP2_P045;PSP2_T030;PSP2_TA041;media;El profesional debe adaptar la pauta a edad, contexto escolar, evaluación individual, familia, centro educativo y normativa aplicable. No sustituye diagnóstico ni dictamen oficial.
PSP2_R0594;PSP2_P045;PSP2_T031;PSP2_TA007;media;El profesional debe adaptar la pauta a edad, contexto escolar, evaluación individual, familia, centro educativo y normativa aplicable. No sustituye diagnóstico ni dictamen oficial.
PSP2_R0595;PSP2_P045;PSP2_T031;PSP2_TA038;media;El profesional debe adaptar la pauta a edad, contexto escolar, evaluación individual, familia, centro educativo y normativa aplicable. No sustituye diagnóstico ni dictamen oficial.
PSP2_R0596;PSP2_P045;PSP2_T031;PSP2_TA042;media;El profesional debe adaptar la pauta a edad, contexto escolar, evaluación individual, familia, centro educativo y normativa aplicable. No sustituye diagnóstico ni dictamen oficial.
PSP2_R0597;PSP2_P046;PSP2_T036;PSP2_TA049;alta;El profesional debe adaptar la pauta a edad, contexto escolar, evaluación individual, familia, centro educativo y normativa aplicable. No sustituye diagnóstico ni dictamen oficial.
PSP2_R0598;PSP2_P046;PSP2_T037;PSP2_TA050;media;El profesional debe adaptar la pauta a edad, contexto escolar, evaluación individual, familia, centro educativo y normativa aplicable. No sustituye diagnóstico ni dictamen oficial.
PSP2_R0599;PSP2_P046;PSP2_T038;PSP2_TA033;media;El profesional debe adaptar la pauta a edad, contexto escolar, evaluación individual, familia, centro educativo y normativa aplicable. No sustituye diagnóstico ni dictamen oficial.
PSP2_R0600;PSP2_P046;PSP2_T039;PSP2_TA051;media;El profesional debe adaptar la pauta a edad, contexto escolar, evaluación individual, familia, centro educativo y normativa aplicable. No sustituye diagnóstico ni dictamen oficial.
PSP2_R0601;PSP2_P046;PSP2_T040;PSP2_TA052;media;El profesional debe adaptar la pauta a edad, contexto escolar, evaluación individual, familia, centro educativo y normativa aplicable. No sustituye diagnóstico ni dictamen oficial.
PSP2_R0602;PSP2_P046;PSP2_T030;PSP2_TA010;media;El profesional debe adaptar la pauta a edad, contexto escolar, evaluación individual, familia, centro educativo y normativa aplicable. No sustituye diagnóstico ni dictamen oficial.
PSP2_R0603;PSP2_P046;PSP2_T030;PSP2_TA022;media;El profesional debe adaptar la pauta a edad, contexto escolar, evaluación individual, familia, centro educativo y normativa aplicable. No sustituye diagnóstico ni dictamen oficial.
PSP2_R0604;PSP2_P046;PSP2_T030;PSP2_TA041;media;El profesional debe adaptar la pauta a edad, contexto escolar, evaluación individual, familia, centro educativo y normativa aplicable. No sustituye diagnóstico ni dictamen oficial.
PSP2_R0605;PSP2_P046;PSP2_T031;PSP2_TA007;media;El profesional debe adaptar la pauta a edad, contexto escolar, evaluación individual, familia, centro educativo y normativa aplicable. No sustituye diagnóstico ni dictamen oficial.
PSP2_R0606;PSP2_P046;PSP2_T031;PSP2_TA038;media;El profesional debe adaptar la pauta a edad, contexto escolar, evaluación individual, familia, centro educativo y normativa aplicable. No sustituye diagnóstico ni dictamen oficial.
PSP2_R0607;PSP2_P046;PSP2_T031;PSP2_TA042;media;El profesional debe adaptar la pauta a edad, contexto escolar, evaluación individual, familia, centro educativo y normativa aplicable. No sustituye diagnóstico ni dictamen oficial.
PSP2_R0608;PSP2_P047;PSP2_T036;PSP2_TA049;alta;El profesional debe adaptar la pauta a edad, contexto escolar, evaluación individual, familia, centro educativo y normativa aplicable. No sustituye diagnóstico ni dictamen oficial.
PSP2_R0609;PSP2_P047;PSP2_T037;PSP2_TA050;media;El profesional debe adaptar la pauta a edad, contexto escolar, evaluación individual, familia, centro educativo y normativa aplicable. No sustituye diagnóstico ni dictamen oficial.
PSP2_R0610;PSP2_P047;PSP2_T038;PSP2_TA033;media;El profesional debe adaptar la pauta a edad, contexto escolar, evaluación individual, familia, centro educativo y normativa aplicable. No sustituye diagnóstico ni dictamen oficial.
PSP2_R0611;PSP2_P047;PSP2_T039;PSP2_TA051;media;El profesional debe adaptar la pauta a edad, contexto escolar, evaluación individual, familia, centro educativo y normativa aplicable. No sustituye diagnóstico ni dictamen oficial.
PSP2_R0612;PSP2_P047;PSP2_T040;PSP2_TA052;media;El profesional debe adaptar la pauta a edad, contexto escolar, evaluación individual, familia, centro educativo y normativa aplicable. No sustituye diagnóstico ni dictamen oficial.
PSP2_R0613;PSP2_P047;PSP2_T030;PSP2_TA010;media;El profesional debe adaptar la pauta a edad, contexto escolar, evaluación individual, familia, centro educativo y normativa aplicable. No sustituye diagnóstico ni dictamen oficial.
PSP2_R0614;PSP2_P047;PSP2_T030;PSP2_TA022;media;El profesional debe adaptar la pauta a edad, contexto escolar, evaluación individual, familia, centro educativo y normativa aplicable. No sustituye diagnóstico ni dictamen oficial.
PSP2_R0615;PSP2_P047;PSP2_T030;PSP2_TA041;media;El profesional debe adaptar la pauta a edad, contexto escolar, evaluación individual, familia, centro educativo y normativa aplicable. No sustituye diagnóstico ni dictamen oficial.
PSP2_R0616;PSP2_P047;PSP2_T031;PSP2_TA007;media;El profesional debe adaptar la pauta a edad, contexto escolar, evaluación individual, familia, centro educativo y normativa aplicable. No sustituye diagnóstico ni dictamen oficial.
PSP2_R0617;PSP2_P047;PSP2_T031;PSP2_TA038;media;El profesional debe adaptar la pauta a edad, contexto escolar, evaluación individual, familia, centro educativo y normativa aplicable. No sustituye diagnóstico ni dictamen oficial.
PSP2_R0618;PSP2_P047;PSP2_T031;PSP2_TA042;media;El profesional debe adaptar la pauta a edad, contexto escolar, evaluación individual, familia, centro educativo y normativa aplicable. No sustituye diagnóstico ni dictamen oficial.
PSP2_R0619;PSP2_P048;PSP2_T036;PSP2_TA049;alta;El profesional debe adaptar la pauta a edad, contexto escolar, evaluación individual, familia, centro educativo y normativa aplicable. No sustituye diagnóstico ni dictamen oficial.
PSP2_R0620;PSP2_P048;PSP2_T037;PSP2_TA050;media;El profesional debe adaptar la pauta a edad, contexto escolar, evaluación individual, familia, centro educativo y normativa aplicable. No sustituye diagnóstico ni dictamen oficial.
PSP2_R0621;PSP2_P048;PSP2_T038;PSP2_TA033;media;El profesional debe adaptar la pauta a edad, contexto escolar, evaluación individual, familia, centro educativo y normativa aplicable. No sustituye diagnóstico ni dictamen oficial.
PSP2_R0622;PSP2_P048;PSP2_T039;PSP2_TA051;media;El profesional debe adaptar la pauta a edad, contexto escolar, evaluación individual, familia, centro educativo y normativa aplicable. No sustituye diagnóstico ni dictamen oficial.
PSP2_R0623;PSP2_P048;PSP2_T040;PSP2_TA052;media;El profesional debe adaptar la pauta a edad, contexto escolar, evaluación individual, familia, centro educativo y normativa aplicable. No sustituye diagnóstico ni dictamen oficial.
PSP2_R0624;PSP2_P048;PSP2_T030;PSP2_TA010;media;El profesional debe adaptar la pauta a edad, contexto escolar, evaluación individual, familia, centro educativo y normativa aplicable. No sustituye diagnóstico ni dictamen oficial.
PSP2_R0625;PSP2_P048;PSP2_T030;PSP2_TA022;media;El profesional debe adaptar la pauta a edad, contexto escolar, evaluación individual, familia, centro educativo y normativa aplicable. No sustituye diagnóstico ni dictamen oficial.
PSP2_R0626;PSP2_P048;PSP2_T030;PSP2_TA041;media;El profesional debe adaptar la pauta a edad, contexto escolar, evaluación individual, familia, centro educativo y normativa aplicable. No sustituye diagnóstico ni dictamen oficial.
PSP2_R0627;PSP2_P048;PSP2_T031;PSP2_TA007;media;El profesional debe adaptar la pauta a edad, contexto escolar, evaluación individual, familia, centro educativo y normativa aplicable. No sustituye diagnóstico ni dictamen oficial.
PSP2_R0628;PSP2_P048;PSP2_T031;PSP2_TA038;media;El profesional debe adaptar la pauta a edad, contexto escolar, evaluación individual, familia, centro educativo y normativa aplicable. No sustituye diagnóstico ni dictamen oficial.
PSP2_R0629;PSP2_P048;PSP2_T031;PSP2_TA042;media;El profesional debe adaptar la pauta a edad, contexto escolar, evaluación individual, familia, centro educativo y normativa aplicable. No sustituye diagnóstico ni dictamen oficial.
PSP2_R0630;PSP2_P049;PSP2_T041;PSP2_TA055;media;El profesional debe adaptar la pauta a edad, contexto escolar, evaluación individual, familia, centro educativo y normativa aplicable. No sustituye diagnóstico ni dictamen oficial.
PSP2_R0631;PSP2_P049;PSP2_T042;PSP2_TA053;alta;El profesional debe adaptar la pauta a edad, contexto escolar, evaluación individual, familia, centro educativo y normativa aplicable. No sustituye diagnóstico ni dictamen oficial.
PSP2_R0632;PSP2_P049;PSP2_T043;PSP2_TA054;media;El profesional debe adaptar la pauta a edad, contexto escolar, evaluación individual, familia, centro educativo y normativa aplicable. No sustituye diagnóstico ni dictamen oficial.
PSP2_R0633;PSP2_P049;PSP2_T011;PSP2_TA011;alta;El profesional debe adaptar la pauta a edad, contexto escolar, evaluación individual, familia, centro educativo y normativa aplicable. No sustituye diagnóstico ni dictamen oficial.
PSP2_R0634;PSP2_P049;PSP2_T031;PSP2_TA007;media;El profesional debe adaptar la pauta a edad, contexto escolar, evaluación individual, familia, centro educativo y normativa aplicable. No sustituye diagnóstico ni dictamen oficial.
PSP2_R0635;PSP2_P049;PSP2_T031;PSP2_TA038;media;El profesional debe adaptar la pauta a edad, contexto escolar, evaluación individual, familia, centro educativo y normativa aplicable. No sustituye diagnóstico ni dictamen oficial.
PSP2_R0636;PSP2_P049;PSP2_T031;PSP2_TA042;media;El profesional debe adaptar la pauta a edad, contexto escolar, evaluación individual, familia, centro educativo y normativa aplicable. No sustituye diagnóstico ni dictamen oficial.
PSP2_R0637;PSP2_P049;PSP2_T048;PSP2_TA061;media;El profesional debe adaptar la pauta a edad, contexto escolar, evaluación individual, familia, centro educativo y normativa aplicable. No sustituye diagnóstico ni dictamen oficial.
PSP2_R0638;PSP2_P049;PSP2_T048;PSP2_TA062;media;El profesional debe adaptar la pauta a edad, contexto escolar, evaluación individual, familia, centro educativo y normativa aplicable. No sustituye diagnóstico ni dictamen oficial.
PSP2_R0639;PSP2_P050;PSP2_T041;PSP2_TA055;media;El profesional debe adaptar la pauta a edad, contexto escolar, evaluación individual, familia, centro educativo y normativa aplicable. No sustituye diagnóstico ni dictamen oficial.
PSP2_R0640;PSP2_P050;PSP2_T042;PSP2_TA053;alta;El profesional debe adaptar la pauta a edad, contexto escolar, evaluación individual, familia, centro educativo y normativa aplicable. No sustituye diagnóstico ni dictamen oficial.
PSP2_R0641;PSP2_P050;PSP2_T043;PSP2_TA054;media;El profesional debe adaptar la pauta a edad, contexto escolar, evaluación individual, familia, centro educativo y normativa aplicable. No sustituye diagnóstico ni dictamen oficial.
PSP2_R0642;PSP2_P050;PSP2_T011;PSP2_TA011;alta;El profesional debe adaptar la pauta a edad, contexto escolar, evaluación individual, familia, centro educativo y normativa aplicable. No sustituye diagnóstico ni dictamen oficial.
PSP2_R0643;PSP2_P050;PSP2_T031;PSP2_TA007;media;El profesional debe adaptar la pauta a edad, contexto escolar, evaluación individual, familia, centro educativo y normativa aplicable. No sustituye diagnóstico ni dictamen oficial.
PSP2_R0644;PSP2_P050;PSP2_T031;PSP2_TA038;media;El profesional debe adaptar la pauta a edad, contexto escolar, evaluación individual, familia, centro educativo y normativa aplicable. No sustituye diagnóstico ni dictamen oficial.
PSP2_R0645;PSP2_P050;PSP2_T031;PSP2_TA042;media;El profesional debe adaptar la pauta a edad, contexto escolar, evaluación individual, familia, centro educativo y normativa aplicable. No sustituye diagnóstico ni dictamen oficial.
PSP2_R0646;PSP2_P050;PSP2_T048;PSP2_TA061;media;El profesional debe adaptar la pauta a edad, contexto escolar, evaluación individual, familia, centro educativo y normativa aplicable. No sustituye diagnóstico ni dictamen oficial.
PSP2_R0647;PSP2_P050;PSP2_T048;PSP2_TA062;media;El profesional debe adaptar la pauta a edad, contexto escolar, evaluación individual, familia, centro educativo y normativa aplicable. No sustituye diagnóstico ni dictamen oficial.
PSP2_R0648;PSP2_P051;PSP2_T041;PSP2_TA055;media;El profesional debe adaptar la pauta a edad, contexto escolar, evaluación individual, familia, centro educativo y normativa aplicable. No sustituye diagnóstico ni dictamen oficial.
PSP2_R0649;PSP2_P051;PSP2_T042;PSP2_TA053;alta;El profesional debe adaptar la pauta a edad, contexto escolar, evaluación individual, familia, centro educativo y normativa aplicable. No sustituye diagnóstico ni dictamen oficial.
PSP2_R0650;PSP2_P051;PSP2_T043;PSP2_TA054;media;El profesional debe adaptar la pauta a edad, contexto escolar, evaluación individual, familia, centro educativo y normativa aplicable. No sustituye diagnóstico ni dictamen oficial.
PSP2_R0651;PSP2_P051;PSP2_T011;PSP2_TA011;alta;El profesional debe adaptar la pauta a edad, contexto escolar, evaluación individual, familia, centro educativo y normativa aplicable. No sustituye diagnóstico ni dictamen oficial.
PSP2_R0652;PSP2_P051;PSP2_T031;PSP2_TA007;media;El profesional debe adaptar la pauta a edad, contexto escolar, evaluación individual, familia, centro educativo y normativa aplicable. No sustituye diagnóstico ni dictamen oficial.
PSP2_R0653;PSP2_P051;PSP2_T031;PSP2_TA038;media;El profesional debe adaptar la pauta a edad, contexto escolar, evaluación individual, familia, centro educativo y normativa aplicable. No sustituye diagnóstico ni dictamen oficial.
PSP2_R0654;PSP2_P051;PSP2_T031;PSP2_TA042;media;El profesional debe adaptar la pauta a edad, contexto escolar, evaluación individual, familia, centro educativo y normativa aplicable. No sustituye diagnóstico ni dictamen oficial.
PSP2_R0655;PSP2_P051;PSP2_T048;PSP2_TA061;media;El profesional debe adaptar la pauta a edad, contexto escolar, evaluación individual, familia, centro educativo y normativa aplicable. No sustituye diagnóstico ni dictamen oficial.
PSP2_R0656;PSP2_P051;PSP2_T048;PSP2_TA062;media;El profesional debe adaptar la pauta a edad, contexto escolar, evaluación individual, familia, centro educativo y normativa aplicable. No sustituye diagnóstico ni dictamen oficial.
PSP2_R0657;PSP2_P052;PSP2_T041;PSP2_TA055;media;El profesional debe adaptar la pauta a edad, contexto escolar, evaluación individual, familia, centro educativo y normativa aplicable. No sustituye diagnóstico ni dictamen oficial.
PSP2_R0658;PSP2_P052;PSP2_T042;PSP2_TA053;alta;El profesional debe adaptar la pauta a edad, contexto escolar, evaluación individual, familia, centro educativo y normativa aplicable. No sustituye diagnóstico ni dictamen oficial.
PSP2_R0659;PSP2_P052;PSP2_T043;PSP2_TA054;media;El profesional debe adaptar la pauta a edad, contexto escolar, evaluación individual, familia, centro educativo y normativa aplicable. No sustituye diagnóstico ni dictamen oficial.
PSP2_R0660;PSP2_P052;PSP2_T011;PSP2_TA011;alta;El profesional debe adaptar la pauta a edad, contexto escolar, evaluación individual, familia, centro educativo y normativa aplicable. No sustituye diagnóstico ni dictamen oficial.
PSP2_R0661;PSP2_P052;PSP2_T031;PSP2_TA007;media;El profesional debe adaptar la pauta a edad, contexto escolar, evaluación individual, familia, centro educativo y normativa aplicable. No sustituye diagnóstico ni dictamen oficial.
PSP2_R0662;PSP2_P052;PSP2_T031;PSP2_TA038;media;El profesional debe adaptar la pauta a edad, contexto escolar, evaluación individual, familia, centro educativo y normativa aplicable. No sustituye diagnóstico ni dictamen oficial.
PSP2_R0663;PSP2_P052;PSP2_T031;PSP2_TA042;media;El profesional debe adaptar la pauta a edad, contexto escolar, evaluación individual, familia, centro educativo y normativa aplicable. No sustituye diagnóstico ni dictamen oficial.
PSP2_R0664;PSP2_P052;PSP2_T048;PSP2_TA061;media;El profesional debe adaptar la pauta a edad, contexto escolar, evaluación individual, familia, centro educativo y normativa aplicable. No sustituye diagnóstico ni dictamen oficial.
PSP2_R0665;PSP2_P052;PSP2_T048;PSP2_TA062;media;El profesional debe adaptar la pauta a edad, contexto escolar, evaluación individual, familia, centro educativo y normativa aplicable. No sustituye diagnóstico ni dictamen oficial.
PSP2_R0666;PSP2_P053;PSP2_T006;PSP2_TA008;media;El profesional debe adaptar la pauta a edad, contexto escolar, evaluación individual, familia, centro educativo y normativa aplicable. No sustituye diagnóstico ni dictamen oficial.
PSP2_R0667;PSP2_P053;PSP2_T006;PSP2_TA048;media;El profesional debe adaptar la pauta a edad, contexto escolar, evaluación individual, familia, centro educativo y normativa aplicable. No sustituye diagnóstico ni dictamen oficial.
PSP2_R0668;PSP2_P053;PSP2_T006;PSP2_TA060;media;El profesional debe adaptar la pauta a edad, contexto escolar, evaluación individual, familia, centro educativo y normativa aplicable. No sustituye diagnóstico ni dictamen oficial.
PSP2_R0669;PSP2_P053;PSP2_T007;PSP2_TA005;media;El profesional debe adaptar la pauta a edad, contexto escolar, evaluación individual, familia, centro educativo y normativa aplicable. No sustituye diagnóstico ni dictamen oficial.
PSP2_R0670;PSP2_P053;PSP2_T007;PSP2_TA056;media;El profesional debe adaptar la pauta a edad, contexto escolar, evaluación individual, familia, centro educativo y normativa aplicable. No sustituye diagnóstico ni dictamen oficial.
PSP2_R0671;PSP2_P053;PSP2_T008;PSP2_TA006;media;El profesional debe adaptar la pauta a edad, contexto escolar, evaluación individual, familia, centro educativo y normativa aplicable. No sustituye diagnóstico ni dictamen oficial.
PSP2_R0672;PSP2_P053;PSP2_T033;PSP2_TA045;media;El profesional debe adaptar la pauta a edad, contexto escolar, evaluación individual, familia, centro educativo y normativa aplicable. No sustituye diagnóstico ni dictamen oficial.
PSP2_R0673;PSP2_P053;PSP2_T044;PSP2_TA057;media;El profesional debe adaptar la pauta a edad, contexto escolar, evaluación individual, familia, centro educativo y normativa aplicable. No sustituye diagnóstico ni dictamen oficial.
PSP2_R0674;PSP2_P053;PSP2_T045;PSP2_TA058;media;El profesional debe adaptar la pauta a edad, contexto escolar, evaluación individual, familia, centro educativo y normativa aplicable. No sustituye diagnóstico ni dictamen oficial.
PSP2_R0675;PSP2_P053;PSP2_T043;PSP2_TA054;media;El profesional debe adaptar la pauta a edad, contexto escolar, evaluación individual, familia, centro educativo y normativa aplicable. No sustituye diagnóstico ni dictamen oficial.
PSP2_R0676;PSP2_P054;PSP2_T006;PSP2_TA008;media;El profesional debe adaptar la pauta a edad, contexto escolar, evaluación individual, familia, centro educativo y normativa aplicable. No sustituye diagnóstico ni dictamen oficial.
PSP2_R0677;PSP2_P054;PSP2_T006;PSP2_TA048;media;El profesional debe adaptar la pauta a edad, contexto escolar, evaluación individual, familia, centro educativo y normativa aplicable. No sustituye diagnóstico ni dictamen oficial.
PSP2_R0678;PSP2_P054;PSP2_T006;PSP2_TA060;media;El profesional debe adaptar la pauta a edad, contexto escolar, evaluación individual, familia, centro educativo y normativa aplicable. No sustituye diagnóstico ni dictamen oficial.
PSP2_R0679;PSP2_P054;PSP2_T007;PSP2_TA005;media;El profesional debe adaptar la pauta a edad, contexto escolar, evaluación individual, familia, centro educativo y normativa aplicable. No sustituye diagnóstico ni dictamen oficial.
PSP2_R0680;PSP2_P054;PSP2_T007;PSP2_TA056;media;El profesional debe adaptar la pauta a edad, contexto escolar, evaluación individual, familia, centro educativo y normativa aplicable. No sustituye diagnóstico ni dictamen oficial.
PSP2_R0681;PSP2_P054;PSP2_T008;PSP2_TA006;media;El profesional debe adaptar la pauta a edad, contexto escolar, evaluación individual, familia, centro educativo y normativa aplicable. No sustituye diagnóstico ni dictamen oficial.
PSP2_R0682;PSP2_P054;PSP2_T033;PSP2_TA045;media;El profesional debe adaptar la pauta a edad, contexto escolar, evaluación individual, familia, centro educativo y normativa aplicable. No sustituye diagnóstico ni dictamen oficial.
PSP2_R0683;PSP2_P054;PSP2_T044;PSP2_TA057;media;El profesional debe adaptar la pauta a edad, contexto escolar, evaluación individual, familia, centro educativo y normativa aplicable. No sustituye diagnóstico ni dictamen oficial.
PSP2_R0684;PSP2_P054;PSP2_T045;PSP2_TA058;media;El profesional debe adaptar la pauta a edad, contexto escolar, evaluación individual, familia, centro educativo y normativa aplicable. No sustituye diagnóstico ni dictamen oficial.
PSP2_R0685;PSP2_P054;PSP2_T043;PSP2_TA054;media;El profesional debe adaptar la pauta a edad, contexto escolar, evaluación individual, familia, centro educativo y normativa aplicable. No sustituye diagnóstico ni dictamen oficial.
PSP2_R0686;PSP2_P055;PSP2_T006;PSP2_TA008;media;El profesional debe adaptar la pauta a edad, contexto escolar, evaluación individual, familia, centro educativo y normativa aplicable. No sustituye diagnóstico ni dictamen oficial.
PSP2_R0687;PSP2_P055;PSP2_T006;PSP2_TA048;media;El profesional debe adaptar la pauta a edad, contexto escolar, evaluación individual, familia, centro educativo y normativa aplicable. No sustituye diagnóstico ni dictamen oficial.
PSP2_R0688;PSP2_P055;PSP2_T006;PSP2_TA060;media;El profesional debe adaptar la pauta a edad, contexto escolar, evaluación individual, familia, centro educativo y normativa aplicable. No sustituye diagnóstico ni dictamen oficial.
PSP2_R0689;PSP2_P055;PSP2_T007;PSP2_TA005;media;El profesional debe adaptar la pauta a edad, contexto escolar, evaluación individual, familia, centro educativo y normativa aplicable. No sustituye diagnóstico ni dictamen oficial.
PSP2_R0690;PSP2_P055;PSP2_T007;PSP2_TA056;media;El profesional debe adaptar la pauta a edad, contexto escolar, evaluación individual, familia, centro educativo y normativa aplicable. No sustituye diagnóstico ni dictamen oficial.
PSP2_R0691;PSP2_P055;PSP2_T008;PSP2_TA006;media;El profesional debe adaptar la pauta a edad, contexto escolar, evaluación individual, familia, centro educativo y normativa aplicable. No sustituye diagnóstico ni dictamen oficial.
PSP2_R0692;PSP2_P055;PSP2_T033;PSP2_TA045;media;El profesional debe adaptar la pauta a edad, contexto escolar, evaluación individual, familia, centro educativo y normativa aplicable. No sustituye diagnóstico ni dictamen oficial.
PSP2_R0693;PSP2_P055;PSP2_T044;PSP2_TA057;media;El profesional debe adaptar la pauta a edad, contexto escolar, evaluación individual, familia, centro educativo y normativa aplicable. No sustituye diagnóstico ni dictamen oficial.
PSP2_R0694;PSP2_P055;PSP2_T045;PSP2_TA058;media;El profesional debe adaptar la pauta a edad, contexto escolar, evaluación individual, familia, centro educativo y normativa aplicable. No sustituye diagnóstico ni dictamen oficial.
PSP2_R0695;PSP2_P055;PSP2_T043;PSP2_TA054;media;El profesional debe adaptar la pauta a edad, contexto escolar, evaluación individual, familia, centro educativo y normativa aplicable. No sustituye diagnóstico ni dictamen oficial.
PSP2_R0696;PSP2_P056;PSP2_T006;PSP2_TA008;media;El profesional debe adaptar la pauta a edad, contexto escolar, evaluación individual, familia, centro educativo y normativa aplicable. No sustituye diagnóstico ni dictamen oficial.
PSP2_R0697;PSP2_P056;PSP2_T006;PSP2_TA048;media;El profesional debe adaptar la pauta a edad, contexto escolar, evaluación individual, familia, centro educativo y normativa aplicable. No sustituye diagnóstico ni dictamen oficial.
PSP2_R0698;PSP2_P056;PSP2_T006;PSP2_TA060;media;El profesional debe adaptar la pauta a edad, contexto escolar, evaluación individual, familia, centro educativo y normativa aplicable. No sustituye diagnóstico ni dictamen oficial.
PSP2_R0699;PSP2_P056;PSP2_T007;PSP2_TA005;media;El profesional debe adaptar la pauta a edad, contexto escolar, evaluación individual, familia, centro educativo y normativa aplicable. No sustituye diagnóstico ni dictamen oficial.
PSP2_R0700;PSP2_P056;PSP2_T007;PSP2_TA056;media;El profesional debe adaptar la pauta a edad, contexto escolar, evaluación individual, familia, centro educativo y normativa aplicable. No sustituye diagnóstico ni dictamen oficial.
PSP2_R0701;PSP2_P056;PSP2_T008;PSP2_TA006;media;El profesional debe adaptar la pauta a edad, contexto escolar, evaluación individual, familia, centro educativo y normativa aplicable. No sustituye diagnóstico ni dictamen oficial.
PSP2_R0702;PSP2_P056;PSP2_T033;PSP2_TA045;media;El profesional debe adaptar la pauta a edad, contexto escolar, evaluación individual, familia, centro educativo y normativa aplicable. No sustituye diagnóstico ni dictamen oficial.
PSP2_R0703;PSP2_P056;PSP2_T044;PSP2_TA057;media;El profesional debe adaptar la pauta a edad, contexto escolar, evaluación individual, familia, centro educativo y normativa aplicable. No sustituye diagnóstico ni dictamen oficial.
PSP2_R0704;PSP2_P056;PSP2_T045;PSP2_TA058;media;El profesional debe adaptar la pauta a edad, contexto escolar, evaluación individual, familia, centro educativo y normativa aplicable. No sustituye diagnóstico ni dictamen oficial.
PSP2_R0705;PSP2_P056;PSP2_T043;PSP2_TA054;media;El profesional debe adaptar la pauta a edad, contexto escolar, evaluación individual, familia, centro educativo y normativa aplicable. No sustituye diagnóstico ni dictamen oficial.
PSP2_R0706;PSP2_P057;PSP2_T030;PSP2_TA010;media;El profesional debe adaptar la pauta a edad, contexto escolar, evaluación individual, familia, centro educativo y normativa aplicable. No sustituye diagnóstico ni dictamen oficial.
PSP2_R0707;PSP2_P057;PSP2_T030;PSP2_TA022;media;El profesional debe adaptar la pauta a edad, contexto escolar, evaluación individual, familia, centro educativo y normativa aplicable. No sustituye diagnóstico ni dictamen oficial.
PSP2_R0708;PSP2_P057;PSP2_T030;PSP2_TA041;media;El profesional debe adaptar la pauta a edad, contexto escolar, evaluación individual, familia, centro educativo y normativa aplicable. No sustituye diagnóstico ni dictamen oficial.
PSP2_R0709;PSP2_P057;PSP2_T006;PSP2_TA008;media;El profesional debe adaptar la pauta a edad, contexto escolar, evaluación individual, familia, centro educativo y normativa aplicable. No sustituye diagnóstico ni dictamen oficial.
PSP2_R0710;PSP2_P057;PSP2_T006;PSP2_TA048;media;El profesional debe adaptar la pauta a edad, contexto escolar, evaluación individual, familia, centro educativo y normativa aplicable. No sustituye diagnóstico ni dictamen oficial.
PSP2_R0711;PSP2_P057;PSP2_T006;PSP2_TA060;media;El profesional debe adaptar la pauta a edad, contexto escolar, evaluación individual, familia, centro educativo y normativa aplicable. No sustituye diagnóstico ni dictamen oficial.
PSP2_R0712;PSP2_P057;PSP2_T004;PSP2_TA003;alta;El profesional debe adaptar la pauta a edad, contexto escolar, evaluación individual, familia, centro educativo y normativa aplicable. No sustituye diagnóstico ni dictamen oficial.
PSP2_R0713;PSP2_P057;PSP2_T005;PSP2_TA004;media;El profesional debe adaptar la pauta a edad, contexto escolar, evaluación individual, familia, centro educativo y normativa aplicable. No sustituye diagnóstico ni dictamen oficial.
PSP2_R0714;PSP2_P057;PSP2_T048;PSP2_TA061;media;El profesional debe adaptar la pauta a edad, contexto escolar, evaluación individual, familia, centro educativo y normativa aplicable. No sustituye diagnóstico ni dictamen oficial.
PSP2_R0715;PSP2_P057;PSP2_T048;PSP2_TA062;media;El profesional debe adaptar la pauta a edad, contexto escolar, evaluación individual, familia, centro educativo y normativa aplicable. No sustituye diagnóstico ni dictamen oficial.
PSP2_R0716;PSP2_P058;PSP2_T030;PSP2_TA010;media;El profesional debe adaptar la pauta a edad, contexto escolar, evaluación individual, familia, centro educativo y normativa aplicable. No sustituye diagnóstico ni dictamen oficial.
PSP2_R0717;PSP2_P058;PSP2_T030;PSP2_TA022;media;El profesional debe adaptar la pauta a edad, contexto escolar, evaluación individual, familia, centro educativo y normativa aplicable. No sustituye diagnóstico ni dictamen oficial.
PSP2_R0718;PSP2_P058;PSP2_T030;PSP2_TA041;media;El profesional debe adaptar la pauta a edad, contexto escolar, evaluación individual, familia, centro educativo y normativa aplicable. No sustituye diagnóstico ni dictamen oficial.
PSP2_R0719;PSP2_P058;PSP2_T006;PSP2_TA008;media;El profesional debe adaptar la pauta a edad, contexto escolar, evaluación individual, familia, centro educativo y normativa aplicable. No sustituye diagnóstico ni dictamen oficial.
PSP2_R0720;PSP2_P058;PSP2_T006;PSP2_TA048;media;El profesional debe adaptar la pauta a edad, contexto escolar, evaluación individual, familia, centro educativo y normativa aplicable. No sustituye diagnóstico ni dictamen oficial.
PSP2_R0721;PSP2_P058;PSP2_T006;PSP2_TA060;media;El profesional debe adaptar la pauta a edad, contexto escolar, evaluación individual, familia, centro educativo y normativa aplicable. No sustituye diagnóstico ni dictamen oficial.
PSP2_R0722;PSP2_P058;PSP2_T004;PSP2_TA003;alta;El profesional debe adaptar la pauta a edad, contexto escolar, evaluación individual, familia, centro educativo y normativa aplicable. No sustituye diagnóstico ni dictamen oficial.
PSP2_R0723;PSP2_P058;PSP2_T005;PSP2_TA004;media;El profesional debe adaptar la pauta a edad, contexto escolar, evaluación individual, familia, centro educativo y normativa aplicable. No sustituye diagnóstico ni dictamen oficial.
PSP2_R0724;PSP2_P058;PSP2_T048;PSP2_TA061;media;El profesional debe adaptar la pauta a edad, contexto escolar, evaluación individual, familia, centro educativo y normativa aplicable. No sustituye diagnóstico ni dictamen oficial.
PSP2_R0725;PSP2_P058;PSP2_T048;PSP2_TA062;media;El profesional debe adaptar la pauta a edad, contexto escolar, evaluación individual, familia, centro educativo y normativa aplicable. No sustituye diagnóstico ni dictamen oficial.
PSP2_R0726;PSP2_P059;PSP2_T030;PSP2_TA010;media;El profesional debe adaptar la pauta a edad, contexto escolar, evaluación individual, familia, centro educativo y normativa aplicable. No sustituye diagnóstico ni dictamen oficial.
PSP2_R0727;PSP2_P059;PSP2_T030;PSP2_TA022;media;El profesional debe adaptar la pauta a edad, contexto escolar, evaluación individual, familia, centro educativo y normativa aplicable. No sustituye diagnóstico ni dictamen oficial.
PSP2_R0728;PSP2_P059;PSP2_T030;PSP2_TA041;media;El profesional debe adaptar la pauta a edad, contexto escolar, evaluación individual, familia, centro educativo y normativa aplicable. No sustituye diagnóstico ni dictamen oficial.
PSP2_R0729;PSP2_P059;PSP2_T006;PSP2_TA008;media;El profesional debe adaptar la pauta a edad, contexto escolar, evaluación individual, familia, centro educativo y normativa aplicable. No sustituye diagnóstico ni dictamen oficial.
PSP2_R0730;PSP2_P059;PSP2_T006;PSP2_TA048;media;El profesional debe adaptar la pauta a edad, contexto escolar, evaluación individual, familia, centro educativo y normativa aplicable. No sustituye diagnóstico ni dictamen oficial.
PSP2_R0731;PSP2_P059;PSP2_T006;PSP2_TA060;media;El profesional debe adaptar la pauta a edad, contexto escolar, evaluación individual, familia, centro educativo y normativa aplicable. No sustituye diagnóstico ni dictamen oficial.
PSP2_R0732;PSP2_P059;PSP2_T004;PSP2_TA003;alta;El profesional debe adaptar la pauta a edad, contexto escolar, evaluación individual, familia, centro educativo y normativa aplicable. No sustituye diagnóstico ni dictamen oficial.
PSP2_R0733;PSP2_P059;PSP2_T005;PSP2_TA004;media;El profesional debe adaptar la pauta a edad, contexto escolar, evaluación individual, familia, centro educativo y normativa aplicable. No sustituye diagnóstico ni dictamen oficial.
PSP2_R0734;PSP2_P059;PSP2_T048;PSP2_TA061;media;El profesional debe adaptar la pauta a edad, contexto escolar, evaluación individual, familia, centro educativo y normativa aplicable. No sustituye diagnóstico ni dictamen oficial.
PSP2_R0735;PSP2_P059;PSP2_T048;PSP2_TA062;media;El profesional debe adaptar la pauta a edad, contexto escolar, evaluación individual, familia, centro educativo y normativa aplicable. No sustituye diagnóstico ni dictamen oficial.
PSP2_R0736;PSP2_P060;PSP2_T030;PSP2_TA010;media;El profesional debe adaptar la pauta a edad, contexto escolar, evaluación individual, familia, centro educativo y normativa aplicable. No sustituye diagnóstico ni dictamen oficial.
PSP2_R0737;PSP2_P060;PSP2_T030;PSP2_TA022;media;El profesional debe adaptar la pauta a edad, contexto escolar, evaluación individual, familia, centro educativo y normativa aplicable. No sustituye diagnóstico ni dictamen oficial.
PSP2_R0738;PSP2_P060;PSP2_T030;PSP2_TA041;media;El profesional debe adaptar la pauta a edad, contexto escolar, evaluación individual, familia, centro educativo y normativa aplicable. No sustituye diagnóstico ni dictamen oficial.
PSP2_R0739;PSP2_P060;PSP2_T006;PSP2_TA008;media;El profesional debe adaptar la pauta a edad, contexto escolar, evaluación individual, familia, centro educativo y normativa aplicable. No sustituye diagnóstico ni dictamen oficial.
PSP2_R0740;PSP2_P060;PSP2_T006;PSP2_TA048;media;El profesional debe adaptar la pauta a edad, contexto escolar, evaluación individual, familia, centro educativo y normativa aplicable. No sustituye diagnóstico ni dictamen oficial.
PSP2_R0741;PSP2_P060;PSP2_T006;PSP2_TA060;media;El profesional debe adaptar la pauta a edad, contexto escolar, evaluación individual, familia, centro educativo y normativa aplicable. No sustituye diagnóstico ni dictamen oficial.
PSP2_R0742;PSP2_P060;PSP2_T004;PSP2_TA003;alta;El profesional debe adaptar la pauta a edad, contexto escolar, evaluación individual, familia, centro educativo y normativa aplicable. No sustituye diagnóstico ni dictamen oficial.
PSP2_R0743;PSP2_P060;PSP2_T005;PSP2_TA004;media;El profesional debe adaptar la pauta a edad, contexto escolar, evaluación individual, familia, centro educativo y normativa aplicable. No sustituye diagnóstico ni dictamen oficial.
PSP2_R0744;PSP2_P060;PSP2_T048;PSP2_TA061;media;El profesional debe adaptar la pauta a edad, contexto escolar, evaluación individual, familia, centro educativo y normativa aplicable. No sustituye diagnóstico ni dictamen oficial.
PSP2_R0745;PSP2_P060;PSP2_T048;PSP2_TA062;media;El profesional debe adaptar la pauta a edad, contexto escolar, evaluación individual, familia, centro educativo y normativa aplicable. No sustituye diagnóstico ni dictamen oficial.
