recomendacion_id;problema_id;tecnica_id;tarea_id;prioridad;nota_profesional
FIS2_R0001;FIS2_P001;FIS2_T001;FIS2_TA001;media;Adaptar a valoración individual, irritabilidad, fase, dolor, función, comorbilidades, objetivos y tolerancia. Derivar si hay banderas rojas, síntomas neurológicos progresivos, dolor no mecánico o señales de alarma.
FIS2_R0002;FIS2_P001;FIS2_T002;FIS2_TA002;alta;Adaptar a valoración individual, irritabilidad, fase, dolor, función, comorbilidades, objetivos y tolerancia. Derivar si hay banderas rojas, síntomas neurológicos progresivos, dolor no mecánico o señales de alarma.
FIS2_R0003;FIS2_P001;FIS2_T002;FIS2_TA062;alta;Adaptar a valoración individual, irritabilidad, fase, dolor, función, comorbilidades, objetivos y tolerancia. Derivar si hay banderas rojas, síntomas neurológicos progresivos, dolor no mecánico o señales de alarma.
FIS2_R0004;FIS2_P001;FIS2_T003;FIS2_TA004;media;Adaptar a valoración individual, irritabilidad, fase, dolor, función, comorbilidades, objetivos y tolerancia. Derivar si hay banderas rojas, síntomas neurológicos progresivos, dolor no mecánico o señales de alarma.
FIS2_R0005;FIS2_P001;FIS2_T003;FIS2_TA089;media;Adaptar a valoración individual, irritabilidad, fase, dolor, función, comorbilidades, objetivos y tolerancia. Derivar si hay banderas rojas, síntomas neurológicos progresivos, dolor no mecánico o señales de alarma.
FIS2_R0006;FIS2_P001;FIS2_T004;FIS2_TA003;media;Adaptar a valoración individual, irritabilidad, fase, dolor, función, comorbilidades, objetivos y tolerancia. Derivar si hay banderas rojas, síntomas neurológicos progresivos, dolor no mecánico o señales de alarma.
FIS2_R0007;FIS2_P001;FIS2_T004;FIS2_TA087;media;Adaptar a valoración individual, irritabilidad, fase, dolor, función, comorbilidades, objetivos y tolerancia. Derivar si hay banderas rojas, síntomas neurológicos progresivos, dolor no mecánico o señales de alarma.
FIS2_R0008;FIS2_P001;FIS2_T004;FIS2_TA088;media;Adaptar a valoración individual, irritabilidad, fase, dolor, función, comorbilidades, objetivos y tolerancia. Derivar si hay banderas rojas, síntomas neurológicos progresivos, dolor no mecánico o señales de alarma.
FIS2_R0009;FIS2_P001;FIS2_T005;FIS2_TA005;media;Adaptar a valoración individual, irritabilidad, fase, dolor, función, comorbilidades, objetivos y tolerancia. Derivar si hay banderas rojas, síntomas neurológicos progresivos, dolor no mecánico o señales de alarma.
FIS2_R0010;FIS2_P001;FIS2_T060;FIS2_TA082;alta;Adaptar a valoración individual, irritabilidad, fase, dolor, función, comorbilidades, objetivos y tolerancia. Derivar si hay banderas rojas, síntomas neurológicos progresivos, dolor no mecánico o señales de alarma.
FIS2_R0011;FIS2_P001;FIS2_T060;FIS2_TA083;alta;Adaptar a valoración individual, irritabilidad, fase, dolor, función, comorbilidades, objetivos y tolerancia. Derivar si hay banderas rojas, síntomas neurológicos progresivos, dolor no mecánico o señales de alarma.
FIS2_R0012;FIS2_P001;FIS2_T061;FIS2_TA008;media;Adaptar a valoración individual, irritabilidad, fase, dolor, función, comorbilidades, objetivos y tolerancia. Derivar si hay banderas rojas, síntomas neurológicos progresivos, dolor no mecánico o señales de alarma.
FIS2_R0013;FIS2_P002;FIS2_T001;FIS2_TA001;media;Adaptar a valoración individual, irritabilidad, fase, dolor, función, comorbilidades, objetivos y tolerancia. Derivar si hay banderas rojas, síntomas neurológicos progresivos, dolor no mecánico o señales de alarma.
FIS2_R0014;FIS2_P002;FIS2_T002;FIS2_TA002;alta;Adaptar a valoración individual, irritabilidad, fase, dolor, función, comorbilidades, objetivos y tolerancia. Derivar si hay banderas rojas, síntomas neurológicos progresivos, dolor no mecánico o señales de alarma.
FIS2_R0015;FIS2_P002;FIS2_T002;FIS2_TA062;alta;Adaptar a valoración individual, irritabilidad, fase, dolor, función, comorbilidades, objetivos y tolerancia. Derivar si hay banderas rojas, síntomas neurológicos progresivos, dolor no mecánico o señales de alarma.
FIS2_R0016;FIS2_P002;FIS2_T003;FIS2_TA004;media;Adaptar a valoración individual, irritabilidad, fase, dolor, función, comorbilidades, objetivos y tolerancia. Derivar si hay banderas rojas, síntomas neurológicos progresivos, dolor no mecánico o señales de alarma.
FIS2_R0017;FIS2_P002;FIS2_T003;FIS2_TA089;media;Adaptar a valoración individual, irritabilidad, fase, dolor, función, comorbilidades, objetivos y tolerancia. Derivar si hay banderas rojas, síntomas neurológicos progresivos, dolor no mecánico o señales de alarma.
FIS2_R0018;FIS2_P002;FIS2_T004;FIS2_TA003;media;Adaptar a valoración individual, irritabilidad, fase, dolor, función, comorbilidades, objetivos y tolerancia. Derivar si hay banderas rojas, síntomas neurológicos progresivos, dolor no mecánico o señales de alarma.
FIS2_R0019;FIS2_P002;FIS2_T004;FIS2_TA087;media;Adaptar a valoración individual, irritabilidad, fase, dolor, función, comorbilidades, objetivos y tolerancia. Derivar si hay banderas rojas, síntomas neurológicos progresivos, dolor no mecánico o señales de alarma.
FIS2_R0020;FIS2_P002;FIS2_T004;FIS2_TA088;media;Adaptar a valoración individual, irritabilidad, fase, dolor, función, comorbilidades, objetivos y tolerancia. Derivar si hay banderas rojas, síntomas neurológicos progresivos, dolor no mecánico o señales de alarma.
FIS2_R0021;FIS2_P002;FIS2_T005;FIS2_TA005;media;Adaptar a valoración individual, irritabilidad, fase, dolor, función, comorbilidades, objetivos y tolerancia. Derivar si hay banderas rojas, síntomas neurológicos progresivos, dolor no mecánico o señales de alarma.
FIS2_R0022;FIS2_P002;FIS2_T060;FIS2_TA082;alta;Adaptar a valoración individual, irritabilidad, fase, dolor, función, comorbilidades, objetivos y tolerancia. Derivar si hay banderas rojas, síntomas neurológicos progresivos, dolor no mecánico o señales de alarma.
FIS2_R0023;FIS2_P002;FIS2_T060;FIS2_TA083;alta;Adaptar a valoración individual, irritabilidad, fase, dolor, función, comorbilidades, objetivos y tolerancia. Derivar si hay banderas rojas, síntomas neurológicos progresivos, dolor no mecánico o señales de alarma.
FIS2_R0024;FIS2_P002;FIS2_T061;FIS2_TA008;media;Adaptar a valoración individual, irritabilidad, fase, dolor, función, comorbilidades, objetivos y tolerancia. Derivar si hay banderas rojas, síntomas neurológicos progresivos, dolor no mecánico o señales de alarma.
FIS2_R0025;FIS2_P003;FIS2_T001;FIS2_TA001;media;Adaptar a valoración individual, irritabilidad, fase, dolor, función, comorbilidades, objetivos y tolerancia. Derivar si hay banderas rojas, síntomas neurológicos progresivos, dolor no mecánico o señales de alarma.
FIS2_R0026;FIS2_P003;FIS2_T002;FIS2_TA002;alta;Adaptar a valoración individual, irritabilidad, fase, dolor, función, comorbilidades, objetivos y tolerancia. Derivar si hay banderas rojas, síntomas neurológicos progresivos, dolor no mecánico o señales de alarma.
FIS2_R0027;FIS2_P003;FIS2_T002;FIS2_TA062;alta;Adaptar a valoración individual, irritabilidad, fase, dolor, función, comorbilidades, objetivos y tolerancia. Derivar si hay banderas rojas, síntomas neurológicos progresivos, dolor no mecánico o señales de alarma.
FIS2_R0028;FIS2_P003;FIS2_T003;FIS2_TA004;media;Adaptar a valoración individual, irritabilidad, fase, dolor, función, comorbilidades, objetivos y tolerancia. Derivar si hay banderas rojas, síntomas neurológicos progresivos, dolor no mecánico o señales de alarma.
FIS2_R0029;FIS2_P003;FIS2_T003;FIS2_TA089;media;Adaptar a valoración individual, irritabilidad, fase, dolor, función, comorbilidades, objetivos y tolerancia. Derivar si hay banderas rojas, síntomas neurológicos progresivos, dolor no mecánico o señales de alarma.
FIS2_R0030;FIS2_P003;FIS2_T004;FIS2_TA003;media;Adaptar a valoración individual, irritabilidad, fase, dolor, función, comorbilidades, objetivos y tolerancia. Derivar si hay banderas rojas, síntomas neurológicos progresivos, dolor no mecánico o señales de alarma.
FIS2_R0031;FIS2_P003;FIS2_T004;FIS2_TA087;media;Adaptar a valoración individual, irritabilidad, fase, dolor, función, comorbilidades, objetivos y tolerancia. Derivar si hay banderas rojas, síntomas neurológicos progresivos, dolor no mecánico o señales de alarma.
FIS2_R0032;FIS2_P003;FIS2_T004;FIS2_TA088;media;Adaptar a valoración individual, irritabilidad, fase, dolor, función, comorbilidades, objetivos y tolerancia. Derivar si hay banderas rojas, síntomas neurológicos progresivos, dolor no mecánico o señales de alarma.
FIS2_R0033;FIS2_P003;FIS2_T005;FIS2_TA005;media;Adaptar a valoración individual, irritabilidad, fase, dolor, función, comorbilidades, objetivos y tolerancia. Derivar si hay banderas rojas, síntomas neurológicos progresivos, dolor no mecánico o señales de alarma.
FIS2_R0034;FIS2_P003;FIS2_T060;FIS2_TA082;alta;Adaptar a valoración individual, irritabilidad, fase, dolor, función, comorbilidades, objetivos y tolerancia. Derivar si hay banderas rojas, síntomas neurológicos progresivos, dolor no mecánico o señales de alarma.
FIS2_R0035;FIS2_P003;FIS2_T060;FIS2_TA083;alta;Adaptar a valoración individual, irritabilidad, fase, dolor, función, comorbilidades, objetivos y tolerancia. Derivar si hay banderas rojas, síntomas neurológicos progresivos, dolor no mecánico o señales de alarma.
FIS2_R0036;FIS2_P003;FIS2_T061;FIS2_TA008;media;Adaptar a valoración individual, irritabilidad, fase, dolor, función, comorbilidades, objetivos y tolerancia. Derivar si hay banderas rojas, síntomas neurológicos progresivos, dolor no mecánico o señales de alarma.
FIS2_R0037;FIS2_P004;FIS2_T001;FIS2_TA001;media;Adaptar a valoración individual, irritabilidad, fase, dolor, función, comorbilidades, objetivos y tolerancia. Derivar si hay banderas rojas, síntomas neurológicos progresivos, dolor no mecánico o señales de alarma.
FIS2_R0038;FIS2_P004;FIS2_T002;FIS2_TA002;alta;Adaptar a valoración individual, irritabilidad, fase, dolor, función, comorbilidades, objetivos y tolerancia. Derivar si hay banderas rojas, síntomas neurológicos progresivos, dolor no mecánico o señales de alarma.
FIS2_R0039;FIS2_P004;FIS2_T002;FIS2_TA062;alta;Adaptar a valoración individual, irritabilidad, fase, dolor, función, comorbilidades, objetivos y tolerancia. Derivar si hay banderas rojas, síntomas neurológicos progresivos, dolor no mecánico o señales de alarma.
FIS2_R0040;FIS2_P004;FIS2_T003;FIS2_TA004;media;Adaptar a valoración individual, irritabilidad, fase, dolor, función, comorbilidades, objetivos y tolerancia. Derivar si hay banderas rojas, síntomas neurológicos progresivos, dolor no mecánico o señales de alarma.
FIS2_R0041;FIS2_P004;FIS2_T003;FIS2_TA089;media;Adaptar a valoración individual, irritabilidad, fase, dolor, función, comorbilidades, objetivos y tolerancia. Derivar si hay banderas rojas, síntomas neurológicos progresivos, dolor no mecánico o señales de alarma.
FIS2_R0042;FIS2_P004;FIS2_T004;FIS2_TA003;media;Adaptar a valoración individual, irritabilidad, fase, dolor, función, comorbilidades, objetivos y tolerancia. Derivar si hay banderas rojas, síntomas neurológicos progresivos, dolor no mecánico o señales de alarma.
FIS2_R0043;FIS2_P004;FIS2_T004;FIS2_TA087;media;Adaptar a valoración individual, irritabilidad, fase, dolor, función, comorbilidades, objetivos y tolerancia. Derivar si hay banderas rojas, síntomas neurológicos progresivos, dolor no mecánico o señales de alarma.
FIS2_R0044;FIS2_P004;FIS2_T004;FIS2_TA088;media;Adaptar a valoración individual, irritabilidad, fase, dolor, función, comorbilidades, objetivos y tolerancia. Derivar si hay banderas rojas, síntomas neurológicos progresivos, dolor no mecánico o señales de alarma.
FIS2_R0045;FIS2_P004;FIS2_T005;FIS2_TA005;media;Adaptar a valoración individual, irritabilidad, fase, dolor, función, comorbilidades, objetivos y tolerancia. Derivar si hay banderas rojas, síntomas neurológicos progresivos, dolor no mecánico o señales de alarma.
FIS2_R0046;FIS2_P004;FIS2_T060;FIS2_TA082;alta;Adaptar a valoración individual, irritabilidad, fase, dolor, función, comorbilidades, objetivos y tolerancia. Derivar si hay banderas rojas, síntomas neurológicos progresivos, dolor no mecánico o señales de alarma.
FIS2_R0047;FIS2_P004;FIS2_T060;FIS2_TA083;alta;Adaptar a valoración individual, irritabilidad, fase, dolor, función, comorbilidades, objetivos y tolerancia. Derivar si hay banderas rojas, síntomas neurológicos progresivos, dolor no mecánico o señales de alarma.
FIS2_R0048;FIS2_P004;FIS2_T061;FIS2_TA008;media;Adaptar a valoración individual, irritabilidad, fase, dolor, función, comorbilidades, objetivos y tolerancia. Derivar si hay banderas rojas, síntomas neurológicos progresivos, dolor no mecánico o señales de alarma.
FIS2_R0049;FIS2_P005;FIS2_T001;FIS2_TA001;media;Adaptar a valoración individual, irritabilidad, fase, dolor, función, comorbilidades, objetivos y tolerancia. Derivar si hay banderas rojas, síntomas neurológicos progresivos, dolor no mecánico o señales de alarma.
FIS2_R0050;FIS2_P005;FIS2_T002;FIS2_TA002;alta;Adaptar a valoración individual, irritabilidad, fase, dolor, función, comorbilidades, objetivos y tolerancia. Derivar si hay banderas rojas, síntomas neurológicos progresivos, dolor no mecánico o señales de alarma.
FIS2_R0051;FIS2_P005;FIS2_T002;FIS2_TA062;alta;Adaptar a valoración individual, irritabilidad, fase, dolor, función, comorbilidades, objetivos y tolerancia. Derivar si hay banderas rojas, síntomas neurológicos progresivos, dolor no mecánico o señales de alarma.
FIS2_R0052;FIS2_P005;FIS2_T003;FIS2_TA004;media;Adaptar a valoración individual, irritabilidad, fase, dolor, función, comorbilidades, objetivos y tolerancia. Derivar si hay banderas rojas, síntomas neurológicos progresivos, dolor no mecánico o señales de alarma.
FIS2_R0053;FIS2_P005;FIS2_T003;FIS2_TA089;media;Adaptar a valoración individual, irritabilidad, fase, dolor, función, comorbilidades, objetivos y tolerancia. Derivar si hay banderas rojas, síntomas neurológicos progresivos, dolor no mecánico o señales de alarma.
FIS2_R0054;FIS2_P005;FIS2_T004;FIS2_TA003;media;Adaptar a valoración individual, irritabilidad, fase, dolor, función, comorbilidades, objetivos y tolerancia. Derivar si hay banderas rojas, síntomas neurológicos progresivos, dolor no mecánico o señales de alarma.
FIS2_R0055;FIS2_P005;FIS2_T004;FIS2_TA087;media;Adaptar a valoración individual, irritabilidad, fase, dolor, función, comorbilidades, objetivos y tolerancia. Derivar si hay banderas rojas, síntomas neurológicos progresivos, dolor no mecánico o señales de alarma.
FIS2_R0056;FIS2_P005;FIS2_T004;FIS2_TA088;media;Adaptar a valoración individual, irritabilidad, fase, dolor, función, comorbilidades, objetivos y tolerancia. Derivar si hay banderas rojas, síntomas neurológicos progresivos, dolor no mecánico o señales de alarma.
FIS2_R0057;FIS2_P005;FIS2_T005;FIS2_TA005;media;Adaptar a valoración individual, irritabilidad, fase, dolor, función, comorbilidades, objetivos y tolerancia. Derivar si hay banderas rojas, síntomas neurológicos progresivos, dolor no mecánico o señales de alarma.
FIS2_R0058;FIS2_P005;FIS2_T060;FIS2_TA082;alta;Adaptar a valoración individual, irritabilidad, fase, dolor, función, comorbilidades, objetivos y tolerancia. Derivar si hay banderas rojas, síntomas neurológicos progresivos, dolor no mecánico o señales de alarma.
FIS2_R0059;FIS2_P005;FIS2_T060;FIS2_TA083;alta;Adaptar a valoración individual, irritabilidad, fase, dolor, función, comorbilidades, objetivos y tolerancia. Derivar si hay banderas rojas, síntomas neurológicos progresivos, dolor no mecánico o señales de alarma.
FIS2_R0060;FIS2_P005;FIS2_T061;FIS2_TA008;media;Adaptar a valoración individual, irritabilidad, fase, dolor, función, comorbilidades, objetivos y tolerancia. Derivar si hay banderas rojas, síntomas neurológicos progresivos, dolor no mecánico o señales de alarma.
FIS2_R0061;FIS2_P006;FIS2_T005;FIS2_TA005;media;Adaptar a valoración individual, irritabilidad, fase, dolor, función, comorbilidades, objetivos y tolerancia. Derivar si hay banderas rojas, síntomas neurológicos progresivos, dolor no mecánico o señales de alarma.
FIS2_R0062;FIS2_P006;FIS2_T011;FIS2_TA011;media;Adaptar a valoración individual, irritabilidad, fase, dolor, función, comorbilidades, objetivos y tolerancia. Derivar si hay banderas rojas, síntomas neurológicos progresivos, dolor no mecánico o señales de alarma.
FIS2_R0063;FIS2_P006;FIS2_T012;FIS2_TA012;media;Adaptar a valoración individual, irritabilidad, fase, dolor, función, comorbilidades, objetivos y tolerancia. Derivar si hay banderas rojas, síntomas neurológicos progresivos, dolor no mecánico o señales de alarma.
FIS2_R0064;FIS2_P006;FIS2_T055;FIS2_TA014;media;Adaptar a valoración individual, irritabilidad, fase, dolor, función, comorbilidades, objetivos y tolerancia. Derivar si hay banderas rojas, síntomas neurológicos progresivos, dolor no mecánico o señales de alarma.
FIS2_R0065;FIS2_P006;FIS2_T055;FIS2_TA078;media;Adaptar a valoración individual, irritabilidad, fase, dolor, función, comorbilidades, objetivos y tolerancia. Derivar si hay banderas rojas, síntomas neurológicos progresivos, dolor no mecánico o señales de alarma.
FIS2_R0066;FIS2_P006;FIS2_T056;FIS2_TA013;media;Adaptar a valoración individual, irritabilidad, fase, dolor, función, comorbilidades, objetivos y tolerancia. Derivar si hay banderas rojas, síntomas neurológicos progresivos, dolor no mecánico o señales de alarma.
FIS2_R0067;FIS2_P006;FIS2_T056;FIS2_TA077;media;Adaptar a valoración individual, irritabilidad, fase, dolor, función, comorbilidades, objetivos y tolerancia. Derivar si hay banderas rojas, síntomas neurológicos progresivos, dolor no mecánico o señales de alarma.
FIS2_R0068;FIS2_P006;FIS2_T061;FIS2_TA008;media;Adaptar a valoración individual, irritabilidad, fase, dolor, función, comorbilidades, objetivos y tolerancia. Derivar si hay banderas rojas, síntomas neurológicos progresivos, dolor no mecánico o señales de alarma.
FIS2_R0069;FIS2_P006;FIS2_T064;FIS2_TA010;alta;Adaptar a valoración individual, irritabilidad, fase, dolor, función, comorbilidades, objetivos y tolerancia. Derivar si hay banderas rojas, síntomas neurológicos progresivos, dolor no mecánico o señales de alarma.
FIS2_R0070;FIS2_P006;FIS2_T064;FIS2_TA053;alta;Adaptar a valoración individual, irritabilidad, fase, dolor, función, comorbilidades, objetivos y tolerancia. Derivar si hay banderas rojas, síntomas neurológicos progresivos, dolor no mecánico o señales de alarma.
FIS2_R0071;FIS2_P007;FIS2_T005;FIS2_TA005;media;Adaptar a valoración individual, irritabilidad, fase, dolor, función, comorbilidades, objetivos y tolerancia. Derivar si hay banderas rojas, síntomas neurológicos progresivos, dolor no mecánico o señales de alarma.
FIS2_R0072;FIS2_P007;FIS2_T011;FIS2_TA011;media;Adaptar a valoración individual, irritabilidad, fase, dolor, función, comorbilidades, objetivos y tolerancia. Derivar si hay banderas rojas, síntomas neurológicos progresivos, dolor no mecánico o señales de alarma.
FIS2_R0073;FIS2_P007;FIS2_T012;FIS2_TA012;media;Adaptar a valoración individual, irritabilidad, fase, dolor, función, comorbilidades, objetivos y tolerancia. Derivar si hay banderas rojas, síntomas neurológicos progresivos, dolor no mecánico o señales de alarma.
FIS2_R0074;FIS2_P007;FIS2_T055;FIS2_TA014;media;Adaptar a valoración individual, irritabilidad, fase, dolor, función, comorbilidades, objetivos y tolerancia. Derivar si hay banderas rojas, síntomas neurológicos progresivos, dolor no mecánico o señales de alarma.
FIS2_R0075;FIS2_P007;FIS2_T055;FIS2_TA078;media;Adaptar a valoración individual, irritabilidad, fase, dolor, función, comorbilidades, objetivos y tolerancia. Derivar si hay banderas rojas, síntomas neurológicos progresivos, dolor no mecánico o señales de alarma.
FIS2_R0076;FIS2_P007;FIS2_T056;FIS2_TA013;media;Adaptar a valoración individual, irritabilidad, fase, dolor, función, comorbilidades, objetivos y tolerancia. Derivar si hay banderas rojas, síntomas neurológicos progresivos, dolor no mecánico o señales de alarma.
FIS2_R0077;FIS2_P007;FIS2_T056;FIS2_TA077;media;Adaptar a valoración individual, irritabilidad, fase, dolor, función, comorbilidades, objetivos y tolerancia. Derivar si hay banderas rojas, síntomas neurológicos progresivos, dolor no mecánico o señales de alarma.
FIS2_R0078;FIS2_P007;FIS2_T061;FIS2_TA008;media;Adaptar a valoración individual, irritabilidad, fase, dolor, función, comorbilidades, objetivos y tolerancia. Derivar si hay banderas rojas, síntomas neurológicos progresivos, dolor no mecánico o señales de alarma.
FIS2_R0079;FIS2_P007;FIS2_T064;FIS2_TA010;alta;Adaptar a valoración individual, irritabilidad, fase, dolor, función, comorbilidades, objetivos y tolerancia. Derivar si hay banderas rojas, síntomas neurológicos progresivos, dolor no mecánico o señales de alarma.
FIS2_R0080;FIS2_P007;FIS2_T064;FIS2_TA053;alta;Adaptar a valoración individual, irritabilidad, fase, dolor, función, comorbilidades, objetivos y tolerancia. Derivar si hay banderas rojas, síntomas neurológicos progresivos, dolor no mecánico o señales de alarma.
FIS2_R0081;FIS2_P008;FIS2_T005;FIS2_TA005;media;Adaptar a valoración individual, irritabilidad, fase, dolor, función, comorbilidades, objetivos y tolerancia. Derivar si hay banderas rojas, síntomas neurológicos progresivos, dolor no mecánico o señales de alarma.
FIS2_R0082;FIS2_P008;FIS2_T011;FIS2_TA011;media;Adaptar a valoración individual, irritabilidad, fase, dolor, función, comorbilidades, objetivos y tolerancia. Derivar si hay banderas rojas, síntomas neurológicos progresivos, dolor no mecánico o señales de alarma.
FIS2_R0083;FIS2_P008;FIS2_T012;FIS2_TA012;media;Adaptar a valoración individual, irritabilidad, fase, dolor, función, comorbilidades, objetivos y tolerancia. Derivar si hay banderas rojas, síntomas neurológicos progresivos, dolor no mecánico o señales de alarma.
FIS2_R0084;FIS2_P008;FIS2_T055;FIS2_TA014;media;Adaptar a valoración individual, irritabilidad, fase, dolor, función, comorbilidades, objetivos y tolerancia. Derivar si hay banderas rojas, síntomas neurológicos progresivos, dolor no mecánico o señales de alarma.
FIS2_R0085;FIS2_P008;FIS2_T055;FIS2_TA078;media;Adaptar a valoración individual, irritabilidad, fase, dolor, función, comorbilidades, objetivos y tolerancia. Derivar si hay banderas rojas, síntomas neurológicos progresivos, dolor no mecánico o señales de alarma.
FIS2_R0086;FIS2_P008;FIS2_T056;FIS2_TA013;media;Adaptar a valoración individual, irritabilidad, fase, dolor, función, comorbilidades, objetivos y tolerancia. Derivar si hay banderas rojas, síntomas neurológicos progresivos, dolor no mecánico o señales de alarma.
FIS2_R0087;FIS2_P008;FIS2_T056;FIS2_TA077;media;Adaptar a valoración individual, irritabilidad, fase, dolor, función, comorbilidades, objetivos y tolerancia. Derivar si hay banderas rojas, síntomas neurológicos progresivos, dolor no mecánico o señales de alarma.
FIS2_R0088;FIS2_P008;FIS2_T061;FIS2_TA008;media;Adaptar a valoración individual, irritabilidad, fase, dolor, función, comorbilidades, objetivos y tolerancia. Derivar si hay banderas rojas, síntomas neurológicos progresivos, dolor no mecánico o señales de alarma.
FIS2_R0089;FIS2_P008;FIS2_T064;FIS2_TA010;alta;Adaptar a valoración individual, irritabilidad, fase, dolor, función, comorbilidades, objetivos y tolerancia. Derivar si hay banderas rojas, síntomas neurológicos progresivos, dolor no mecánico o señales de alarma.
FIS2_R0090;FIS2_P008;FIS2_T064;FIS2_TA053;alta;Adaptar a valoración individual, irritabilidad, fase, dolor, función, comorbilidades, objetivos y tolerancia. Derivar si hay banderas rojas, síntomas neurológicos progresivos, dolor no mecánico o señales de alarma.
FIS2_R0091;FIS2_P009;FIS2_T005;FIS2_TA005;media;Adaptar a valoración individual, irritabilidad, fase, dolor, función, comorbilidades, objetivos y tolerancia. Derivar si hay banderas rojas, síntomas neurológicos progresivos, dolor no mecánico o señales de alarma.
FIS2_R0092;FIS2_P009;FIS2_T011;FIS2_TA011;media;Adaptar a valoración individual, irritabilidad, fase, dolor, función, comorbilidades, objetivos y tolerancia. Derivar si hay banderas rojas, síntomas neurológicos progresivos, dolor no mecánico o señales de alarma.
FIS2_R0093;FIS2_P009;FIS2_T012;FIS2_TA012;media;Adaptar a valoración individual, irritabilidad, fase, dolor, función, comorbilidades, objetivos y tolerancia. Derivar si hay banderas rojas, síntomas neurológicos progresivos, dolor no mecánico o señales de alarma.
FIS2_R0094;FIS2_P009;FIS2_T055;FIS2_TA014;media;Adaptar a valoración individual, irritabilidad, fase, dolor, función, comorbilidades, objetivos y tolerancia. Derivar si hay banderas rojas, síntomas neurológicos progresivos, dolor no mecánico o señales de alarma.
FIS2_R0095;FIS2_P009;FIS2_T055;FIS2_TA078;media;Adaptar a valoración individual, irritabilidad, fase, dolor, función, comorbilidades, objetivos y tolerancia. Derivar si hay banderas rojas, síntomas neurológicos progresivos, dolor no mecánico o señales de alarma.
FIS2_R0096;FIS2_P009;FIS2_T056;FIS2_TA013;media;Adaptar a valoración individual, irritabilidad, fase, dolor, función, comorbilidades, objetivos y tolerancia. Derivar si hay banderas rojas, síntomas neurológicos progresivos, dolor no mecánico o señales de alarma.
FIS2_R0097;FIS2_P009;FIS2_T056;FIS2_TA077;media;Adaptar a valoración individual, irritabilidad, fase, dolor, función, comorbilidades, objetivos y tolerancia. Derivar si hay banderas rojas, síntomas neurológicos progresivos, dolor no mecánico o señales de alarma.
FIS2_R0098;FIS2_P009;FIS2_T061;FIS2_TA008;media;Adaptar a valoración individual, irritabilidad, fase, dolor, función, comorbilidades, objetivos y tolerancia. Derivar si hay banderas rojas, síntomas neurológicos progresivos, dolor no mecánico o señales de alarma.
FIS2_R0099;FIS2_P009;FIS2_T064;FIS2_TA010;alta;Adaptar a valoración individual, irritabilidad, fase, dolor, función, comorbilidades, objetivos y tolerancia. Derivar si hay banderas rojas, síntomas neurológicos progresivos, dolor no mecánico o señales de alarma.
FIS2_R0100;FIS2_P009;FIS2_T064;FIS2_TA053;alta;Adaptar a valoración individual, irritabilidad, fase, dolor, función, comorbilidades, objetivos y tolerancia. Derivar si hay banderas rojas, síntomas neurológicos progresivos, dolor no mecánico o señales de alarma.
FIS2_R0101;FIS2_P010;FIS2_T005;FIS2_TA005;media;Adaptar a valoración individual, irritabilidad, fase, dolor, función, comorbilidades, objetivos y tolerancia. Derivar si hay banderas rojas, síntomas neurológicos progresivos, dolor no mecánico o señales de alarma.
FIS2_R0102;FIS2_P010;FIS2_T011;FIS2_TA011;media;Adaptar a valoración individual, irritabilidad, fase, dolor, función, comorbilidades, objetivos y tolerancia. Derivar si hay banderas rojas, síntomas neurológicos progresivos, dolor no mecánico o señales de alarma.
FIS2_R0103;FIS2_P010;FIS2_T012;FIS2_TA012;media;Adaptar a valoración individual, irritabilidad, fase, dolor, función, comorbilidades, objetivos y tolerancia. Derivar si hay banderas rojas, síntomas neurológicos progresivos, dolor no mecánico o señales de alarma.
FIS2_R0104;FIS2_P010;FIS2_T055;FIS2_TA014;media;Adaptar a valoración individual, irritabilidad, fase, dolor, función, comorbilidades, objetivos y tolerancia. Derivar si hay banderas rojas, síntomas neurológicos progresivos, dolor no mecánico o señales de alarma.
FIS2_R0105;FIS2_P010;FIS2_T055;FIS2_TA078;media;Adaptar a valoración individual, irritabilidad, fase, dolor, función, comorbilidades, objetivos y tolerancia. Derivar si hay banderas rojas, síntomas neurológicos progresivos, dolor no mecánico o señales de alarma.
FIS2_R0106;FIS2_P010;FIS2_T056;FIS2_TA013;media;Adaptar a valoración individual, irritabilidad, fase, dolor, función, comorbilidades, objetivos y tolerancia. Derivar si hay banderas rojas, síntomas neurológicos progresivos, dolor no mecánico o señales de alarma.
FIS2_R0107;FIS2_P010;FIS2_T056;FIS2_TA077;media;Adaptar a valoración individual, irritabilidad, fase, dolor, función, comorbilidades, objetivos y tolerancia. Derivar si hay banderas rojas, síntomas neurológicos progresivos, dolor no mecánico o señales de alarma.
FIS2_R0108;FIS2_P010;FIS2_T061;FIS2_TA008;media;Adaptar a valoración individual, irritabilidad, fase, dolor, función, comorbilidades, objetivos y tolerancia. Derivar si hay banderas rojas, síntomas neurológicos progresivos, dolor no mecánico o señales de alarma.
FIS2_R0109;FIS2_P010;FIS2_T064;FIS2_TA010;alta;Adaptar a valoración individual, irritabilidad, fase, dolor, función, comorbilidades, objetivos y tolerancia. Derivar si hay banderas rojas, síntomas neurológicos progresivos, dolor no mecánico o señales de alarma.
FIS2_R0110;FIS2_P010;FIS2_T064;FIS2_TA053;alta;Adaptar a valoración individual, irritabilidad, fase, dolor, función, comorbilidades, objetivos y tolerancia. Derivar si hay banderas rojas, síntomas neurológicos progresivos, dolor no mecánico o señales de alarma.
FIS2_R0111;FIS2_P011;FIS2_T013;FIS2_TA015;media;Adaptar a valoración individual, irritabilidad, fase, dolor, función, comorbilidades, objetivos y tolerancia. Derivar si hay banderas rojas, síntomas neurológicos progresivos, dolor no mecánico o señales de alarma.
FIS2_R0112;FIS2_P011;FIS2_T013;FIS2_TA016;media;Adaptar a valoración individual, irritabilidad, fase, dolor, función, comorbilidades, objetivos y tolerancia. Derivar si hay banderas rojas, síntomas neurológicos progresivos, dolor no mecánico o señales de alarma.
FIS2_R0113;FIS2_P011;FIS2_T014;FIS2_TA017;media;Adaptar a valoración individual, irritabilidad, fase, dolor, función, comorbilidades, objetivos y tolerancia. Derivar si hay banderas rojas, síntomas neurológicos progresivos, dolor no mecánico o señales de alarma.
FIS2_R0114;FIS2_P011;FIS2_T014;FIS2_TA069;media;Adaptar a valoración individual, irritabilidad, fase, dolor, función, comorbilidades, objetivos y tolerancia. Derivar si hay banderas rojas, síntomas neurológicos progresivos, dolor no mecánico o señales de alarma.
FIS2_R0115;FIS2_P011;FIS2_T019;FIS2_TA028;media;Adaptar a valoración individual, irritabilidad, fase, dolor, función, comorbilidades, objetivos y tolerancia. Derivar si hay banderas rojas, síntomas neurológicos progresivos, dolor no mecánico o señales de alarma.
FIS2_R0116;FIS2_P011;FIS2_T019;FIS2_TA029;media;Adaptar a valoración individual, irritabilidad, fase, dolor, función, comorbilidades, objetivos y tolerancia. Derivar si hay banderas rojas, síntomas neurológicos progresivos, dolor no mecánico o señales de alarma.
FIS2_R0117;FIS2_P011;FIS2_T055;FIS2_TA014;media;Adaptar a valoración individual, irritabilidad, fase, dolor, función, comorbilidades, objetivos y tolerancia. Derivar si hay banderas rojas, síntomas neurológicos progresivos, dolor no mecánico o señales de alarma.
FIS2_R0118;FIS2_P011;FIS2_T055;FIS2_TA078;media;Adaptar a valoración individual, irritabilidad, fase, dolor, función, comorbilidades, objetivos y tolerancia. Derivar si hay banderas rojas, síntomas neurológicos progresivos, dolor no mecánico o señales de alarma.
FIS2_R0119;FIS2_P011;FIS2_T056;FIS2_TA013;media;Adaptar a valoración individual, irritabilidad, fase, dolor, función, comorbilidades, objetivos y tolerancia. Derivar si hay banderas rojas, síntomas neurológicos progresivos, dolor no mecánico o señales de alarma.
FIS2_R0120;FIS2_P011;FIS2_T056;FIS2_TA077;media;Adaptar a valoración individual, irritabilidad, fase, dolor, función, comorbilidades, objetivos y tolerancia. Derivar si hay banderas rojas, síntomas neurológicos progresivos, dolor no mecánico o señales de alarma.
FIS2_R0121;FIS2_P011;FIS2_T061;FIS2_TA008;media;Adaptar a valoración individual, irritabilidad, fase, dolor, función, comorbilidades, objetivos y tolerancia. Derivar si hay banderas rojas, síntomas neurológicos progresivos, dolor no mecánico o señales de alarma.
FIS2_R0122;FIS2_P012;FIS2_T013;FIS2_TA015;media;Adaptar a valoración individual, irritabilidad, fase, dolor, función, comorbilidades, objetivos y tolerancia. Derivar si hay banderas rojas, síntomas neurológicos progresivos, dolor no mecánico o señales de alarma.
FIS2_R0123;FIS2_P012;FIS2_T013;FIS2_TA016;media;Adaptar a valoración individual, irritabilidad, fase, dolor, función, comorbilidades, objetivos y tolerancia. Derivar si hay banderas rojas, síntomas neurológicos progresivos, dolor no mecánico o señales de alarma.
FIS2_R0124;FIS2_P012;FIS2_T014;FIS2_TA017;media;Adaptar a valoración individual, irritabilidad, fase, dolor, función, comorbilidades, objetivos y tolerancia. Derivar si hay banderas rojas, síntomas neurológicos progresivos, dolor no mecánico o señales de alarma.
FIS2_R0125;FIS2_P012;FIS2_T014;FIS2_TA069;media;Adaptar a valoración individual, irritabilidad, fase, dolor, función, comorbilidades, objetivos y tolerancia. Derivar si hay banderas rojas, síntomas neurológicos progresivos, dolor no mecánico o señales de alarma.
FIS2_R0126;FIS2_P012;FIS2_T019;FIS2_TA028;media;Adaptar a valoración individual, irritabilidad, fase, dolor, función, comorbilidades, objetivos y tolerancia. Derivar si hay banderas rojas, síntomas neurológicos progresivos, dolor no mecánico o señales de alarma.
FIS2_R0127;FIS2_P012;FIS2_T019;FIS2_TA029;media;Adaptar a valoración individual, irritabilidad, fase, dolor, función, comorbilidades, objetivos y tolerancia. Derivar si hay banderas rojas, síntomas neurológicos progresivos, dolor no mecánico o señales de alarma.
FIS2_R0128;FIS2_P012;FIS2_T055;FIS2_TA014;media;Adaptar a valoración individual, irritabilidad, fase, dolor, función, comorbilidades, objetivos y tolerancia. Derivar si hay banderas rojas, síntomas neurológicos progresivos, dolor no mecánico o señales de alarma.
FIS2_R0129;FIS2_P012;FIS2_T055;FIS2_TA078;media;Adaptar a valoración individual, irritabilidad, fase, dolor, función, comorbilidades, objetivos y tolerancia. Derivar si hay banderas rojas, síntomas neurológicos progresivos, dolor no mecánico o señales de alarma.
FIS2_R0130;FIS2_P012;FIS2_T056;FIS2_TA013;media;Adaptar a valoración individual, irritabilidad, fase, dolor, función, comorbilidades, objetivos y tolerancia. Derivar si hay banderas rojas, síntomas neurológicos progresivos, dolor no mecánico o señales de alarma.
FIS2_R0131;FIS2_P012;FIS2_T056;FIS2_TA077;media;Adaptar a valoración individual, irritabilidad, fase, dolor, función, comorbilidades, objetivos y tolerancia. Derivar si hay banderas rojas, síntomas neurológicos progresivos, dolor no mecánico o señales de alarma.
FIS2_R0132;FIS2_P012;FIS2_T061;FIS2_TA008;media;Adaptar a valoración individual, irritabilidad, fase, dolor, función, comorbilidades, objetivos y tolerancia. Derivar si hay banderas rojas, síntomas neurológicos progresivos, dolor no mecánico o señales de alarma.
FIS2_R0133;FIS2_P013;FIS2_T013;FIS2_TA015;media;Adaptar a valoración individual, irritabilidad, fase, dolor, función, comorbilidades, objetivos y tolerancia. Derivar si hay banderas rojas, síntomas neurológicos progresivos, dolor no mecánico o señales de alarma.
FIS2_R0134;FIS2_P013;FIS2_T013;FIS2_TA016;media;Adaptar a valoración individual, irritabilidad, fase, dolor, función, comorbilidades, objetivos y tolerancia. Derivar si hay banderas rojas, síntomas neurológicos progresivos, dolor no mecánico o señales de alarma.
FIS2_R0135;FIS2_P013;FIS2_T014;FIS2_TA017;media;Adaptar a valoración individual, irritabilidad, fase, dolor, función, comorbilidades, objetivos y tolerancia. Derivar si hay banderas rojas, síntomas neurológicos progresivos, dolor no mecánico o señales de alarma.
FIS2_R0136;FIS2_P013;FIS2_T014;FIS2_TA069;media;Adaptar a valoración individual, irritabilidad, fase, dolor, función, comorbilidades, objetivos y tolerancia. Derivar si hay banderas rojas, síntomas neurológicos progresivos, dolor no mecánico o señales de alarma.
FIS2_R0137;FIS2_P013;FIS2_T019;FIS2_TA028;media;Adaptar a valoración individual, irritabilidad, fase, dolor, función, comorbilidades, objetivos y tolerancia. Derivar si hay banderas rojas, síntomas neurológicos progresivos, dolor no mecánico o señales de alarma.
FIS2_R0138;FIS2_P013;FIS2_T019;FIS2_TA029;media;Adaptar a valoración individual, irritabilidad, fase, dolor, función, comorbilidades, objetivos y tolerancia. Derivar si hay banderas rojas, síntomas neurológicos progresivos, dolor no mecánico o señales de alarma.
FIS2_R0139;FIS2_P013;FIS2_T055;FIS2_TA014;media;Adaptar a valoración individual, irritabilidad, fase, dolor, función, comorbilidades, objetivos y tolerancia. Derivar si hay banderas rojas, síntomas neurológicos progresivos, dolor no mecánico o señales de alarma.
FIS2_R0140;FIS2_P013;FIS2_T055;FIS2_TA078;media;Adaptar a valoración individual, irritabilidad, fase, dolor, función, comorbilidades, objetivos y tolerancia. Derivar si hay banderas rojas, síntomas neurológicos progresivos, dolor no mecánico o señales de alarma.
FIS2_R0141;FIS2_P013;FIS2_T056;FIS2_TA013;media;Adaptar a valoración individual, irritabilidad, fase, dolor, función, comorbilidades, objetivos y tolerancia. Derivar si hay banderas rojas, síntomas neurológicos progresivos, dolor no mecánico o señales de alarma.
FIS2_R0142;FIS2_P013;FIS2_T056;FIS2_TA077;media;Adaptar a valoración individual, irritabilidad, fase, dolor, función, comorbilidades, objetivos y tolerancia. Derivar si hay banderas rojas, síntomas neurológicos progresivos, dolor no mecánico o señales de alarma.
FIS2_R0143;FIS2_P013;FIS2_T061;FIS2_TA008;media;Adaptar a valoración individual, irritabilidad, fase, dolor, función, comorbilidades, objetivos y tolerancia. Derivar si hay banderas rojas, síntomas neurológicos progresivos, dolor no mecánico o señales de alarma.
FIS2_R0144;FIS2_P014;FIS2_T013;FIS2_TA015;media;Adaptar a valoración individual, irritabilidad, fase, dolor, función, comorbilidades, objetivos y tolerancia. Derivar si hay banderas rojas, síntomas neurológicos progresivos, dolor no mecánico o señales de alarma.
FIS2_R0145;FIS2_P014;FIS2_T013;FIS2_TA016;media;Adaptar a valoración individual, irritabilidad, fase, dolor, función, comorbilidades, objetivos y tolerancia. Derivar si hay banderas rojas, síntomas neurológicos progresivos, dolor no mecánico o señales de alarma.
FIS2_R0146;FIS2_P014;FIS2_T014;FIS2_TA017;media;Adaptar a valoración individual, irritabilidad, fase, dolor, función, comorbilidades, objetivos y tolerancia. Derivar si hay banderas rojas, síntomas neurológicos progresivos, dolor no mecánico o señales de alarma.
FIS2_R0147;FIS2_P014;FIS2_T014;FIS2_TA069;media;Adaptar a valoración individual, irritabilidad, fase, dolor, función, comorbilidades, objetivos y tolerancia. Derivar si hay banderas rojas, síntomas neurológicos progresivos, dolor no mecánico o señales de alarma.
FIS2_R0148;FIS2_P014;FIS2_T019;FIS2_TA028;media;Adaptar a valoración individual, irritabilidad, fase, dolor, función, comorbilidades, objetivos y tolerancia. Derivar si hay banderas rojas, síntomas neurológicos progresivos, dolor no mecánico o señales de alarma.
FIS2_R0149;FIS2_P014;FIS2_T019;FIS2_TA029;media;Adaptar a valoración individual, irritabilidad, fase, dolor, función, comorbilidades, objetivos y tolerancia. Derivar si hay banderas rojas, síntomas neurológicos progresivos, dolor no mecánico o señales de alarma.
FIS2_R0150;FIS2_P014;FIS2_T055;FIS2_TA014;media;Adaptar a valoración individual, irritabilidad, fase, dolor, función, comorbilidades, objetivos y tolerancia. Derivar si hay banderas rojas, síntomas neurológicos progresivos, dolor no mecánico o señales de alarma.
FIS2_R0151;FIS2_P014;FIS2_T055;FIS2_TA078;media;Adaptar a valoración individual, irritabilidad, fase, dolor, función, comorbilidades, objetivos y tolerancia. Derivar si hay banderas rojas, síntomas neurológicos progresivos, dolor no mecánico o señales de alarma.
FIS2_R0152;FIS2_P014;FIS2_T056;FIS2_TA013;media;Adaptar a valoración individual, irritabilidad, fase, dolor, función, comorbilidades, objetivos y tolerancia. Derivar si hay banderas rojas, síntomas neurológicos progresivos, dolor no mecánico o señales de alarma.
FIS2_R0153;FIS2_P014;FIS2_T056;FIS2_TA077;media;Adaptar a valoración individual, irritabilidad, fase, dolor, función, comorbilidades, objetivos y tolerancia. Derivar si hay banderas rojas, síntomas neurológicos progresivos, dolor no mecánico o señales de alarma.
FIS2_R0154;FIS2_P014;FIS2_T061;FIS2_TA008;media;Adaptar a valoración individual, irritabilidad, fase, dolor, función, comorbilidades, objetivos y tolerancia. Derivar si hay banderas rojas, síntomas neurológicos progresivos, dolor no mecánico o señales de alarma.
FIS2_R0155;FIS2_P015;FIS2_T005;FIS2_TA005;media;Adaptar a valoración individual, irritabilidad, fase, dolor, función, comorbilidades, objetivos y tolerancia. Derivar si hay banderas rojas, síntomas neurológicos progresivos, dolor no mecánico o señales de alarma.
FIS2_R0156;FIS2_P015;FIS2_T006;FIS2_TA006;media;Adaptar a valoración individual, irritabilidad, fase, dolor, función, comorbilidades, objetivos y tolerancia. Derivar si hay banderas rojas, síntomas neurológicos progresivos, dolor no mecánico o señales de alarma.
FIS2_R0157;FIS2_P015;FIS2_T007;FIS2_TA007;media;Adaptar a valoración individual, irritabilidad, fase, dolor, función, comorbilidades, objetivos y tolerancia. Derivar si hay banderas rojas, síntomas neurológicos progresivos, dolor no mecánico o señales de alarma.
FIS2_R0158;FIS2_P015;FIS2_T015;FIS2_TA018;media;Adaptar a valoración individual, irritabilidad, fase, dolor, función, comorbilidades, objetivos y tolerancia. Derivar si hay banderas rojas, síntomas neurológicos progresivos, dolor no mecánico o señales de alarma.
FIS2_R0159;FIS2_P015;FIS2_T015;FIS2_TA019;media;Adaptar a valoración individual, irritabilidad, fase, dolor, función, comorbilidades, objetivos y tolerancia. Derivar si hay banderas rojas, síntomas neurológicos progresivos, dolor no mecánico o señales de alarma.
FIS2_R0160;FIS2_P015;FIS2_T016;FIS2_TA020;media;Adaptar a valoración individual, irritabilidad, fase, dolor, función, comorbilidades, objetivos y tolerancia. Derivar si hay banderas rojas, síntomas neurológicos progresivos, dolor no mecánico o señales de alarma.
FIS2_R0161;FIS2_P015;FIS2_T016;FIS2_TA021;media;Adaptar a valoración individual, irritabilidad, fase, dolor, función, comorbilidades, objetivos y tolerancia. Derivar si hay banderas rojas, síntomas neurológicos progresivos, dolor no mecánico o señales de alarma.
FIS2_R0162;FIS2_P015;FIS2_T017;FIS2_TA022;media;Adaptar a valoración individual, irritabilidad, fase, dolor, función, comorbilidades, objetivos y tolerancia. Derivar si hay banderas rojas, síntomas neurológicos progresivos, dolor no mecánico o señales de alarma.
FIS2_R0163;FIS2_P015;FIS2_T018;FIS2_TA023;alta;Adaptar a valoración individual, irritabilidad, fase, dolor, función, comorbilidades, objetivos y tolerancia. Derivar si hay banderas rojas, síntomas neurológicos progresivos, dolor no mecánico o señales de alarma.
FIS2_R0164;FIS2_P015;FIS2_T053;FIS2_TA074;media;Adaptar a valoración individual, irritabilidad, fase, dolor, función, comorbilidades, objetivos y tolerancia. Derivar si hay banderas rojas, síntomas neurológicos progresivos, dolor no mecánico o señales de alarma.
FIS2_R0165;FIS2_P015;FIS2_T054;FIS2_TA024;media;Adaptar a valoración individual, irritabilidad, fase, dolor, función, comorbilidades, objetivos y tolerancia. Derivar si hay banderas rojas, síntomas neurológicos progresivos, dolor no mecánico o señales de alarma.
FIS2_R0166;FIS2_P015;FIS2_T054;FIS2_TA075;media;Adaptar a valoración individual, irritabilidad, fase, dolor, función, comorbilidades, objetivos y tolerancia. Derivar si hay banderas rojas, síntomas neurológicos progresivos, dolor no mecánico o señales de alarma.
FIS2_R0167;FIS2_P015;FIS2_T064;FIS2_TA010;alta;Adaptar a valoración individual, irritabilidad, fase, dolor, función, comorbilidades, objetivos y tolerancia. Derivar si hay banderas rojas, síntomas neurológicos progresivos, dolor no mecánico o señales de alarma.
FIS2_R0168;FIS2_P015;FIS2_T064;FIS2_TA053;alta;Adaptar a valoración individual, irritabilidad, fase, dolor, función, comorbilidades, objetivos y tolerancia. Derivar si hay banderas rojas, síntomas neurológicos progresivos, dolor no mecánico o señales de alarma.
FIS2_R0169;FIS2_P015;FIS2_T065;FIS2_TA076;media;Adaptar a valoración individual, irritabilidad, fase, dolor, función, comorbilidades, objetivos y tolerancia. Derivar si hay banderas rojas, síntomas neurológicos progresivos, dolor no mecánico o señales de alarma.
FIS2_R0170;FIS2_P015;FIS2_T065;FIS2_TA086;media;Adaptar a valoración individual, irritabilidad, fase, dolor, función, comorbilidades, objetivos y tolerancia. Derivar si hay banderas rojas, síntomas neurológicos progresivos, dolor no mecánico o señales de alarma.
FIS2_R0171;FIS2_P015;FIS2_T065;FIS2_TA090;media;Adaptar a valoración individual, irritabilidad, fase, dolor, función, comorbilidades, objetivos y tolerancia. Derivar si hay banderas rojas, síntomas neurológicos progresivos, dolor no mecánico o señales de alarma.
FIS2_R0172;FIS2_P016;FIS2_T005;FIS2_TA005;media;Adaptar a valoración individual, irritabilidad, fase, dolor, función, comorbilidades, objetivos y tolerancia. Derivar si hay banderas rojas, síntomas neurológicos progresivos, dolor no mecánico o señales de alarma.
FIS2_R0173;FIS2_P016;FIS2_T006;FIS2_TA006;media;Adaptar a valoración individual, irritabilidad, fase, dolor, función, comorbilidades, objetivos y tolerancia. Derivar si hay banderas rojas, síntomas neurológicos progresivos, dolor no mecánico o señales de alarma.
FIS2_R0174;FIS2_P016;FIS2_T007;FIS2_TA007;media;Adaptar a valoración individual, irritabilidad, fase, dolor, función, comorbilidades, objetivos y tolerancia. Derivar si hay banderas rojas, síntomas neurológicos progresivos, dolor no mecánico o señales de alarma.
FIS2_R0175;FIS2_P016;FIS2_T015;FIS2_TA018;media;Adaptar a valoración individual, irritabilidad, fase, dolor, función, comorbilidades, objetivos y tolerancia. Derivar si hay banderas rojas, síntomas neurológicos progresivos, dolor no mecánico o señales de alarma.
FIS2_R0176;FIS2_P016;FIS2_T015;FIS2_TA019;media;Adaptar a valoración individual, irritabilidad, fase, dolor, función, comorbilidades, objetivos y tolerancia. Derivar si hay banderas rojas, síntomas neurológicos progresivos, dolor no mecánico o señales de alarma.
FIS2_R0177;FIS2_P016;FIS2_T016;FIS2_TA020;media;Adaptar a valoración individual, irritabilidad, fase, dolor, función, comorbilidades, objetivos y tolerancia. Derivar si hay banderas rojas, síntomas neurológicos progresivos, dolor no mecánico o señales de alarma.
FIS2_R0178;FIS2_P016;FIS2_T016;FIS2_TA021;media;Adaptar a valoración individual, irritabilidad, fase, dolor, función, comorbilidades, objetivos y tolerancia. Derivar si hay banderas rojas, síntomas neurológicos progresivos, dolor no mecánico o señales de alarma.
FIS2_R0179;FIS2_P016;FIS2_T017;FIS2_TA022;media;Adaptar a valoración individual, irritabilidad, fase, dolor, función, comorbilidades, objetivos y tolerancia. Derivar si hay banderas rojas, síntomas neurológicos progresivos, dolor no mecánico o señales de alarma.
FIS2_R0180;FIS2_P016;FIS2_T018;FIS2_TA023;alta;Adaptar a valoración individual, irritabilidad, fase, dolor, función, comorbilidades, objetivos y tolerancia. Derivar si hay banderas rojas, síntomas neurológicos progresivos, dolor no mecánico o señales de alarma.
FIS2_R0181;FIS2_P016;FIS2_T053;FIS2_TA074;media;Adaptar a valoración individual, irritabilidad, fase, dolor, función, comorbilidades, objetivos y tolerancia. Derivar si hay banderas rojas, síntomas neurológicos progresivos, dolor no mecánico o señales de alarma.
FIS2_R0182;FIS2_P016;FIS2_T054;FIS2_TA024;media;Adaptar a valoración individual, irritabilidad, fase, dolor, función, comorbilidades, objetivos y tolerancia. Derivar si hay banderas rojas, síntomas neurológicos progresivos, dolor no mecánico o señales de alarma.
FIS2_R0183;FIS2_P016;FIS2_T054;FIS2_TA075;media;Adaptar a valoración individual, irritabilidad, fase, dolor, función, comorbilidades, objetivos y tolerancia. Derivar si hay banderas rojas, síntomas neurológicos progresivos, dolor no mecánico o señales de alarma.
FIS2_R0184;FIS2_P016;FIS2_T064;FIS2_TA010;alta;Adaptar a valoración individual, irritabilidad, fase, dolor, función, comorbilidades, objetivos y tolerancia. Derivar si hay banderas rojas, síntomas neurológicos progresivos, dolor no mecánico o señales de alarma.
FIS2_R0185;FIS2_P016;FIS2_T064;FIS2_TA053;alta;Adaptar a valoración individual, irritabilidad, fase, dolor, función, comorbilidades, objetivos y tolerancia. Derivar si hay banderas rojas, síntomas neurológicos progresivos, dolor no mecánico o señales de alarma.
FIS2_R0186;FIS2_P016;FIS2_T065;FIS2_TA076;media;Adaptar a valoración individual, irritabilidad, fase, dolor, función, comorbilidades, objetivos y tolerancia. Derivar si hay banderas rojas, síntomas neurológicos progresivos, dolor no mecánico o señales de alarma.
FIS2_R0187;FIS2_P016;FIS2_T065;FIS2_TA086;media;Adaptar a valoración individual, irritabilidad, fase, dolor, función, comorbilidades, objetivos y tolerancia. Derivar si hay banderas rojas, síntomas neurológicos progresivos, dolor no mecánico o señales de alarma.
FIS2_R0188;FIS2_P016;FIS2_T065;FIS2_TA090;media;Adaptar a valoración individual, irritabilidad, fase, dolor, función, comorbilidades, objetivos y tolerancia. Derivar si hay banderas rojas, síntomas neurológicos progresivos, dolor no mecánico o señales de alarma.
FIS2_R0189;FIS2_P017;FIS2_T005;FIS2_TA005;media;Adaptar a valoración individual, irritabilidad, fase, dolor, función, comorbilidades, objetivos y tolerancia. Derivar si hay banderas rojas, síntomas neurológicos progresivos, dolor no mecánico o señales de alarma.
FIS2_R0190;FIS2_P017;FIS2_T006;FIS2_TA006;media;Adaptar a valoración individual, irritabilidad, fase, dolor, función, comorbilidades, objetivos y tolerancia. Derivar si hay banderas rojas, síntomas neurológicos progresivos, dolor no mecánico o señales de alarma.
FIS2_R0191;FIS2_P017;FIS2_T007;FIS2_TA007;media;Adaptar a valoración individual, irritabilidad, fase, dolor, función, comorbilidades, objetivos y tolerancia. Derivar si hay banderas rojas, síntomas neurológicos progresivos, dolor no mecánico o señales de alarma.
FIS2_R0192;FIS2_P017;FIS2_T015;FIS2_TA018;media;Adaptar a valoración individual, irritabilidad, fase, dolor, función, comorbilidades, objetivos y tolerancia. Derivar si hay banderas rojas, síntomas neurológicos progresivos, dolor no mecánico o señales de alarma.
FIS2_R0193;FIS2_P017;FIS2_T015;FIS2_TA019;media;Adaptar a valoración individual, irritabilidad, fase, dolor, función, comorbilidades, objetivos y tolerancia. Derivar si hay banderas rojas, síntomas neurológicos progresivos, dolor no mecánico o señales de alarma.
FIS2_R0194;FIS2_P017;FIS2_T016;FIS2_TA020;media;Adaptar a valoración individual, irritabilidad, fase, dolor, función, comorbilidades, objetivos y tolerancia. Derivar si hay banderas rojas, síntomas neurológicos progresivos, dolor no mecánico o señales de alarma.
FIS2_R0195;FIS2_P017;FIS2_T016;FIS2_TA021;media;Adaptar a valoración individual, irritabilidad, fase, dolor, función, comorbilidades, objetivos y tolerancia. Derivar si hay banderas rojas, síntomas neurológicos progresivos, dolor no mecánico o señales de alarma.
FIS2_R0196;FIS2_P017;FIS2_T017;FIS2_TA022;media;Adaptar a valoración individual, irritabilidad, fase, dolor, función, comorbilidades, objetivos y tolerancia. Derivar si hay banderas rojas, síntomas neurológicos progresivos, dolor no mecánico o señales de alarma.
FIS2_R0197;FIS2_P017;FIS2_T018;FIS2_TA023;alta;Adaptar a valoración individual, irritabilidad, fase, dolor, función, comorbilidades, objetivos y tolerancia. Derivar si hay banderas rojas, síntomas neurológicos progresivos, dolor no mecánico o señales de alarma.
FIS2_R0198;FIS2_P017;FIS2_T053;FIS2_TA074;media;Adaptar a valoración individual, irritabilidad, fase, dolor, función, comorbilidades, objetivos y tolerancia. Derivar si hay banderas rojas, síntomas neurológicos progresivos, dolor no mecánico o señales de alarma.
FIS2_R0199;FIS2_P017;FIS2_T054;FIS2_TA024;media;Adaptar a valoración individual, irritabilidad, fase, dolor, función, comorbilidades, objetivos y tolerancia. Derivar si hay banderas rojas, síntomas neurológicos progresivos, dolor no mecánico o señales de alarma.
FIS2_R0200;FIS2_P017;FIS2_T054;FIS2_TA075;media;Adaptar a valoración individual, irritabilidad, fase, dolor, función, comorbilidades, objetivos y tolerancia. Derivar si hay banderas rojas, síntomas neurológicos progresivos, dolor no mecánico o señales de alarma.
FIS2_R0201;FIS2_P017;FIS2_T064;FIS2_TA010;alta;Adaptar a valoración individual, irritabilidad, fase, dolor, función, comorbilidades, objetivos y tolerancia. Derivar si hay banderas rojas, síntomas neurológicos progresivos, dolor no mecánico o señales de alarma.
FIS2_R0202;FIS2_P017;FIS2_T064;FIS2_TA053;alta;Adaptar a valoración individual, irritabilidad, fase, dolor, función, comorbilidades, objetivos y tolerancia. Derivar si hay banderas rojas, síntomas neurológicos progresivos, dolor no mecánico o señales de alarma.
FIS2_R0203;FIS2_P017;FIS2_T065;FIS2_TA076;media;Adaptar a valoración individual, irritabilidad, fase, dolor, función, comorbilidades, objetivos y tolerancia. Derivar si hay banderas rojas, síntomas neurológicos progresivos, dolor no mecánico o señales de alarma.
FIS2_R0204;FIS2_P017;FIS2_T065;FIS2_TA086;media;Adaptar a valoración individual, irritabilidad, fase, dolor, función, comorbilidades, objetivos y tolerancia. Derivar si hay banderas rojas, síntomas neurológicos progresivos, dolor no mecánico o señales de alarma.
FIS2_R0205;FIS2_P017;FIS2_T065;FIS2_TA090;media;Adaptar a valoración individual, irritabilidad, fase, dolor, función, comorbilidades, objetivos y tolerancia. Derivar si hay banderas rojas, síntomas neurológicos progresivos, dolor no mecánico o señales de alarma.
FIS2_R0206;FIS2_P018;FIS2_T005;FIS2_TA005;media;Adaptar a valoración individual, irritabilidad, fase, dolor, función, comorbilidades, objetivos y tolerancia. Derivar si hay banderas rojas, síntomas neurológicos progresivos, dolor no mecánico o señales de alarma.
FIS2_R0207;FIS2_P018;FIS2_T006;FIS2_TA006;media;Adaptar a valoración individual, irritabilidad, fase, dolor, función, comorbilidades, objetivos y tolerancia. Derivar si hay banderas rojas, síntomas neurológicos progresivos, dolor no mecánico o señales de alarma.
FIS2_R0208;FIS2_P018;FIS2_T007;FIS2_TA007;media;Adaptar a valoración individual, irritabilidad, fase, dolor, función, comorbilidades, objetivos y tolerancia. Derivar si hay banderas rojas, síntomas neurológicos progresivos, dolor no mecánico o señales de alarma.
FIS2_R0209;FIS2_P018;FIS2_T015;FIS2_TA018;media;Adaptar a valoración individual, irritabilidad, fase, dolor, función, comorbilidades, objetivos y tolerancia. Derivar si hay banderas rojas, síntomas neurológicos progresivos, dolor no mecánico o señales de alarma.
FIS2_R0210;FIS2_P018;FIS2_T015;FIS2_TA019;media;Adaptar a valoración individual, irritabilidad, fase, dolor, función, comorbilidades, objetivos y tolerancia. Derivar si hay banderas rojas, síntomas neurológicos progresivos, dolor no mecánico o señales de alarma.
FIS2_R0211;FIS2_P018;FIS2_T016;FIS2_TA020;media;Adaptar a valoración individual, irritabilidad, fase, dolor, función, comorbilidades, objetivos y tolerancia. Derivar si hay banderas rojas, síntomas neurológicos progresivos, dolor no mecánico o señales de alarma.
FIS2_R0212;FIS2_P018;FIS2_T016;FIS2_TA021;media;Adaptar a valoración individual, irritabilidad, fase, dolor, función, comorbilidades, objetivos y tolerancia. Derivar si hay banderas rojas, síntomas neurológicos progresivos, dolor no mecánico o señales de alarma.
FIS2_R0213;FIS2_P018;FIS2_T017;FIS2_TA022;media;Adaptar a valoración individual, irritabilidad, fase, dolor, función, comorbilidades, objetivos y tolerancia. Derivar si hay banderas rojas, síntomas neurológicos progresivos, dolor no mecánico o señales de alarma.
FIS2_R0214;FIS2_P018;FIS2_T018;FIS2_TA023;alta;Adaptar a valoración individual, irritabilidad, fase, dolor, función, comorbilidades, objetivos y tolerancia. Derivar si hay banderas rojas, síntomas neurológicos progresivos, dolor no mecánico o señales de alarma.
FIS2_R0215;FIS2_P018;FIS2_T053;FIS2_TA074;media;Adaptar a valoración individual, irritabilidad, fase, dolor, función, comorbilidades, objetivos y tolerancia. Derivar si hay banderas rojas, síntomas neurológicos progresivos, dolor no mecánico o señales de alarma.
FIS2_R0216;FIS2_P018;FIS2_T054;FIS2_TA024;media;Adaptar a valoración individual, irritabilidad, fase, dolor, función, comorbilidades, objetivos y tolerancia. Derivar si hay banderas rojas, síntomas neurológicos progresivos, dolor no mecánico o señales de alarma.
FIS2_R0217;FIS2_P018;FIS2_T054;FIS2_TA075;media;Adaptar a valoración individual, irritabilidad, fase, dolor, función, comorbilidades, objetivos y tolerancia. Derivar si hay banderas rojas, síntomas neurológicos progresivos, dolor no mecánico o señales de alarma.
FIS2_R0218;FIS2_P018;FIS2_T064;FIS2_TA010;alta;Adaptar a valoración individual, irritabilidad, fase, dolor, función, comorbilidades, objetivos y tolerancia. Derivar si hay banderas rojas, síntomas neurológicos progresivos, dolor no mecánico o señales de alarma.
FIS2_R0219;FIS2_P018;FIS2_T064;FIS2_TA053;alta;Adaptar a valoración individual, irritabilidad, fase, dolor, función, comorbilidades, objetivos y tolerancia. Derivar si hay banderas rojas, síntomas neurológicos progresivos, dolor no mecánico o señales de alarma.
FIS2_R0220;FIS2_P018;FIS2_T065;FIS2_TA076;media;Adaptar a valoración individual, irritabilidad, fase, dolor, función, comorbilidades, objetivos y tolerancia. Derivar si hay banderas rojas, síntomas neurológicos progresivos, dolor no mecánico o señales de alarma.
FIS2_R0221;FIS2_P018;FIS2_T065;FIS2_TA086;media;Adaptar a valoración individual, irritabilidad, fase, dolor, función, comorbilidades, objetivos y tolerancia. Derivar si hay banderas rojas, síntomas neurológicos progresivos, dolor no mecánico o señales de alarma.
FIS2_R0222;FIS2_P018;FIS2_T065;FIS2_TA090;media;Adaptar a valoración individual, irritabilidad, fase, dolor, función, comorbilidades, objetivos y tolerancia. Derivar si hay banderas rojas, síntomas neurológicos progresivos, dolor no mecánico o señales de alarma.
FIS2_R0223;FIS2_P019;FIS2_T005;FIS2_TA005;media;Adaptar a valoración individual, irritabilidad, fase, dolor, función, comorbilidades, objetivos y tolerancia. Derivar si hay banderas rojas, síntomas neurológicos progresivos, dolor no mecánico o señales de alarma.
FIS2_R0224;FIS2_P019;FIS2_T006;FIS2_TA006;media;Adaptar a valoración individual, irritabilidad, fase, dolor, función, comorbilidades, objetivos y tolerancia. Derivar si hay banderas rojas, síntomas neurológicos progresivos, dolor no mecánico o señales de alarma.
FIS2_R0225;FIS2_P019;FIS2_T007;FIS2_TA007;media;Adaptar a valoración individual, irritabilidad, fase, dolor, función, comorbilidades, objetivos y tolerancia. Derivar si hay banderas rojas, síntomas neurológicos progresivos, dolor no mecánico o señales de alarma.
FIS2_R0226;FIS2_P019;FIS2_T015;FIS2_TA018;media;Adaptar a valoración individual, irritabilidad, fase, dolor, función, comorbilidades, objetivos y tolerancia. Derivar si hay banderas rojas, síntomas neurológicos progresivos, dolor no mecánico o señales de alarma.
FIS2_R0227;FIS2_P019;FIS2_T015;FIS2_TA019;media;Adaptar a valoración individual, irritabilidad, fase, dolor, función, comorbilidades, objetivos y tolerancia. Derivar si hay banderas rojas, síntomas neurológicos progresivos, dolor no mecánico o señales de alarma.
FIS2_R0228;FIS2_P019;FIS2_T016;FIS2_TA020;media;Adaptar a valoración individual, irritabilidad, fase, dolor, función, comorbilidades, objetivos y tolerancia. Derivar si hay banderas rojas, síntomas neurológicos progresivos, dolor no mecánico o señales de alarma.
FIS2_R0229;FIS2_P019;FIS2_T016;FIS2_TA021;media;Adaptar a valoración individual, irritabilidad, fase, dolor, función, comorbilidades, objetivos y tolerancia. Derivar si hay banderas rojas, síntomas neurológicos progresivos, dolor no mecánico o señales de alarma.
FIS2_R0230;FIS2_P019;FIS2_T017;FIS2_TA022;media;Adaptar a valoración individual, irritabilidad, fase, dolor, función, comorbilidades, objetivos y tolerancia. Derivar si hay banderas rojas, síntomas neurológicos progresivos, dolor no mecánico o señales de alarma.
FIS2_R0231;FIS2_P019;FIS2_T018;FIS2_TA023;alta;Adaptar a valoración individual, irritabilidad, fase, dolor, función, comorbilidades, objetivos y tolerancia. Derivar si hay banderas rojas, síntomas neurológicos progresivos, dolor no mecánico o señales de alarma.
FIS2_R0232;FIS2_P019;FIS2_T053;FIS2_TA074;media;Adaptar a valoración individual, irritabilidad, fase, dolor, función, comorbilidades, objetivos y tolerancia. Derivar si hay banderas rojas, síntomas neurológicos progresivos, dolor no mecánico o señales de alarma.
FIS2_R0233;FIS2_P019;FIS2_T054;FIS2_TA024;media;Adaptar a valoración individual, irritabilidad, fase, dolor, función, comorbilidades, objetivos y tolerancia. Derivar si hay banderas rojas, síntomas neurológicos progresivos, dolor no mecánico o señales de alarma.
FIS2_R0234;FIS2_P019;FIS2_T054;FIS2_TA075;media;Adaptar a valoración individual, irritabilidad, fase, dolor, función, comorbilidades, objetivos y tolerancia. Derivar si hay banderas rojas, síntomas neurológicos progresivos, dolor no mecánico o señales de alarma.
FIS2_R0235;FIS2_P019;FIS2_T064;FIS2_TA010;alta;Adaptar a valoración individual, irritabilidad, fase, dolor, función, comorbilidades, objetivos y tolerancia. Derivar si hay banderas rojas, síntomas neurológicos progresivos, dolor no mecánico o señales de alarma.
FIS2_R0236;FIS2_P019;FIS2_T064;FIS2_TA053;alta;Adaptar a valoración individual, irritabilidad, fase, dolor, función, comorbilidades, objetivos y tolerancia. Derivar si hay banderas rojas, síntomas neurológicos progresivos, dolor no mecánico o señales de alarma.
FIS2_R0237;FIS2_P019;FIS2_T065;FIS2_TA076;media;Adaptar a valoración individual, irritabilidad, fase, dolor, función, comorbilidades, objetivos y tolerancia. Derivar si hay banderas rojas, síntomas neurológicos progresivos, dolor no mecánico o señales de alarma.
FIS2_R0238;FIS2_P019;FIS2_T065;FIS2_TA086;media;Adaptar a valoración individual, irritabilidad, fase, dolor, función, comorbilidades, objetivos y tolerancia. Derivar si hay banderas rojas, síntomas neurológicos progresivos, dolor no mecánico o señales de alarma.
FIS2_R0239;FIS2_P019;FIS2_T065;FIS2_TA090;media;Adaptar a valoración individual, irritabilidad, fase, dolor, función, comorbilidades, objetivos y tolerancia. Derivar si hay banderas rojas, síntomas neurológicos progresivos, dolor no mecánico o señales de alarma.
FIS2_R0240;FIS2_P020;FIS2_T005;FIS2_TA005;media;Adaptar a valoración individual, irritabilidad, fase, dolor, función, comorbilidades, objetivos y tolerancia. Derivar si hay banderas rojas, síntomas neurológicos progresivos, dolor no mecánico o señales de alarma.
FIS2_R0241;FIS2_P020;FIS2_T006;FIS2_TA006;media;Adaptar a valoración individual, irritabilidad, fase, dolor, función, comorbilidades, objetivos y tolerancia. Derivar si hay banderas rojas, síntomas neurológicos progresivos, dolor no mecánico o señales de alarma.
FIS2_R0242;FIS2_P020;FIS2_T007;FIS2_TA007;media;Adaptar a valoración individual, irritabilidad, fase, dolor, función, comorbilidades, objetivos y tolerancia. Derivar si hay banderas rojas, síntomas neurológicos progresivos, dolor no mecánico o señales de alarma.
FIS2_R0243;FIS2_P020;FIS2_T015;FIS2_TA018;media;Adaptar a valoración individual, irritabilidad, fase, dolor, función, comorbilidades, objetivos y tolerancia. Derivar si hay banderas rojas, síntomas neurológicos progresivos, dolor no mecánico o señales de alarma.
FIS2_R0244;FIS2_P020;FIS2_T015;FIS2_TA019;media;Adaptar a valoración individual, irritabilidad, fase, dolor, función, comorbilidades, objetivos y tolerancia. Derivar si hay banderas rojas, síntomas neurológicos progresivos, dolor no mecánico o señales de alarma.
FIS2_R0245;FIS2_P020;FIS2_T016;FIS2_TA020;media;Adaptar a valoración individual, irritabilidad, fase, dolor, función, comorbilidades, objetivos y tolerancia. Derivar si hay banderas rojas, síntomas neurológicos progresivos, dolor no mecánico o señales de alarma.
FIS2_R0246;FIS2_P020;FIS2_T016;FIS2_TA021;media;Adaptar a valoración individual, irritabilidad, fase, dolor, función, comorbilidades, objetivos y tolerancia. Derivar si hay banderas rojas, síntomas neurológicos progresivos, dolor no mecánico o señales de alarma.
FIS2_R0247;FIS2_P020;FIS2_T017;FIS2_TA022;media;Adaptar a valoración individual, irritabilidad, fase, dolor, función, comorbilidades, objetivos y tolerancia. Derivar si hay banderas rojas, síntomas neurológicos progresivos, dolor no mecánico o señales de alarma.
FIS2_R0248;FIS2_P020;FIS2_T018;FIS2_TA023;alta;Adaptar a valoración individual, irritabilidad, fase, dolor, función, comorbilidades, objetivos y tolerancia. Derivar si hay banderas rojas, síntomas neurológicos progresivos, dolor no mecánico o señales de alarma.
FIS2_R0249;FIS2_P020;FIS2_T053;FIS2_TA074;media;Adaptar a valoración individual, irritabilidad, fase, dolor, función, comorbilidades, objetivos y tolerancia. Derivar si hay banderas rojas, síntomas neurológicos progresivos, dolor no mecánico o señales de alarma.
FIS2_R0250;FIS2_P020;FIS2_T054;FIS2_TA024;media;Adaptar a valoración individual, irritabilidad, fase, dolor, función, comorbilidades, objetivos y tolerancia. Derivar si hay banderas rojas, síntomas neurológicos progresivos, dolor no mecánico o señales de alarma.
FIS2_R0251;FIS2_P020;FIS2_T054;FIS2_TA075;media;Adaptar a valoración individual, irritabilidad, fase, dolor, función, comorbilidades, objetivos y tolerancia. Derivar si hay banderas rojas, síntomas neurológicos progresivos, dolor no mecánico o señales de alarma.
FIS2_R0252;FIS2_P020;FIS2_T064;FIS2_TA010;alta;Adaptar a valoración individual, irritabilidad, fase, dolor, función, comorbilidades, objetivos y tolerancia. Derivar si hay banderas rojas, síntomas neurológicos progresivos, dolor no mecánico o señales de alarma.
FIS2_R0253;FIS2_P020;FIS2_T064;FIS2_TA053;alta;Adaptar a valoración individual, irritabilidad, fase, dolor, función, comorbilidades, objetivos y tolerancia. Derivar si hay banderas rojas, síntomas neurológicos progresivos, dolor no mecánico o señales de alarma.
FIS2_R0254;FIS2_P020;FIS2_T065;FIS2_TA076;media;Adaptar a valoración individual, irritabilidad, fase, dolor, función, comorbilidades, objetivos y tolerancia. Derivar si hay banderas rojas, síntomas neurológicos progresivos, dolor no mecánico o señales de alarma.
FIS2_R0255;FIS2_P020;FIS2_T065;FIS2_TA086;media;Adaptar a valoración individual, irritabilidad, fase, dolor, función, comorbilidades, objetivos y tolerancia. Derivar si hay banderas rojas, síntomas neurológicos progresivos, dolor no mecánico o señales de alarma.
FIS2_R0256;FIS2_P020;FIS2_T065;FIS2_TA090;media;Adaptar a valoración individual, irritabilidad, fase, dolor, función, comorbilidades, objetivos y tolerancia. Derivar si hay banderas rojas, síntomas neurológicos progresivos, dolor no mecánico o señales de alarma.
FIS2_R0257;FIS2_P021;FIS2_T019;FIS2_TA028;media;Adaptar a valoración individual, irritabilidad, fase, dolor, función, comorbilidades, objetivos y tolerancia. Derivar si hay banderas rojas, síntomas neurológicos progresivos, dolor no mecánico o señales de alarma.
FIS2_R0258;FIS2_P021;FIS2_T019;FIS2_TA029;media;Adaptar a valoración individual, irritabilidad, fase, dolor, función, comorbilidades, objetivos y tolerancia. Derivar si hay banderas rojas, síntomas neurológicos progresivos, dolor no mecánico o señales de alarma.
FIS2_R0259;FIS2_P021;FIS2_T020;FIS2_TA027;media;Adaptar a valoración individual, irritabilidad, fase, dolor, función, comorbilidades, objetivos y tolerancia. Derivar si hay banderas rojas, síntomas neurológicos progresivos, dolor no mecánico o señales de alarma.
FIS2_R0260;FIS2_P021;FIS2_T021;FIS2_TA025;media;Adaptar a valoración individual, irritabilidad, fase, dolor, función, comorbilidades, objetivos y tolerancia. Derivar si hay banderas rojas, síntomas neurológicos progresivos, dolor no mecánico o señales de alarma.
FIS2_R0261;FIS2_P021;FIS2_T021;FIS2_TA026;media;Adaptar a valoración individual, irritabilidad, fase, dolor, función, comorbilidades, objetivos y tolerancia. Derivar si hay banderas rojas, síntomas neurológicos progresivos, dolor no mecánico o señales de alarma.
FIS2_R0262;FIS2_P021;FIS2_T022;FIS2_TA030;media;Adaptar a valoración individual, irritabilidad, fase, dolor, función, comorbilidades, objetivos y tolerancia. Derivar si hay banderas rojas, síntomas neurológicos progresivos, dolor no mecánico o señales de alarma.
FIS2_R0263;FIS2_P021;FIS2_T063;FIS2_TA084;media;Adaptar a valoración individual, irritabilidad, fase, dolor, función, comorbilidades, objetivos y tolerancia. Derivar si hay banderas rojas, síntomas neurológicos progresivos, dolor no mecánico o señales de alarma.
FIS2_R0264;FIS2_P021;FIS2_T064;FIS2_TA010;alta;Adaptar a valoración individual, irritabilidad, fase, dolor, función, comorbilidades, objetivos y tolerancia. Derivar si hay banderas rojas, síntomas neurológicos progresivos, dolor no mecánico o señales de alarma.
FIS2_R0265;FIS2_P021;FIS2_T064;FIS2_TA053;alta;Adaptar a valoración individual, irritabilidad, fase, dolor, función, comorbilidades, objetivos y tolerancia. Derivar si hay banderas rojas, síntomas neurológicos progresivos, dolor no mecánico o señales de alarma.
FIS2_R0266;FIS2_P022;FIS2_T019;FIS2_TA028;media;Adaptar a valoración individual, irritabilidad, fase, dolor, función, comorbilidades, objetivos y tolerancia. Derivar si hay banderas rojas, síntomas neurológicos progresivos, dolor no mecánico o señales de alarma.
FIS2_R0267;FIS2_P022;FIS2_T019;FIS2_TA029;media;Adaptar a valoración individual, irritabilidad, fase, dolor, función, comorbilidades, objetivos y tolerancia. Derivar si hay banderas rojas, síntomas neurológicos progresivos, dolor no mecánico o señales de alarma.
FIS2_R0268;FIS2_P022;FIS2_T020;FIS2_TA027;media;Adaptar a valoración individual, irritabilidad, fase, dolor, función, comorbilidades, objetivos y tolerancia. Derivar si hay banderas rojas, síntomas neurológicos progresivos, dolor no mecánico o señales de alarma.
FIS2_R0269;FIS2_P022;FIS2_T021;FIS2_TA025;media;Adaptar a valoración individual, irritabilidad, fase, dolor, función, comorbilidades, objetivos y tolerancia. Derivar si hay banderas rojas, síntomas neurológicos progresivos, dolor no mecánico o señales de alarma.
FIS2_R0270;FIS2_P022;FIS2_T021;FIS2_TA026;media;Adaptar a valoración individual, irritabilidad, fase, dolor, función, comorbilidades, objetivos y tolerancia. Derivar si hay banderas rojas, síntomas neurológicos progresivos, dolor no mecánico o señales de alarma.
FIS2_R0271;FIS2_P022;FIS2_T022;FIS2_TA030;media;Adaptar a valoración individual, irritabilidad, fase, dolor, función, comorbilidades, objetivos y tolerancia. Derivar si hay banderas rojas, síntomas neurológicos progresivos, dolor no mecánico o señales de alarma.
FIS2_R0272;FIS2_P022;FIS2_T063;FIS2_TA084;media;Adaptar a valoración individual, irritabilidad, fase, dolor, función, comorbilidades, objetivos y tolerancia. Derivar si hay banderas rojas, síntomas neurológicos progresivos, dolor no mecánico o señales de alarma.
FIS2_R0273;FIS2_P022;FIS2_T064;FIS2_TA010;alta;Adaptar a valoración individual, irritabilidad, fase, dolor, función, comorbilidades, objetivos y tolerancia. Derivar si hay banderas rojas, síntomas neurológicos progresivos, dolor no mecánico o señales de alarma.
FIS2_R0274;FIS2_P022;FIS2_T064;FIS2_TA053;alta;Adaptar a valoración individual, irritabilidad, fase, dolor, función, comorbilidades, objetivos y tolerancia. Derivar si hay banderas rojas, síntomas neurológicos progresivos, dolor no mecánico o señales de alarma.
FIS2_R0275;FIS2_P023;FIS2_T019;FIS2_TA028;media;Adaptar a valoración individual, irritabilidad, fase, dolor, función, comorbilidades, objetivos y tolerancia. Derivar si hay banderas rojas, síntomas neurológicos progresivos, dolor no mecánico o señales de alarma.
FIS2_R0276;FIS2_P023;FIS2_T019;FIS2_TA029;media;Adaptar a valoración individual, irritabilidad, fase, dolor, función, comorbilidades, objetivos y tolerancia. Derivar si hay banderas rojas, síntomas neurológicos progresivos, dolor no mecánico o señales de alarma.
FIS2_R0277;FIS2_P023;FIS2_T020;FIS2_TA027;media;Adaptar a valoración individual, irritabilidad, fase, dolor, función, comorbilidades, objetivos y tolerancia. Derivar si hay banderas rojas, síntomas neurológicos progresivos, dolor no mecánico o señales de alarma.
FIS2_R0278;FIS2_P023;FIS2_T021;FIS2_TA025;media;Adaptar a valoración individual, irritabilidad, fase, dolor, función, comorbilidades, objetivos y tolerancia. Derivar si hay banderas rojas, síntomas neurológicos progresivos, dolor no mecánico o señales de alarma.
FIS2_R0279;FIS2_P023;FIS2_T021;FIS2_TA026;media;Adaptar a valoración individual, irritabilidad, fase, dolor, función, comorbilidades, objetivos y tolerancia. Derivar si hay banderas rojas, síntomas neurológicos progresivos, dolor no mecánico o señales de alarma.
FIS2_R0280;FIS2_P023;FIS2_T022;FIS2_TA030;media;Adaptar a valoración individual, irritabilidad, fase, dolor, función, comorbilidades, objetivos y tolerancia. Derivar si hay banderas rojas, síntomas neurológicos progresivos, dolor no mecánico o señales de alarma.
FIS2_R0281;FIS2_P023;FIS2_T063;FIS2_TA084;media;Adaptar a valoración individual, irritabilidad, fase, dolor, función, comorbilidades, objetivos y tolerancia. Derivar si hay banderas rojas, síntomas neurológicos progresivos, dolor no mecánico o señales de alarma.
FIS2_R0282;FIS2_P023;FIS2_T064;FIS2_TA010;alta;Adaptar a valoración individual, irritabilidad, fase, dolor, función, comorbilidades, objetivos y tolerancia. Derivar si hay banderas rojas, síntomas neurológicos progresivos, dolor no mecánico o señales de alarma.
FIS2_R0283;FIS2_P023;FIS2_T064;FIS2_TA053;alta;Adaptar a valoración individual, irritabilidad, fase, dolor, función, comorbilidades, objetivos y tolerancia. Derivar si hay banderas rojas, síntomas neurológicos progresivos, dolor no mecánico o señales de alarma.
FIS2_R0284;FIS2_P024;FIS2_T019;FIS2_TA028;media;Adaptar a valoración individual, irritabilidad, fase, dolor, función, comorbilidades, objetivos y tolerancia. Derivar si hay banderas rojas, síntomas neurológicos progresivos, dolor no mecánico o señales de alarma.
FIS2_R0285;FIS2_P024;FIS2_T019;FIS2_TA029;media;Adaptar a valoración individual, irritabilidad, fase, dolor, función, comorbilidades, objetivos y tolerancia. Derivar si hay banderas rojas, síntomas neurológicos progresivos, dolor no mecánico o señales de alarma.
FIS2_R0286;FIS2_P024;FIS2_T020;FIS2_TA027;media;Adaptar a valoración individual, irritabilidad, fase, dolor, función, comorbilidades, objetivos y tolerancia. Derivar si hay banderas rojas, síntomas neurológicos progresivos, dolor no mecánico o señales de alarma.
FIS2_R0287;FIS2_P024;FIS2_T021;FIS2_TA025;media;Adaptar a valoración individual, irritabilidad, fase, dolor, función, comorbilidades, objetivos y tolerancia. Derivar si hay banderas rojas, síntomas neurológicos progresivos, dolor no mecánico o señales de alarma.
FIS2_R0288;FIS2_P024;FIS2_T021;FIS2_TA026;media;Adaptar a valoración individual, irritabilidad, fase, dolor, función, comorbilidades, objetivos y tolerancia. Derivar si hay banderas rojas, síntomas neurológicos progresivos, dolor no mecánico o señales de alarma.
FIS2_R0289;FIS2_P024;FIS2_T022;FIS2_TA030;media;Adaptar a valoración individual, irritabilidad, fase, dolor, función, comorbilidades, objetivos y tolerancia. Derivar si hay banderas rojas, síntomas neurológicos progresivos, dolor no mecánico o señales de alarma.
FIS2_R0290;FIS2_P024;FIS2_T063;FIS2_TA084;media;Adaptar a valoración individual, irritabilidad, fase, dolor, función, comorbilidades, objetivos y tolerancia. Derivar si hay banderas rojas, síntomas neurológicos progresivos, dolor no mecánico o señales de alarma.
FIS2_R0291;FIS2_P024;FIS2_T064;FIS2_TA010;alta;Adaptar a valoración individual, irritabilidad, fase, dolor, función, comorbilidades, objetivos y tolerancia. Derivar si hay banderas rojas, síntomas neurológicos progresivos, dolor no mecánico o señales de alarma.
FIS2_R0292;FIS2_P024;FIS2_T064;FIS2_TA053;alta;Adaptar a valoración individual, irritabilidad, fase, dolor, función, comorbilidades, objetivos y tolerancia. Derivar si hay banderas rojas, síntomas neurológicos progresivos, dolor no mecánico o señales de alarma.
FIS2_R0293;FIS2_P025;FIS2_T019;FIS2_TA028;media;Adaptar a valoración individual, irritabilidad, fase, dolor, función, comorbilidades, objetivos y tolerancia. Derivar si hay banderas rojas, síntomas neurológicos progresivos, dolor no mecánico o señales de alarma.
FIS2_R0294;FIS2_P025;FIS2_T019;FIS2_TA029;media;Adaptar a valoración individual, irritabilidad, fase, dolor, función, comorbilidades, objetivos y tolerancia. Derivar si hay banderas rojas, síntomas neurológicos progresivos, dolor no mecánico o señales de alarma.
FIS2_R0295;FIS2_P025;FIS2_T020;FIS2_TA027;media;Adaptar a valoración individual, irritabilidad, fase, dolor, función, comorbilidades, objetivos y tolerancia. Derivar si hay banderas rojas, síntomas neurológicos progresivos, dolor no mecánico o señales de alarma.
FIS2_R0296;FIS2_P025;FIS2_T021;FIS2_TA025;media;Adaptar a valoración individual, irritabilidad, fase, dolor, función, comorbilidades, objetivos y tolerancia. Derivar si hay banderas rojas, síntomas neurológicos progresivos, dolor no mecánico o señales de alarma.
FIS2_R0297;FIS2_P025;FIS2_T021;FIS2_TA026;media;Adaptar a valoración individual, irritabilidad, fase, dolor, función, comorbilidades, objetivos y tolerancia. Derivar si hay banderas rojas, síntomas neurológicos progresivos, dolor no mecánico o señales de alarma.
FIS2_R0298;FIS2_P025;FIS2_T022;FIS2_TA030;media;Adaptar a valoración individual, irritabilidad, fase, dolor, función, comorbilidades, objetivos y tolerancia. Derivar si hay banderas rojas, síntomas neurológicos progresivos, dolor no mecánico o señales de alarma.
FIS2_R0299;FIS2_P025;FIS2_T063;FIS2_TA084;media;Adaptar a valoración individual, irritabilidad, fase, dolor, función, comorbilidades, objetivos y tolerancia. Derivar si hay banderas rojas, síntomas neurológicos progresivos, dolor no mecánico o señales de alarma.
FIS2_R0300;FIS2_P025;FIS2_T064;FIS2_TA010;alta;Adaptar a valoración individual, irritabilidad, fase, dolor, función, comorbilidades, objetivos y tolerancia. Derivar si hay banderas rojas, síntomas neurológicos progresivos, dolor no mecánico o señales de alarma.
FIS2_R0301;FIS2_P025;FIS2_T064;FIS2_TA053;alta;Adaptar a valoración individual, irritabilidad, fase, dolor, función, comorbilidades, objetivos y tolerancia. Derivar si hay banderas rojas, síntomas neurológicos progresivos, dolor no mecánico o señales de alarma.
FIS2_R0302;FIS2_P026;FIS2_T019;FIS2_TA028;media;Adaptar a valoración individual, irritabilidad, fase, dolor, función, comorbilidades, objetivos y tolerancia. Derivar si hay banderas rojas, síntomas neurológicos progresivos, dolor no mecánico o señales de alarma.
FIS2_R0303;FIS2_P026;FIS2_T019;FIS2_TA029;media;Adaptar a valoración individual, irritabilidad, fase, dolor, función, comorbilidades, objetivos y tolerancia. Derivar si hay banderas rojas, síntomas neurológicos progresivos, dolor no mecánico o señales de alarma.
FIS2_R0304;FIS2_P026;FIS2_T020;FIS2_TA027;media;Adaptar a valoración individual, irritabilidad, fase, dolor, función, comorbilidades, objetivos y tolerancia. Derivar si hay banderas rojas, síntomas neurológicos progresivos, dolor no mecánico o señales de alarma.
FIS2_R0305;FIS2_P026;FIS2_T021;FIS2_TA025;media;Adaptar a valoración individual, irritabilidad, fase, dolor, función, comorbilidades, objetivos y tolerancia. Derivar si hay banderas rojas, síntomas neurológicos progresivos, dolor no mecánico o señales de alarma.
FIS2_R0306;FIS2_P026;FIS2_T021;FIS2_TA026;media;Adaptar a valoración individual, irritabilidad, fase, dolor, función, comorbilidades, objetivos y tolerancia. Derivar si hay banderas rojas, síntomas neurológicos progresivos, dolor no mecánico o señales de alarma.
FIS2_R0307;FIS2_P026;FIS2_T022;FIS2_TA030;media;Adaptar a valoración individual, irritabilidad, fase, dolor, función, comorbilidades, objetivos y tolerancia. Derivar si hay banderas rojas, síntomas neurológicos progresivos, dolor no mecánico o señales de alarma.
FIS2_R0308;FIS2_P026;FIS2_T063;FIS2_TA084;media;Adaptar a valoración individual, irritabilidad, fase, dolor, función, comorbilidades, objetivos y tolerancia. Derivar si hay banderas rojas, síntomas neurológicos progresivos, dolor no mecánico o señales de alarma.
FIS2_R0309;FIS2_P026;FIS2_T064;FIS2_TA010;alta;Adaptar a valoración individual, irritabilidad, fase, dolor, función, comorbilidades, objetivos y tolerancia. Derivar si hay banderas rojas, síntomas neurológicos progresivos, dolor no mecánico o señales de alarma.
FIS2_R0310;FIS2_P026;FIS2_T064;FIS2_TA053;alta;Adaptar a valoración individual, irritabilidad, fase, dolor, función, comorbilidades, objetivos y tolerancia. Derivar si hay banderas rojas, síntomas neurológicos progresivos, dolor no mecánico o señales de alarma.
FIS2_R0311;FIS2_P027;FIS2_T009;FIS2_TA034;media;Adaptar a valoración individual, irritabilidad, fase, dolor, función, comorbilidades, objetivos y tolerancia. Derivar si hay banderas rojas, síntomas neurológicos progresivos, dolor no mecánico o señales de alarma.
FIS2_R0312;FIS2_P027;FIS2_T023;FIS2_TA033;media;Adaptar a valoración individual, irritabilidad, fase, dolor, función, comorbilidades, objetivos y tolerancia. Derivar si hay banderas rojas, síntomas neurológicos progresivos, dolor no mecánico o señales de alarma.
FIS2_R0313;FIS2_P027;FIS2_T024;FIS2_TA052;media;Adaptar a valoración individual, irritabilidad, fase, dolor, función, comorbilidades, objetivos y tolerancia. Derivar si hay banderas rojas, síntomas neurológicos progresivos, dolor no mecánico o señales de alarma.
FIS2_R0314;FIS2_P027;FIS2_T026;FIS2_TA032;media;Adaptar a valoración individual, irritabilidad, fase, dolor, función, comorbilidades, objetivos y tolerancia. Derivar si hay banderas rojas, síntomas neurológicos progresivos, dolor no mecánico o señales de alarma.
FIS2_R0315;FIS2_P027;FIS2_T055;FIS2_TA014;media;Adaptar a valoración individual, irritabilidad, fase, dolor, función, comorbilidades, objetivos y tolerancia. Derivar si hay banderas rojas, síntomas neurológicos progresivos, dolor no mecánico o señales de alarma.
FIS2_R0316;FIS2_P027;FIS2_T055;FIS2_TA078;media;Adaptar a valoración individual, irritabilidad, fase, dolor, función, comorbilidades, objetivos y tolerancia. Derivar si hay banderas rojas, síntomas neurológicos progresivos, dolor no mecánico o señales de alarma.
FIS2_R0317;FIS2_P027;FIS2_T061;FIS2_TA008;media;Adaptar a valoración individual, irritabilidad, fase, dolor, función, comorbilidades, objetivos y tolerancia. Derivar si hay banderas rojas, síntomas neurológicos progresivos, dolor no mecánico o señales de alarma.
FIS2_R0318;FIS2_P028;FIS2_T009;FIS2_TA034;media;Adaptar a valoración individual, irritabilidad, fase, dolor, función, comorbilidades, objetivos y tolerancia. Derivar si hay banderas rojas, síntomas neurológicos progresivos, dolor no mecánico o señales de alarma.
FIS2_R0319;FIS2_P028;FIS2_T023;FIS2_TA033;media;Adaptar a valoración individual, irritabilidad, fase, dolor, función, comorbilidades, objetivos y tolerancia. Derivar si hay banderas rojas, síntomas neurológicos progresivos, dolor no mecánico o señales de alarma.
FIS2_R0320;FIS2_P028;FIS2_T024;FIS2_TA052;media;Adaptar a valoración individual, irritabilidad, fase, dolor, función, comorbilidades, objetivos y tolerancia. Derivar si hay banderas rojas, síntomas neurológicos progresivos, dolor no mecánico o señales de alarma.
FIS2_R0321;FIS2_P028;FIS2_T026;FIS2_TA032;media;Adaptar a valoración individual, irritabilidad, fase, dolor, función, comorbilidades, objetivos y tolerancia. Derivar si hay banderas rojas, síntomas neurológicos progresivos, dolor no mecánico o señales de alarma.
FIS2_R0322;FIS2_P028;FIS2_T055;FIS2_TA014;media;Adaptar a valoración individual, irritabilidad, fase, dolor, función, comorbilidades, objetivos y tolerancia. Derivar si hay banderas rojas, síntomas neurológicos progresivos, dolor no mecánico o señales de alarma.
FIS2_R0323;FIS2_P028;FIS2_T055;FIS2_TA078;media;Adaptar a valoración individual, irritabilidad, fase, dolor, función, comorbilidades, objetivos y tolerancia. Derivar si hay banderas rojas, síntomas neurológicos progresivos, dolor no mecánico o señales de alarma.
FIS2_R0324;FIS2_P028;FIS2_T061;FIS2_TA008;media;Adaptar a valoración individual, irritabilidad, fase, dolor, función, comorbilidades, objetivos y tolerancia. Derivar si hay banderas rojas, síntomas neurológicos progresivos, dolor no mecánico o señales de alarma.
FIS2_R0325;FIS2_P029;FIS2_T009;FIS2_TA034;media;Adaptar a valoración individual, irritabilidad, fase, dolor, función, comorbilidades, objetivos y tolerancia. Derivar si hay banderas rojas, síntomas neurológicos progresivos, dolor no mecánico o señales de alarma.
FIS2_R0326;FIS2_P029;FIS2_T023;FIS2_TA033;media;Adaptar a valoración individual, irritabilidad, fase, dolor, función, comorbilidades, objetivos y tolerancia. Derivar si hay banderas rojas, síntomas neurológicos progresivos, dolor no mecánico o señales de alarma.
FIS2_R0327;FIS2_P029;FIS2_T024;FIS2_TA052;media;Adaptar a valoración individual, irritabilidad, fase, dolor, función, comorbilidades, objetivos y tolerancia. Derivar si hay banderas rojas, síntomas neurológicos progresivos, dolor no mecánico o señales de alarma.
FIS2_R0328;FIS2_P029;FIS2_T026;FIS2_TA032;media;Adaptar a valoración individual, irritabilidad, fase, dolor, función, comorbilidades, objetivos y tolerancia. Derivar si hay banderas rojas, síntomas neurológicos progresivos, dolor no mecánico o señales de alarma.
FIS2_R0329;FIS2_P029;FIS2_T055;FIS2_TA014;media;Adaptar a valoración individual, irritabilidad, fase, dolor, función, comorbilidades, objetivos y tolerancia. Derivar si hay banderas rojas, síntomas neurológicos progresivos, dolor no mecánico o señales de alarma.
FIS2_R0330;FIS2_P029;FIS2_T055;FIS2_TA078;media;Adaptar a valoración individual, irritabilidad, fase, dolor, función, comorbilidades, objetivos y tolerancia. Derivar si hay banderas rojas, síntomas neurológicos progresivos, dolor no mecánico o señales de alarma.
FIS2_R0331;FIS2_P029;FIS2_T061;FIS2_TA008;media;Adaptar a valoración individual, irritabilidad, fase, dolor, función, comorbilidades, objetivos y tolerancia. Derivar si hay banderas rojas, síntomas neurológicos progresivos, dolor no mecánico o señales de alarma.
FIS2_R0332;FIS2_P030;FIS2_T009;FIS2_TA034;media;Adaptar a valoración individual, irritabilidad, fase, dolor, función, comorbilidades, objetivos y tolerancia. Derivar si hay banderas rojas, síntomas neurológicos progresivos, dolor no mecánico o señales de alarma.
FIS2_R0333;FIS2_P030;FIS2_T023;FIS2_TA033;media;Adaptar a valoración individual, irritabilidad, fase, dolor, función, comorbilidades, objetivos y tolerancia. Derivar si hay banderas rojas, síntomas neurológicos progresivos, dolor no mecánico o señales de alarma.
FIS2_R0334;FIS2_P030;FIS2_T024;FIS2_TA052;media;Adaptar a valoración individual, irritabilidad, fase, dolor, función, comorbilidades, objetivos y tolerancia. Derivar si hay banderas rojas, síntomas neurológicos progresivos, dolor no mecánico o señales de alarma.
FIS2_R0335;FIS2_P030;FIS2_T026;FIS2_TA032;media;Adaptar a valoración individual, irritabilidad, fase, dolor, función, comorbilidades, objetivos y tolerancia. Derivar si hay banderas rojas, síntomas neurológicos progresivos, dolor no mecánico o señales de alarma.
FIS2_R0336;FIS2_P030;FIS2_T055;FIS2_TA014;media;Adaptar a valoración individual, irritabilidad, fase, dolor, función, comorbilidades, objetivos y tolerancia. Derivar si hay banderas rojas, síntomas neurológicos progresivos, dolor no mecánico o señales de alarma.
FIS2_R0337;FIS2_P030;FIS2_T055;FIS2_TA078;media;Adaptar a valoración individual, irritabilidad, fase, dolor, función, comorbilidades, objetivos y tolerancia. Derivar si hay banderas rojas, síntomas neurológicos progresivos, dolor no mecánico o señales de alarma.
FIS2_R0338;FIS2_P030;FIS2_T061;FIS2_TA008;media;Adaptar a valoración individual, irritabilidad, fase, dolor, función, comorbilidades, objetivos y tolerancia. Derivar si hay banderas rojas, síntomas neurológicos progresivos, dolor no mecánico o señales de alarma.
FIS2_R0339;FIS2_P031;FIS2_T009;FIS2_TA034;media;Adaptar a valoración individual, irritabilidad, fase, dolor, función, comorbilidades, objetivos y tolerancia. Derivar si hay banderas rojas, síntomas neurológicos progresivos, dolor no mecánico o señales de alarma.
FIS2_R0340;FIS2_P031;FIS2_T023;FIS2_TA033;media;Adaptar a valoración individual, irritabilidad, fase, dolor, función, comorbilidades, objetivos y tolerancia. Derivar si hay banderas rojas, síntomas neurológicos progresivos, dolor no mecánico o señales de alarma.
FIS2_R0341;FIS2_P031;FIS2_T024;FIS2_TA052;media;Adaptar a valoración individual, irritabilidad, fase, dolor, función, comorbilidades, objetivos y tolerancia. Derivar si hay banderas rojas, síntomas neurológicos progresivos, dolor no mecánico o señales de alarma.
FIS2_R0342;FIS2_P031;FIS2_T026;FIS2_TA032;media;Adaptar a valoración individual, irritabilidad, fase, dolor, función, comorbilidades, objetivos y tolerancia. Derivar si hay banderas rojas, síntomas neurológicos progresivos, dolor no mecánico o señales de alarma.
FIS2_R0343;FIS2_P031;FIS2_T055;FIS2_TA014;media;Adaptar a valoración individual, irritabilidad, fase, dolor, función, comorbilidades, objetivos y tolerancia. Derivar si hay banderas rojas, síntomas neurológicos progresivos, dolor no mecánico o señales de alarma.
FIS2_R0344;FIS2_P031;FIS2_T055;FIS2_TA078;media;Adaptar a valoración individual, irritabilidad, fase, dolor, función, comorbilidades, objetivos y tolerancia. Derivar si hay banderas rojas, síntomas neurológicos progresivos, dolor no mecánico o señales de alarma.
FIS2_R0345;FIS2_P031;FIS2_T061;FIS2_TA008;media;Adaptar a valoración individual, irritabilidad, fase, dolor, función, comorbilidades, objetivos y tolerancia. Derivar si hay banderas rojas, síntomas neurológicos progresivos, dolor no mecánico o señales de alarma.
FIS2_R0346;FIS2_P032;FIS2_T027;FIS2_TA035;media;Adaptar a valoración individual, irritabilidad, fase, dolor, función, comorbilidades, objetivos y tolerancia. Derivar si hay banderas rojas, síntomas neurológicos progresivos, dolor no mecánico o señales de alarma.
FIS2_R0347;FIS2_P032;FIS2_T027;FIS2_TA036;media;Adaptar a valoración individual, irritabilidad, fase, dolor, función, comorbilidades, objetivos y tolerancia. Derivar si hay banderas rojas, síntomas neurológicos progresivos, dolor no mecánico o señales de alarma.
FIS2_R0348;FIS2_P032;FIS2_T028;FIS2_TA037;media;Adaptar a valoración individual, irritabilidad, fase, dolor, función, comorbilidades, objetivos y tolerancia. Derivar si hay banderas rojas, síntomas neurológicos progresivos, dolor no mecánico o señales de alarma.
FIS2_R0349;FIS2_P032;FIS2_T019;FIS2_TA028;media;Adaptar a valoración individual, irritabilidad, fase, dolor, función, comorbilidades, objetivos y tolerancia. Derivar si hay banderas rojas, síntomas neurológicos progresivos, dolor no mecánico o señales de alarma.
FIS2_R0350;FIS2_P032;FIS2_T019;FIS2_TA029;media;Adaptar a valoración individual, irritabilidad, fase, dolor, función, comorbilidades, objetivos y tolerancia. Derivar si hay banderas rojas, síntomas neurológicos progresivos, dolor no mecánico o señales de alarma.
FIS2_R0351;FIS2_P032;FIS2_T037;FIS2_TA038;media;Adaptar a valoración individual, irritabilidad, fase, dolor, función, comorbilidades, objetivos y tolerancia. Derivar si hay banderas rojas, síntomas neurológicos progresivos, dolor no mecánico o señales de alarma.
FIS2_R0352;FIS2_P032;FIS2_T037;FIS2_TA050;media;Adaptar a valoración individual, irritabilidad, fase, dolor, función, comorbilidades, objetivos y tolerancia. Derivar si hay banderas rojas, síntomas neurológicos progresivos, dolor no mecánico o señales de alarma.
FIS2_R0353;FIS2_P032;FIS2_T061;FIS2_TA008;media;Adaptar a valoración individual, irritabilidad, fase, dolor, función, comorbilidades, objetivos y tolerancia. Derivar si hay banderas rojas, síntomas neurológicos progresivos, dolor no mecánico o señales de alarma.
FIS2_R0354;FIS2_P032;FIS2_T064;FIS2_TA010;alta;Adaptar a valoración individual, irritabilidad, fase, dolor, función, comorbilidades, objetivos y tolerancia. Derivar si hay banderas rojas, síntomas neurológicos progresivos, dolor no mecánico o señales de alarma.
FIS2_R0355;FIS2_P032;FIS2_T064;FIS2_TA053;alta;Adaptar a valoración individual, irritabilidad, fase, dolor, función, comorbilidades, objetivos y tolerancia. Derivar si hay banderas rojas, síntomas neurológicos progresivos, dolor no mecánico o señales de alarma.
FIS2_R0356;FIS2_P033;FIS2_T027;FIS2_TA035;media;Adaptar a valoración individual, irritabilidad, fase, dolor, función, comorbilidades, objetivos y tolerancia. Derivar si hay banderas rojas, síntomas neurológicos progresivos, dolor no mecánico o señales de alarma.
FIS2_R0357;FIS2_P033;FIS2_T027;FIS2_TA036;media;Adaptar a valoración individual, irritabilidad, fase, dolor, función, comorbilidades, objetivos y tolerancia. Derivar si hay banderas rojas, síntomas neurológicos progresivos, dolor no mecánico o señales de alarma.
FIS2_R0358;FIS2_P033;FIS2_T028;FIS2_TA037;media;Adaptar a valoración individual, irritabilidad, fase, dolor, función, comorbilidades, objetivos y tolerancia. Derivar si hay banderas rojas, síntomas neurológicos progresivos, dolor no mecánico o señales de alarma.
FIS2_R0359;FIS2_P033;FIS2_T019;FIS2_TA028;media;Adaptar a valoración individual, irritabilidad, fase, dolor, función, comorbilidades, objetivos y tolerancia. Derivar si hay banderas rojas, síntomas neurológicos progresivos, dolor no mecánico o señales de alarma.
FIS2_R0360;FIS2_P033;FIS2_T019;FIS2_TA029;media;Adaptar a valoración individual, irritabilidad, fase, dolor, función, comorbilidades, objetivos y tolerancia. Derivar si hay banderas rojas, síntomas neurológicos progresivos, dolor no mecánico o señales de alarma.
FIS2_R0361;FIS2_P033;FIS2_T037;FIS2_TA038;media;Adaptar a valoración individual, irritabilidad, fase, dolor, función, comorbilidades, objetivos y tolerancia. Derivar si hay banderas rojas, síntomas neurológicos progresivos, dolor no mecánico o señales de alarma.
FIS2_R0362;FIS2_P033;FIS2_T037;FIS2_TA050;media;Adaptar a valoración individual, irritabilidad, fase, dolor, función, comorbilidades, objetivos y tolerancia. Derivar si hay banderas rojas, síntomas neurológicos progresivos, dolor no mecánico o señales de alarma.
FIS2_R0363;FIS2_P033;FIS2_T061;FIS2_TA008;media;Adaptar a valoración individual, irritabilidad, fase, dolor, función, comorbilidades, objetivos y tolerancia. Derivar si hay banderas rojas, síntomas neurológicos progresivos, dolor no mecánico o señales de alarma.
FIS2_R0364;FIS2_P033;FIS2_T064;FIS2_TA010;alta;Adaptar a valoración individual, irritabilidad, fase, dolor, función, comorbilidades, objetivos y tolerancia. Derivar si hay banderas rojas, síntomas neurológicos progresivos, dolor no mecánico o señales de alarma.
FIS2_R0365;FIS2_P033;FIS2_T064;FIS2_TA053;alta;Adaptar a valoración individual, irritabilidad, fase, dolor, función, comorbilidades, objetivos y tolerancia. Derivar si hay banderas rojas, síntomas neurológicos progresivos, dolor no mecánico o señales de alarma.
FIS2_R0366;FIS2_P034;FIS2_T027;FIS2_TA035;media;Adaptar a valoración individual, irritabilidad, fase, dolor, función, comorbilidades, objetivos y tolerancia. Derivar si hay banderas rojas, síntomas neurológicos progresivos, dolor no mecánico o señales de alarma.
FIS2_R0367;FIS2_P034;FIS2_T027;FIS2_TA036;media;Adaptar a valoración individual, irritabilidad, fase, dolor, función, comorbilidades, objetivos y tolerancia. Derivar si hay banderas rojas, síntomas neurológicos progresivos, dolor no mecánico o señales de alarma.
FIS2_R0368;FIS2_P034;FIS2_T028;FIS2_TA037;media;Adaptar a valoración individual, irritabilidad, fase, dolor, función, comorbilidades, objetivos y tolerancia. Derivar si hay banderas rojas, síntomas neurológicos progresivos, dolor no mecánico o señales de alarma.
FIS2_R0369;FIS2_P034;FIS2_T019;FIS2_TA028;media;Adaptar a valoración individual, irritabilidad, fase, dolor, función, comorbilidades, objetivos y tolerancia. Derivar si hay banderas rojas, síntomas neurológicos progresivos, dolor no mecánico o señales de alarma.
FIS2_R0370;FIS2_P034;FIS2_T019;FIS2_TA029;media;Adaptar a valoración individual, irritabilidad, fase, dolor, función, comorbilidades, objetivos y tolerancia. Derivar si hay banderas rojas, síntomas neurológicos progresivos, dolor no mecánico o señales de alarma.
FIS2_R0371;FIS2_P034;FIS2_T037;FIS2_TA038;media;Adaptar a valoración individual, irritabilidad, fase, dolor, función, comorbilidades, objetivos y tolerancia. Derivar si hay banderas rojas, síntomas neurológicos progresivos, dolor no mecánico o señales de alarma.
FIS2_R0372;FIS2_P034;FIS2_T037;FIS2_TA050;media;Adaptar a valoración individual, irritabilidad, fase, dolor, función, comorbilidades, objetivos y tolerancia. Derivar si hay banderas rojas, síntomas neurológicos progresivos, dolor no mecánico o señales de alarma.
FIS2_R0373;FIS2_P034;FIS2_T061;FIS2_TA008;media;Adaptar a valoración individual, irritabilidad, fase, dolor, función, comorbilidades, objetivos y tolerancia. Derivar si hay banderas rojas, síntomas neurológicos progresivos, dolor no mecánico o señales de alarma.
FIS2_R0374;FIS2_P034;FIS2_T064;FIS2_TA010;alta;Adaptar a valoración individual, irritabilidad, fase, dolor, función, comorbilidades, objetivos y tolerancia. Derivar si hay banderas rojas, síntomas neurológicos progresivos, dolor no mecánico o señales de alarma.
FIS2_R0375;FIS2_P034;FIS2_T064;FIS2_TA053;alta;Adaptar a valoración individual, irritabilidad, fase, dolor, función, comorbilidades, objetivos y tolerancia. Derivar si hay banderas rojas, síntomas neurológicos progresivos, dolor no mecánico o señales de alarma.
FIS2_R0376;FIS2_P035;FIS2_T027;FIS2_TA035;media;Adaptar a valoración individual, irritabilidad, fase, dolor, función, comorbilidades, objetivos y tolerancia. Derivar si hay banderas rojas, síntomas neurológicos progresivos, dolor no mecánico o señales de alarma.
FIS2_R0377;FIS2_P035;FIS2_T027;FIS2_TA036;media;Adaptar a valoración individual, irritabilidad, fase, dolor, función, comorbilidades, objetivos y tolerancia. Derivar si hay banderas rojas, síntomas neurológicos progresivos, dolor no mecánico o señales de alarma.
FIS2_R0378;FIS2_P035;FIS2_T028;FIS2_TA037;media;Adaptar a valoración individual, irritabilidad, fase, dolor, función, comorbilidades, objetivos y tolerancia. Derivar si hay banderas rojas, síntomas neurológicos progresivos, dolor no mecánico o señales de alarma.
FIS2_R0379;FIS2_P035;FIS2_T019;FIS2_TA028;media;Adaptar a valoración individual, irritabilidad, fase, dolor, función, comorbilidades, objetivos y tolerancia. Derivar si hay banderas rojas, síntomas neurológicos progresivos, dolor no mecánico o señales de alarma.
FIS2_R0380;FIS2_P035;FIS2_T019;FIS2_TA029;media;Adaptar a valoración individual, irritabilidad, fase, dolor, función, comorbilidades, objetivos y tolerancia. Derivar si hay banderas rojas, síntomas neurológicos progresivos, dolor no mecánico o señales de alarma.
FIS2_R0381;FIS2_P035;FIS2_T037;FIS2_TA038;media;Adaptar a valoración individual, irritabilidad, fase, dolor, función, comorbilidades, objetivos y tolerancia. Derivar si hay banderas rojas, síntomas neurológicos progresivos, dolor no mecánico o señales de alarma.
FIS2_R0382;FIS2_P035;FIS2_T037;FIS2_TA050;media;Adaptar a valoración individual, irritabilidad, fase, dolor, función, comorbilidades, objetivos y tolerancia. Derivar si hay banderas rojas, síntomas neurológicos progresivos, dolor no mecánico o señales de alarma.
FIS2_R0383;FIS2_P035;FIS2_T061;FIS2_TA008;media;Adaptar a valoración individual, irritabilidad, fase, dolor, función, comorbilidades, objetivos y tolerancia. Derivar si hay banderas rojas, síntomas neurológicos progresivos, dolor no mecánico o señales de alarma.
FIS2_R0384;FIS2_P035;FIS2_T064;FIS2_TA010;alta;Adaptar a valoración individual, irritabilidad, fase, dolor, función, comorbilidades, objetivos y tolerancia. Derivar si hay banderas rojas, síntomas neurológicos progresivos, dolor no mecánico o señales de alarma.
FIS2_R0385;FIS2_P035;FIS2_T064;FIS2_TA053;alta;Adaptar a valoración individual, irritabilidad, fase, dolor, función, comorbilidades, objetivos y tolerancia. Derivar si hay banderas rojas, síntomas neurológicos progresivos, dolor no mecánico o señales de alarma.
FIS2_R0386;FIS2_P036;FIS2_T027;FIS2_TA035;media;Adaptar a valoración individual, irritabilidad, fase, dolor, función, comorbilidades, objetivos y tolerancia. Derivar si hay banderas rojas, síntomas neurológicos progresivos, dolor no mecánico o señales de alarma.
FIS2_R0387;FIS2_P036;FIS2_T027;FIS2_TA036;media;Adaptar a valoración individual, irritabilidad, fase, dolor, función, comorbilidades, objetivos y tolerancia. Derivar si hay banderas rojas, síntomas neurológicos progresivos, dolor no mecánico o señales de alarma.
FIS2_R0388;FIS2_P036;FIS2_T028;FIS2_TA037;media;Adaptar a valoración individual, irritabilidad, fase, dolor, función, comorbilidades, objetivos y tolerancia. Derivar si hay banderas rojas, síntomas neurológicos progresivos, dolor no mecánico o señales de alarma.
FIS2_R0389;FIS2_P036;FIS2_T019;FIS2_TA028;media;Adaptar a valoración individual, irritabilidad, fase, dolor, función, comorbilidades, objetivos y tolerancia. Derivar si hay banderas rojas, síntomas neurológicos progresivos, dolor no mecánico o señales de alarma.
FIS2_R0390;FIS2_P036;FIS2_T019;FIS2_TA029;media;Adaptar a valoración individual, irritabilidad, fase, dolor, función, comorbilidades, objetivos y tolerancia. Derivar si hay banderas rojas, síntomas neurológicos progresivos, dolor no mecánico o señales de alarma.
FIS2_R0391;FIS2_P036;FIS2_T037;FIS2_TA038;media;Adaptar a valoración individual, irritabilidad, fase, dolor, función, comorbilidades, objetivos y tolerancia. Derivar si hay banderas rojas, síntomas neurológicos progresivos, dolor no mecánico o señales de alarma.
FIS2_R0392;FIS2_P036;FIS2_T037;FIS2_TA050;media;Adaptar a valoración individual, irritabilidad, fase, dolor, función, comorbilidades, objetivos y tolerancia. Derivar si hay banderas rojas, síntomas neurológicos progresivos, dolor no mecánico o señales de alarma.
FIS2_R0393;FIS2_P036;FIS2_T061;FIS2_TA008;media;Adaptar a valoración individual, irritabilidad, fase, dolor, función, comorbilidades, objetivos y tolerancia. Derivar si hay banderas rojas, síntomas neurológicos progresivos, dolor no mecánico o señales de alarma.
FIS2_R0394;FIS2_P036;FIS2_T064;FIS2_TA010;alta;Adaptar a valoración individual, irritabilidad, fase, dolor, función, comorbilidades, objetivos y tolerancia. Derivar si hay banderas rojas, síntomas neurológicos progresivos, dolor no mecánico o señales de alarma.
FIS2_R0395;FIS2_P036;FIS2_T064;FIS2_TA053;alta;Adaptar a valoración individual, irritabilidad, fase, dolor, función, comorbilidades, objetivos y tolerancia. Derivar si hay banderas rojas, síntomas neurológicos progresivos, dolor no mecánico o señales de alarma.
FIS2_R0396;FIS2_P037;FIS2_T024;FIS2_TA052;media;Adaptar a valoración individual, irritabilidad, fase, dolor, función, comorbilidades, objetivos y tolerancia. Derivar si hay banderas rojas, síntomas neurológicos progresivos, dolor no mecánico o señales de alarma.
FIS2_R0397;FIS2_P037;FIS2_T029;FIS2_TA040;media;Adaptar a valoración individual, irritabilidad, fase, dolor, función, comorbilidades, objetivos y tolerancia. Derivar si hay banderas rojas, síntomas neurológicos progresivos, dolor no mecánico o señales de alarma.
FIS2_R0398;FIS2_P037;FIS2_T030;FIS2_TA039;media;Adaptar a valoración individual, irritabilidad, fase, dolor, función, comorbilidades, objetivos y tolerancia. Derivar si hay banderas rojas, síntomas neurológicos progresivos, dolor no mecánico o señales de alarma.
FIS2_R0399;FIS2_P037;FIS2_T030;FIS2_TA041;media;Adaptar a valoración individual, irritabilidad, fase, dolor, función, comorbilidades, objetivos y tolerancia. Derivar si hay banderas rojas, síntomas neurológicos progresivos, dolor no mecánico o señales de alarma.
FIS2_R0400;FIS2_P037;FIS2_T031;FIS2_TA042;media;Adaptar a valoración individual, irritabilidad, fase, dolor, función, comorbilidades, objetivos y tolerancia. Derivar si hay banderas rojas, síntomas neurológicos progresivos, dolor no mecánico o señales de alarma.
FIS2_R0401;FIS2_P037;FIS2_T032;FIS2_TA043;media;Adaptar a valoración individual, irritabilidad, fase, dolor, función, comorbilidades, objetivos y tolerancia. Derivar si hay banderas rojas, síntomas neurológicos progresivos, dolor no mecánico o señales de alarma.
FIS2_R0402;FIS2_P037;FIS2_T066;FIS2_TA044;media;Adaptar a valoración individual, irritabilidad, fase, dolor, función, comorbilidades, objetivos y tolerancia. Derivar si hay banderas rojas, síntomas neurológicos progresivos, dolor no mecánico o señales de alarma.
FIS2_R0403;FIS2_P037;FIS2_T064;FIS2_TA010;alta;Adaptar a valoración individual, irritabilidad, fase, dolor, función, comorbilidades, objetivos y tolerancia. Derivar si hay banderas rojas, síntomas neurológicos progresivos, dolor no mecánico o señales de alarma.
FIS2_R0404;FIS2_P037;FIS2_T064;FIS2_TA053;alta;Adaptar a valoración individual, irritabilidad, fase, dolor, función, comorbilidades, objetivos y tolerancia. Derivar si hay banderas rojas, síntomas neurológicos progresivos, dolor no mecánico o señales de alarma.
FIS2_R0405;FIS2_P038;FIS2_T024;FIS2_TA052;media;Adaptar a valoración individual, irritabilidad, fase, dolor, función, comorbilidades, objetivos y tolerancia. Derivar si hay banderas rojas, síntomas neurológicos progresivos, dolor no mecánico o señales de alarma.
FIS2_R0406;FIS2_P038;FIS2_T029;FIS2_TA040;media;Adaptar a valoración individual, irritabilidad, fase, dolor, función, comorbilidades, objetivos y tolerancia. Derivar si hay banderas rojas, síntomas neurológicos progresivos, dolor no mecánico o señales de alarma.
FIS2_R0407;FIS2_P038;FIS2_T030;FIS2_TA039;media;Adaptar a valoración individual, irritabilidad, fase, dolor, función, comorbilidades, objetivos y tolerancia. Derivar si hay banderas rojas, síntomas neurológicos progresivos, dolor no mecánico o señales de alarma.
FIS2_R0408;FIS2_P038;FIS2_T030;FIS2_TA041;media;Adaptar a valoración individual, irritabilidad, fase, dolor, función, comorbilidades, objetivos y tolerancia. Derivar si hay banderas rojas, síntomas neurológicos progresivos, dolor no mecánico o señales de alarma.
FIS2_R0409;FIS2_P038;FIS2_T031;FIS2_TA042;media;Adaptar a valoración individual, irritabilidad, fase, dolor, función, comorbilidades, objetivos y tolerancia. Derivar si hay banderas rojas, síntomas neurológicos progresivos, dolor no mecánico o señales de alarma.
FIS2_R0410;FIS2_P038;FIS2_T032;FIS2_TA043;media;Adaptar a valoración individual, irritabilidad, fase, dolor, función, comorbilidades, objetivos y tolerancia. Derivar si hay banderas rojas, síntomas neurológicos progresivos, dolor no mecánico o señales de alarma.
FIS2_R0411;FIS2_P038;FIS2_T066;FIS2_TA044;media;Adaptar a valoración individual, irritabilidad, fase, dolor, función, comorbilidades, objetivos y tolerancia. Derivar si hay banderas rojas, síntomas neurológicos progresivos, dolor no mecánico o señales de alarma.
FIS2_R0412;FIS2_P038;FIS2_T064;FIS2_TA010;alta;Adaptar a valoración individual, irritabilidad, fase, dolor, función, comorbilidades, objetivos y tolerancia. Derivar si hay banderas rojas, síntomas neurológicos progresivos, dolor no mecánico o señales de alarma.
FIS2_R0413;FIS2_P038;FIS2_T064;FIS2_TA053;alta;Adaptar a valoración individual, irritabilidad, fase, dolor, función, comorbilidades, objetivos y tolerancia. Derivar si hay banderas rojas, síntomas neurológicos progresivos, dolor no mecánico o señales de alarma.
FIS2_R0414;FIS2_P039;FIS2_T024;FIS2_TA052;media;Adaptar a valoración individual, irritabilidad, fase, dolor, función, comorbilidades, objetivos y tolerancia. Derivar si hay banderas rojas, síntomas neurológicos progresivos, dolor no mecánico o señales de alarma.
FIS2_R0415;FIS2_P039;FIS2_T029;FIS2_TA040;media;Adaptar a valoración individual, irritabilidad, fase, dolor, función, comorbilidades, objetivos y tolerancia. Derivar si hay banderas rojas, síntomas neurológicos progresivos, dolor no mecánico o señales de alarma.
FIS2_R0416;FIS2_P039;FIS2_T030;FIS2_TA039;media;Adaptar a valoración individual, irritabilidad, fase, dolor, función, comorbilidades, objetivos y tolerancia. Derivar si hay banderas rojas, síntomas neurológicos progresivos, dolor no mecánico o señales de alarma.
FIS2_R0417;FIS2_P039;FIS2_T030;FIS2_TA041;media;Adaptar a valoración individual, irritabilidad, fase, dolor, función, comorbilidades, objetivos y tolerancia. Derivar si hay banderas rojas, síntomas neurológicos progresivos, dolor no mecánico o señales de alarma.
FIS2_R0418;FIS2_P039;FIS2_T031;FIS2_TA042;media;Adaptar a valoración individual, irritabilidad, fase, dolor, función, comorbilidades, objetivos y tolerancia. Derivar si hay banderas rojas, síntomas neurológicos progresivos, dolor no mecánico o señales de alarma.
FIS2_R0419;FIS2_P039;FIS2_T032;FIS2_TA043;media;Adaptar a valoración individual, irritabilidad, fase, dolor, función, comorbilidades, objetivos y tolerancia. Derivar si hay banderas rojas, síntomas neurológicos progresivos, dolor no mecánico o señales de alarma.
FIS2_R0420;FIS2_P039;FIS2_T066;FIS2_TA044;media;Adaptar a valoración individual, irritabilidad, fase, dolor, función, comorbilidades, objetivos y tolerancia. Derivar si hay banderas rojas, síntomas neurológicos progresivos, dolor no mecánico o señales de alarma.
FIS2_R0421;FIS2_P039;FIS2_T064;FIS2_TA010;alta;Adaptar a valoración individual, irritabilidad, fase, dolor, función, comorbilidades, objetivos y tolerancia. Derivar si hay banderas rojas, síntomas neurológicos progresivos, dolor no mecánico o señales de alarma.
FIS2_R0422;FIS2_P039;FIS2_T064;FIS2_TA053;alta;Adaptar a valoración individual, irritabilidad, fase, dolor, función, comorbilidades, objetivos y tolerancia. Derivar si hay banderas rojas, síntomas neurológicos progresivos, dolor no mecánico o señales de alarma.
FIS2_R0423;FIS2_P040;FIS2_T024;FIS2_TA052;media;Adaptar a valoración individual, irritabilidad, fase, dolor, función, comorbilidades, objetivos y tolerancia. Derivar si hay banderas rojas, síntomas neurológicos progresivos, dolor no mecánico o señales de alarma.
FIS2_R0424;FIS2_P040;FIS2_T029;FIS2_TA040;media;Adaptar a valoración individual, irritabilidad, fase, dolor, función, comorbilidades, objetivos y tolerancia. Derivar si hay banderas rojas, síntomas neurológicos progresivos, dolor no mecánico o señales de alarma.
FIS2_R0425;FIS2_P040;FIS2_T030;FIS2_TA039;media;Adaptar a valoración individual, irritabilidad, fase, dolor, función, comorbilidades, objetivos y tolerancia. Derivar si hay banderas rojas, síntomas neurológicos progresivos, dolor no mecánico o señales de alarma.
FIS2_R0426;FIS2_P040;FIS2_T030;FIS2_TA041;media;Adaptar a valoración individual, irritabilidad, fase, dolor, función, comorbilidades, objetivos y tolerancia. Derivar si hay banderas rojas, síntomas neurológicos progresivos, dolor no mecánico o señales de alarma.
FIS2_R0427;FIS2_P040;FIS2_T031;FIS2_TA042;media;Adaptar a valoración individual, irritabilidad, fase, dolor, función, comorbilidades, objetivos y tolerancia. Derivar si hay banderas rojas, síntomas neurológicos progresivos, dolor no mecánico o señales de alarma.
FIS2_R0428;FIS2_P040;FIS2_T032;FIS2_TA043;media;Adaptar a valoración individual, irritabilidad, fase, dolor, función, comorbilidades, objetivos y tolerancia. Derivar si hay banderas rojas, síntomas neurológicos progresivos, dolor no mecánico o señales de alarma.
FIS2_R0429;FIS2_P040;FIS2_T066;FIS2_TA044;media;Adaptar a valoración individual, irritabilidad, fase, dolor, función, comorbilidades, objetivos y tolerancia. Derivar si hay banderas rojas, síntomas neurológicos progresivos, dolor no mecánico o señales de alarma.
FIS2_R0430;FIS2_P040;FIS2_T064;FIS2_TA010;alta;Adaptar a valoración individual, irritabilidad, fase, dolor, función, comorbilidades, objetivos y tolerancia. Derivar si hay banderas rojas, síntomas neurológicos progresivos, dolor no mecánico o señales de alarma.
FIS2_R0431;FIS2_P040;FIS2_T064;FIS2_TA053;alta;Adaptar a valoración individual, irritabilidad, fase, dolor, función, comorbilidades, objetivos y tolerancia. Derivar si hay banderas rojas, síntomas neurológicos progresivos, dolor no mecánico o señales de alarma.
FIS2_R0432;FIS2_P041;FIS2_T024;FIS2_TA052;media;Adaptar a valoración individual, irritabilidad, fase, dolor, función, comorbilidades, objetivos y tolerancia. Derivar si hay banderas rojas, síntomas neurológicos progresivos, dolor no mecánico o señales de alarma.
FIS2_R0433;FIS2_P041;FIS2_T029;FIS2_TA040;media;Adaptar a valoración individual, irritabilidad, fase, dolor, función, comorbilidades, objetivos y tolerancia. Derivar si hay banderas rojas, síntomas neurológicos progresivos, dolor no mecánico o señales de alarma.
FIS2_R0434;FIS2_P041;FIS2_T030;FIS2_TA039;media;Adaptar a valoración individual, irritabilidad, fase, dolor, función, comorbilidades, objetivos y tolerancia. Derivar si hay banderas rojas, síntomas neurológicos progresivos, dolor no mecánico o señales de alarma.
FIS2_R0435;FIS2_P041;FIS2_T030;FIS2_TA041;media;Adaptar a valoración individual, irritabilidad, fase, dolor, función, comorbilidades, objetivos y tolerancia. Derivar si hay banderas rojas, síntomas neurológicos progresivos, dolor no mecánico o señales de alarma.
FIS2_R0436;FIS2_P041;FIS2_T031;FIS2_TA042;media;Adaptar a valoración individual, irritabilidad, fase, dolor, función, comorbilidades, objetivos y tolerancia. Derivar si hay banderas rojas, síntomas neurológicos progresivos, dolor no mecánico o señales de alarma.
FIS2_R0437;FIS2_P041;FIS2_T032;FIS2_TA043;media;Adaptar a valoración individual, irritabilidad, fase, dolor, función, comorbilidades, objetivos y tolerancia. Derivar si hay banderas rojas, síntomas neurológicos progresivos, dolor no mecánico o señales de alarma.
FIS2_R0438;FIS2_P041;FIS2_T066;FIS2_TA044;media;Adaptar a valoración individual, irritabilidad, fase, dolor, función, comorbilidades, objetivos y tolerancia. Derivar si hay banderas rojas, síntomas neurológicos progresivos, dolor no mecánico o señales de alarma.
FIS2_R0439;FIS2_P041;FIS2_T064;FIS2_TA010;alta;Adaptar a valoración individual, irritabilidad, fase, dolor, función, comorbilidades, objetivos y tolerancia. Derivar si hay banderas rojas, síntomas neurológicos progresivos, dolor no mecánico o señales de alarma.
FIS2_R0440;FIS2_P041;FIS2_T064;FIS2_TA053;alta;Adaptar a valoración individual, irritabilidad, fase, dolor, función, comorbilidades, objetivos y tolerancia. Derivar si hay banderas rojas, síntomas neurológicos progresivos, dolor no mecánico o señales de alarma.
FIS2_R0441;FIS2_P042;FIS2_T024;FIS2_TA052;media;Adaptar a valoración individual, irritabilidad, fase, dolor, función, comorbilidades, objetivos y tolerancia. Derivar si hay banderas rojas, síntomas neurológicos progresivos, dolor no mecánico o señales de alarma.
FIS2_R0442;FIS2_P042;FIS2_T029;FIS2_TA040;media;Adaptar a valoración individual, irritabilidad, fase, dolor, función, comorbilidades, objetivos y tolerancia. Derivar si hay banderas rojas, síntomas neurológicos progresivos, dolor no mecánico o señales de alarma.
FIS2_R0443;FIS2_P042;FIS2_T030;FIS2_TA039;media;Adaptar a valoración individual, irritabilidad, fase, dolor, función, comorbilidades, objetivos y tolerancia. Derivar si hay banderas rojas, síntomas neurológicos progresivos, dolor no mecánico o señales de alarma.
FIS2_R0444;FIS2_P042;FIS2_T030;FIS2_TA041;media;Adaptar a valoración individual, irritabilidad, fase, dolor, función, comorbilidades, objetivos y tolerancia. Derivar si hay banderas rojas, síntomas neurológicos progresivos, dolor no mecánico o señales de alarma.
FIS2_R0445;FIS2_P042;FIS2_T031;FIS2_TA042;media;Adaptar a valoración individual, irritabilidad, fase, dolor, función, comorbilidades, objetivos y tolerancia. Derivar si hay banderas rojas, síntomas neurológicos progresivos, dolor no mecánico o señales de alarma.
FIS2_R0446;FIS2_P042;FIS2_T032;FIS2_TA043;media;Adaptar a valoración individual, irritabilidad, fase, dolor, función, comorbilidades, objetivos y tolerancia. Derivar si hay banderas rojas, síntomas neurológicos progresivos, dolor no mecánico o señales de alarma.
FIS2_R0447;FIS2_P042;FIS2_T066;FIS2_TA044;media;Adaptar a valoración individual, irritabilidad, fase, dolor, función, comorbilidades, objetivos y tolerancia. Derivar si hay banderas rojas, síntomas neurológicos progresivos, dolor no mecánico o señales de alarma.
FIS2_R0448;FIS2_P042;FIS2_T064;FIS2_TA010;alta;Adaptar a valoración individual, irritabilidad, fase, dolor, función, comorbilidades, objetivos y tolerancia. Derivar si hay banderas rojas, síntomas neurológicos progresivos, dolor no mecánico o señales de alarma.
FIS2_R0449;FIS2_P042;FIS2_T064;FIS2_TA053;alta;Adaptar a valoración individual, irritabilidad, fase, dolor, función, comorbilidades, objetivos y tolerancia. Derivar si hay banderas rojas, síntomas neurológicos progresivos, dolor no mecánico o señales de alarma.
FIS2_R0450;FIS2_P043;FIS2_T033;FIS2_TA045;media;Adaptar a valoración individual, irritabilidad, fase, dolor, función, comorbilidades, objetivos y tolerancia. Derivar si hay banderas rojas, síntomas neurológicos progresivos, dolor no mecánico o señales de alarma.
FIS2_R0451;FIS2_P043;FIS2_T034;FIS2_TA046;media;Adaptar a valoración individual, irritabilidad, fase, dolor, función, comorbilidades, objetivos y tolerancia. Derivar si hay banderas rojas, síntomas neurológicos progresivos, dolor no mecánico o señales de alarma.
FIS2_R0452;FIS2_P043;FIS2_T035;FIS2_TA047;media;Adaptar a valoración individual, irritabilidad, fase, dolor, función, comorbilidades, objetivos y tolerancia. Derivar si hay banderas rojas, síntomas neurológicos progresivos, dolor no mecánico o señales de alarma.
FIS2_R0453;FIS2_P043;FIS2_T035;FIS2_TA048;media;Adaptar a valoración individual, irritabilidad, fase, dolor, función, comorbilidades, objetivos y tolerancia. Derivar si hay banderas rojas, síntomas neurológicos progresivos, dolor no mecánico o señales de alarma.
FIS2_R0454;FIS2_P043;FIS2_T036;FIS2_TA049;media;Adaptar a valoración individual, irritabilidad, fase, dolor, función, comorbilidades, objetivos y tolerancia. Derivar si hay banderas rojas, síntomas neurológicos progresivos, dolor no mecánico o señales de alarma.
FIS2_R0455;FIS2_P043;FIS2_T037;FIS2_TA038;media;Adaptar a valoración individual, irritabilidad, fase, dolor, función, comorbilidades, objetivos y tolerancia. Derivar si hay banderas rojas, síntomas neurológicos progresivos, dolor no mecánico o señales de alarma.
FIS2_R0456;FIS2_P043;FIS2_T037;FIS2_TA050;media;Adaptar a valoración individual, irritabilidad, fase, dolor, función, comorbilidades, objetivos y tolerancia. Derivar si hay banderas rojas, síntomas neurológicos progresivos, dolor no mecánico o señales de alarma.
FIS2_R0457;FIS2_P043;FIS2_T024;FIS2_TA052;media;Adaptar a valoración individual, irritabilidad, fase, dolor, función, comorbilidades, objetivos y tolerancia. Derivar si hay banderas rojas, síntomas neurológicos progresivos, dolor no mecánico o señales de alarma.
FIS2_R0458;FIS2_P043;FIS2_T064;FIS2_TA010;alta;Adaptar a valoración individual, irritabilidad, fase, dolor, función, comorbilidades, objetivos y tolerancia. Derivar si hay banderas rojas, síntomas neurológicos progresivos, dolor no mecánico o señales de alarma.
FIS2_R0459;FIS2_P043;FIS2_T064;FIS2_TA053;alta;Adaptar a valoración individual, irritabilidad, fase, dolor, función, comorbilidades, objetivos y tolerancia. Derivar si hay banderas rojas, síntomas neurológicos progresivos, dolor no mecánico o señales de alarma.
FIS2_R0460;FIS2_P044;FIS2_T033;FIS2_TA045;media;Adaptar a valoración individual, irritabilidad, fase, dolor, función, comorbilidades, objetivos y tolerancia. Derivar si hay banderas rojas, síntomas neurológicos progresivos, dolor no mecánico o señales de alarma.
FIS2_R0461;FIS2_P044;FIS2_T034;FIS2_TA046;media;Adaptar a valoración individual, irritabilidad, fase, dolor, función, comorbilidades, objetivos y tolerancia. Derivar si hay banderas rojas, síntomas neurológicos progresivos, dolor no mecánico o señales de alarma.
FIS2_R0462;FIS2_P044;FIS2_T035;FIS2_TA047;media;Adaptar a valoración individual, irritabilidad, fase, dolor, función, comorbilidades, objetivos y tolerancia. Derivar si hay banderas rojas, síntomas neurológicos progresivos, dolor no mecánico o señales de alarma.
FIS2_R0463;FIS2_P044;FIS2_T035;FIS2_TA048;media;Adaptar a valoración individual, irritabilidad, fase, dolor, función, comorbilidades, objetivos y tolerancia. Derivar si hay banderas rojas, síntomas neurológicos progresivos, dolor no mecánico o señales de alarma.
FIS2_R0464;FIS2_P044;FIS2_T036;FIS2_TA049;media;Adaptar a valoración individual, irritabilidad, fase, dolor, función, comorbilidades, objetivos y tolerancia. Derivar si hay banderas rojas, síntomas neurológicos progresivos, dolor no mecánico o señales de alarma.
FIS2_R0465;FIS2_P044;FIS2_T037;FIS2_TA038;media;Adaptar a valoración individual, irritabilidad, fase, dolor, función, comorbilidades, objetivos y tolerancia. Derivar si hay banderas rojas, síntomas neurológicos progresivos, dolor no mecánico o señales de alarma.
FIS2_R0466;FIS2_P044;FIS2_T037;FIS2_TA050;media;Adaptar a valoración individual, irritabilidad, fase, dolor, función, comorbilidades, objetivos y tolerancia. Derivar si hay banderas rojas, síntomas neurológicos progresivos, dolor no mecánico o señales de alarma.
FIS2_R0467;FIS2_P044;FIS2_T024;FIS2_TA052;media;Adaptar a valoración individual, irritabilidad, fase, dolor, función, comorbilidades, objetivos y tolerancia. Derivar si hay banderas rojas, síntomas neurológicos progresivos, dolor no mecánico o señales de alarma.
FIS2_R0468;FIS2_P044;FIS2_T064;FIS2_TA010;alta;Adaptar a valoración individual, irritabilidad, fase, dolor, función, comorbilidades, objetivos y tolerancia. Derivar si hay banderas rojas, síntomas neurológicos progresivos, dolor no mecánico o señales de alarma.
FIS2_R0469;FIS2_P044;FIS2_T064;FIS2_TA053;alta;Adaptar a valoración individual, irritabilidad, fase, dolor, función, comorbilidades, objetivos y tolerancia. Derivar si hay banderas rojas, síntomas neurológicos progresivos, dolor no mecánico o señales de alarma.
FIS2_R0470;FIS2_P045;FIS2_T033;FIS2_TA045;media;Adaptar a valoración individual, irritabilidad, fase, dolor, función, comorbilidades, objetivos y tolerancia. Derivar si hay banderas rojas, síntomas neurológicos progresivos, dolor no mecánico o señales de alarma.
FIS2_R0471;FIS2_P045;FIS2_T034;FIS2_TA046;media;Adaptar a valoración individual, irritabilidad, fase, dolor, función, comorbilidades, objetivos y tolerancia. Derivar si hay banderas rojas, síntomas neurológicos progresivos, dolor no mecánico o señales de alarma.
FIS2_R0472;FIS2_P045;FIS2_T035;FIS2_TA047;media;Adaptar a valoración individual, irritabilidad, fase, dolor, función, comorbilidades, objetivos y tolerancia. Derivar si hay banderas rojas, síntomas neurológicos progresivos, dolor no mecánico o señales de alarma.
FIS2_R0473;FIS2_P045;FIS2_T035;FIS2_TA048;media;Adaptar a valoración individual, irritabilidad, fase, dolor, función, comorbilidades, objetivos y tolerancia. Derivar si hay banderas rojas, síntomas neurológicos progresivos, dolor no mecánico o señales de alarma.
FIS2_R0474;FIS2_P045;FIS2_T036;FIS2_TA049;media;Adaptar a valoración individual, irritabilidad, fase, dolor, función, comorbilidades, objetivos y tolerancia. Derivar si hay banderas rojas, síntomas neurológicos progresivos, dolor no mecánico o señales de alarma.
FIS2_R0475;FIS2_P045;FIS2_T037;FIS2_TA038;media;Adaptar a valoración individual, irritabilidad, fase, dolor, función, comorbilidades, objetivos y tolerancia. Derivar si hay banderas rojas, síntomas neurológicos progresivos, dolor no mecánico o señales de alarma.
FIS2_R0476;FIS2_P045;FIS2_T037;FIS2_TA050;media;Adaptar a valoración individual, irritabilidad, fase, dolor, función, comorbilidades, objetivos y tolerancia. Derivar si hay banderas rojas, síntomas neurológicos progresivos, dolor no mecánico o señales de alarma.
FIS2_R0477;FIS2_P045;FIS2_T024;FIS2_TA052;media;Adaptar a valoración individual, irritabilidad, fase, dolor, función, comorbilidades, objetivos y tolerancia. Derivar si hay banderas rojas, síntomas neurológicos progresivos, dolor no mecánico o señales de alarma.
FIS2_R0478;FIS2_P045;FIS2_T064;FIS2_TA010;alta;Adaptar a valoración individual, irritabilidad, fase, dolor, función, comorbilidades, objetivos y tolerancia. Derivar si hay banderas rojas, síntomas neurológicos progresivos, dolor no mecánico o señales de alarma.
FIS2_R0479;FIS2_P045;FIS2_T064;FIS2_TA053;alta;Adaptar a valoración individual, irritabilidad, fase, dolor, función, comorbilidades, objetivos y tolerancia. Derivar si hay banderas rojas, síntomas neurológicos progresivos, dolor no mecánico o señales de alarma.
FIS2_R0480;FIS2_P046;FIS2_T033;FIS2_TA045;media;Adaptar a valoración individual, irritabilidad, fase, dolor, función, comorbilidades, objetivos y tolerancia. Derivar si hay banderas rojas, síntomas neurológicos progresivos, dolor no mecánico o señales de alarma.
FIS2_R0481;FIS2_P046;FIS2_T034;FIS2_TA046;media;Adaptar a valoración individual, irritabilidad, fase, dolor, función, comorbilidades, objetivos y tolerancia. Derivar si hay banderas rojas, síntomas neurológicos progresivos, dolor no mecánico o señales de alarma.
FIS2_R0482;FIS2_P046;FIS2_T035;FIS2_TA047;media;Adaptar a valoración individual, irritabilidad, fase, dolor, función, comorbilidades, objetivos y tolerancia. Derivar si hay banderas rojas, síntomas neurológicos progresivos, dolor no mecánico o señales de alarma.
FIS2_R0483;FIS2_P046;FIS2_T035;FIS2_TA048;media;Adaptar a valoración individual, irritabilidad, fase, dolor, función, comorbilidades, objetivos y tolerancia. Derivar si hay banderas rojas, síntomas neurológicos progresivos, dolor no mecánico o señales de alarma.
FIS2_R0484;FIS2_P046;FIS2_T036;FIS2_TA049;media;Adaptar a valoración individual, irritabilidad, fase, dolor, función, comorbilidades, objetivos y tolerancia. Derivar si hay banderas rojas, síntomas neurológicos progresivos, dolor no mecánico o señales de alarma.
FIS2_R0485;FIS2_P046;FIS2_T037;FIS2_TA038;media;Adaptar a valoración individual, irritabilidad, fase, dolor, función, comorbilidades, objetivos y tolerancia. Derivar si hay banderas rojas, síntomas neurológicos progresivos, dolor no mecánico o señales de alarma.
FIS2_R0486;FIS2_P046;FIS2_T037;FIS2_TA050;media;Adaptar a valoración individual, irritabilidad, fase, dolor, función, comorbilidades, objetivos y tolerancia. Derivar si hay banderas rojas, síntomas neurológicos progresivos, dolor no mecánico o señales de alarma.
FIS2_R0487;FIS2_P046;FIS2_T024;FIS2_TA052;media;Adaptar a valoración individual, irritabilidad, fase, dolor, función, comorbilidades, objetivos y tolerancia. Derivar si hay banderas rojas, síntomas neurológicos progresivos, dolor no mecánico o señales de alarma.
FIS2_R0488;FIS2_P046;FIS2_T064;FIS2_TA010;alta;Adaptar a valoración individual, irritabilidad, fase, dolor, función, comorbilidades, objetivos y tolerancia. Derivar si hay banderas rojas, síntomas neurológicos progresivos, dolor no mecánico o señales de alarma.
FIS2_R0489;FIS2_P046;FIS2_T064;FIS2_TA053;alta;Adaptar a valoración individual, irritabilidad, fase, dolor, función, comorbilidades, objetivos y tolerancia. Derivar si hay banderas rojas, síntomas neurológicos progresivos, dolor no mecánico o señales de alarma.
FIS2_R0490;FIS2_P047;FIS2_T033;FIS2_TA045;media;Adaptar a valoración individual, irritabilidad, fase, dolor, función, comorbilidades, objetivos y tolerancia. Derivar si hay banderas rojas, síntomas neurológicos progresivos, dolor no mecánico o señales de alarma.
FIS2_R0491;FIS2_P047;FIS2_T034;FIS2_TA046;media;Adaptar a valoración individual, irritabilidad, fase, dolor, función, comorbilidades, objetivos y tolerancia. Derivar si hay banderas rojas, síntomas neurológicos progresivos, dolor no mecánico o señales de alarma.
FIS2_R0492;FIS2_P047;FIS2_T035;FIS2_TA047;media;Adaptar a valoración individual, irritabilidad, fase, dolor, función, comorbilidades, objetivos y tolerancia. Derivar si hay banderas rojas, síntomas neurológicos progresivos, dolor no mecánico o señales de alarma.
FIS2_R0493;FIS2_P047;FIS2_T035;FIS2_TA048;media;Adaptar a valoración individual, irritabilidad, fase, dolor, función, comorbilidades, objetivos y tolerancia. Derivar si hay banderas rojas, síntomas neurológicos progresivos, dolor no mecánico o señales de alarma.
FIS2_R0494;FIS2_P047;FIS2_T036;FIS2_TA049;media;Adaptar a valoración individual, irritabilidad, fase, dolor, función, comorbilidades, objetivos y tolerancia. Derivar si hay banderas rojas, síntomas neurológicos progresivos, dolor no mecánico o señales de alarma.
FIS2_R0495;FIS2_P047;FIS2_T037;FIS2_TA038;media;Adaptar a valoración individual, irritabilidad, fase, dolor, función, comorbilidades, objetivos y tolerancia. Derivar si hay banderas rojas, síntomas neurológicos progresivos, dolor no mecánico o señales de alarma.
FIS2_R0496;FIS2_P047;FIS2_T037;FIS2_TA050;media;Adaptar a valoración individual, irritabilidad, fase, dolor, función, comorbilidades, objetivos y tolerancia. Derivar si hay banderas rojas, síntomas neurológicos progresivos, dolor no mecánico o señales de alarma.
FIS2_R0497;FIS2_P047;FIS2_T024;FIS2_TA052;media;Adaptar a valoración individual, irritabilidad, fase, dolor, función, comorbilidades, objetivos y tolerancia. Derivar si hay banderas rojas, síntomas neurológicos progresivos, dolor no mecánico o señales de alarma.
FIS2_R0498;FIS2_P047;FIS2_T064;FIS2_TA010;alta;Adaptar a valoración individual, irritabilidad, fase, dolor, función, comorbilidades, objetivos y tolerancia. Derivar si hay banderas rojas, síntomas neurológicos progresivos, dolor no mecánico o señales de alarma.
FIS2_R0499;FIS2_P047;FIS2_T064;FIS2_TA053;alta;Adaptar a valoración individual, irritabilidad, fase, dolor, función, comorbilidades, objetivos y tolerancia. Derivar si hay banderas rojas, síntomas neurológicos progresivos, dolor no mecánico o señales de alarma.
FIS2_R0500;FIS2_P048;FIS2_T033;FIS2_TA045;media;Adaptar a valoración individual, irritabilidad, fase, dolor, función, comorbilidades, objetivos y tolerancia. Derivar si hay banderas rojas, síntomas neurológicos progresivos, dolor no mecánico o señales de alarma.
FIS2_R0501;FIS2_P048;FIS2_T034;FIS2_TA046;media;Adaptar a valoración individual, irritabilidad, fase, dolor, función, comorbilidades, objetivos y tolerancia. Derivar si hay banderas rojas, síntomas neurológicos progresivos, dolor no mecánico o señales de alarma.
FIS2_R0502;FIS2_P048;FIS2_T035;FIS2_TA047;media;Adaptar a valoración individual, irritabilidad, fase, dolor, función, comorbilidades, objetivos y tolerancia. Derivar si hay banderas rojas, síntomas neurológicos progresivos, dolor no mecánico o señales de alarma.
FIS2_R0503;FIS2_P048;FIS2_T035;FIS2_TA048;media;Adaptar a valoración individual, irritabilidad, fase, dolor, función, comorbilidades, objetivos y tolerancia. Derivar si hay banderas rojas, síntomas neurológicos progresivos, dolor no mecánico o señales de alarma.
FIS2_R0504;FIS2_P048;FIS2_T036;FIS2_TA049;media;Adaptar a valoración individual, irritabilidad, fase, dolor, función, comorbilidades, objetivos y tolerancia. Derivar si hay banderas rojas, síntomas neurológicos progresivos, dolor no mecánico o señales de alarma.
FIS2_R0505;FIS2_P048;FIS2_T037;FIS2_TA038;media;Adaptar a valoración individual, irritabilidad, fase, dolor, función, comorbilidades, objetivos y tolerancia. Derivar si hay banderas rojas, síntomas neurológicos progresivos, dolor no mecánico o señales de alarma.
FIS2_R0506;FIS2_P048;FIS2_T037;FIS2_TA050;media;Adaptar a valoración individual, irritabilidad, fase, dolor, función, comorbilidades, objetivos y tolerancia. Derivar si hay banderas rojas, síntomas neurológicos progresivos, dolor no mecánico o señales de alarma.
FIS2_R0507;FIS2_P048;FIS2_T024;FIS2_TA052;media;Adaptar a valoración individual, irritabilidad, fase, dolor, función, comorbilidades, objetivos y tolerancia. Derivar si hay banderas rojas, síntomas neurológicos progresivos, dolor no mecánico o señales de alarma.
FIS2_R0508;FIS2_P048;FIS2_T064;FIS2_TA010;alta;Adaptar a valoración individual, irritabilidad, fase, dolor, función, comorbilidades, objetivos y tolerancia. Derivar si hay banderas rojas, síntomas neurológicos progresivos, dolor no mecánico o señales de alarma.
FIS2_R0509;FIS2_P048;FIS2_T064;FIS2_TA053;alta;Adaptar a valoración individual, irritabilidad, fase, dolor, función, comorbilidades, objetivos y tolerancia. Derivar si hay banderas rojas, síntomas neurológicos progresivos, dolor no mecánico o señales de alarma.
FIS2_R0510;FIS2_P049;FIS2_T024;FIS2_TA052;media;Adaptar a valoración individual, irritabilidad, fase, dolor, función, comorbilidades, objetivos y tolerancia. Derivar si hay banderas rojas, síntomas neurológicos progresivos, dolor no mecánico o señales de alarma.
FIS2_R0511;FIS2_P049;FIS2_T025;FIS2_TA031;media;Adaptar a valoración individual, irritabilidad, fase, dolor, función, comorbilidades, objetivos y tolerancia. Derivar si hay banderas rojas, síntomas neurológicos progresivos, dolor no mecánico o señales de alarma.
FIS2_R0512;FIS2_P049;FIS2_T025;FIS2_TA051;media;Adaptar a valoración individual, irritabilidad, fase, dolor, función, comorbilidades, objetivos y tolerancia. Derivar si hay banderas rojas, síntomas neurológicos progresivos, dolor no mecánico o señales de alarma.
FIS2_R0513;FIS2_P049;FIS2_T026;FIS2_TA032;media;Adaptar a valoración individual, irritabilidad, fase, dolor, función, comorbilidades, objetivos y tolerancia. Derivar si hay banderas rojas, síntomas neurológicos progresivos, dolor no mecánico o señales de alarma.
FIS2_R0514;FIS2_P049;FIS2_T005;FIS2_TA005;media;Adaptar a valoración individual, irritabilidad, fase, dolor, función, comorbilidades, objetivos y tolerancia. Derivar si hay banderas rojas, síntomas neurológicos progresivos, dolor no mecánico o señales de alarma.
FIS2_R0515;FIS2_P049;FIS2_T064;FIS2_TA010;alta;Adaptar a valoración individual, irritabilidad, fase, dolor, función, comorbilidades, objetivos y tolerancia. Derivar si hay banderas rojas, síntomas neurológicos progresivos, dolor no mecánico o señales de alarma.
FIS2_R0516;FIS2_P049;FIS2_T064;FIS2_TA053;alta;Adaptar a valoración individual, irritabilidad, fase, dolor, función, comorbilidades, objetivos y tolerancia. Derivar si hay banderas rojas, síntomas neurológicos progresivos, dolor no mecánico o señales de alarma.
FIS2_R0517;FIS2_P049;FIS2_T065;FIS2_TA076;media;Adaptar a valoración individual, irritabilidad, fase, dolor, función, comorbilidades, objetivos y tolerancia. Derivar si hay banderas rojas, síntomas neurológicos progresivos, dolor no mecánico o señales de alarma.
FIS2_R0518;FIS2_P049;FIS2_T065;FIS2_TA086;media;Adaptar a valoración individual, irritabilidad, fase, dolor, función, comorbilidades, objetivos y tolerancia. Derivar si hay banderas rojas, síntomas neurológicos progresivos, dolor no mecánico o señales de alarma.
FIS2_R0519;FIS2_P049;FIS2_T065;FIS2_TA090;media;Adaptar a valoración individual, irritabilidad, fase, dolor, función, comorbilidades, objetivos y tolerancia. Derivar si hay banderas rojas, síntomas neurológicos progresivos, dolor no mecánico o señales de alarma.
FIS2_R0520;FIS2_P050;FIS2_T024;FIS2_TA052;media;Adaptar a valoración individual, irritabilidad, fase, dolor, función, comorbilidades, objetivos y tolerancia. Derivar si hay banderas rojas, síntomas neurológicos progresivos, dolor no mecánico o señales de alarma.
FIS2_R0521;FIS2_P050;FIS2_T025;FIS2_TA031;media;Adaptar a valoración individual, irritabilidad, fase, dolor, función, comorbilidades, objetivos y tolerancia. Derivar si hay banderas rojas, síntomas neurológicos progresivos, dolor no mecánico o señales de alarma.
FIS2_R0522;FIS2_P050;FIS2_T025;FIS2_TA051;media;Adaptar a valoración individual, irritabilidad, fase, dolor, función, comorbilidades, objetivos y tolerancia. Derivar si hay banderas rojas, síntomas neurológicos progresivos, dolor no mecánico o señales de alarma.
FIS2_R0523;FIS2_P050;FIS2_T026;FIS2_TA032;media;Adaptar a valoración individual, irritabilidad, fase, dolor, función, comorbilidades, objetivos y tolerancia. Derivar si hay banderas rojas, síntomas neurológicos progresivos, dolor no mecánico o señales de alarma.
FIS2_R0524;FIS2_P050;FIS2_T005;FIS2_TA005;media;Adaptar a valoración individual, irritabilidad, fase, dolor, función, comorbilidades, objetivos y tolerancia. Derivar si hay banderas rojas, síntomas neurológicos progresivos, dolor no mecánico o señales de alarma.
FIS2_R0525;FIS2_P050;FIS2_T064;FIS2_TA010;alta;Adaptar a valoración individual, irritabilidad, fase, dolor, función, comorbilidades, objetivos y tolerancia. Derivar si hay banderas rojas, síntomas neurológicos progresivos, dolor no mecánico o señales de alarma.
FIS2_R0526;FIS2_P050;FIS2_T064;FIS2_TA053;alta;Adaptar a valoración individual, irritabilidad, fase, dolor, función, comorbilidades, objetivos y tolerancia. Derivar si hay banderas rojas, síntomas neurológicos progresivos, dolor no mecánico o señales de alarma.
FIS2_R0527;FIS2_P050;FIS2_T065;FIS2_TA076;media;Adaptar a valoración individual, irritabilidad, fase, dolor, función, comorbilidades, objetivos y tolerancia. Derivar si hay banderas rojas, síntomas neurológicos progresivos, dolor no mecánico o señales de alarma.
FIS2_R0528;FIS2_P050;FIS2_T065;FIS2_TA086;media;Adaptar a valoración individual, irritabilidad, fase, dolor, función, comorbilidades, objetivos y tolerancia. Derivar si hay banderas rojas, síntomas neurológicos progresivos, dolor no mecánico o señales de alarma.
FIS2_R0529;FIS2_P050;FIS2_T065;FIS2_TA090;media;Adaptar a valoración individual, irritabilidad, fase, dolor, función, comorbilidades, objetivos y tolerancia. Derivar si hay banderas rojas, síntomas neurológicos progresivos, dolor no mecánico o señales de alarma.
FIS2_R0530;FIS2_P051;FIS2_T024;FIS2_TA052;media;Adaptar a valoración individual, irritabilidad, fase, dolor, función, comorbilidades, objetivos y tolerancia. Derivar si hay banderas rojas, síntomas neurológicos progresivos, dolor no mecánico o señales de alarma.
FIS2_R0531;FIS2_P051;FIS2_T025;FIS2_TA031;media;Adaptar a valoración individual, irritabilidad, fase, dolor, función, comorbilidades, objetivos y tolerancia. Derivar si hay banderas rojas, síntomas neurológicos progresivos, dolor no mecánico o señales de alarma.
FIS2_R0532;FIS2_P051;FIS2_T025;FIS2_TA051;media;Adaptar a valoración individual, irritabilidad, fase, dolor, función, comorbilidades, objetivos y tolerancia. Derivar si hay banderas rojas, síntomas neurológicos progresivos, dolor no mecánico o señales de alarma.
FIS2_R0533;FIS2_P051;FIS2_T026;FIS2_TA032;media;Adaptar a valoración individual, irritabilidad, fase, dolor, función, comorbilidades, objetivos y tolerancia. Derivar si hay banderas rojas, síntomas neurológicos progresivos, dolor no mecánico o señales de alarma.
FIS2_R0534;FIS2_P051;FIS2_T005;FIS2_TA005;media;Adaptar a valoración individual, irritabilidad, fase, dolor, función, comorbilidades, objetivos y tolerancia. Derivar si hay banderas rojas, síntomas neurológicos progresivos, dolor no mecánico o señales de alarma.
FIS2_R0535;FIS2_P051;FIS2_T064;FIS2_TA010;alta;Adaptar a valoración individual, irritabilidad, fase, dolor, función, comorbilidades, objetivos y tolerancia. Derivar si hay banderas rojas, síntomas neurológicos progresivos, dolor no mecánico o señales de alarma.
FIS2_R0536;FIS2_P051;FIS2_T064;FIS2_TA053;alta;Adaptar a valoración individual, irritabilidad, fase, dolor, función, comorbilidades, objetivos y tolerancia. Derivar si hay banderas rojas, síntomas neurológicos progresivos, dolor no mecánico o señales de alarma.
FIS2_R0537;FIS2_P051;FIS2_T065;FIS2_TA076;media;Adaptar a valoración individual, irritabilidad, fase, dolor, función, comorbilidades, objetivos y tolerancia. Derivar si hay banderas rojas, síntomas neurológicos progresivos, dolor no mecánico o señales de alarma.
FIS2_R0538;FIS2_P051;FIS2_T065;FIS2_TA086;media;Adaptar a valoración individual, irritabilidad, fase, dolor, función, comorbilidades, objetivos y tolerancia. Derivar si hay banderas rojas, síntomas neurológicos progresivos, dolor no mecánico o señales de alarma.
FIS2_R0539;FIS2_P051;FIS2_T065;FIS2_TA090;media;Adaptar a valoración individual, irritabilidad, fase, dolor, función, comorbilidades, objetivos y tolerancia. Derivar si hay banderas rojas, síntomas neurológicos progresivos, dolor no mecánico o señales de alarma.
FIS2_R0540;FIS2_P052;FIS2_T024;FIS2_TA052;media;Adaptar a valoración individual, irritabilidad, fase, dolor, función, comorbilidades, objetivos y tolerancia. Derivar si hay banderas rojas, síntomas neurológicos progresivos, dolor no mecánico o señales de alarma.
FIS2_R0541;FIS2_P052;FIS2_T025;FIS2_TA031;media;Adaptar a valoración individual, irritabilidad, fase, dolor, función, comorbilidades, objetivos y tolerancia. Derivar si hay banderas rojas, síntomas neurológicos progresivos, dolor no mecánico o señales de alarma.
FIS2_R0542;FIS2_P052;FIS2_T025;FIS2_TA051;media;Adaptar a valoración individual, irritabilidad, fase, dolor, función, comorbilidades, objetivos y tolerancia. Derivar si hay banderas rojas, síntomas neurológicos progresivos, dolor no mecánico o señales de alarma.
FIS2_R0543;FIS2_P052;FIS2_T026;FIS2_TA032;media;Adaptar a valoración individual, irritabilidad, fase, dolor, función, comorbilidades, objetivos y tolerancia. Derivar si hay banderas rojas, síntomas neurológicos progresivos, dolor no mecánico o señales de alarma.
FIS2_R0544;FIS2_P052;FIS2_T005;FIS2_TA005;media;Adaptar a valoración individual, irritabilidad, fase, dolor, función, comorbilidades, objetivos y tolerancia. Derivar si hay banderas rojas, síntomas neurológicos progresivos, dolor no mecánico o señales de alarma.
FIS2_R0545;FIS2_P052;FIS2_T064;FIS2_TA010;alta;Adaptar a valoración individual, irritabilidad, fase, dolor, función, comorbilidades, objetivos y tolerancia. Derivar si hay banderas rojas, síntomas neurológicos progresivos, dolor no mecánico o señales de alarma.
FIS2_R0546;FIS2_P052;FIS2_T064;FIS2_TA053;alta;Adaptar a valoración individual, irritabilidad, fase, dolor, función, comorbilidades, objetivos y tolerancia. Derivar si hay banderas rojas, síntomas neurológicos progresivos, dolor no mecánico o señales de alarma.
FIS2_R0547;FIS2_P052;FIS2_T065;FIS2_TA076;media;Adaptar a valoración individual, irritabilidad, fase, dolor, función, comorbilidades, objetivos y tolerancia. Derivar si hay banderas rojas, síntomas neurológicos progresivos, dolor no mecánico o señales de alarma.
FIS2_R0548;FIS2_P052;FIS2_T065;FIS2_TA086;media;Adaptar a valoración individual, irritabilidad, fase, dolor, función, comorbilidades, objetivos y tolerancia. Derivar si hay banderas rojas, síntomas neurológicos progresivos, dolor no mecánico o señales de alarma.
FIS2_R0549;FIS2_P052;FIS2_T065;FIS2_TA090;media;Adaptar a valoración individual, irritabilidad, fase, dolor, función, comorbilidades, objetivos y tolerancia. Derivar si hay banderas rojas, síntomas neurológicos progresivos, dolor no mecánico o señales de alarma.
FIS2_R0550;FIS2_P053;FIS2_T024;FIS2_TA052;media;Adaptar a valoración individual, irritabilidad, fase, dolor, función, comorbilidades, objetivos y tolerancia. Derivar si hay banderas rojas, síntomas neurológicos progresivos, dolor no mecánico o señales de alarma.
FIS2_R0551;FIS2_P053;FIS2_T025;FIS2_TA031;media;Adaptar a valoración individual, irritabilidad, fase, dolor, función, comorbilidades, objetivos y tolerancia. Derivar si hay banderas rojas, síntomas neurológicos progresivos, dolor no mecánico o señales de alarma.
FIS2_R0552;FIS2_P053;FIS2_T025;FIS2_TA051;media;Adaptar a valoración individual, irritabilidad, fase, dolor, función, comorbilidades, objetivos y tolerancia. Derivar si hay banderas rojas, síntomas neurológicos progresivos, dolor no mecánico o señales de alarma.
FIS2_R0553;FIS2_P053;FIS2_T026;FIS2_TA032;media;Adaptar a valoración individual, irritabilidad, fase, dolor, función, comorbilidades, objetivos y tolerancia. Derivar si hay banderas rojas, síntomas neurológicos progresivos, dolor no mecánico o señales de alarma.
FIS2_R0554;FIS2_P053;FIS2_T005;FIS2_TA005;media;Adaptar a valoración individual, irritabilidad, fase, dolor, función, comorbilidades, objetivos y tolerancia. Derivar si hay banderas rojas, síntomas neurológicos progresivos, dolor no mecánico o señales de alarma.
FIS2_R0555;FIS2_P053;FIS2_T064;FIS2_TA010;alta;Adaptar a valoración individual, irritabilidad, fase, dolor, función, comorbilidades, objetivos y tolerancia. Derivar si hay banderas rojas, síntomas neurológicos progresivos, dolor no mecánico o señales de alarma.
FIS2_R0556;FIS2_P053;FIS2_T064;FIS2_TA053;alta;Adaptar a valoración individual, irritabilidad, fase, dolor, función, comorbilidades, objetivos y tolerancia. Derivar si hay banderas rojas, síntomas neurológicos progresivos, dolor no mecánico o señales de alarma.
FIS2_R0557;FIS2_P053;FIS2_T065;FIS2_TA076;media;Adaptar a valoración individual, irritabilidad, fase, dolor, función, comorbilidades, objetivos y tolerancia. Derivar si hay banderas rojas, síntomas neurológicos progresivos, dolor no mecánico o señales de alarma.
FIS2_R0558;FIS2_P053;FIS2_T065;FIS2_TA086;media;Adaptar a valoración individual, irritabilidad, fase, dolor, función, comorbilidades, objetivos y tolerancia. Derivar si hay banderas rojas, síntomas neurológicos progresivos, dolor no mecánico o señales de alarma.
FIS2_R0559;FIS2_P053;FIS2_T065;FIS2_TA090;media;Adaptar a valoración individual, irritabilidad, fase, dolor, función, comorbilidades, objetivos y tolerancia. Derivar si hay banderas rojas, síntomas neurológicos progresivos, dolor no mecánico o señales de alarma.
FIS2_R0560;FIS2_P054;FIS2_T038;FIS2_TA054;media;Adaptar a valoración individual, irritabilidad, fase, dolor, función, comorbilidades, objetivos y tolerancia. Derivar si hay banderas rojas, síntomas neurológicos progresivos, dolor no mecánico o señales de alarma.
FIS2_R0561;FIS2_P054;FIS2_T039;FIS2_TA055;media;Adaptar a valoración individual, irritabilidad, fase, dolor, función, comorbilidades, objetivos y tolerancia. Derivar si hay banderas rojas, síntomas neurológicos progresivos, dolor no mecánico o señales de alarma.
FIS2_R0562;FIS2_P054;FIS2_T039;FIS2_TA056;media;Adaptar a valoración individual, irritabilidad, fase, dolor, función, comorbilidades, objetivos y tolerancia. Derivar si hay banderas rojas, síntomas neurológicos progresivos, dolor no mecánico o señales de alarma.
FIS2_R0563;FIS2_P054;FIS2_T040;FIS2_TA057;media;Adaptar a valoración individual, irritabilidad, fase, dolor, función, comorbilidades, objetivos y tolerancia. Derivar si hay banderas rojas, síntomas neurológicos progresivos, dolor no mecánico o señales de alarma.
FIS2_R0564;FIS2_P054;FIS2_T041;FIS2_TA058;media;Adaptar a valoración individual, irritabilidad, fase, dolor, función, comorbilidades, objetivos y tolerancia. Derivar si hay banderas rojas, síntomas neurológicos progresivos, dolor no mecánico o señales de alarma.
FIS2_R0565;FIS2_P054;FIS2_T024;FIS2_TA052;media;Adaptar a valoración individual, irritabilidad, fase, dolor, función, comorbilidades, objetivos y tolerancia. Derivar si hay banderas rojas, síntomas neurológicos progresivos, dolor no mecánico o señales de alarma.
FIS2_R0566;FIS2_P054;FIS2_T057;FIS2_TA079;media;Adaptar a valoración individual, irritabilidad, fase, dolor, función, comorbilidades, objetivos y tolerancia. Derivar si hay banderas rojas, síntomas neurológicos progresivos, dolor no mecánico o señales de alarma.
FIS2_R0567;FIS2_P054;FIS2_T065;FIS2_TA076;media;Adaptar a valoración individual, irritabilidad, fase, dolor, función, comorbilidades, objetivos y tolerancia. Derivar si hay banderas rojas, síntomas neurológicos progresivos, dolor no mecánico o señales de alarma.
FIS2_R0568;FIS2_P054;FIS2_T065;FIS2_TA086;media;Adaptar a valoración individual, irritabilidad, fase, dolor, función, comorbilidades, objetivos y tolerancia. Derivar si hay banderas rojas, síntomas neurológicos progresivos, dolor no mecánico o señales de alarma.
FIS2_R0569;FIS2_P054;FIS2_T065;FIS2_TA090;media;Adaptar a valoración individual, irritabilidad, fase, dolor, función, comorbilidades, objetivos y tolerancia. Derivar si hay banderas rojas, síntomas neurológicos progresivos, dolor no mecánico o señales de alarma.
FIS2_R0570;FIS2_P055;FIS2_T038;FIS2_TA054;media;Adaptar a valoración individual, irritabilidad, fase, dolor, función, comorbilidades, objetivos y tolerancia. Derivar si hay banderas rojas, síntomas neurológicos progresivos, dolor no mecánico o señales de alarma.
FIS2_R0571;FIS2_P055;FIS2_T039;FIS2_TA055;media;Adaptar a valoración individual, irritabilidad, fase, dolor, función, comorbilidades, objetivos y tolerancia. Derivar si hay banderas rojas, síntomas neurológicos progresivos, dolor no mecánico o señales de alarma.
FIS2_R0572;FIS2_P055;FIS2_T039;FIS2_TA056;media;Adaptar a valoración individual, irritabilidad, fase, dolor, función, comorbilidades, objetivos y tolerancia. Derivar si hay banderas rojas, síntomas neurológicos progresivos, dolor no mecánico o señales de alarma.
FIS2_R0573;FIS2_P055;FIS2_T040;FIS2_TA057;media;Adaptar a valoración individual, irritabilidad, fase, dolor, función, comorbilidades, objetivos y tolerancia. Derivar si hay banderas rojas, síntomas neurológicos progresivos, dolor no mecánico o señales de alarma.
FIS2_R0574;FIS2_P055;FIS2_T041;FIS2_TA058;media;Adaptar a valoración individual, irritabilidad, fase, dolor, función, comorbilidades, objetivos y tolerancia. Derivar si hay banderas rojas, síntomas neurológicos progresivos, dolor no mecánico o señales de alarma.
FIS2_R0575;FIS2_P055;FIS2_T024;FIS2_TA052;media;Adaptar a valoración individual, irritabilidad, fase, dolor, función, comorbilidades, objetivos y tolerancia. Derivar si hay banderas rojas, síntomas neurológicos progresivos, dolor no mecánico o señales de alarma.
FIS2_R0576;FIS2_P055;FIS2_T057;FIS2_TA079;media;Adaptar a valoración individual, irritabilidad, fase, dolor, función, comorbilidades, objetivos y tolerancia. Derivar si hay banderas rojas, síntomas neurológicos progresivos, dolor no mecánico o señales de alarma.
FIS2_R0577;FIS2_P055;FIS2_T065;FIS2_TA076;media;Adaptar a valoración individual, irritabilidad, fase, dolor, función, comorbilidades, objetivos y tolerancia. Derivar si hay banderas rojas, síntomas neurológicos progresivos, dolor no mecánico o señales de alarma.
FIS2_R0578;FIS2_P055;FIS2_T065;FIS2_TA086;media;Adaptar a valoración individual, irritabilidad, fase, dolor, función, comorbilidades, objetivos y tolerancia. Derivar si hay banderas rojas, síntomas neurológicos progresivos, dolor no mecánico o señales de alarma.
FIS2_R0579;FIS2_P055;FIS2_T065;FIS2_TA090;media;Adaptar a valoración individual, irritabilidad, fase, dolor, función, comorbilidades, objetivos y tolerancia. Derivar si hay banderas rojas, síntomas neurológicos progresivos, dolor no mecánico o señales de alarma.
FIS2_R0580;FIS2_P056;FIS2_T038;FIS2_TA054;media;Adaptar a valoración individual, irritabilidad, fase, dolor, función, comorbilidades, objetivos y tolerancia. Derivar si hay banderas rojas, síntomas neurológicos progresivos, dolor no mecánico o señales de alarma.
FIS2_R0581;FIS2_P056;FIS2_T039;FIS2_TA055;media;Adaptar a valoración individual, irritabilidad, fase, dolor, función, comorbilidades, objetivos y tolerancia. Derivar si hay banderas rojas, síntomas neurológicos progresivos, dolor no mecánico o señales de alarma.
FIS2_R0582;FIS2_P056;FIS2_T039;FIS2_TA056;media;Adaptar a valoración individual, irritabilidad, fase, dolor, función, comorbilidades, objetivos y tolerancia. Derivar si hay banderas rojas, síntomas neurológicos progresivos, dolor no mecánico o señales de alarma.
FIS2_R0583;FIS2_P056;FIS2_T040;FIS2_TA057;media;Adaptar a valoración individual, irritabilidad, fase, dolor, función, comorbilidades, objetivos y tolerancia. Derivar si hay banderas rojas, síntomas neurológicos progresivos, dolor no mecánico o señales de alarma.
FIS2_R0584;FIS2_P056;FIS2_T041;FIS2_TA058;media;Adaptar a valoración individual, irritabilidad, fase, dolor, función, comorbilidades, objetivos y tolerancia. Derivar si hay banderas rojas, síntomas neurológicos progresivos, dolor no mecánico o señales de alarma.
FIS2_R0585;FIS2_P056;FIS2_T024;FIS2_TA052;media;Adaptar a valoración individual, irritabilidad, fase, dolor, función, comorbilidades, objetivos y tolerancia. Derivar si hay banderas rojas, síntomas neurológicos progresivos, dolor no mecánico o señales de alarma.
FIS2_R0586;FIS2_P056;FIS2_T057;FIS2_TA079;media;Adaptar a valoración individual, irritabilidad, fase, dolor, función, comorbilidades, objetivos y tolerancia. Derivar si hay banderas rojas, síntomas neurológicos progresivos, dolor no mecánico o señales de alarma.
FIS2_R0587;FIS2_P056;FIS2_T065;FIS2_TA076;media;Adaptar a valoración individual, irritabilidad, fase, dolor, función, comorbilidades, objetivos y tolerancia. Derivar si hay banderas rojas, síntomas neurológicos progresivos, dolor no mecánico o señales de alarma.
FIS2_R0588;FIS2_P056;FIS2_T065;FIS2_TA086;media;Adaptar a valoración individual, irritabilidad, fase, dolor, función, comorbilidades, objetivos y tolerancia. Derivar si hay banderas rojas, síntomas neurológicos progresivos, dolor no mecánico o señales de alarma.
FIS2_R0589;FIS2_P056;FIS2_T065;FIS2_TA090;media;Adaptar a valoración individual, irritabilidad, fase, dolor, función, comorbilidades, objetivos y tolerancia. Derivar si hay banderas rojas, síntomas neurológicos progresivos, dolor no mecánico o señales de alarma.
FIS2_R0590;FIS2_P057;FIS2_T038;FIS2_TA054;media;Adaptar a valoración individual, irritabilidad, fase, dolor, función, comorbilidades, objetivos y tolerancia. Derivar si hay banderas rojas, síntomas neurológicos progresivos, dolor no mecánico o señales de alarma.
FIS2_R0591;FIS2_P057;FIS2_T039;FIS2_TA055;media;Adaptar a valoración individual, irritabilidad, fase, dolor, función, comorbilidades, objetivos y tolerancia. Derivar si hay banderas rojas, síntomas neurológicos progresivos, dolor no mecánico o señales de alarma.
FIS2_R0592;FIS2_P057;FIS2_T039;FIS2_TA056;media;Adaptar a valoración individual, irritabilidad, fase, dolor, función, comorbilidades, objetivos y tolerancia. Derivar si hay banderas rojas, síntomas neurológicos progresivos, dolor no mecánico o señales de alarma.
FIS2_R0593;FIS2_P057;FIS2_T040;FIS2_TA057;media;Adaptar a valoración individual, irritabilidad, fase, dolor, función, comorbilidades, objetivos y tolerancia. Derivar si hay banderas rojas, síntomas neurológicos progresivos, dolor no mecánico o señales de alarma.
FIS2_R0594;FIS2_P057;FIS2_T041;FIS2_TA058;media;Adaptar a valoración individual, irritabilidad, fase, dolor, función, comorbilidades, objetivos y tolerancia. Derivar si hay banderas rojas, síntomas neurológicos progresivos, dolor no mecánico o señales de alarma.
FIS2_R0595;FIS2_P057;FIS2_T024;FIS2_TA052;media;Adaptar a valoración individual, irritabilidad, fase, dolor, función, comorbilidades, objetivos y tolerancia. Derivar si hay banderas rojas, síntomas neurológicos progresivos, dolor no mecánico o señales de alarma.
FIS2_R0596;FIS2_P057;FIS2_T057;FIS2_TA079;media;Adaptar a valoración individual, irritabilidad, fase, dolor, función, comorbilidades, objetivos y tolerancia. Derivar si hay banderas rojas, síntomas neurológicos progresivos, dolor no mecánico o señales de alarma.
FIS2_R0597;FIS2_P057;FIS2_T065;FIS2_TA076;media;Adaptar a valoración individual, irritabilidad, fase, dolor, función, comorbilidades, objetivos y tolerancia. Derivar si hay banderas rojas, síntomas neurológicos progresivos, dolor no mecánico o señales de alarma.
FIS2_R0598;FIS2_P057;FIS2_T065;FIS2_TA086;media;Adaptar a valoración individual, irritabilidad, fase, dolor, función, comorbilidades, objetivos y tolerancia. Derivar si hay banderas rojas, síntomas neurológicos progresivos, dolor no mecánico o señales de alarma.
FIS2_R0599;FIS2_P057;FIS2_T065;FIS2_TA090;media;Adaptar a valoración individual, irritabilidad, fase, dolor, función, comorbilidades, objetivos y tolerancia. Derivar si hay banderas rojas, síntomas neurológicos progresivos, dolor no mecánico o señales de alarma.
FIS2_R0600;FIS2_P058;FIS2_T038;FIS2_TA054;media;Adaptar a valoración individual, irritabilidad, fase, dolor, función, comorbilidades, objetivos y tolerancia. Derivar si hay banderas rojas, síntomas neurológicos progresivos, dolor no mecánico o señales de alarma.
FIS2_R0601;FIS2_P058;FIS2_T039;FIS2_TA055;media;Adaptar a valoración individual, irritabilidad, fase, dolor, función, comorbilidades, objetivos y tolerancia. Derivar si hay banderas rojas, síntomas neurológicos progresivos, dolor no mecánico o señales de alarma.
FIS2_R0602;FIS2_P058;FIS2_T039;FIS2_TA056;media;Adaptar a valoración individual, irritabilidad, fase, dolor, función, comorbilidades, objetivos y tolerancia. Derivar si hay banderas rojas, síntomas neurológicos progresivos, dolor no mecánico o señales de alarma.
FIS2_R0603;FIS2_P058;FIS2_T040;FIS2_TA057;media;Adaptar a valoración individual, irritabilidad, fase, dolor, función, comorbilidades, objetivos y tolerancia. Derivar si hay banderas rojas, síntomas neurológicos progresivos, dolor no mecánico o señales de alarma.
FIS2_R0604;FIS2_P058;FIS2_T041;FIS2_TA058;media;Adaptar a valoración individual, irritabilidad, fase, dolor, función, comorbilidades, objetivos y tolerancia. Derivar si hay banderas rojas, síntomas neurológicos progresivos, dolor no mecánico o señales de alarma.
FIS2_R0605;FIS2_P058;FIS2_T024;FIS2_TA052;media;Adaptar a valoración individual, irritabilidad, fase, dolor, función, comorbilidades, objetivos y tolerancia. Derivar si hay banderas rojas, síntomas neurológicos progresivos, dolor no mecánico o señales de alarma.
FIS2_R0606;FIS2_P058;FIS2_T057;FIS2_TA079;media;Adaptar a valoración individual, irritabilidad, fase, dolor, función, comorbilidades, objetivos y tolerancia. Derivar si hay banderas rojas, síntomas neurológicos progresivos, dolor no mecánico o señales de alarma.
FIS2_R0607;FIS2_P058;FIS2_T065;FIS2_TA076;media;Adaptar a valoración individual, irritabilidad, fase, dolor, función, comorbilidades, objetivos y tolerancia. Derivar si hay banderas rojas, síntomas neurológicos progresivos, dolor no mecánico o señales de alarma.
FIS2_R0608;FIS2_P058;FIS2_T065;FIS2_TA086;media;Adaptar a valoración individual, irritabilidad, fase, dolor, función, comorbilidades, objetivos y tolerancia. Derivar si hay banderas rojas, síntomas neurológicos progresivos, dolor no mecánico o señales de alarma.
FIS2_R0609;FIS2_P058;FIS2_T065;FIS2_TA090;media;Adaptar a valoración individual, irritabilidad, fase, dolor, función, comorbilidades, objetivos y tolerancia. Derivar si hay banderas rojas, síntomas neurológicos progresivos, dolor no mecánico o señales de alarma.
FIS2_R0610;FIS2_P059;FIS2_T042;FIS2_TA059;alta;Adaptar a valoración individual, irritabilidad, fase, dolor, función, comorbilidades, objetivos y tolerancia. Derivar si hay banderas rojas, síntomas neurológicos progresivos, dolor no mecánico o señales de alarma.
FIS2_R0611;FIS2_P059;FIS2_T043;FIS2_TA061;media;Adaptar a valoración individual, irritabilidad, fase, dolor, función, comorbilidades, objetivos y tolerancia. Derivar si hay banderas rojas, síntomas neurológicos progresivos, dolor no mecánico o señales de alarma.
FIS2_R0612;FIS2_P059;FIS2_T044;FIS2_TA060;media;Adaptar a valoración individual, irritabilidad, fase, dolor, función, comorbilidades, objetivos y tolerancia. Derivar si hay banderas rojas, síntomas neurológicos progresivos, dolor no mecánico o señales de alarma.
FIS2_R0613;FIS2_P059;FIS2_T060;FIS2_TA082;alta;Adaptar a valoración individual, irritabilidad, fase, dolor, función, comorbilidades, objetivos y tolerancia. Derivar si hay banderas rojas, síntomas neurológicos progresivos, dolor no mecánico o señales de alarma.
FIS2_R0614;FIS2_P059;FIS2_T060;FIS2_TA083;alta;Adaptar a valoración individual, irritabilidad, fase, dolor, función, comorbilidades, objetivos y tolerancia. Derivar si hay banderas rojas, síntomas neurológicos progresivos, dolor no mecánico o señales de alarma.
FIS2_R0615;FIS2_P059;FIS2_T061;FIS2_TA008;media;Adaptar a valoración individual, irritabilidad, fase, dolor, función, comorbilidades, objetivos y tolerancia. Derivar si hay banderas rojas, síntomas neurológicos progresivos, dolor no mecánico o señales de alarma.
FIS2_R0616;FIS2_P059;FIS2_T064;FIS2_TA010;alta;Adaptar a valoración individual, irritabilidad, fase, dolor, función, comorbilidades, objetivos y tolerancia. Derivar si hay banderas rojas, síntomas neurológicos progresivos, dolor no mecánico o señales de alarma.
FIS2_R0617;FIS2_P059;FIS2_T064;FIS2_TA053;alta;Adaptar a valoración individual, irritabilidad, fase, dolor, función, comorbilidades, objetivos y tolerancia. Derivar si hay banderas rojas, síntomas neurológicos progresivos, dolor no mecánico o señales de alarma.
FIS2_R0618;FIS2_P060;FIS2_T042;FIS2_TA059;alta;Adaptar a valoración individual, irritabilidad, fase, dolor, función, comorbilidades, objetivos y tolerancia. Derivar si hay banderas rojas, síntomas neurológicos progresivos, dolor no mecánico o señales de alarma.
FIS2_R0619;FIS2_P060;FIS2_T043;FIS2_TA061;media;Adaptar a valoración individual, irritabilidad, fase, dolor, función, comorbilidades, objetivos y tolerancia. Derivar si hay banderas rojas, síntomas neurológicos progresivos, dolor no mecánico o señales de alarma.
FIS2_R0620;FIS2_P060;FIS2_T044;FIS2_TA060;media;Adaptar a valoración individual, irritabilidad, fase, dolor, función, comorbilidades, objetivos y tolerancia. Derivar si hay banderas rojas, síntomas neurológicos progresivos, dolor no mecánico o señales de alarma.
FIS2_R0621;FIS2_P060;FIS2_T060;FIS2_TA082;alta;Adaptar a valoración individual, irritabilidad, fase, dolor, función, comorbilidades, objetivos y tolerancia. Derivar si hay banderas rojas, síntomas neurológicos progresivos, dolor no mecánico o señales de alarma.
FIS2_R0622;FIS2_P060;FIS2_T060;FIS2_TA083;alta;Adaptar a valoración individual, irritabilidad, fase, dolor, función, comorbilidades, objetivos y tolerancia. Derivar si hay banderas rojas, síntomas neurológicos progresivos, dolor no mecánico o señales de alarma.
FIS2_R0623;FIS2_P060;FIS2_T061;FIS2_TA008;media;Adaptar a valoración individual, irritabilidad, fase, dolor, función, comorbilidades, objetivos y tolerancia. Derivar si hay banderas rojas, síntomas neurológicos progresivos, dolor no mecánico o señales de alarma.
FIS2_R0624;FIS2_P060;FIS2_T064;FIS2_TA010;alta;Adaptar a valoración individual, irritabilidad, fase, dolor, función, comorbilidades, objetivos y tolerancia. Derivar si hay banderas rojas, síntomas neurológicos progresivos, dolor no mecánico o señales de alarma.
FIS2_R0625;FIS2_P060;FIS2_T064;FIS2_TA053;alta;Adaptar a valoración individual, irritabilidad, fase, dolor, función, comorbilidades, objetivos y tolerancia. Derivar si hay banderas rojas, síntomas neurológicos progresivos, dolor no mecánico o señales de alarma.
FIS2_R0626;FIS2_P061;FIS2_T042;FIS2_TA059;alta;Adaptar a valoración individual, irritabilidad, fase, dolor, función, comorbilidades, objetivos y tolerancia. Derivar si hay banderas rojas, síntomas neurológicos progresivos, dolor no mecánico o señales de alarma.
FIS2_R0627;FIS2_P061;FIS2_T043;FIS2_TA061;media;Adaptar a valoración individual, irritabilidad, fase, dolor, función, comorbilidades, objetivos y tolerancia. Derivar si hay banderas rojas, síntomas neurológicos progresivos, dolor no mecánico o señales de alarma.
FIS2_R0628;FIS2_P061;FIS2_T044;FIS2_TA060;media;Adaptar a valoración individual, irritabilidad, fase, dolor, función, comorbilidades, objetivos y tolerancia. Derivar si hay banderas rojas, síntomas neurológicos progresivos, dolor no mecánico o señales de alarma.
FIS2_R0629;FIS2_P061;FIS2_T060;FIS2_TA082;alta;Adaptar a valoración individual, irritabilidad, fase, dolor, función, comorbilidades, objetivos y tolerancia. Derivar si hay banderas rojas, síntomas neurológicos progresivos, dolor no mecánico o señales de alarma.
FIS2_R0630;FIS2_P061;FIS2_T060;FIS2_TA083;alta;Adaptar a valoración individual, irritabilidad, fase, dolor, función, comorbilidades, objetivos y tolerancia. Derivar si hay banderas rojas, síntomas neurológicos progresivos, dolor no mecánico o señales de alarma.
FIS2_R0631;FIS2_P061;FIS2_T061;FIS2_TA008;media;Adaptar a valoración individual, irritabilidad, fase, dolor, función, comorbilidades, objetivos y tolerancia. Derivar si hay banderas rojas, síntomas neurológicos progresivos, dolor no mecánico o señales de alarma.
FIS2_R0632;FIS2_P061;FIS2_T064;FIS2_TA010;alta;Adaptar a valoración individual, irritabilidad, fase, dolor, función, comorbilidades, objetivos y tolerancia. Derivar si hay banderas rojas, síntomas neurológicos progresivos, dolor no mecánico o señales de alarma.
FIS2_R0633;FIS2_P061;FIS2_T064;FIS2_TA053;alta;Adaptar a valoración individual, irritabilidad, fase, dolor, función, comorbilidades, objetivos y tolerancia. Derivar si hay banderas rojas, síntomas neurológicos progresivos, dolor no mecánico o señales de alarma.
FIS2_R0634;FIS2_P062;FIS2_T042;FIS2_TA059;alta;Adaptar a valoración individual, irritabilidad, fase, dolor, función, comorbilidades, objetivos y tolerancia. Derivar si hay banderas rojas, síntomas neurológicos progresivos, dolor no mecánico o señales de alarma.
FIS2_R0635;FIS2_P062;FIS2_T043;FIS2_TA061;media;Adaptar a valoración individual, irritabilidad, fase, dolor, función, comorbilidades, objetivos y tolerancia. Derivar si hay banderas rojas, síntomas neurológicos progresivos, dolor no mecánico o señales de alarma.
FIS2_R0636;FIS2_P062;FIS2_T044;FIS2_TA060;media;Adaptar a valoración individual, irritabilidad, fase, dolor, función, comorbilidades, objetivos y tolerancia. Derivar si hay banderas rojas, síntomas neurológicos progresivos, dolor no mecánico o señales de alarma.
FIS2_R0637;FIS2_P062;FIS2_T060;FIS2_TA082;alta;Adaptar a valoración individual, irritabilidad, fase, dolor, función, comorbilidades, objetivos y tolerancia. Derivar si hay banderas rojas, síntomas neurológicos progresivos, dolor no mecánico o señales de alarma.
FIS2_R0638;FIS2_P062;FIS2_T060;FIS2_TA083;alta;Adaptar a valoración individual, irritabilidad, fase, dolor, función, comorbilidades, objetivos y tolerancia. Derivar si hay banderas rojas, síntomas neurológicos progresivos, dolor no mecánico o señales de alarma.
FIS2_R0639;FIS2_P062;FIS2_T061;FIS2_TA008;media;Adaptar a valoración individual, irritabilidad, fase, dolor, función, comorbilidades, objetivos y tolerancia. Derivar si hay banderas rojas, síntomas neurológicos progresivos, dolor no mecánico o señales de alarma.
FIS2_R0640;FIS2_P062;FIS2_T064;FIS2_TA010;alta;Adaptar a valoración individual, irritabilidad, fase, dolor, función, comorbilidades, objetivos y tolerancia. Derivar si hay banderas rojas, síntomas neurológicos progresivos, dolor no mecánico o señales de alarma.
FIS2_R0641;FIS2_P062;FIS2_T064;FIS2_TA053;alta;Adaptar a valoración individual, irritabilidad, fase, dolor, función, comorbilidades, objetivos y tolerancia. Derivar si hay banderas rojas, síntomas neurológicos progresivos, dolor no mecánico o señales de alarma.
FIS2_R0642;FIS2_P063;FIS2_T042;FIS2_TA059;alta;Adaptar a valoración individual, irritabilidad, fase, dolor, función, comorbilidades, objetivos y tolerancia. Derivar si hay banderas rojas, síntomas neurológicos progresivos, dolor no mecánico o señales de alarma.
FIS2_R0643;FIS2_P063;FIS2_T043;FIS2_TA061;media;Adaptar a valoración individual, irritabilidad, fase, dolor, función, comorbilidades, objetivos y tolerancia. Derivar si hay banderas rojas, síntomas neurológicos progresivos, dolor no mecánico o señales de alarma.
FIS2_R0644;FIS2_P063;FIS2_T044;FIS2_TA060;media;Adaptar a valoración individual, irritabilidad, fase, dolor, función, comorbilidades, objetivos y tolerancia. Derivar si hay banderas rojas, síntomas neurológicos progresivos, dolor no mecánico o señales de alarma.
FIS2_R0645;FIS2_P063;FIS2_T060;FIS2_TA082;alta;Adaptar a valoración individual, irritabilidad, fase, dolor, función, comorbilidades, objetivos y tolerancia. Derivar si hay banderas rojas, síntomas neurológicos progresivos, dolor no mecánico o señales de alarma.
FIS2_R0646;FIS2_P063;FIS2_T060;FIS2_TA083;alta;Adaptar a valoración individual, irritabilidad, fase, dolor, función, comorbilidades, objetivos y tolerancia. Derivar si hay banderas rojas, síntomas neurológicos progresivos, dolor no mecánico o señales de alarma.
FIS2_R0647;FIS2_P063;FIS2_T061;FIS2_TA008;media;Adaptar a valoración individual, irritabilidad, fase, dolor, función, comorbilidades, objetivos y tolerancia. Derivar si hay banderas rojas, síntomas neurológicos progresivos, dolor no mecánico o señales de alarma.
FIS2_R0648;FIS2_P063;FIS2_T064;FIS2_TA010;alta;Adaptar a valoración individual, irritabilidad, fase, dolor, función, comorbilidades, objetivos y tolerancia. Derivar si hay banderas rojas, síntomas neurológicos progresivos, dolor no mecánico o señales de alarma.
FIS2_R0649;FIS2_P063;FIS2_T064;FIS2_TA053;alta;Adaptar a valoración individual, irritabilidad, fase, dolor, función, comorbilidades, objetivos y tolerancia. Derivar si hay banderas rojas, síntomas neurológicos progresivos, dolor no mecánico o señales de alarma.
FIS2_R0650;FIS2_P064;FIS2_T045;FIS2_TA063;alta;Adaptar a valoración individual, irritabilidad, fase, dolor, función, comorbilidades, objetivos y tolerancia. Derivar si hay banderas rojas, síntomas neurológicos progresivos, dolor no mecánico o señales de alarma.
FIS2_R0651;FIS2_P064;FIS2_T046;FIS2_TA064;alta;Adaptar a valoración individual, irritabilidad, fase, dolor, función, comorbilidades, objetivos y tolerancia. Derivar si hay banderas rojas, síntomas neurológicos progresivos, dolor no mecánico o señales de alarma.
FIS2_R0652;FIS2_P064;FIS2_T047;FIS2_TA065;alta;Adaptar a valoración individual, irritabilidad, fase, dolor, función, comorbilidades, objetivos y tolerancia. Derivar si hay banderas rojas, síntomas neurológicos progresivos, dolor no mecánico o señales de alarma.
FIS2_R0653;FIS2_P064;FIS2_T048;FIS2_TA066;media;Adaptar a valoración individual, irritabilidad, fase, dolor, función, comorbilidades, objetivos y tolerancia. Derivar si hay banderas rojas, síntomas neurológicos progresivos, dolor no mecánico o señales de alarma.
FIS2_R0654;FIS2_P064;FIS2_T050;FIS2_TA068;media;Adaptar a valoración individual, irritabilidad, fase, dolor, función, comorbilidades, objetivos y tolerancia. Derivar si hay banderas rojas, síntomas neurológicos progresivos, dolor no mecánico o señales de alarma.
FIS2_R0655;FIS2_P064;FIS2_T068;FIS2_TA073;media;Adaptar a valoración individual, irritabilidad, fase, dolor, función, comorbilidades, objetivos y tolerancia. Derivar si hay banderas rojas, síntomas neurológicos progresivos, dolor no mecánico o señales de alarma.
FIS2_R0656;FIS2_P064;FIS2_T060;FIS2_TA082;alta;Adaptar a valoración individual, irritabilidad, fase, dolor, función, comorbilidades, objetivos y tolerancia. Derivar si hay banderas rojas, síntomas neurológicos progresivos, dolor no mecánico o señales de alarma.
FIS2_R0657;FIS2_P064;FIS2_T060;FIS2_TA083;alta;Adaptar a valoración individual, irritabilidad, fase, dolor, función, comorbilidades, objetivos y tolerancia. Derivar si hay banderas rojas, síntomas neurológicos progresivos, dolor no mecánico o señales de alarma.
FIS2_R0658;FIS2_P065;FIS2_T045;FIS2_TA063;alta;Adaptar a valoración individual, irritabilidad, fase, dolor, función, comorbilidades, objetivos y tolerancia. Derivar si hay banderas rojas, síntomas neurológicos progresivos, dolor no mecánico o señales de alarma.
FIS2_R0659;FIS2_P065;FIS2_T046;FIS2_TA064;alta;Adaptar a valoración individual, irritabilidad, fase, dolor, función, comorbilidades, objetivos y tolerancia. Derivar si hay banderas rojas, síntomas neurológicos progresivos, dolor no mecánico o señales de alarma.
FIS2_R0660;FIS2_P065;FIS2_T047;FIS2_TA065;alta;Adaptar a valoración individual, irritabilidad, fase, dolor, función, comorbilidades, objetivos y tolerancia. Derivar si hay banderas rojas, síntomas neurológicos progresivos, dolor no mecánico o señales de alarma.
FIS2_R0661;FIS2_P065;FIS2_T048;FIS2_TA066;media;Adaptar a valoración individual, irritabilidad, fase, dolor, función, comorbilidades, objetivos y tolerancia. Derivar si hay banderas rojas, síntomas neurológicos progresivos, dolor no mecánico o señales de alarma.
FIS2_R0662;FIS2_P065;FIS2_T050;FIS2_TA068;media;Adaptar a valoración individual, irritabilidad, fase, dolor, función, comorbilidades, objetivos y tolerancia. Derivar si hay banderas rojas, síntomas neurológicos progresivos, dolor no mecánico o señales de alarma.
FIS2_R0663;FIS2_P065;FIS2_T068;FIS2_TA073;media;Adaptar a valoración individual, irritabilidad, fase, dolor, función, comorbilidades, objetivos y tolerancia. Derivar si hay banderas rojas, síntomas neurológicos progresivos, dolor no mecánico o señales de alarma.
FIS2_R0664;FIS2_P065;FIS2_T060;FIS2_TA082;alta;Adaptar a valoración individual, irritabilidad, fase, dolor, función, comorbilidades, objetivos y tolerancia. Derivar si hay banderas rojas, síntomas neurológicos progresivos, dolor no mecánico o señales de alarma.
FIS2_R0665;FIS2_P065;FIS2_T060;FIS2_TA083;alta;Adaptar a valoración individual, irritabilidad, fase, dolor, función, comorbilidades, objetivos y tolerancia. Derivar si hay banderas rojas, síntomas neurológicos progresivos, dolor no mecánico o señales de alarma.
FIS2_R0666;FIS2_P066;FIS2_T045;FIS2_TA063;alta;Adaptar a valoración individual, irritabilidad, fase, dolor, función, comorbilidades, objetivos y tolerancia. Derivar si hay banderas rojas, síntomas neurológicos progresivos, dolor no mecánico o señales de alarma.
FIS2_R0667;FIS2_P066;FIS2_T046;FIS2_TA064;alta;Adaptar a valoración individual, irritabilidad, fase, dolor, función, comorbilidades, objetivos y tolerancia. Derivar si hay banderas rojas, síntomas neurológicos progresivos, dolor no mecánico o señales de alarma.
FIS2_R0668;FIS2_P066;FIS2_T047;FIS2_TA065;alta;Adaptar a valoración individual, irritabilidad, fase, dolor, función, comorbilidades, objetivos y tolerancia. Derivar si hay banderas rojas, síntomas neurológicos progresivos, dolor no mecánico o señales de alarma.
FIS2_R0669;FIS2_P066;FIS2_T048;FIS2_TA066;media;Adaptar a valoración individual, irritabilidad, fase, dolor, función, comorbilidades, objetivos y tolerancia. Derivar si hay banderas rojas, síntomas neurológicos progresivos, dolor no mecánico o señales de alarma.
FIS2_R0670;FIS2_P066;FIS2_T050;FIS2_TA068;media;Adaptar a valoración individual, irritabilidad, fase, dolor, función, comorbilidades, objetivos y tolerancia. Derivar si hay banderas rojas, síntomas neurológicos progresivos, dolor no mecánico o señales de alarma.
FIS2_R0671;FIS2_P066;FIS2_T068;FIS2_TA073;media;Adaptar a valoración individual, irritabilidad, fase, dolor, función, comorbilidades, objetivos y tolerancia. Derivar si hay banderas rojas, síntomas neurológicos progresivos, dolor no mecánico o señales de alarma.
FIS2_R0672;FIS2_P066;FIS2_T060;FIS2_TA082;alta;Adaptar a valoración individual, irritabilidad, fase, dolor, función, comorbilidades, objetivos y tolerancia. Derivar si hay banderas rojas, síntomas neurológicos progresivos, dolor no mecánico o señales de alarma.
FIS2_R0673;FIS2_P066;FIS2_T060;FIS2_TA083;alta;Adaptar a valoración individual, irritabilidad, fase, dolor, función, comorbilidades, objetivos y tolerancia. Derivar si hay banderas rojas, síntomas neurológicos progresivos, dolor no mecánico o señales de alarma.
FIS2_R0674;FIS2_P067;FIS2_T045;FIS2_TA063;alta;Adaptar a valoración individual, irritabilidad, fase, dolor, función, comorbilidades, objetivos y tolerancia. Derivar si hay banderas rojas, síntomas neurológicos progresivos, dolor no mecánico o señales de alarma.
FIS2_R0675;FIS2_P067;FIS2_T046;FIS2_TA064;alta;Adaptar a valoración individual, irritabilidad, fase, dolor, función, comorbilidades, objetivos y tolerancia. Derivar si hay banderas rojas, síntomas neurológicos progresivos, dolor no mecánico o señales de alarma.
FIS2_R0676;FIS2_P067;FIS2_T047;FIS2_TA065;alta;Adaptar a valoración individual, irritabilidad, fase, dolor, función, comorbilidades, objetivos y tolerancia. Derivar si hay banderas rojas, síntomas neurológicos progresivos, dolor no mecánico o señales de alarma.
FIS2_R0677;FIS2_P067;FIS2_T048;FIS2_TA066;media;Adaptar a valoración individual, irritabilidad, fase, dolor, función, comorbilidades, objetivos y tolerancia. Derivar si hay banderas rojas, síntomas neurológicos progresivos, dolor no mecánico o señales de alarma.
FIS2_R0678;FIS2_P067;FIS2_T050;FIS2_TA068;media;Adaptar a valoración individual, irritabilidad, fase, dolor, función, comorbilidades, objetivos y tolerancia. Derivar si hay banderas rojas, síntomas neurológicos progresivos, dolor no mecánico o señales de alarma.
FIS2_R0679;FIS2_P067;FIS2_T068;FIS2_TA073;media;Adaptar a valoración individual, irritabilidad, fase, dolor, función, comorbilidades, objetivos y tolerancia. Derivar si hay banderas rojas, síntomas neurológicos progresivos, dolor no mecánico o señales de alarma.
FIS2_R0680;FIS2_P067;FIS2_T060;FIS2_TA082;alta;Adaptar a valoración individual, irritabilidad, fase, dolor, función, comorbilidades, objetivos y tolerancia. Derivar si hay banderas rojas, síntomas neurológicos progresivos, dolor no mecánico o señales de alarma.
FIS2_R0681;FIS2_P067;FIS2_T060;FIS2_TA083;alta;Adaptar a valoración individual, irritabilidad, fase, dolor, función, comorbilidades, objetivos y tolerancia. Derivar si hay banderas rojas, síntomas neurológicos progresivos, dolor no mecánico o señales de alarma.
FIS2_R0682;FIS2_P068;FIS2_T045;FIS2_TA063;alta;Adaptar a valoración individual, irritabilidad, fase, dolor, función, comorbilidades, objetivos y tolerancia. Derivar si hay banderas rojas, síntomas neurológicos progresivos, dolor no mecánico o señales de alarma.
FIS2_R0683;FIS2_P068;FIS2_T046;FIS2_TA064;alta;Adaptar a valoración individual, irritabilidad, fase, dolor, función, comorbilidades, objetivos y tolerancia. Derivar si hay banderas rojas, síntomas neurológicos progresivos, dolor no mecánico o señales de alarma.
FIS2_R0684;FIS2_P068;FIS2_T047;FIS2_TA065;alta;Adaptar a valoración individual, irritabilidad, fase, dolor, función, comorbilidades, objetivos y tolerancia. Derivar si hay banderas rojas, síntomas neurológicos progresivos, dolor no mecánico o señales de alarma.
FIS2_R0685;FIS2_P068;FIS2_T048;FIS2_TA066;media;Adaptar a valoración individual, irritabilidad, fase, dolor, función, comorbilidades, objetivos y tolerancia. Derivar si hay banderas rojas, síntomas neurológicos progresivos, dolor no mecánico o señales de alarma.
FIS2_R0686;FIS2_P068;FIS2_T050;FIS2_TA068;media;Adaptar a valoración individual, irritabilidad, fase, dolor, función, comorbilidades, objetivos y tolerancia. Derivar si hay banderas rojas, síntomas neurológicos progresivos, dolor no mecánico o señales de alarma.
FIS2_R0687;FIS2_P068;FIS2_T068;FIS2_TA073;media;Adaptar a valoración individual, irritabilidad, fase, dolor, función, comorbilidades, objetivos y tolerancia. Derivar si hay banderas rojas, síntomas neurológicos progresivos, dolor no mecánico o señales de alarma.
FIS2_R0688;FIS2_P068;FIS2_T060;FIS2_TA082;alta;Adaptar a valoración individual, irritabilidad, fase, dolor, función, comorbilidades, objetivos y tolerancia. Derivar si hay banderas rojas, síntomas neurológicos progresivos, dolor no mecánico o señales de alarma.
FIS2_R0689;FIS2_P068;FIS2_T060;FIS2_TA083;alta;Adaptar a valoración individual, irritabilidad, fase, dolor, función, comorbilidades, objetivos y tolerancia. Derivar si hay banderas rojas, síntomas neurológicos progresivos, dolor no mecánico o señales de alarma.
FIS2_R0690;FIS2_P069;FIS2_T014;FIS2_TA017;media;Adaptar a valoración individual, irritabilidad, fase, dolor, función, comorbilidades, objetivos y tolerancia. Derivar si hay banderas rojas, síntomas neurológicos progresivos, dolor no mecánico o señales de alarma.
FIS2_R0691;FIS2_P069;FIS2_T014;FIS2_TA069;media;Adaptar a valoración individual, irritabilidad, fase, dolor, función, comorbilidades, objetivos y tolerancia. Derivar si hay banderas rojas, síntomas neurológicos progresivos, dolor no mecánico o señales de alarma.
FIS2_R0692;FIS2_P069;FIS2_T049;FIS2_TA067;media;Adaptar a valoración individual, irritabilidad, fase, dolor, función, comorbilidades, objetivos y tolerancia. Derivar si hay banderas rojas, síntomas neurológicos progresivos, dolor no mecánico o señales de alarma.
FIS2_R0693;FIS2_P069;FIS2_T050;FIS2_TA068;media;Adaptar a valoración individual, irritabilidad, fase, dolor, función, comorbilidades, objetivos y tolerancia. Derivar si hay banderas rojas, síntomas neurológicos progresivos, dolor no mecánico o señales de alarma.
FIS2_R0694;FIS2_P069;FIS2_T060;FIS2_TA082;alta;Adaptar a valoración individual, irritabilidad, fase, dolor, función, comorbilidades, objetivos y tolerancia. Derivar si hay banderas rojas, síntomas neurológicos progresivos, dolor no mecánico o señales de alarma.
FIS2_R0695;FIS2_P069;FIS2_T060;FIS2_TA083;alta;Adaptar a valoración individual, irritabilidad, fase, dolor, función, comorbilidades, objetivos y tolerancia. Derivar si hay banderas rojas, síntomas neurológicos progresivos, dolor no mecánico o señales de alarma.
FIS2_R0696;FIS2_P069;FIS2_T061;FIS2_TA008;media;Adaptar a valoración individual, irritabilidad, fase, dolor, función, comorbilidades, objetivos y tolerancia. Derivar si hay banderas rojas, síntomas neurológicos progresivos, dolor no mecánico o señales de alarma.
FIS2_R0697;FIS2_P070;FIS2_T014;FIS2_TA017;media;Adaptar a valoración individual, irritabilidad, fase, dolor, función, comorbilidades, objetivos y tolerancia. Derivar si hay banderas rojas, síntomas neurológicos progresivos, dolor no mecánico o señales de alarma.
FIS2_R0698;FIS2_P070;FIS2_T014;FIS2_TA069;media;Adaptar a valoración individual, irritabilidad, fase, dolor, función, comorbilidades, objetivos y tolerancia. Derivar si hay banderas rojas, síntomas neurológicos progresivos, dolor no mecánico o señales de alarma.
FIS2_R0699;FIS2_P070;FIS2_T049;FIS2_TA067;media;Adaptar a valoración individual, irritabilidad, fase, dolor, función, comorbilidades, objetivos y tolerancia. Derivar si hay banderas rojas, síntomas neurológicos progresivos, dolor no mecánico o señales de alarma.
FIS2_R0700;FIS2_P070;FIS2_T050;FIS2_TA068;media;Adaptar a valoración individual, irritabilidad, fase, dolor, función, comorbilidades, objetivos y tolerancia. Derivar si hay banderas rojas, síntomas neurológicos progresivos, dolor no mecánico o señales de alarma.
FIS2_R0701;FIS2_P070;FIS2_T060;FIS2_TA082;alta;Adaptar a valoración individual, irritabilidad, fase, dolor, función, comorbilidades, objetivos y tolerancia. Derivar si hay banderas rojas, síntomas neurológicos progresivos, dolor no mecánico o señales de alarma.
FIS2_R0702;FIS2_P070;FIS2_T060;FIS2_TA083;alta;Adaptar a valoración individual, irritabilidad, fase, dolor, función, comorbilidades, objetivos y tolerancia. Derivar si hay banderas rojas, síntomas neurológicos progresivos, dolor no mecánico o señales de alarma.
FIS2_R0703;FIS2_P070;FIS2_T061;FIS2_TA008;media;Adaptar a valoración individual, irritabilidad, fase, dolor, función, comorbilidades, objetivos y tolerancia. Derivar si hay banderas rojas, síntomas neurológicos progresivos, dolor no mecánico o señales de alarma.
FIS2_R0704;FIS2_P071;FIS2_T014;FIS2_TA017;media;Adaptar a valoración individual, irritabilidad, fase, dolor, función, comorbilidades, objetivos y tolerancia. Derivar si hay banderas rojas, síntomas neurológicos progresivos, dolor no mecánico o señales de alarma.
FIS2_R0705;FIS2_P071;FIS2_T014;FIS2_TA069;media;Adaptar a valoración individual, irritabilidad, fase, dolor, función, comorbilidades, objetivos y tolerancia. Derivar si hay banderas rojas, síntomas neurológicos progresivos, dolor no mecánico o señales de alarma.
FIS2_R0706;FIS2_P071;FIS2_T049;FIS2_TA067;media;Adaptar a valoración individual, irritabilidad, fase, dolor, función, comorbilidades, objetivos y tolerancia. Derivar si hay banderas rojas, síntomas neurológicos progresivos, dolor no mecánico o señales de alarma.
FIS2_R0707;FIS2_P071;FIS2_T050;FIS2_TA068;media;Adaptar a valoración individual, irritabilidad, fase, dolor, función, comorbilidades, objetivos y tolerancia. Derivar si hay banderas rojas, síntomas neurológicos progresivos, dolor no mecánico o señales de alarma.
FIS2_R0708;FIS2_P071;FIS2_T060;FIS2_TA082;alta;Adaptar a valoración individual, irritabilidad, fase, dolor, función, comorbilidades, objetivos y tolerancia. Derivar si hay banderas rojas, síntomas neurológicos progresivos, dolor no mecánico o señales de alarma.
FIS2_R0709;FIS2_P071;FIS2_T060;FIS2_TA083;alta;Adaptar a valoración individual, irritabilidad, fase, dolor, función, comorbilidades, objetivos y tolerancia. Derivar si hay banderas rojas, síntomas neurológicos progresivos, dolor no mecánico o señales de alarma.
FIS2_R0710;FIS2_P071;FIS2_T061;FIS2_TA008;media;Adaptar a valoración individual, irritabilidad, fase, dolor, función, comorbilidades, objetivos y tolerancia. Derivar si hay banderas rojas, síntomas neurológicos progresivos, dolor no mecánico o señales de alarma.
FIS2_R0711;FIS2_P072;FIS2_T014;FIS2_TA017;media;Adaptar a valoración individual, irritabilidad, fase, dolor, función, comorbilidades, objetivos y tolerancia. Derivar si hay banderas rojas, síntomas neurológicos progresivos, dolor no mecánico o señales de alarma.
FIS2_R0712;FIS2_P072;FIS2_T014;FIS2_TA069;media;Adaptar a valoración individual, irritabilidad, fase, dolor, función, comorbilidades, objetivos y tolerancia. Derivar si hay banderas rojas, síntomas neurológicos progresivos, dolor no mecánico o señales de alarma.
FIS2_R0713;FIS2_P072;FIS2_T049;FIS2_TA067;media;Adaptar a valoración individual, irritabilidad, fase, dolor, función, comorbilidades, objetivos y tolerancia. Derivar si hay banderas rojas, síntomas neurológicos progresivos, dolor no mecánico o señales de alarma.
FIS2_R0714;FIS2_P072;FIS2_T050;FIS2_TA068;media;Adaptar a valoración individual, irritabilidad, fase, dolor, función, comorbilidades, objetivos y tolerancia. Derivar si hay banderas rojas, síntomas neurológicos progresivos, dolor no mecánico o señales de alarma.
FIS2_R0715;FIS2_P072;FIS2_T060;FIS2_TA082;alta;Adaptar a valoración individual, irritabilidad, fase, dolor, función, comorbilidades, objetivos y tolerancia. Derivar si hay banderas rojas, síntomas neurológicos progresivos, dolor no mecánico o señales de alarma.
FIS2_R0716;FIS2_P072;FIS2_T060;FIS2_TA083;alta;Adaptar a valoración individual, irritabilidad, fase, dolor, función, comorbilidades, objetivos y tolerancia. Derivar si hay banderas rojas, síntomas neurológicos progresivos, dolor no mecánico o señales de alarma.
FIS2_R0717;FIS2_P072;FIS2_T061;FIS2_TA008;media;Adaptar a valoración individual, irritabilidad, fase, dolor, función, comorbilidades, objetivos y tolerancia. Derivar si hay banderas rojas, síntomas neurológicos progresivos, dolor no mecánico o señales de alarma.
FIS2_R0718;FIS2_P073;FIS2_T049;FIS2_TA067;media;Adaptar a valoración individual, irritabilidad, fase, dolor, función, comorbilidades, objetivos y tolerancia. Derivar si hay banderas rojas, síntomas neurológicos progresivos, dolor no mecánico o señales de alarma.
FIS2_R0719;FIS2_P073;FIS2_T051;FIS2_TA070;media;Adaptar a valoración individual, irritabilidad, fase, dolor, función, comorbilidades, objetivos y tolerancia. Derivar si hay banderas rojas, síntomas neurológicos progresivos, dolor no mecánico o señales de alarma.
FIS2_R0720;FIS2_P073;FIS2_T052;FIS2_TA071;alta;Adaptar a valoración individual, irritabilidad, fase, dolor, función, comorbilidades, objetivos y tolerancia. Derivar si hay banderas rojas, síntomas neurológicos progresivos, dolor no mecánico o señales de alarma.
FIS2_R0721;FIS2_P073;FIS2_T052;FIS2_TA072;alta;Adaptar a valoración individual, irritabilidad, fase, dolor, función, comorbilidades, objetivos y tolerancia. Derivar si hay banderas rojas, síntomas neurológicos progresivos, dolor no mecánico o señales de alarma.
FIS2_R0722;FIS2_P073;FIS2_T056;FIS2_TA013;media;Adaptar a valoración individual, irritabilidad, fase, dolor, función, comorbilidades, objetivos y tolerancia. Derivar si hay banderas rojas, síntomas neurológicos progresivos, dolor no mecánico o señales de alarma.
FIS2_R0723;FIS2_P073;FIS2_T056;FIS2_TA077;media;Adaptar a valoración individual, irritabilidad, fase, dolor, función, comorbilidades, objetivos y tolerancia. Derivar si hay banderas rojas, síntomas neurológicos progresivos, dolor no mecánico o señales de alarma.
FIS2_R0724;FIS2_P073;FIS2_T068;FIS2_TA073;media;Adaptar a valoración individual, irritabilidad, fase, dolor, función, comorbilidades, objetivos y tolerancia. Derivar si hay banderas rojas, síntomas neurológicos progresivos, dolor no mecánico o señales de alarma.
FIS2_R0725;FIS2_P073;FIS2_T060;FIS2_TA082;alta;Adaptar a valoración individual, irritabilidad, fase, dolor, función, comorbilidades, objetivos y tolerancia. Derivar si hay banderas rojas, síntomas neurológicos progresivos, dolor no mecánico o señales de alarma.
FIS2_R0726;FIS2_P073;FIS2_T060;FIS2_TA083;alta;Adaptar a valoración individual, irritabilidad, fase, dolor, función, comorbilidades, objetivos y tolerancia. Derivar si hay banderas rojas, síntomas neurológicos progresivos, dolor no mecánico o señales de alarma.
FIS2_R0727;FIS2_P074;FIS2_T049;FIS2_TA067;media;Adaptar a valoración individual, irritabilidad, fase, dolor, función, comorbilidades, objetivos y tolerancia. Derivar si hay banderas rojas, síntomas neurológicos progresivos, dolor no mecánico o señales de alarma.
FIS2_R0728;FIS2_P074;FIS2_T051;FIS2_TA070;media;Adaptar a valoración individual, irritabilidad, fase, dolor, función, comorbilidades, objetivos y tolerancia. Derivar si hay banderas rojas, síntomas neurológicos progresivos, dolor no mecánico o señales de alarma.
FIS2_R0729;FIS2_P074;FIS2_T052;FIS2_TA071;alta;Adaptar a valoración individual, irritabilidad, fase, dolor, función, comorbilidades, objetivos y tolerancia. Derivar si hay banderas rojas, síntomas neurológicos progresivos, dolor no mecánico o señales de alarma.
FIS2_R0730;FIS2_P074;FIS2_T052;FIS2_TA072;alta;Adaptar a valoración individual, irritabilidad, fase, dolor, función, comorbilidades, objetivos y tolerancia. Derivar si hay banderas rojas, síntomas neurológicos progresivos, dolor no mecánico o señales de alarma.
FIS2_R0731;FIS2_P074;FIS2_T056;FIS2_TA013;media;Adaptar a valoración individual, irritabilidad, fase, dolor, función, comorbilidades, objetivos y tolerancia. Derivar si hay banderas rojas, síntomas neurológicos progresivos, dolor no mecánico o señales de alarma.
FIS2_R0732;FIS2_P074;FIS2_T056;FIS2_TA077;media;Adaptar a valoración individual, irritabilidad, fase, dolor, función, comorbilidades, objetivos y tolerancia. Derivar si hay banderas rojas, síntomas neurológicos progresivos, dolor no mecánico o señales de alarma.
FIS2_R0733;FIS2_P074;FIS2_T068;FIS2_TA073;media;Adaptar a valoración individual, irritabilidad, fase, dolor, función, comorbilidades, objetivos y tolerancia. Derivar si hay banderas rojas, síntomas neurológicos progresivos, dolor no mecánico o señales de alarma.
FIS2_R0734;FIS2_P074;FIS2_T060;FIS2_TA082;alta;Adaptar a valoración individual, irritabilidad, fase, dolor, función, comorbilidades, objetivos y tolerancia. Derivar si hay banderas rojas, síntomas neurológicos progresivos, dolor no mecánico o señales de alarma.
FIS2_R0735;FIS2_P074;FIS2_T060;FIS2_TA083;alta;Adaptar a valoración individual, irritabilidad, fase, dolor, función, comorbilidades, objetivos y tolerancia. Derivar si hay banderas rojas, síntomas neurológicos progresivos, dolor no mecánico o señales de alarma.
FIS2_R0736;FIS2_P075;FIS2_T049;FIS2_TA067;media;Adaptar a valoración individual, irritabilidad, fase, dolor, función, comorbilidades, objetivos y tolerancia. Derivar si hay banderas rojas, síntomas neurológicos progresivos, dolor no mecánico o señales de alarma.
FIS2_R0737;FIS2_P075;FIS2_T051;FIS2_TA070;media;Adaptar a valoración individual, irritabilidad, fase, dolor, función, comorbilidades, objetivos y tolerancia. Derivar si hay banderas rojas, síntomas neurológicos progresivos, dolor no mecánico o señales de alarma.
FIS2_R0738;FIS2_P075;FIS2_T052;FIS2_TA071;alta;Adaptar a valoración individual, irritabilidad, fase, dolor, función, comorbilidades, objetivos y tolerancia. Derivar si hay banderas rojas, síntomas neurológicos progresivos, dolor no mecánico o señales de alarma.
FIS2_R0739;FIS2_P075;FIS2_T052;FIS2_TA072;alta;Adaptar a valoración individual, irritabilidad, fase, dolor, función, comorbilidades, objetivos y tolerancia. Derivar si hay banderas rojas, síntomas neurológicos progresivos, dolor no mecánico o señales de alarma.
FIS2_R0740;FIS2_P075;FIS2_T056;FIS2_TA013;media;Adaptar a valoración individual, irritabilidad, fase, dolor, función, comorbilidades, objetivos y tolerancia. Derivar si hay banderas rojas, síntomas neurológicos progresivos, dolor no mecánico o señales de alarma.
FIS2_R0741;FIS2_P075;FIS2_T056;FIS2_TA077;media;Adaptar a valoración individual, irritabilidad, fase, dolor, función, comorbilidades, objetivos y tolerancia. Derivar si hay banderas rojas, síntomas neurológicos progresivos, dolor no mecánico o señales de alarma.
FIS2_R0742;FIS2_P075;FIS2_T068;FIS2_TA073;media;Adaptar a valoración individual, irritabilidad, fase, dolor, función, comorbilidades, objetivos y tolerancia. Derivar si hay banderas rojas, síntomas neurológicos progresivos, dolor no mecánico o señales de alarma.
FIS2_R0743;FIS2_P075;FIS2_T060;FIS2_TA082;alta;Adaptar a valoración individual, irritabilidad, fase, dolor, función, comorbilidades, objetivos y tolerancia. Derivar si hay banderas rojas, síntomas neurológicos progresivos, dolor no mecánico o señales de alarma.
FIS2_R0744;FIS2_P075;FIS2_T060;FIS2_TA083;alta;Adaptar a valoración individual, irritabilidad, fase, dolor, función, comorbilidades, objetivos y tolerancia. Derivar si hay banderas rojas, síntomas neurológicos progresivos, dolor no mecánico o señales de alarma.
FIS2_R0745;FIS2_P076;FIS2_T049;FIS2_TA067;media;Adaptar a valoración individual, irritabilidad, fase, dolor, función, comorbilidades, objetivos y tolerancia. Derivar si hay banderas rojas, síntomas neurológicos progresivos, dolor no mecánico o señales de alarma.
FIS2_R0746;FIS2_P076;FIS2_T051;FIS2_TA070;media;Adaptar a valoración individual, irritabilidad, fase, dolor, función, comorbilidades, objetivos y tolerancia. Derivar si hay banderas rojas, síntomas neurológicos progresivos, dolor no mecánico o señales de alarma.
FIS2_R0747;FIS2_P076;FIS2_T052;FIS2_TA071;alta;Adaptar a valoración individual, irritabilidad, fase, dolor, función, comorbilidades, objetivos y tolerancia. Derivar si hay banderas rojas, síntomas neurológicos progresivos, dolor no mecánico o señales de alarma.
FIS2_R0748;FIS2_P076;FIS2_T052;FIS2_TA072;alta;Adaptar a valoración individual, irritabilidad, fase, dolor, función, comorbilidades, objetivos y tolerancia. Derivar si hay banderas rojas, síntomas neurológicos progresivos, dolor no mecánico o señales de alarma.
FIS2_R0749;FIS2_P076;FIS2_T056;FIS2_TA013;media;Adaptar a valoración individual, irritabilidad, fase, dolor, función, comorbilidades, objetivos y tolerancia. Derivar si hay banderas rojas, síntomas neurológicos progresivos, dolor no mecánico o señales de alarma.
FIS2_R0750;FIS2_P076;FIS2_T056;FIS2_TA077;media;Adaptar a valoración individual, irritabilidad, fase, dolor, función, comorbilidades, objetivos y tolerancia. Derivar si hay banderas rojas, síntomas neurológicos progresivos, dolor no mecánico o señales de alarma.
FIS2_R0751;FIS2_P076;FIS2_T068;FIS2_TA073;media;Adaptar a valoración individual, irritabilidad, fase, dolor, función, comorbilidades, objetivos y tolerancia. Derivar si hay banderas rojas, síntomas neurológicos progresivos, dolor no mecánico o señales de alarma.
FIS2_R0752;FIS2_P076;FIS2_T060;FIS2_TA082;alta;Adaptar a valoración individual, irritabilidad, fase, dolor, función, comorbilidades, objetivos y tolerancia. Derivar si hay banderas rojas, síntomas neurológicos progresivos, dolor no mecánico o señales de alarma.
FIS2_R0753;FIS2_P076;FIS2_T060;FIS2_TA083;alta;Adaptar a valoración individual, irritabilidad, fase, dolor, función, comorbilidades, objetivos y tolerancia. Derivar si hay banderas rojas, síntomas neurológicos progresivos, dolor no mecánico o señales de alarma.
FIS2_R0754;FIS2_P077;FIS2_T049;FIS2_TA067;media;Adaptar a valoración individual, irritabilidad, fase, dolor, función, comorbilidades, objetivos y tolerancia. Derivar si hay banderas rojas, síntomas neurológicos progresivos, dolor no mecánico o señales de alarma.
FIS2_R0755;FIS2_P077;FIS2_T051;FIS2_TA070;media;Adaptar a valoración individual, irritabilidad, fase, dolor, función, comorbilidades, objetivos y tolerancia. Derivar si hay banderas rojas, síntomas neurológicos progresivos, dolor no mecánico o señales de alarma.
FIS2_R0756;FIS2_P077;FIS2_T052;FIS2_TA071;alta;Adaptar a valoración individual, irritabilidad, fase, dolor, función, comorbilidades, objetivos y tolerancia. Derivar si hay banderas rojas, síntomas neurológicos progresivos, dolor no mecánico o señales de alarma.
FIS2_R0757;FIS2_P077;FIS2_T052;FIS2_TA072;alta;Adaptar a valoración individual, irritabilidad, fase, dolor, función, comorbilidades, objetivos y tolerancia. Derivar si hay banderas rojas, síntomas neurológicos progresivos, dolor no mecánico o señales de alarma.
FIS2_R0758;FIS2_P077;FIS2_T056;FIS2_TA013;media;Adaptar a valoración individual, irritabilidad, fase, dolor, función, comorbilidades, objetivos y tolerancia. Derivar si hay banderas rojas, síntomas neurológicos progresivos, dolor no mecánico o señales de alarma.
FIS2_R0759;FIS2_P077;FIS2_T056;FIS2_TA077;media;Adaptar a valoración individual, irritabilidad, fase, dolor, función, comorbilidades, objetivos y tolerancia. Derivar si hay banderas rojas, síntomas neurológicos progresivos, dolor no mecánico o señales de alarma.
FIS2_R0760;FIS2_P077;FIS2_T068;FIS2_TA073;media;Adaptar a valoración individual, irritabilidad, fase, dolor, función, comorbilidades, objetivos y tolerancia. Derivar si hay banderas rojas, síntomas neurológicos progresivos, dolor no mecánico o señales de alarma.
FIS2_R0761;FIS2_P077;FIS2_T060;FIS2_TA082;alta;Adaptar a valoración individual, irritabilidad, fase, dolor, función, comorbilidades, objetivos y tolerancia. Derivar si hay banderas rojas, síntomas neurológicos progresivos, dolor no mecánico o señales de alarma.
FIS2_R0762;FIS2_P077;FIS2_T060;FIS2_TA083;alta;Adaptar a valoración individual, irritabilidad, fase, dolor, función, comorbilidades, objetivos y tolerancia. Derivar si hay banderas rojas, síntomas neurológicos progresivos, dolor no mecánico o señales de alarma.
FIS2_R0763;FIS2_P078;FIS2_T005;FIS2_TA005;media;Adaptar a valoración individual, irritabilidad, fase, dolor, función, comorbilidades, objetivos y tolerancia. Derivar si hay banderas rojas, síntomas neurológicos progresivos, dolor no mecánico o señales de alarma.
FIS2_R0764;FIS2_P078;FIS2_T006;FIS2_TA006;media;Adaptar a valoración individual, irritabilidad, fase, dolor, función, comorbilidades, objetivos y tolerancia. Derivar si hay banderas rojas, síntomas neurológicos progresivos, dolor no mecánico o señales de alarma.
FIS2_R0765;FIS2_P078;FIS2_T007;FIS2_TA007;media;Adaptar a valoración individual, irritabilidad, fase, dolor, función, comorbilidades, objetivos y tolerancia. Derivar si hay banderas rojas, síntomas neurológicos progresivos, dolor no mecánico o señales de alarma.
FIS2_R0766;FIS2_P078;FIS2_T053;FIS2_TA074;media;Adaptar a valoración individual, irritabilidad, fase, dolor, función, comorbilidades, objetivos y tolerancia. Derivar si hay banderas rojas, síntomas neurológicos progresivos, dolor no mecánico o señales de alarma.
FIS2_R0767;FIS2_P078;FIS2_T054;FIS2_TA024;media;Adaptar a valoración individual, irritabilidad, fase, dolor, función, comorbilidades, objetivos y tolerancia. Derivar si hay banderas rojas, síntomas neurológicos progresivos, dolor no mecánico o señales de alarma.
FIS2_R0768;FIS2_P078;FIS2_T054;FIS2_TA075;media;Adaptar a valoración individual, irritabilidad, fase, dolor, función, comorbilidades, objetivos y tolerancia. Derivar si hay banderas rojas, síntomas neurológicos progresivos, dolor no mecánico o señales de alarma.
FIS2_R0769;FIS2_P078;FIS2_T058;FIS2_TA080;media;Adaptar a valoración individual, irritabilidad, fase, dolor, función, comorbilidades, objetivos y tolerancia. Derivar si hay banderas rojas, síntomas neurológicos progresivos, dolor no mecánico o señales de alarma.
FIS2_R0770;FIS2_P078;FIS2_T064;FIS2_TA010;alta;Adaptar a valoración individual, irritabilidad, fase, dolor, función, comorbilidades, objetivos y tolerancia. Derivar si hay banderas rojas, síntomas neurológicos progresivos, dolor no mecánico o señales de alarma.
FIS2_R0771;FIS2_P078;FIS2_T064;FIS2_TA053;alta;Adaptar a valoración individual, irritabilidad, fase, dolor, función, comorbilidades, objetivos y tolerancia. Derivar si hay banderas rojas, síntomas neurológicos progresivos, dolor no mecánico o señales de alarma.
FIS2_R0772;FIS2_P078;FIS2_T065;FIS2_TA076;media;Adaptar a valoración individual, irritabilidad, fase, dolor, función, comorbilidades, objetivos y tolerancia. Derivar si hay banderas rojas, síntomas neurológicos progresivos, dolor no mecánico o señales de alarma.
FIS2_R0773;FIS2_P078;FIS2_T065;FIS2_TA086;media;Adaptar a valoración individual, irritabilidad, fase, dolor, función, comorbilidades, objetivos y tolerancia. Derivar si hay banderas rojas, síntomas neurológicos progresivos, dolor no mecánico o señales de alarma.
FIS2_R0774;FIS2_P078;FIS2_T065;FIS2_TA090;media;Adaptar a valoración individual, irritabilidad, fase, dolor, función, comorbilidades, objetivos y tolerancia. Derivar si hay banderas rojas, síntomas neurológicos progresivos, dolor no mecánico o señales de alarma.
FIS2_R0775;FIS2_P079;FIS2_T005;FIS2_TA005;media;Adaptar a valoración individual, irritabilidad, fase, dolor, función, comorbilidades, objetivos y tolerancia. Derivar si hay banderas rojas, síntomas neurológicos progresivos, dolor no mecánico o señales de alarma.
FIS2_R0776;FIS2_P079;FIS2_T006;FIS2_TA006;media;Adaptar a valoración individual, irritabilidad, fase, dolor, función, comorbilidades, objetivos y tolerancia. Derivar si hay banderas rojas, síntomas neurológicos progresivos, dolor no mecánico o señales de alarma.
FIS2_R0777;FIS2_P079;FIS2_T007;FIS2_TA007;media;Adaptar a valoración individual, irritabilidad, fase, dolor, función, comorbilidades, objetivos y tolerancia. Derivar si hay banderas rojas, síntomas neurológicos progresivos, dolor no mecánico o señales de alarma.
FIS2_R0778;FIS2_P079;FIS2_T053;FIS2_TA074;media;Adaptar a valoración individual, irritabilidad, fase, dolor, función, comorbilidades, objetivos y tolerancia. Derivar si hay banderas rojas, síntomas neurológicos progresivos, dolor no mecánico o señales de alarma.
FIS2_R0779;FIS2_P079;FIS2_T054;FIS2_TA024;media;Adaptar a valoración individual, irritabilidad, fase, dolor, función, comorbilidades, objetivos y tolerancia. Derivar si hay banderas rojas, síntomas neurológicos progresivos, dolor no mecánico o señales de alarma.
FIS2_R0780;FIS2_P079;FIS2_T054;FIS2_TA075;media;Adaptar a valoración individual, irritabilidad, fase, dolor, función, comorbilidades, objetivos y tolerancia. Derivar si hay banderas rojas, síntomas neurológicos progresivos, dolor no mecánico o señales de alarma.
FIS2_R0781;FIS2_P079;FIS2_T058;FIS2_TA080;media;Adaptar a valoración individual, irritabilidad, fase, dolor, función, comorbilidades, objetivos y tolerancia. Derivar si hay banderas rojas, síntomas neurológicos progresivos, dolor no mecánico o señales de alarma.
FIS2_R0782;FIS2_P079;FIS2_T064;FIS2_TA010;alta;Adaptar a valoración individual, irritabilidad, fase, dolor, función, comorbilidades, objetivos y tolerancia. Derivar si hay banderas rojas, síntomas neurológicos progresivos, dolor no mecánico o señales de alarma.
FIS2_R0783;FIS2_P079;FIS2_T064;FIS2_TA053;alta;Adaptar a valoración individual, irritabilidad, fase, dolor, función, comorbilidades, objetivos y tolerancia. Derivar si hay banderas rojas, síntomas neurológicos progresivos, dolor no mecánico o señales de alarma.
FIS2_R0784;FIS2_P079;FIS2_T065;FIS2_TA076;media;Adaptar a valoración individual, irritabilidad, fase, dolor, función, comorbilidades, objetivos y tolerancia. Derivar si hay banderas rojas, síntomas neurológicos progresivos, dolor no mecánico o señales de alarma.
FIS2_R0785;FIS2_P079;FIS2_T065;FIS2_TA086;media;Adaptar a valoración individual, irritabilidad, fase, dolor, función, comorbilidades, objetivos y tolerancia. Derivar si hay banderas rojas, síntomas neurológicos progresivos, dolor no mecánico o señales de alarma.
FIS2_R0786;FIS2_P079;FIS2_T065;FIS2_TA090;media;Adaptar a valoración individual, irritabilidad, fase, dolor, función, comorbilidades, objetivos y tolerancia. Derivar si hay banderas rojas, síntomas neurológicos progresivos, dolor no mecánico o señales de alarma.
FIS2_R0787;FIS2_P080;FIS2_T005;FIS2_TA005;media;Adaptar a valoración individual, irritabilidad, fase, dolor, función, comorbilidades, objetivos y tolerancia. Derivar si hay banderas rojas, síntomas neurológicos progresivos, dolor no mecánico o señales de alarma.
FIS2_R0788;FIS2_P080;FIS2_T006;FIS2_TA006;media;Adaptar a valoración individual, irritabilidad, fase, dolor, función, comorbilidades, objetivos y tolerancia. Derivar si hay banderas rojas, síntomas neurológicos progresivos, dolor no mecánico o señales de alarma.
FIS2_R0789;FIS2_P080;FIS2_T007;FIS2_TA007;media;Adaptar a valoración individual, irritabilidad, fase, dolor, función, comorbilidades, objetivos y tolerancia. Derivar si hay banderas rojas, síntomas neurológicos progresivos, dolor no mecánico o señales de alarma.
FIS2_R0790;FIS2_P080;FIS2_T053;FIS2_TA074;media;Adaptar a valoración individual, irritabilidad, fase, dolor, función, comorbilidades, objetivos y tolerancia. Derivar si hay banderas rojas, síntomas neurológicos progresivos, dolor no mecánico o señales de alarma.
FIS2_R0791;FIS2_P080;FIS2_T054;FIS2_TA024;media;Adaptar a valoración individual, irritabilidad, fase, dolor, función, comorbilidades, objetivos y tolerancia. Derivar si hay banderas rojas, síntomas neurológicos progresivos, dolor no mecánico o señales de alarma.
FIS2_R0792;FIS2_P080;FIS2_T054;FIS2_TA075;media;Adaptar a valoración individual, irritabilidad, fase, dolor, función, comorbilidades, objetivos y tolerancia. Derivar si hay banderas rojas, síntomas neurológicos progresivos, dolor no mecánico o señales de alarma.
FIS2_R0793;FIS2_P080;FIS2_T058;FIS2_TA080;media;Adaptar a valoración individual, irritabilidad, fase, dolor, función, comorbilidades, objetivos y tolerancia. Derivar si hay banderas rojas, síntomas neurológicos progresivos, dolor no mecánico o señales de alarma.
FIS2_R0794;FIS2_P080;FIS2_T064;FIS2_TA010;alta;Adaptar a valoración individual, irritabilidad, fase, dolor, función, comorbilidades, objetivos y tolerancia. Derivar si hay banderas rojas, síntomas neurológicos progresivos, dolor no mecánico o señales de alarma.
FIS2_R0795;FIS2_P080;FIS2_T064;FIS2_TA053;alta;Adaptar a valoración individual, irritabilidad, fase, dolor, función, comorbilidades, objetivos y tolerancia. Derivar si hay banderas rojas, síntomas neurológicos progresivos, dolor no mecánico o señales de alarma.
FIS2_R0796;FIS2_P080;FIS2_T065;FIS2_TA076;media;Adaptar a valoración individual, irritabilidad, fase, dolor, función, comorbilidades, objetivos y tolerancia. Derivar si hay banderas rojas, síntomas neurológicos progresivos, dolor no mecánico o señales de alarma.
FIS2_R0797;FIS2_P080;FIS2_T065;FIS2_TA086;media;Adaptar a valoración individual, irritabilidad, fase, dolor, función, comorbilidades, objetivos y tolerancia. Derivar si hay banderas rojas, síntomas neurológicos progresivos, dolor no mecánico o señales de alarma.
FIS2_R0798;FIS2_P080;FIS2_T065;FIS2_TA090;media;Adaptar a valoración individual, irritabilidad, fase, dolor, función, comorbilidades, objetivos y tolerancia. Derivar si hay banderas rojas, síntomas neurológicos progresivos, dolor no mecánico o señales de alarma.
FIS2_R0799;FIS2_P081;FIS2_T005;FIS2_TA005;media;Adaptar a valoración individual, irritabilidad, fase, dolor, función, comorbilidades, objetivos y tolerancia. Derivar si hay banderas rojas, síntomas neurológicos progresivos, dolor no mecánico o señales de alarma.
FIS2_R0800;FIS2_P081;FIS2_T006;FIS2_TA006;media;Adaptar a valoración individual, irritabilidad, fase, dolor, función, comorbilidades, objetivos y tolerancia. Derivar si hay banderas rojas, síntomas neurológicos progresivos, dolor no mecánico o señales de alarma.
FIS2_R0801;FIS2_P081;FIS2_T007;FIS2_TA007;media;Adaptar a valoración individual, irritabilidad, fase, dolor, función, comorbilidades, objetivos y tolerancia. Derivar si hay banderas rojas, síntomas neurológicos progresivos, dolor no mecánico o señales de alarma.
FIS2_R0802;FIS2_P081;FIS2_T053;FIS2_TA074;media;Adaptar a valoración individual, irritabilidad, fase, dolor, función, comorbilidades, objetivos y tolerancia. Derivar si hay banderas rojas, síntomas neurológicos progresivos, dolor no mecánico o señales de alarma.
FIS2_R0803;FIS2_P081;FIS2_T054;FIS2_TA024;media;Adaptar a valoración individual, irritabilidad, fase, dolor, función, comorbilidades, objetivos y tolerancia. Derivar si hay banderas rojas, síntomas neurológicos progresivos, dolor no mecánico o señales de alarma.
FIS2_R0804;FIS2_P081;FIS2_T054;FIS2_TA075;media;Adaptar a valoración individual, irritabilidad, fase, dolor, función, comorbilidades, objetivos y tolerancia. Derivar si hay banderas rojas, síntomas neurológicos progresivos, dolor no mecánico o señales de alarma.
FIS2_R0805;FIS2_P081;FIS2_T058;FIS2_TA080;media;Adaptar a valoración individual, irritabilidad, fase, dolor, función, comorbilidades, objetivos y tolerancia. Derivar si hay banderas rojas, síntomas neurológicos progresivos, dolor no mecánico o señales de alarma.
FIS2_R0806;FIS2_P081;FIS2_T064;FIS2_TA010;alta;Adaptar a valoración individual, irritabilidad, fase, dolor, función, comorbilidades, objetivos y tolerancia. Derivar si hay banderas rojas, síntomas neurológicos progresivos, dolor no mecánico o señales de alarma.
FIS2_R0807;FIS2_P081;FIS2_T064;FIS2_TA053;alta;Adaptar a valoración individual, irritabilidad, fase, dolor, función, comorbilidades, objetivos y tolerancia. Derivar si hay banderas rojas, síntomas neurológicos progresivos, dolor no mecánico o señales de alarma.
FIS2_R0808;FIS2_P081;FIS2_T065;FIS2_TA076;media;Adaptar a valoración individual, irritabilidad, fase, dolor, función, comorbilidades, objetivos y tolerancia. Derivar si hay banderas rojas, síntomas neurológicos progresivos, dolor no mecánico o señales de alarma.
FIS2_R0809;FIS2_P081;FIS2_T065;FIS2_TA086;media;Adaptar a valoración individual, irritabilidad, fase, dolor, función, comorbilidades, objetivos y tolerancia. Derivar si hay banderas rojas, síntomas neurológicos progresivos, dolor no mecánico o señales de alarma.
FIS2_R0810;FIS2_P081;FIS2_T065;FIS2_TA090;media;Adaptar a valoración individual, irritabilidad, fase, dolor, función, comorbilidades, objetivos y tolerancia. Derivar si hay banderas rojas, síntomas neurológicos progresivos, dolor no mecánico o señales de alarma.
FIS2_R0811;FIS2_P082;FIS2_T055;FIS2_TA014;media;Adaptar a valoración individual, irritabilidad, fase, dolor, función, comorbilidades, objetivos y tolerancia. Derivar si hay banderas rojas, síntomas neurológicos progresivos, dolor no mecánico o señales de alarma.
FIS2_R0812;FIS2_P082;FIS2_T055;FIS2_TA078;media;Adaptar a valoración individual, irritabilidad, fase, dolor, función, comorbilidades, objetivos y tolerancia. Derivar si hay banderas rojas, síntomas neurológicos progresivos, dolor no mecánico o señales de alarma.
FIS2_R0813;FIS2_P082;FIS2_T056;FIS2_TA013;media;Adaptar a valoración individual, irritabilidad, fase, dolor, función, comorbilidades, objetivos y tolerancia. Derivar si hay banderas rojas, síntomas neurológicos progresivos, dolor no mecánico o señales de alarma.
FIS2_R0814;FIS2_P082;FIS2_T056;FIS2_TA077;media;Adaptar a valoración individual, irritabilidad, fase, dolor, función, comorbilidades, objetivos y tolerancia. Derivar si hay banderas rojas, síntomas neurológicos progresivos, dolor no mecánico o señales de alarma.
FIS2_R0815;FIS2_P082;FIS2_T057;FIS2_TA079;media;Adaptar a valoración individual, irritabilidad, fase, dolor, función, comorbilidades, objetivos y tolerancia. Derivar si hay banderas rojas, síntomas neurológicos progresivos, dolor no mecánico o señales de alarma.
FIS2_R0816;FIS2_P082;FIS2_T058;FIS2_TA080;media;Adaptar a valoración individual, irritabilidad, fase, dolor, función, comorbilidades, objetivos y tolerancia. Derivar si hay banderas rojas, síntomas neurológicos progresivos, dolor no mecánico o señales de alarma.
FIS2_R0817;FIS2_P082;FIS2_T061;FIS2_TA008;media;Adaptar a valoración individual, irritabilidad, fase, dolor, función, comorbilidades, objetivos y tolerancia. Derivar si hay banderas rojas, síntomas neurológicos progresivos, dolor no mecánico o señales de alarma.
FIS2_R0818;FIS2_P082;FIS2_T065;FIS2_TA076;media;Adaptar a valoración individual, irritabilidad, fase, dolor, función, comorbilidades, objetivos y tolerancia. Derivar si hay banderas rojas, síntomas neurológicos progresivos, dolor no mecánico o señales de alarma.
FIS2_R0819;FIS2_P082;FIS2_T065;FIS2_TA086;media;Adaptar a valoración individual, irritabilidad, fase, dolor, función, comorbilidades, objetivos y tolerancia. Derivar si hay banderas rojas, síntomas neurológicos progresivos, dolor no mecánico o señales de alarma.
FIS2_R0820;FIS2_P082;FIS2_T065;FIS2_TA090;media;Adaptar a valoración individual, irritabilidad, fase, dolor, función, comorbilidades, objetivos y tolerancia. Derivar si hay banderas rojas, síntomas neurológicos progresivos, dolor no mecánico o señales de alarma.
FIS2_R0821;FIS2_P083;FIS2_T055;FIS2_TA014;media;Adaptar a valoración individual, irritabilidad, fase, dolor, función, comorbilidades, objetivos y tolerancia. Derivar si hay banderas rojas, síntomas neurológicos progresivos, dolor no mecánico o señales de alarma.
FIS2_R0822;FIS2_P083;FIS2_T055;FIS2_TA078;media;Adaptar a valoración individual, irritabilidad, fase, dolor, función, comorbilidades, objetivos y tolerancia. Derivar si hay banderas rojas, síntomas neurológicos progresivos, dolor no mecánico o señales de alarma.
FIS2_R0823;FIS2_P083;FIS2_T056;FIS2_TA013;media;Adaptar a valoración individual, irritabilidad, fase, dolor, función, comorbilidades, objetivos y tolerancia. Derivar si hay banderas rojas, síntomas neurológicos progresivos, dolor no mecánico o señales de alarma.
FIS2_R0824;FIS2_P083;FIS2_T056;FIS2_TA077;media;Adaptar a valoración individual, irritabilidad, fase, dolor, función, comorbilidades, objetivos y tolerancia. Derivar si hay banderas rojas, síntomas neurológicos progresivos, dolor no mecánico o señales de alarma.
FIS2_R0825;FIS2_P083;FIS2_T057;FIS2_TA079;media;Adaptar a valoración individual, irritabilidad, fase, dolor, función, comorbilidades, objetivos y tolerancia. Derivar si hay banderas rojas, síntomas neurológicos progresivos, dolor no mecánico o señales de alarma.
FIS2_R0826;FIS2_P083;FIS2_T058;FIS2_TA080;media;Adaptar a valoración individual, irritabilidad, fase, dolor, función, comorbilidades, objetivos y tolerancia. Derivar si hay banderas rojas, síntomas neurológicos progresivos, dolor no mecánico o señales de alarma.
FIS2_R0827;FIS2_P083;FIS2_T061;FIS2_TA008;media;Adaptar a valoración individual, irritabilidad, fase, dolor, función, comorbilidades, objetivos y tolerancia. Derivar si hay banderas rojas, síntomas neurológicos progresivos, dolor no mecánico o señales de alarma.
FIS2_R0828;FIS2_P083;FIS2_T065;FIS2_TA076;media;Adaptar a valoración individual, irritabilidad, fase, dolor, función, comorbilidades, objetivos y tolerancia. Derivar si hay banderas rojas, síntomas neurológicos progresivos, dolor no mecánico o señales de alarma.
FIS2_R0829;FIS2_P083;FIS2_T065;FIS2_TA086;media;Adaptar a valoración individual, irritabilidad, fase, dolor, función, comorbilidades, objetivos y tolerancia. Derivar si hay banderas rojas, síntomas neurológicos progresivos, dolor no mecánico o señales de alarma.
FIS2_R0830;FIS2_P083;FIS2_T065;FIS2_TA090;media;Adaptar a valoración individual, irritabilidad, fase, dolor, función, comorbilidades, objetivos y tolerancia. Derivar si hay banderas rojas, síntomas neurológicos progresivos, dolor no mecánico o señales de alarma.
FIS2_R0831;FIS2_P084;FIS2_T055;FIS2_TA014;media;Adaptar a valoración individual, irritabilidad, fase, dolor, función, comorbilidades, objetivos y tolerancia. Derivar si hay banderas rojas, síntomas neurológicos progresivos, dolor no mecánico o señales de alarma.
FIS2_R0832;FIS2_P084;FIS2_T055;FIS2_TA078;media;Adaptar a valoración individual, irritabilidad, fase, dolor, función, comorbilidades, objetivos y tolerancia. Derivar si hay banderas rojas, síntomas neurológicos progresivos, dolor no mecánico o señales de alarma.
FIS2_R0833;FIS2_P084;FIS2_T056;FIS2_TA013;media;Adaptar a valoración individual, irritabilidad, fase, dolor, función, comorbilidades, objetivos y tolerancia. Derivar si hay banderas rojas, síntomas neurológicos progresivos, dolor no mecánico o señales de alarma.
FIS2_R0834;FIS2_P084;FIS2_T056;FIS2_TA077;media;Adaptar a valoración individual, irritabilidad, fase, dolor, función, comorbilidades, objetivos y tolerancia. Derivar si hay banderas rojas, síntomas neurológicos progresivos, dolor no mecánico o señales de alarma.
FIS2_R0835;FIS2_P084;FIS2_T057;FIS2_TA079;media;Adaptar a valoración individual, irritabilidad, fase, dolor, función, comorbilidades, objetivos y tolerancia. Derivar si hay banderas rojas, síntomas neurológicos progresivos, dolor no mecánico o señales de alarma.
FIS2_R0836;FIS2_P084;FIS2_T058;FIS2_TA080;media;Adaptar a valoración individual, irritabilidad, fase, dolor, función, comorbilidades, objetivos y tolerancia. Derivar si hay banderas rojas, síntomas neurológicos progresivos, dolor no mecánico o señales de alarma.
FIS2_R0837;FIS2_P084;FIS2_T061;FIS2_TA008;media;Adaptar a valoración individual, irritabilidad, fase, dolor, función, comorbilidades, objetivos y tolerancia. Derivar si hay banderas rojas, síntomas neurológicos progresivos, dolor no mecánico o señales de alarma.
FIS2_R0838;FIS2_P084;FIS2_T065;FIS2_TA076;media;Adaptar a valoración individual, irritabilidad, fase, dolor, función, comorbilidades, objetivos y tolerancia. Derivar si hay banderas rojas, síntomas neurológicos progresivos, dolor no mecánico o señales de alarma.
FIS2_R0839;FIS2_P084;FIS2_T065;FIS2_TA086;media;Adaptar a valoración individual, irritabilidad, fase, dolor, función, comorbilidades, objetivos y tolerancia. Derivar si hay banderas rojas, síntomas neurológicos progresivos, dolor no mecánico o señales de alarma.
FIS2_R0840;FIS2_P084;FIS2_T065;FIS2_TA090;media;Adaptar a valoración individual, irritabilidad, fase, dolor, función, comorbilidades, objetivos y tolerancia. Derivar si hay banderas rojas, síntomas neurológicos progresivos, dolor no mecánico o señales de alarma.
FIS2_R0841;FIS2_P085;FIS2_T055;FIS2_TA014;media;Adaptar a valoración individual, irritabilidad, fase, dolor, función, comorbilidades, objetivos y tolerancia. Derivar si hay banderas rojas, síntomas neurológicos progresivos, dolor no mecánico o señales de alarma.
FIS2_R0842;FIS2_P085;FIS2_T055;FIS2_TA078;media;Adaptar a valoración individual, irritabilidad, fase, dolor, función, comorbilidades, objetivos y tolerancia. Derivar si hay banderas rojas, síntomas neurológicos progresivos, dolor no mecánico o señales de alarma.
FIS2_R0843;FIS2_P085;FIS2_T056;FIS2_TA013;media;Adaptar a valoración individual, irritabilidad, fase, dolor, función, comorbilidades, objetivos y tolerancia. Derivar si hay banderas rojas, síntomas neurológicos progresivos, dolor no mecánico o señales de alarma.
FIS2_R0844;FIS2_P085;FIS2_T056;FIS2_TA077;media;Adaptar a valoración individual, irritabilidad, fase, dolor, función, comorbilidades, objetivos y tolerancia. Derivar si hay banderas rojas, síntomas neurológicos progresivos, dolor no mecánico o señales de alarma.
FIS2_R0845;FIS2_P085;FIS2_T057;FIS2_TA079;media;Adaptar a valoración individual, irritabilidad, fase, dolor, función, comorbilidades, objetivos y tolerancia. Derivar si hay banderas rojas, síntomas neurológicos progresivos, dolor no mecánico o señales de alarma.
FIS2_R0846;FIS2_P085;FIS2_T058;FIS2_TA080;media;Adaptar a valoración individual, irritabilidad, fase, dolor, función, comorbilidades, objetivos y tolerancia. Derivar si hay banderas rojas, síntomas neurológicos progresivos, dolor no mecánico o señales de alarma.
FIS2_R0847;FIS2_P085;FIS2_T061;FIS2_TA008;media;Adaptar a valoración individual, irritabilidad, fase, dolor, función, comorbilidades, objetivos y tolerancia. Derivar si hay banderas rojas, síntomas neurológicos progresivos, dolor no mecánico o señales de alarma.
FIS2_R0848;FIS2_P085;FIS2_T065;FIS2_TA076;media;Adaptar a valoración individual, irritabilidad, fase, dolor, función, comorbilidades, objetivos y tolerancia. Derivar si hay banderas rojas, síntomas neurológicos progresivos, dolor no mecánico o señales de alarma.
FIS2_R0849;FIS2_P085;FIS2_T065;FIS2_TA086;media;Adaptar a valoración individual, irritabilidad, fase, dolor, función, comorbilidades, objetivos y tolerancia. Derivar si hay banderas rojas, síntomas neurológicos progresivos, dolor no mecánico o señales de alarma.
FIS2_R0850;FIS2_P085;FIS2_T065;FIS2_TA090;media;Adaptar a valoración individual, irritabilidad, fase, dolor, función, comorbilidades, objetivos y tolerancia. Derivar si hay banderas rojas, síntomas neurológicos progresivos, dolor no mecánico o señales de alarma.
FIS2_R0851;FIS2_P086;FIS2_T059;FIS2_TA081;alta;Adaptar a valoración individual, irritabilidad, fase, dolor, función, comorbilidades, objetivos y tolerancia. Derivar si hay banderas rojas, síntomas neurológicos progresivos, dolor no mecánico o señales de alarma.
FIS2_R0852;FIS2_P086;FIS2_T060;FIS2_TA082;alta;Adaptar a valoración individual, irritabilidad, fase, dolor, función, comorbilidades, objetivos y tolerancia. Derivar si hay banderas rojas, síntomas neurológicos progresivos, dolor no mecánico o señales de alarma.
FIS2_R0853;FIS2_P086;FIS2_T060;FIS2_TA083;alta;Adaptar a valoración individual, irritabilidad, fase, dolor, función, comorbilidades, objetivos y tolerancia. Derivar si hay banderas rojas, síntomas neurológicos progresivos, dolor no mecánico o señales de alarma.
FIS2_R0854;FIS2_P086;FIS2_T001;FIS2_TA001;media;Adaptar a valoración individual, irritabilidad, fase, dolor, función, comorbilidades, objetivos y tolerancia. Derivar si hay banderas rojas, síntomas neurológicos progresivos, dolor no mecánico o señales de alarma.
FIS2_R0855;FIS2_P086;FIS2_T002;FIS2_TA002;alta;Adaptar a valoración individual, irritabilidad, fase, dolor, función, comorbilidades, objetivos y tolerancia. Derivar si hay banderas rojas, síntomas neurológicos progresivos, dolor no mecánico o señales de alarma.
FIS2_R0856;FIS2_P086;FIS2_T002;FIS2_TA062;alta;Adaptar a valoración individual, irritabilidad, fase, dolor, función, comorbilidades, objetivos y tolerancia. Derivar si hay banderas rojas, síntomas neurológicos progresivos, dolor no mecánico o señales de alarma.
FIS2_R0857;FIS2_P086;FIS2_T061;FIS2_TA008;media;Adaptar a valoración individual, irritabilidad, fase, dolor, función, comorbilidades, objetivos y tolerancia. Derivar si hay banderas rojas, síntomas neurológicos progresivos, dolor no mecánico o señales de alarma.
FIS2_R0858;FIS2_P087;FIS2_T059;FIS2_TA081;alta;Adaptar a valoración individual, irritabilidad, fase, dolor, función, comorbilidades, objetivos y tolerancia. Derivar si hay banderas rojas, síntomas neurológicos progresivos, dolor no mecánico o señales de alarma.
FIS2_R0859;FIS2_P087;FIS2_T060;FIS2_TA082;alta;Adaptar a valoración individual, irritabilidad, fase, dolor, función, comorbilidades, objetivos y tolerancia. Derivar si hay banderas rojas, síntomas neurológicos progresivos, dolor no mecánico o señales de alarma.
FIS2_R0860;FIS2_P087;FIS2_T060;FIS2_TA083;alta;Adaptar a valoración individual, irritabilidad, fase, dolor, función, comorbilidades, objetivos y tolerancia. Derivar si hay banderas rojas, síntomas neurológicos progresivos, dolor no mecánico o señales de alarma.
FIS2_R0861;FIS2_P087;FIS2_T001;FIS2_TA001;media;Adaptar a valoración individual, irritabilidad, fase, dolor, función, comorbilidades, objetivos y tolerancia. Derivar si hay banderas rojas, síntomas neurológicos progresivos, dolor no mecánico o señales de alarma.
FIS2_R0862;FIS2_P087;FIS2_T002;FIS2_TA002;alta;Adaptar a valoración individual, irritabilidad, fase, dolor, función, comorbilidades, objetivos y tolerancia. Derivar si hay banderas rojas, síntomas neurológicos progresivos, dolor no mecánico o señales de alarma.
FIS2_R0863;FIS2_P087;FIS2_T002;FIS2_TA062;alta;Adaptar a valoración individual, irritabilidad, fase, dolor, función, comorbilidades, objetivos y tolerancia. Derivar si hay banderas rojas, síntomas neurológicos progresivos, dolor no mecánico o señales de alarma.
FIS2_R0864;FIS2_P087;FIS2_T061;FIS2_TA008;media;Adaptar a valoración individual, irritabilidad, fase, dolor, función, comorbilidades, objetivos y tolerancia. Derivar si hay banderas rojas, síntomas neurológicos progresivos, dolor no mecánico o señales de alarma.
FIS2_R0865;FIS2_P088;FIS2_T059;FIS2_TA081;alta;Adaptar a valoración individual, irritabilidad, fase, dolor, función, comorbilidades, objetivos y tolerancia. Derivar si hay banderas rojas, síntomas neurológicos progresivos, dolor no mecánico o señales de alarma.
FIS2_R0866;FIS2_P088;FIS2_T060;FIS2_TA082;alta;Adaptar a valoración individual, irritabilidad, fase, dolor, función, comorbilidades, objetivos y tolerancia. Derivar si hay banderas rojas, síntomas neurológicos progresivos, dolor no mecánico o señales de alarma.
FIS2_R0867;FIS2_P088;FIS2_T060;FIS2_TA083;alta;Adaptar a valoración individual, irritabilidad, fase, dolor, función, comorbilidades, objetivos y tolerancia. Derivar si hay banderas rojas, síntomas neurológicos progresivos, dolor no mecánico o señales de alarma.
FIS2_R0868;FIS2_P088;FIS2_T001;FIS2_TA001;media;Adaptar a valoración individual, irritabilidad, fase, dolor, función, comorbilidades, objetivos y tolerancia. Derivar si hay banderas rojas, síntomas neurológicos progresivos, dolor no mecánico o señales de alarma.
FIS2_R0869;FIS2_P088;FIS2_T002;FIS2_TA002;alta;Adaptar a valoración individual, irritabilidad, fase, dolor, función, comorbilidades, objetivos y tolerancia. Derivar si hay banderas rojas, síntomas neurológicos progresivos, dolor no mecánico o señales de alarma.
FIS2_R0870;FIS2_P088;FIS2_T002;FIS2_TA062;alta;Adaptar a valoración individual, irritabilidad, fase, dolor, función, comorbilidades, objetivos y tolerancia. Derivar si hay banderas rojas, síntomas neurológicos progresivos, dolor no mecánico o señales de alarma.
FIS2_R0871;FIS2_P088;FIS2_T061;FIS2_TA008;media;Adaptar a valoración individual, irritabilidad, fase, dolor, función, comorbilidades, objetivos y tolerancia. Derivar si hay banderas rojas, síntomas neurológicos progresivos, dolor no mecánico o señales de alarma.
FIS2_R0872;FIS2_P089;FIS2_T059;FIS2_TA081;alta;Adaptar a valoración individual, irritabilidad, fase, dolor, función, comorbilidades, objetivos y tolerancia. Derivar si hay banderas rojas, síntomas neurológicos progresivos, dolor no mecánico o señales de alarma.
FIS2_R0873;FIS2_P089;FIS2_T060;FIS2_TA082;alta;Adaptar a valoración individual, irritabilidad, fase, dolor, función, comorbilidades, objetivos y tolerancia. Derivar si hay banderas rojas, síntomas neurológicos progresivos, dolor no mecánico o señales de alarma.
FIS2_R0874;FIS2_P089;FIS2_T060;FIS2_TA083;alta;Adaptar a valoración individual, irritabilidad, fase, dolor, función, comorbilidades, objetivos y tolerancia. Derivar si hay banderas rojas, síntomas neurológicos progresivos, dolor no mecánico o señales de alarma.
FIS2_R0875;FIS2_P089;FIS2_T001;FIS2_TA001;media;Adaptar a valoración individual, irritabilidad, fase, dolor, función, comorbilidades, objetivos y tolerancia. Derivar si hay banderas rojas, síntomas neurológicos progresivos, dolor no mecánico o señales de alarma.
FIS2_R0876;FIS2_P089;FIS2_T002;FIS2_TA002;alta;Adaptar a valoración individual, irritabilidad, fase, dolor, función, comorbilidades, objetivos y tolerancia. Derivar si hay banderas rojas, síntomas neurológicos progresivos, dolor no mecánico o señales de alarma.
FIS2_R0877;FIS2_P089;FIS2_T002;FIS2_TA062;alta;Adaptar a valoración individual, irritabilidad, fase, dolor, función, comorbilidades, objetivos y tolerancia. Derivar si hay banderas rojas, síntomas neurológicos progresivos, dolor no mecánico o señales de alarma.
FIS2_R0878;FIS2_P089;FIS2_T061;FIS2_TA008;media;Adaptar a valoración individual, irritabilidad, fase, dolor, función, comorbilidades, objetivos y tolerancia. Derivar si hay banderas rojas, síntomas neurológicos progresivos, dolor no mecánico o señales de alarma.
FIS2_R0879;FIS2_P090;FIS2_T059;FIS2_TA081;alta;Adaptar a valoración individual, irritabilidad, fase, dolor, función, comorbilidades, objetivos y tolerancia. Derivar si hay banderas rojas, síntomas neurológicos progresivos, dolor no mecánico o señales de alarma.
FIS2_R0880;FIS2_P090;FIS2_T060;FIS2_TA082;alta;Adaptar a valoración individual, irritabilidad, fase, dolor, función, comorbilidades, objetivos y tolerancia. Derivar si hay banderas rojas, síntomas neurológicos progresivos, dolor no mecánico o señales de alarma.
FIS2_R0881;FIS2_P090;FIS2_T060;FIS2_TA083;alta;Adaptar a valoración individual, irritabilidad, fase, dolor, función, comorbilidades, objetivos y tolerancia. Derivar si hay banderas rojas, síntomas neurológicos progresivos, dolor no mecánico o señales de alarma.
FIS2_R0882;FIS2_P090;FIS2_T001;FIS2_TA001;media;Adaptar a valoración individual, irritabilidad, fase, dolor, función, comorbilidades, objetivos y tolerancia. Derivar si hay banderas rojas, síntomas neurológicos progresivos, dolor no mecánico o señales de alarma.
FIS2_R0883;FIS2_P090;FIS2_T002;FIS2_TA002;alta;Adaptar a valoración individual, irritabilidad, fase, dolor, función, comorbilidades, objetivos y tolerancia. Derivar si hay banderas rojas, síntomas neurológicos progresivos, dolor no mecánico o señales de alarma.
FIS2_R0884;FIS2_P090;FIS2_T002;FIS2_TA062;alta;Adaptar a valoración individual, irritabilidad, fase, dolor, función, comorbilidades, objetivos y tolerancia. Derivar si hay banderas rojas, síntomas neurológicos progresivos, dolor no mecánico o señales de alarma.
FIS2_R0885;FIS2_P090;FIS2_T061;FIS2_TA008;media;Adaptar a valoración individual, irritabilidad, fase, dolor, función, comorbilidades, objetivos y tolerancia. Derivar si hay banderas rojas, síntomas neurológicos progresivos, dolor no mecánico o señales de alarma.
