AREA;PROBLEMA_OBJETIVO;POBLACION;RIESGO_PROBLEMA;TECNICA_METODO;TAREA_PAUTA;DESCRIPCION_TAREA;OBJETIVO_TAREA;RIESGO_TAREA;DURACION;PRIORIDAD;FUENTE_IDS;NOTA_PROFESIONAL
Neurodivergencia adulta;TDAH adulto - inatención funcional;Adultos;medio;Psicoeducación;Psicoeducación sobre neurodivergencia;Revisar fortalezas, dificultades, mitos y necesidades de apoyo.;Mejorar autocomprensión.;bajo;sesión;alta;PSY2_SRC001;El profesional debe adaptar la tarea a evaluación clínica, riesgo, edad, contexto, objetivos, preferencias y límites competenciales.
Neurodivergencia adulta;TDAH adulto - inatención funcional;Adultos;medio;Planificación externa;Registro diario de atención y distracciones;Anotar situación, distractor, duración y estrategia usada.;Detectar patrones atencionales.;bajo;7 días;media;PSY2_SRC001;El profesional debe adaptar la tarea a evaluación clínica, riesgo, edad, contexto, objetivos, preferencias y límites competenciales.
Neurodivergencia adulta;TDAH adulto - inatención funcional;Adultos;medio;Planificación externa;Agenda externa semanal;Volcar citas, tareas, vencimientos y recordatorios en un sistema único.;Compensar memoria/organización.;bajo;semanal;media;PSY2_SRC001;El profesional debe adaptar la tarea a evaluación clínica, riesgo, edad, contexto, objetivos, preferencias y límites competenciales.
Neurodivergencia adulta;TDAH adulto - inatención funcional;Adultos;medio;Planificación externa;Rutina mínima diaria;Definir mínimos de sueño, comida, higiene, movimiento y tarea clave.;Recuperar estructura.;bajo;diario;media;PSY2_SRC001;El profesional debe adaptar la tarea a evaluación clínica, riesgo, edad, contexto, objetivos, preferencias y límites competenciales.
Neurodivergencia adulta;TDAH adulto - inatención funcional;Adultos;medio;Fragmentación de tareas;Checklist de inicio de tarea;Antes de empezar: objetivo, primer paso, materiales y tiempo estimado.;Reducir fricción inicial.;bajo;diario;media;PSY2_SRC001;El profesional debe adaptar la tarea a evaluación clínica, riesgo, edad, contexto, objetivos, preferencias y límites competenciales.
Neurodivergencia adulta;TDAH adulto - inatención funcional;Adultos;medio;Fragmentación de tareas;Tarea suficientemente buena;Entregar o terminar algo al 80% de perfección.;Reducir perfeccionismo.;medio;semanal;media;PSY2_SRC001;El profesional debe adaptar la tarea a evaluación clínica, riesgo, edad, contexto, objetivos, preferencias y límites competenciales.
Neurodivergencia adulta;TDAH adulto - inatención funcional;Adultos;medio;Fragmentación de tareas;Primer paso de 5 minutos;Iniciar tarea evitada solo durante 5 minutos.;Romper evitación.;bajo;cuando proceda;media;PSY2_SRC001;El profesional debe adaptar la tarea a evaluación clínica, riesgo, edad, contexto, objetivos, preferencias y límites competenciales.
Neurodivergencia adulta;TDAH adulto - inatención funcional;Adultos;medio;Gestión del tiempo;Bloques de trabajo con temporizador;Usar bloques breves con descanso planificado.;Mejorar adherencia y foco.;bajo;diario;media;PSY2_SRC001;El profesional debe adaptar la tarea a evaluación clínica, riesgo, edad, contexto, objetivos, preferencias y límites competenciales.
Neurodivergencia adulta;TDAH adulto - inatención funcional;Adultos;medio;Entrenamiento en pausa;Pausa de 10 segundos antes de responder;Parar, respirar y elegir respuesta antes de actuar.;Reducir impulsividad.;bajo;diario;media;PSY2_SRC001;El profesional debe adaptar la tarea a evaluación clínica, riesgo, edad, contexto, objetivos, preferencias y límites competenciales.
Neurodivergencia adulta;TDAH adulto - inatención funcional;Adultos;medio;Entrenamiento en pausa;Tarjeta de pausa emocional;Crear tarjeta con pasos: parar, respirar, nombrar, elegir.;Facilitar autocontrol.;bajo;diario;media;PSY2_SRC001;El profesional debe adaptar la tarea a evaluación clínica, riesgo, edad, contexto, objetivos, preferencias y límites competenciales.
Neurodivergencia adulta;TDAH adulto - inatención funcional;Adultos;medio;Adaptaciones para neurodivergencia;Plan de cambios imprevistos;Crear protocolo: aviso, pausa, opciones y siguiente paso.;Reducir rigidez ante cambios.;bajo;semanal;media;PSY2_SRC001;El profesional debe adaptar la tarea a evaluación clínica, riesgo, edad, contexto, objetivos, preferencias y límites competenciales.
Neurodivergencia adulta;TDAH adulto - inatención funcional;Adultos;medio;Análisis sensorial;Mapa de sobrecarga sensorial;Registrar estímulos, intensidad, contexto y recuperación.;Identificar perfil sensorial.;medio;7 días;media;PSY2_SRC001;El profesional debe adaptar la tarea a evaluación clínica, riesgo, edad, contexto, objetivos, preferencias y límites competenciales.
Neurodivergencia adulta;TDAH adulto - inatención funcional;Adultos;medio;Análisis sensorial;Plan de regulación sensorial;Definir pausas, auriculares, luz, espacios y señales de descanso.;Prevenir sobrecarga.;medio;semanal;media;PSY2_SRC001;El profesional debe adaptar la tarea a evaluación clínica, riesgo, edad, contexto, objetivos, preferencias y límites competenciales.
Neurodivergencia adulta;TDAH adulto - inatención funcional;Adultos;medio;Guiones sociales;Guion para situación social difícil;Preparar inicio, petición, límite y salida de una conversación.;Aumentar seguridad social.;bajo;antes de situación;media;PSY2_SRC001;El profesional debe adaptar la tarea a evaluación clínica, riesgo, edad, contexto, objetivos, preferencias y límites competenciales.
Neurodivergencia adulta;TDAH adulto - inatención funcional;Adultos;medio;Prevención de recaídas;Plan de prevención de recaídas;Señales tempranas, estrategias, apoyos y plan de revisión.;Mantener avances.;bajo;mensual;media;PSY2_SRC001;El profesional debe adaptar la tarea a evaluación clínica, riesgo, edad, contexto, objetivos, preferencias y límites competenciales.
Neurodivergencia adulta;TDAH adulto - desorganización;Adultos;medio;Psicoeducación;Psicoeducación sobre neurodivergencia;Revisar fortalezas, dificultades, mitos y necesidades de apoyo.;Mejorar autocomprensión.;bajo;sesión;alta;PSY2_SRC001;El profesional debe adaptar la tarea a evaluación clínica, riesgo, edad, contexto, objetivos, preferencias y límites competenciales.
Neurodivergencia adulta;TDAH adulto - desorganización;Adultos;medio;Planificación externa;Registro diario de atención y distracciones;Anotar situación, distractor, duración y estrategia usada.;Detectar patrones atencionales.;bajo;7 días;media;PSY2_SRC001;El profesional debe adaptar la tarea a evaluación clínica, riesgo, edad, contexto, objetivos, preferencias y límites competenciales.
Neurodivergencia adulta;TDAH adulto - desorganización;Adultos;medio;Planificación externa;Agenda externa semanal;Volcar citas, tareas, vencimientos y recordatorios en un sistema único.;Compensar memoria/organización.;bajo;semanal;media;PSY2_SRC001;El profesional debe adaptar la tarea a evaluación clínica, riesgo, edad, contexto, objetivos, preferencias y límites competenciales.
Neurodivergencia adulta;TDAH adulto - desorganización;Adultos;medio;Planificación externa;Rutina mínima diaria;Definir mínimos de sueño, comida, higiene, movimiento y tarea clave.;Recuperar estructura.;bajo;diario;media;PSY2_SRC001;El profesional debe adaptar la tarea a evaluación clínica, riesgo, edad, contexto, objetivos, preferencias y límites competenciales.
Neurodivergencia adulta;TDAH adulto - desorganización;Adultos;medio;Fragmentación de tareas;Checklist de inicio de tarea;Antes de empezar: objetivo, primer paso, materiales y tiempo estimado.;Reducir fricción inicial.;bajo;diario;media;PSY2_SRC001;El profesional debe adaptar la tarea a evaluación clínica, riesgo, edad, contexto, objetivos, preferencias y límites competenciales.
Neurodivergencia adulta;TDAH adulto - desorganización;Adultos;medio;Fragmentación de tareas;Tarea suficientemente buena;Entregar o terminar algo al 80% de perfección.;Reducir perfeccionismo.;medio;semanal;media;PSY2_SRC001;El profesional debe adaptar la tarea a evaluación clínica, riesgo, edad, contexto, objetivos, preferencias y límites competenciales.
Neurodivergencia adulta;TDAH adulto - desorganización;Adultos;medio;Fragmentación de tareas;Primer paso de 5 minutos;Iniciar tarea evitada solo durante 5 minutos.;Romper evitación.;bajo;cuando proceda;media;PSY2_SRC001;El profesional debe adaptar la tarea a evaluación clínica, riesgo, edad, contexto, objetivos, preferencias y límites competenciales.
Neurodivergencia adulta;TDAH adulto - desorganización;Adultos;medio;Gestión del tiempo;Bloques de trabajo con temporizador;Usar bloques breves con descanso planificado.;Mejorar adherencia y foco.;bajo;diario;media;PSY2_SRC001;El profesional debe adaptar la tarea a evaluación clínica, riesgo, edad, contexto, objetivos, preferencias y límites competenciales.
Neurodivergencia adulta;TDAH adulto - desorganización;Adultos;medio;Entrenamiento en pausa;Pausa de 10 segundos antes de responder;Parar, respirar y elegir respuesta antes de actuar.;Reducir impulsividad.;bajo;diario;media;PSY2_SRC001;El profesional debe adaptar la tarea a evaluación clínica, riesgo, edad, contexto, objetivos, preferencias y límites competenciales.
Neurodivergencia adulta;TDAH adulto - desorganización;Adultos;medio;Entrenamiento en pausa;Tarjeta de pausa emocional;Crear tarjeta con pasos: parar, respirar, nombrar, elegir.;Facilitar autocontrol.;bajo;diario;media;PSY2_SRC001;El profesional debe adaptar la tarea a evaluación clínica, riesgo, edad, contexto, objetivos, preferencias y límites competenciales.
Neurodivergencia adulta;TDAH adulto - desorganización;Adultos;medio;Adaptaciones para neurodivergencia;Plan de cambios imprevistos;Crear protocolo: aviso, pausa, opciones y siguiente paso.;Reducir rigidez ante cambios.;bajo;semanal;media;PSY2_SRC001;El profesional debe adaptar la tarea a evaluación clínica, riesgo, edad, contexto, objetivos, preferencias y límites competenciales.
Neurodivergencia adulta;TDAH adulto - desorganización;Adultos;medio;Análisis sensorial;Mapa de sobrecarga sensorial;Registrar estímulos, intensidad, contexto y recuperación.;Identificar perfil sensorial.;medio;7 días;media;PSY2_SRC001;El profesional debe adaptar la tarea a evaluación clínica, riesgo, edad, contexto, objetivos, preferencias y límites competenciales.
Neurodivergencia adulta;TDAH adulto - desorganización;Adultos;medio;Análisis sensorial;Plan de regulación sensorial;Definir pausas, auriculares, luz, espacios y señales de descanso.;Prevenir sobrecarga.;medio;semanal;media;PSY2_SRC001;El profesional debe adaptar la tarea a evaluación clínica, riesgo, edad, contexto, objetivos, preferencias y límites competenciales.
Neurodivergencia adulta;TDAH adulto - desorganización;Adultos;medio;Guiones sociales;Guion para situación social difícil;Preparar inicio, petición, límite y salida de una conversación.;Aumentar seguridad social.;bajo;antes de situación;media;PSY2_SRC001;El profesional debe adaptar la tarea a evaluación clínica, riesgo, edad, contexto, objetivos, preferencias y límites competenciales.
Neurodivergencia adulta;TDAH adulto - desorganización;Adultos;medio;Prevención de recaídas;Plan de prevención de recaídas;Señales tempranas, estrategias, apoyos y plan de revisión.;Mantener avances.;bajo;mensual;media;PSY2_SRC001;El profesional debe adaptar la tarea a evaluación clínica, riesgo, edad, contexto, objetivos, preferencias y límites competenciales.
Neurodivergencia adulta;TDAH adulto - procrastinación crónica;Adultos;medio;Psicoeducación;Psicoeducación sobre neurodivergencia;Revisar fortalezas, dificultades, mitos y necesidades de apoyo.;Mejorar autocomprensión.;bajo;sesión;alta;PSY2_SRC001;El profesional debe adaptar la tarea a evaluación clínica, riesgo, edad, contexto, objetivos, preferencias y límites competenciales.
Neurodivergencia adulta;TDAH adulto - procrastinación crónica;Adultos;medio;Planificación externa;Registro diario de atención y distracciones;Anotar situación, distractor, duración y estrategia usada.;Detectar patrones atencionales.;bajo;7 días;media;PSY2_SRC001;El profesional debe adaptar la tarea a evaluación clínica, riesgo, edad, contexto, objetivos, preferencias y límites competenciales.
Neurodivergencia adulta;TDAH adulto - procrastinación crónica;Adultos;medio;Planificación externa;Agenda externa semanal;Volcar citas, tareas, vencimientos y recordatorios en un sistema único.;Compensar memoria/organización.;bajo;semanal;media;PSY2_SRC001;El profesional debe adaptar la tarea a evaluación clínica, riesgo, edad, contexto, objetivos, preferencias y límites competenciales.
Neurodivergencia adulta;TDAH adulto - procrastinación crónica;Adultos;medio;Planificación externa;Rutina mínima diaria;Definir mínimos de sueño, comida, higiene, movimiento y tarea clave.;Recuperar estructura.;bajo;diario;media;PSY2_SRC001;El profesional debe adaptar la tarea a evaluación clínica, riesgo, edad, contexto, objetivos, preferencias y límites competenciales.
Neurodivergencia adulta;TDAH adulto - procrastinación crónica;Adultos;medio;Fragmentación de tareas;Checklist de inicio de tarea;Antes de empezar: objetivo, primer paso, materiales y tiempo estimado.;Reducir fricción inicial.;bajo;diario;media;PSY2_SRC001;El profesional debe adaptar la tarea a evaluación clínica, riesgo, edad, contexto, objetivos, preferencias y límites competenciales.
Neurodivergencia adulta;TDAH adulto - procrastinación crónica;Adultos;medio;Fragmentación de tareas;Tarea suficientemente buena;Entregar o terminar algo al 80% de perfección.;Reducir perfeccionismo.;medio;semanal;media;PSY2_SRC001;El profesional debe adaptar la tarea a evaluación clínica, riesgo, edad, contexto, objetivos, preferencias y límites competenciales.
Neurodivergencia adulta;TDAH adulto - procrastinación crónica;Adultos;medio;Fragmentación de tareas;Primer paso de 5 minutos;Iniciar tarea evitada solo durante 5 minutos.;Romper evitación.;bajo;cuando proceda;media;PSY2_SRC001;El profesional debe adaptar la tarea a evaluación clínica, riesgo, edad, contexto, objetivos, preferencias y límites competenciales.
Neurodivergencia adulta;TDAH adulto - procrastinación crónica;Adultos;medio;Gestión del tiempo;Bloques de trabajo con temporizador;Usar bloques breves con descanso planificado.;Mejorar adherencia y foco.;bajo;diario;media;PSY2_SRC001;El profesional debe adaptar la tarea a evaluación clínica, riesgo, edad, contexto, objetivos, preferencias y límites competenciales.
Neurodivergencia adulta;TDAH adulto - procrastinación crónica;Adultos;medio;Entrenamiento en pausa;Pausa de 10 segundos antes de responder;Parar, respirar y elegir respuesta antes de actuar.;Reducir impulsividad.;bajo;diario;media;PSY2_SRC001;El profesional debe adaptar la tarea a evaluación clínica, riesgo, edad, contexto, objetivos, preferencias y límites competenciales.
Neurodivergencia adulta;TDAH adulto - procrastinación crónica;Adultos;medio;Entrenamiento en pausa;Tarjeta de pausa emocional;Crear tarjeta con pasos: parar, respirar, nombrar, elegir.;Facilitar autocontrol.;bajo;diario;media;PSY2_SRC001;El profesional debe adaptar la tarea a evaluación clínica, riesgo, edad, contexto, objetivos, preferencias y límites competenciales.
Neurodivergencia adulta;TDAH adulto - procrastinación crónica;Adultos;medio;Adaptaciones para neurodivergencia;Plan de cambios imprevistos;Crear protocolo: aviso, pausa, opciones y siguiente paso.;Reducir rigidez ante cambios.;bajo;semanal;media;PSY2_SRC001;El profesional debe adaptar la tarea a evaluación clínica, riesgo, edad, contexto, objetivos, preferencias y límites competenciales.
Neurodivergencia adulta;TDAH adulto - procrastinación crónica;Adultos;medio;Análisis sensorial;Mapa de sobrecarga sensorial;Registrar estímulos, intensidad, contexto y recuperación.;Identificar perfil sensorial.;medio;7 días;media;PSY2_SRC001;El profesional debe adaptar la tarea a evaluación clínica, riesgo, edad, contexto, objetivos, preferencias y límites competenciales.
Neurodivergencia adulta;TDAH adulto - procrastinación crónica;Adultos;medio;Análisis sensorial;Plan de regulación sensorial;Definir pausas, auriculares, luz, espacios y señales de descanso.;Prevenir sobrecarga.;medio;semanal;media;PSY2_SRC001;El profesional debe adaptar la tarea a evaluación clínica, riesgo, edad, contexto, objetivos, preferencias y límites competenciales.
Neurodivergencia adulta;TDAH adulto - procrastinación crónica;Adultos;medio;Guiones sociales;Guion para situación social difícil;Preparar inicio, petición, límite y salida de una conversación.;Aumentar seguridad social.;bajo;antes de situación;media;PSY2_SRC001;El profesional debe adaptar la tarea a evaluación clínica, riesgo, edad, contexto, objetivos, preferencias y límites competenciales.
Neurodivergencia adulta;TDAH adulto - procrastinación crónica;Adultos;medio;Prevención de recaídas;Plan de prevención de recaídas;Señales tempranas, estrategias, apoyos y plan de revisión.;Mantener avances.;bajo;mensual;media;PSY2_SRC001;El profesional debe adaptar la tarea a evaluación clínica, riesgo, edad, contexto, objetivos, preferencias y límites competenciales.
Neurodivergencia adulta;TDAH adulto - impulsividad cotidiana;Adultos;medio;Psicoeducación;Psicoeducación sobre neurodivergencia;Revisar fortalezas, dificultades, mitos y necesidades de apoyo.;Mejorar autocomprensión.;bajo;sesión;alta;PSY2_SRC001;El profesional debe adaptar la tarea a evaluación clínica, riesgo, edad, contexto, objetivos, preferencias y límites competenciales.
Neurodivergencia adulta;TDAH adulto - impulsividad cotidiana;Adultos;medio;Planificación externa;Registro diario de atención y distracciones;Anotar situación, distractor, duración y estrategia usada.;Detectar patrones atencionales.;bajo;7 días;media;PSY2_SRC001;El profesional debe adaptar la tarea a evaluación clínica, riesgo, edad, contexto, objetivos, preferencias y límites competenciales.
Neurodivergencia adulta;TDAH adulto - impulsividad cotidiana;Adultos;medio;Planificación externa;Agenda externa semanal;Volcar citas, tareas, vencimientos y recordatorios en un sistema único.;Compensar memoria/organización.;bajo;semanal;media;PSY2_SRC001;El profesional debe adaptar la tarea a evaluación clínica, riesgo, edad, contexto, objetivos, preferencias y límites competenciales.
Neurodivergencia adulta;TDAH adulto - impulsividad cotidiana;Adultos;medio;Planificación externa;Rutina mínima diaria;Definir mínimos de sueño, comida, higiene, movimiento y tarea clave.;Recuperar estructura.;bajo;diario;media;PSY2_SRC001;El profesional debe adaptar la tarea a evaluación clínica, riesgo, edad, contexto, objetivos, preferencias y límites competenciales.
Neurodivergencia adulta;TDAH adulto - impulsividad cotidiana;Adultos;medio;Fragmentación de tareas;Checklist de inicio de tarea;Antes de empezar: objetivo, primer paso, materiales y tiempo estimado.;Reducir fricción inicial.;bajo;diario;media;PSY2_SRC001;El profesional debe adaptar la tarea a evaluación clínica, riesgo, edad, contexto, objetivos, preferencias y límites competenciales.
Neurodivergencia adulta;TDAH adulto - impulsividad cotidiana;Adultos;medio;Fragmentación de tareas;Tarea suficientemente buena;Entregar o terminar algo al 80% de perfección.;Reducir perfeccionismo.;medio;semanal;media;PSY2_SRC001;El profesional debe adaptar la tarea a evaluación clínica, riesgo, edad, contexto, objetivos, preferencias y límites competenciales.
Neurodivergencia adulta;TDAH adulto - impulsividad cotidiana;Adultos;medio;Fragmentación de tareas;Primer paso de 5 minutos;Iniciar tarea evitada solo durante 5 minutos.;Romper evitación.;bajo;cuando proceda;media;PSY2_SRC001;El profesional debe adaptar la tarea a evaluación clínica, riesgo, edad, contexto, objetivos, preferencias y límites competenciales.
Neurodivergencia adulta;TDAH adulto - impulsividad cotidiana;Adultos;medio;Gestión del tiempo;Bloques de trabajo con temporizador;Usar bloques breves con descanso planificado.;Mejorar adherencia y foco.;bajo;diario;media;PSY2_SRC001;El profesional debe adaptar la tarea a evaluación clínica, riesgo, edad, contexto, objetivos, preferencias y límites competenciales.
Neurodivergencia adulta;TDAH adulto - impulsividad cotidiana;Adultos;medio;Entrenamiento en pausa;Pausa de 10 segundos antes de responder;Parar, respirar y elegir respuesta antes de actuar.;Reducir impulsividad.;bajo;diario;media;PSY2_SRC001;El profesional debe adaptar la tarea a evaluación clínica, riesgo, edad, contexto, objetivos, preferencias y límites competenciales.
Neurodivergencia adulta;TDAH adulto - impulsividad cotidiana;Adultos;medio;Entrenamiento en pausa;Tarjeta de pausa emocional;Crear tarjeta con pasos: parar, respirar, nombrar, elegir.;Facilitar autocontrol.;bajo;diario;media;PSY2_SRC001;El profesional debe adaptar la tarea a evaluación clínica, riesgo, edad, contexto, objetivos, preferencias y límites competenciales.
Neurodivergencia adulta;TDAH adulto - impulsividad cotidiana;Adultos;medio;Adaptaciones para neurodivergencia;Plan de cambios imprevistos;Crear protocolo: aviso, pausa, opciones y siguiente paso.;Reducir rigidez ante cambios.;bajo;semanal;media;PSY2_SRC001;El profesional debe adaptar la tarea a evaluación clínica, riesgo, edad, contexto, objetivos, preferencias y límites competenciales.
Neurodivergencia adulta;TDAH adulto - impulsividad cotidiana;Adultos;medio;Análisis sensorial;Mapa de sobrecarga sensorial;Registrar estímulos, intensidad, contexto y recuperación.;Identificar perfil sensorial.;medio;7 días;media;PSY2_SRC001;El profesional debe adaptar la tarea a evaluación clínica, riesgo, edad, contexto, objetivos, preferencias y límites competenciales.
Neurodivergencia adulta;TDAH adulto - impulsividad cotidiana;Adultos;medio;Análisis sensorial;Plan de regulación sensorial;Definir pausas, auriculares, luz, espacios y señales de descanso.;Prevenir sobrecarga.;medio;semanal;media;PSY2_SRC001;El profesional debe adaptar la tarea a evaluación clínica, riesgo, edad, contexto, objetivos, preferencias y límites competenciales.
Neurodivergencia adulta;TDAH adulto - impulsividad cotidiana;Adultos;medio;Guiones sociales;Guion para situación social difícil;Preparar inicio, petición, límite y salida de una conversación.;Aumentar seguridad social.;bajo;antes de situación;media;PSY2_SRC001;El profesional debe adaptar la tarea a evaluación clínica, riesgo, edad, contexto, objetivos, preferencias y límites competenciales.
Neurodivergencia adulta;TDAH adulto - impulsividad cotidiana;Adultos;medio;Prevención de recaídas;Plan de prevención de recaídas;Señales tempranas, estrategias, apoyos y plan de revisión.;Mantener avances.;bajo;mensual;media;PSY2_SRC001;El profesional debe adaptar la tarea a evaluación clínica, riesgo, edad, contexto, objetivos, preferencias y límites competenciales.
Neurodivergencia adulta;TDAH adulto - gestión del tiempo;Adultos;medio;Psicoeducación;Psicoeducación sobre neurodivergencia;Revisar fortalezas, dificultades, mitos y necesidades de apoyo.;Mejorar autocomprensión.;bajo;sesión;alta;PSY2_SRC001;El profesional debe adaptar la tarea a evaluación clínica, riesgo, edad, contexto, objetivos, preferencias y límites competenciales.
Neurodivergencia adulta;TDAH adulto - gestión del tiempo;Adultos;medio;Planificación externa;Registro diario de atención y distracciones;Anotar situación, distractor, duración y estrategia usada.;Detectar patrones atencionales.;bajo;7 días;media;PSY2_SRC001;El profesional debe adaptar la tarea a evaluación clínica, riesgo, edad, contexto, objetivos, preferencias y límites competenciales.
Neurodivergencia adulta;TDAH adulto - gestión del tiempo;Adultos;medio;Planificación externa;Agenda externa semanal;Volcar citas, tareas, vencimientos y recordatorios en un sistema único.;Compensar memoria/organización.;bajo;semanal;media;PSY2_SRC001;El profesional debe adaptar la tarea a evaluación clínica, riesgo, edad, contexto, objetivos, preferencias y límites competenciales.
Neurodivergencia adulta;TDAH adulto - gestión del tiempo;Adultos;medio;Planificación externa;Rutina mínima diaria;Definir mínimos de sueño, comida, higiene, movimiento y tarea clave.;Recuperar estructura.;bajo;diario;media;PSY2_SRC001;El profesional debe adaptar la tarea a evaluación clínica, riesgo, edad, contexto, objetivos, preferencias y límites competenciales.
Neurodivergencia adulta;TDAH adulto - gestión del tiempo;Adultos;medio;Fragmentación de tareas;Checklist de inicio de tarea;Antes de empezar: objetivo, primer paso, materiales y tiempo estimado.;Reducir fricción inicial.;bajo;diario;media;PSY2_SRC001;El profesional debe adaptar la tarea a evaluación clínica, riesgo, edad, contexto, objetivos, preferencias y límites competenciales.
Neurodivergencia adulta;TDAH adulto - gestión del tiempo;Adultos;medio;Fragmentación de tareas;Tarea suficientemente buena;Entregar o terminar algo al 80% de perfección.;Reducir perfeccionismo.;medio;semanal;media;PSY2_SRC001;El profesional debe adaptar la tarea a evaluación clínica, riesgo, edad, contexto, objetivos, preferencias y límites competenciales.
Neurodivergencia adulta;TDAH adulto - gestión del tiempo;Adultos;medio;Fragmentación de tareas;Primer paso de 5 minutos;Iniciar tarea evitada solo durante 5 minutos.;Romper evitación.;bajo;cuando proceda;media;PSY2_SRC001;El profesional debe adaptar la tarea a evaluación clínica, riesgo, edad, contexto, objetivos, preferencias y límites competenciales.
Neurodivergencia adulta;TDAH adulto - gestión del tiempo;Adultos;medio;Gestión del tiempo;Bloques de trabajo con temporizador;Usar bloques breves con descanso planificado.;Mejorar adherencia y foco.;bajo;diario;media;PSY2_SRC001;El profesional debe adaptar la tarea a evaluación clínica, riesgo, edad, contexto, objetivos, preferencias y límites competenciales.
Neurodivergencia adulta;TDAH adulto - gestión del tiempo;Adultos;medio;Entrenamiento en pausa;Pausa de 10 segundos antes de responder;Parar, respirar y elegir respuesta antes de actuar.;Reducir impulsividad.;bajo;diario;media;PSY2_SRC001;El profesional debe adaptar la tarea a evaluación clínica, riesgo, edad, contexto, objetivos, preferencias y límites competenciales.
Neurodivergencia adulta;TDAH adulto - gestión del tiempo;Adultos;medio;Entrenamiento en pausa;Tarjeta de pausa emocional;Crear tarjeta con pasos: parar, respirar, nombrar, elegir.;Facilitar autocontrol.;bajo;diario;media;PSY2_SRC001;El profesional debe adaptar la tarea a evaluación clínica, riesgo, edad, contexto, objetivos, preferencias y límites competenciales.
Neurodivergencia adulta;TDAH adulto - gestión del tiempo;Adultos;medio;Adaptaciones para neurodivergencia;Plan de cambios imprevistos;Crear protocolo: aviso, pausa, opciones y siguiente paso.;Reducir rigidez ante cambios.;bajo;semanal;media;PSY2_SRC001;El profesional debe adaptar la tarea a evaluación clínica, riesgo, edad, contexto, objetivos, preferencias y límites competenciales.
Neurodivergencia adulta;TDAH adulto - gestión del tiempo;Adultos;medio;Análisis sensorial;Mapa de sobrecarga sensorial;Registrar estímulos, intensidad, contexto y recuperación.;Identificar perfil sensorial.;medio;7 días;media;PSY2_SRC001;El profesional debe adaptar la tarea a evaluación clínica, riesgo, edad, contexto, objetivos, preferencias y límites competenciales.
Neurodivergencia adulta;TDAH adulto - gestión del tiempo;Adultos;medio;Análisis sensorial;Plan de regulación sensorial;Definir pausas, auriculares, luz, espacios y señales de descanso.;Prevenir sobrecarga.;medio;semanal;media;PSY2_SRC001;El profesional debe adaptar la tarea a evaluación clínica, riesgo, edad, contexto, objetivos, preferencias y límites competenciales.
Neurodivergencia adulta;TDAH adulto - gestión del tiempo;Adultos;medio;Guiones sociales;Guion para situación social difícil;Preparar inicio, petición, límite y salida de una conversación.;Aumentar seguridad social.;bajo;antes de situación;media;PSY2_SRC001;El profesional debe adaptar la tarea a evaluación clínica, riesgo, edad, contexto, objetivos, preferencias y límites competenciales.
Neurodivergencia adulta;TDAH adulto - gestión del tiempo;Adultos;medio;Prevención de recaídas;Plan de prevención de recaídas;Señales tempranas, estrategias, apoyos y plan de revisión.;Mantener avances.;bajo;mensual;media;PSY2_SRC001;El profesional debe adaptar la tarea a evaluación clínica, riesgo, edad, contexto, objetivos, preferencias y límites competenciales.
Neurodivergencia adulta;TDAH adolescente - seguimiento escolar;Adolescentes;medio;Psicoeducación;Psicoeducación sobre neurodivergencia;Revisar fortalezas, dificultades, mitos y necesidades de apoyo.;Mejorar autocomprensión.;bajo;sesión;alta;PSY2_SRC001;El profesional debe adaptar la tarea a evaluación clínica, riesgo, edad, contexto, objetivos, preferencias y límites competenciales.
Neurodivergencia adulta;TDAH adolescente - seguimiento escolar;Adolescentes;medio;Planificación externa;Registro diario de atención y distracciones;Anotar situación, distractor, duración y estrategia usada.;Detectar patrones atencionales.;bajo;7 días;media;PSY2_SRC001;El profesional debe adaptar la tarea a evaluación clínica, riesgo, edad, contexto, objetivos, preferencias y límites competenciales.
Neurodivergencia adulta;TDAH adolescente - seguimiento escolar;Adolescentes;medio;Planificación externa;Agenda externa semanal;Volcar citas, tareas, vencimientos y recordatorios en un sistema único.;Compensar memoria/organización.;bajo;semanal;media;PSY2_SRC001;El profesional debe adaptar la tarea a evaluación clínica, riesgo, edad, contexto, objetivos, preferencias y límites competenciales.
Neurodivergencia adulta;TDAH adolescente - seguimiento escolar;Adolescentes;medio;Planificación externa;Rutina mínima diaria;Definir mínimos de sueño, comida, higiene, movimiento y tarea clave.;Recuperar estructura.;bajo;diario;media;PSY2_SRC001;El profesional debe adaptar la tarea a evaluación clínica, riesgo, edad, contexto, objetivos, preferencias y límites competenciales.
Neurodivergencia adulta;TDAH adolescente - seguimiento escolar;Adolescentes;medio;Fragmentación de tareas;Checklist de inicio de tarea;Antes de empezar: objetivo, primer paso, materiales y tiempo estimado.;Reducir fricción inicial.;bajo;diario;media;PSY2_SRC001;El profesional debe adaptar la tarea a evaluación clínica, riesgo, edad, contexto, objetivos, preferencias y límites competenciales.
Neurodivergencia adulta;TDAH adolescente - seguimiento escolar;Adolescentes;medio;Fragmentación de tareas;Tarea suficientemente buena;Entregar o terminar algo al 80% de perfección.;Reducir perfeccionismo.;medio;semanal;media;PSY2_SRC001;El profesional debe adaptar la tarea a evaluación clínica, riesgo, edad, contexto, objetivos, preferencias y límites competenciales.
Neurodivergencia adulta;TDAH adolescente - seguimiento escolar;Adolescentes;medio;Fragmentación de tareas;Primer paso de 5 minutos;Iniciar tarea evitada solo durante 5 minutos.;Romper evitación.;bajo;cuando proceda;media;PSY2_SRC001;El profesional debe adaptar la tarea a evaluación clínica, riesgo, edad, contexto, objetivos, preferencias y límites competenciales.
Neurodivergencia adulta;TDAH adolescente - seguimiento escolar;Adolescentes;medio;Gestión del tiempo;Bloques de trabajo con temporizador;Usar bloques breves con descanso planificado.;Mejorar adherencia y foco.;bajo;diario;media;PSY2_SRC001;El profesional debe adaptar la tarea a evaluación clínica, riesgo, edad, contexto, objetivos, preferencias y límites competenciales.
Neurodivergencia adulta;TDAH adolescente - seguimiento escolar;Adolescentes;medio;Entrenamiento en pausa;Pausa de 10 segundos antes de responder;Parar, respirar y elegir respuesta antes de actuar.;Reducir impulsividad.;bajo;diario;media;PSY2_SRC001;El profesional debe adaptar la tarea a evaluación clínica, riesgo, edad, contexto, objetivos, preferencias y límites competenciales.
Neurodivergencia adulta;TDAH adolescente - seguimiento escolar;Adolescentes;medio;Entrenamiento en pausa;Tarjeta de pausa emocional;Crear tarjeta con pasos: parar, respirar, nombrar, elegir.;Facilitar autocontrol.;bajo;diario;media;PSY2_SRC001;El profesional debe adaptar la tarea a evaluación clínica, riesgo, edad, contexto, objetivos, preferencias y límites competenciales.
Neurodivergencia adulta;TDAH adolescente - seguimiento escolar;Adolescentes;medio;Adaptaciones para neurodivergencia;Plan de cambios imprevistos;Crear protocolo: aviso, pausa, opciones y siguiente paso.;Reducir rigidez ante cambios.;bajo;semanal;media;PSY2_SRC001;El profesional debe adaptar la tarea a evaluación clínica, riesgo, edad, contexto, objetivos, preferencias y límites competenciales.
Neurodivergencia adulta;TDAH adolescente - seguimiento escolar;Adolescentes;medio;Análisis sensorial;Mapa de sobrecarga sensorial;Registrar estímulos, intensidad, contexto y recuperación.;Identificar perfil sensorial.;medio;7 días;media;PSY2_SRC001;El profesional debe adaptar la tarea a evaluación clínica, riesgo, edad, contexto, objetivos, preferencias y límites competenciales.
Neurodivergencia adulta;TDAH adolescente - seguimiento escolar;Adolescentes;medio;Análisis sensorial;Plan de regulación sensorial;Definir pausas, auriculares, luz, espacios y señales de descanso.;Prevenir sobrecarga.;medio;semanal;media;PSY2_SRC001;El profesional debe adaptar la tarea a evaluación clínica, riesgo, edad, contexto, objetivos, preferencias y límites competenciales.
Neurodivergencia adulta;TDAH adolescente - seguimiento escolar;Adolescentes;medio;Guiones sociales;Guion para situación social difícil;Preparar inicio, petición, límite y salida de una conversación.;Aumentar seguridad social.;bajo;antes de situación;media;PSY2_SRC001;El profesional debe adaptar la tarea a evaluación clínica, riesgo, edad, contexto, objetivos, preferencias y límites competenciales.
Neurodivergencia adulta;TDAH adolescente - seguimiento escolar;Adolescentes;medio;Prevención de recaídas;Plan de prevención de recaídas;Señales tempranas, estrategias, apoyos y plan de revisión.;Mantener avances.;bajo;mensual;media;PSY2_SRC001;El profesional debe adaptar la tarea a evaluación clínica, riesgo, edad, contexto, objetivos, preferencias y límites competenciales.
Neurodivergencia adulta;TEA adulto - masking y agotamiento social;Adultos;medio;Psicoeducación;Psicoeducación sobre neurodivergencia;Revisar fortalezas, dificultades, mitos y necesidades de apoyo.;Mejorar autocomprensión.;bajo;sesión;alta;"PSY2_SRC002;PSY2_SRC003";El profesional debe adaptar la tarea a evaluación clínica, riesgo, edad, contexto, objetivos, preferencias y límites competenciales.
Neurodivergencia adulta;TEA adulto - masking y agotamiento social;Adultos;medio;Planificación externa;Registro diario de atención y distracciones;Anotar situación, distractor, duración y estrategia usada.;Detectar patrones atencionales.;bajo;7 días;media;"PSY2_SRC002;PSY2_SRC003";El profesional debe adaptar la tarea a evaluación clínica, riesgo, edad, contexto, objetivos, preferencias y límites competenciales.
Neurodivergencia adulta;TEA adulto - masking y agotamiento social;Adultos;medio;Planificación externa;Agenda externa semanal;Volcar citas, tareas, vencimientos y recordatorios en un sistema único.;Compensar memoria/organización.;bajo;semanal;media;"PSY2_SRC002;PSY2_SRC003";El profesional debe adaptar la tarea a evaluación clínica, riesgo, edad, contexto, objetivos, preferencias y límites competenciales.
Neurodivergencia adulta;TEA adulto - masking y agotamiento social;Adultos;medio;Planificación externa;Rutina mínima diaria;Definir mínimos de sueño, comida, higiene, movimiento y tarea clave.;Recuperar estructura.;bajo;diario;media;"PSY2_SRC002;PSY2_SRC003";El profesional debe adaptar la tarea a evaluación clínica, riesgo, edad, contexto, objetivos, preferencias y límites competenciales.
Neurodivergencia adulta;TEA adulto - masking y agotamiento social;Adultos;medio;Fragmentación de tareas;Checklist de inicio de tarea;Antes de empezar: objetivo, primer paso, materiales y tiempo estimado.;Reducir fricción inicial.;bajo;diario;media;"PSY2_SRC002;PSY2_SRC003";El profesional debe adaptar la tarea a evaluación clínica, riesgo, edad, contexto, objetivos, preferencias y límites competenciales.
Neurodivergencia adulta;TEA adulto - masking y agotamiento social;Adultos;medio;Fragmentación de tareas;Tarea suficientemente buena;Entregar o terminar algo al 80% de perfección.;Reducir perfeccionismo.;medio;semanal;media;"PSY2_SRC002;PSY2_SRC003";El profesional debe adaptar la tarea a evaluación clínica, riesgo, edad, contexto, objetivos, preferencias y límites competenciales.
Neurodivergencia adulta;TEA adulto - masking y agotamiento social;Adultos;medio;Fragmentación de tareas;Primer paso de 5 minutos;Iniciar tarea evitada solo durante 5 minutos.;Romper evitación.;bajo;cuando proceda;media;"PSY2_SRC002;PSY2_SRC003";El profesional debe adaptar la tarea a evaluación clínica, riesgo, edad, contexto, objetivos, preferencias y límites competenciales.
Neurodivergencia adulta;TEA adulto - masking y agotamiento social;Adultos;medio;Gestión del tiempo;Bloques de trabajo con temporizador;Usar bloques breves con descanso planificado.;Mejorar adherencia y foco.;bajo;diario;media;"PSY2_SRC002;PSY2_SRC003";El profesional debe adaptar la tarea a evaluación clínica, riesgo, edad, contexto, objetivos, preferencias y límites competenciales.
Neurodivergencia adulta;TEA adulto - masking y agotamiento social;Adultos;medio;Entrenamiento en pausa;Pausa de 10 segundos antes de responder;Parar, respirar y elegir respuesta antes de actuar.;Reducir impulsividad.;bajo;diario;media;"PSY2_SRC002;PSY2_SRC003";El profesional debe adaptar la tarea a evaluación clínica, riesgo, edad, contexto, objetivos, preferencias y límites competenciales.
Neurodivergencia adulta;TEA adulto - masking y agotamiento social;Adultos;medio;Entrenamiento en pausa;Tarjeta de pausa emocional;Crear tarjeta con pasos: parar, respirar, nombrar, elegir.;Facilitar autocontrol.;bajo;diario;media;"PSY2_SRC002;PSY2_SRC003";El profesional debe adaptar la tarea a evaluación clínica, riesgo, edad, contexto, objetivos, preferencias y límites competenciales.
Neurodivergencia adulta;TEA adulto - masking y agotamiento social;Adultos;medio;Adaptaciones para neurodivergencia;Plan de cambios imprevistos;Crear protocolo: aviso, pausa, opciones y siguiente paso.;Reducir rigidez ante cambios.;bajo;semanal;media;"PSY2_SRC002;PSY2_SRC003";El profesional debe adaptar la tarea a evaluación clínica, riesgo, edad, contexto, objetivos, preferencias y límites competenciales.
Neurodivergencia adulta;TEA adulto - masking y agotamiento social;Adultos;medio;Análisis sensorial;Mapa de sobrecarga sensorial;Registrar estímulos, intensidad, contexto y recuperación.;Identificar perfil sensorial.;medio;7 días;media;"PSY2_SRC002;PSY2_SRC003";El profesional debe adaptar la tarea a evaluación clínica, riesgo, edad, contexto, objetivos, preferencias y límites competenciales.
Neurodivergencia adulta;TEA adulto - masking y agotamiento social;Adultos;medio;Análisis sensorial;Plan de regulación sensorial;Definir pausas, auriculares, luz, espacios y señales de descanso.;Prevenir sobrecarga.;medio;semanal;media;"PSY2_SRC002;PSY2_SRC003";El profesional debe adaptar la tarea a evaluación clínica, riesgo, edad, contexto, objetivos, preferencias y límites competenciales.
Neurodivergencia adulta;TEA adulto - masking y agotamiento social;Adultos;medio;Guiones sociales;Guion para situación social difícil;Preparar inicio, petición, límite y salida de una conversación.;Aumentar seguridad social.;bajo;antes de situación;media;"PSY2_SRC002;PSY2_SRC003";El profesional debe adaptar la tarea a evaluación clínica, riesgo, edad, contexto, objetivos, preferencias y límites competenciales.
Neurodivergencia adulta;TEA adulto - masking y agotamiento social;Adultos;medio;Prevención de recaídas;Plan de prevención de recaídas;Señales tempranas, estrategias, apoyos y plan de revisión.;Mantener avances.;bajo;mensual;media;"PSY2_SRC002;PSY2_SRC003";El profesional debe adaptar la tarea a evaluación clínica, riesgo, edad, contexto, objetivos, preferencias y límites competenciales.
Neurodivergencia adulta;TEA adulto - dificultad de comunicación social;Adultos;medio;Psicoeducación;Psicoeducación sobre neurodivergencia;Revisar fortalezas, dificultades, mitos y necesidades de apoyo.;Mejorar autocomprensión.;bajo;sesión;alta;"PSY2_SRC002;PSY2_SRC004";El profesional debe adaptar la tarea a evaluación clínica, riesgo, edad, contexto, objetivos, preferencias y límites competenciales.
Neurodivergencia adulta;TEA adulto - dificultad de comunicación social;Adultos;medio;Planificación externa;Registro diario de atención y distracciones;Anotar situación, distractor, duración y estrategia usada.;Detectar patrones atencionales.;bajo;7 días;media;"PSY2_SRC002;PSY2_SRC004";El profesional debe adaptar la tarea a evaluación clínica, riesgo, edad, contexto, objetivos, preferencias y límites competenciales.
Neurodivergencia adulta;TEA adulto - dificultad de comunicación social;Adultos;medio;Planificación externa;Agenda externa semanal;Volcar citas, tareas, vencimientos y recordatorios en un sistema único.;Compensar memoria/organización.;bajo;semanal;media;"PSY2_SRC002;PSY2_SRC004";El profesional debe adaptar la tarea a evaluación clínica, riesgo, edad, contexto, objetivos, preferencias y límites competenciales.
Neurodivergencia adulta;TEA adulto - dificultad de comunicación social;Adultos;medio;Planificación externa;Rutina mínima diaria;Definir mínimos de sueño, comida, higiene, movimiento y tarea clave.;Recuperar estructura.;bajo;diario;media;"PSY2_SRC002;PSY2_SRC004";El profesional debe adaptar la tarea a evaluación clínica, riesgo, edad, contexto, objetivos, preferencias y límites competenciales.
Neurodivergencia adulta;TEA adulto - dificultad de comunicación social;Adultos;medio;Fragmentación de tareas;Checklist de inicio de tarea;Antes de empezar: objetivo, primer paso, materiales y tiempo estimado.;Reducir fricción inicial.;bajo;diario;media;"PSY2_SRC002;PSY2_SRC004";El profesional debe adaptar la tarea a evaluación clínica, riesgo, edad, contexto, objetivos, preferencias y límites competenciales.
Neurodivergencia adulta;TEA adulto - dificultad de comunicación social;Adultos;medio;Fragmentación de tareas;Tarea suficientemente buena;Entregar o terminar algo al 80% de perfección.;Reducir perfeccionismo.;medio;semanal;media;"PSY2_SRC002;PSY2_SRC004";El profesional debe adaptar la tarea a evaluación clínica, riesgo, edad, contexto, objetivos, preferencias y límites competenciales.
Neurodivergencia adulta;TEA adulto - dificultad de comunicación social;Adultos;medio;Fragmentación de tareas;Primer paso de 5 minutos;Iniciar tarea evitada solo durante 5 minutos.;Romper evitación.;bajo;cuando proceda;media;"PSY2_SRC002;PSY2_SRC004";El profesional debe adaptar la tarea a evaluación clínica, riesgo, edad, contexto, objetivos, preferencias y límites competenciales.
Neurodivergencia adulta;TEA adulto - dificultad de comunicación social;Adultos;medio;Gestión del tiempo;Bloques de trabajo con temporizador;Usar bloques breves con descanso planificado.;Mejorar adherencia y foco.;bajo;diario;media;"PSY2_SRC002;PSY2_SRC004";El profesional debe adaptar la tarea a evaluación clínica, riesgo, edad, contexto, objetivos, preferencias y límites competenciales.
Neurodivergencia adulta;TEA adulto - dificultad de comunicación social;Adultos;medio;Entrenamiento en pausa;Pausa de 10 segundos antes de responder;Parar, respirar y elegir respuesta antes de actuar.;Reducir impulsividad.;bajo;diario;media;"PSY2_SRC002;PSY2_SRC004";El profesional debe adaptar la tarea a evaluación clínica, riesgo, edad, contexto, objetivos, preferencias y límites competenciales.
Neurodivergencia adulta;TEA adulto - dificultad de comunicación social;Adultos;medio;Entrenamiento en pausa;Tarjeta de pausa emocional;Crear tarjeta con pasos: parar, respirar, nombrar, elegir.;Facilitar autocontrol.;bajo;diario;media;"PSY2_SRC002;PSY2_SRC004";El profesional debe adaptar la tarea a evaluación clínica, riesgo, edad, contexto, objetivos, preferencias y límites competenciales.
Neurodivergencia adulta;TEA adulto - dificultad de comunicación social;Adultos;medio;Adaptaciones para neurodivergencia;Plan de cambios imprevistos;Crear protocolo: aviso, pausa, opciones y siguiente paso.;Reducir rigidez ante cambios.;bajo;semanal;media;"PSY2_SRC002;PSY2_SRC004";El profesional debe adaptar la tarea a evaluación clínica, riesgo, edad, contexto, objetivos, preferencias y límites competenciales.
Neurodivergencia adulta;TEA adulto - dificultad de comunicación social;Adultos;medio;Análisis sensorial;Mapa de sobrecarga sensorial;Registrar estímulos, intensidad, contexto y recuperación.;Identificar perfil sensorial.;medio;7 días;media;"PSY2_SRC002;PSY2_SRC004";El profesional debe adaptar la tarea a evaluación clínica, riesgo, edad, contexto, objetivos, preferencias y límites competenciales.
Neurodivergencia adulta;TEA adulto - dificultad de comunicación social;Adultos;medio;Análisis sensorial;Plan de regulación sensorial;Definir pausas, auriculares, luz, espacios y señales de descanso.;Prevenir sobrecarga.;medio;semanal;media;"PSY2_SRC002;PSY2_SRC004";El profesional debe adaptar la tarea a evaluación clínica, riesgo, edad, contexto, objetivos, preferencias y límites competenciales.
Neurodivergencia adulta;TEA adulto - dificultad de comunicación social;Adultos;medio;Guiones sociales;Guion para situación social difícil;Preparar inicio, petición, límite y salida de una conversación.;Aumentar seguridad social.;bajo;antes de situación;media;"PSY2_SRC002;PSY2_SRC004";El profesional debe adaptar la tarea a evaluación clínica, riesgo, edad, contexto, objetivos, preferencias y límites competenciales.
Neurodivergencia adulta;TEA adulto - dificultad de comunicación social;Adultos;medio;Prevención de recaídas;Plan de prevención de recaídas;Señales tempranas, estrategias, apoyos y plan de revisión.;Mantener avances.;bajo;mensual;media;"PSY2_SRC002;PSY2_SRC004";El profesional debe adaptar la tarea a evaluación clínica, riesgo, edad, contexto, objetivos, preferencias y límites competenciales.
Neurodivergencia adulta;TEA adulto - rigidez y cambios imprevistos;Adultos;medio;Psicoeducación;Psicoeducación sobre neurodivergencia;Revisar fortalezas, dificultades, mitos y necesidades de apoyo.;Mejorar autocomprensión.;bajo;sesión;alta;"PSY2_SRC002;PSY2_SRC004";El profesional debe adaptar la tarea a evaluación clínica, riesgo, edad, contexto, objetivos, preferencias y límites competenciales.
Neurodivergencia adulta;TEA adulto - rigidez y cambios imprevistos;Adultos;medio;Planificación externa;Registro diario de atención y distracciones;Anotar situación, distractor, duración y estrategia usada.;Detectar patrones atencionales.;bajo;7 días;media;"PSY2_SRC002;PSY2_SRC004";El profesional debe adaptar la tarea a evaluación clínica, riesgo, edad, contexto, objetivos, preferencias y límites competenciales.
Neurodivergencia adulta;TEA adulto - rigidez y cambios imprevistos;Adultos;medio;Planificación externa;Agenda externa semanal;Volcar citas, tareas, vencimientos y recordatorios en un sistema único.;Compensar memoria/organización.;bajo;semanal;media;"PSY2_SRC002;PSY2_SRC004";El profesional debe adaptar la tarea a evaluación clínica, riesgo, edad, contexto, objetivos, preferencias y límites competenciales.
Neurodivergencia adulta;TEA adulto - rigidez y cambios imprevistos;Adultos;medio;Planificación externa;Rutina mínima diaria;Definir mínimos de sueño, comida, higiene, movimiento y tarea clave.;Recuperar estructura.;bajo;diario;media;"PSY2_SRC002;PSY2_SRC004";El profesional debe adaptar la tarea a evaluación clínica, riesgo, edad, contexto, objetivos, preferencias y límites competenciales.
Neurodivergencia adulta;TEA adulto - rigidez y cambios imprevistos;Adultos;medio;Fragmentación de tareas;Checklist de inicio de tarea;Antes de empezar: objetivo, primer paso, materiales y tiempo estimado.;Reducir fricción inicial.;bajo;diario;media;"PSY2_SRC002;PSY2_SRC004";El profesional debe adaptar la tarea a evaluación clínica, riesgo, edad, contexto, objetivos, preferencias y límites competenciales.
Neurodivergencia adulta;TEA adulto - rigidez y cambios imprevistos;Adultos;medio;Fragmentación de tareas;Tarea suficientemente buena;Entregar o terminar algo al 80% de perfección.;Reducir perfeccionismo.;medio;semanal;media;"PSY2_SRC002;PSY2_SRC004";El profesional debe adaptar la tarea a evaluación clínica, riesgo, edad, contexto, objetivos, preferencias y límites competenciales.
Neurodivergencia adulta;TEA adulto - rigidez y cambios imprevistos;Adultos;medio;Fragmentación de tareas;Primer paso de 5 minutos;Iniciar tarea evitada solo durante 5 minutos.;Romper evitación.;bajo;cuando proceda;media;"PSY2_SRC002;PSY2_SRC004";El profesional debe adaptar la tarea a evaluación clínica, riesgo, edad, contexto, objetivos, preferencias y límites competenciales.
Neurodivergencia adulta;TEA adulto - rigidez y cambios imprevistos;Adultos;medio;Gestión del tiempo;Bloques de trabajo con temporizador;Usar bloques breves con descanso planificado.;Mejorar adherencia y foco.;bajo;diario;media;"PSY2_SRC002;PSY2_SRC004";El profesional debe adaptar la tarea a evaluación clínica, riesgo, edad, contexto, objetivos, preferencias y límites competenciales.
Neurodivergencia adulta;TEA adulto - rigidez y cambios imprevistos;Adultos;medio;Entrenamiento en pausa;Pausa de 10 segundos antes de responder;Parar, respirar y elegir respuesta antes de actuar.;Reducir impulsividad.;bajo;diario;media;"PSY2_SRC002;PSY2_SRC004";El profesional debe adaptar la tarea a evaluación clínica, riesgo, edad, contexto, objetivos, preferencias y límites competenciales.
Neurodivergencia adulta;TEA adulto - rigidez y cambios imprevistos;Adultos;medio;Entrenamiento en pausa;Tarjeta de pausa emocional;Crear tarjeta con pasos: parar, respirar, nombrar, elegir.;Facilitar autocontrol.;bajo;diario;media;"PSY2_SRC002;PSY2_SRC004";El profesional debe adaptar la tarea a evaluación clínica, riesgo, edad, contexto, objetivos, preferencias y límites competenciales.
Neurodivergencia adulta;TEA adulto - rigidez y cambios imprevistos;Adultos;medio;Adaptaciones para neurodivergencia;Plan de cambios imprevistos;Crear protocolo: aviso, pausa, opciones y siguiente paso.;Reducir rigidez ante cambios.;bajo;semanal;media;"PSY2_SRC002;PSY2_SRC004";El profesional debe adaptar la tarea a evaluación clínica, riesgo, edad, contexto, objetivos, preferencias y límites competenciales.
Neurodivergencia adulta;TEA adulto - rigidez y cambios imprevistos;Adultos;medio;Análisis sensorial;Mapa de sobrecarga sensorial;Registrar estímulos, intensidad, contexto y recuperación.;Identificar perfil sensorial.;medio;7 días;media;"PSY2_SRC002;PSY2_SRC004";El profesional debe adaptar la tarea a evaluación clínica, riesgo, edad, contexto, objetivos, preferencias y límites competenciales.
Neurodivergencia adulta;TEA adulto - rigidez y cambios imprevistos;Adultos;medio;Análisis sensorial;Plan de regulación sensorial;Definir pausas, auriculares, luz, espacios y señales de descanso.;Prevenir sobrecarga.;medio;semanal;media;"PSY2_SRC002;PSY2_SRC004";El profesional debe adaptar la tarea a evaluación clínica, riesgo, edad, contexto, objetivos, preferencias y límites competenciales.
Neurodivergencia adulta;TEA adulto - rigidez y cambios imprevistos;Adultos;medio;Guiones sociales;Guion para situación social difícil;Preparar inicio, petición, límite y salida de una conversación.;Aumentar seguridad social.;bajo;antes de situación;media;"PSY2_SRC002;PSY2_SRC004";El profesional debe adaptar la tarea a evaluación clínica, riesgo, edad, contexto, objetivos, preferencias y límites competenciales.
Neurodivergencia adulta;TEA adulto - rigidez y cambios imprevistos;Adultos;medio;Prevención de recaídas;Plan de prevención de recaídas;Señales tempranas, estrategias, apoyos y plan de revisión.;Mantener avances.;bajo;mensual;media;"PSY2_SRC002;PSY2_SRC004";El profesional debe adaptar la tarea a evaluación clínica, riesgo, edad, contexto, objetivos, preferencias y límites competenciales.
Neurodivergencia adulta;TEA adulto - sobrecarga sensorial;Adultos;medio;Psicoeducación;Psicoeducación sobre neurodivergencia;Revisar fortalezas, dificultades, mitos y necesidades de apoyo.;Mejorar autocomprensión.;bajo;sesión;alta;"PSY2_SRC002;PSY2_SRC003";El profesional debe adaptar la tarea a evaluación clínica, riesgo, edad, contexto, objetivos, preferencias y límites competenciales.
Neurodivergencia adulta;TEA adulto - sobrecarga sensorial;Adultos;medio;Planificación externa;Registro diario de atención y distracciones;Anotar situación, distractor, duración y estrategia usada.;Detectar patrones atencionales.;bajo;7 días;media;"PSY2_SRC002;PSY2_SRC003";El profesional debe adaptar la tarea a evaluación clínica, riesgo, edad, contexto, objetivos, preferencias y límites competenciales.
Neurodivergencia adulta;TEA adulto - sobrecarga sensorial;Adultos;medio;Planificación externa;Agenda externa semanal;Volcar citas, tareas, vencimientos y recordatorios en un sistema único.;Compensar memoria/organización.;bajo;semanal;media;"PSY2_SRC002;PSY2_SRC003";El profesional debe adaptar la tarea a evaluación clínica, riesgo, edad, contexto, objetivos, preferencias y límites competenciales.
Neurodivergencia adulta;TEA adulto - sobrecarga sensorial;Adultos;medio;Planificación externa;Rutina mínima diaria;Definir mínimos de sueño, comida, higiene, movimiento y tarea clave.;Recuperar estructura.;bajo;diario;media;"PSY2_SRC002;PSY2_SRC003";El profesional debe adaptar la tarea a evaluación clínica, riesgo, edad, contexto, objetivos, preferencias y límites competenciales.
Neurodivergencia adulta;TEA adulto - sobrecarga sensorial;Adultos;medio;Fragmentación de tareas;Checklist de inicio de tarea;Antes de empezar: objetivo, primer paso, materiales y tiempo estimado.;Reducir fricción inicial.;bajo;diario;media;"PSY2_SRC002;PSY2_SRC003";El profesional debe adaptar la tarea a evaluación clínica, riesgo, edad, contexto, objetivos, preferencias y límites competenciales.
Neurodivergencia adulta;TEA adulto - sobrecarga sensorial;Adultos;medio;Fragmentación de tareas;Tarea suficientemente buena;Entregar o terminar algo al 80% de perfección.;Reducir perfeccionismo.;medio;semanal;media;"PSY2_SRC002;PSY2_SRC003";El profesional debe adaptar la tarea a evaluación clínica, riesgo, edad, contexto, objetivos, preferencias y límites competenciales.
Neurodivergencia adulta;TEA adulto - sobrecarga sensorial;Adultos;medio;Fragmentación de tareas;Primer paso de 5 minutos;Iniciar tarea evitada solo durante 5 minutos.;Romper evitación.;bajo;cuando proceda;media;"PSY2_SRC002;PSY2_SRC003";El profesional debe adaptar la tarea a evaluación clínica, riesgo, edad, contexto, objetivos, preferencias y límites competenciales.
Neurodivergencia adulta;TEA adulto - sobrecarga sensorial;Adultos;medio;Gestión del tiempo;Bloques de trabajo con temporizador;Usar bloques breves con descanso planificado.;Mejorar adherencia y foco.;bajo;diario;media;"PSY2_SRC002;PSY2_SRC003";El profesional debe adaptar la tarea a evaluación clínica, riesgo, edad, contexto, objetivos, preferencias y límites competenciales.
Neurodivergencia adulta;TEA adulto - sobrecarga sensorial;Adultos;medio;Entrenamiento en pausa;Pausa de 10 segundos antes de responder;Parar, respirar y elegir respuesta antes de actuar.;Reducir impulsividad.;bajo;diario;media;"PSY2_SRC002;PSY2_SRC003";El profesional debe adaptar la tarea a evaluación clínica, riesgo, edad, contexto, objetivos, preferencias y límites competenciales.
Neurodivergencia adulta;TEA adulto - sobrecarga sensorial;Adultos;medio;Entrenamiento en pausa;Tarjeta de pausa emocional;Crear tarjeta con pasos: parar, respirar, nombrar, elegir.;Facilitar autocontrol.;bajo;diario;media;"PSY2_SRC002;PSY2_SRC003";El profesional debe adaptar la tarea a evaluación clínica, riesgo, edad, contexto, objetivos, preferencias y límites competenciales.
Neurodivergencia adulta;TEA adulto - sobrecarga sensorial;Adultos;medio;Adaptaciones para neurodivergencia;Plan de cambios imprevistos;Crear protocolo: aviso, pausa, opciones y siguiente paso.;Reducir rigidez ante cambios.;bajo;semanal;media;"PSY2_SRC002;PSY2_SRC003";El profesional debe adaptar la tarea a evaluación clínica, riesgo, edad, contexto, objetivos, preferencias y límites competenciales.
Neurodivergencia adulta;TEA adulto - sobrecarga sensorial;Adultos;medio;Análisis sensorial;Mapa de sobrecarga sensorial;Registrar estímulos, intensidad, contexto y recuperación.;Identificar perfil sensorial.;medio;7 días;media;"PSY2_SRC002;PSY2_SRC003";El profesional debe adaptar la tarea a evaluación clínica, riesgo, edad, contexto, objetivos, preferencias y límites competenciales.
Neurodivergencia adulta;TEA adulto - sobrecarga sensorial;Adultos;medio;Análisis sensorial;Plan de regulación sensorial;Definir pausas, auriculares, luz, espacios y señales de descanso.;Prevenir sobrecarga.;medio;semanal;media;"PSY2_SRC002;PSY2_SRC003";El profesional debe adaptar la tarea a evaluación clínica, riesgo, edad, contexto, objetivos, preferencias y límites competenciales.
Neurodivergencia adulta;TEA adulto - sobrecarga sensorial;Adultos;medio;Guiones sociales;Guion para situación social difícil;Preparar inicio, petición, límite y salida de una conversación.;Aumentar seguridad social.;bajo;antes de situación;media;"PSY2_SRC002;PSY2_SRC003";El profesional debe adaptar la tarea a evaluación clínica, riesgo, edad, contexto, objetivos, preferencias y límites competenciales.
Neurodivergencia adulta;TEA adulto - sobrecarga sensorial;Adultos;medio;Prevención de recaídas;Plan de prevención de recaídas;Señales tempranas, estrategias, apoyos y plan de revisión.;Mantener avances.;bajo;mensual;media;"PSY2_SRC002;PSY2_SRC003";El profesional debe adaptar la tarea a evaluación clínica, riesgo, edad, contexto, objetivos, preferencias y límites competenciales.
Neurodivergencia adulta;Asperger - identificación histórica;Adultos/Adolescentes;bajo;Psicoeducación;Psicoeducación sobre neurodivergencia;Revisar fortalezas, dificultades, mitos y necesidades de apoyo.;Mejorar autocomprensión.;bajo;sesión;alta;"PSY2_SRC002;PSY2_SRC003";El profesional debe adaptar la tarea a evaluación clínica, riesgo, edad, contexto, objetivos, preferencias y límites competenciales.
Neurodivergencia adulta;Asperger - identificación histórica;Adultos/Adolescentes;bajo;Planificación externa;Registro diario de atención y distracciones;Anotar situación, distractor, duración y estrategia usada.;Detectar patrones atencionales.;bajo;7 días;media;"PSY2_SRC002;PSY2_SRC003";El profesional debe adaptar la tarea a evaluación clínica, riesgo, edad, contexto, objetivos, preferencias y límites competenciales.
Neurodivergencia adulta;Asperger - identificación histórica;Adultos/Adolescentes;bajo;Planificación externa;Agenda externa semanal;Volcar citas, tareas, vencimientos y recordatorios en un sistema único.;Compensar memoria/organización.;bajo;semanal;media;"PSY2_SRC002;PSY2_SRC003";El profesional debe adaptar la tarea a evaluación clínica, riesgo, edad, contexto, objetivos, preferencias y límites competenciales.
Neurodivergencia adulta;Asperger - identificación histórica;Adultos/Adolescentes;bajo;Planificación externa;Rutina mínima diaria;Definir mínimos de sueño, comida, higiene, movimiento y tarea clave.;Recuperar estructura.;bajo;diario;media;"PSY2_SRC002;PSY2_SRC003";El profesional debe adaptar la tarea a evaluación clínica, riesgo, edad, contexto, objetivos, preferencias y límites competenciales.
Neurodivergencia adulta;Asperger - identificación histórica;Adultos/Adolescentes;bajo;Fragmentación de tareas;Checklist de inicio de tarea;Antes de empezar: objetivo, primer paso, materiales y tiempo estimado.;Reducir fricción inicial.;bajo;diario;media;"PSY2_SRC002;PSY2_SRC003";El profesional debe adaptar la tarea a evaluación clínica, riesgo, edad, contexto, objetivos, preferencias y límites competenciales.
Neurodivergencia adulta;Asperger - identificación histórica;Adultos/Adolescentes;bajo;Fragmentación de tareas;Tarea suficientemente buena;Entregar o terminar algo al 80% de perfección.;Reducir perfeccionismo.;medio;semanal;media;"PSY2_SRC002;PSY2_SRC003";El profesional debe adaptar la tarea a evaluación clínica, riesgo, edad, contexto, objetivos, preferencias y límites competenciales.
Neurodivergencia adulta;Asperger - identificación histórica;Adultos/Adolescentes;bajo;Fragmentación de tareas;Primer paso de 5 minutos;Iniciar tarea evitada solo durante 5 minutos.;Romper evitación.;bajo;cuando proceda;media;"PSY2_SRC002;PSY2_SRC003";El profesional debe adaptar la tarea a evaluación clínica, riesgo, edad, contexto, objetivos, preferencias y límites competenciales.
Neurodivergencia adulta;Asperger - identificación histórica;Adultos/Adolescentes;bajo;Gestión del tiempo;Bloques de trabajo con temporizador;Usar bloques breves con descanso planificado.;Mejorar adherencia y foco.;bajo;diario;media;"PSY2_SRC002;PSY2_SRC003";El profesional debe adaptar la tarea a evaluación clínica, riesgo, edad, contexto, objetivos, preferencias y límites competenciales.
Neurodivergencia adulta;Asperger - identificación histórica;Adultos/Adolescentes;bajo;Entrenamiento en pausa;Pausa de 10 segundos antes de responder;Parar, respirar y elegir respuesta antes de actuar.;Reducir impulsividad.;bajo;diario;media;"PSY2_SRC002;PSY2_SRC003";El profesional debe adaptar la tarea a evaluación clínica, riesgo, edad, contexto, objetivos, preferencias y límites competenciales.
Neurodivergencia adulta;Asperger - identificación histórica;Adultos/Adolescentes;bajo;Entrenamiento en pausa;Tarjeta de pausa emocional;Crear tarjeta con pasos: parar, respirar, nombrar, elegir.;Facilitar autocontrol.;bajo;diario;media;"PSY2_SRC002;PSY2_SRC003";El profesional debe adaptar la tarea a evaluación clínica, riesgo, edad, contexto, objetivos, preferencias y límites competenciales.
Neurodivergencia adulta;Asperger - identificación histórica;Adultos/Adolescentes;bajo;Adaptaciones para neurodivergencia;Plan de cambios imprevistos;Crear protocolo: aviso, pausa, opciones y siguiente paso.;Reducir rigidez ante cambios.;bajo;semanal;media;"PSY2_SRC002;PSY2_SRC003";El profesional debe adaptar la tarea a evaluación clínica, riesgo, edad, contexto, objetivos, preferencias y límites competenciales.
Neurodivergencia adulta;Asperger - identificación histórica;Adultos/Adolescentes;bajo;Análisis sensorial;Mapa de sobrecarga sensorial;Registrar estímulos, intensidad, contexto y recuperación.;Identificar perfil sensorial.;medio;7 días;media;"PSY2_SRC002;PSY2_SRC003";El profesional debe adaptar la tarea a evaluación clínica, riesgo, edad, contexto, objetivos, preferencias y límites competenciales.
Neurodivergencia adulta;Asperger - identificación histórica;Adultos/Adolescentes;bajo;Análisis sensorial;Plan de regulación sensorial;Definir pausas, auriculares, luz, espacios y señales de descanso.;Prevenir sobrecarga.;medio;semanal;media;"PSY2_SRC002;PSY2_SRC003";El profesional debe adaptar la tarea a evaluación clínica, riesgo, edad, contexto, objetivos, preferencias y límites competenciales.
Neurodivergencia adulta;Asperger - identificación histórica;Adultos/Adolescentes;bajo;Guiones sociales;Guion para situación social difícil;Preparar inicio, petición, límite y salida de una conversación.;Aumentar seguridad social.;bajo;antes de situación;media;"PSY2_SRC002;PSY2_SRC003";El profesional debe adaptar la tarea a evaluación clínica, riesgo, edad, contexto, objetivos, preferencias y límites competenciales.
Neurodivergencia adulta;Asperger - identificación histórica;Adultos/Adolescentes;bajo;Prevención de recaídas;Plan de prevención de recaídas;Señales tempranas, estrategias, apoyos y plan de revisión.;Mantener avances.;bajo;mensual;media;"PSY2_SRC002;PSY2_SRC003";El profesional debe adaptar la tarea a evaluación clínica, riesgo, edad, contexto, objetivos, preferencias y límites competenciales.
Regulación emocional;Rumiación persistente;Adultos/Adolescentes;medio;Registro ABC;Registro ABC emocional;Registrar situación, pensamiento, emoción, impulso y conducta.;Comprender ciclos emocionales.;bajo;7 días;media;"PSY2_SRC008;PSY2_SRC009";El profesional debe adaptar la tarea a evaluación clínica, riesgo, edad, contexto, objetivos, preferencias y límites competenciales.
Regulación emocional;Rumiación persistente;Adultos/Adolescentes;medio;Registro ABC;Registro de comparación;Detectar comparación, contexto, coste y respuesta alternativa.;Reducir comparación dañina.;bajo;7 días;media;"PSY2_SRC008;PSY2_SRC009";El profesional debe adaptar la tarea a evaluación clínica, riesgo, edad, contexto, objetivos, preferencias y límites competenciales.
Regulación emocional;Rumiación persistente;Adultos/Adolescentes;medio;Registro ABC;Registro de carga laboral;Anotar demandas, energía, pausas, horas extra y recuperación.;Detectar burnout/estrés.;bajo;7 días;alta;"PSY2_SRC008;PSY2_SRC009";El profesional debe adaptar la tarea a evaluación clínica, riesgo, edad, contexto, objetivos, preferencias y límites competenciales.
Regulación emocional;Rumiación persistente;Adultos/Adolescentes;medio;Regulación emocional;Rueda de emociones;Nombrar emoción principal, secundaria e intensidad 0-10.;Mejorar identificación emocional.;bajo;diario;media;"PSY2_SRC008;PSY2_SRC009";El profesional debe adaptar la tarea a evaluación clínica, riesgo, edad, contexto, objetivos, preferencias y límites competenciales.
Regulación emocional;Rumiación persistente;Adultos/Adolescentes;medio;Tolerancia al malestar;Plan de tolerancia al malestar;Elegir 3 estrategias para momentos de intensidad alta.;Reducir conducta impulsiva.;medio;semanal;media;"PSY2_SRC008;PSY2_SRC009";El profesional debe adaptar la tarea a evaluación clínica, riesgo, edad, contexto, objetivos, preferencias y límites competenciales.
Regulación emocional;Rumiación persistente;Adultos/Adolescentes;medio;Mindfulness / atención plena;Práctica de mindfulness breve;3-5 minutos de atención a respiración, sonidos o cuerpo.;Entrenar observación.;bajo;diario;media;"PSY2_SRC008;PSY2_SRC009";El profesional debe adaptar la tarea a evaluación clínica, riesgo, edad, contexto, objetivos, preferencias y límites competenciales.
Regulación emocional;Rumiación persistente;Adultos/Adolescentes;medio;Defusión cognitiva;Defusión de pensamientos repetitivos;Escribir pensamiento como 'estoy teniendo el pensamiento de...'.;Tomar distancia de rumiación.;bajo;cuando aparezca;media;"PSY2_SRC008;PSY2_SRC009";El profesional debe adaptar la tarea a evaluación clínica, riesgo, edad, contexto, objetivos, preferencias y límites competenciales.
Regulación emocional;Rumiación persistente;Adultos/Adolescentes;medio;Entrenamiento en pausa;Pausa de 10 segundos antes de responder;Parar, respirar y elegir respuesta antes de actuar.;Reducir impulsividad.;bajo;diario;media;"PSY2_SRC008;PSY2_SRC009";El profesional debe adaptar la tarea a evaluación clínica, riesgo, edad, contexto, objetivos, preferencias y límites competenciales.
Regulación emocional;Rumiación persistente;Adultos/Adolescentes;medio;Entrenamiento en pausa;Tarjeta de pausa emocional;Crear tarjeta con pasos: parar, respirar, nombrar, elegir.;Facilitar autocontrol.;bajo;diario;media;"PSY2_SRC008;PSY2_SRC009";El profesional debe adaptar la tarea a evaluación clínica, riesgo, edad, contexto, objetivos, preferencias y límites competenciales.
Regulación emocional;Rumiación persistente;Adultos/Adolescentes;medio;Prevención de recaídas;Plan de prevención de recaídas;Señales tempranas, estrategias, apoyos y plan de revisión.;Mantener avances.;bajo;mensual;media;"PSY2_SRC008;PSY2_SRC009";El profesional debe adaptar la tarea a evaluación clínica, riesgo, edad, contexto, objetivos, preferencias y límites competenciales.
Regulación emocional;Impulsividad emocional;Adultos/Adolescentes;medio;Registro ABC;Registro ABC emocional;Registrar situación, pensamiento, emoción, impulso y conducta.;Comprender ciclos emocionales.;bajo;7 días;media;PSY2_SRC001;El profesional debe adaptar la tarea a evaluación clínica, riesgo, edad, contexto, objetivos, preferencias y límites competenciales.
Regulación emocional;Impulsividad emocional;Adultos/Adolescentes;medio;Registro ABC;Registro de comparación;Detectar comparación, contexto, coste y respuesta alternativa.;Reducir comparación dañina.;bajo;7 días;media;PSY2_SRC001;El profesional debe adaptar la tarea a evaluación clínica, riesgo, edad, contexto, objetivos, preferencias y límites competenciales.
Regulación emocional;Impulsividad emocional;Adultos/Adolescentes;medio;Registro ABC;Registro de carga laboral;Anotar demandas, energía, pausas, horas extra y recuperación.;Detectar burnout/estrés.;bajo;7 días;alta;PSY2_SRC001;El profesional debe adaptar la tarea a evaluación clínica, riesgo, edad, contexto, objetivos, preferencias y límites competenciales.
Regulación emocional;Impulsividad emocional;Adultos/Adolescentes;medio;Regulación emocional;Rueda de emociones;Nombrar emoción principal, secundaria e intensidad 0-10.;Mejorar identificación emocional.;bajo;diario;media;PSY2_SRC001;El profesional debe adaptar la tarea a evaluación clínica, riesgo, edad, contexto, objetivos, preferencias y límites competenciales.
Regulación emocional;Impulsividad emocional;Adultos/Adolescentes;medio;Tolerancia al malestar;Plan de tolerancia al malestar;Elegir 3 estrategias para momentos de intensidad alta.;Reducir conducta impulsiva.;medio;semanal;media;PSY2_SRC001;El profesional debe adaptar la tarea a evaluación clínica, riesgo, edad, contexto, objetivos, preferencias y límites competenciales.
Regulación emocional;Impulsividad emocional;Adultos/Adolescentes;medio;Mindfulness / atención plena;Práctica de mindfulness breve;3-5 minutos de atención a respiración, sonidos o cuerpo.;Entrenar observación.;bajo;diario;media;PSY2_SRC001;El profesional debe adaptar la tarea a evaluación clínica, riesgo, edad, contexto, objetivos, preferencias y límites competenciales.
Regulación emocional;Impulsividad emocional;Adultos/Adolescentes;medio;Defusión cognitiva;Defusión de pensamientos repetitivos;Escribir pensamiento como 'estoy teniendo el pensamiento de...'.;Tomar distancia de rumiación.;bajo;cuando aparezca;media;PSY2_SRC001;El profesional debe adaptar la tarea a evaluación clínica, riesgo, edad, contexto, objetivos, preferencias y límites competenciales.
Regulación emocional;Impulsividad emocional;Adultos/Adolescentes;medio;Entrenamiento en pausa;Pausa de 10 segundos antes de responder;Parar, respirar y elegir respuesta antes de actuar.;Reducir impulsividad.;bajo;diario;media;PSY2_SRC001;El profesional debe adaptar la tarea a evaluación clínica, riesgo, edad, contexto, objetivos, preferencias y límites competenciales.
Regulación emocional;Impulsividad emocional;Adultos/Adolescentes;medio;Entrenamiento en pausa;Tarjeta de pausa emocional;Crear tarjeta con pasos: parar, respirar, nombrar, elegir.;Facilitar autocontrol.;bajo;diario;media;PSY2_SRC001;El profesional debe adaptar la tarea a evaluación clínica, riesgo, edad, contexto, objetivos, preferencias y límites competenciales.
Regulación emocional;Impulsividad emocional;Adultos/Adolescentes;medio;Prevención de recaídas;Plan de prevención de recaídas;Señales tempranas, estrategias, apoyos y plan de revisión.;Mantener avances.;bajo;mensual;media;PSY2_SRC001;El profesional debe adaptar la tarea a evaluación clínica, riesgo, edad, contexto, objetivos, preferencias y límites competenciales.
Regulación emocional;Baja tolerancia a la frustración;Adultos/Adolescentes;bajo;Registro ABC;Registro ABC emocional;Registrar situación, pensamiento, emoción, impulso y conducta.;Comprender ciclos emocionales.;bajo;7 días;media;PSY2_SRC009;El profesional debe adaptar la tarea a evaluación clínica, riesgo, edad, contexto, objetivos, preferencias y límites competenciales.
Regulación emocional;Baja tolerancia a la frustración;Adultos/Adolescentes;bajo;Registro ABC;Registro de comparación;Detectar comparación, contexto, coste y respuesta alternativa.;Reducir comparación dañina.;bajo;7 días;media;PSY2_SRC009;El profesional debe adaptar la tarea a evaluación clínica, riesgo, edad, contexto, objetivos, preferencias y límites competenciales.
Regulación emocional;Baja tolerancia a la frustración;Adultos/Adolescentes;bajo;Registro ABC;Registro de carga laboral;Anotar demandas, energía, pausas, horas extra y recuperación.;Detectar burnout/estrés.;bajo;7 días;alta;PSY2_SRC009;El profesional debe adaptar la tarea a evaluación clínica, riesgo, edad, contexto, objetivos, preferencias y límites competenciales.
Regulación emocional;Baja tolerancia a la frustración;Adultos/Adolescentes;bajo;Regulación emocional;Rueda de emociones;Nombrar emoción principal, secundaria e intensidad 0-10.;Mejorar identificación emocional.;bajo;diario;media;PSY2_SRC009;El profesional debe adaptar la tarea a evaluación clínica, riesgo, edad, contexto, objetivos, preferencias y límites competenciales.
Regulación emocional;Baja tolerancia a la frustración;Adultos/Adolescentes;bajo;Tolerancia al malestar;Plan de tolerancia al malestar;Elegir 3 estrategias para momentos de intensidad alta.;Reducir conducta impulsiva.;medio;semanal;media;PSY2_SRC009;El profesional debe adaptar la tarea a evaluación clínica, riesgo, edad, contexto, objetivos, preferencias y límites competenciales.
Regulación emocional;Baja tolerancia a la frustración;Adultos/Adolescentes;bajo;Mindfulness / atención plena;Práctica de mindfulness breve;3-5 minutos de atención a respiración, sonidos o cuerpo.;Entrenar observación.;bajo;diario;media;PSY2_SRC009;El profesional debe adaptar la tarea a evaluación clínica, riesgo, edad, contexto, objetivos, preferencias y límites competenciales.
Regulación emocional;Baja tolerancia a la frustración;Adultos/Adolescentes;bajo;Defusión cognitiva;Defusión de pensamientos repetitivos;Escribir pensamiento como 'estoy teniendo el pensamiento de...'.;Tomar distancia de rumiación.;bajo;cuando aparezca;media;PSY2_SRC009;El profesional debe adaptar la tarea a evaluación clínica, riesgo, edad, contexto, objetivos, preferencias y límites competenciales.
Regulación emocional;Baja tolerancia a la frustración;Adultos/Adolescentes;bajo;Entrenamiento en pausa;Pausa de 10 segundos antes de responder;Parar, respirar y elegir respuesta antes de actuar.;Reducir impulsividad.;bajo;diario;media;PSY2_SRC009;El profesional debe adaptar la tarea a evaluación clínica, riesgo, edad, contexto, objetivos, preferencias y límites competenciales.
Regulación emocional;Baja tolerancia a la frustración;Adultos/Adolescentes;bajo;Entrenamiento en pausa;Tarjeta de pausa emocional;Crear tarjeta con pasos: parar, respirar, nombrar, elegir.;Facilitar autocontrol.;bajo;diario;media;PSY2_SRC009;El profesional debe adaptar la tarea a evaluación clínica, riesgo, edad, contexto, objetivos, preferencias y límites competenciales.
Regulación emocional;Baja tolerancia a la frustración;Adultos/Adolescentes;bajo;Prevención de recaídas;Plan de prevención de recaídas;Señales tempranas, estrategias, apoyos y plan de revisión.;Mantener avances.;bajo;mensual;media;PSY2_SRC009;El profesional debe adaptar la tarea a evaluación clínica, riesgo, edad, contexto, objetivos, preferencias y límites competenciales.
Regulación emocional;Dificultad para identificar emociones;Adultos/Adolescentes;medio;Registro ABC;Registro ABC emocional;Registrar situación, pensamiento, emoción, impulso y conducta.;Comprender ciclos emocionales.;bajo;7 días;media;PSY2_SRC009;El profesional debe adaptar la tarea a evaluación clínica, riesgo, edad, contexto, objetivos, preferencias y límites competenciales.
Regulación emocional;Dificultad para identificar emociones;Adultos/Adolescentes;medio;Registro ABC;Registro de comparación;Detectar comparación, contexto, coste y respuesta alternativa.;Reducir comparación dañina.;bajo;7 días;media;PSY2_SRC009;El profesional debe adaptar la tarea a evaluación clínica, riesgo, edad, contexto, objetivos, preferencias y límites competenciales.
Regulación emocional;Dificultad para identificar emociones;Adultos/Adolescentes;medio;Registro ABC;Registro de carga laboral;Anotar demandas, energía, pausas, horas extra y recuperación.;Detectar burnout/estrés.;bajo;7 días;alta;PSY2_SRC009;El profesional debe adaptar la tarea a evaluación clínica, riesgo, edad, contexto, objetivos, preferencias y límites competenciales.
Regulación emocional;Dificultad para identificar emociones;Adultos/Adolescentes;medio;Regulación emocional;Rueda de emociones;Nombrar emoción principal, secundaria e intensidad 0-10.;Mejorar identificación emocional.;bajo;diario;media;PSY2_SRC009;El profesional debe adaptar la tarea a evaluación clínica, riesgo, edad, contexto, objetivos, preferencias y límites competenciales.
Regulación emocional;Dificultad para identificar emociones;Adultos/Adolescentes;medio;Tolerancia al malestar;Plan de tolerancia al malestar;Elegir 3 estrategias para momentos de intensidad alta.;Reducir conducta impulsiva.;medio;semanal;media;PSY2_SRC009;El profesional debe adaptar la tarea a evaluación clínica, riesgo, edad, contexto, objetivos, preferencias y límites competenciales.
Regulación emocional;Dificultad para identificar emociones;Adultos/Adolescentes;medio;Mindfulness / atención plena;Práctica de mindfulness breve;3-5 minutos de atención a respiración, sonidos o cuerpo.;Entrenar observación.;bajo;diario;media;PSY2_SRC009;El profesional debe adaptar la tarea a evaluación clínica, riesgo, edad, contexto, objetivos, preferencias y límites competenciales.
Regulación emocional;Dificultad para identificar emociones;Adultos/Adolescentes;medio;Defusión cognitiva;Defusión de pensamientos repetitivos;Escribir pensamiento como 'estoy teniendo el pensamiento de...'.;Tomar distancia de rumiación.;bajo;cuando aparezca;media;PSY2_SRC009;El profesional debe adaptar la tarea a evaluación clínica, riesgo, edad, contexto, objetivos, preferencias y límites competenciales.
Regulación emocional;Dificultad para identificar emociones;Adultos/Adolescentes;medio;Entrenamiento en pausa;Pausa de 10 segundos antes de responder;Parar, respirar y elegir respuesta antes de actuar.;Reducir impulsividad.;bajo;diario;media;PSY2_SRC009;El profesional debe adaptar la tarea a evaluación clínica, riesgo, edad, contexto, objetivos, preferencias y límites competenciales.
Regulación emocional;Dificultad para identificar emociones;Adultos/Adolescentes;medio;Entrenamiento en pausa;Tarjeta de pausa emocional;Crear tarjeta con pasos: parar, respirar, nombrar, elegir.;Facilitar autocontrol.;bajo;diario;media;PSY2_SRC009;El profesional debe adaptar la tarea a evaluación clínica, riesgo, edad, contexto, objetivos, preferencias y límites competenciales.
Regulación emocional;Dificultad para identificar emociones;Adultos/Adolescentes;medio;Prevención de recaídas;Plan de prevención de recaídas;Señales tempranas, estrategias, apoyos y plan de revisión.;Mantener avances.;bajo;mensual;media;PSY2_SRC009;El profesional debe adaptar la tarea a evaluación clínica, riesgo, edad, contexto, objetivos, preferencias y límites competenciales.
Regulación emocional;Desbordamiento emocional;Adultos/Adolescentes;medio;Registro ABC;Registro ABC emocional;Registrar situación, pensamiento, emoción, impulso y conducta.;Comprender ciclos emocionales.;bajo;7 días;media;PSY2_SRC009;El profesional debe adaptar la tarea a evaluación clínica, riesgo, edad, contexto, objetivos, preferencias y límites competenciales.
Regulación emocional;Desbordamiento emocional;Adultos/Adolescentes;medio;Registro ABC;Registro de comparación;Detectar comparación, contexto, coste y respuesta alternativa.;Reducir comparación dañina.;bajo;7 días;media;PSY2_SRC009;El profesional debe adaptar la tarea a evaluación clínica, riesgo, edad, contexto, objetivos, preferencias y límites competenciales.
Regulación emocional;Desbordamiento emocional;Adultos/Adolescentes;medio;Registro ABC;Registro de carga laboral;Anotar demandas, energía, pausas, horas extra y recuperación.;Detectar burnout/estrés.;bajo;7 días;alta;PSY2_SRC009;El profesional debe adaptar la tarea a evaluación clínica, riesgo, edad, contexto, objetivos, preferencias y límites competenciales.
Regulación emocional;Desbordamiento emocional;Adultos/Adolescentes;medio;Regulación emocional;Rueda de emociones;Nombrar emoción principal, secundaria e intensidad 0-10.;Mejorar identificación emocional.;bajo;diario;media;PSY2_SRC009;El profesional debe adaptar la tarea a evaluación clínica, riesgo, edad, contexto, objetivos, preferencias y límites competenciales.
Regulación emocional;Desbordamiento emocional;Adultos/Adolescentes;medio;Tolerancia al malestar;Plan de tolerancia al malestar;Elegir 3 estrategias para momentos de intensidad alta.;Reducir conducta impulsiva.;medio;semanal;media;PSY2_SRC009;El profesional debe adaptar la tarea a evaluación clínica, riesgo, edad, contexto, objetivos, preferencias y límites competenciales.
Regulación emocional;Desbordamiento emocional;Adultos/Adolescentes;medio;Mindfulness / atención plena;Práctica de mindfulness breve;3-5 minutos de atención a respiración, sonidos o cuerpo.;Entrenar observación.;bajo;diario;media;PSY2_SRC009;El profesional debe adaptar la tarea a evaluación clínica, riesgo, edad, contexto, objetivos, preferencias y límites competenciales.
Regulación emocional;Desbordamiento emocional;Adultos/Adolescentes;medio;Defusión cognitiva;Defusión de pensamientos repetitivos;Escribir pensamiento como 'estoy teniendo el pensamiento de...'.;Tomar distancia de rumiación.;bajo;cuando aparezca;media;PSY2_SRC009;El profesional debe adaptar la tarea a evaluación clínica, riesgo, edad, contexto, objetivos, preferencias y límites competenciales.
Regulación emocional;Desbordamiento emocional;Adultos/Adolescentes;medio;Entrenamiento en pausa;Pausa de 10 segundos antes de responder;Parar, respirar y elegir respuesta antes de actuar.;Reducir impulsividad.;bajo;diario;media;PSY2_SRC009;El profesional debe adaptar la tarea a evaluación clínica, riesgo, edad, contexto, objetivos, preferencias y límites competenciales.
Regulación emocional;Desbordamiento emocional;Adultos/Adolescentes;medio;Entrenamiento en pausa;Tarjeta de pausa emocional;Crear tarjeta con pasos: parar, respirar, nombrar, elegir.;Facilitar autocontrol.;bajo;diario;media;PSY2_SRC009;El profesional debe adaptar la tarea a evaluación clínica, riesgo, edad, contexto, objetivos, preferencias y límites competenciales.
Regulación emocional;Desbordamiento emocional;Adultos/Adolescentes;medio;Prevención de recaídas;Plan de prevención de recaídas;Señales tempranas, estrategias, apoyos y plan de revisión.;Mantener avances.;bajo;mensual;media;PSY2_SRC009;El profesional debe adaptar la tarea a evaluación clínica, riesgo, edad, contexto, objetivos, preferencias y límites competenciales.
Ansiedad social y habilidades sociales;Ansiedad social - miedo a evaluación;Adultos/Adolescentes;medio;Psicoeducación;Psicoeducación sobre neurodivergencia;Revisar fortalezas, dificultades, mitos y necesidades de apoyo.;Mejorar autocomprensión.;bajo;sesión;alta;"PSY2_SRC008;PSY2_SRC009";El profesional debe adaptar la tarea a evaluación clínica, riesgo, edad, contexto, objetivos, preferencias y límites competenciales.
Ansiedad social y habilidades sociales;Ansiedad social - miedo a evaluación;Adultos/Adolescentes;medio;Exposición gradual;Jerarquía de exposición social;Listar situaciones sociales de menor a mayor dificultad.;Planificar exposición gradual.;medio;30 min;alta;"PSY2_SRC008;PSY2_SRC009";El profesional debe adaptar la tarea a evaluación clínica, riesgo, edad, contexto, objetivos, preferencias y límites competenciales.
Ansiedad social y habilidades sociales;Ansiedad social - miedo a evaluación;Adultos/Adolescentes;medio;Exposición gradual;Exposición social breve;Realizar una interacción pequeña y registrar resultado real.;Reducir evitación.;medio;semanal;media;"PSY2_SRC008;PSY2_SRC009";El profesional debe adaptar la tarea a evaluación clínica, riesgo, edad, contexto, objetivos, preferencias y límites competenciales.
Ansiedad social y habilidades sociales;Ansiedad social - miedo a evaluación;Adultos/Adolescentes;medio;Prevención de respuesta;Reducir conducta de seguridad;Elegir una conducta de seguridad social y reducirla progresivamente.;Aumentar aprendizaje correctivo.;medio;semanal;media;"PSY2_SRC008;PSY2_SRC009";El profesional debe adaptar la tarea a evaluación clínica, riesgo, edad, contexto, objetivos, preferencias y límites competenciales.
Ansiedad social y habilidades sociales;Ansiedad social - miedo a evaluación;Adultos/Adolescentes;medio;Entrenamiento en habilidades sociales;Role-play de conversación;Practicar iniciar, mantener y cerrar conversación.;Mejorar habilidades sociales.;bajo;sesión;media;"PSY2_SRC008;PSY2_SRC009";El profesional debe adaptar la tarea a evaluación clínica, riesgo, edad, contexto, objetivos, preferencias y límites competenciales.
Ansiedad social y habilidades sociales;Ansiedad social - miedo a evaluación;Adultos/Adolescentes;medio;Asertividad y límites;Práctica de decir no;Ensayar una negativa breve, amable y firme.;Mejorar límites.;bajo;semanal;media;"PSY2_SRC008;PSY2_SRC009";El profesional debe adaptar la tarea a evaluación clínica, riesgo, edad, contexto, objetivos, preferencias y límites competenciales.
Ansiedad social y habilidades sociales;Ansiedad social - miedo a evaluación;Adultos/Adolescentes;medio;Asertividad y límites;Petición asertiva;Formular petición concreta usando 'cuando..., necesito..., propongo...'.;Expresar necesidades.;bajo;semanal;media;"PSY2_SRC008;PSY2_SRC009";El profesional debe adaptar la tarea a evaluación clínica, riesgo, edad, contexto, objetivos, preferencias y límites competenciales.
Ansiedad social y habilidades sociales;Ansiedad social - miedo a evaluación;Adultos/Adolescentes;medio;Asertividad y límites;Plan de límites personales;Definir límites no negociables, flexibles y señales de alerta.;Fortalecer autocuidado relacional.;medio;30 min;alta;"PSY2_SRC008;PSY2_SRC009";El profesional debe adaptar la tarea a evaluación clínica, riesgo, edad, contexto, objetivos, preferencias y límites competenciales.
Ansiedad social y habilidades sociales;Ansiedad social - miedo a evaluación;Adultos/Adolescentes;medio;Asertividad y límites;Conversación laboral asertiva;Preparar petición de ajuste, límite o prioridad.;Mejorar control laboral.;medio;antes de conversación;media;"PSY2_SRC008;PSY2_SRC009";El profesional debe adaptar la tarea a evaluación clínica, riesgo, edad, contexto, objetivos, preferencias y límites competenciales.
Ansiedad social y habilidades sociales;Ansiedad social - miedo a evaluación;Adultos/Adolescentes;medio;Guiones sociales;Guion para situación social difícil;Preparar inicio, petición, límite y salida de una conversación.;Aumentar seguridad social.;bajo;antes de situación;media;"PSY2_SRC008;PSY2_SRC009";El profesional debe adaptar la tarea a evaluación clínica, riesgo, edad, contexto, objetivos, preferencias y límites competenciales.
Ansiedad social y habilidades sociales;Ansiedad social - miedo a evaluación;Adultos/Adolescentes;medio;Prevención de recaídas;Plan de prevención de recaídas;Señales tempranas, estrategias, apoyos y plan de revisión.;Mantener avances.;bajo;mensual;media;"PSY2_SRC008;PSY2_SRC009";El profesional debe adaptar la tarea a evaluación clínica, riesgo, edad, contexto, objetivos, preferencias y límites competenciales.
Ansiedad social y habilidades sociales;Evitación social;Adultos/Adolescentes;medio;Psicoeducación;Psicoeducación sobre neurodivergencia;Revisar fortalezas, dificultades, mitos y necesidades de apoyo.;Mejorar autocomprensión.;bajo;sesión;alta;PSY2_SRC008;El profesional debe adaptar la tarea a evaluación clínica, riesgo, edad, contexto, objetivos, preferencias y límites competenciales.
Ansiedad social y habilidades sociales;Evitación social;Adultos/Adolescentes;medio;Exposición gradual;Jerarquía de exposición social;Listar situaciones sociales de menor a mayor dificultad.;Planificar exposición gradual.;medio;30 min;alta;PSY2_SRC008;El profesional debe adaptar la tarea a evaluación clínica, riesgo, edad, contexto, objetivos, preferencias y límites competenciales.
Ansiedad social y habilidades sociales;Evitación social;Adultos/Adolescentes;medio;Exposición gradual;Exposición social breve;Realizar una interacción pequeña y registrar resultado real.;Reducir evitación.;medio;semanal;media;PSY2_SRC008;El profesional debe adaptar la tarea a evaluación clínica, riesgo, edad, contexto, objetivos, preferencias y límites competenciales.
Ansiedad social y habilidades sociales;Evitación social;Adultos/Adolescentes;medio;Prevención de respuesta;Reducir conducta de seguridad;Elegir una conducta de seguridad social y reducirla progresivamente.;Aumentar aprendizaje correctivo.;medio;semanal;media;PSY2_SRC008;El profesional debe adaptar la tarea a evaluación clínica, riesgo, edad, contexto, objetivos, preferencias y límites competenciales.
Ansiedad social y habilidades sociales;Evitación social;Adultos/Adolescentes;medio;Entrenamiento en habilidades sociales;Role-play de conversación;Practicar iniciar, mantener y cerrar conversación.;Mejorar habilidades sociales.;bajo;sesión;media;PSY2_SRC008;El profesional debe adaptar la tarea a evaluación clínica, riesgo, edad, contexto, objetivos, preferencias y límites competenciales.
Ansiedad social y habilidades sociales;Evitación social;Adultos/Adolescentes;medio;Asertividad y límites;Práctica de decir no;Ensayar una negativa breve, amable y firme.;Mejorar límites.;bajo;semanal;media;PSY2_SRC008;El profesional debe adaptar la tarea a evaluación clínica, riesgo, edad, contexto, objetivos, preferencias y límites competenciales.
Ansiedad social y habilidades sociales;Evitación social;Adultos/Adolescentes;medio;Asertividad y límites;Petición asertiva;Formular petición concreta usando 'cuando..., necesito..., propongo...'.;Expresar necesidades.;bajo;semanal;media;PSY2_SRC008;El profesional debe adaptar la tarea a evaluación clínica, riesgo, edad, contexto, objetivos, preferencias y límites competenciales.
Ansiedad social y habilidades sociales;Evitación social;Adultos/Adolescentes;medio;Asertividad y límites;Plan de límites personales;Definir límites no negociables, flexibles y señales de alerta.;Fortalecer autocuidado relacional.;medio;30 min;alta;PSY2_SRC008;El profesional debe adaptar la tarea a evaluación clínica, riesgo, edad, contexto, objetivos, preferencias y límites competenciales.
Ansiedad social y habilidades sociales;Evitación social;Adultos/Adolescentes;medio;Asertividad y límites;Conversación laboral asertiva;Preparar petición de ajuste, límite o prioridad.;Mejorar control laboral.;medio;antes de conversación;media;PSY2_SRC008;El profesional debe adaptar la tarea a evaluación clínica, riesgo, edad, contexto, objetivos, preferencias y límites competenciales.
Ansiedad social y habilidades sociales;Evitación social;Adultos/Adolescentes;medio;Guiones sociales;Guion para situación social difícil;Preparar inicio, petición, límite y salida de una conversación.;Aumentar seguridad social.;bajo;antes de situación;media;PSY2_SRC008;El profesional debe adaptar la tarea a evaluación clínica, riesgo, edad, contexto, objetivos, preferencias y límites competenciales.
Ansiedad social y habilidades sociales;Evitación social;Adultos/Adolescentes;medio;Prevención de recaídas;Plan de prevención de recaídas;Señales tempranas, estrategias, apoyos y plan de revisión.;Mantener avances.;bajo;mensual;media;PSY2_SRC008;El profesional debe adaptar la tarea a evaluación clínica, riesgo, edad, contexto, objetivos, preferencias y límites competenciales.
Ansiedad social y habilidades sociales;Déficit de asertividad;Adultos/Adolescentes;bajo;Psicoeducación;Psicoeducación sobre neurodivergencia;Revisar fortalezas, dificultades, mitos y necesidades de apoyo.;Mejorar autocomprensión.;bajo;sesión;alta;PSY2_SRC009;El profesional debe adaptar la tarea a evaluación clínica, riesgo, edad, contexto, objetivos, preferencias y límites competenciales.
Ansiedad social y habilidades sociales;Déficit de asertividad;Adultos/Adolescentes;bajo;Exposición gradual;Jerarquía de exposición social;Listar situaciones sociales de menor a mayor dificultad.;Planificar exposición gradual.;medio;30 min;alta;PSY2_SRC009;El profesional debe adaptar la tarea a evaluación clínica, riesgo, edad, contexto, objetivos, preferencias y límites competenciales.
Ansiedad social y habilidades sociales;Déficit de asertividad;Adultos/Adolescentes;bajo;Exposición gradual;Exposición social breve;Realizar una interacción pequeña y registrar resultado real.;Reducir evitación.;medio;semanal;media;PSY2_SRC009;El profesional debe adaptar la tarea a evaluación clínica, riesgo, edad, contexto, objetivos, preferencias y límites competenciales.
Ansiedad social y habilidades sociales;Déficit de asertividad;Adultos/Adolescentes;bajo;Prevención de respuesta;Reducir conducta de seguridad;Elegir una conducta de seguridad social y reducirla progresivamente.;Aumentar aprendizaje correctivo.;medio;semanal;media;PSY2_SRC009;El profesional debe adaptar la tarea a evaluación clínica, riesgo, edad, contexto, objetivos, preferencias y límites competenciales.
Ansiedad social y habilidades sociales;Déficit de asertividad;Adultos/Adolescentes;bajo;Entrenamiento en habilidades sociales;Role-play de conversación;Practicar iniciar, mantener y cerrar conversación.;Mejorar habilidades sociales.;bajo;sesión;media;PSY2_SRC009;El profesional debe adaptar la tarea a evaluación clínica, riesgo, edad, contexto, objetivos, preferencias y límites competenciales.
Ansiedad social y habilidades sociales;Déficit de asertividad;Adultos/Adolescentes;bajo;Asertividad y límites;Práctica de decir no;Ensayar una negativa breve, amable y firme.;Mejorar límites.;bajo;semanal;media;PSY2_SRC009;El profesional debe adaptar la tarea a evaluación clínica, riesgo, edad, contexto, objetivos, preferencias y límites competenciales.
Ansiedad social y habilidades sociales;Déficit de asertividad;Adultos/Adolescentes;bajo;Asertividad y límites;Petición asertiva;Formular petición concreta usando 'cuando..., necesito..., propongo...'.;Expresar necesidades.;bajo;semanal;media;PSY2_SRC009;El profesional debe adaptar la tarea a evaluación clínica, riesgo, edad, contexto, objetivos, preferencias y límites competenciales.
Ansiedad social y habilidades sociales;Déficit de asertividad;Adultos/Adolescentes;bajo;Asertividad y límites;Plan de límites personales;Definir límites no negociables, flexibles y señales de alerta.;Fortalecer autocuidado relacional.;medio;30 min;alta;PSY2_SRC009;El profesional debe adaptar la tarea a evaluación clínica, riesgo, edad, contexto, objetivos, preferencias y límites competenciales.
Ansiedad social y habilidades sociales;Déficit de asertividad;Adultos/Adolescentes;bajo;Asertividad y límites;Conversación laboral asertiva;Preparar petición de ajuste, límite o prioridad.;Mejorar control laboral.;medio;antes de conversación;media;PSY2_SRC009;El profesional debe adaptar la tarea a evaluación clínica, riesgo, edad, contexto, objetivos, preferencias y límites competenciales.
Ansiedad social y habilidades sociales;Déficit de asertividad;Adultos/Adolescentes;bajo;Guiones sociales;Guion para situación social difícil;Preparar inicio, petición, límite y salida de una conversación.;Aumentar seguridad social.;bajo;antes de situación;media;PSY2_SRC009;El profesional debe adaptar la tarea a evaluación clínica, riesgo, edad, contexto, objetivos, preferencias y límites competenciales.
Ansiedad social y habilidades sociales;Déficit de asertividad;Adultos/Adolescentes;bajo;Prevención de recaídas;Plan de prevención de recaídas;Señales tempranas, estrategias, apoyos y plan de revisión.;Mantener avances.;bajo;mensual;media;PSY2_SRC009;El profesional debe adaptar la tarea a evaluación clínica, riesgo, edad, contexto, objetivos, preferencias y límites competenciales.
Ansiedad social y habilidades sociales;Dificultad conversacional;Adultos/Adolescentes;bajo;Psicoeducación;Psicoeducación sobre neurodivergencia;Revisar fortalezas, dificultades, mitos y necesidades de apoyo.;Mejorar autocomprensión.;bajo;sesión;alta;PSY2_SRC009;El profesional debe adaptar la tarea a evaluación clínica, riesgo, edad, contexto, objetivos, preferencias y límites competenciales.
Ansiedad social y habilidades sociales;Dificultad conversacional;Adultos/Adolescentes;bajo;Exposición gradual;Jerarquía de exposición social;Listar situaciones sociales de menor a mayor dificultad.;Planificar exposición gradual.;medio;30 min;alta;PSY2_SRC009;El profesional debe adaptar la tarea a evaluación clínica, riesgo, edad, contexto, objetivos, preferencias y límites competenciales.
Ansiedad social y habilidades sociales;Dificultad conversacional;Adultos/Adolescentes;bajo;Exposición gradual;Exposición social breve;Realizar una interacción pequeña y registrar resultado real.;Reducir evitación.;medio;semanal;media;PSY2_SRC009;El profesional debe adaptar la tarea a evaluación clínica, riesgo, edad, contexto, objetivos, preferencias y límites competenciales.
Ansiedad social y habilidades sociales;Dificultad conversacional;Adultos/Adolescentes;bajo;Prevención de respuesta;Reducir conducta de seguridad;Elegir una conducta de seguridad social y reducirla progresivamente.;Aumentar aprendizaje correctivo.;medio;semanal;media;PSY2_SRC009;El profesional debe adaptar la tarea a evaluación clínica, riesgo, edad, contexto, objetivos, preferencias y límites competenciales.
Ansiedad social y habilidades sociales;Dificultad conversacional;Adultos/Adolescentes;bajo;Entrenamiento en habilidades sociales;Role-play de conversación;Practicar iniciar, mantener y cerrar conversación.;Mejorar habilidades sociales.;bajo;sesión;media;PSY2_SRC009;El profesional debe adaptar la tarea a evaluación clínica, riesgo, edad, contexto, objetivos, preferencias y límites competenciales.
Ansiedad social y habilidades sociales;Dificultad conversacional;Adultos/Adolescentes;bajo;Asertividad y límites;Práctica de decir no;Ensayar una negativa breve, amable y firme.;Mejorar límites.;bajo;semanal;media;PSY2_SRC009;El profesional debe adaptar la tarea a evaluación clínica, riesgo, edad, contexto, objetivos, preferencias y límites competenciales.
Ansiedad social y habilidades sociales;Dificultad conversacional;Adultos/Adolescentes;bajo;Asertividad y límites;Petición asertiva;Formular petición concreta usando 'cuando..., necesito..., propongo...'.;Expresar necesidades.;bajo;semanal;media;PSY2_SRC009;El profesional debe adaptar la tarea a evaluación clínica, riesgo, edad, contexto, objetivos, preferencias y límites competenciales.
Ansiedad social y habilidades sociales;Dificultad conversacional;Adultos/Adolescentes;bajo;Asertividad y límites;Plan de límites personales;Definir límites no negociables, flexibles y señales de alerta.;Fortalecer autocuidado relacional.;medio;30 min;alta;PSY2_SRC009;El profesional debe adaptar la tarea a evaluación clínica, riesgo, edad, contexto, objetivos, preferencias y límites competenciales.
Ansiedad social y habilidades sociales;Dificultad conversacional;Adultos/Adolescentes;bajo;Asertividad y límites;Conversación laboral asertiva;Preparar petición de ajuste, límite o prioridad.;Mejorar control laboral.;medio;antes de conversación;media;PSY2_SRC009;El profesional debe adaptar la tarea a evaluación clínica, riesgo, edad, contexto, objetivos, preferencias y límites competenciales.
Ansiedad social y habilidades sociales;Dificultad conversacional;Adultos/Adolescentes;bajo;Guiones sociales;Guion para situación social difícil;Preparar inicio, petición, límite y salida de una conversación.;Aumentar seguridad social.;bajo;antes de situación;media;PSY2_SRC009;El profesional debe adaptar la tarea a evaluación clínica, riesgo, edad, contexto, objetivos, preferencias y límites competenciales.
Ansiedad social y habilidades sociales;Dificultad conversacional;Adultos/Adolescentes;bajo;Prevención de recaídas;Plan de prevención de recaídas;Señales tempranas, estrategias, apoyos y plan de revisión.;Mantener avances.;bajo;mensual;media;PSY2_SRC009;El profesional debe adaptar la tarea a evaluación clínica, riesgo, edad, contexto, objetivos, preferencias y límites competenciales.
Autoestima, autoconcepto y vergüenza;Baja autoestima;Adultos/Adolescentes;medio;Registro ABC;Registro ABC emocional;Registrar situación, pensamiento, emoción, impulso y conducta.;Comprender ciclos emocionales.;bajo;7 días;media;"PSY2_SRC009;PSY2_SRC012";El profesional debe adaptar la tarea a evaluación clínica, riesgo, edad, contexto, objetivos, preferencias y límites competenciales.
Autoestima, autoconcepto y vergüenza;Baja autoestima;Adultos/Adolescentes;medio;Registro ABC;Registro de comparación;Detectar comparación, contexto, coste y respuesta alternativa.;Reducir comparación dañina.;bajo;7 días;media;"PSY2_SRC009;PSY2_SRC012";El profesional debe adaptar la tarea a evaluación clínica, riesgo, edad, contexto, objetivos, preferencias y límites competenciales.
Autoestima, autoconcepto y vergüenza;Baja autoestima;Adultos/Adolescentes;medio;Registro ABC;Registro de carga laboral;Anotar demandas, energía, pausas, horas extra y recuperación.;Detectar burnout/estrés.;bajo;7 días;alta;"PSY2_SRC009;PSY2_SRC012";El profesional debe adaptar la tarea a evaluación clínica, riesgo, edad, contexto, objetivos, preferencias y límites competenciales.
Autoestima, autoconcepto y vergüenza;Baja autoestima;Adultos/Adolescentes;medio;Reestructuración cognitiva;Experimento contra creencia negativa;Diseñar una acción que ponga a prueba una creencia sobre uno mismo.;Flexibilizar autoconcepto.;medio;semanal;media;"PSY2_SRC009;PSY2_SRC012";El profesional debe adaptar la tarea a evaluación clínica, riesgo, edad, contexto, objetivos, preferencias y límites competenciales.
Autoestima, autoconcepto y vergüenza;Baja autoestima;Adultos/Adolescentes;medio;Reestructuración cognitiva;Registro de estándares rígidos;Anotar regla interna, origen, utilidad y coste.;Flexibilizar autoexigencia.;bajo;7 días;media;"PSY2_SRC009;PSY2_SRC012";El profesional debe adaptar la tarea a evaluación clínica, riesgo, edad, contexto, objetivos, preferencias y límites competenciales.
Autoestima, autoconcepto y vergüenza;Baja autoestima;Adultos/Adolescentes;medio;Reestructuración cognitiva;Registro de logros realistas;Anotar logro, esfuerzo, habilidad usada y evidencia.;Reducir impostor.;bajo;diario/semanal;media;"PSY2_SRC009;PSY2_SRC012";El profesional debe adaptar la tarea a evaluación clínica, riesgo, edad, contexto, objetivos, preferencias y límites competenciales.
Autoestima, autoconcepto y vergüenza;Baja autoestima;Adultos/Adolescentes;medio;Autocompasión;Registro de autocrítica;Anotar frase autocrítica, emoción y alternativa compasiva.;Reducir autocrítica.;bajo;7 días;alta;"PSY2_SRC009;PSY2_SRC012";El profesional debe adaptar la tarea a evaluación clínica, riesgo, edad, contexto, objetivos, preferencias y límites competenciales.
Autoestima, autoconcepto y vergüenza;Baja autoestima;Adultos/Adolescentes;medio;Autocompasión;Carta de autocompasión;Escribir respuesta a uno mismo como a un amigo.;Cultivar trato interno amable.;bajo;20 min;media;"PSY2_SRC009;PSY2_SRC012";El profesional debe adaptar la tarea a evaluación clínica, riesgo, edad, contexto, objetivos, preferencias y límites competenciales.
Autoestima, autoconcepto y vergüenza;Baja autoestima;Adultos/Adolescentes;medio;Autocompasión;Reformulación de error;Transformar un error en aprendizaje concreto.;Reducir miedo al error.;bajo;semanal;media;"PSY2_SRC009;PSY2_SRC012";El profesional debe adaptar la tarea a evaluación clínica, riesgo, edad, contexto, objetivos, preferencias y límites competenciales.
Autoestima, autoconcepto y vergüenza;Baja autoestima;Adultos/Adolescentes;medio;Trabajo de valores;Inventario de fortalezas;Listar habilidades, valores, esfuerzos y logros concretos.;Reforzar autoconcepto.;bajo;30 min;media;"PSY2_SRC009;PSY2_SRC012";El profesional debe adaptar la tarea a evaluación clínica, riesgo, edad, contexto, objetivos, preferencias y límites competenciales.
Autoestima, autoconcepto y vergüenza;Baja autoestima;Adultos/Adolescentes;medio;Trabajo de valores;Actividad de reconexión vital;Programar actividad pequeña vinculada a valores o identidad.;Reconstruir vida cotidiana.;bajo;semanal;media;"PSY2_SRC009;PSY2_SRC012";El profesional debe adaptar la tarea a evaluación clínica, riesgo, edad, contexto, objetivos, preferencias y límites competenciales.
Autoestima, autoconcepto y vergüenza;Baja autoestima;Adultos/Adolescentes;medio;Trabajo de valores;Clarificación de valores;Elegir 3 valores y una acción pequeña por valor.;Orientar conducta.;bajo;sesión;media;"PSY2_SRC009;PSY2_SRC012";El profesional debe adaptar la tarea a evaluación clínica, riesgo, edad, contexto, objetivos, preferencias y límites competenciales.
Autoestima, autoconcepto y vergüenza;Baja autoestima;Adultos/Adolescentes;medio;Narrativa terapéutica;Línea temporal del duelo;Ordenar hitos de pérdida, cambios y recursos usados.;Dar sentido al proceso.;medio;30 min;media;"PSY2_SRC009;PSY2_SRC012";El profesional debe adaptar la tarea a evaluación clínica, riesgo, edad, contexto, objetivos, preferencias y límites competenciales.
Autoestima, autoconcepto y vergüenza;Baja autoestima;Adultos/Adolescentes;medio;Prevención de recaídas;Plan de prevención de recaídas;Señales tempranas, estrategias, apoyos y plan de revisión.;Mantener avances.;bajo;mensual;media;"PSY2_SRC009;PSY2_SRC012";El profesional debe adaptar la tarea a evaluación clínica, riesgo, edad, contexto, objetivos, preferencias y límites competenciales.
Autoestima, autoconcepto y vergüenza;Autocrítica intensa;Adultos/Adolescentes;medio;Registro ABC;Registro ABC emocional;Registrar situación, pensamiento, emoción, impulso y conducta.;Comprender ciclos emocionales.;bajo;7 días;media;PSY2_SRC009;El profesional debe adaptar la tarea a evaluación clínica, riesgo, edad, contexto, objetivos, preferencias y límites competenciales.
Autoestima, autoconcepto y vergüenza;Autocrítica intensa;Adultos/Adolescentes;medio;Registro ABC;Registro de comparación;Detectar comparación, contexto, coste y respuesta alternativa.;Reducir comparación dañina.;bajo;7 días;media;PSY2_SRC009;El profesional debe adaptar la tarea a evaluación clínica, riesgo, edad, contexto, objetivos, preferencias y límites competenciales.
Autoestima, autoconcepto y vergüenza;Autocrítica intensa;Adultos/Adolescentes;medio;Registro ABC;Registro de carga laboral;Anotar demandas, energía, pausas, horas extra y recuperación.;Detectar burnout/estrés.;bajo;7 días;alta;PSY2_SRC009;El profesional debe adaptar la tarea a evaluación clínica, riesgo, edad, contexto, objetivos, preferencias y límites competenciales.
Autoestima, autoconcepto y vergüenza;Autocrítica intensa;Adultos/Adolescentes;medio;Reestructuración cognitiva;Experimento contra creencia negativa;Diseñar una acción que ponga a prueba una creencia sobre uno mismo.;Flexibilizar autoconcepto.;medio;semanal;media;PSY2_SRC009;El profesional debe adaptar la tarea a evaluación clínica, riesgo, edad, contexto, objetivos, preferencias y límites competenciales.
Autoestima, autoconcepto y vergüenza;Autocrítica intensa;Adultos/Adolescentes;medio;Reestructuración cognitiva;Registro de estándares rígidos;Anotar regla interna, origen, utilidad y coste.;Flexibilizar autoexigencia.;bajo;7 días;media;PSY2_SRC009;El profesional debe adaptar la tarea a evaluación clínica, riesgo, edad, contexto, objetivos, preferencias y límites competenciales.
Autoestima, autoconcepto y vergüenza;Autocrítica intensa;Adultos/Adolescentes;medio;Reestructuración cognitiva;Registro de logros realistas;Anotar logro, esfuerzo, habilidad usada y evidencia.;Reducir impostor.;bajo;diario/semanal;media;PSY2_SRC009;El profesional debe adaptar la tarea a evaluación clínica, riesgo, edad, contexto, objetivos, preferencias y límites competenciales.
Autoestima, autoconcepto y vergüenza;Autocrítica intensa;Adultos/Adolescentes;medio;Autocompasión;Registro de autocrítica;Anotar frase autocrítica, emoción y alternativa compasiva.;Reducir autocrítica.;bajo;7 días;alta;PSY2_SRC009;El profesional debe adaptar la tarea a evaluación clínica, riesgo, edad, contexto, objetivos, preferencias y límites competenciales.
Autoestima, autoconcepto y vergüenza;Autocrítica intensa;Adultos/Adolescentes;medio;Autocompasión;Carta de autocompasión;Escribir respuesta a uno mismo como a un amigo.;Cultivar trato interno amable.;bajo;20 min;media;PSY2_SRC009;El profesional debe adaptar la tarea a evaluación clínica, riesgo, edad, contexto, objetivos, preferencias y límites competenciales.
Autoestima, autoconcepto y vergüenza;Autocrítica intensa;Adultos/Adolescentes;medio;Autocompasión;Reformulación de error;Transformar un error en aprendizaje concreto.;Reducir miedo al error.;bajo;semanal;media;PSY2_SRC009;El profesional debe adaptar la tarea a evaluación clínica, riesgo, edad, contexto, objetivos, preferencias y límites competenciales.
Autoestima, autoconcepto y vergüenza;Autocrítica intensa;Adultos/Adolescentes;medio;Trabajo de valores;Inventario de fortalezas;Listar habilidades, valores, esfuerzos y logros concretos.;Reforzar autoconcepto.;bajo;30 min;media;PSY2_SRC009;El profesional debe adaptar la tarea a evaluación clínica, riesgo, edad, contexto, objetivos, preferencias y límites competenciales.
Autoestima, autoconcepto y vergüenza;Autocrítica intensa;Adultos/Adolescentes;medio;Trabajo de valores;Actividad de reconexión vital;Programar actividad pequeña vinculada a valores o identidad.;Reconstruir vida cotidiana.;bajo;semanal;media;PSY2_SRC009;El profesional debe adaptar la tarea a evaluación clínica, riesgo, edad, contexto, objetivos, preferencias y límites competenciales.
Autoestima, autoconcepto y vergüenza;Autocrítica intensa;Adultos/Adolescentes;medio;Trabajo de valores;Clarificación de valores;Elegir 3 valores y una acción pequeña por valor.;Orientar conducta.;bajo;sesión;media;PSY2_SRC009;El profesional debe adaptar la tarea a evaluación clínica, riesgo, edad, contexto, objetivos, preferencias y límites competenciales.
Autoestima, autoconcepto y vergüenza;Autocrítica intensa;Adultos/Adolescentes;medio;Narrativa terapéutica;Línea temporal del duelo;Ordenar hitos de pérdida, cambios y recursos usados.;Dar sentido al proceso.;medio;30 min;media;PSY2_SRC009;El profesional debe adaptar la tarea a evaluación clínica, riesgo, edad, contexto, objetivos, preferencias y límites competenciales.
Autoestima, autoconcepto y vergüenza;Autocrítica intensa;Adultos/Adolescentes;medio;Prevención de recaídas;Plan de prevención de recaídas;Señales tempranas, estrategias, apoyos y plan de revisión.;Mantener avances.;bajo;mensual;media;PSY2_SRC009;El profesional debe adaptar la tarea a evaluación clínica, riesgo, edad, contexto, objetivos, preferencias y límites competenciales.
Autoestima, autoconcepto y vergüenza;Vergüenza corporal o personal;Adultos/Adolescentes;medio;Registro ABC;Registro ABC emocional;Registrar situación, pensamiento, emoción, impulso y conducta.;Comprender ciclos emocionales.;bajo;7 días;media;PSY2_SRC009;El profesional debe adaptar la tarea a evaluación clínica, riesgo, edad, contexto, objetivos, preferencias y límites competenciales.
Autoestima, autoconcepto y vergüenza;Vergüenza corporal o personal;Adultos/Adolescentes;medio;Registro ABC;Registro de comparación;Detectar comparación, contexto, coste y respuesta alternativa.;Reducir comparación dañina.;bajo;7 días;media;PSY2_SRC009;El profesional debe adaptar la tarea a evaluación clínica, riesgo, edad, contexto, objetivos, preferencias y límites competenciales.
Autoestima, autoconcepto y vergüenza;Vergüenza corporal o personal;Adultos/Adolescentes;medio;Registro ABC;Registro de carga laboral;Anotar demandas, energía, pausas, horas extra y recuperación.;Detectar burnout/estrés.;bajo;7 días;alta;PSY2_SRC009;El profesional debe adaptar la tarea a evaluación clínica, riesgo, edad, contexto, objetivos, preferencias y límites competenciales.
Autoestima, autoconcepto y vergüenza;Vergüenza corporal o personal;Adultos/Adolescentes;medio;Reestructuración cognitiva;Experimento contra creencia negativa;Diseñar una acción que ponga a prueba una creencia sobre uno mismo.;Flexibilizar autoconcepto.;medio;semanal;media;PSY2_SRC009;El profesional debe adaptar la tarea a evaluación clínica, riesgo, edad, contexto, objetivos, preferencias y límites competenciales.
Autoestima, autoconcepto y vergüenza;Vergüenza corporal o personal;Adultos/Adolescentes;medio;Reestructuración cognitiva;Registro de estándares rígidos;Anotar regla interna, origen, utilidad y coste.;Flexibilizar autoexigencia.;bajo;7 días;media;PSY2_SRC009;El profesional debe adaptar la tarea a evaluación clínica, riesgo, edad, contexto, objetivos, preferencias y límites competenciales.
Autoestima, autoconcepto y vergüenza;Vergüenza corporal o personal;Adultos/Adolescentes;medio;Reestructuración cognitiva;Registro de logros realistas;Anotar logro, esfuerzo, habilidad usada y evidencia.;Reducir impostor.;bajo;diario/semanal;media;PSY2_SRC009;El profesional debe adaptar la tarea a evaluación clínica, riesgo, edad, contexto, objetivos, preferencias y límites competenciales.
Autoestima, autoconcepto y vergüenza;Vergüenza corporal o personal;Adultos/Adolescentes;medio;Autocompasión;Registro de autocrítica;Anotar frase autocrítica, emoción y alternativa compasiva.;Reducir autocrítica.;bajo;7 días;alta;PSY2_SRC009;El profesional debe adaptar la tarea a evaluación clínica, riesgo, edad, contexto, objetivos, preferencias y límites competenciales.
Autoestima, autoconcepto y vergüenza;Vergüenza corporal o personal;Adultos/Adolescentes;medio;Autocompasión;Carta de autocompasión;Escribir respuesta a uno mismo como a un amigo.;Cultivar trato interno amable.;bajo;20 min;media;PSY2_SRC009;El profesional debe adaptar la tarea a evaluación clínica, riesgo, edad, contexto, objetivos, preferencias y límites competenciales.
Autoestima, autoconcepto y vergüenza;Vergüenza corporal o personal;Adultos/Adolescentes;medio;Autocompasión;Reformulación de error;Transformar un error en aprendizaje concreto.;Reducir miedo al error.;bajo;semanal;media;PSY2_SRC009;El profesional debe adaptar la tarea a evaluación clínica, riesgo, edad, contexto, objetivos, preferencias y límites competenciales.
Autoestima, autoconcepto y vergüenza;Vergüenza corporal o personal;Adultos/Adolescentes;medio;Trabajo de valores;Inventario de fortalezas;Listar habilidades, valores, esfuerzos y logros concretos.;Reforzar autoconcepto.;bajo;30 min;media;PSY2_SRC009;El profesional debe adaptar la tarea a evaluación clínica, riesgo, edad, contexto, objetivos, preferencias y límites competenciales.
Autoestima, autoconcepto y vergüenza;Vergüenza corporal o personal;Adultos/Adolescentes;medio;Trabajo de valores;Actividad de reconexión vital;Programar actividad pequeña vinculada a valores o identidad.;Reconstruir vida cotidiana.;bajo;semanal;media;PSY2_SRC009;El profesional debe adaptar la tarea a evaluación clínica, riesgo, edad, contexto, objetivos, preferencias y límites competenciales.
Autoestima, autoconcepto y vergüenza;Vergüenza corporal o personal;Adultos/Adolescentes;medio;Trabajo de valores;Clarificación de valores;Elegir 3 valores y una acción pequeña por valor.;Orientar conducta.;bajo;sesión;media;PSY2_SRC009;El profesional debe adaptar la tarea a evaluación clínica, riesgo, edad, contexto, objetivos, preferencias y límites competenciales.
Autoestima, autoconcepto y vergüenza;Vergüenza corporal o personal;Adultos/Adolescentes;medio;Narrativa terapéutica;Línea temporal del duelo;Ordenar hitos de pérdida, cambios y recursos usados.;Dar sentido al proceso.;medio;30 min;media;PSY2_SRC009;El profesional debe adaptar la tarea a evaluación clínica, riesgo, edad, contexto, objetivos, preferencias y límites competenciales.
Autoestima, autoconcepto y vergüenza;Vergüenza corporal o personal;Adultos/Adolescentes;medio;Prevención de recaídas;Plan de prevención de recaídas;Señales tempranas, estrategias, apoyos y plan de revisión.;Mantener avances.;bajo;mensual;media;PSY2_SRC009;El profesional debe adaptar la tarea a evaluación clínica, riesgo, edad, contexto, objetivos, preferencias y límites competenciales.
Autoestima, autoconcepto y vergüenza;Comparación constante;Adultos/Adolescentes;bajo;Registro ABC;Registro ABC emocional;Registrar situación, pensamiento, emoción, impulso y conducta.;Comprender ciclos emocionales.;bajo;7 días;media;PSY2_SRC009;El profesional debe adaptar la tarea a evaluación clínica, riesgo, edad, contexto, objetivos, preferencias y límites competenciales.
Autoestima, autoconcepto y vergüenza;Comparación constante;Adultos/Adolescentes;bajo;Registro ABC;Registro de comparación;Detectar comparación, contexto, coste y respuesta alternativa.;Reducir comparación dañina.;bajo;7 días;media;PSY2_SRC009;El profesional debe adaptar la tarea a evaluación clínica, riesgo, edad, contexto, objetivos, preferencias y límites competenciales.
Autoestima, autoconcepto y vergüenza;Comparación constante;Adultos/Adolescentes;bajo;Registro ABC;Registro de carga laboral;Anotar demandas, energía, pausas, horas extra y recuperación.;Detectar burnout/estrés.;bajo;7 días;alta;PSY2_SRC009;El profesional debe adaptar la tarea a evaluación clínica, riesgo, edad, contexto, objetivos, preferencias y límites competenciales.
Autoestima, autoconcepto y vergüenza;Comparación constante;Adultos/Adolescentes;bajo;Reestructuración cognitiva;Experimento contra creencia negativa;Diseñar una acción que ponga a prueba una creencia sobre uno mismo.;Flexibilizar autoconcepto.;medio;semanal;media;PSY2_SRC009;El profesional debe adaptar la tarea a evaluación clínica, riesgo, edad, contexto, objetivos, preferencias y límites competenciales.
Autoestima, autoconcepto y vergüenza;Comparación constante;Adultos/Adolescentes;bajo;Reestructuración cognitiva;Registro de estándares rígidos;Anotar regla interna, origen, utilidad y coste.;Flexibilizar autoexigencia.;bajo;7 días;media;PSY2_SRC009;El profesional debe adaptar la tarea a evaluación clínica, riesgo, edad, contexto, objetivos, preferencias y límites competenciales.
Autoestima, autoconcepto y vergüenza;Comparación constante;Adultos/Adolescentes;bajo;Reestructuración cognitiva;Registro de logros realistas;Anotar logro, esfuerzo, habilidad usada y evidencia.;Reducir impostor.;bajo;diario/semanal;media;PSY2_SRC009;El profesional debe adaptar la tarea a evaluación clínica, riesgo, edad, contexto, objetivos, preferencias y límites competenciales.
Autoestima, autoconcepto y vergüenza;Comparación constante;Adultos/Adolescentes;bajo;Autocompasión;Registro de autocrítica;Anotar frase autocrítica, emoción y alternativa compasiva.;Reducir autocrítica.;bajo;7 días;alta;PSY2_SRC009;El profesional debe adaptar la tarea a evaluación clínica, riesgo, edad, contexto, objetivos, preferencias y límites competenciales.
Autoestima, autoconcepto y vergüenza;Comparación constante;Adultos/Adolescentes;bajo;Autocompasión;Carta de autocompasión;Escribir respuesta a uno mismo como a un amigo.;Cultivar trato interno amable.;bajo;20 min;media;PSY2_SRC009;El profesional debe adaptar la tarea a evaluación clínica, riesgo, edad, contexto, objetivos, preferencias y límites competenciales.
Autoestima, autoconcepto y vergüenza;Comparación constante;Adultos/Adolescentes;bajo;Autocompasión;Reformulación de error;Transformar un error en aprendizaje concreto.;Reducir miedo al error.;bajo;semanal;media;PSY2_SRC009;El profesional debe adaptar la tarea a evaluación clínica, riesgo, edad, contexto, objetivos, preferencias y límites competenciales.
Autoestima, autoconcepto y vergüenza;Comparación constante;Adultos/Adolescentes;bajo;Trabajo de valores;Inventario de fortalezas;Listar habilidades, valores, esfuerzos y logros concretos.;Reforzar autoconcepto.;bajo;30 min;media;PSY2_SRC009;El profesional debe adaptar la tarea a evaluación clínica, riesgo, edad, contexto, objetivos, preferencias y límites competenciales.
Autoestima, autoconcepto y vergüenza;Comparación constante;Adultos/Adolescentes;bajo;Trabajo de valores;Actividad de reconexión vital;Programar actividad pequeña vinculada a valores o identidad.;Reconstruir vida cotidiana.;bajo;semanal;media;PSY2_SRC009;El profesional debe adaptar la tarea a evaluación clínica, riesgo, edad, contexto, objetivos, preferencias y límites competenciales.
Autoestima, autoconcepto y vergüenza;Comparación constante;Adultos/Adolescentes;bajo;Trabajo de valores;Clarificación de valores;Elegir 3 valores y una acción pequeña por valor.;Orientar conducta.;bajo;sesión;media;PSY2_SRC009;El profesional debe adaptar la tarea a evaluación clínica, riesgo, edad, contexto, objetivos, preferencias y límites competenciales.
Autoestima, autoconcepto y vergüenza;Comparación constante;Adultos/Adolescentes;bajo;Narrativa terapéutica;Línea temporal del duelo;Ordenar hitos de pérdida, cambios y recursos usados.;Dar sentido al proceso.;medio;30 min;media;PSY2_SRC009;El profesional debe adaptar la tarea a evaluación clínica, riesgo, edad, contexto, objetivos, preferencias y límites competenciales.
Autoestima, autoconcepto y vergüenza;Comparación constante;Adultos/Adolescentes;bajo;Prevención de recaídas;Plan de prevención de recaídas;Señales tempranas, estrategias, apoyos y plan de revisión.;Mantener avances.;bajo;mensual;media;PSY2_SRC009;El profesional debe adaptar la tarea a evaluación clínica, riesgo, edad, contexto, objetivos, preferencias y límites competenciales.
Perfeccionismo y síndrome del impostor;Perfeccionismo paralizante;Adultos/Adolescentes;medio;Registro ABC;Registro ABC emocional;Registrar situación, pensamiento, emoción, impulso y conducta.;Comprender ciclos emocionales.;bajo;7 días;media;PSY2_SRC009;El profesional debe adaptar la tarea a evaluación clínica, riesgo, edad, contexto, objetivos, preferencias y límites competenciales.
Perfeccionismo y síndrome del impostor;Perfeccionismo paralizante;Adultos/Adolescentes;medio;Registro ABC;Registro de comparación;Detectar comparación, contexto, coste y respuesta alternativa.;Reducir comparación dañina.;bajo;7 días;media;PSY2_SRC009;El profesional debe adaptar la tarea a evaluación clínica, riesgo, edad, contexto, objetivos, preferencias y límites competenciales.
Perfeccionismo y síndrome del impostor;Perfeccionismo paralizante;Adultos/Adolescentes;medio;Registro ABC;Registro de carga laboral;Anotar demandas, energía, pausas, horas extra y recuperación.;Detectar burnout/estrés.;bajo;7 días;alta;PSY2_SRC009;El profesional debe adaptar la tarea a evaluación clínica, riesgo, edad, contexto, objetivos, preferencias y límites competenciales.
Perfeccionismo y síndrome del impostor;Perfeccionismo paralizante;Adultos/Adolescentes;medio;Reestructuración cognitiva;Experimento contra creencia negativa;Diseñar una acción que ponga a prueba una creencia sobre uno mismo.;Flexibilizar autoconcepto.;medio;semanal;media;PSY2_SRC009;El profesional debe adaptar la tarea a evaluación clínica, riesgo, edad, contexto, objetivos, preferencias y límites competenciales.
Perfeccionismo y síndrome del impostor;Perfeccionismo paralizante;Adultos/Adolescentes;medio;Reestructuración cognitiva;Registro de estándares rígidos;Anotar regla interna, origen, utilidad y coste.;Flexibilizar autoexigencia.;bajo;7 días;media;PSY2_SRC009;El profesional debe adaptar la tarea a evaluación clínica, riesgo, edad, contexto, objetivos, preferencias y límites competenciales.
Perfeccionismo y síndrome del impostor;Perfeccionismo paralizante;Adultos/Adolescentes;medio;Reestructuración cognitiva;Registro de logros realistas;Anotar logro, esfuerzo, habilidad usada y evidencia.;Reducir impostor.;bajo;diario/semanal;media;PSY2_SRC009;El profesional debe adaptar la tarea a evaluación clínica, riesgo, edad, contexto, objetivos, preferencias y límites competenciales.
Perfeccionismo y síndrome del impostor;Perfeccionismo paralizante;Adultos/Adolescentes;medio;Defusión cognitiva;Defusión de pensamientos repetitivos;Escribir pensamiento como 'estoy teniendo el pensamiento de...'.;Tomar distancia de rumiación.;bajo;cuando aparezca;media;PSY2_SRC009;El profesional debe adaptar la tarea a evaluación clínica, riesgo, edad, contexto, objetivos, preferencias y límites competenciales.
Perfeccionismo y síndrome del impostor;Perfeccionismo paralizante;Adultos/Adolescentes;medio;Autocompasión;Registro de autocrítica;Anotar frase autocrítica, emoción y alternativa compasiva.;Reducir autocrítica.;bajo;7 días;alta;PSY2_SRC009;El profesional debe adaptar la tarea a evaluación clínica, riesgo, edad, contexto, objetivos, preferencias y límites competenciales.
Perfeccionismo y síndrome del impostor;Perfeccionismo paralizante;Adultos/Adolescentes;medio;Autocompasión;Carta de autocompasión;Escribir respuesta a uno mismo como a un amigo.;Cultivar trato interno amable.;bajo;20 min;media;PSY2_SRC009;El profesional debe adaptar la tarea a evaluación clínica, riesgo, edad, contexto, objetivos, preferencias y límites competenciales.
Perfeccionismo y síndrome del impostor;Perfeccionismo paralizante;Adultos/Adolescentes;medio;Autocompasión;Reformulación de error;Transformar un error en aprendizaje concreto.;Reducir miedo al error.;bajo;semanal;media;PSY2_SRC009;El profesional debe adaptar la tarea a evaluación clínica, riesgo, edad, contexto, objetivos, preferencias y límites competenciales.
Perfeccionismo y síndrome del impostor;Perfeccionismo paralizante;Adultos/Adolescentes;medio;Trabajo de valores;Inventario de fortalezas;Listar habilidades, valores, esfuerzos y logros concretos.;Reforzar autoconcepto.;bajo;30 min;media;PSY2_SRC009;El profesional debe adaptar la tarea a evaluación clínica, riesgo, edad, contexto, objetivos, preferencias y límites competenciales.
Perfeccionismo y síndrome del impostor;Perfeccionismo paralizante;Adultos/Adolescentes;medio;Trabajo de valores;Actividad de reconexión vital;Programar actividad pequeña vinculada a valores o identidad.;Reconstruir vida cotidiana.;bajo;semanal;media;PSY2_SRC009;El profesional debe adaptar la tarea a evaluación clínica, riesgo, edad, contexto, objetivos, preferencias y límites competenciales.
Perfeccionismo y síndrome del impostor;Perfeccionismo paralizante;Adultos/Adolescentes;medio;Trabajo de valores;Clarificación de valores;Elegir 3 valores y una acción pequeña por valor.;Orientar conducta.;bajo;sesión;media;PSY2_SRC009;El profesional debe adaptar la tarea a evaluación clínica, riesgo, edad, contexto, objetivos, preferencias y límites competenciales.
Perfeccionismo y síndrome del impostor;Perfeccionismo paralizante;Adultos/Adolescentes;medio;Fragmentación de tareas;Checklist de inicio de tarea;Antes de empezar: objetivo, primer paso, materiales y tiempo estimado.;Reducir fricción inicial.;bajo;diario;media;PSY2_SRC009;El profesional debe adaptar la tarea a evaluación clínica, riesgo, edad, contexto, objetivos, preferencias y límites competenciales.
Perfeccionismo y síndrome del impostor;Perfeccionismo paralizante;Adultos/Adolescentes;medio;Fragmentación de tareas;Tarea suficientemente buena;Entregar o terminar algo al 80% de perfección.;Reducir perfeccionismo.;medio;semanal;media;PSY2_SRC009;El profesional debe adaptar la tarea a evaluación clínica, riesgo, edad, contexto, objetivos, preferencias y límites competenciales.
Perfeccionismo y síndrome del impostor;Perfeccionismo paralizante;Adultos/Adolescentes;medio;Fragmentación de tareas;Primer paso de 5 minutos;Iniciar tarea evitada solo durante 5 minutos.;Romper evitación.;bajo;cuando proceda;media;PSY2_SRC009;El profesional debe adaptar la tarea a evaluación clínica, riesgo, edad, contexto, objetivos, preferencias y límites competenciales.
Perfeccionismo y síndrome del impostor;Perfeccionismo paralizante;Adultos/Adolescentes;medio;Prevención de recaídas;Plan de prevención de recaídas;Señales tempranas, estrategias, apoyos y plan de revisión.;Mantener avances.;bajo;mensual;media;PSY2_SRC009;El profesional debe adaptar la tarea a evaluación clínica, riesgo, edad, contexto, objetivos, preferencias y límites competenciales.
Perfeccionismo y síndrome del impostor;Miedo al error;Adultos/Adolescentes;medio;Registro ABC;Registro ABC emocional;Registrar situación, pensamiento, emoción, impulso y conducta.;Comprender ciclos emocionales.;bajo;7 días;media;PSY2_SRC009;El profesional debe adaptar la tarea a evaluación clínica, riesgo, edad, contexto, objetivos, preferencias y límites competenciales.
Perfeccionismo y síndrome del impostor;Miedo al error;Adultos/Adolescentes;medio;Registro ABC;Registro de comparación;Detectar comparación, contexto, coste y respuesta alternativa.;Reducir comparación dañina.;bajo;7 días;media;PSY2_SRC009;El profesional debe adaptar la tarea a evaluación clínica, riesgo, edad, contexto, objetivos, preferencias y límites competenciales.
Perfeccionismo y síndrome del impostor;Miedo al error;Adultos/Adolescentes;medio;Registro ABC;Registro de carga laboral;Anotar demandas, energía, pausas, horas extra y recuperación.;Detectar burnout/estrés.;bajo;7 días;alta;PSY2_SRC009;El profesional debe adaptar la tarea a evaluación clínica, riesgo, edad, contexto, objetivos, preferencias y límites competenciales.
Perfeccionismo y síndrome del impostor;Miedo al error;Adultos/Adolescentes;medio;Reestructuración cognitiva;Experimento contra creencia negativa;Diseñar una acción que ponga a prueba una creencia sobre uno mismo.;Flexibilizar autoconcepto.;medio;semanal;media;PSY2_SRC009;El profesional debe adaptar la tarea a evaluación clínica, riesgo, edad, contexto, objetivos, preferencias y límites competenciales.
Perfeccionismo y síndrome del impostor;Miedo al error;Adultos/Adolescentes;medio;Reestructuración cognitiva;Registro de estándares rígidos;Anotar regla interna, origen, utilidad y coste.;Flexibilizar autoexigencia.;bajo;7 días;media;PSY2_SRC009;El profesional debe adaptar la tarea a evaluación clínica, riesgo, edad, contexto, objetivos, preferencias y límites competenciales.
Perfeccionismo y síndrome del impostor;Miedo al error;Adultos/Adolescentes;medio;Reestructuración cognitiva;Registro de logros realistas;Anotar logro, esfuerzo, habilidad usada y evidencia.;Reducir impostor.;bajo;diario/semanal;media;PSY2_SRC009;El profesional debe adaptar la tarea a evaluación clínica, riesgo, edad, contexto, objetivos, preferencias y límites competenciales.
Perfeccionismo y síndrome del impostor;Miedo al error;Adultos/Adolescentes;medio;Defusión cognitiva;Defusión de pensamientos repetitivos;Escribir pensamiento como 'estoy teniendo el pensamiento de...'.;Tomar distancia de rumiación.;bajo;cuando aparezca;media;PSY2_SRC009;El profesional debe adaptar la tarea a evaluación clínica, riesgo, edad, contexto, objetivos, preferencias y límites competenciales.
Perfeccionismo y síndrome del impostor;Miedo al error;Adultos/Adolescentes;medio;Autocompasión;Registro de autocrítica;Anotar frase autocrítica, emoción y alternativa compasiva.;Reducir autocrítica.;bajo;7 días;alta;PSY2_SRC009;El profesional debe adaptar la tarea a evaluación clínica, riesgo, edad, contexto, objetivos, preferencias y límites competenciales.
Perfeccionismo y síndrome del impostor;Miedo al error;Adultos/Adolescentes;medio;Autocompasión;Carta de autocompasión;Escribir respuesta a uno mismo como a un amigo.;Cultivar trato interno amable.;bajo;20 min;media;PSY2_SRC009;El profesional debe adaptar la tarea a evaluación clínica, riesgo, edad, contexto, objetivos, preferencias y límites competenciales.
Perfeccionismo y síndrome del impostor;Miedo al error;Adultos/Adolescentes;medio;Autocompasión;Reformulación de error;Transformar un error en aprendizaje concreto.;Reducir miedo al error.;bajo;semanal;media;PSY2_SRC009;El profesional debe adaptar la tarea a evaluación clínica, riesgo, edad, contexto, objetivos, preferencias y límites competenciales.
Perfeccionismo y síndrome del impostor;Miedo al error;Adultos/Adolescentes;medio;Trabajo de valores;Inventario de fortalezas;Listar habilidades, valores, esfuerzos y logros concretos.;Reforzar autoconcepto.;bajo;30 min;media;PSY2_SRC009;El profesional debe adaptar la tarea a evaluación clínica, riesgo, edad, contexto, objetivos, preferencias y límites competenciales.
Perfeccionismo y síndrome del impostor;Miedo al error;Adultos/Adolescentes;medio;Trabajo de valores;Actividad de reconexión vital;Programar actividad pequeña vinculada a valores o identidad.;Reconstruir vida cotidiana.;bajo;semanal;media;PSY2_SRC009;El profesional debe adaptar la tarea a evaluación clínica, riesgo, edad, contexto, objetivos, preferencias y límites competenciales.
Perfeccionismo y síndrome del impostor;Miedo al error;Adultos/Adolescentes;medio;Trabajo de valores;Clarificación de valores;Elegir 3 valores y una acción pequeña por valor.;Orientar conducta.;bajo;sesión;media;PSY2_SRC009;El profesional debe adaptar la tarea a evaluación clínica, riesgo, edad, contexto, objetivos, preferencias y límites competenciales.
Perfeccionismo y síndrome del impostor;Miedo al error;Adultos/Adolescentes;medio;Fragmentación de tareas;Checklist de inicio de tarea;Antes de empezar: objetivo, primer paso, materiales y tiempo estimado.;Reducir fricción inicial.;bajo;diario;media;PSY2_SRC009;El profesional debe adaptar la tarea a evaluación clínica, riesgo, edad, contexto, objetivos, preferencias y límites competenciales.
Perfeccionismo y síndrome del impostor;Miedo al error;Adultos/Adolescentes;medio;Fragmentación de tareas;Tarea suficientemente buena;Entregar o terminar algo al 80% de perfección.;Reducir perfeccionismo.;medio;semanal;media;PSY2_SRC009;El profesional debe adaptar la tarea a evaluación clínica, riesgo, edad, contexto, objetivos, preferencias y límites competenciales.
Perfeccionismo y síndrome del impostor;Miedo al error;Adultos/Adolescentes;medio;Fragmentación de tareas;Primer paso de 5 minutos;Iniciar tarea evitada solo durante 5 minutos.;Romper evitación.;bajo;cuando proceda;media;PSY2_SRC009;El profesional debe adaptar la tarea a evaluación clínica, riesgo, edad, contexto, objetivos, preferencias y límites competenciales.
Perfeccionismo y síndrome del impostor;Miedo al error;Adultos/Adolescentes;medio;Prevención de recaídas;Plan de prevención de recaídas;Señales tempranas, estrategias, apoyos y plan de revisión.;Mantener avances.;bajo;mensual;media;PSY2_SRC009;El profesional debe adaptar la tarea a evaluación clínica, riesgo, edad, contexto, objetivos, preferencias y límites competenciales.
Perfeccionismo y síndrome del impostor;Síndrome del impostor;Adultos;bajo;Registro ABC;Registro ABC emocional;Registrar situación, pensamiento, emoción, impulso y conducta.;Comprender ciclos emocionales.;bajo;7 días;media;PSY2_SRC011;El profesional debe adaptar la tarea a evaluación clínica, riesgo, edad, contexto, objetivos, preferencias y límites competenciales.
Perfeccionismo y síndrome del impostor;Síndrome del impostor;Adultos;bajo;Registro ABC;Registro de comparación;Detectar comparación, contexto, coste y respuesta alternativa.;Reducir comparación dañina.;bajo;7 días;media;PSY2_SRC011;El profesional debe adaptar la tarea a evaluación clínica, riesgo, edad, contexto, objetivos, preferencias y límites competenciales.
Perfeccionismo y síndrome del impostor;Síndrome del impostor;Adultos;bajo;Registro ABC;Registro de carga laboral;Anotar demandas, energía, pausas, horas extra y recuperación.;Detectar burnout/estrés.;bajo;7 días;alta;PSY2_SRC011;El profesional debe adaptar la tarea a evaluación clínica, riesgo, edad, contexto, objetivos, preferencias y límites competenciales.
Perfeccionismo y síndrome del impostor;Síndrome del impostor;Adultos;bajo;Reestructuración cognitiva;Experimento contra creencia negativa;Diseñar una acción que ponga a prueba una creencia sobre uno mismo.;Flexibilizar autoconcepto.;medio;semanal;media;PSY2_SRC011;El profesional debe adaptar la tarea a evaluación clínica, riesgo, edad, contexto, objetivos, preferencias y límites competenciales.
Perfeccionismo y síndrome del impostor;Síndrome del impostor;Adultos;bajo;Reestructuración cognitiva;Registro de estándares rígidos;Anotar regla interna, origen, utilidad y coste.;Flexibilizar autoexigencia.;bajo;7 días;media;PSY2_SRC011;El profesional debe adaptar la tarea a evaluación clínica, riesgo, edad, contexto, objetivos, preferencias y límites competenciales.
Perfeccionismo y síndrome del impostor;Síndrome del impostor;Adultos;bajo;Reestructuración cognitiva;Registro de logros realistas;Anotar logro, esfuerzo, habilidad usada y evidencia.;Reducir impostor.;bajo;diario/semanal;media;PSY2_SRC011;El profesional debe adaptar la tarea a evaluación clínica, riesgo, edad, contexto, objetivos, preferencias y límites competenciales.
Perfeccionismo y síndrome del impostor;Síndrome del impostor;Adultos;bajo;Defusión cognitiva;Defusión de pensamientos repetitivos;Escribir pensamiento como 'estoy teniendo el pensamiento de...'.;Tomar distancia de rumiación.;bajo;cuando aparezca;media;PSY2_SRC011;El profesional debe adaptar la tarea a evaluación clínica, riesgo, edad, contexto, objetivos, preferencias y límites competenciales.
Perfeccionismo y síndrome del impostor;Síndrome del impostor;Adultos;bajo;Autocompasión;Registro de autocrítica;Anotar frase autocrítica, emoción y alternativa compasiva.;Reducir autocrítica.;bajo;7 días;alta;PSY2_SRC011;El profesional debe adaptar la tarea a evaluación clínica, riesgo, edad, contexto, objetivos, preferencias y límites competenciales.
Perfeccionismo y síndrome del impostor;Síndrome del impostor;Adultos;bajo;Autocompasión;Carta de autocompasión;Escribir respuesta a uno mismo como a un amigo.;Cultivar trato interno amable.;bajo;20 min;media;PSY2_SRC011;El profesional debe adaptar la tarea a evaluación clínica, riesgo, edad, contexto, objetivos, preferencias y límites competenciales.
Perfeccionismo y síndrome del impostor;Síndrome del impostor;Adultos;bajo;Autocompasión;Reformulación de error;Transformar un error en aprendizaje concreto.;Reducir miedo al error.;bajo;semanal;media;PSY2_SRC011;El profesional debe adaptar la tarea a evaluación clínica, riesgo, edad, contexto, objetivos, preferencias y límites competenciales.
Perfeccionismo y síndrome del impostor;Síndrome del impostor;Adultos;bajo;Trabajo de valores;Inventario de fortalezas;Listar habilidades, valores, esfuerzos y logros concretos.;Reforzar autoconcepto.;bajo;30 min;media;PSY2_SRC011;El profesional debe adaptar la tarea a evaluación clínica, riesgo, edad, contexto, objetivos, preferencias y límites competenciales.
Perfeccionismo y síndrome del impostor;Síndrome del impostor;Adultos;bajo;Trabajo de valores;Actividad de reconexión vital;Programar actividad pequeña vinculada a valores o identidad.;Reconstruir vida cotidiana.;bajo;semanal;media;PSY2_SRC011;El profesional debe adaptar la tarea a evaluación clínica, riesgo, edad, contexto, objetivos, preferencias y límites competenciales.
Perfeccionismo y síndrome del impostor;Síndrome del impostor;Adultos;bajo;Trabajo de valores;Clarificación de valores;Elegir 3 valores y una acción pequeña por valor.;Orientar conducta.;bajo;sesión;media;PSY2_SRC011;El profesional debe adaptar la tarea a evaluación clínica, riesgo, edad, contexto, objetivos, preferencias y límites competenciales.
Perfeccionismo y síndrome del impostor;Síndrome del impostor;Adultos;bajo;Fragmentación de tareas;Checklist de inicio de tarea;Antes de empezar: objetivo, primer paso, materiales y tiempo estimado.;Reducir fricción inicial.;bajo;diario;media;PSY2_SRC011;El profesional debe adaptar la tarea a evaluación clínica, riesgo, edad, contexto, objetivos, preferencias y límites competenciales.
Perfeccionismo y síndrome del impostor;Síndrome del impostor;Adultos;bajo;Fragmentación de tareas;Tarea suficientemente buena;Entregar o terminar algo al 80% de perfección.;Reducir perfeccionismo.;medio;semanal;media;PSY2_SRC011;El profesional debe adaptar la tarea a evaluación clínica, riesgo, edad, contexto, objetivos, preferencias y límites competenciales.
Perfeccionismo y síndrome del impostor;Síndrome del impostor;Adultos;bajo;Fragmentación de tareas;Primer paso de 5 minutos;Iniciar tarea evitada solo durante 5 minutos.;Romper evitación.;bajo;cuando proceda;media;PSY2_SRC011;El profesional debe adaptar la tarea a evaluación clínica, riesgo, edad, contexto, objetivos, preferencias y límites competenciales.
Perfeccionismo y síndrome del impostor;Síndrome del impostor;Adultos;bajo;Prevención de recaídas;Plan de prevención de recaídas;Señales tempranas, estrategias, apoyos y plan de revisión.;Mantener avances.;bajo;mensual;media;PSY2_SRC011;El profesional debe adaptar la tarea a evaluación clínica, riesgo, edad, contexto, objetivos, preferencias y límites competenciales.
Perfeccionismo y síndrome del impostor;Autoexigencia rígida;Adultos/Adolescentes;medio;Registro ABC;Registro ABC emocional;Registrar situación, pensamiento, emoción, impulso y conducta.;Comprender ciclos emocionales.;bajo;7 días;media;PSY2_SRC009;El profesional debe adaptar la tarea a evaluación clínica, riesgo, edad, contexto, objetivos, preferencias y límites competenciales.
Perfeccionismo y síndrome del impostor;Autoexigencia rígida;Adultos/Adolescentes;medio;Registro ABC;Registro de comparación;Detectar comparación, contexto, coste y respuesta alternativa.;Reducir comparación dañina.;bajo;7 días;media;PSY2_SRC009;El profesional debe adaptar la tarea a evaluación clínica, riesgo, edad, contexto, objetivos, preferencias y límites competenciales.
Perfeccionismo y síndrome del impostor;Autoexigencia rígida;Adultos/Adolescentes;medio;Registro ABC;Registro de carga laboral;Anotar demandas, energía, pausas, horas extra y recuperación.;Detectar burnout/estrés.;bajo;7 días;alta;PSY2_SRC009;El profesional debe adaptar la tarea a evaluación clínica, riesgo, edad, contexto, objetivos, preferencias y límites competenciales.
Perfeccionismo y síndrome del impostor;Autoexigencia rígida;Adultos/Adolescentes;medio;Reestructuración cognitiva;Experimento contra creencia negativa;Diseñar una acción que ponga a prueba una creencia sobre uno mismo.;Flexibilizar autoconcepto.;medio;semanal;media;PSY2_SRC009;El profesional debe adaptar la tarea a evaluación clínica, riesgo, edad, contexto, objetivos, preferencias y límites competenciales.
Perfeccionismo y síndrome del impostor;Autoexigencia rígida;Adultos/Adolescentes;medio;Reestructuración cognitiva;Registro de estándares rígidos;Anotar regla interna, origen, utilidad y coste.;Flexibilizar autoexigencia.;bajo;7 días;media;PSY2_SRC009;El profesional debe adaptar la tarea a evaluación clínica, riesgo, edad, contexto, objetivos, preferencias y límites competenciales.
Perfeccionismo y síndrome del impostor;Autoexigencia rígida;Adultos/Adolescentes;medio;Reestructuración cognitiva;Registro de logros realistas;Anotar logro, esfuerzo, habilidad usada y evidencia.;Reducir impostor.;bajo;diario/semanal;media;PSY2_SRC009;El profesional debe adaptar la tarea a evaluación clínica, riesgo, edad, contexto, objetivos, preferencias y límites competenciales.
Perfeccionismo y síndrome del impostor;Autoexigencia rígida;Adultos/Adolescentes;medio;Defusión cognitiva;Defusión de pensamientos repetitivos;Escribir pensamiento como 'estoy teniendo el pensamiento de...'.;Tomar distancia de rumiación.;bajo;cuando aparezca;media;PSY2_SRC009;El profesional debe adaptar la tarea a evaluación clínica, riesgo, edad, contexto, objetivos, preferencias y límites competenciales.
Perfeccionismo y síndrome del impostor;Autoexigencia rígida;Adultos/Adolescentes;medio;Autocompasión;Registro de autocrítica;Anotar frase autocrítica, emoción y alternativa compasiva.;Reducir autocrítica.;bajo;7 días;alta;PSY2_SRC009;El profesional debe adaptar la tarea a evaluación clínica, riesgo, edad, contexto, objetivos, preferencias y límites competenciales.
Perfeccionismo y síndrome del impostor;Autoexigencia rígida;Adultos/Adolescentes;medio;Autocompasión;Carta de autocompasión;Escribir respuesta a uno mismo como a un amigo.;Cultivar trato interno amable.;bajo;20 min;media;PSY2_SRC009;El profesional debe adaptar la tarea a evaluación clínica, riesgo, edad, contexto, objetivos, preferencias y límites competenciales.
Perfeccionismo y síndrome del impostor;Autoexigencia rígida;Adultos/Adolescentes;medio;Autocompasión;Reformulación de error;Transformar un error en aprendizaje concreto.;Reducir miedo al error.;bajo;semanal;media;PSY2_SRC009;El profesional debe adaptar la tarea a evaluación clínica, riesgo, edad, contexto, objetivos, preferencias y límites competenciales.
Perfeccionismo y síndrome del impostor;Autoexigencia rígida;Adultos/Adolescentes;medio;Trabajo de valores;Inventario de fortalezas;Listar habilidades, valores, esfuerzos y logros concretos.;Reforzar autoconcepto.;bajo;30 min;media;PSY2_SRC009;El profesional debe adaptar la tarea a evaluación clínica, riesgo, edad, contexto, objetivos, preferencias y límites competenciales.
Perfeccionismo y síndrome del impostor;Autoexigencia rígida;Adultos/Adolescentes;medio;Trabajo de valores;Actividad de reconexión vital;Programar actividad pequeña vinculada a valores o identidad.;Reconstruir vida cotidiana.;bajo;semanal;media;PSY2_SRC009;El profesional debe adaptar la tarea a evaluación clínica, riesgo, edad, contexto, objetivos, preferencias y límites competenciales.
Perfeccionismo y síndrome del impostor;Autoexigencia rígida;Adultos/Adolescentes;medio;Trabajo de valores;Clarificación de valores;Elegir 3 valores y una acción pequeña por valor.;Orientar conducta.;bajo;sesión;media;PSY2_SRC009;El profesional debe adaptar la tarea a evaluación clínica, riesgo, edad, contexto, objetivos, preferencias y límites competenciales.
Perfeccionismo y síndrome del impostor;Autoexigencia rígida;Adultos/Adolescentes;medio;Fragmentación de tareas;Checklist de inicio de tarea;Antes de empezar: objetivo, primer paso, materiales y tiempo estimado.;Reducir fricción inicial.;bajo;diario;media;PSY2_SRC009;El profesional debe adaptar la tarea a evaluación clínica, riesgo, edad, contexto, objetivos, preferencias y límites competenciales.
Perfeccionismo y síndrome del impostor;Autoexigencia rígida;Adultos/Adolescentes;medio;Fragmentación de tareas;Tarea suficientemente buena;Entregar o terminar algo al 80% de perfección.;Reducir perfeccionismo.;medio;semanal;media;PSY2_SRC009;El profesional debe adaptar la tarea a evaluación clínica, riesgo, edad, contexto, objetivos, preferencias y límites competenciales.
Perfeccionismo y síndrome del impostor;Autoexigencia rígida;Adultos/Adolescentes;medio;Fragmentación de tareas;Primer paso de 5 minutos;Iniciar tarea evitada solo durante 5 minutos.;Romper evitación.;bajo;cuando proceda;media;PSY2_SRC009;El profesional debe adaptar la tarea a evaluación clínica, riesgo, edad, contexto, objetivos, preferencias y límites competenciales.
Perfeccionismo y síndrome del impostor;Autoexigencia rígida;Adultos/Adolescentes;medio;Prevención de recaídas;Plan de prevención de recaídas;Señales tempranas, estrategias, apoyos y plan de revisión.;Mantener avances.;bajo;mensual;media;PSY2_SRC009;El profesional debe adaptar la tarea a evaluación clínica, riesgo, edad, contexto, objetivos, preferencias y límites competenciales.
Relaciones, apego y dependencia emocional;Dependencia emocional;Adultos;medio;Registro ABC;Registro ABC emocional;Registrar situación, pensamiento, emoción, impulso y conducta.;Comprender ciclos emocionales.;bajo;7 días;media;PSY2_SRC009;El profesional debe adaptar la tarea a evaluación clínica, riesgo, edad, contexto, objetivos, preferencias y límites competenciales.
Relaciones, apego y dependencia emocional;Dependencia emocional;Adultos;medio;Registro ABC;Registro de comparación;Detectar comparación, contexto, coste y respuesta alternativa.;Reducir comparación dañina.;bajo;7 días;media;PSY2_SRC009;El profesional debe adaptar la tarea a evaluación clínica, riesgo, edad, contexto, objetivos, preferencias y límites competenciales.
Relaciones, apego y dependencia emocional;Dependencia emocional;Adultos;medio;Registro ABC;Registro de carga laboral;Anotar demandas, energía, pausas, horas extra y recuperación.;Detectar burnout/estrés.;bajo;7 días;alta;PSY2_SRC009;El profesional debe adaptar la tarea a evaluación clínica, riesgo, edad, contexto, objetivos, preferencias y límites competenciales.
Relaciones, apego y dependencia emocional;Dependencia emocional;Adultos;medio;Asertividad y límites;Práctica de decir no;Ensayar una negativa breve, amable y firme.;Mejorar límites.;bajo;semanal;media;PSY2_SRC009;El profesional debe adaptar la tarea a evaluación clínica, riesgo, edad, contexto, objetivos, preferencias y límites competenciales.
Relaciones, apego y dependencia emocional;Dependencia emocional;Adultos;medio;Asertividad y límites;Petición asertiva;Formular petición concreta usando 'cuando..., necesito..., propongo...'.;Expresar necesidades.;bajo;semanal;media;PSY2_SRC009;El profesional debe adaptar la tarea a evaluación clínica, riesgo, edad, contexto, objetivos, preferencias y límites competenciales.
Relaciones, apego y dependencia emocional;Dependencia emocional;Adultos;medio;Asertividad y límites;Plan de límites personales;Definir límites no negociables, flexibles y señales de alerta.;Fortalecer autocuidado relacional.;medio;30 min;alta;PSY2_SRC009;El profesional debe adaptar la tarea a evaluación clínica, riesgo, edad, contexto, objetivos, preferencias y límites competenciales.
Relaciones, apego y dependencia emocional;Dependencia emocional;Adultos;medio;Asertividad y límites;Conversación laboral asertiva;Preparar petición de ajuste, límite o prioridad.;Mejorar control laboral.;medio;antes de conversación;media;PSY2_SRC009;El profesional debe adaptar la tarea a evaluación clínica, riesgo, edad, contexto, objetivos, preferencias y límites competenciales.
Relaciones, apego y dependencia emocional;Dependencia emocional;Adultos;medio;Trabajo con apego;Mapa de relación significativa;Identificar necesidades, miedos, conductas y consecuencias en vínculo.;Comprender patrón relacional.;medio;30 min;media;PSY2_SRC009;El profesional debe adaptar la tarea a evaluación clínica, riesgo, edad, contexto, objetivos, preferencias y límites competenciales.
Relaciones, apego y dependencia emocional;Dependencia emocional;Adultos;medio;Comunicación de pareja/relacional;Pedir seguridad de forma sana;Sustituir control por petición clara y limitada.;Mejorar comunicación.;medio;semanal;media;PSY2_SRC009;El profesional debe adaptar la tarea a evaluación clínica, riesgo, edad, contexto, objetivos, preferencias y límites competenciales.
Relaciones, apego y dependencia emocional;Dependencia emocional;Adultos;medio;Manejo de celos;Reducir comprobación de celos;Elegir una comprobación y retrasarla/reducirla.;Disminuir ciclo de celos.;medio;semanal;media;PSY2_SRC009;El profesional debe adaptar la tarea a evaluación clínica, riesgo, edad, contexto, objetivos, preferencias y límites competenciales.
Relaciones, apego y dependencia emocional;Dependencia emocional;Adultos;medio;Matriz de apoyo social;Lista de apoyo social;Identificar personas y tipo de apoyo que pueden ofrecer.;Ampliar red de apoyo.;bajo;20 min;media;PSY2_SRC009;El profesional debe adaptar la tarea a evaluación clínica, riesgo, edad, contexto, objetivos, preferencias y límites competenciales.
Relaciones, apego y dependencia emocional;Dependencia emocional;Adultos;medio;Prevención de recaídas;Plan de prevención de recaídas;Señales tempranas, estrategias, apoyos y plan de revisión.;Mantener avances.;bajo;mensual;media;PSY2_SRC009;El profesional debe adaptar la tarea a evaluación clínica, riesgo, edad, contexto, objetivos, preferencias y límites competenciales.
Relaciones, apego y dependencia emocional;Apego ansioso en relaciones;Adultos;medio;Registro ABC;Registro ABC emocional;Registrar situación, pensamiento, emoción, impulso y conducta.;Comprender ciclos emocionales.;bajo;7 días;media;PSY2_SRC009;El profesional debe adaptar la tarea a evaluación clínica, riesgo, edad, contexto, objetivos, preferencias y límites competenciales.
Relaciones, apego y dependencia emocional;Apego ansioso en relaciones;Adultos;medio;Registro ABC;Registro de comparación;Detectar comparación, contexto, coste y respuesta alternativa.;Reducir comparación dañina.;bajo;7 días;media;PSY2_SRC009;El profesional debe adaptar la tarea a evaluación clínica, riesgo, edad, contexto, objetivos, preferencias y límites competenciales.
Relaciones, apego y dependencia emocional;Apego ansioso en relaciones;Adultos;medio;Registro ABC;Registro de carga laboral;Anotar demandas, energía, pausas, horas extra y recuperación.;Detectar burnout/estrés.;bajo;7 días;alta;PSY2_SRC009;El profesional debe adaptar la tarea a evaluación clínica, riesgo, edad, contexto, objetivos, preferencias y límites competenciales.
Relaciones, apego y dependencia emocional;Apego ansioso en relaciones;Adultos;medio;Asertividad y límites;Práctica de decir no;Ensayar una negativa breve, amable y firme.;Mejorar límites.;bajo;semanal;media;PSY2_SRC009;El profesional debe adaptar la tarea a evaluación clínica, riesgo, edad, contexto, objetivos, preferencias y límites competenciales.
Relaciones, apego y dependencia emocional;Apego ansioso en relaciones;Adultos;medio;Asertividad y límites;Petición asertiva;Formular petición concreta usando 'cuando..., necesito..., propongo...'.;Expresar necesidades.;bajo;semanal;media;PSY2_SRC009;El profesional debe adaptar la tarea a evaluación clínica, riesgo, edad, contexto, objetivos, preferencias y límites competenciales.
Relaciones, apego y dependencia emocional;Apego ansioso en relaciones;Adultos;medio;Asertividad y límites;Plan de límites personales;Definir límites no negociables, flexibles y señales de alerta.;Fortalecer autocuidado relacional.;medio;30 min;alta;PSY2_SRC009;El profesional debe adaptar la tarea a evaluación clínica, riesgo, edad, contexto, objetivos, preferencias y límites competenciales.
Relaciones, apego y dependencia emocional;Apego ansioso en relaciones;Adultos;medio;Asertividad y límites;Conversación laboral asertiva;Preparar petición de ajuste, límite o prioridad.;Mejorar control laboral.;medio;antes de conversación;media;PSY2_SRC009;El profesional debe adaptar la tarea a evaluación clínica, riesgo, edad, contexto, objetivos, preferencias y límites competenciales.
Relaciones, apego y dependencia emocional;Apego ansioso en relaciones;Adultos;medio;Trabajo con apego;Mapa de relación significativa;Identificar necesidades, miedos, conductas y consecuencias en vínculo.;Comprender patrón relacional.;medio;30 min;media;PSY2_SRC009;El profesional debe adaptar la tarea a evaluación clínica, riesgo, edad, contexto, objetivos, preferencias y límites competenciales.
Relaciones, apego y dependencia emocional;Apego ansioso en relaciones;Adultos;medio;Comunicación de pareja/relacional;Pedir seguridad de forma sana;Sustituir control por petición clara y limitada.;Mejorar comunicación.;medio;semanal;media;PSY2_SRC009;El profesional debe adaptar la tarea a evaluación clínica, riesgo, edad, contexto, objetivos, preferencias y límites competenciales.
Relaciones, apego y dependencia emocional;Apego ansioso en relaciones;Adultos;medio;Manejo de celos;Reducir comprobación de celos;Elegir una comprobación y retrasarla/reducirla.;Disminuir ciclo de celos.;medio;semanal;media;PSY2_SRC009;El profesional debe adaptar la tarea a evaluación clínica, riesgo, edad, contexto, objetivos, preferencias y límites competenciales.
Relaciones, apego y dependencia emocional;Apego ansioso en relaciones;Adultos;medio;Matriz de apoyo social;Lista de apoyo social;Identificar personas y tipo de apoyo que pueden ofrecer.;Ampliar red de apoyo.;bajo;20 min;media;PSY2_SRC009;El profesional debe adaptar la tarea a evaluación clínica, riesgo, edad, contexto, objetivos, preferencias y límites competenciales.
Relaciones, apego y dependencia emocional;Apego ansioso en relaciones;Adultos;medio;Prevención de recaídas;Plan de prevención de recaídas;Señales tempranas, estrategias, apoyos y plan de revisión.;Mantener avances.;bajo;mensual;media;PSY2_SRC009;El profesional debe adaptar la tarea a evaluación clínica, riesgo, edad, contexto, objetivos, preferencias y límites competenciales.
Relaciones, apego y dependencia emocional;Celos y conductas de comprobación;Adultos;medio;Registro ABC;Registro ABC emocional;Registrar situación, pensamiento, emoción, impulso y conducta.;Comprender ciclos emocionales.;bajo;7 días;media;PSY2_SRC009;El profesional debe adaptar la tarea a evaluación clínica, riesgo, edad, contexto, objetivos, preferencias y límites competenciales.
Relaciones, apego y dependencia emocional;Celos y conductas de comprobación;Adultos;medio;Registro ABC;Registro de comparación;Detectar comparación, contexto, coste y respuesta alternativa.;Reducir comparación dañina.;bajo;7 días;media;PSY2_SRC009;El profesional debe adaptar la tarea a evaluación clínica, riesgo, edad, contexto, objetivos, preferencias y límites competenciales.
Relaciones, apego y dependencia emocional;Celos y conductas de comprobación;Adultos;medio;Registro ABC;Registro de carga laboral;Anotar demandas, energía, pausas, horas extra y recuperación.;Detectar burnout/estrés.;bajo;7 días;alta;PSY2_SRC009;El profesional debe adaptar la tarea a evaluación clínica, riesgo, edad, contexto, objetivos, preferencias y límites competenciales.
Relaciones, apego y dependencia emocional;Celos y conductas de comprobación;Adultos;medio;Asertividad y límites;Práctica de decir no;Ensayar una negativa breve, amable y firme.;Mejorar límites.;bajo;semanal;media;PSY2_SRC009;El profesional debe adaptar la tarea a evaluación clínica, riesgo, edad, contexto, objetivos, preferencias y límites competenciales.
Relaciones, apego y dependencia emocional;Celos y conductas de comprobación;Adultos;medio;Asertividad y límites;Petición asertiva;Formular petición concreta usando 'cuando..., necesito..., propongo...'.;Expresar necesidades.;bajo;semanal;media;PSY2_SRC009;El profesional debe adaptar la tarea a evaluación clínica, riesgo, edad, contexto, objetivos, preferencias y límites competenciales.
Relaciones, apego y dependencia emocional;Celos y conductas de comprobación;Adultos;medio;Asertividad y límites;Plan de límites personales;Definir límites no negociables, flexibles y señales de alerta.;Fortalecer autocuidado relacional.;medio;30 min;alta;PSY2_SRC009;El profesional debe adaptar la tarea a evaluación clínica, riesgo, edad, contexto, objetivos, preferencias y límites competenciales.
Relaciones, apego y dependencia emocional;Celos y conductas de comprobación;Adultos;medio;Asertividad y límites;Conversación laboral asertiva;Preparar petición de ajuste, límite o prioridad.;Mejorar control laboral.;medio;antes de conversación;media;PSY2_SRC009;El profesional debe adaptar la tarea a evaluación clínica, riesgo, edad, contexto, objetivos, preferencias y límites competenciales.
Relaciones, apego y dependencia emocional;Celos y conductas de comprobación;Adultos;medio;Trabajo con apego;Mapa de relación significativa;Identificar necesidades, miedos, conductas y consecuencias en vínculo.;Comprender patrón relacional.;medio;30 min;media;PSY2_SRC009;El profesional debe adaptar la tarea a evaluación clínica, riesgo, edad, contexto, objetivos, preferencias y límites competenciales.
Relaciones, apego y dependencia emocional;Celos y conductas de comprobación;Adultos;medio;Comunicación de pareja/relacional;Pedir seguridad de forma sana;Sustituir control por petición clara y limitada.;Mejorar comunicación.;medio;semanal;media;PSY2_SRC009;El profesional debe adaptar la tarea a evaluación clínica, riesgo, edad, contexto, objetivos, preferencias y límites competenciales.
Relaciones, apego y dependencia emocional;Celos y conductas de comprobación;Adultos;medio;Manejo de celos;Reducir comprobación de celos;Elegir una comprobación y retrasarla/reducirla.;Disminuir ciclo de celos.;medio;semanal;media;PSY2_SRC009;El profesional debe adaptar la tarea a evaluación clínica, riesgo, edad, contexto, objetivos, preferencias y límites competenciales.
Relaciones, apego y dependencia emocional;Celos y conductas de comprobación;Adultos;medio;Matriz de apoyo social;Lista de apoyo social;Identificar personas y tipo de apoyo que pueden ofrecer.;Ampliar red de apoyo.;bajo;20 min;media;PSY2_SRC009;El profesional debe adaptar la tarea a evaluación clínica, riesgo, edad, contexto, objetivos, preferencias y límites competenciales.
Relaciones, apego y dependencia emocional;Celos y conductas de comprobación;Adultos;medio;Prevención de recaídas;Plan de prevención de recaídas;Señales tempranas, estrategias, apoyos y plan de revisión.;Mantener avances.;bajo;mensual;media;PSY2_SRC009;El profesional debe adaptar la tarea a evaluación clínica, riesgo, edad, contexto, objetivos, preferencias y límites competenciales.
Relaciones, apego y dependencia emocional;Dificultad para poner límites;Adultos;medio;Registro ABC;Registro ABC emocional;Registrar situación, pensamiento, emoción, impulso y conducta.;Comprender ciclos emocionales.;bajo;7 días;media;PSY2_SRC009;El profesional debe adaptar la tarea a evaluación clínica, riesgo, edad, contexto, objetivos, preferencias y límites competenciales.
Relaciones, apego y dependencia emocional;Dificultad para poner límites;Adultos;medio;Registro ABC;Registro de comparación;Detectar comparación, contexto, coste y respuesta alternativa.;Reducir comparación dañina.;bajo;7 días;media;PSY2_SRC009;El profesional debe adaptar la tarea a evaluación clínica, riesgo, edad, contexto, objetivos, preferencias y límites competenciales.
Relaciones, apego y dependencia emocional;Dificultad para poner límites;Adultos;medio;Registro ABC;Registro de carga laboral;Anotar demandas, energía, pausas, horas extra y recuperación.;Detectar burnout/estrés.;bajo;7 días;alta;PSY2_SRC009;El profesional debe adaptar la tarea a evaluación clínica, riesgo, edad, contexto, objetivos, preferencias y límites competenciales.
Relaciones, apego y dependencia emocional;Dificultad para poner límites;Adultos;medio;Asertividad y límites;Práctica de decir no;Ensayar una negativa breve, amable y firme.;Mejorar límites.;bajo;semanal;media;PSY2_SRC009;El profesional debe adaptar la tarea a evaluación clínica, riesgo, edad, contexto, objetivos, preferencias y límites competenciales.
Relaciones, apego y dependencia emocional;Dificultad para poner límites;Adultos;medio;Asertividad y límites;Petición asertiva;Formular petición concreta usando 'cuando..., necesito..., propongo...'.;Expresar necesidades.;bajo;semanal;media;PSY2_SRC009;El profesional debe adaptar la tarea a evaluación clínica, riesgo, edad, contexto, objetivos, preferencias y límites competenciales.
Relaciones, apego y dependencia emocional;Dificultad para poner límites;Adultos;medio;Asertividad y límites;Plan de límites personales;Definir límites no negociables, flexibles y señales de alerta.;Fortalecer autocuidado relacional.;medio;30 min;alta;PSY2_SRC009;El profesional debe adaptar la tarea a evaluación clínica, riesgo, edad, contexto, objetivos, preferencias y límites competenciales.
Relaciones, apego y dependencia emocional;Dificultad para poner límites;Adultos;medio;Asertividad y límites;Conversación laboral asertiva;Preparar petición de ajuste, límite o prioridad.;Mejorar control laboral.;medio;antes de conversación;media;PSY2_SRC009;El profesional debe adaptar la tarea a evaluación clínica, riesgo, edad, contexto, objetivos, preferencias y límites competenciales.
Relaciones, apego y dependencia emocional;Dificultad para poner límites;Adultos;medio;Trabajo con apego;Mapa de relación significativa;Identificar necesidades, miedos, conductas y consecuencias en vínculo.;Comprender patrón relacional.;medio;30 min;media;PSY2_SRC009;El profesional debe adaptar la tarea a evaluación clínica, riesgo, edad, contexto, objetivos, preferencias y límites competenciales.
Relaciones, apego y dependencia emocional;Dificultad para poner límites;Adultos;medio;Comunicación de pareja/relacional;Pedir seguridad de forma sana;Sustituir control por petición clara y limitada.;Mejorar comunicación.;medio;semanal;media;PSY2_SRC009;El profesional debe adaptar la tarea a evaluación clínica, riesgo, edad, contexto, objetivos, preferencias y límites competenciales.
Relaciones, apego y dependencia emocional;Dificultad para poner límites;Adultos;medio;Manejo de celos;Reducir comprobación de celos;Elegir una comprobación y retrasarla/reducirla.;Disminuir ciclo de celos.;medio;semanal;media;PSY2_SRC009;El profesional debe adaptar la tarea a evaluación clínica, riesgo, edad, contexto, objetivos, preferencias y límites competenciales.
Relaciones, apego y dependencia emocional;Dificultad para poner límites;Adultos;medio;Matriz de apoyo social;Lista de apoyo social;Identificar personas y tipo de apoyo que pueden ofrecer.;Ampliar red de apoyo.;bajo;20 min;media;PSY2_SRC009;El profesional debe adaptar la tarea a evaluación clínica, riesgo, edad, contexto, objetivos, preferencias y límites competenciales.
Relaciones, apego y dependencia emocional;Dificultad para poner límites;Adultos;medio;Prevención de recaídas;Plan de prevención de recaídas;Señales tempranas, estrategias, apoyos y plan de revisión.;Mantener avances.;bajo;mensual;media;PSY2_SRC009;El profesional debe adaptar la tarea a evaluación clínica, riesgo, edad, contexto, objetivos, preferencias y límites competenciales.
Relaciones, apego y dependencia emocional;Ruptura sentimental complicada;Adultos;medio;Registro ABC;Registro ABC emocional;Registrar situación, pensamiento, emoción, impulso y conducta.;Comprender ciclos emocionales.;bajo;7 días;media;PSY2_SRC009;El profesional debe adaptar la tarea a evaluación clínica, riesgo, edad, contexto, objetivos, preferencias y límites competenciales.
Relaciones, apego y dependencia emocional;Ruptura sentimental complicada;Adultos;medio;Registro ABC;Registro de comparación;Detectar comparación, contexto, coste y respuesta alternativa.;Reducir comparación dañina.;bajo;7 días;media;PSY2_SRC009;El profesional debe adaptar la tarea a evaluación clínica, riesgo, edad, contexto, objetivos, preferencias y límites competenciales.
Relaciones, apego y dependencia emocional;Ruptura sentimental complicada;Adultos;medio;Registro ABC;Registro de carga laboral;Anotar demandas, energía, pausas, horas extra y recuperación.;Detectar burnout/estrés.;bajo;7 días;alta;PSY2_SRC009;El profesional debe adaptar la tarea a evaluación clínica, riesgo, edad, contexto, objetivos, preferencias y límites competenciales.
Relaciones, apego y dependencia emocional;Ruptura sentimental complicada;Adultos;medio;Asertividad y límites;Práctica de decir no;Ensayar una negativa breve, amable y firme.;Mejorar límites.;bajo;semanal;media;PSY2_SRC009;El profesional debe adaptar la tarea a evaluación clínica, riesgo, edad, contexto, objetivos, preferencias y límites competenciales.
Relaciones, apego y dependencia emocional;Ruptura sentimental complicada;Adultos;medio;Asertividad y límites;Petición asertiva;Formular petición concreta usando 'cuando..., necesito..., propongo...'.;Expresar necesidades.;bajo;semanal;media;PSY2_SRC009;El profesional debe adaptar la tarea a evaluación clínica, riesgo, edad, contexto, objetivos, preferencias y límites competenciales.
Relaciones, apego y dependencia emocional;Ruptura sentimental complicada;Adultos;medio;Asertividad y límites;Plan de límites personales;Definir límites no negociables, flexibles y señales de alerta.;Fortalecer autocuidado relacional.;medio;30 min;alta;PSY2_SRC009;El profesional debe adaptar la tarea a evaluación clínica, riesgo, edad, contexto, objetivos, preferencias y límites competenciales.
Relaciones, apego y dependencia emocional;Ruptura sentimental complicada;Adultos;medio;Asertividad y límites;Conversación laboral asertiva;Preparar petición de ajuste, límite o prioridad.;Mejorar control laboral.;medio;antes de conversación;media;PSY2_SRC009;El profesional debe adaptar la tarea a evaluación clínica, riesgo, edad, contexto, objetivos, preferencias y límites competenciales.
Relaciones, apego y dependencia emocional;Ruptura sentimental complicada;Adultos;medio;Trabajo con apego;Mapa de relación significativa;Identificar necesidades, miedos, conductas y consecuencias en vínculo.;Comprender patrón relacional.;medio;30 min;media;PSY2_SRC009;El profesional debe adaptar la tarea a evaluación clínica, riesgo, edad, contexto, objetivos, preferencias y límites competenciales.
Relaciones, apego y dependencia emocional;Ruptura sentimental complicada;Adultos;medio;Comunicación de pareja/relacional;Pedir seguridad de forma sana;Sustituir control por petición clara y limitada.;Mejorar comunicación.;medio;semanal;media;PSY2_SRC009;El profesional debe adaptar la tarea a evaluación clínica, riesgo, edad, contexto, objetivos, preferencias y límites competenciales.
Relaciones, apego y dependencia emocional;Ruptura sentimental complicada;Adultos;medio;Manejo de celos;Reducir comprobación de celos;Elegir una comprobación y retrasarla/reducirla.;Disminuir ciclo de celos.;medio;semanal;media;PSY2_SRC009;El profesional debe adaptar la tarea a evaluación clínica, riesgo, edad, contexto, objetivos, preferencias y límites competenciales.
Relaciones, apego y dependencia emocional;Ruptura sentimental complicada;Adultos;medio;Matriz de apoyo social;Lista de apoyo social;Identificar personas y tipo de apoyo que pueden ofrecer.;Ampliar red de apoyo.;bajo;20 min;media;PSY2_SRC009;El profesional debe adaptar la tarea a evaluación clínica, riesgo, edad, contexto, objetivos, preferencias y límites competenciales.
Relaciones, apego y dependencia emocional;Ruptura sentimental complicada;Adultos;medio;Prevención de recaídas;Plan de prevención de recaídas;Señales tempranas, estrategias, apoyos y plan de revisión.;Mantener avances.;bajo;mensual;media;PSY2_SRC009;El profesional debe adaptar la tarea a evaluación clínica, riesgo, edad, contexto, objetivos, preferencias y límites competenciales.
Duelo y pérdidas;Duelo por pérdida familiar;Adultos/Adolescentes;medio;Trabajo con duelo;Carta no enviada;Escribir lo no dicho a persona perdida o relación terminada.;Procesar duelo.;medio;30 min;alta;PSY2_SRC009;El profesional debe adaptar la tarea a evaluación clínica, riesgo, edad, contexto, objetivos, preferencias y límites competenciales.
Duelo y pérdidas;Duelo por pérdida familiar;Adultos/Adolescentes;medio;Trabajo con duelo;Ritual de despedida o continuidad;Diseñar gesto simbólico adaptado a valores del paciente.;Integrar pérdida.;medio;variable;media;PSY2_SRC009;El profesional debe adaptar la tarea a evaluación clínica, riesgo, edad, contexto, objetivos, preferencias y límites competenciales.
Duelo y pérdidas;Duelo por pérdida familiar;Adultos/Adolescentes;medio;Narrativa terapéutica;Línea temporal del duelo;Ordenar hitos de pérdida, cambios y recursos usados.;Dar sentido al proceso.;medio;30 min;media;PSY2_SRC009;El profesional debe adaptar la tarea a evaluación clínica, riesgo, edad, contexto, objetivos, preferencias y límites competenciales.
Duelo y pérdidas;Duelo por pérdida familiar;Adultos/Adolescentes;medio;Autocompasión;Registro de autocrítica;Anotar frase autocrítica, emoción y alternativa compasiva.;Reducir autocrítica.;bajo;7 días;alta;PSY2_SRC009;El profesional debe adaptar la tarea a evaluación clínica, riesgo, edad, contexto, objetivos, preferencias y límites competenciales.
Duelo y pérdidas;Duelo por pérdida familiar;Adultos/Adolescentes;medio;Autocompasión;Carta de autocompasión;Escribir respuesta a uno mismo como a un amigo.;Cultivar trato interno amable.;bajo;20 min;media;PSY2_SRC009;El profesional debe adaptar la tarea a evaluación clínica, riesgo, edad, contexto, objetivos, preferencias y límites competenciales.
Duelo y pérdidas;Duelo por pérdida familiar;Adultos/Adolescentes;medio;Autocompasión;Reformulación de error;Transformar un error en aprendizaje concreto.;Reducir miedo al error.;bajo;semanal;media;PSY2_SRC009;El profesional debe adaptar la tarea a evaluación clínica, riesgo, edad, contexto, objetivos, preferencias y límites competenciales.
Duelo y pérdidas;Duelo por pérdida familiar;Adultos/Adolescentes;medio;Trabajo de valores;Inventario de fortalezas;Listar habilidades, valores, esfuerzos y logros concretos.;Reforzar autoconcepto.;bajo;30 min;media;PSY2_SRC009;El profesional debe adaptar la tarea a evaluación clínica, riesgo, edad, contexto, objetivos, preferencias y límites competenciales.
Duelo y pérdidas;Duelo por pérdida familiar;Adultos/Adolescentes;medio;Trabajo de valores;Actividad de reconexión vital;Programar actividad pequeña vinculada a valores o identidad.;Reconstruir vida cotidiana.;bajo;semanal;media;PSY2_SRC009;El profesional debe adaptar la tarea a evaluación clínica, riesgo, edad, contexto, objetivos, preferencias y límites competenciales.
Duelo y pérdidas;Duelo por pérdida familiar;Adultos/Adolescentes;medio;Trabajo de valores;Clarificación de valores;Elegir 3 valores y una acción pequeña por valor.;Orientar conducta.;bajo;sesión;media;PSY2_SRC009;El profesional debe adaptar la tarea a evaluación clínica, riesgo, edad, contexto, objetivos, preferencias y límites competenciales.
Duelo y pérdidas;Duelo por pérdida familiar;Adultos/Adolescentes;medio;Matriz de apoyo social;Lista de apoyo social;Identificar personas y tipo de apoyo que pueden ofrecer.;Ampliar red de apoyo.;bajo;20 min;media;PSY2_SRC009;El profesional debe adaptar la tarea a evaluación clínica, riesgo, edad, contexto, objetivos, preferencias y límites competenciales.
Duelo y pérdidas;Duelo por pérdida familiar;Adultos/Adolescentes;medio;Prevención de recaídas;Plan de prevención de recaídas;Señales tempranas, estrategias, apoyos y plan de revisión.;Mantener avances.;bajo;mensual;media;PSY2_SRC009;El profesional debe adaptar la tarea a evaluación clínica, riesgo, edad, contexto, objetivos, preferencias y límites competenciales.
Duelo y pérdidas;Duelo sentimental;Adultos;medio;Trabajo con duelo;Carta no enviada;Escribir lo no dicho a persona perdida o relación terminada.;Procesar duelo.;medio;30 min;alta;PSY2_SRC009;El profesional debe adaptar la tarea a evaluación clínica, riesgo, edad, contexto, objetivos, preferencias y límites competenciales.
Duelo y pérdidas;Duelo sentimental;Adultos;medio;Trabajo con duelo;Ritual de despedida o continuidad;Diseñar gesto simbólico adaptado a valores del paciente.;Integrar pérdida.;medio;variable;media;PSY2_SRC009;El profesional debe adaptar la tarea a evaluación clínica, riesgo, edad, contexto, objetivos, preferencias y límites competenciales.
Duelo y pérdidas;Duelo sentimental;Adultos;medio;Narrativa terapéutica;Línea temporal del duelo;Ordenar hitos de pérdida, cambios y recursos usados.;Dar sentido al proceso.;medio;30 min;media;PSY2_SRC009;El profesional debe adaptar la tarea a evaluación clínica, riesgo, edad, contexto, objetivos, preferencias y límites competenciales.
Duelo y pérdidas;Duelo sentimental;Adultos;medio;Autocompasión;Registro de autocrítica;Anotar frase autocrítica, emoción y alternativa compasiva.;Reducir autocrítica.;bajo;7 días;alta;PSY2_SRC009;El profesional debe adaptar la tarea a evaluación clínica, riesgo, edad, contexto, objetivos, preferencias y límites competenciales.
Duelo y pérdidas;Duelo sentimental;Adultos;medio;Autocompasión;Carta de autocompasión;Escribir respuesta a uno mismo como a un amigo.;Cultivar trato interno amable.;bajo;20 min;media;PSY2_SRC009;El profesional debe adaptar la tarea a evaluación clínica, riesgo, edad, contexto, objetivos, preferencias y límites competenciales.
Duelo y pérdidas;Duelo sentimental;Adultos;medio;Autocompasión;Reformulación de error;Transformar un error en aprendizaje concreto.;Reducir miedo al error.;bajo;semanal;media;PSY2_SRC009;El profesional debe adaptar la tarea a evaluación clínica, riesgo, edad, contexto, objetivos, preferencias y límites competenciales.
Duelo y pérdidas;Duelo sentimental;Adultos;medio;Trabajo de valores;Inventario de fortalezas;Listar habilidades, valores, esfuerzos y logros concretos.;Reforzar autoconcepto.;bajo;30 min;media;PSY2_SRC009;El profesional debe adaptar la tarea a evaluación clínica, riesgo, edad, contexto, objetivos, preferencias y límites competenciales.
Duelo y pérdidas;Duelo sentimental;Adultos;medio;Trabajo de valores;Actividad de reconexión vital;Programar actividad pequeña vinculada a valores o identidad.;Reconstruir vida cotidiana.;bajo;semanal;media;PSY2_SRC009;El profesional debe adaptar la tarea a evaluación clínica, riesgo, edad, contexto, objetivos, preferencias y límites competenciales.
Duelo y pérdidas;Duelo sentimental;Adultos;medio;Trabajo de valores;Clarificación de valores;Elegir 3 valores y una acción pequeña por valor.;Orientar conducta.;bajo;sesión;media;PSY2_SRC009;El profesional debe adaptar la tarea a evaluación clínica, riesgo, edad, contexto, objetivos, preferencias y límites competenciales.
Duelo y pérdidas;Duelo sentimental;Adultos;medio;Matriz de apoyo social;Lista de apoyo social;Identificar personas y tipo de apoyo que pueden ofrecer.;Ampliar red de apoyo.;bajo;20 min;media;PSY2_SRC009;El profesional debe adaptar la tarea a evaluación clínica, riesgo, edad, contexto, objetivos, preferencias y límites competenciales.
Duelo y pérdidas;Duelo sentimental;Adultos;medio;Prevención de recaídas;Plan de prevención de recaídas;Señales tempranas, estrategias, apoyos y plan de revisión.;Mantener avances.;bajo;mensual;media;PSY2_SRC009;El profesional debe adaptar la tarea a evaluación clínica, riesgo, edad, contexto, objetivos, preferencias y límites competenciales.
Duelo y pérdidas;Duelo por cambio vital;Adultos;medio;Trabajo con duelo;Carta no enviada;Escribir lo no dicho a persona perdida o relación terminada.;Procesar duelo.;medio;30 min;alta;PSY2_SRC009;El profesional debe adaptar la tarea a evaluación clínica, riesgo, edad, contexto, objetivos, preferencias y límites competenciales.
Duelo y pérdidas;Duelo por cambio vital;Adultos;medio;Trabajo con duelo;Ritual de despedida o continuidad;Diseñar gesto simbólico adaptado a valores del paciente.;Integrar pérdida.;medio;variable;media;PSY2_SRC009;El profesional debe adaptar la tarea a evaluación clínica, riesgo, edad, contexto, objetivos, preferencias y límites competenciales.
Duelo y pérdidas;Duelo por cambio vital;Adultos;medio;Narrativa terapéutica;Línea temporal del duelo;Ordenar hitos de pérdida, cambios y recursos usados.;Dar sentido al proceso.;medio;30 min;media;PSY2_SRC009;El profesional debe adaptar la tarea a evaluación clínica, riesgo, edad, contexto, objetivos, preferencias y límites competenciales.
Duelo y pérdidas;Duelo por cambio vital;Adultos;medio;Autocompasión;Registro de autocrítica;Anotar frase autocrítica, emoción y alternativa compasiva.;Reducir autocrítica.;bajo;7 días;alta;PSY2_SRC009;El profesional debe adaptar la tarea a evaluación clínica, riesgo, edad, contexto, objetivos, preferencias y límites competenciales.
Duelo y pérdidas;Duelo por cambio vital;Adultos;medio;Autocompasión;Carta de autocompasión;Escribir respuesta a uno mismo como a un amigo.;Cultivar trato interno amable.;bajo;20 min;media;PSY2_SRC009;El profesional debe adaptar la tarea a evaluación clínica, riesgo, edad, contexto, objetivos, preferencias y límites competenciales.
Duelo y pérdidas;Duelo por cambio vital;Adultos;medio;Autocompasión;Reformulación de error;Transformar un error en aprendizaje concreto.;Reducir miedo al error.;bajo;semanal;media;PSY2_SRC009;El profesional debe adaptar la tarea a evaluación clínica, riesgo, edad, contexto, objetivos, preferencias y límites competenciales.
Duelo y pérdidas;Duelo por cambio vital;Adultos;medio;Trabajo de valores;Inventario de fortalezas;Listar habilidades, valores, esfuerzos y logros concretos.;Reforzar autoconcepto.;bajo;30 min;media;PSY2_SRC009;El profesional debe adaptar la tarea a evaluación clínica, riesgo, edad, contexto, objetivos, preferencias y límites competenciales.
Duelo y pérdidas;Duelo por cambio vital;Adultos;medio;Trabajo de valores;Actividad de reconexión vital;Programar actividad pequeña vinculada a valores o identidad.;Reconstruir vida cotidiana.;bajo;semanal;media;PSY2_SRC009;El profesional debe adaptar la tarea a evaluación clínica, riesgo, edad, contexto, objetivos, preferencias y límites competenciales.
Duelo y pérdidas;Duelo por cambio vital;Adultos;medio;Trabajo de valores;Clarificación de valores;Elegir 3 valores y una acción pequeña por valor.;Orientar conducta.;bajo;sesión;media;PSY2_SRC009;El profesional debe adaptar la tarea a evaluación clínica, riesgo, edad, contexto, objetivos, preferencias y límites competenciales.
Duelo y pérdidas;Duelo por cambio vital;Adultos;medio;Matriz de apoyo social;Lista de apoyo social;Identificar personas y tipo de apoyo que pueden ofrecer.;Ampliar red de apoyo.;bajo;20 min;media;PSY2_SRC009;El profesional debe adaptar la tarea a evaluación clínica, riesgo, edad, contexto, objetivos, preferencias y límites competenciales.
Duelo y pérdidas;Duelo por cambio vital;Adultos;medio;Prevención de recaídas;Plan de prevención de recaídas;Señales tempranas, estrategias, apoyos y plan de revisión.;Mantener avances.;bajo;mensual;media;PSY2_SRC009;El profesional debe adaptar la tarea a evaluación clínica, riesgo, edad, contexto, objetivos, preferencias y límites competenciales.
Duelo y pérdidas;Culpa asociada al duelo;Adultos;medio;Trabajo con duelo;Carta no enviada;Escribir lo no dicho a persona perdida o relación terminada.;Procesar duelo.;medio;30 min;alta;PSY2_SRC009;El profesional debe adaptar la tarea a evaluación clínica, riesgo, edad, contexto, objetivos, preferencias y límites competenciales.
Duelo y pérdidas;Culpa asociada al duelo;Adultos;medio;Trabajo con duelo;Ritual de despedida o continuidad;Diseñar gesto simbólico adaptado a valores del paciente.;Integrar pérdida.;medio;variable;media;PSY2_SRC009;El profesional debe adaptar la tarea a evaluación clínica, riesgo, edad, contexto, objetivos, preferencias y límites competenciales.
Duelo y pérdidas;Culpa asociada al duelo;Adultos;medio;Narrativa terapéutica;Línea temporal del duelo;Ordenar hitos de pérdida, cambios y recursos usados.;Dar sentido al proceso.;medio;30 min;media;PSY2_SRC009;El profesional debe adaptar la tarea a evaluación clínica, riesgo, edad, contexto, objetivos, preferencias y límites competenciales.
Duelo y pérdidas;Culpa asociada al duelo;Adultos;medio;Autocompasión;Registro de autocrítica;Anotar frase autocrítica, emoción y alternativa compasiva.;Reducir autocrítica.;bajo;7 días;alta;PSY2_SRC009;El profesional debe adaptar la tarea a evaluación clínica, riesgo, edad, contexto, objetivos, preferencias y límites competenciales.
Duelo y pérdidas;Culpa asociada al duelo;Adultos;medio;Autocompasión;Carta de autocompasión;Escribir respuesta a uno mismo como a un amigo.;Cultivar trato interno amable.;bajo;20 min;media;PSY2_SRC009;El profesional debe adaptar la tarea a evaluación clínica, riesgo, edad, contexto, objetivos, preferencias y límites competenciales.
Duelo y pérdidas;Culpa asociada al duelo;Adultos;medio;Autocompasión;Reformulación de error;Transformar un error en aprendizaje concreto.;Reducir miedo al error.;bajo;semanal;media;PSY2_SRC009;El profesional debe adaptar la tarea a evaluación clínica, riesgo, edad, contexto, objetivos, preferencias y límites competenciales.
Duelo y pérdidas;Culpa asociada al duelo;Adultos;medio;Trabajo de valores;Inventario de fortalezas;Listar habilidades, valores, esfuerzos y logros concretos.;Reforzar autoconcepto.;bajo;30 min;media;PSY2_SRC009;El profesional debe adaptar la tarea a evaluación clínica, riesgo, edad, contexto, objetivos, preferencias y límites competenciales.
Duelo y pérdidas;Culpa asociada al duelo;Adultos;medio;Trabajo de valores;Actividad de reconexión vital;Programar actividad pequeña vinculada a valores o identidad.;Reconstruir vida cotidiana.;bajo;semanal;media;PSY2_SRC009;El profesional debe adaptar la tarea a evaluación clínica, riesgo, edad, contexto, objetivos, preferencias y límites competenciales.
Duelo y pérdidas;Culpa asociada al duelo;Adultos;medio;Trabajo de valores;Clarificación de valores;Elegir 3 valores y una acción pequeña por valor.;Orientar conducta.;bajo;sesión;media;PSY2_SRC009;El profesional debe adaptar la tarea a evaluación clínica, riesgo, edad, contexto, objetivos, preferencias y límites competenciales.
Duelo y pérdidas;Culpa asociada al duelo;Adultos;medio;Matriz de apoyo social;Lista de apoyo social;Identificar personas y tipo de apoyo que pueden ofrecer.;Ampliar red de apoyo.;bajo;20 min;media;PSY2_SRC009;El profesional debe adaptar la tarea a evaluación clínica, riesgo, edad, contexto, objetivos, preferencias y límites competenciales.
Duelo y pérdidas;Culpa asociada al duelo;Adultos;medio;Prevención de recaídas;Plan de prevención de recaídas;Señales tempranas, estrategias, apoyos y plan de revisión.;Mantener avances.;bajo;mensual;media;PSY2_SRC009;El profesional debe adaptar la tarea a evaluación clínica, riesgo, edad, contexto, objetivos, preferencias y límites competenciales.
Estrés laboral y burnout;Burnout laboral;Adultos;medio;Registro ABC;Registro ABC emocional;Registrar situación, pensamiento, emoción, impulso y conducta.;Comprender ciclos emocionales.;bajo;7 días;media;PSY2_SRC010;El profesional debe adaptar la tarea a evaluación clínica, riesgo, edad, contexto, objetivos, preferencias y límites competenciales.
Estrés laboral y burnout;Burnout laboral;Adultos;medio;Registro ABC;Registro de comparación;Detectar comparación, contexto, coste y respuesta alternativa.;Reducir comparación dañina.;bajo;7 días;media;PSY2_SRC010;El profesional debe adaptar la tarea a evaluación clínica, riesgo, edad, contexto, objetivos, preferencias y límites competenciales.
Estrés laboral y burnout;Burnout laboral;Adultos;medio;Registro ABC;Registro de carga laboral;Anotar demandas, energía, pausas, horas extra y recuperación.;Detectar burnout/estrés.;bajo;7 días;alta;PSY2_SRC010;El profesional debe adaptar la tarea a evaluación clínica, riesgo, edad, contexto, objetivos, preferencias y límites competenciales.
Estrés laboral y burnout;Burnout laboral;Adultos;medio;Solución de problemas;Solución de problemas en 5 pasos;Definir problema, opciones, elección, acción y revisión.;Aumentar afrontamiento.;bajo;semanal;media;PSY2_SRC010;El profesional debe adaptar la tarea a evaluación clínica, riesgo, edad, contexto, objetivos, preferencias y límites competenciales.
Estrés laboral y burnout;Burnout laboral;Adultos;medio;Higiene del sueño y recuperación;Plan de recuperación;Programar descanso, sueño, ocio y desconexión real.;Recuperar energía.;bajo;semanal;media;PSY2_SRC010;El profesional debe adaptar la tarea a evaluación clínica, riesgo, edad, contexto, objetivos, preferencias y límites competenciales.
Estrés laboral y burnout;Burnout laboral;Adultos;medio;Límites laborales;Límite laboral semanal;Definir un límite concreto: horario, correo, descanso o tarea.;Reducir sobrecarga.;bajo;semanal;media;PSY2_SRC010;El profesional debe adaptar la tarea a evaluación clínica, riesgo, edad, contexto, objetivos, preferencias y límites competenciales.
Estrés laboral y burnout;Burnout laboral;Adultos;medio;Plan anti-burnout;Matriz demandas-recursos;Listar demandas laborales y recursos disponibles/posibles.;Plan anti-burnout.;medio;30 min;media;PSY2_SRC010;El profesional debe adaptar la tarea a evaluación clínica, riesgo, edad, contexto, objetivos, preferencias y límites competenciales.
Estrés laboral y burnout;Burnout laboral;Adultos;medio;Trabajo de valores;Inventario de fortalezas;Listar habilidades, valores, esfuerzos y logros concretos.;Reforzar autoconcepto.;bajo;30 min;media;PSY2_SRC010;El profesional debe adaptar la tarea a evaluación clínica, riesgo, edad, contexto, objetivos, preferencias y límites competenciales.
Estrés laboral y burnout;Burnout laboral;Adultos;medio;Trabajo de valores;Actividad de reconexión vital;Programar actividad pequeña vinculada a valores o identidad.;Reconstruir vida cotidiana.;bajo;semanal;media;PSY2_SRC010;El profesional debe adaptar la tarea a evaluación clínica, riesgo, edad, contexto, objetivos, preferencias y límites competenciales.
Estrés laboral y burnout;Burnout laboral;Adultos;medio;Trabajo de valores;Clarificación de valores;Elegir 3 valores y una acción pequeña por valor.;Orientar conducta.;bajo;sesión;media;PSY2_SRC010;El profesional debe adaptar la tarea a evaluación clínica, riesgo, edad, contexto, objetivos, preferencias y límites competenciales.
Estrés laboral y burnout;Burnout laboral;Adultos;medio;Prevención de recaídas;Plan de prevención de recaídas;Señales tempranas, estrategias, apoyos y plan de revisión.;Mantener avances.;bajo;mensual;media;PSY2_SRC010;El profesional debe adaptar la tarea a evaluación clínica, riesgo, edad, contexto, objetivos, preferencias y límites competenciales.
Estrés laboral y burnout;Estrés laboral sostenido;Adultos;medio;Registro ABC;Registro ABC emocional;Registrar situación, pensamiento, emoción, impulso y conducta.;Comprender ciclos emocionales.;bajo;7 días;media;"PSY2_SRC009;PSY2_SRC010";El profesional debe adaptar la tarea a evaluación clínica, riesgo, edad, contexto, objetivos, preferencias y límites competenciales.
Estrés laboral y burnout;Estrés laboral sostenido;Adultos;medio;Registro ABC;Registro de comparación;Detectar comparación, contexto, coste y respuesta alternativa.;Reducir comparación dañina.;bajo;7 días;media;"PSY2_SRC009;PSY2_SRC010";El profesional debe adaptar la tarea a evaluación clínica, riesgo, edad, contexto, objetivos, preferencias y límites competenciales.
Estrés laboral y burnout;Estrés laboral sostenido;Adultos;medio;Registro ABC;Registro de carga laboral;Anotar demandas, energía, pausas, horas extra y recuperación.;Detectar burnout/estrés.;bajo;7 días;alta;"PSY2_SRC009;PSY2_SRC010";El profesional debe adaptar la tarea a evaluación clínica, riesgo, edad, contexto, objetivos, preferencias y límites competenciales.
Estrés laboral y burnout;Estrés laboral sostenido;Adultos;medio;Solución de problemas;Solución de problemas en 5 pasos;Definir problema, opciones, elección, acción y revisión.;Aumentar afrontamiento.;bajo;semanal;media;"PSY2_SRC009;PSY2_SRC010";El profesional debe adaptar la tarea a evaluación clínica, riesgo, edad, contexto, objetivos, preferencias y límites competenciales.
Estrés laboral y burnout;Estrés laboral sostenido;Adultos;medio;Higiene del sueño y recuperación;Plan de recuperación;Programar descanso, sueño, ocio y desconexión real.;Recuperar energía.;bajo;semanal;media;"PSY2_SRC009;PSY2_SRC010";El profesional debe adaptar la tarea a evaluación clínica, riesgo, edad, contexto, objetivos, preferencias y límites competenciales.
Estrés laboral y burnout;Estrés laboral sostenido;Adultos;medio;Límites laborales;Límite laboral semanal;Definir un límite concreto: horario, correo, descanso o tarea.;Reducir sobrecarga.;bajo;semanal;media;"PSY2_SRC009;PSY2_SRC010";El profesional debe adaptar la tarea a evaluación clínica, riesgo, edad, contexto, objetivos, preferencias y límites competenciales.
Estrés laboral y burnout;Estrés laboral sostenido;Adultos;medio;Plan anti-burnout;Matriz demandas-recursos;Listar demandas laborales y recursos disponibles/posibles.;Plan anti-burnout.;medio;30 min;media;"PSY2_SRC009;PSY2_SRC010";El profesional debe adaptar la tarea a evaluación clínica, riesgo, edad, contexto, objetivos, preferencias y límites competenciales.
Estrés laboral y burnout;Estrés laboral sostenido;Adultos;medio;Trabajo de valores;Inventario de fortalezas;Listar habilidades, valores, esfuerzos y logros concretos.;Reforzar autoconcepto.;bajo;30 min;media;"PSY2_SRC009;PSY2_SRC010";El profesional debe adaptar la tarea a evaluación clínica, riesgo, edad, contexto, objetivos, preferencias y límites competenciales.
Estrés laboral y burnout;Estrés laboral sostenido;Adultos;medio;Trabajo de valores;Actividad de reconexión vital;Programar actividad pequeña vinculada a valores o identidad.;Reconstruir vida cotidiana.;bajo;semanal;media;"PSY2_SRC009;PSY2_SRC010";El profesional debe adaptar la tarea a evaluación clínica, riesgo, edad, contexto, objetivos, preferencias y límites competenciales.
Estrés laboral y burnout;Estrés laboral sostenido;Adultos;medio;Trabajo de valores;Clarificación de valores;Elegir 3 valores y una acción pequeña por valor.;Orientar conducta.;bajo;sesión;media;"PSY2_SRC009;PSY2_SRC010";El profesional debe adaptar la tarea a evaluación clínica, riesgo, edad, contexto, objetivos, preferencias y límites competenciales.
Estrés laboral y burnout;Estrés laboral sostenido;Adultos;medio;Prevención de recaídas;Plan de prevención de recaídas;Señales tempranas, estrategias, apoyos y plan de revisión.;Mantener avances.;bajo;mensual;media;"PSY2_SRC009;PSY2_SRC010";El profesional debe adaptar la tarea a evaluación clínica, riesgo, edad, contexto, objetivos, preferencias y límites competenciales.
Estrés laboral y burnout;Dificultad para desconectar del trabajo;Adultos;bajo;Registro ABC;Registro ABC emocional;Registrar situación, pensamiento, emoción, impulso y conducta.;Comprender ciclos emocionales.;bajo;7 días;media;PSY2_SRC010;El profesional debe adaptar la tarea a evaluación clínica, riesgo, edad, contexto, objetivos, preferencias y límites competenciales.
Estrés laboral y burnout;Dificultad para desconectar del trabajo;Adultos;bajo;Registro ABC;Registro de comparación;Detectar comparación, contexto, coste y respuesta alternativa.;Reducir comparación dañina.;bajo;7 días;media;PSY2_SRC010;El profesional debe adaptar la tarea a evaluación clínica, riesgo, edad, contexto, objetivos, preferencias y límites competenciales.
Estrés laboral y burnout;Dificultad para desconectar del trabajo;Adultos;bajo;Registro ABC;Registro de carga laboral;Anotar demandas, energía, pausas, horas extra y recuperación.;Detectar burnout/estrés.;bajo;7 días;alta;PSY2_SRC010;El profesional debe adaptar la tarea a evaluación clínica, riesgo, edad, contexto, objetivos, preferencias y límites competenciales.
Estrés laboral y burnout;Dificultad para desconectar del trabajo;Adultos;bajo;Solución de problemas;Solución de problemas en 5 pasos;Definir problema, opciones, elección, acción y revisión.;Aumentar afrontamiento.;bajo;semanal;media;PSY2_SRC010;El profesional debe adaptar la tarea a evaluación clínica, riesgo, edad, contexto, objetivos, preferencias y límites competenciales.
Estrés laboral y burnout;Dificultad para desconectar del trabajo;Adultos;bajo;Higiene del sueño y recuperación;Plan de recuperación;Programar descanso, sueño, ocio y desconexión real.;Recuperar energía.;bajo;semanal;media;PSY2_SRC010;El profesional debe adaptar la tarea a evaluación clínica, riesgo, edad, contexto, objetivos, preferencias y límites competenciales.
Estrés laboral y burnout;Dificultad para desconectar del trabajo;Adultos;bajo;Límites laborales;Límite laboral semanal;Definir un límite concreto: horario, correo, descanso o tarea.;Reducir sobrecarga.;bajo;semanal;media;PSY2_SRC010;El profesional debe adaptar la tarea a evaluación clínica, riesgo, edad, contexto, objetivos, preferencias y límites competenciales.
Estrés laboral y burnout;Dificultad para desconectar del trabajo;Adultos;bajo;Plan anti-burnout;Matriz demandas-recursos;Listar demandas laborales y recursos disponibles/posibles.;Plan anti-burnout.;medio;30 min;media;PSY2_SRC010;El profesional debe adaptar la tarea a evaluación clínica, riesgo, edad, contexto, objetivos, preferencias y límites competenciales.
Estrés laboral y burnout;Dificultad para desconectar del trabajo;Adultos;bajo;Trabajo de valores;Inventario de fortalezas;Listar habilidades, valores, esfuerzos y logros concretos.;Reforzar autoconcepto.;bajo;30 min;media;PSY2_SRC010;El profesional debe adaptar la tarea a evaluación clínica, riesgo, edad, contexto, objetivos, preferencias y límites competenciales.
Estrés laboral y burnout;Dificultad para desconectar del trabajo;Adultos;bajo;Trabajo de valores;Actividad de reconexión vital;Programar actividad pequeña vinculada a valores o identidad.;Reconstruir vida cotidiana.;bajo;semanal;media;PSY2_SRC010;El profesional debe adaptar la tarea a evaluación clínica, riesgo, edad, contexto, objetivos, preferencias y límites competenciales.
Estrés laboral y burnout;Dificultad para desconectar del trabajo;Adultos;bajo;Trabajo de valores;Clarificación de valores;Elegir 3 valores y una acción pequeña por valor.;Orientar conducta.;bajo;sesión;media;PSY2_SRC010;El profesional debe adaptar la tarea a evaluación clínica, riesgo, edad, contexto, objetivos, preferencias y límites competenciales.
Estrés laboral y burnout;Dificultad para desconectar del trabajo;Adultos;bajo;Prevención de recaídas;Plan de prevención de recaídas;Señales tempranas, estrategias, apoyos y plan de revisión.;Mantener avances.;bajo;mensual;media;PSY2_SRC010;El profesional debe adaptar la tarea a evaluación clínica, riesgo, edad, contexto, objetivos, preferencias y límites competenciales.
Estrés laboral y burnout;Conflicto trabajo-vida personal;Adultos;medio;Registro ABC;Registro ABC emocional;Registrar situación, pensamiento, emoción, impulso y conducta.;Comprender ciclos emocionales.;bajo;7 días;media;PSY2_SRC010;El profesional debe adaptar la tarea a evaluación clínica, riesgo, edad, contexto, objetivos, preferencias y límites competenciales.
Estrés laboral y burnout;Conflicto trabajo-vida personal;Adultos;medio;Registro ABC;Registro de comparación;Detectar comparación, contexto, coste y respuesta alternativa.;Reducir comparación dañina.;bajo;7 días;media;PSY2_SRC010;El profesional debe adaptar la tarea a evaluación clínica, riesgo, edad, contexto, objetivos, preferencias y límites competenciales.
Estrés laboral y burnout;Conflicto trabajo-vida personal;Adultos;medio;Registro ABC;Registro de carga laboral;Anotar demandas, energía, pausas, horas extra y recuperación.;Detectar burnout/estrés.;bajo;7 días;alta;PSY2_SRC010;El profesional debe adaptar la tarea a evaluación clínica, riesgo, edad, contexto, objetivos, preferencias y límites competenciales.
Estrés laboral y burnout;Conflicto trabajo-vida personal;Adultos;medio;Solución de problemas;Solución de problemas en 5 pasos;Definir problema, opciones, elección, acción y revisión.;Aumentar afrontamiento.;bajo;semanal;media;PSY2_SRC010;El profesional debe adaptar la tarea a evaluación clínica, riesgo, edad, contexto, objetivos, preferencias y límites competenciales.
Estrés laboral y burnout;Conflicto trabajo-vida personal;Adultos;medio;Higiene del sueño y recuperación;Plan de recuperación;Programar descanso, sueño, ocio y desconexión real.;Recuperar energía.;bajo;semanal;media;PSY2_SRC010;El profesional debe adaptar la tarea a evaluación clínica, riesgo, edad, contexto, objetivos, preferencias y límites competenciales.
Estrés laboral y burnout;Conflicto trabajo-vida personal;Adultos;medio;Límites laborales;Límite laboral semanal;Definir un límite concreto: horario, correo, descanso o tarea.;Reducir sobrecarga.;bajo;semanal;media;PSY2_SRC010;El profesional debe adaptar la tarea a evaluación clínica, riesgo, edad, contexto, objetivos, preferencias y límites competenciales.
Estrés laboral y burnout;Conflicto trabajo-vida personal;Adultos;medio;Plan anti-burnout;Matriz demandas-recursos;Listar demandas laborales y recursos disponibles/posibles.;Plan anti-burnout.;medio;30 min;media;PSY2_SRC010;El profesional debe adaptar la tarea a evaluación clínica, riesgo, edad, contexto, objetivos, preferencias y límites competenciales.
Estrés laboral y burnout;Conflicto trabajo-vida personal;Adultos;medio;Trabajo de valores;Inventario de fortalezas;Listar habilidades, valores, esfuerzos y logros concretos.;Reforzar autoconcepto.;bajo;30 min;media;PSY2_SRC010;El profesional debe adaptar la tarea a evaluación clínica, riesgo, edad, contexto, objetivos, preferencias y límites competenciales.
Estrés laboral y burnout;Conflicto trabajo-vida personal;Adultos;medio;Trabajo de valores;Actividad de reconexión vital;Programar actividad pequeña vinculada a valores o identidad.;Reconstruir vida cotidiana.;bajo;semanal;media;PSY2_SRC010;El profesional debe adaptar la tarea a evaluación clínica, riesgo, edad, contexto, objetivos, preferencias y límites competenciales.
Estrés laboral y burnout;Conflicto trabajo-vida personal;Adultos;medio;Trabajo de valores;Clarificación de valores;Elegir 3 valores y una acción pequeña por valor.;Orientar conducta.;bajo;sesión;media;PSY2_SRC010;El profesional debe adaptar la tarea a evaluación clínica, riesgo, edad, contexto, objetivos, preferencias y límites competenciales.
Estrés laboral y burnout;Conflicto trabajo-vida personal;Adultos;medio;Prevención de recaídas;Plan de prevención de recaídas;Señales tempranas, estrategias, apoyos y plan de revisión.;Mantener avances.;bajo;mensual;media;PSY2_SRC010;El profesional debe adaptar la tarea a evaluación clínica, riesgo, edad, contexto, objetivos, preferencias y límites competenciales.
Trauma y experiencias adversas;Síntomas postraumáticos leves/moderados;Adultos;alto;Plan de seguridad/derivación;Plan de seguridad personal;Señales, recursos, contactos y pasos ante crisis o riesgo.;Aumentar seguridad.;alto;supervisado;alta;PSY2_SRC006;El profesional debe adaptar la tarea a evaluación clínica, riesgo, edad, contexto, objetivos, preferencias y límites competenciales.
Trauma y experiencias adversas;Síntomas postraumáticos leves/moderados;Adultos;alto;Estabilización y grounding;Grounding 5-4-3-2-1;Practicar orientación sensorial al presente.;Estabilización.;alto;cuando se active;alta;PSY2_SRC006;El profesional debe adaptar la tarea a evaluación clínica, riesgo, edad, contexto, objetivos, preferencias y límites competenciales.
Trauma y experiencias adversas;Síntomas postraumáticos leves/moderados;Adultos;alto;Estabilización y grounding;Mapa de disparadores;Registrar estímulo, emoción, cuerpo, pensamiento y respuesta.;Comprender activaciones.;medio;7 días;media;PSY2_SRC006;El profesional debe adaptar la tarea a evaluación clínica, riesgo, edad, contexto, objetivos, preferencias y límites competenciales.
Trauma y experiencias adversas;Síntomas postraumáticos leves/moderados;Adultos;alto;Regulación emocional;Rueda de emociones;Nombrar emoción principal, secundaria e intensidad 0-10.;Mejorar identificación emocional.;bajo;diario;media;PSY2_SRC006;El profesional debe adaptar la tarea a evaluación clínica, riesgo, edad, contexto, objetivos, preferencias y límites competenciales.
Trauma y experiencias adversas;Síntomas postraumáticos leves/moderados;Adultos;alto;Tolerancia al malestar;Plan de tolerancia al malestar;Elegir 3 estrategias para momentos de intensidad alta.;Reducir conducta impulsiva.;medio;semanal;media;PSY2_SRC006;El profesional debe adaptar la tarea a evaluación clínica, riesgo, edad, contexto, objetivos, preferencias y límites competenciales.
Trauma y experiencias adversas;Síntomas postraumáticos leves/moderados;Adultos;alto;Prevención de recaídas;Plan de prevención de recaídas;Señales tempranas, estrategias, apoyos y plan de revisión.;Mantener avances.;bajo;mensual;media;PSY2_SRC006;El profesional debe adaptar la tarea a evaluación clínica, riesgo, edad, contexto, objetivos, preferencias y límites competenciales.
Trauma y experiencias adversas;Disparadores emocionales;Adultos;medio;Plan de seguridad/derivación;Plan de seguridad personal;Señales, recursos, contactos y pasos ante crisis o riesgo.;Aumentar seguridad.;alto;supervisado;alta;PSY2_SRC006;El profesional debe adaptar la tarea a evaluación clínica, riesgo, edad, contexto, objetivos, preferencias y límites competenciales.
Trauma y experiencias adversas;Disparadores emocionales;Adultos;medio;Estabilización y grounding;Grounding 5-4-3-2-1;Practicar orientación sensorial al presente.;Estabilización.;alto;cuando se active;alta;PSY2_SRC006;El profesional debe adaptar la tarea a evaluación clínica, riesgo, edad, contexto, objetivos, preferencias y límites competenciales.
Trauma y experiencias adversas;Disparadores emocionales;Adultos;medio;Estabilización y grounding;Mapa de disparadores;Registrar estímulo, emoción, cuerpo, pensamiento y respuesta.;Comprender activaciones.;medio;7 días;media;PSY2_SRC006;El profesional debe adaptar la tarea a evaluación clínica, riesgo, edad, contexto, objetivos, preferencias y límites competenciales.
Trauma y experiencias adversas;Disparadores emocionales;Adultos;medio;Regulación emocional;Rueda de emociones;Nombrar emoción principal, secundaria e intensidad 0-10.;Mejorar identificación emocional.;bajo;diario;media;PSY2_SRC006;El profesional debe adaptar la tarea a evaluación clínica, riesgo, edad, contexto, objetivos, preferencias y límites competenciales.
Trauma y experiencias adversas;Disparadores emocionales;Adultos;medio;Tolerancia al malestar;Plan de tolerancia al malestar;Elegir 3 estrategias para momentos de intensidad alta.;Reducir conducta impulsiva.;medio;semanal;media;PSY2_SRC006;El profesional debe adaptar la tarea a evaluación clínica, riesgo, edad, contexto, objetivos, preferencias y límites competenciales.
Trauma y experiencias adversas;Disparadores emocionales;Adultos;medio;Prevención de recaídas;Plan de prevención de recaídas;Señales tempranas, estrategias, apoyos y plan de revisión.;Mantener avances.;bajo;mensual;media;PSY2_SRC006;El profesional debe adaptar la tarea a evaluación clínica, riesgo, edad, contexto, objetivos, preferencias y límites competenciales.
Trauma y experiencias adversas;Hipervigilancia;Adultos;alto;Plan de seguridad/derivación;Plan de seguridad personal;Señales, recursos, contactos y pasos ante crisis o riesgo.;Aumentar seguridad.;alto;supervisado;alta;PSY2_SRC006;El profesional debe adaptar la tarea a evaluación clínica, riesgo, edad, contexto, objetivos, preferencias y límites competenciales.
Trauma y experiencias adversas;Hipervigilancia;Adultos;alto;Estabilización y grounding;Grounding 5-4-3-2-1;Practicar orientación sensorial al presente.;Estabilización.;alto;cuando se active;alta;PSY2_SRC006;El profesional debe adaptar la tarea a evaluación clínica, riesgo, edad, contexto, objetivos, preferencias y límites competenciales.
Trauma y experiencias adversas;Hipervigilancia;Adultos;alto;Estabilización y grounding;Mapa de disparadores;Registrar estímulo, emoción, cuerpo, pensamiento y respuesta.;Comprender activaciones.;medio;7 días;media;PSY2_SRC006;El profesional debe adaptar la tarea a evaluación clínica, riesgo, edad, contexto, objetivos, preferencias y límites competenciales.
Trauma y experiencias adversas;Hipervigilancia;Adultos;alto;Regulación emocional;Rueda de emociones;Nombrar emoción principal, secundaria e intensidad 0-10.;Mejorar identificación emocional.;bajo;diario;media;PSY2_SRC006;El profesional debe adaptar la tarea a evaluación clínica, riesgo, edad, contexto, objetivos, preferencias y límites competenciales.
Trauma y experiencias adversas;Hipervigilancia;Adultos;alto;Tolerancia al malestar;Plan de tolerancia al malestar;Elegir 3 estrategias para momentos de intensidad alta.;Reducir conducta impulsiva.;medio;semanal;media;PSY2_SRC006;El profesional debe adaptar la tarea a evaluación clínica, riesgo, edad, contexto, objetivos, preferencias y límites competenciales.
Trauma y experiencias adversas;Hipervigilancia;Adultos;alto;Prevención de recaídas;Plan de prevención de recaídas;Señales tempranas, estrategias, apoyos y plan de revisión.;Mantener avances.;bajo;mensual;media;PSY2_SRC006;El profesional debe adaptar la tarea a evaluación clínica, riesgo, edad, contexto, objetivos, preferencias y límites competenciales.
Hábitos, procrastinación y funcionamiento diario;Procrastinación no específica;Adultos/Adolescentes;bajo;Activación conductual;Activación conductual semanal;Programar actividades de placer, dominio y conexión.;Aumentar refuerzo positivo.;bajo;semanal;alta;PSY2_SRC009;El profesional debe adaptar la tarea a evaluación clínica, riesgo, edad, contexto, objetivos, preferencias y límites competenciales.
Hábitos, procrastinación y funcionamiento diario;Procrastinación no específica;Adultos/Adolescentes;bajo;Planificación externa;Registro diario de atención y distracciones;Anotar situación, distractor, duración y estrategia usada.;Detectar patrones atencionales.;bajo;7 días;media;PSY2_SRC009;El profesional debe adaptar la tarea a evaluación clínica, riesgo, edad, contexto, objetivos, preferencias y límites competenciales.
Hábitos, procrastinación y funcionamiento diario;Procrastinación no específica;Adultos/Adolescentes;bajo;Planificación externa;Agenda externa semanal;Volcar citas, tareas, vencimientos y recordatorios en un sistema único.;Compensar memoria/organización.;bajo;semanal;media;PSY2_SRC009;El profesional debe adaptar la tarea a evaluación clínica, riesgo, edad, contexto, objetivos, preferencias y límites competenciales.
Hábitos, procrastinación y funcionamiento diario;Procrastinación no específica;Adultos/Adolescentes;bajo;Planificación externa;Rutina mínima diaria;Definir mínimos de sueño, comida, higiene, movimiento y tarea clave.;Recuperar estructura.;bajo;diario;media;PSY2_SRC009;El profesional debe adaptar la tarea a evaluación clínica, riesgo, edad, contexto, objetivos, preferencias y límites competenciales.
Hábitos, procrastinación y funcionamiento diario;Procrastinación no específica;Adultos/Adolescentes;bajo;Fragmentación de tareas;Checklist de inicio de tarea;Antes de empezar: objetivo, primer paso, materiales y tiempo estimado.;Reducir fricción inicial.;bajo;diario;media;PSY2_SRC009;El profesional debe adaptar la tarea a evaluación clínica, riesgo, edad, contexto, objetivos, preferencias y límites competenciales.
Hábitos, procrastinación y funcionamiento diario;Procrastinación no específica;Adultos/Adolescentes;bajo;Fragmentación de tareas;Tarea suficientemente buena;Entregar o terminar algo al 80% de perfección.;Reducir perfeccionismo.;medio;semanal;media;PSY2_SRC009;El profesional debe adaptar la tarea a evaluación clínica, riesgo, edad, contexto, objetivos, preferencias y límites competenciales.
Hábitos, procrastinación y funcionamiento diario;Procrastinación no específica;Adultos/Adolescentes;bajo;Fragmentación de tareas;Primer paso de 5 minutos;Iniciar tarea evitada solo durante 5 minutos.;Romper evitación.;bajo;cuando proceda;media;PSY2_SRC009;El profesional debe adaptar la tarea a evaluación clínica, riesgo, edad, contexto, objetivos, preferencias y límites competenciales.
Hábitos, procrastinación y funcionamiento diario;Procrastinación no específica;Adultos/Adolescentes;bajo;Gestión del tiempo;Bloques de trabajo con temporizador;Usar bloques breves con descanso planificado.;Mejorar adherencia y foco.;bajo;diario;media;PSY2_SRC009;El profesional debe adaptar la tarea a evaluación clínica, riesgo, edad, contexto, objetivos, preferencias y límites competenciales.
Hábitos, procrastinación y funcionamiento diario;Procrastinación no específica;Adultos/Adolescentes;bajo;Prevención de recaídas;Plan de prevención de recaídas;Señales tempranas, estrategias, apoyos y plan de revisión.;Mantener avances.;bajo;mensual;media;PSY2_SRC009;El profesional debe adaptar la tarea a evaluación clínica, riesgo, edad, contexto, objetivos, preferencias y límites competenciales.
Hábitos, procrastinación y funcionamiento diario;Rutinas desorganizadas;Adultos/Adolescentes;medio;Activación conductual;Activación conductual semanal;Programar actividades de placer, dominio y conexión.;Aumentar refuerzo positivo.;bajo;semanal;alta;PSY2_SRC009;El profesional debe adaptar la tarea a evaluación clínica, riesgo, edad, contexto, objetivos, preferencias y límites competenciales.
Hábitos, procrastinación y funcionamiento diario;Rutinas desorganizadas;Adultos/Adolescentes;medio;Planificación externa;Registro diario de atención y distracciones;Anotar situación, distractor, duración y estrategia usada.;Detectar patrones atencionales.;bajo;7 días;media;PSY2_SRC009;El profesional debe adaptar la tarea a evaluación clínica, riesgo, edad, contexto, objetivos, preferencias y límites competenciales.
Hábitos, procrastinación y funcionamiento diario;Rutinas desorganizadas;Adultos/Adolescentes;medio;Planificación externa;Agenda externa semanal;Volcar citas, tareas, vencimientos y recordatorios en un sistema único.;Compensar memoria/organización.;bajo;semanal;media;PSY2_SRC009;El profesional debe adaptar la tarea a evaluación clínica, riesgo, edad, contexto, objetivos, preferencias y límites competenciales.
Hábitos, procrastinación y funcionamiento diario;Rutinas desorganizadas;Adultos/Adolescentes;medio;Planificación externa;Rutina mínima diaria;Definir mínimos de sueño, comida, higiene, movimiento y tarea clave.;Recuperar estructura.;bajo;diario;media;PSY2_SRC009;El profesional debe adaptar la tarea a evaluación clínica, riesgo, edad, contexto, objetivos, preferencias y límites competenciales.
Hábitos, procrastinación y funcionamiento diario;Rutinas desorganizadas;Adultos/Adolescentes;medio;Fragmentación de tareas;Checklist de inicio de tarea;Antes de empezar: objetivo, primer paso, materiales y tiempo estimado.;Reducir fricción inicial.;bajo;diario;media;PSY2_SRC009;El profesional debe adaptar la tarea a evaluación clínica, riesgo, edad, contexto, objetivos, preferencias y límites competenciales.
Hábitos, procrastinación y funcionamiento diario;Rutinas desorganizadas;Adultos/Adolescentes;medio;Fragmentación de tareas;Tarea suficientemente buena;Entregar o terminar algo al 80% de perfección.;Reducir perfeccionismo.;medio;semanal;media;PSY2_SRC009;El profesional debe adaptar la tarea a evaluación clínica, riesgo, edad, contexto, objetivos, preferencias y límites competenciales.
Hábitos, procrastinación y funcionamiento diario;Rutinas desorganizadas;Adultos/Adolescentes;medio;Fragmentación de tareas;Primer paso de 5 minutos;Iniciar tarea evitada solo durante 5 minutos.;Romper evitación.;bajo;cuando proceda;media;PSY2_SRC009;El profesional debe adaptar la tarea a evaluación clínica, riesgo, edad, contexto, objetivos, preferencias y límites competenciales.
Hábitos, procrastinación y funcionamiento diario;Rutinas desorganizadas;Adultos/Adolescentes;medio;Gestión del tiempo;Bloques de trabajo con temporizador;Usar bloques breves con descanso planificado.;Mejorar adherencia y foco.;bajo;diario;media;PSY2_SRC009;El profesional debe adaptar la tarea a evaluación clínica, riesgo, edad, contexto, objetivos, preferencias y límites competenciales.
Hábitos, procrastinación y funcionamiento diario;Rutinas desorganizadas;Adultos/Adolescentes;medio;Prevención de recaídas;Plan de prevención de recaídas;Señales tempranas, estrategias, apoyos y plan de revisión.;Mantener avances.;bajo;mensual;media;PSY2_SRC009;El profesional debe adaptar la tarea a evaluación clínica, riesgo, edad, contexto, objetivos, preferencias y límites competenciales.
Hábitos, procrastinación y funcionamiento diario;Baja activación conductual;Adultos;medio;Activación conductual;Activación conductual semanal;Programar actividades de placer, dominio y conexión.;Aumentar refuerzo positivo.;bajo;semanal;alta;PSY2_SRC012;El profesional debe adaptar la tarea a evaluación clínica, riesgo, edad, contexto, objetivos, preferencias y límites competenciales.
Hábitos, procrastinación y funcionamiento diario;Baja activación conductual;Adultos;medio;Planificación externa;Registro diario de atención y distracciones;Anotar situación, distractor, duración y estrategia usada.;Detectar patrones atencionales.;bajo;7 días;media;PSY2_SRC012;El profesional debe adaptar la tarea a evaluación clínica, riesgo, edad, contexto, objetivos, preferencias y límites competenciales.
Hábitos, procrastinación y funcionamiento diario;Baja activación conductual;Adultos;medio;Planificación externa;Agenda externa semanal;Volcar citas, tareas, vencimientos y recordatorios en un sistema único.;Compensar memoria/organización.;bajo;semanal;media;PSY2_SRC012;El profesional debe adaptar la tarea a evaluación clínica, riesgo, edad, contexto, objetivos, preferencias y límites competenciales.
Hábitos, procrastinación y funcionamiento diario;Baja activación conductual;Adultos;medio;Planificación externa;Rutina mínima diaria;Definir mínimos de sueño, comida, higiene, movimiento y tarea clave.;Recuperar estructura.;bajo;diario;media;PSY2_SRC012;El profesional debe adaptar la tarea a evaluación clínica, riesgo, edad, contexto, objetivos, preferencias y límites competenciales.
Hábitos, procrastinación y funcionamiento diario;Baja activación conductual;Adultos;medio;Fragmentación de tareas;Checklist de inicio de tarea;Antes de empezar: objetivo, primer paso, materiales y tiempo estimado.;Reducir fricción inicial.;bajo;diario;media;PSY2_SRC012;El profesional debe adaptar la tarea a evaluación clínica, riesgo, edad, contexto, objetivos, preferencias y límites competenciales.
Hábitos, procrastinación y funcionamiento diario;Baja activación conductual;Adultos;medio;Fragmentación de tareas;Tarea suficientemente buena;Entregar o terminar algo al 80% de perfección.;Reducir perfeccionismo.;medio;semanal;media;PSY2_SRC012;El profesional debe adaptar la tarea a evaluación clínica, riesgo, edad, contexto, objetivos, preferencias y límites competenciales.
Hábitos, procrastinación y funcionamiento diario;Baja activación conductual;Adultos;medio;Fragmentación de tareas;Primer paso de 5 minutos;Iniciar tarea evitada solo durante 5 minutos.;Romper evitación.;bajo;cuando proceda;media;PSY2_SRC012;El profesional debe adaptar la tarea a evaluación clínica, riesgo, edad, contexto, objetivos, preferencias y límites competenciales.
Hábitos, procrastinación y funcionamiento diario;Baja activación conductual;Adultos;medio;Gestión del tiempo;Bloques de trabajo con temporizador;Usar bloques breves con descanso planificado.;Mejorar adherencia y foco.;bajo;diario;media;PSY2_SRC012;El profesional debe adaptar la tarea a evaluación clínica, riesgo, edad, contexto, objetivos, preferencias y límites competenciales.
Hábitos, procrastinación y funcionamiento diario;Baja activación conductual;Adultos;medio;Prevención de recaídas;Plan de prevención de recaídas;Señales tempranas, estrategias, apoyos y plan de revisión.;Mantener avances.;bajo;mensual;media;PSY2_SRC012;El profesional debe adaptar la tarea a evaluación clínica, riesgo, edad, contexto, objetivos, preferencias y límites competenciales.
Hábitos, procrastinación y funcionamiento diario;Dificultad de adherencia terapéutica;Adultos/Adolescentes;bajo;Activación conductual;Activación conductual semanal;Programar actividades de placer, dominio y conexión.;Aumentar refuerzo positivo.;bajo;semanal;alta;"PSY2_SRC001;PSY2_SRC009";El profesional debe adaptar la tarea a evaluación clínica, riesgo, edad, contexto, objetivos, preferencias y límites competenciales.
Hábitos, procrastinación y funcionamiento diario;Dificultad de adherencia terapéutica;Adultos/Adolescentes;bajo;Planificación externa;Registro diario de atención y distracciones;Anotar situación, distractor, duración y estrategia usada.;Detectar patrones atencionales.;bajo;7 días;media;"PSY2_SRC001;PSY2_SRC009";El profesional debe adaptar la tarea a evaluación clínica, riesgo, edad, contexto, objetivos, preferencias y límites competenciales.
Hábitos, procrastinación y funcionamiento diario;Dificultad de adherencia terapéutica;Adultos/Adolescentes;bajo;Planificación externa;Agenda externa semanal;Volcar citas, tareas, vencimientos y recordatorios en un sistema único.;Compensar memoria/organización.;bajo;semanal;media;"PSY2_SRC001;PSY2_SRC009";El profesional debe adaptar la tarea a evaluación clínica, riesgo, edad, contexto, objetivos, preferencias y límites competenciales.
Hábitos, procrastinación y funcionamiento diario;Dificultad de adherencia terapéutica;Adultos/Adolescentes;bajo;Planificación externa;Rutina mínima diaria;Definir mínimos de sueño, comida, higiene, movimiento y tarea clave.;Recuperar estructura.;bajo;diario;media;"PSY2_SRC001;PSY2_SRC009";El profesional debe adaptar la tarea a evaluación clínica, riesgo, edad, contexto, objetivos, preferencias y límites competenciales.
Hábitos, procrastinación y funcionamiento diario;Dificultad de adherencia terapéutica;Adultos/Adolescentes;bajo;Fragmentación de tareas;Checklist de inicio de tarea;Antes de empezar: objetivo, primer paso, materiales y tiempo estimado.;Reducir fricción inicial.;bajo;diario;media;"PSY2_SRC001;PSY2_SRC009";El profesional debe adaptar la tarea a evaluación clínica, riesgo, edad, contexto, objetivos, preferencias y límites competenciales.
Hábitos, procrastinación y funcionamiento diario;Dificultad de adherencia terapéutica;Adultos/Adolescentes;bajo;Fragmentación de tareas;Tarea suficientemente buena;Entregar o terminar algo al 80% de perfección.;Reducir perfeccionismo.;medio;semanal;media;"PSY2_SRC001;PSY2_SRC009";El profesional debe adaptar la tarea a evaluación clínica, riesgo, edad, contexto, objetivos, preferencias y límites competenciales.
Hábitos, procrastinación y funcionamiento diario;Dificultad de adherencia terapéutica;Adultos/Adolescentes;bajo;Fragmentación de tareas;Primer paso de 5 minutos;Iniciar tarea evitada solo durante 5 minutos.;Romper evitación.;bajo;cuando proceda;media;"PSY2_SRC001;PSY2_SRC009";El profesional debe adaptar la tarea a evaluación clínica, riesgo, edad, contexto, objetivos, preferencias y límites competenciales.
Hábitos, procrastinación y funcionamiento diario;Dificultad de adherencia terapéutica;Adultos/Adolescentes;bajo;Gestión del tiempo;Bloques de trabajo con temporizador;Usar bloques breves con descanso planificado.;Mejorar adherencia y foco.;bajo;diario;media;"PSY2_SRC001;PSY2_SRC009";El profesional debe adaptar la tarea a evaluación clínica, riesgo, edad, contexto, objetivos, preferencias y límites competenciales.
Hábitos, procrastinación y funcionamiento diario;Dificultad de adherencia terapéutica;Adultos/Adolescentes;bajo;Prevención de recaídas;Plan de prevención de recaídas;Señales tempranas, estrategias, apoyos y plan de revisión.;Mantener avances.;bajo;mensual;media;"PSY2_SRC001;PSY2_SRC009";El profesional debe adaptar la tarea a evaluación clínica, riesgo, edad, contexto, objetivos, preferencias y límites competenciales.
