AREA;PROBLEMA;ALIAS;RIESGO_PROBLEMA;TECNICA;TAREA;DESCRIPCION_TAREA;OBJETIVO;RIESGO_TAREA;DURACION;PRIORIDAD;FUENTE_IDS;NOTA_CLINICA
Ansiedad;Ansiedad generalizada;TAG / preocupación excesiva;medio;Psicoeducación;Leer explicación básica del problema;Leer una ficha psicoeducativa adaptada sobre el problema seleccionado.;Comprender el problema y reducir miedo o confusión inicial.;bajo;10-20 min;alta;"SRC001;SRC007;SRC008";El profesional debe adaptar la tarea al caso, fase terapéutica y nivel de riesgo.
Ansiedad;Ansiedad generalizada;TAG / preocupación excesiva;medio;Psicoeducación;Dibujar el ciclo del problema;Completar un esquema de ciclo: situación, pensamiento, emoción, sensación, conducta y consecuencia.;Identificar mecanismos de mantenimiento.;bajo;15-30 min;alta;"SRC001;SRC007;SRC008";El profesional debe adaptar la tarea al caso, fase terapéutica y nivel de riesgo.
Ansiedad;Ansiedad generalizada;TAG / preocupación excesiva;medio;Autorregistro;Registro diario de síntomas;Registrar intensidad, duración, situación y respuesta ante síntomas relevantes.;Aumentar conciencia y facilitar análisis clínico.;bajo;7 días;alta;"SRC001;SRC007;SRC008";El profesional debe adaptar la tarea al caso, fase terapéutica y nivel de riesgo.
Ansiedad;Ansiedad generalizada;TAG / preocupación excesiva;medio;Autorregistro;Registro de emociones;Anotar emoción, intensidad, desencadenante, pensamiento asociado y conducta realizada.;Mejorar identificación emocional.;bajo;7 días;media;"SRC001;SRC007;SRC008";El profesional debe adaptar la tarea al caso, fase terapéutica y nivel de riesgo.
Ansiedad;Ansiedad generalizada;TAG / preocupación excesiva;medio;Autorregistro;Registro de ataques de pánico;Registrar síntomas, pensamientos, conducta y evolución temporal de cada crisis.;Comprender patrón de pánico.;medio;cada episodio;media;"SRC001;SRC007;SRC008";El profesional debe adaptar la tarea al caso, fase terapéutica y nivel de riesgo.
Ansiedad;Ansiedad generalizada;TAG / preocupación excesiva;medio;Autorregistro;Registro de obsesiones y compulsiones;Anotar obsesión, ansiedad, compulsión, alivio y coste a largo plazo.;Identificar mapa TOC.;medio;7 días;media;"SRC001;SRC007;SRC008";El profesional debe adaptar la tarea al caso, fase terapéutica y nivel de riesgo.
Ansiedad;Ansiedad generalizada;TAG / preocupación excesiva;medio;Autorregistro;Registro de preocupaciones nocturnas;Anotar preocupaciones antes de dormir y posponer resolución al día siguiente.;Reducir rumiación nocturna.;bajo;7 días;media;"SRC001;SRC007;SRC008";El profesional debe adaptar la tarea al caso, fase terapéutica y nivel de riesgo.
Ansiedad;Ansiedad generalizada;TAG / preocupación excesiva;medio;Autorregistro;Registro de energía;Registrar actividades que consumen o recargan energía.;Detectar patrones de burnout.;bajo;7 días;media;"SRC001;SRC007;SRC008";El profesional debe adaptar la tarea al caso, fase terapéutica y nivel de riesgo.
Ansiedad;Ansiedad generalizada;TAG / preocupación excesiva;medio;Respiración diafragmática;Respiración diafragmática diaria;Practicar respiración lenta abdominal durante 10 minutos.;Reducir activación fisiológica.;bajo;10 min/día;alta;"SRC001;SRC007;SRC008";El profesional debe adaptar la tarea al caso, fase terapéutica y nivel de riesgo.
Ansiedad;Ansiedad generalizada;TAG / preocupación excesiva;medio;Respiración diafragmática;Plan personal ante crisis de pánico;Crear una tarjeta con pasos de afrontamiento durante una crisis.;Aumentar sensación de control.;bajo;20 min;media;"SRC001;SRC007;SRC008";El profesional debe adaptar la tarea al caso, fase terapéutica y nivel de riesgo.
Ansiedad;Ansiedad generalizada;TAG / preocupación excesiva;medio;Relajación muscular progresiva;Relajación muscular por grupos;Practicar tensión-distensión de grupos musculares siguiendo una guía.;Reducir tensión corporal.;bajo;15-20 min;media;"SRC001;SRC007;SRC008";El profesional debe adaptar la tarea al caso, fase terapéutica y nivel de riesgo.
Ansiedad;Ansiedad generalizada;TAG / preocupación excesiva;medio;Reestructuración cognitiva;Registro de pensamientos automáticos;Registrar situación, pensamiento, emoción, intensidad y respuesta alternativa.;Detectar patrones cognitivos.;bajo;7 días;alta;"SRC001;SRC007;SRC008";El profesional debe adaptar la tarea al caso, fase terapéutica y nivel de riesgo.
Ansiedad;Ansiedad generalizada;TAG / preocupación excesiva;medio;Reestructuración cognitiva;Evidencias a favor y en contra;Analizar un pensamiento automático buscando pruebas que lo apoyen y lo contradigan.;Flexibilizar interpretaciones.;medio;20-30 min;media;"SRC001;SRC007;SRC008";El profesional debe adaptar la tarea al caso, fase terapéutica y nivel de riesgo.
Ansiedad;Ansiedad generalizada;TAG / preocupación excesiva;medio;Reestructuración cognitiva;Pensamiento alternativo equilibrado;Formular una interpretación alternativa más realista y útil.;Reducir impacto emocional de pensamientos disfuncionales.;medio;15-20 min;media;"SRC001;SRC007;SRC008";El profesional debe adaptar la tarea al caso, fase terapéutica y nivel de riesgo.
Ansiedad;Ansiedad generalizada;TAG / preocupación excesiva;medio;Reestructuración cognitiva;Coste-beneficio del perfeccionismo;Analizar beneficios aparentes y costes reales de estándares rígidos.;Flexibilizar reglas internas.;bajo;30 min;media;"SRC001;SRC007;SRC008";El profesional debe adaptar la tarea al caso, fase terapéutica y nivel de riesgo.
Ansiedad;Ansiedad generalizada;TAG / preocupación excesiva;medio;Reestructuración cognitiva;Experimento conductual;Probar una predicción temida y comparar resultado esperado con real.;Actualizar creencias mediante experiencia.;medio;variable;media;"SRC001;SRC007;SRC008";El profesional debe adaptar la tarea al caso, fase terapéutica y nivel de riesgo.
Ansiedad;Ansiedad generalizada;TAG / preocupación excesiva;medio;Resolución de problemas;Hoja de resolución de problemas;Definir problema, alternativas, pros/contras, acción elegida y revisión.;Aumentar afrontamiento activo.;bajo;30-45 min;media;"SRC001;SRC007;SRC008";El profesional debe adaptar la tarea al caso, fase terapéutica y nivel de riesgo.
Ansiedad;Ansiedad generalizada;TAG / preocupación excesiva;medio;Mindfulness / atención plena;Pausa consciente de 3 minutos;Hacer una pausa breve observando respiración, cuerpo y entorno.;Interrumpir automatismos y bajar activación.;bajo;3 min;media;"SRC001;SRC007;SRC008";El profesional debe adaptar la tarea al caso, fase terapéutica y nivel de riesgo.
Ansiedad;Trastorno de pánico;Crisis de pánico;medio;Psicoeducación;Leer explicación básica del problema;Leer una ficha psicoeducativa adaptada sobre el problema seleccionado.;Comprender el problema y reducir miedo o confusión inicial.;bajo;10-20 min;alta;"SRC001;SRC007";El profesional debe adaptar la tarea al caso, fase terapéutica y nivel de riesgo.
Ansiedad;Trastorno de pánico;Crisis de pánico;medio;Psicoeducación;Dibujar el ciclo del problema;Completar un esquema de ciclo: situación, pensamiento, emoción, sensación, conducta y consecuencia.;Identificar mecanismos de mantenimiento.;bajo;15-30 min;alta;"SRC001;SRC007";El profesional debe adaptar la tarea al caso, fase terapéutica y nivel de riesgo.
Ansiedad;Trastorno de pánico;Crisis de pánico;medio;Autorregistro;Registro diario de síntomas;Registrar intensidad, duración, situación y respuesta ante síntomas relevantes.;Aumentar conciencia y facilitar análisis clínico.;bajo;7 días;alta;"SRC001;SRC007";El profesional debe adaptar la tarea al caso, fase terapéutica y nivel de riesgo.
Ansiedad;Trastorno de pánico;Crisis de pánico;medio;Autorregistro;Registro de emociones;Anotar emoción, intensidad, desencadenante, pensamiento asociado y conducta realizada.;Mejorar identificación emocional.;bajo;7 días;media;"SRC001;SRC007";El profesional debe adaptar la tarea al caso, fase terapéutica y nivel de riesgo.
Ansiedad;Trastorno de pánico;Crisis de pánico;medio;Autorregistro;Registro de ataques de pánico;Registrar síntomas, pensamientos, conducta y evolución temporal de cada crisis.;Comprender patrón de pánico.;medio;cada episodio;media;"SRC001;SRC007";El profesional debe adaptar la tarea al caso, fase terapéutica y nivel de riesgo.
Ansiedad;Trastorno de pánico;Crisis de pánico;medio;Autorregistro;Registro de obsesiones y compulsiones;Anotar obsesión, ansiedad, compulsión, alivio y coste a largo plazo.;Identificar mapa TOC.;medio;7 días;media;"SRC001;SRC007";El profesional debe adaptar la tarea al caso, fase terapéutica y nivel de riesgo.
Ansiedad;Trastorno de pánico;Crisis de pánico;medio;Autorregistro;Registro de preocupaciones nocturnas;Anotar preocupaciones antes de dormir y posponer resolución al día siguiente.;Reducir rumiación nocturna.;bajo;7 días;media;"SRC001;SRC007";El profesional debe adaptar la tarea al caso, fase terapéutica y nivel de riesgo.
Ansiedad;Trastorno de pánico;Crisis de pánico;medio;Autorregistro;Registro de energía;Registrar actividades que consumen o recargan energía.;Detectar patrones de burnout.;bajo;7 días;media;"SRC001;SRC007";El profesional debe adaptar la tarea al caso, fase terapéutica y nivel de riesgo.
Ansiedad;Trastorno de pánico;Crisis de pánico;medio;Respiración diafragmática;Respiración diafragmática diaria;Practicar respiración lenta abdominal durante 10 minutos.;Reducir activación fisiológica.;bajo;10 min/día;alta;"SRC001;SRC007";El profesional debe adaptar la tarea al caso, fase terapéutica y nivel de riesgo.
Ansiedad;Trastorno de pánico;Crisis de pánico;medio;Respiración diafragmática;Plan personal ante crisis de pánico;Crear una tarjeta con pasos de afrontamiento durante una crisis.;Aumentar sensación de control.;bajo;20 min;media;"SRC001;SRC007";El profesional debe adaptar la tarea al caso, fase terapéutica y nivel de riesgo.
Ansiedad;Trastorno de pánico;Crisis de pánico;medio;Reestructuración cognitiva;Registro de pensamientos automáticos;Registrar situación, pensamiento, emoción, intensidad y respuesta alternativa.;Detectar patrones cognitivos.;bajo;7 días;alta;"SRC001;SRC007";El profesional debe adaptar la tarea al caso, fase terapéutica y nivel de riesgo.
Ansiedad;Trastorno de pánico;Crisis de pánico;medio;Reestructuración cognitiva;Evidencias a favor y en contra;Analizar un pensamiento automático buscando pruebas que lo apoyen y lo contradigan.;Flexibilizar interpretaciones.;medio;20-30 min;media;"SRC001;SRC007";El profesional debe adaptar la tarea al caso, fase terapéutica y nivel de riesgo.
Ansiedad;Trastorno de pánico;Crisis de pánico;medio;Reestructuración cognitiva;Pensamiento alternativo equilibrado;Formular una interpretación alternativa más realista y útil.;Reducir impacto emocional de pensamientos disfuncionales.;medio;15-20 min;media;"SRC001;SRC007";El profesional debe adaptar la tarea al caso, fase terapéutica y nivel de riesgo.
Ansiedad;Trastorno de pánico;Crisis de pánico;medio;Reestructuración cognitiva;Coste-beneficio del perfeccionismo;Analizar beneficios aparentes y costes reales de estándares rígidos.;Flexibilizar reglas internas.;bajo;30 min;media;"SRC001;SRC007";El profesional debe adaptar la tarea al caso, fase terapéutica y nivel de riesgo.
Ansiedad;Trastorno de pánico;Crisis de pánico;medio;Reestructuración cognitiva;Experimento conductual;Probar una predicción temida y comparar resultado esperado con real.;Actualizar creencias mediante experiencia.;medio;variable;media;"SRC001;SRC007";El profesional debe adaptar la tarea al caso, fase terapéutica y nivel de riesgo.
Ansiedad;Trastorno de pánico;Crisis de pánico;medio;Exposición interoceptiva;Exposición interoceptiva supervisada;Practicar ejercicios que provoquen sensaciones físicas temidas bajo indicación clínica.;Reducir miedo a sensaciones corporales.;alto;supervisado;media;"SRC001;SRC007";El profesional debe adaptar la tarea al caso, fase terapéutica y nivel de riesgo.
Ansiedad;Trastorno de pánico;Crisis de pánico;medio;Grounding;Grounding 5-4-3-2-1;Nombrar 5 cosas que ve, 4 que siente, 3 que oye, 2 que huele, 1 que saborea.;Anclarse al presente.;bajo;3-5 min;media;"SRC001;SRC007";El profesional debe adaptar la tarea al caso, fase terapéutica y nivel de riesgo.
Ansiedad;Trastorno de pánico;Crisis de pánico;medio;Prevención de recaídas;Plan de prevención de recaídas;Identificar señales tempranas, acciones preventivas y apoyos.;Mantener mejoría y actuar pronto.;bajo;45 min;alta;"SRC001;SRC007";El profesional debe adaptar la tarea al caso, fase terapéutica y nivel de riesgo.
Ansiedad;Agorafobia;Miedo a lugares o situaciones difíciles de escapar;medio;Psicoeducación;Leer explicación básica del problema;Leer una ficha psicoeducativa adaptada sobre el problema seleccionado.;Comprender el problema y reducir miedo o confusión inicial.;bajo;10-20 min;alta;"SRC001;SRC007";El profesional debe adaptar la tarea al caso, fase terapéutica y nivel de riesgo.
Ansiedad;Agorafobia;Miedo a lugares o situaciones difíciles de escapar;medio;Psicoeducación;Dibujar el ciclo del problema;Completar un esquema de ciclo: situación, pensamiento, emoción, sensación, conducta y consecuencia.;Identificar mecanismos de mantenimiento.;bajo;15-30 min;alta;"SRC001;SRC007";El profesional debe adaptar la tarea al caso, fase terapéutica y nivel de riesgo.
Ansiedad;Agorafobia;Miedo a lugares o situaciones difíciles de escapar;medio;Autorregistro;Registro diario de síntomas;Registrar intensidad, duración, situación y respuesta ante síntomas relevantes.;Aumentar conciencia y facilitar análisis clínico.;bajo;7 días;alta;"SRC001;SRC007";El profesional debe adaptar la tarea al caso, fase terapéutica y nivel de riesgo.
Ansiedad;Agorafobia;Miedo a lugares o situaciones difíciles de escapar;medio;Autorregistro;Registro de emociones;Anotar emoción, intensidad, desencadenante, pensamiento asociado y conducta realizada.;Mejorar identificación emocional.;bajo;7 días;media;"SRC001;SRC007";El profesional debe adaptar la tarea al caso, fase terapéutica y nivel de riesgo.
Ansiedad;Agorafobia;Miedo a lugares o situaciones difíciles de escapar;medio;Autorregistro;Registro de ataques de pánico;Registrar síntomas, pensamientos, conducta y evolución temporal de cada crisis.;Comprender patrón de pánico.;medio;cada episodio;media;"SRC001;SRC007";El profesional debe adaptar la tarea al caso, fase terapéutica y nivel de riesgo.
Ansiedad;Agorafobia;Miedo a lugares o situaciones difíciles de escapar;medio;Autorregistro;Registro de obsesiones y compulsiones;Anotar obsesión, ansiedad, compulsión, alivio y coste a largo plazo.;Identificar mapa TOC.;medio;7 días;media;"SRC001;SRC007";El profesional debe adaptar la tarea al caso, fase terapéutica y nivel de riesgo.
Ansiedad;Agorafobia;Miedo a lugares o situaciones difíciles de escapar;medio;Autorregistro;Registro de preocupaciones nocturnas;Anotar preocupaciones antes de dormir y posponer resolución al día siguiente.;Reducir rumiación nocturna.;bajo;7 días;media;"SRC001;SRC007";El profesional debe adaptar la tarea al caso, fase terapéutica y nivel de riesgo.
Ansiedad;Agorafobia;Miedo a lugares o situaciones difíciles de escapar;medio;Autorregistro;Registro de energía;Registrar actividades que consumen o recargan energía.;Detectar patrones de burnout.;bajo;7 días;media;"SRC001;SRC007";El profesional debe adaptar la tarea al caso, fase terapéutica y nivel de riesgo.
Ansiedad;Agorafobia;Miedo a lugares o situaciones difíciles de escapar;medio;Respiración diafragmática;Respiración diafragmática diaria;Practicar respiración lenta abdominal durante 10 minutos.;Reducir activación fisiológica.;bajo;10 min/día;alta;"SRC001;SRC007";El profesional debe adaptar la tarea al caso, fase terapéutica y nivel de riesgo.
Ansiedad;Agorafobia;Miedo a lugares o situaciones difíciles de escapar;medio;Respiración diafragmática;Plan personal ante crisis de pánico;Crear una tarjeta con pasos de afrontamiento durante una crisis.;Aumentar sensación de control.;bajo;20 min;media;"SRC001;SRC007";El profesional debe adaptar la tarea al caso, fase terapéutica y nivel de riesgo.
Ansiedad;Agorafobia;Miedo a lugares o situaciones difíciles de escapar;medio;Reestructuración cognitiva;Registro de pensamientos automáticos;Registrar situación, pensamiento, emoción, intensidad y respuesta alternativa.;Detectar patrones cognitivos.;bajo;7 días;alta;"SRC001;SRC007";El profesional debe adaptar la tarea al caso, fase terapéutica y nivel de riesgo.
Ansiedad;Agorafobia;Miedo a lugares o situaciones difíciles de escapar;medio;Reestructuración cognitiva;Evidencias a favor y en contra;Analizar un pensamiento automático buscando pruebas que lo apoyen y lo contradigan.;Flexibilizar interpretaciones.;medio;20-30 min;media;"SRC001;SRC007";El profesional debe adaptar la tarea al caso, fase terapéutica y nivel de riesgo.
Ansiedad;Agorafobia;Miedo a lugares o situaciones difíciles de escapar;medio;Reestructuración cognitiva;Pensamiento alternativo equilibrado;Formular una interpretación alternativa más realista y útil.;Reducir impacto emocional de pensamientos disfuncionales.;medio;15-20 min;media;"SRC001;SRC007";El profesional debe adaptar la tarea al caso, fase terapéutica y nivel de riesgo.
Ansiedad;Agorafobia;Miedo a lugares o situaciones difíciles de escapar;medio;Reestructuración cognitiva;Coste-beneficio del perfeccionismo;Analizar beneficios aparentes y costes reales de estándares rígidos.;Flexibilizar reglas internas.;bajo;30 min;media;"SRC001;SRC007";El profesional debe adaptar la tarea al caso, fase terapéutica y nivel de riesgo.
Ansiedad;Agorafobia;Miedo a lugares o situaciones difíciles de escapar;medio;Reestructuración cognitiva;Experimento conductual;Probar una predicción temida y comparar resultado esperado con real.;Actualizar creencias mediante experiencia.;medio;variable;media;"SRC001;SRC007";El profesional debe adaptar la tarea al caso, fase terapéutica y nivel de riesgo.
Ansiedad;Agorafobia;Miedo a lugares o situaciones difíciles de escapar;medio;Exposición gradual;Jerarquía de exposición;Crear lista graduada de situaciones temidas de menor a mayor dificultad.;Preparar exposición gradual.;medio;30-45 min;alta;"SRC001;SRC007";El profesional debe adaptar la tarea al caso, fase terapéutica y nivel de riesgo.
Ansiedad;Agorafobia;Miedo a lugares o situaciones difíciles de escapar;medio;Exposición gradual;Exposición gradual planificada;Realizar una exposición acordada, registrando ansiedad inicial, máxima y final.;Reducir evitación y habituar/actualizar aprendizaje.;medio;variable;media;"SRC001;SRC007";El profesional debe adaptar la tarea al caso, fase terapéutica y nivel de riesgo.
Ansiedad;Agorafobia;Miedo a lugares o situaciones difíciles de escapar;medio;Exposición gradual;Prevención de evitación sutil;Identificar conductas de seguridad y reducir una de forma acordada.;Reducir mantenimiento de ansiedad.;medio;7 días;media;"SRC001;SRC007";El profesional debe adaptar la tarea al caso, fase terapéutica y nivel de riesgo.
Ansiedad;Ansiedad social;Fobia social;medio;Psicoeducación;Leer explicación básica del problema;Leer una ficha psicoeducativa adaptada sobre el problema seleccionado.;Comprender el problema y reducir miedo o confusión inicial.;bajo;10-20 min;alta;SRC004;El profesional debe adaptar la tarea al caso, fase terapéutica y nivel de riesgo.
Ansiedad;Ansiedad social;Fobia social;medio;Psicoeducación;Dibujar el ciclo del problema;Completar un esquema de ciclo: situación, pensamiento, emoción, sensación, conducta y consecuencia.;Identificar mecanismos de mantenimiento.;bajo;15-30 min;alta;SRC004;El profesional debe adaptar la tarea al caso, fase terapéutica y nivel de riesgo.
Ansiedad;Ansiedad social;Fobia social;medio;Autorregistro;Registro diario de síntomas;Registrar intensidad, duración, situación y respuesta ante síntomas relevantes.;Aumentar conciencia y facilitar análisis clínico.;bajo;7 días;alta;SRC004;El profesional debe adaptar la tarea al caso, fase terapéutica y nivel de riesgo.
Ansiedad;Ansiedad social;Fobia social;medio;Autorregistro;Registro de emociones;Anotar emoción, intensidad, desencadenante, pensamiento asociado y conducta realizada.;Mejorar identificación emocional.;bajo;7 días;media;SRC004;El profesional debe adaptar la tarea al caso, fase terapéutica y nivel de riesgo.
Ansiedad;Ansiedad social;Fobia social;medio;Autorregistro;Registro de ataques de pánico;Registrar síntomas, pensamientos, conducta y evolución temporal de cada crisis.;Comprender patrón de pánico.;medio;cada episodio;media;SRC004;El profesional debe adaptar la tarea al caso, fase terapéutica y nivel de riesgo.
Ansiedad;Ansiedad social;Fobia social;medio;Autorregistro;Registro de obsesiones y compulsiones;Anotar obsesión, ansiedad, compulsión, alivio y coste a largo plazo.;Identificar mapa TOC.;medio;7 días;media;SRC004;El profesional debe adaptar la tarea al caso, fase terapéutica y nivel de riesgo.
Ansiedad;Ansiedad social;Fobia social;medio;Autorregistro;Registro de preocupaciones nocturnas;Anotar preocupaciones antes de dormir y posponer resolución al día siguiente.;Reducir rumiación nocturna.;bajo;7 días;media;SRC004;El profesional debe adaptar la tarea al caso, fase terapéutica y nivel de riesgo.
Ansiedad;Ansiedad social;Fobia social;medio;Autorregistro;Registro de energía;Registrar actividades que consumen o recargan energía.;Detectar patrones de burnout.;bajo;7 días;media;SRC004;El profesional debe adaptar la tarea al caso, fase terapéutica y nivel de riesgo.
Ansiedad;Ansiedad social;Fobia social;medio;Reestructuración cognitiva;Registro de pensamientos automáticos;Registrar situación, pensamiento, emoción, intensidad y respuesta alternativa.;Detectar patrones cognitivos.;bajo;7 días;alta;SRC004;El profesional debe adaptar la tarea al caso, fase terapéutica y nivel de riesgo.
Ansiedad;Ansiedad social;Fobia social;medio;Reestructuración cognitiva;Evidencias a favor y en contra;Analizar un pensamiento automático buscando pruebas que lo apoyen y lo contradigan.;Flexibilizar interpretaciones.;medio;20-30 min;media;SRC004;El profesional debe adaptar la tarea al caso, fase terapéutica y nivel de riesgo.
Ansiedad;Ansiedad social;Fobia social;medio;Reestructuración cognitiva;Pensamiento alternativo equilibrado;Formular una interpretación alternativa más realista y útil.;Reducir impacto emocional de pensamientos disfuncionales.;medio;15-20 min;media;SRC004;El profesional debe adaptar la tarea al caso, fase terapéutica y nivel de riesgo.
Ansiedad;Ansiedad social;Fobia social;medio;Reestructuración cognitiva;Coste-beneficio del perfeccionismo;Analizar beneficios aparentes y costes reales de estándares rígidos.;Flexibilizar reglas internas.;bajo;30 min;media;SRC004;El profesional debe adaptar la tarea al caso, fase terapéutica y nivel de riesgo.
Ansiedad;Ansiedad social;Fobia social;medio;Reestructuración cognitiva;Experimento conductual;Probar una predicción temida y comparar resultado esperado con real.;Actualizar creencias mediante experiencia.;medio;variable;media;SRC004;El profesional debe adaptar la tarea al caso, fase terapéutica y nivel de riesgo.
Ansiedad;Ansiedad social;Fobia social;medio;Exposición gradual;Jerarquía de exposición;Crear lista graduada de situaciones temidas de menor a mayor dificultad.;Preparar exposición gradual.;medio;30-45 min;alta;SRC004;El profesional debe adaptar la tarea al caso, fase terapéutica y nivel de riesgo.
Ansiedad;Ansiedad social;Fobia social;medio;Exposición gradual;Exposición gradual planificada;Realizar una exposición acordada, registrando ansiedad inicial, máxima y final.;Reducir evitación y habituar/actualizar aprendizaje.;medio;variable;media;SRC004;El profesional debe adaptar la tarea al caso, fase terapéutica y nivel de riesgo.
Ansiedad;Ansiedad social;Fobia social;medio;Exposición gradual;Prevención de evitación sutil;Identificar conductas de seguridad y reducir una de forma acordada.;Reducir mantenimiento de ansiedad.;medio;7 días;media;SRC004;El profesional debe adaptar la tarea al caso, fase terapéutica y nivel de riesgo.
Ansiedad;Ansiedad social;Fobia social;medio;Exposición gradual;Exposición a imperfección pequeña;Realizar una tarea deliberadamente suficientemente buena, no perfecta.;Aumentar tolerancia al error.;medio;7 días;media;SRC004;El profesional debe adaptar la tarea al caso, fase terapéutica y nivel de riesgo.
Ansiedad;Ansiedad social;Fobia social;medio;Asertividad;Practicar decir no;Ensayar una frase asertiva para rechazar una petición no deseada.;Aumentar asertividad.;bajo;15-30 min;media;SRC004;El profesional debe adaptar la tarea al caso, fase terapéutica y nivel de riesgo.
Ansiedad;Fobia específica;Miedo específico;bajo;Psicoeducación;Leer explicación básica del problema;Leer una ficha psicoeducativa adaptada sobre el problema seleccionado.;Comprender el problema y reducir miedo o confusión inicial.;bajo;10-20 min;alta;"SRC007;SRC010";El profesional debe adaptar la tarea al caso, fase terapéutica y nivel de riesgo.
Ansiedad;Fobia específica;Miedo específico;bajo;Psicoeducación;Dibujar el ciclo del problema;Completar un esquema de ciclo: situación, pensamiento, emoción, sensación, conducta y consecuencia.;Identificar mecanismos de mantenimiento.;bajo;15-30 min;alta;"SRC007;SRC010";El profesional debe adaptar la tarea al caso, fase terapéutica y nivel de riesgo.
Ansiedad;Fobia específica;Miedo específico;bajo;Autorregistro;Registro diario de síntomas;Registrar intensidad, duración, situación y respuesta ante síntomas relevantes.;Aumentar conciencia y facilitar análisis clínico.;bajo;7 días;alta;"SRC007;SRC010";El profesional debe adaptar la tarea al caso, fase terapéutica y nivel de riesgo.
Ansiedad;Fobia específica;Miedo específico;bajo;Autorregistro;Registro de emociones;Anotar emoción, intensidad, desencadenante, pensamiento asociado y conducta realizada.;Mejorar identificación emocional.;bajo;7 días;media;"SRC007;SRC010";El profesional debe adaptar la tarea al caso, fase terapéutica y nivel de riesgo.
Ansiedad;Fobia específica;Miedo específico;bajo;Autorregistro;Registro de ataques de pánico;Registrar síntomas, pensamientos, conducta y evolución temporal de cada crisis.;Comprender patrón de pánico.;medio;cada episodio;media;"SRC007;SRC010";El profesional debe adaptar la tarea al caso, fase terapéutica y nivel de riesgo.
Ansiedad;Fobia específica;Miedo específico;bajo;Autorregistro;Registro de obsesiones y compulsiones;Anotar obsesión, ansiedad, compulsión, alivio y coste a largo plazo.;Identificar mapa TOC.;medio;7 días;media;"SRC007;SRC010";El profesional debe adaptar la tarea al caso, fase terapéutica y nivel de riesgo.
Ansiedad;Fobia específica;Miedo específico;bajo;Autorregistro;Registro de preocupaciones nocturnas;Anotar preocupaciones antes de dormir y posponer resolución al día siguiente.;Reducir rumiación nocturna.;bajo;7 días;media;"SRC007;SRC010";El profesional debe adaptar la tarea al caso, fase terapéutica y nivel de riesgo.
Ansiedad;Fobia específica;Miedo específico;bajo;Autorregistro;Registro de energía;Registrar actividades que consumen o recargan energía.;Detectar patrones de burnout.;bajo;7 días;media;"SRC007;SRC010";El profesional debe adaptar la tarea al caso, fase terapéutica y nivel de riesgo.
Ansiedad;Fobia específica;Miedo específico;bajo;Exposición gradual;Jerarquía de exposición;Crear lista graduada de situaciones temidas de menor a mayor dificultad.;Preparar exposición gradual.;medio;30-45 min;alta;"SRC007;SRC010";El profesional debe adaptar la tarea al caso, fase terapéutica y nivel de riesgo.
Ansiedad;Fobia específica;Miedo específico;bajo;Exposición gradual;Exposición gradual planificada;Realizar una exposición acordada, registrando ansiedad inicial, máxima y final.;Reducir evitación y habituar/actualizar aprendizaje.;medio;variable;media;"SRC007;SRC010";El profesional debe adaptar la tarea al caso, fase terapéutica y nivel de riesgo.
Ansiedad;Fobia específica;Miedo específico;bajo;Exposición gradual;Prevención de evitación sutil;Identificar conductas de seguridad y reducir una de forma acordada.;Reducir mantenimiento de ansiedad.;medio;7 días;media;"SRC007;SRC010";El profesional debe adaptar la tarea al caso, fase terapéutica y nivel de riesgo.
Ansiedad;Fobia específica;Miedo específico;bajo;Exposición gradual;Exposición a imperfección pequeña;Realizar una tarea deliberadamente suficientemente buena, no perfecta.;Aumentar tolerancia al error.;medio;7 días;media;"SRC007;SRC010";El profesional debe adaptar la tarea al caso, fase terapéutica y nivel de riesgo.
Ansiedad;Fobia específica;Miedo específico;bajo;Reestructuración cognitiva;Registro de pensamientos automáticos;Registrar situación, pensamiento, emoción, intensidad y respuesta alternativa.;Detectar patrones cognitivos.;bajo;7 días;alta;"SRC007;SRC010";El profesional debe adaptar la tarea al caso, fase terapéutica y nivel de riesgo.
Ansiedad;Fobia específica;Miedo específico;bajo;Reestructuración cognitiva;Evidencias a favor y en contra;Analizar un pensamiento automático buscando pruebas que lo apoyen y lo contradigan.;Flexibilizar interpretaciones.;medio;20-30 min;media;"SRC007;SRC010";El profesional debe adaptar la tarea al caso, fase terapéutica y nivel de riesgo.
Ansiedad;Fobia específica;Miedo específico;bajo;Reestructuración cognitiva;Pensamiento alternativo equilibrado;Formular una interpretación alternativa más realista y útil.;Reducir impacto emocional de pensamientos disfuncionales.;medio;15-20 min;media;"SRC007;SRC010";El profesional debe adaptar la tarea al caso, fase terapéutica y nivel de riesgo.
Ansiedad;Fobia específica;Miedo específico;bajo;Reestructuración cognitiva;Coste-beneficio del perfeccionismo;Analizar beneficios aparentes y costes reales de estándares rígidos.;Flexibilizar reglas internas.;bajo;30 min;media;"SRC007;SRC010";El profesional debe adaptar la tarea al caso, fase terapéutica y nivel de riesgo.
Ansiedad;Fobia específica;Miedo específico;bajo;Reestructuración cognitiva;Experimento conductual;Probar una predicción temida y comparar resultado esperado con real.;Actualizar creencias mediante experiencia.;medio;variable;media;"SRC007;SRC010";El profesional debe adaptar la tarea al caso, fase terapéutica y nivel de riesgo.
Ansiedad;Fobia específica;Miedo específico;bajo;Prevención de recaídas;Plan de prevención de recaídas;Identificar señales tempranas, acciones preventivas y apoyos.;Mantener mejoría y actuar pronto.;bajo;45 min;alta;"SRC007;SRC010";El profesional debe adaptar la tarea al caso, fase terapéutica y nivel de riesgo.
Ansiedad;Ansiedad por la salud;Hipocondría / preocupación por enfermedad;medio;Psicoeducación;Leer explicación básica del problema;Leer una ficha psicoeducativa adaptada sobre el problema seleccionado.;Comprender el problema y reducir miedo o confusión inicial.;bajo;10-20 min;alta;SRC010;El profesional debe adaptar la tarea al caso, fase terapéutica y nivel de riesgo.
Ansiedad;Ansiedad por la salud;Hipocondría / preocupación por enfermedad;medio;Psicoeducación;Dibujar el ciclo del problema;Completar un esquema de ciclo: situación, pensamiento, emoción, sensación, conducta y consecuencia.;Identificar mecanismos de mantenimiento.;bajo;15-30 min;alta;SRC010;El profesional debe adaptar la tarea al caso, fase terapéutica y nivel de riesgo.
Ansiedad;Ansiedad por la salud;Hipocondría / preocupación por enfermedad;medio;Autorregistro;Registro diario de síntomas;Registrar intensidad, duración, situación y respuesta ante síntomas relevantes.;Aumentar conciencia y facilitar análisis clínico.;bajo;7 días;alta;SRC010;El profesional debe adaptar la tarea al caso, fase terapéutica y nivel de riesgo.
Ansiedad;Ansiedad por la salud;Hipocondría / preocupación por enfermedad;medio;Autorregistro;Registro de emociones;Anotar emoción, intensidad, desencadenante, pensamiento asociado y conducta realizada.;Mejorar identificación emocional.;bajo;7 días;media;SRC010;El profesional debe adaptar la tarea al caso, fase terapéutica y nivel de riesgo.
Ansiedad;Ansiedad por la salud;Hipocondría / preocupación por enfermedad;medio;Autorregistro;Registro de ataques de pánico;Registrar síntomas, pensamientos, conducta y evolución temporal de cada crisis.;Comprender patrón de pánico.;medio;cada episodio;media;SRC010;El profesional debe adaptar la tarea al caso, fase terapéutica y nivel de riesgo.
Ansiedad;Ansiedad por la salud;Hipocondría / preocupación por enfermedad;medio;Autorregistro;Registro de obsesiones y compulsiones;Anotar obsesión, ansiedad, compulsión, alivio y coste a largo plazo.;Identificar mapa TOC.;medio;7 días;media;SRC010;El profesional debe adaptar la tarea al caso, fase terapéutica y nivel de riesgo.
Ansiedad;Ansiedad por la salud;Hipocondría / preocupación por enfermedad;medio;Autorregistro;Registro de preocupaciones nocturnas;Anotar preocupaciones antes de dormir y posponer resolución al día siguiente.;Reducir rumiación nocturna.;bajo;7 días;media;SRC010;El profesional debe adaptar la tarea al caso, fase terapéutica y nivel de riesgo.
Ansiedad;Ansiedad por la salud;Hipocondría / preocupación por enfermedad;medio;Autorregistro;Registro de energía;Registrar actividades que consumen o recargan energía.;Detectar patrones de burnout.;bajo;7 días;media;SRC010;El profesional debe adaptar la tarea al caso, fase terapéutica y nivel de riesgo.
Ansiedad;Ansiedad por la salud;Hipocondría / preocupación por enfermedad;medio;Reestructuración cognitiva;Registro de pensamientos automáticos;Registrar situación, pensamiento, emoción, intensidad y respuesta alternativa.;Detectar patrones cognitivos.;bajo;7 días;alta;SRC010;El profesional debe adaptar la tarea al caso, fase terapéutica y nivel de riesgo.
Ansiedad;Ansiedad por la salud;Hipocondría / preocupación por enfermedad;medio;Reestructuración cognitiva;Evidencias a favor y en contra;Analizar un pensamiento automático buscando pruebas que lo apoyen y lo contradigan.;Flexibilizar interpretaciones.;medio;20-30 min;media;SRC010;El profesional debe adaptar la tarea al caso, fase terapéutica y nivel de riesgo.
Ansiedad;Ansiedad por la salud;Hipocondría / preocupación por enfermedad;medio;Reestructuración cognitiva;Pensamiento alternativo equilibrado;Formular una interpretación alternativa más realista y útil.;Reducir impacto emocional de pensamientos disfuncionales.;medio;15-20 min;media;SRC010;El profesional debe adaptar la tarea al caso, fase terapéutica y nivel de riesgo.
Ansiedad;Ansiedad por la salud;Hipocondría / preocupación por enfermedad;medio;Reestructuración cognitiva;Coste-beneficio del perfeccionismo;Analizar beneficios aparentes y costes reales de estándares rígidos.;Flexibilizar reglas internas.;bajo;30 min;media;SRC010;El profesional debe adaptar la tarea al caso, fase terapéutica y nivel de riesgo.
Ansiedad;Ansiedad por la salud;Hipocondría / preocupación por enfermedad;medio;Reestructuración cognitiva;Experimento conductual;Probar una predicción temida y comparar resultado esperado con real.;Actualizar creencias mediante experiencia.;medio;variable;media;SRC010;El profesional debe adaptar la tarea al caso, fase terapéutica y nivel de riesgo.
Ansiedad;Ansiedad por la salud;Hipocondría / preocupación por enfermedad;medio;Exposición gradual;Jerarquía de exposición;Crear lista graduada de situaciones temidas de menor a mayor dificultad.;Preparar exposición gradual.;medio;30-45 min;alta;SRC010;El profesional debe adaptar la tarea al caso, fase terapéutica y nivel de riesgo.
Ansiedad;Ansiedad por la salud;Hipocondría / preocupación por enfermedad;medio;Exposición gradual;Exposición gradual planificada;Realizar una exposición acordada, registrando ansiedad inicial, máxima y final.;Reducir evitación y habituar/actualizar aprendizaje.;medio;variable;media;SRC010;El profesional debe adaptar la tarea al caso, fase terapéutica y nivel de riesgo.
Ansiedad;Ansiedad por la salud;Hipocondría / preocupación por enfermedad;medio;Exposición gradual;Prevención de evitación sutil;Identificar conductas de seguridad y reducir una de forma acordada.;Reducir mantenimiento de ansiedad.;medio;7 días;media;SRC010;El profesional debe adaptar la tarea al caso, fase terapéutica y nivel de riesgo.
Ansiedad;Ansiedad por la salud;Hipocondría / preocupación por enfermedad;medio;Exposición gradual;Exposición a imperfección pequeña;Realizar una tarea deliberadamente suficientemente buena, no perfecta.;Aumentar tolerancia al error.;medio;7 días;media;SRC010;El profesional debe adaptar la tarea al caso, fase terapéutica y nivel de riesgo.
Ansiedad;Ansiedad por la salud;Hipocondría / preocupación por enfermedad;medio;Mindfulness / atención plena;Pausa consciente de 3 minutos;Hacer una pausa breve observando respiración, cuerpo y entorno.;Interrumpir automatismos y bajar activación.;bajo;3 min;media;SRC010;El profesional debe adaptar la tarea al caso, fase terapéutica y nivel de riesgo.
Ansiedad;TOC;Trastorno obsesivo-compulsivo;alto;Psicoeducación;Leer explicación básica del problema;Leer una ficha psicoeducativa adaptada sobre el problema seleccionado.;Comprender el problema y reducir miedo o confusión inicial.;bajo;10-20 min;alta;"SRC003;SRC011";El profesional debe adaptar la tarea al caso, fase terapéutica y nivel de riesgo.
Ansiedad;TOC;Trastorno obsesivo-compulsivo;alto;Psicoeducación;Dibujar el ciclo del problema;Completar un esquema de ciclo: situación, pensamiento, emoción, sensación, conducta y consecuencia.;Identificar mecanismos de mantenimiento.;bajo;15-30 min;alta;"SRC003;SRC011";El profesional debe adaptar la tarea al caso, fase terapéutica y nivel de riesgo.
Ansiedad;TOC;Trastorno obsesivo-compulsivo;alto;Autorregistro;Registro diario de síntomas;Registrar intensidad, duración, situación y respuesta ante síntomas relevantes.;Aumentar conciencia y facilitar análisis clínico.;bajo;7 días;alta;"SRC003;SRC011";El profesional debe adaptar la tarea al caso, fase terapéutica y nivel de riesgo.
Ansiedad;TOC;Trastorno obsesivo-compulsivo;alto;Autorregistro;Registro de emociones;Anotar emoción, intensidad, desencadenante, pensamiento asociado y conducta realizada.;Mejorar identificación emocional.;bajo;7 días;media;"SRC003;SRC011";El profesional debe adaptar la tarea al caso, fase terapéutica y nivel de riesgo.
Ansiedad;TOC;Trastorno obsesivo-compulsivo;alto;Autorregistro;Registro de ataques de pánico;Registrar síntomas, pensamientos, conducta y evolución temporal de cada crisis.;Comprender patrón de pánico.;medio;cada episodio;media;"SRC003;SRC011";El profesional debe adaptar la tarea al caso, fase terapéutica y nivel de riesgo.
Ansiedad;TOC;Trastorno obsesivo-compulsivo;alto;Autorregistro;Registro de obsesiones y compulsiones;Anotar obsesión, ansiedad, compulsión, alivio y coste a largo plazo.;Identificar mapa TOC.;medio;7 días;media;"SRC003;SRC011";El profesional debe adaptar la tarea al caso, fase terapéutica y nivel de riesgo.
Ansiedad;TOC;Trastorno obsesivo-compulsivo;alto;Autorregistro;Registro de preocupaciones nocturnas;Anotar preocupaciones antes de dormir y posponer resolución al día siguiente.;Reducir rumiación nocturna.;bajo;7 días;media;"SRC003;SRC011";El profesional debe adaptar la tarea al caso, fase terapéutica y nivel de riesgo.
Ansiedad;TOC;Trastorno obsesivo-compulsivo;alto;Autorregistro;Registro de energía;Registrar actividades que consumen o recargan energía.;Detectar patrones de burnout.;bajo;7 días;media;"SRC003;SRC011";El profesional debe adaptar la tarea al caso, fase terapéutica y nivel de riesgo.
Ansiedad;TOC;Trastorno obsesivo-compulsivo;alto;Reestructuración cognitiva;Registro de pensamientos automáticos;Registrar situación, pensamiento, emoción, intensidad y respuesta alternativa.;Detectar patrones cognitivos.;bajo;7 días;alta;"SRC003;SRC011";El profesional debe adaptar la tarea al caso, fase terapéutica y nivel de riesgo.
Ansiedad;TOC;Trastorno obsesivo-compulsivo;alto;Reestructuración cognitiva;Evidencias a favor y en contra;Analizar un pensamiento automático buscando pruebas que lo apoyen y lo contradigan.;Flexibilizar interpretaciones.;medio;20-30 min;media;"SRC003;SRC011";El profesional debe adaptar la tarea al caso, fase terapéutica y nivel de riesgo.
Ansiedad;TOC;Trastorno obsesivo-compulsivo;alto;Reestructuración cognitiva;Pensamiento alternativo equilibrado;Formular una interpretación alternativa más realista y útil.;Reducir impacto emocional de pensamientos disfuncionales.;medio;15-20 min;media;"SRC003;SRC011";El profesional debe adaptar la tarea al caso, fase terapéutica y nivel de riesgo.
Ansiedad;TOC;Trastorno obsesivo-compulsivo;alto;Reestructuración cognitiva;Coste-beneficio del perfeccionismo;Analizar beneficios aparentes y costes reales de estándares rígidos.;Flexibilizar reglas internas.;bajo;30 min;media;"SRC003;SRC011";El profesional debe adaptar la tarea al caso, fase terapéutica y nivel de riesgo.
Ansiedad;TOC;Trastorno obsesivo-compulsivo;alto;Reestructuración cognitiva;Experimento conductual;Probar una predicción temida y comparar resultado esperado con real.;Actualizar creencias mediante experiencia.;medio;variable;media;"SRC003;SRC011";El profesional debe adaptar la tarea al caso, fase terapéutica y nivel de riesgo.
Ansiedad;TOC;Trastorno obsesivo-compulsivo;alto;Exposición con prevención de respuesta;ERP acordada con terapeuta;Realizar exposición a disparador evitando rituales pactados.;Reducir compulsiones y tolerar ansiedad.;alto;supervisado;media;"SRC003;SRC011";El profesional debe adaptar la tarea al caso, fase terapéutica y nivel de riesgo.
Ansiedad;TOC;Trastorno obsesivo-compulsivo;alto;Exposición con prevención de respuesta;Retrasar ritual 5 minutos;Retrasar una compulsión durante un tiempo acordado antes de decidir si realizarla.;Incrementar control sobre compulsiones.;alto;7 días;media;"SRC003;SRC011";El profesional debe adaptar la tarea al caso, fase terapéutica y nivel de riesgo.
Ansiedad;TOC;Trastorno obsesivo-compulsivo;alto;Mindfulness / atención plena;Pausa consciente de 3 minutos;Hacer una pausa breve observando respiración, cuerpo y entorno.;Interrumpir automatismos y bajar activación.;bajo;3 min;media;"SRC003;SRC011";El profesional debe adaptar la tarea al caso, fase terapéutica y nivel de riesgo.
Ansiedad;TOC;Trastorno obsesivo-compulsivo;alto;Prevención de recaídas;Plan de prevención de recaídas;Identificar señales tempranas, acciones preventivas y apoyos.;Mantener mejoría y actuar pronto.;bajo;45 min;alta;"SRC003;SRC011";El profesional debe adaptar la tarea al caso, fase terapéutica y nivel de riesgo.
Ansiedad;TOC;Trastorno obsesivo-compulsivo;alto;Prevención de recaídas;Tarjeta de afrontamiento;Crear tarjeta breve con frases, pasos y recursos útiles.;Facilitar uso de estrategias en momentos difíciles.;bajo;15 min;media;"SRC003;SRC011";El profesional debe adaptar la tarea al caso, fase terapéutica y nivel de riesgo.
Ansiedad;Perfeccionismo clínicamente relevante;Perfeccionismo problemático;medio;Psicoeducación;Leer explicación básica del problema;Leer una ficha psicoeducativa adaptada sobre el problema seleccionado.;Comprender el problema y reducir miedo o confusión inicial.;bajo;10-20 min;alta;SRC010;El profesional debe adaptar la tarea al caso, fase terapéutica y nivel de riesgo.
Ansiedad;Perfeccionismo clínicamente relevante;Perfeccionismo problemático;medio;Psicoeducación;Dibujar el ciclo del problema;Completar un esquema de ciclo: situación, pensamiento, emoción, sensación, conducta y consecuencia.;Identificar mecanismos de mantenimiento.;bajo;15-30 min;alta;SRC010;El profesional debe adaptar la tarea al caso, fase terapéutica y nivel de riesgo.
Ansiedad;Perfeccionismo clínicamente relevante;Perfeccionismo problemático;medio;Autorregistro;Registro diario de síntomas;Registrar intensidad, duración, situación y respuesta ante síntomas relevantes.;Aumentar conciencia y facilitar análisis clínico.;bajo;7 días;alta;SRC010;El profesional debe adaptar la tarea al caso, fase terapéutica y nivel de riesgo.
Ansiedad;Perfeccionismo clínicamente relevante;Perfeccionismo problemático;medio;Autorregistro;Registro de emociones;Anotar emoción, intensidad, desencadenante, pensamiento asociado y conducta realizada.;Mejorar identificación emocional.;bajo;7 días;media;SRC010;El profesional debe adaptar la tarea al caso, fase terapéutica y nivel de riesgo.
Ansiedad;Perfeccionismo clínicamente relevante;Perfeccionismo problemático;medio;Autorregistro;Registro de ataques de pánico;Registrar síntomas, pensamientos, conducta y evolución temporal de cada crisis.;Comprender patrón de pánico.;medio;cada episodio;media;SRC010;El profesional debe adaptar la tarea al caso, fase terapéutica y nivel de riesgo.
Ansiedad;Perfeccionismo clínicamente relevante;Perfeccionismo problemático;medio;Autorregistro;Registro de obsesiones y compulsiones;Anotar obsesión, ansiedad, compulsión, alivio y coste a largo plazo.;Identificar mapa TOC.;medio;7 días;media;SRC010;El profesional debe adaptar la tarea al caso, fase terapéutica y nivel de riesgo.
Ansiedad;Perfeccionismo clínicamente relevante;Perfeccionismo problemático;medio;Autorregistro;Registro de preocupaciones nocturnas;Anotar preocupaciones antes de dormir y posponer resolución al día siguiente.;Reducir rumiación nocturna.;bajo;7 días;media;SRC010;El profesional debe adaptar la tarea al caso, fase terapéutica y nivel de riesgo.
Ansiedad;Perfeccionismo clínicamente relevante;Perfeccionismo problemático;medio;Autorregistro;Registro de energía;Registrar actividades que consumen o recargan energía.;Detectar patrones de burnout.;bajo;7 días;media;SRC010;El profesional debe adaptar la tarea al caso, fase terapéutica y nivel de riesgo.
Ansiedad;Perfeccionismo clínicamente relevante;Perfeccionismo problemático;medio;Reestructuración cognitiva;Registro de pensamientos automáticos;Registrar situación, pensamiento, emoción, intensidad y respuesta alternativa.;Detectar patrones cognitivos.;bajo;7 días;alta;SRC010;El profesional debe adaptar la tarea al caso, fase terapéutica y nivel de riesgo.
Ansiedad;Perfeccionismo clínicamente relevante;Perfeccionismo problemático;medio;Reestructuración cognitiva;Evidencias a favor y en contra;Analizar un pensamiento automático buscando pruebas que lo apoyen y lo contradigan.;Flexibilizar interpretaciones.;medio;20-30 min;media;SRC010;El profesional debe adaptar la tarea al caso, fase terapéutica y nivel de riesgo.
Ansiedad;Perfeccionismo clínicamente relevante;Perfeccionismo problemático;medio;Reestructuración cognitiva;Pensamiento alternativo equilibrado;Formular una interpretación alternativa más realista y útil.;Reducir impacto emocional de pensamientos disfuncionales.;medio;15-20 min;media;SRC010;El profesional debe adaptar la tarea al caso, fase terapéutica y nivel de riesgo.
Ansiedad;Perfeccionismo clínicamente relevante;Perfeccionismo problemático;medio;Reestructuración cognitiva;Coste-beneficio del perfeccionismo;Analizar beneficios aparentes y costes reales de estándares rígidos.;Flexibilizar reglas internas.;bajo;30 min;media;SRC010;El profesional debe adaptar la tarea al caso, fase terapéutica y nivel de riesgo.
Ansiedad;Perfeccionismo clínicamente relevante;Perfeccionismo problemático;medio;Reestructuración cognitiva;Experimento conductual;Probar una predicción temida y comparar resultado esperado con real.;Actualizar creencias mediante experiencia.;medio;variable;media;SRC010;El profesional debe adaptar la tarea al caso, fase terapéutica y nivel de riesgo.
Ansiedad;Perfeccionismo clínicamente relevante;Perfeccionismo problemático;medio;Exposición gradual;Jerarquía de exposición;Crear lista graduada de situaciones temidas de menor a mayor dificultad.;Preparar exposición gradual.;medio;30-45 min;alta;SRC010;El profesional debe adaptar la tarea al caso, fase terapéutica y nivel de riesgo.
Ansiedad;Perfeccionismo clínicamente relevante;Perfeccionismo problemático;medio;Exposición gradual;Exposición gradual planificada;Realizar una exposición acordada, registrando ansiedad inicial, máxima y final.;Reducir evitación y habituar/actualizar aprendizaje.;medio;variable;media;SRC010;El profesional debe adaptar la tarea al caso, fase terapéutica y nivel de riesgo.
Ansiedad;Perfeccionismo clínicamente relevante;Perfeccionismo problemático;medio;Exposición gradual;Prevención de evitación sutil;Identificar conductas de seguridad y reducir una de forma acordada.;Reducir mantenimiento de ansiedad.;medio;7 días;media;SRC010;El profesional debe adaptar la tarea al caso, fase terapéutica y nivel de riesgo.
Ansiedad;Perfeccionismo clínicamente relevante;Perfeccionismo problemático;medio;Exposición gradual;Exposición a imperfección pequeña;Realizar una tarea deliberadamente suficientemente buena, no perfecta.;Aumentar tolerancia al error.;medio;7 días;media;SRC010;El profesional debe adaptar la tarea al caso, fase terapéutica y nivel de riesgo.
Ansiedad;Perfeccionismo clínicamente relevante;Perfeccionismo problemático;medio;Autocompasión;Lista de fortalezas personales;Escribir fortalezas, ejemplos y situaciones donde se han usado.;Mejorar autoconcepto.;bajo;20-30 min;media;SRC010;El profesional debe adaptar la tarea al caso, fase terapéutica y nivel de riesgo.
Estado de ánimo;Depresión leve;Síntomas depresivos leves;medio;Psicoeducación;Leer explicación básica del problema;Leer una ficha psicoeducativa adaptada sobre el problema seleccionado.;Comprender el problema y reducir miedo o confusión inicial.;bajo;10-20 min;alta;"SRC002;SRC008";El profesional debe adaptar la tarea al caso, fase terapéutica y nivel de riesgo.
Estado de ánimo;Depresión leve;Síntomas depresivos leves;medio;Psicoeducación;Dibujar el ciclo del problema;Completar un esquema de ciclo: situación, pensamiento, emoción, sensación, conducta y consecuencia.;Identificar mecanismos de mantenimiento.;bajo;15-30 min;alta;"SRC002;SRC008";El profesional debe adaptar la tarea al caso, fase terapéutica y nivel de riesgo.
Estado de ánimo;Depresión leve;Síntomas depresivos leves;medio;Autorregistro;Registro diario de síntomas;Registrar intensidad, duración, situación y respuesta ante síntomas relevantes.;Aumentar conciencia y facilitar análisis clínico.;bajo;7 días;alta;"SRC002;SRC008";El profesional debe adaptar la tarea al caso, fase terapéutica y nivel de riesgo.
Estado de ánimo;Depresión leve;Síntomas depresivos leves;medio;Autorregistro;Registro de emociones;Anotar emoción, intensidad, desencadenante, pensamiento asociado y conducta realizada.;Mejorar identificación emocional.;bajo;7 días;media;"SRC002;SRC008";El profesional debe adaptar la tarea al caso, fase terapéutica y nivel de riesgo.
Estado de ánimo;Depresión leve;Síntomas depresivos leves;medio;Autorregistro;Registro de ataques de pánico;Registrar síntomas, pensamientos, conducta y evolución temporal de cada crisis.;Comprender patrón de pánico.;medio;cada episodio;media;"SRC002;SRC008";El profesional debe adaptar la tarea al caso, fase terapéutica y nivel de riesgo.
Estado de ánimo;Depresión leve;Síntomas depresivos leves;medio;Autorregistro;Registro de obsesiones y compulsiones;Anotar obsesión, ansiedad, compulsión, alivio y coste a largo plazo.;Identificar mapa TOC.;medio;7 días;media;"SRC002;SRC008";El profesional debe adaptar la tarea al caso, fase terapéutica y nivel de riesgo.
Estado de ánimo;Depresión leve;Síntomas depresivos leves;medio;Autorregistro;Registro de preocupaciones nocturnas;Anotar preocupaciones antes de dormir y posponer resolución al día siguiente.;Reducir rumiación nocturna.;bajo;7 días;media;"SRC002;SRC008";El profesional debe adaptar la tarea al caso, fase terapéutica y nivel de riesgo.
Estado de ánimo;Depresión leve;Síntomas depresivos leves;medio;Autorregistro;Registro de energía;Registrar actividades que consumen o recargan energía.;Detectar patrones de burnout.;bajo;7 días;media;"SRC002;SRC008";El profesional debe adaptar la tarea al caso, fase terapéutica y nivel de riesgo.
Estado de ánimo;Depresión leve;Síntomas depresivos leves;medio;Reestructuración cognitiva;Registro de pensamientos automáticos;Registrar situación, pensamiento, emoción, intensidad y respuesta alternativa.;Detectar patrones cognitivos.;bajo;7 días;alta;"SRC002;SRC008";El profesional debe adaptar la tarea al caso, fase terapéutica y nivel de riesgo.
Estado de ánimo;Depresión leve;Síntomas depresivos leves;medio;Reestructuración cognitiva;Evidencias a favor y en contra;Analizar un pensamiento automático buscando pruebas que lo apoyen y lo contradigan.;Flexibilizar interpretaciones.;medio;20-30 min;media;"SRC002;SRC008";El profesional debe adaptar la tarea al caso, fase terapéutica y nivel de riesgo.
Estado de ánimo;Depresión leve;Síntomas depresivos leves;medio;Reestructuración cognitiva;Pensamiento alternativo equilibrado;Formular una interpretación alternativa más realista y útil.;Reducir impacto emocional de pensamientos disfuncionales.;medio;15-20 min;media;"SRC002;SRC008";El profesional debe adaptar la tarea al caso, fase terapéutica y nivel de riesgo.
Estado de ánimo;Depresión leve;Síntomas depresivos leves;medio;Reestructuración cognitiva;Coste-beneficio del perfeccionismo;Analizar beneficios aparentes y costes reales de estándares rígidos.;Flexibilizar reglas internas.;bajo;30 min;media;"SRC002;SRC008";El profesional debe adaptar la tarea al caso, fase terapéutica y nivel de riesgo.
Estado de ánimo;Depresión leve;Síntomas depresivos leves;medio;Reestructuración cognitiva;Experimento conductual;Probar una predicción temida y comparar resultado esperado con real.;Actualizar creencias mediante experiencia.;medio;variable;media;"SRC002;SRC008";El profesional debe adaptar la tarea al caso, fase terapéutica y nivel de riesgo.
Estado de ánimo;Depresión leve;Síntomas depresivos leves;medio;Activación conductual;Actividad agradable diaria;Planificar y realizar una actividad agradable pequeña cada día.;Incrementar reforzamiento positivo.;bajo;7 días;alta;"SRC002;SRC008";El profesional debe adaptar la tarea al caso, fase terapéutica y nivel de riesgo.
Estado de ánimo;Depresión leve;Síntomas depresivos leves;medio;Activación conductual;Actividad de dominio;Realizar una tarea breve que genere sensación de eficacia o avance.;Reducir apatía y mejorar autoeficacia.;bajo;7 días;media;"SRC002;SRC008";El profesional debe adaptar la tarea al caso, fase terapéutica y nivel de riesgo.
Estado de ánimo;Depresión leve;Síntomas depresivos leves;medio;Activación conductual;Diario de ánimo y actividad;Registrar actividad realizada y estado de ánimo antes/después.;Detectar relación actividad-ánimo.;bajo;7 días;media;"SRC002;SRC008";El profesional debe adaptar la tarea al caso, fase terapéutica y nivel de riesgo.
Estado de ánimo;Depresión leve;Síntomas depresivos leves;medio;Planificación de actividades;Plan semanal de actividades;Crear calendario con actividades de autocuidado, obligación y disfrute.;Estructurar rutina y evitar inactividad.;bajo;semanal;media;"SRC002;SRC008";El profesional debe adaptar la tarea al caso, fase terapéutica y nivel de riesgo.
Estado de ánimo;Depresión leve;Síntomas depresivos leves;medio;Autocompasión;Lista de fortalezas personales;Escribir fortalezas, ejemplos y situaciones donde se han usado.;Mejorar autoconcepto.;bajo;20-30 min;media;"SRC002;SRC008";El profesional debe adaptar la tarea al caso, fase terapéutica y nivel de riesgo.
Estado de ánimo;Depresión moderada;Episodio depresivo moderado;alto;Psicoeducación;Leer explicación básica del problema;Leer una ficha psicoeducativa adaptada sobre el problema seleccionado.;Comprender el problema y reducir miedo o confusión inicial.;bajo;10-20 min;alta;"SRC002;SRC008";El profesional debe adaptar la tarea al caso, fase terapéutica y nivel de riesgo.
Estado de ánimo;Depresión moderada;Episodio depresivo moderado;alto;Psicoeducación;Dibujar el ciclo del problema;Completar un esquema de ciclo: situación, pensamiento, emoción, sensación, conducta y consecuencia.;Identificar mecanismos de mantenimiento.;bajo;15-30 min;alta;"SRC002;SRC008";El profesional debe adaptar la tarea al caso, fase terapéutica y nivel de riesgo.
Estado de ánimo;Depresión moderada;Episodio depresivo moderado;alto;Autorregistro;Registro diario de síntomas;Registrar intensidad, duración, situación y respuesta ante síntomas relevantes.;Aumentar conciencia y facilitar análisis clínico.;bajo;7 días;alta;"SRC002;SRC008";El profesional debe adaptar la tarea al caso, fase terapéutica y nivel de riesgo.
Estado de ánimo;Depresión moderada;Episodio depresivo moderado;alto;Autorregistro;Registro de emociones;Anotar emoción, intensidad, desencadenante, pensamiento asociado y conducta realizada.;Mejorar identificación emocional.;bajo;7 días;media;"SRC002;SRC008";El profesional debe adaptar la tarea al caso, fase terapéutica y nivel de riesgo.
Estado de ánimo;Depresión moderada;Episodio depresivo moderado;alto;Autorregistro;Registro de ataques de pánico;Registrar síntomas, pensamientos, conducta y evolución temporal de cada crisis.;Comprender patrón de pánico.;medio;cada episodio;media;"SRC002;SRC008";El profesional debe adaptar la tarea al caso, fase terapéutica y nivel de riesgo.
Estado de ánimo;Depresión moderada;Episodio depresivo moderado;alto;Autorregistro;Registro de obsesiones y compulsiones;Anotar obsesión, ansiedad, compulsión, alivio y coste a largo plazo.;Identificar mapa TOC.;medio;7 días;media;"SRC002;SRC008";El profesional debe adaptar la tarea al caso, fase terapéutica y nivel de riesgo.
Estado de ánimo;Depresión moderada;Episodio depresivo moderado;alto;Autorregistro;Registro de preocupaciones nocturnas;Anotar preocupaciones antes de dormir y posponer resolución al día siguiente.;Reducir rumiación nocturna.;bajo;7 días;media;"SRC002;SRC008";El profesional debe adaptar la tarea al caso, fase terapéutica y nivel de riesgo.
Estado de ánimo;Depresión moderada;Episodio depresivo moderado;alto;Autorregistro;Registro de energía;Registrar actividades que consumen o recargan energía.;Detectar patrones de burnout.;bajo;7 días;media;"SRC002;SRC008";El profesional debe adaptar la tarea al caso, fase terapéutica y nivel de riesgo.
Estado de ánimo;Depresión moderada;Episodio depresivo moderado;alto;Reestructuración cognitiva;Registro de pensamientos automáticos;Registrar situación, pensamiento, emoción, intensidad y respuesta alternativa.;Detectar patrones cognitivos.;bajo;7 días;alta;"SRC002;SRC008";El profesional debe adaptar la tarea al caso, fase terapéutica y nivel de riesgo.
Estado de ánimo;Depresión moderada;Episodio depresivo moderado;alto;Reestructuración cognitiva;Evidencias a favor y en contra;Analizar un pensamiento automático buscando pruebas que lo apoyen y lo contradigan.;Flexibilizar interpretaciones.;medio;20-30 min;media;"SRC002;SRC008";El profesional debe adaptar la tarea al caso, fase terapéutica y nivel de riesgo.
Estado de ánimo;Depresión moderada;Episodio depresivo moderado;alto;Reestructuración cognitiva;Pensamiento alternativo equilibrado;Formular una interpretación alternativa más realista y útil.;Reducir impacto emocional de pensamientos disfuncionales.;medio;15-20 min;media;"SRC002;SRC008";El profesional debe adaptar la tarea al caso, fase terapéutica y nivel de riesgo.
Estado de ánimo;Depresión moderada;Episodio depresivo moderado;alto;Reestructuración cognitiva;Coste-beneficio del perfeccionismo;Analizar beneficios aparentes y costes reales de estándares rígidos.;Flexibilizar reglas internas.;bajo;30 min;media;"SRC002;SRC008";El profesional debe adaptar la tarea al caso, fase terapéutica y nivel de riesgo.
Estado de ánimo;Depresión moderada;Episodio depresivo moderado;alto;Reestructuración cognitiva;Experimento conductual;Probar una predicción temida y comparar resultado esperado con real.;Actualizar creencias mediante experiencia.;medio;variable;media;"SRC002;SRC008";El profesional debe adaptar la tarea al caso, fase terapéutica y nivel de riesgo.
Estado de ánimo;Depresión moderada;Episodio depresivo moderado;alto;Activación conductual;Actividad agradable diaria;Planificar y realizar una actividad agradable pequeña cada día.;Incrementar reforzamiento positivo.;bajo;7 días;alta;"SRC002;SRC008";El profesional debe adaptar la tarea al caso, fase terapéutica y nivel de riesgo.
Estado de ánimo;Depresión moderada;Episodio depresivo moderado;alto;Activación conductual;Actividad de dominio;Realizar una tarea breve que genere sensación de eficacia o avance.;Reducir apatía y mejorar autoeficacia.;bajo;7 días;media;"SRC002;SRC008";El profesional debe adaptar la tarea al caso, fase terapéutica y nivel de riesgo.
Estado de ánimo;Depresión moderada;Episodio depresivo moderado;alto;Activación conductual;Diario de ánimo y actividad;Registrar actividad realizada y estado de ánimo antes/después.;Detectar relación actividad-ánimo.;bajo;7 días;media;"SRC002;SRC008";El profesional debe adaptar la tarea al caso, fase terapéutica y nivel de riesgo.
Estado de ánimo;Depresión moderada;Episodio depresivo moderado;alto;Planificación de actividades;Plan semanal de actividades;Crear calendario con actividades de autocuidado, obligación y disfrute.;Estructurar rutina y evitar inactividad.;bajo;semanal;media;"SRC002;SRC008";El profesional debe adaptar la tarea al caso, fase terapéutica y nivel de riesgo.
Estado de ánimo;Depresión moderada;Episodio depresivo moderado;alto;Autocompasión;Lista de fortalezas personales;Escribir fortalezas, ejemplos y situaciones donde se han usado.;Mejorar autoconcepto.;bajo;20-30 min;media;"SRC002;SRC008";El profesional debe adaptar la tarea al caso, fase terapéutica y nivel de riesgo.
Estado de ánimo;Distimia;Trastorno depresivo persistente;medio;Psicoeducación;Leer explicación básica del problema;Leer una ficha psicoeducativa adaptada sobre el problema seleccionado.;Comprender el problema y reducir miedo o confusión inicial.;bajo;10-20 min;alta;SRC002;El profesional debe adaptar la tarea al caso, fase terapéutica y nivel de riesgo.
Estado de ánimo;Distimia;Trastorno depresivo persistente;medio;Psicoeducación;Dibujar el ciclo del problema;Completar un esquema de ciclo: situación, pensamiento, emoción, sensación, conducta y consecuencia.;Identificar mecanismos de mantenimiento.;bajo;15-30 min;alta;SRC002;El profesional debe adaptar la tarea al caso, fase terapéutica y nivel de riesgo.
Estado de ánimo;Distimia;Trastorno depresivo persistente;medio;Autorregistro;Registro diario de síntomas;Registrar intensidad, duración, situación y respuesta ante síntomas relevantes.;Aumentar conciencia y facilitar análisis clínico.;bajo;7 días;alta;SRC002;El profesional debe adaptar la tarea al caso, fase terapéutica y nivel de riesgo.
Estado de ánimo;Distimia;Trastorno depresivo persistente;medio;Autorregistro;Registro de emociones;Anotar emoción, intensidad, desencadenante, pensamiento asociado y conducta realizada.;Mejorar identificación emocional.;bajo;7 días;media;SRC002;El profesional debe adaptar la tarea al caso, fase terapéutica y nivel de riesgo.
Estado de ánimo;Distimia;Trastorno depresivo persistente;medio;Autorregistro;Registro de ataques de pánico;Registrar síntomas, pensamientos, conducta y evolución temporal de cada crisis.;Comprender patrón de pánico.;medio;cada episodio;media;SRC002;El profesional debe adaptar la tarea al caso, fase terapéutica y nivel de riesgo.
Estado de ánimo;Distimia;Trastorno depresivo persistente;medio;Autorregistro;Registro de obsesiones y compulsiones;Anotar obsesión, ansiedad, compulsión, alivio y coste a largo plazo.;Identificar mapa TOC.;medio;7 días;media;SRC002;El profesional debe adaptar la tarea al caso, fase terapéutica y nivel de riesgo.
Estado de ánimo;Distimia;Trastorno depresivo persistente;medio;Autorregistro;Registro de preocupaciones nocturnas;Anotar preocupaciones antes de dormir y posponer resolución al día siguiente.;Reducir rumiación nocturna.;bajo;7 días;media;SRC002;El profesional debe adaptar la tarea al caso, fase terapéutica y nivel de riesgo.
Estado de ánimo;Distimia;Trastorno depresivo persistente;medio;Autorregistro;Registro de energía;Registrar actividades que consumen o recargan energía.;Detectar patrones de burnout.;bajo;7 días;media;SRC002;El profesional debe adaptar la tarea al caso, fase terapéutica y nivel de riesgo.
Estado de ánimo;Distimia;Trastorno depresivo persistente;medio;Reestructuración cognitiva;Registro de pensamientos automáticos;Registrar situación, pensamiento, emoción, intensidad y respuesta alternativa.;Detectar patrones cognitivos.;bajo;7 días;alta;SRC002;El profesional debe adaptar la tarea al caso, fase terapéutica y nivel de riesgo.
Estado de ánimo;Distimia;Trastorno depresivo persistente;medio;Reestructuración cognitiva;Evidencias a favor y en contra;Analizar un pensamiento automático buscando pruebas que lo apoyen y lo contradigan.;Flexibilizar interpretaciones.;medio;20-30 min;media;SRC002;El profesional debe adaptar la tarea al caso, fase terapéutica y nivel de riesgo.
Estado de ánimo;Distimia;Trastorno depresivo persistente;medio;Reestructuración cognitiva;Pensamiento alternativo equilibrado;Formular una interpretación alternativa más realista y útil.;Reducir impacto emocional de pensamientos disfuncionales.;medio;15-20 min;media;SRC002;El profesional debe adaptar la tarea al caso, fase terapéutica y nivel de riesgo.
Estado de ánimo;Distimia;Trastorno depresivo persistente;medio;Reestructuración cognitiva;Coste-beneficio del perfeccionismo;Analizar beneficios aparentes y costes reales de estándares rígidos.;Flexibilizar reglas internas.;bajo;30 min;media;SRC002;El profesional debe adaptar la tarea al caso, fase terapéutica y nivel de riesgo.
Estado de ánimo;Distimia;Trastorno depresivo persistente;medio;Reestructuración cognitiva;Experimento conductual;Probar una predicción temida y comparar resultado esperado con real.;Actualizar creencias mediante experiencia.;medio;variable;media;SRC002;El profesional debe adaptar la tarea al caso, fase terapéutica y nivel de riesgo.
Estado de ánimo;Distimia;Trastorno depresivo persistente;medio;Activación conductual;Actividad agradable diaria;Planificar y realizar una actividad agradable pequeña cada día.;Incrementar reforzamiento positivo.;bajo;7 días;alta;SRC002;El profesional debe adaptar la tarea al caso, fase terapéutica y nivel de riesgo.
Estado de ánimo;Distimia;Trastorno depresivo persistente;medio;Activación conductual;Actividad de dominio;Realizar una tarea breve que genere sensación de eficacia o avance.;Reducir apatía y mejorar autoeficacia.;bajo;7 días;media;SRC002;El profesional debe adaptar la tarea al caso, fase terapéutica y nivel de riesgo.
Estado de ánimo;Distimia;Trastorno depresivo persistente;medio;Activación conductual;Diario de ánimo y actividad;Registrar actividad realizada y estado de ánimo antes/después.;Detectar relación actividad-ánimo.;bajo;7 días;media;SRC002;El profesional debe adaptar la tarea al caso, fase terapéutica y nivel de riesgo.
Estado de ánimo;Distimia;Trastorno depresivo persistente;medio;Planificación de actividades;Plan semanal de actividades;Crear calendario con actividades de autocuidado, obligación y disfrute.;Estructurar rutina y evitar inactividad.;bajo;semanal;media;SRC002;El profesional debe adaptar la tarea al caso, fase terapéutica y nivel de riesgo.
Estado de ánimo;Distimia;Trastorno depresivo persistente;medio;Autocompasión;Lista de fortalezas personales;Escribir fortalezas, ejemplos y situaciones donde se han usado.;Mejorar autoconcepto.;bajo;20-30 min;media;SRC002;El profesional debe adaptar la tarea al caso, fase terapéutica y nivel de riesgo.
Estado de ánimo;Anhedonia y apatía;Pérdida de interés;medio;Autorregistro;Registro diario de síntomas;Registrar intensidad, duración, situación y respuesta ante síntomas relevantes.;Aumentar conciencia y facilitar análisis clínico.;bajo;7 días;alta;SRC002;El profesional debe adaptar la tarea al caso, fase terapéutica y nivel de riesgo.
Estado de ánimo;Anhedonia y apatía;Pérdida de interés;medio;Autorregistro;Registro de emociones;Anotar emoción, intensidad, desencadenante, pensamiento asociado y conducta realizada.;Mejorar identificación emocional.;bajo;7 días;media;SRC002;El profesional debe adaptar la tarea al caso, fase terapéutica y nivel de riesgo.
Estado de ánimo;Anhedonia y apatía;Pérdida de interés;medio;Autorregistro;Registro de ataques de pánico;Registrar síntomas, pensamientos, conducta y evolución temporal de cada crisis.;Comprender patrón de pánico.;medio;cada episodio;media;SRC002;El profesional debe adaptar la tarea al caso, fase terapéutica y nivel de riesgo.
Estado de ánimo;Anhedonia y apatía;Pérdida de interés;medio;Autorregistro;Registro de obsesiones y compulsiones;Anotar obsesión, ansiedad, compulsión, alivio y coste a largo plazo.;Identificar mapa TOC.;medio;7 días;media;SRC002;El profesional debe adaptar la tarea al caso, fase terapéutica y nivel de riesgo.
Estado de ánimo;Anhedonia y apatía;Pérdida de interés;medio;Autorregistro;Registro de preocupaciones nocturnas;Anotar preocupaciones antes de dormir y posponer resolución al día siguiente.;Reducir rumiación nocturna.;bajo;7 días;media;SRC002;El profesional debe adaptar la tarea al caso, fase terapéutica y nivel de riesgo.
Estado de ánimo;Anhedonia y apatía;Pérdida de interés;medio;Autorregistro;Registro de energía;Registrar actividades que consumen o recargan energía.;Detectar patrones de burnout.;bajo;7 días;media;SRC002;El profesional debe adaptar la tarea al caso, fase terapéutica y nivel de riesgo.
Estado de ánimo;Anhedonia y apatía;Pérdida de interés;medio;Activación conductual;Actividad agradable diaria;Planificar y realizar una actividad agradable pequeña cada día.;Incrementar reforzamiento positivo.;bajo;7 días;alta;SRC002;El profesional debe adaptar la tarea al caso, fase terapéutica y nivel de riesgo.
Estado de ánimo;Anhedonia y apatía;Pérdida de interés;medio;Activación conductual;Actividad de dominio;Realizar una tarea breve que genere sensación de eficacia o avance.;Reducir apatía y mejorar autoeficacia.;bajo;7 días;media;SRC002;El profesional debe adaptar la tarea al caso, fase terapéutica y nivel de riesgo.
Estado de ánimo;Anhedonia y apatía;Pérdida de interés;medio;Activación conductual;Diario de ánimo y actividad;Registrar actividad realizada y estado de ánimo antes/después.;Detectar relación actividad-ánimo.;bajo;7 días;media;SRC002;El profesional debe adaptar la tarea al caso, fase terapéutica y nivel de riesgo.
Estado de ánimo;Anhedonia y apatía;Pérdida de interés;medio;Planificación de actividades;Plan semanal de actividades;Crear calendario con actividades de autocuidado, obligación y disfrute.;Estructurar rutina y evitar inactividad.;bajo;semanal;media;SRC002;El profesional debe adaptar la tarea al caso, fase terapéutica y nivel de riesgo.
Estado de ánimo;Anhedonia y apatía;Pérdida de interés;medio;Trabajo con valores;Trabajo con valores personales;Elegir 5 valores y una acción pequeña alineada con cada uno.;Orientar conducta hacia sentido personal.;bajo;30-45 min;media;SRC002;El profesional debe adaptar la tarea al caso, fase terapéutica y nivel de riesgo.
Estado de ánimo;Anhedonia y apatía;Pérdida de interés;medio;Autocuidado;Pausas programadas;Programar pausas breves de respiración/movimiento durante la jornada.;Reducir acumulación de tensión.;bajo;5 min varias veces/día;media;SRC002;El profesional debe adaptar la tarea al caso, fase terapéutica y nivel de riesgo.
Estado de ánimo;Anhedonia y apatía;Pérdida de interés;medio;Red de apoyo;Contacto social mínimo;Programar un contacto social breve y seguro.;Reducir aislamiento.;bajo;1-3 veces/semana;media;SRC002;El profesional debe adaptar la tarea al caso, fase terapéutica y nivel de riesgo.
Estado de ánimo;Anhedonia y apatía;Pérdida de interés;medio;Red de apoyo;Mapa de red de apoyo;Identificar personas, recursos y contextos de apoyo disponibles.;Aumentar apoyo percibido y real.;bajo;20 min;media;SRC002;El profesional debe adaptar la tarea al caso, fase terapéutica y nivel de riesgo.
Estado de ánimo;Duelo;Proceso de pérdida;medio;Psicoeducación;Leer explicación básica del problema;Leer una ficha psicoeducativa adaptada sobre el problema seleccionado.;Comprender el problema y reducir miedo o confusión inicial.;bajo;10-20 min;alta;SRC010;El profesional debe adaptar la tarea al caso, fase terapéutica y nivel de riesgo.
Estado de ánimo;Duelo;Proceso de pérdida;medio;Psicoeducación;Dibujar el ciclo del problema;Completar un esquema de ciclo: situación, pensamiento, emoción, sensación, conducta y consecuencia.;Identificar mecanismos de mantenimiento.;bajo;15-30 min;alta;SRC010;El profesional debe adaptar la tarea al caso, fase terapéutica y nivel de riesgo.
Estado de ánimo;Duelo;Proceso de pérdida;medio;Autorregistro;Registro diario de síntomas;Registrar intensidad, duración, situación y respuesta ante síntomas relevantes.;Aumentar conciencia y facilitar análisis clínico.;bajo;7 días;alta;SRC010;El profesional debe adaptar la tarea al caso, fase terapéutica y nivel de riesgo.
Estado de ánimo;Duelo;Proceso de pérdida;medio;Autorregistro;Registro de emociones;Anotar emoción, intensidad, desencadenante, pensamiento asociado y conducta realizada.;Mejorar identificación emocional.;bajo;7 días;media;SRC010;El profesional debe adaptar la tarea al caso, fase terapéutica y nivel de riesgo.
Estado de ánimo;Duelo;Proceso de pérdida;medio;Autorregistro;Registro de ataques de pánico;Registrar síntomas, pensamientos, conducta y evolución temporal de cada crisis.;Comprender patrón de pánico.;medio;cada episodio;media;SRC010;El profesional debe adaptar la tarea al caso, fase terapéutica y nivel de riesgo.
Estado de ánimo;Duelo;Proceso de pérdida;medio;Autorregistro;Registro de obsesiones y compulsiones;Anotar obsesión, ansiedad, compulsión, alivio y coste a largo plazo.;Identificar mapa TOC.;medio;7 días;media;SRC010;El profesional debe adaptar la tarea al caso, fase terapéutica y nivel de riesgo.
Estado de ánimo;Duelo;Proceso de pérdida;medio;Autorregistro;Registro de preocupaciones nocturnas;Anotar preocupaciones antes de dormir y posponer resolución al día siguiente.;Reducir rumiación nocturna.;bajo;7 días;media;SRC010;El profesional debe adaptar la tarea al caso, fase terapéutica y nivel de riesgo.
Estado de ánimo;Duelo;Proceso de pérdida;medio;Autorregistro;Registro de energía;Registrar actividades que consumen o recargan energía.;Detectar patrones de burnout.;bajo;7 días;media;SRC010;El profesional debe adaptar la tarea al caso, fase terapéutica y nivel de riesgo.
Estado de ánimo;Duelo;Proceso de pérdida;medio;Autocompasión;Lista de fortalezas personales;Escribir fortalezas, ejemplos y situaciones donde se han usado.;Mejorar autoconcepto.;bajo;20-30 min;media;SRC010;El profesional debe adaptar la tarea al caso, fase terapéutica y nivel de riesgo.
Estado de ánimo;Duelo;Proceso de pérdida;medio;Autocompasión;Diario de logros;Registrar tres acciones valiosas o logros diarios, aunque sean pequeños.;Contrarrestar sesgo negativo.;bajo;7 días;media;SRC010;El profesional debe adaptar la tarea al caso, fase terapéutica y nivel de riesgo.
Estado de ánimo;Duelo;Proceso de pérdida;medio;Autocompasión;Responder a la autocrítica;Escribir una respuesta amable y realista a una autocrítica frecuente.;Reducir diálogo interno punitivo.;bajo;15-20 min;media;SRC010;El profesional debe adaptar la tarea al caso, fase terapéutica y nivel de riesgo.
Estado de ánimo;Duelo;Proceso de pérdida;medio;Autocompasión;Aceptar un cumplido;Practicar responder a un cumplido sin negarlo ni minimizarlo.;Mejorar recepción de valoración positiva.;bajo;7 días;media;SRC010;El profesional debe adaptar la tarea al caso, fase terapéutica y nivel de riesgo.
Estado de ánimo;Duelo;Proceso de pérdida;medio;Trabajo con valores;Trabajo con valores personales;Elegir 5 valores y una acción pequeña alineada con cada uno.;Orientar conducta hacia sentido personal.;bajo;30-45 min;media;SRC010;El profesional debe adaptar la tarea al caso, fase terapéutica y nivel de riesgo.
Estado de ánimo;Duelo;Proceso de pérdida;medio;Autocuidado;Pausas programadas;Programar pausas breves de respiración/movimiento durante la jornada.;Reducir acumulación de tensión.;bajo;5 min varias veces/día;media;SRC010;El profesional debe adaptar la tarea al caso, fase terapéutica y nivel de riesgo.
Estado de ánimo;Duelo;Proceso de pérdida;medio;Red de apoyo;Contacto social mínimo;Programar un contacto social breve y seguro.;Reducir aislamiento.;bajo;1-3 veces/semana;media;SRC010;El profesional debe adaptar la tarea al caso, fase terapéutica y nivel de riesgo.
Estado de ánimo;Duelo;Proceso de pérdida;medio;Red de apoyo;Mapa de red de apoyo;Identificar personas, recursos y contextos de apoyo disponibles.;Aumentar apoyo percibido y real.;bajo;20 min;media;SRC010;El profesional debe adaptar la tarea al caso, fase terapéutica y nivel de riesgo.
Estado de ánimo;Duelo;Proceso de pérdida;medio;Comunicación emocional;Carta no enviada;Escribir una carta para expresar emociones sin enviarla.;Procesar emociones y necesidades.;bajo;30-60 min;media;SRC010;El profesional debe adaptar la tarea al caso, fase terapéutica y nivel de riesgo.
Estado de ánimo;Duelo;Proceso de pérdida;medio;Comunicación emocional;Ritual simbólico de cierre;Diseñar un gesto simbólico de despedida o cierre, si el paciente lo desea.;Facilitar procesamiento de pérdida.;medio;variable;media;SRC010;El profesional debe adaptar la tarea al caso, fase terapéutica y nivel de riesgo.
Trauma y estrés;TEPT;Estrés postraumático;alto;Psicoeducación;Leer explicación básica del problema;Leer una ficha psicoeducativa adaptada sobre el problema seleccionado.;Comprender el problema y reducir miedo o confusión inicial.;bajo;10-20 min;alta;SRC005;El profesional debe adaptar la tarea al caso, fase terapéutica y nivel de riesgo.
Trauma y estrés;TEPT;Estrés postraumático;alto;Psicoeducación;Dibujar el ciclo del problema;Completar un esquema de ciclo: situación, pensamiento, emoción, sensación, conducta y consecuencia.;Identificar mecanismos de mantenimiento.;bajo;15-30 min;alta;SRC005;El profesional debe adaptar la tarea al caso, fase terapéutica y nivel de riesgo.
Trauma y estrés;TEPT;Estrés postraumático;alto;Autorregistro;Registro diario de síntomas;Registrar intensidad, duración, situación y respuesta ante síntomas relevantes.;Aumentar conciencia y facilitar análisis clínico.;bajo;7 días;alta;SRC005;El profesional debe adaptar la tarea al caso, fase terapéutica y nivel de riesgo.
Trauma y estrés;TEPT;Estrés postraumático;alto;Autorregistro;Registro de emociones;Anotar emoción, intensidad, desencadenante, pensamiento asociado y conducta realizada.;Mejorar identificación emocional.;bajo;7 días;media;SRC005;El profesional debe adaptar la tarea al caso, fase terapéutica y nivel de riesgo.
Trauma y estrés;TEPT;Estrés postraumático;alto;Autorregistro;Registro de ataques de pánico;Registrar síntomas, pensamientos, conducta y evolución temporal de cada crisis.;Comprender patrón de pánico.;medio;cada episodio;media;SRC005;El profesional debe adaptar la tarea al caso, fase terapéutica y nivel de riesgo.
Trauma y estrés;TEPT;Estrés postraumático;alto;Autorregistro;Registro de obsesiones y compulsiones;Anotar obsesión, ansiedad, compulsión, alivio y coste a largo plazo.;Identificar mapa TOC.;medio;7 días;media;SRC005;El profesional debe adaptar la tarea al caso, fase terapéutica y nivel de riesgo.
Trauma y estrés;TEPT;Estrés postraumático;alto;Autorregistro;Registro de preocupaciones nocturnas;Anotar preocupaciones antes de dormir y posponer resolución al día siguiente.;Reducir rumiación nocturna.;bajo;7 días;media;SRC005;El profesional debe adaptar la tarea al caso, fase terapéutica y nivel de riesgo.
Trauma y estrés;TEPT;Estrés postraumático;alto;Autorregistro;Registro de energía;Registrar actividades que consumen o recargan energía.;Detectar patrones de burnout.;bajo;7 días;media;SRC005;El profesional debe adaptar la tarea al caso, fase terapéutica y nivel de riesgo.
Trauma y estrés;TEPT;Estrés postraumático;alto;Grounding;Grounding 5-4-3-2-1;Nombrar 5 cosas que ve, 4 que siente, 3 que oye, 2 que huele, 1 que saborea.;Anclarse al presente.;bajo;3-5 min;media;SRC005;El profesional debe adaptar la tarea al caso, fase terapéutica y nivel de riesgo.
Trauma y estrés;TEPT;Estrés postraumático;alto;Prevención de recaídas;Plan de prevención de recaídas;Identificar señales tempranas, acciones preventivas y apoyos.;Mantener mejoría y actuar pronto.;bajo;45 min;alta;SRC005;El profesional debe adaptar la tarea al caso, fase terapéutica y nivel de riesgo.
Trauma y estrés;TEPT;Estrés postraumático;alto;Prevención de recaídas;Tarjeta de afrontamiento;Crear tarjeta breve con frases, pasos y recursos útiles.;Facilitar uso de estrategias en momentos difíciles.;bajo;15 min;media;SRC005;El profesional debe adaptar la tarea al caso, fase terapéutica y nivel de riesgo.
Trauma y estrés;TEPT;Estrés postraumático;alto;Prevención de recaídas;Identificar señales tempranas;Listar señales corporales, emocionales y conductuales de empeoramiento.;Detectar recaída o crisis incipiente.;bajo;20 min;media;SRC005;El profesional debe adaptar la tarea al caso, fase terapéutica y nivel de riesgo.
Trauma y estrés;TEPT;Estrés postraumático;alto;Prevención de recaídas;Plan de seguridad / crisis;Definir contactos, señales de alarma y pasos ante riesgo elevado.;Aumentar seguridad y coordinación clínica.;alto;supervisado;media;SRC005;El profesional debe adaptar la tarea al caso, fase terapéutica y nivel de riesgo.
Trauma y estrés;TEPT;Estrés postraumático;alto;TCC centrada en trauma;Narrativa traumática supervisada;Trabajar relato del trauma dentro de intervención especializada.;Procesar memoria traumática.;alto;supervisado;media;SRC005;El profesional debe adaptar la tarea al caso, fase terapéutica y nivel de riesgo.
Trauma y estrés;TEPT;Estrés postraumático;alto;EMDR;EMDR con profesional acreditado;Realizar protocolo EMDR únicamente con profesional formado.;Procesar recuerdos traumáticos.;alto;supervisado;media;SRC005;El profesional debe adaptar la tarea al caso, fase terapéutica y nivel de riesgo.
Trauma y estrés;TEPT;Estrés postraumático;alto;Red de apoyo;Contacto social mínimo;Programar un contacto social breve y seguro.;Reducir aislamiento.;bajo;1-3 veces/semana;media;SRC005;El profesional debe adaptar la tarea al caso, fase terapéutica y nivel de riesgo.
Trauma y estrés;TEPT;Estrés postraumático;alto;Red de apoyo;Mapa de red de apoyo;Identificar personas, recursos y contextos de apoyo disponibles.;Aumentar apoyo percibido y real.;bajo;20 min;media;SRC005;El profesional debe adaptar la tarea al caso, fase terapéutica y nivel de riesgo.
Trauma y estrés;Estrés agudo;Reacción aguda al estrés;alto;Psicoeducación;Leer explicación básica del problema;Leer una ficha psicoeducativa adaptada sobre el problema seleccionado.;Comprender el problema y reducir miedo o confusión inicial.;bajo;10-20 min;alta;SRC005;El profesional debe adaptar la tarea al caso, fase terapéutica y nivel de riesgo.
Trauma y estrés;Estrés agudo;Reacción aguda al estrés;alto;Psicoeducación;Dibujar el ciclo del problema;Completar un esquema de ciclo: situación, pensamiento, emoción, sensación, conducta y consecuencia.;Identificar mecanismos de mantenimiento.;bajo;15-30 min;alta;SRC005;El profesional debe adaptar la tarea al caso, fase terapéutica y nivel de riesgo.
Trauma y estrés;Estrés agudo;Reacción aguda al estrés;alto;Autorregistro;Registro diario de síntomas;Registrar intensidad, duración, situación y respuesta ante síntomas relevantes.;Aumentar conciencia y facilitar análisis clínico.;bajo;7 días;alta;SRC005;El profesional debe adaptar la tarea al caso, fase terapéutica y nivel de riesgo.
Trauma y estrés;Estrés agudo;Reacción aguda al estrés;alto;Autorregistro;Registro de emociones;Anotar emoción, intensidad, desencadenante, pensamiento asociado y conducta realizada.;Mejorar identificación emocional.;bajo;7 días;media;SRC005;El profesional debe adaptar la tarea al caso, fase terapéutica y nivel de riesgo.
Trauma y estrés;Estrés agudo;Reacción aguda al estrés;alto;Autorregistro;Registro de ataques de pánico;Registrar síntomas, pensamientos, conducta y evolución temporal de cada crisis.;Comprender patrón de pánico.;medio;cada episodio;media;SRC005;El profesional debe adaptar la tarea al caso, fase terapéutica y nivel de riesgo.
Trauma y estrés;Estrés agudo;Reacción aguda al estrés;alto;Autorregistro;Registro de obsesiones y compulsiones;Anotar obsesión, ansiedad, compulsión, alivio y coste a largo plazo.;Identificar mapa TOC.;medio;7 días;media;SRC005;El profesional debe adaptar la tarea al caso, fase terapéutica y nivel de riesgo.
Trauma y estrés;Estrés agudo;Reacción aguda al estrés;alto;Autorregistro;Registro de preocupaciones nocturnas;Anotar preocupaciones antes de dormir y posponer resolución al día siguiente.;Reducir rumiación nocturna.;bajo;7 días;media;SRC005;El profesional debe adaptar la tarea al caso, fase terapéutica y nivel de riesgo.
Trauma y estrés;Estrés agudo;Reacción aguda al estrés;alto;Autorregistro;Registro de energía;Registrar actividades que consumen o recargan energía.;Detectar patrones de burnout.;bajo;7 días;media;SRC005;El profesional debe adaptar la tarea al caso, fase terapéutica y nivel de riesgo.
Trauma y estrés;Estrés agudo;Reacción aguda al estrés;alto;Grounding;Grounding 5-4-3-2-1;Nombrar 5 cosas que ve, 4 que siente, 3 que oye, 2 que huele, 1 que saborea.;Anclarse al presente.;bajo;3-5 min;media;SRC005;El profesional debe adaptar la tarea al caso, fase terapéutica y nivel de riesgo.
Trauma y estrés;Estrés agudo;Reacción aguda al estrés;alto;Prevención de recaídas;Plan de prevención de recaídas;Identificar señales tempranas, acciones preventivas y apoyos.;Mantener mejoría y actuar pronto.;bajo;45 min;alta;SRC005;El profesional debe adaptar la tarea al caso, fase terapéutica y nivel de riesgo.
Trauma y estrés;Estrés agudo;Reacción aguda al estrés;alto;Prevención de recaídas;Tarjeta de afrontamiento;Crear tarjeta breve con frases, pasos y recursos útiles.;Facilitar uso de estrategias en momentos difíciles.;bajo;15 min;media;SRC005;El profesional debe adaptar la tarea al caso, fase terapéutica y nivel de riesgo.
Trauma y estrés;Estrés agudo;Reacción aguda al estrés;alto;Prevención de recaídas;Identificar señales tempranas;Listar señales corporales, emocionales y conductuales de empeoramiento.;Detectar recaída o crisis incipiente.;bajo;20 min;media;SRC005;El profesional debe adaptar la tarea al caso, fase terapéutica y nivel de riesgo.
Trauma y estrés;Estrés agudo;Reacción aguda al estrés;alto;Prevención de recaídas;Plan de seguridad / crisis;Definir contactos, señales de alarma y pasos ante riesgo elevado.;Aumentar seguridad y coordinación clínica.;alto;supervisado;media;SRC005;El profesional debe adaptar la tarea al caso, fase terapéutica y nivel de riesgo.
Trauma y estrés;Estrés agudo;Reacción aguda al estrés;alto;Autocuidado;Pausas programadas;Programar pausas breves de respiración/movimiento durante la jornada.;Reducir acumulación de tensión.;bajo;5 min varias veces/día;media;SRC005;El profesional debe adaptar la tarea al caso, fase terapéutica y nivel de riesgo.
Trauma y estrés;Estrés agudo;Reacción aguda al estrés;alto;Red de apoyo;Contacto social mínimo;Programar un contacto social breve y seguro.;Reducir aislamiento.;bajo;1-3 veces/semana;media;SRC005;El profesional debe adaptar la tarea al caso, fase terapéutica y nivel de riesgo.
Trauma y estrés;Estrés agudo;Reacción aguda al estrés;alto;Red de apoyo;Mapa de red de apoyo;Identificar personas, recursos y contextos de apoyo disponibles.;Aumentar apoyo percibido y real.;bajo;20 min;media;SRC005;El profesional debe adaptar la tarea al caso, fase terapéutica y nivel de riesgo.
Trauma y estrés;Estrés laboral;Estrés ocupacional;medio;Psicoeducación;Leer explicación básica del problema;Leer una ficha psicoeducativa adaptada sobre el problema seleccionado.;Comprender el problema y reducir miedo o confusión inicial.;bajo;10-20 min;alta;SRC010;El profesional debe adaptar la tarea al caso, fase terapéutica y nivel de riesgo.
Trauma y estrés;Estrés laboral;Estrés ocupacional;medio;Psicoeducación;Dibujar el ciclo del problema;Completar un esquema de ciclo: situación, pensamiento, emoción, sensación, conducta y consecuencia.;Identificar mecanismos de mantenimiento.;bajo;15-30 min;alta;SRC010;El profesional debe adaptar la tarea al caso, fase terapéutica y nivel de riesgo.
Trauma y estrés;Estrés laboral;Estrés ocupacional;medio;Autorregistro;Registro diario de síntomas;Registrar intensidad, duración, situación y respuesta ante síntomas relevantes.;Aumentar conciencia y facilitar análisis clínico.;bajo;7 días;alta;SRC010;El profesional debe adaptar la tarea al caso, fase terapéutica y nivel de riesgo.
Trauma y estrés;Estrés laboral;Estrés ocupacional;medio;Autorregistro;Registro de emociones;Anotar emoción, intensidad, desencadenante, pensamiento asociado y conducta realizada.;Mejorar identificación emocional.;bajo;7 días;media;SRC010;El profesional debe adaptar la tarea al caso, fase terapéutica y nivel de riesgo.
Trauma y estrés;Estrés laboral;Estrés ocupacional;medio;Autorregistro;Registro de ataques de pánico;Registrar síntomas, pensamientos, conducta y evolución temporal de cada crisis.;Comprender patrón de pánico.;medio;cada episodio;media;SRC010;El profesional debe adaptar la tarea al caso, fase terapéutica y nivel de riesgo.
Trauma y estrés;Estrés laboral;Estrés ocupacional;medio;Autorregistro;Registro de obsesiones y compulsiones;Anotar obsesión, ansiedad, compulsión, alivio y coste a largo plazo.;Identificar mapa TOC.;medio;7 días;media;SRC010;El profesional debe adaptar la tarea al caso, fase terapéutica y nivel de riesgo.
Trauma y estrés;Estrés laboral;Estrés ocupacional;medio;Autorregistro;Registro de preocupaciones nocturnas;Anotar preocupaciones antes de dormir y posponer resolución al día siguiente.;Reducir rumiación nocturna.;bajo;7 días;media;SRC010;El profesional debe adaptar la tarea al caso, fase terapéutica y nivel de riesgo.
Trauma y estrés;Estrés laboral;Estrés ocupacional;medio;Autorregistro;Registro de energía;Registrar actividades que consumen o recargan energía.;Detectar patrones de burnout.;bajo;7 días;media;SRC010;El profesional debe adaptar la tarea al caso, fase terapéutica y nivel de riesgo.
Trauma y estrés;Estrés laboral;Estrés ocupacional;medio;Respiración diafragmática;Respiración diafragmática diaria;Practicar respiración lenta abdominal durante 10 minutos.;Reducir activación fisiológica.;bajo;10 min/día;alta;SRC010;El profesional debe adaptar la tarea al caso, fase terapéutica y nivel de riesgo.
Trauma y estrés;Estrés laboral;Estrés ocupacional;medio;Respiración diafragmática;Plan personal ante crisis de pánico;Crear una tarjeta con pasos de afrontamiento durante una crisis.;Aumentar sensación de control.;bajo;20 min;media;SRC010;El profesional debe adaptar la tarea al caso, fase terapéutica y nivel de riesgo.
Trauma y estrés;Estrés laboral;Estrés ocupacional;medio;Resolución de problemas;Hoja de resolución de problemas;Definir problema, alternativas, pros/contras, acción elegida y revisión.;Aumentar afrontamiento activo.;bajo;30-45 min;media;SRC010;El profesional debe adaptar la tarea al caso, fase terapéutica y nivel de riesgo.
Trauma y estrés;Estrés laboral;Estrés ocupacional;medio;Mindfulness / atención plena;Pausa consciente de 3 minutos;Hacer una pausa breve observando respiración, cuerpo y entorno.;Interrumpir automatismos y bajar activación.;bajo;3 min;media;SRC010;El profesional debe adaptar la tarea al caso, fase terapéutica y nivel de riesgo.
Trauma y estrés;Estrés laboral;Estrés ocupacional;medio;Organización y funciones ejecutivas;Matriz urgente/importante;Clasificar tareas laborales según urgencia e importancia.;Priorizar y reducir sobrecarga.;bajo;20 min;media;SRC010;El profesional debe adaptar la tarea al caso, fase terapéutica y nivel de riesgo.
Trauma y estrés;Estrés laboral;Estrés ocupacional;medio;Organización y funciones ejecutivas;Agenda con bloques de tiempo;Planificar el día en bloques concretos con descansos visibles.;Mejorar organización ejecutiva.;bajo;diario;media;SRC010;El profesional debe adaptar la tarea al caso, fase terapéutica y nivel de riesgo.
Trauma y estrés;Estrés laboral;Estrés ocupacional;medio;Organización y funciones ejecutivas;Tarea dividida en micro-pasos;Dividir una tarea evitada en pasos de menos de 10-15 minutos.;Reducir barrera de inicio.;bajo;20 min;media;SRC010;El profesional debe adaptar la tarea al caso, fase terapéutica y nivel de riesgo.
Trauma y estrés;Estrés laboral;Estrés ocupacional;medio;Organización y funciones ejecutivas;Técnica Pomodoro adaptada;Trabajar en bloques breves con pausa y registro de avance.;Aumentar inicio y mantenimiento de tarea.;bajo;25+5 min;media;SRC010;El profesional debe adaptar la tarea al caso, fase terapéutica y nivel de riesgo.
Trauma y estrés;Estrés laboral;Estrés ocupacional;medio;Organización y funciones ejecutivas;Eliminar distractores;Crear una lista de distractores y retirar uno durante el bloque de trabajo.;Mejorar concentración.;bajo;7 días;media;SRC010;El profesional debe adaptar la tarea al caso, fase terapéutica y nivel de riesgo.
Trauma y estrés;Estrés laboral;Estrés ocupacional;medio;Límites personales;Definir límites personales;Escribir límites necesarios, señales de invasión y forma de comunicarlos.;Mejorar autocuidado relacional.;bajo;30 min;media;SRC010;El profesional debe adaptar la tarea al caso, fase terapéutica y nivel de riesgo.
Trauma y estrés;Burnout;Desgaste profesional;medio;Psicoeducación;Leer explicación básica del problema;Leer una ficha psicoeducativa adaptada sobre el problema seleccionado.;Comprender el problema y reducir miedo o confusión inicial.;bajo;10-20 min;alta;SRC010;El profesional debe adaptar la tarea al caso, fase terapéutica y nivel de riesgo.
Trauma y estrés;Burnout;Desgaste profesional;medio;Psicoeducación;Dibujar el ciclo del problema;Completar un esquema de ciclo: situación, pensamiento, emoción, sensación, conducta y consecuencia.;Identificar mecanismos de mantenimiento.;bajo;15-30 min;alta;SRC010;El profesional debe adaptar la tarea al caso, fase terapéutica y nivel de riesgo.
Trauma y estrés;Burnout;Desgaste profesional;medio;Autorregistro;Registro diario de síntomas;Registrar intensidad, duración, situación y respuesta ante síntomas relevantes.;Aumentar conciencia y facilitar análisis clínico.;bajo;7 días;alta;SRC010;El profesional debe adaptar la tarea al caso, fase terapéutica y nivel de riesgo.
Trauma y estrés;Burnout;Desgaste profesional;medio;Autorregistro;Registro de emociones;Anotar emoción, intensidad, desencadenante, pensamiento asociado y conducta realizada.;Mejorar identificación emocional.;bajo;7 días;media;SRC010;El profesional debe adaptar la tarea al caso, fase terapéutica y nivel de riesgo.
Trauma y estrés;Burnout;Desgaste profesional;medio;Autorregistro;Registro de ataques de pánico;Registrar síntomas, pensamientos, conducta y evolución temporal de cada crisis.;Comprender patrón de pánico.;medio;cada episodio;media;SRC010;El profesional debe adaptar la tarea al caso, fase terapéutica y nivel de riesgo.
Trauma y estrés;Burnout;Desgaste profesional;medio;Autorregistro;Registro de obsesiones y compulsiones;Anotar obsesión, ansiedad, compulsión, alivio y coste a largo plazo.;Identificar mapa TOC.;medio;7 días;media;SRC010;El profesional debe adaptar la tarea al caso, fase terapéutica y nivel de riesgo.
Trauma y estrés;Burnout;Desgaste profesional;medio;Autorregistro;Registro de preocupaciones nocturnas;Anotar preocupaciones antes de dormir y posponer resolución al día siguiente.;Reducir rumiación nocturna.;bajo;7 días;media;SRC010;El profesional debe adaptar la tarea al caso, fase terapéutica y nivel de riesgo.
Trauma y estrés;Burnout;Desgaste profesional;medio;Autorregistro;Registro de energía;Registrar actividades que consumen o recargan energía.;Detectar patrones de burnout.;bajo;7 días;media;SRC010;El profesional debe adaptar la tarea al caso, fase terapéutica y nivel de riesgo.
Trauma y estrés;Burnout;Desgaste profesional;medio;Resolución de problemas;Hoja de resolución de problemas;Definir problema, alternativas, pros/contras, acción elegida y revisión.;Aumentar afrontamiento activo.;bajo;30-45 min;media;SRC010;El profesional debe adaptar la tarea al caso, fase terapéutica y nivel de riesgo.
Trauma y estrés;Burnout;Desgaste profesional;medio;Mindfulness / atención plena;Pausa consciente de 3 minutos;Hacer una pausa breve observando respiración, cuerpo y entorno.;Interrumpir automatismos y bajar activación.;bajo;3 min;media;SRC010;El profesional debe adaptar la tarea al caso, fase terapéutica y nivel de riesgo.
Trauma y estrés;Burnout;Desgaste profesional;medio;Trabajo con valores;Trabajo con valores personales;Elegir 5 valores y una acción pequeña alineada con cada uno.;Orientar conducta hacia sentido personal.;bajo;30-45 min;media;SRC010;El profesional debe adaptar la tarea al caso, fase terapéutica y nivel de riesgo.
Trauma y estrés;Burnout;Desgaste profesional;medio;Organización y funciones ejecutivas;Matriz urgente/importante;Clasificar tareas laborales según urgencia e importancia.;Priorizar y reducir sobrecarga.;bajo;20 min;media;SRC010;El profesional debe adaptar la tarea al caso, fase terapéutica y nivel de riesgo.
Trauma y estrés;Burnout;Desgaste profesional;medio;Organización y funciones ejecutivas;Agenda con bloques de tiempo;Planificar el día en bloques concretos con descansos visibles.;Mejorar organización ejecutiva.;bajo;diario;media;SRC010;El profesional debe adaptar la tarea al caso, fase terapéutica y nivel de riesgo.
Trauma y estrés;Burnout;Desgaste profesional;medio;Organización y funciones ejecutivas;Tarea dividida en micro-pasos;Dividir una tarea evitada en pasos de menos de 10-15 minutos.;Reducir barrera de inicio.;bajo;20 min;media;SRC010;El profesional debe adaptar la tarea al caso, fase terapéutica y nivel de riesgo.
Trauma y estrés;Burnout;Desgaste profesional;medio;Organización y funciones ejecutivas;Técnica Pomodoro adaptada;Trabajar en bloques breves con pausa y registro de avance.;Aumentar inicio y mantenimiento de tarea.;bajo;25+5 min;media;SRC010;El profesional debe adaptar la tarea al caso, fase terapéutica y nivel de riesgo.
Trauma y estrés;Burnout;Desgaste profesional;medio;Organización y funciones ejecutivas;Eliminar distractores;Crear una lista de distractores y retirar uno durante el bloque de trabajo.;Mejorar concentración.;bajo;7 días;media;SRC010;El profesional debe adaptar la tarea al caso, fase terapéutica y nivel de riesgo.
Trauma y estrés;Burnout;Desgaste profesional;medio;Límites personales;Definir límites personales;Escribir límites necesarios, señales de invasión y forma de comunicarlos.;Mejorar autocuidado relacional.;bajo;30 min;media;SRC010;El profesional debe adaptar la tarea al caso, fase terapéutica y nivel de riesgo.
Trauma y estrés;Burnout;Desgaste profesional;medio;Límites personales;Plan de desconexión laboral;Definir hora de cierre, ritual de cierre y límites de disponibilidad.;Reducir interferencia trabajo-descanso.;bajo;7 días;media;SRC010;El profesional debe adaptar la tarea al caso, fase terapéutica y nivel de riesgo.
Sueño;Insomnio;Dificultad de sueño;medio;Psicoeducación;Leer explicación básica del problema;Leer una ficha psicoeducativa adaptada sobre el problema seleccionado.;Comprender el problema y reducir miedo o confusión inicial.;bajo;10-20 min;alta;"SRC008;SRC010";El profesional debe adaptar la tarea al caso, fase terapéutica y nivel de riesgo.
Sueño;Insomnio;Dificultad de sueño;medio;Psicoeducación;Dibujar el ciclo del problema;Completar un esquema de ciclo: situación, pensamiento, emoción, sensación, conducta y consecuencia.;Identificar mecanismos de mantenimiento.;bajo;15-30 min;alta;"SRC008;SRC010";El profesional debe adaptar la tarea al caso, fase terapéutica y nivel de riesgo.
Sueño;Insomnio;Dificultad de sueño;medio;Autorregistro;Registro diario de síntomas;Registrar intensidad, duración, situación y respuesta ante síntomas relevantes.;Aumentar conciencia y facilitar análisis clínico.;bajo;7 días;alta;"SRC008;SRC010";El profesional debe adaptar la tarea al caso, fase terapéutica y nivel de riesgo.
Sueño;Insomnio;Dificultad de sueño;medio;Autorregistro;Registro de emociones;Anotar emoción, intensidad, desencadenante, pensamiento asociado y conducta realizada.;Mejorar identificación emocional.;bajo;7 días;media;"SRC008;SRC010";El profesional debe adaptar la tarea al caso, fase terapéutica y nivel de riesgo.
Sueño;Insomnio;Dificultad de sueño;medio;Autorregistro;Registro de ataques de pánico;Registrar síntomas, pensamientos, conducta y evolución temporal de cada crisis.;Comprender patrón de pánico.;medio;cada episodio;media;"SRC008;SRC010";El profesional debe adaptar la tarea al caso, fase terapéutica y nivel de riesgo.
Sueño;Insomnio;Dificultad de sueño;medio;Autorregistro;Registro de obsesiones y compulsiones;Anotar obsesión, ansiedad, compulsión, alivio y coste a largo plazo.;Identificar mapa TOC.;medio;7 días;media;"SRC008;SRC010";El profesional debe adaptar la tarea al caso, fase terapéutica y nivel de riesgo.
Sueño;Insomnio;Dificultad de sueño;medio;Autorregistro;Registro de preocupaciones nocturnas;Anotar preocupaciones antes de dormir y posponer resolución al día siguiente.;Reducir rumiación nocturna.;bajo;7 días;media;"SRC008;SRC010";El profesional debe adaptar la tarea al caso, fase terapéutica y nivel de riesgo.
Sueño;Insomnio;Dificultad de sueño;medio;Autorregistro;Registro de energía;Registrar actividades que consumen o recargan energía.;Detectar patrones de burnout.;bajo;7 días;media;"SRC008;SRC010";El profesional debe adaptar la tarea al caso, fase terapéutica y nivel de riesgo.
Sueño;Insomnio;Dificultad de sueño;medio;Higiene del sueño;Diario de sueño;Registrar hora de acostarse, despertares, levantarse, siestas y calidad subjetiva.;Evaluar patrones de sueño.;bajo;14 días;alta;"SRC008;SRC010";El profesional debe adaptar la tarea al caso, fase terapéutica y nivel de riesgo.
Sueño;Insomnio;Dificultad de sueño;medio;Higiene del sueño;Rutina pre-sueño;Definir rutina de 30-60 minutos sin pantallas ni activación alta.;Favorecer inicio de sueño.;bajo;7-14 días;media;"SRC008;SRC010";El profesional debe adaptar la tarea al caso, fase terapéutica y nivel de riesgo.
Sueño;Insomnio;Dificultad de sueño;medio;Control de estímulos del sueño;Control de estímulos básico;Usar la cama solo para dormir/sexo y levantarse si no se concilia tras tiempo razonable.;Reasociar cama con sueño.;medio;14 días;media;"SRC008;SRC010";El profesional debe adaptar la tarea al caso, fase terapéutica y nivel de riesgo.
Sueño;Insomnio;Dificultad de sueño;medio;Mindfulness / atención plena;Pausa consciente de 3 minutos;Hacer una pausa breve observando respiración, cuerpo y entorno.;Interrumpir automatismos y bajar activación.;bajo;3 min;media;"SRC008;SRC010";El profesional debe adaptar la tarea al caso, fase terapéutica y nivel de riesgo.
Sueño;Insomnio;Dificultad de sueño;medio;Prevención de recaídas;Plan de prevención de recaídas;Identificar señales tempranas, acciones preventivas y apoyos.;Mantener mejoría y actuar pronto.;bajo;45 min;alta;"SRC008;SRC010";El profesional debe adaptar la tarea al caso, fase terapéutica y nivel de riesgo.
Sueño;Insomnio;Dificultad de sueño;medio;Prevención de recaídas;Tarjeta de afrontamiento;Crear tarjeta breve con frases, pasos y recursos útiles.;Facilitar uso de estrategias en momentos difíciles.;bajo;15 min;media;"SRC008;SRC010";El profesional debe adaptar la tarea al caso, fase terapéutica y nivel de riesgo.
Sueño;Insomnio;Dificultad de sueño;medio;Prevención de recaídas;Identificar señales tempranas;Listar señales corporales, emocionales y conductuales de empeoramiento.;Detectar recaída o crisis incipiente.;bajo;20 min;media;"SRC008;SRC010";El profesional debe adaptar la tarea al caso, fase terapéutica y nivel de riesgo.
Sueño;Insomnio;Dificultad de sueño;medio;Prevención de recaídas;Plan de seguridad / crisis;Definir contactos, señales de alarma y pasos ante riesgo elevado.;Aumentar seguridad y coordinación clínica.;alto;supervisado;media;"SRC008;SRC010";El profesional debe adaptar la tarea al caso, fase terapéutica y nivel de riesgo.
Sueño;Higiene del sueño deficiente;Hábitos de sueño inadecuados;bajo;Psicoeducación;Leer explicación básica del problema;Leer una ficha psicoeducativa adaptada sobre el problema seleccionado.;Comprender el problema y reducir miedo o confusión inicial.;bajo;10-20 min;alta;SRC008;El profesional debe adaptar la tarea al caso, fase terapéutica y nivel de riesgo.
Sueño;Higiene del sueño deficiente;Hábitos de sueño inadecuados;bajo;Psicoeducación;Dibujar el ciclo del problema;Completar un esquema de ciclo: situación, pensamiento, emoción, sensación, conducta y consecuencia.;Identificar mecanismos de mantenimiento.;bajo;15-30 min;alta;SRC008;El profesional debe adaptar la tarea al caso, fase terapéutica y nivel de riesgo.
Sueño;Higiene del sueño deficiente;Hábitos de sueño inadecuados;bajo;Autorregistro;Registro diario de síntomas;Registrar intensidad, duración, situación y respuesta ante síntomas relevantes.;Aumentar conciencia y facilitar análisis clínico.;bajo;7 días;alta;SRC008;El profesional debe adaptar la tarea al caso, fase terapéutica y nivel de riesgo.
Sueño;Higiene del sueño deficiente;Hábitos de sueño inadecuados;bajo;Autorregistro;Registro de emociones;Anotar emoción, intensidad, desencadenante, pensamiento asociado y conducta realizada.;Mejorar identificación emocional.;bajo;7 días;media;SRC008;El profesional debe adaptar la tarea al caso, fase terapéutica y nivel de riesgo.
Sueño;Higiene del sueño deficiente;Hábitos de sueño inadecuados;bajo;Autorregistro;Registro de ataques de pánico;Registrar síntomas, pensamientos, conducta y evolución temporal de cada crisis.;Comprender patrón de pánico.;medio;cada episodio;media;SRC008;El profesional debe adaptar la tarea al caso, fase terapéutica y nivel de riesgo.
Sueño;Higiene del sueño deficiente;Hábitos de sueño inadecuados;bajo;Autorregistro;Registro de obsesiones y compulsiones;Anotar obsesión, ansiedad, compulsión, alivio y coste a largo plazo.;Identificar mapa TOC.;medio;7 días;media;SRC008;El profesional debe adaptar la tarea al caso, fase terapéutica y nivel de riesgo.
Sueño;Higiene del sueño deficiente;Hábitos de sueño inadecuados;bajo;Autorregistro;Registro de preocupaciones nocturnas;Anotar preocupaciones antes de dormir y posponer resolución al día siguiente.;Reducir rumiación nocturna.;bajo;7 días;media;SRC008;El profesional debe adaptar la tarea al caso, fase terapéutica y nivel de riesgo.
Sueño;Higiene del sueño deficiente;Hábitos de sueño inadecuados;bajo;Autorregistro;Registro de energía;Registrar actividades que consumen o recargan energía.;Detectar patrones de burnout.;bajo;7 días;media;SRC008;El profesional debe adaptar la tarea al caso, fase terapéutica y nivel de riesgo.
Sueño;Higiene del sueño deficiente;Hábitos de sueño inadecuados;bajo;Higiene del sueño;Diario de sueño;Registrar hora de acostarse, despertares, levantarse, siestas y calidad subjetiva.;Evaluar patrones de sueño.;bajo;14 días;alta;SRC008;El profesional debe adaptar la tarea al caso, fase terapéutica y nivel de riesgo.
Sueño;Higiene del sueño deficiente;Hábitos de sueño inadecuados;bajo;Higiene del sueño;Rutina pre-sueño;Definir rutina de 30-60 minutos sin pantallas ni activación alta.;Favorecer inicio de sueño.;bajo;7-14 días;media;SRC008;El profesional debe adaptar la tarea al caso, fase terapéutica y nivel de riesgo.
Sueño;Higiene del sueño deficiente;Hábitos de sueño inadecuados;bajo;Control de estímulos del sueño;Control de estímulos básico;Usar la cama solo para dormir/sexo y levantarse si no se concilia tras tiempo razonable.;Reasociar cama con sueño.;medio;14 días;media;SRC008;El profesional debe adaptar la tarea al caso, fase terapéutica y nivel de riesgo.
Relaciones y vínculos;Dependencia emocional;Vínculo dependiente;medio;Psicoeducación;Leer explicación básica del problema;Leer una ficha psicoeducativa adaptada sobre el problema seleccionado.;Comprender el problema y reducir miedo o confusión inicial.;bajo;10-20 min;alta;SRC010;El profesional debe adaptar la tarea al caso, fase terapéutica y nivel de riesgo.
Relaciones y vínculos;Dependencia emocional;Vínculo dependiente;medio;Psicoeducación;Dibujar el ciclo del problema;Completar un esquema de ciclo: situación, pensamiento, emoción, sensación, conducta y consecuencia.;Identificar mecanismos de mantenimiento.;bajo;15-30 min;alta;SRC010;El profesional debe adaptar la tarea al caso, fase terapéutica y nivel de riesgo.
Relaciones y vínculos;Dependencia emocional;Vínculo dependiente;medio;Autorregistro;Registro diario de síntomas;Registrar intensidad, duración, situación y respuesta ante síntomas relevantes.;Aumentar conciencia y facilitar análisis clínico.;bajo;7 días;alta;SRC010;El profesional debe adaptar la tarea al caso, fase terapéutica y nivel de riesgo.
Relaciones y vínculos;Dependencia emocional;Vínculo dependiente;medio;Autorregistro;Registro de emociones;Anotar emoción, intensidad, desencadenante, pensamiento asociado y conducta realizada.;Mejorar identificación emocional.;bajo;7 días;media;SRC010;El profesional debe adaptar la tarea al caso, fase terapéutica y nivel de riesgo.
Relaciones y vínculos;Dependencia emocional;Vínculo dependiente;medio;Autorregistro;Registro de ataques de pánico;Registrar síntomas, pensamientos, conducta y evolución temporal de cada crisis.;Comprender patrón de pánico.;medio;cada episodio;media;SRC010;El profesional debe adaptar la tarea al caso, fase terapéutica y nivel de riesgo.
Relaciones y vínculos;Dependencia emocional;Vínculo dependiente;medio;Autorregistro;Registro de obsesiones y compulsiones;Anotar obsesión, ansiedad, compulsión, alivio y coste a largo plazo.;Identificar mapa TOC.;medio;7 días;media;SRC010;El profesional debe adaptar la tarea al caso, fase terapéutica y nivel de riesgo.
Relaciones y vínculos;Dependencia emocional;Vínculo dependiente;medio;Autorregistro;Registro de preocupaciones nocturnas;Anotar preocupaciones antes de dormir y posponer resolución al día siguiente.;Reducir rumiación nocturna.;bajo;7 días;media;SRC010;El profesional debe adaptar la tarea al caso, fase terapéutica y nivel de riesgo.
Relaciones y vínculos;Dependencia emocional;Vínculo dependiente;medio;Autorregistro;Registro de energía;Registrar actividades que consumen o recargan energía.;Detectar patrones de burnout.;bajo;7 días;media;SRC010;El profesional debe adaptar la tarea al caso, fase terapéutica y nivel de riesgo.
Relaciones y vínculos;Dependencia emocional;Vínculo dependiente;medio;Reestructuración cognitiva;Registro de pensamientos automáticos;Registrar situación, pensamiento, emoción, intensidad y respuesta alternativa.;Detectar patrones cognitivos.;bajo;7 días;alta;SRC010;El profesional debe adaptar la tarea al caso, fase terapéutica y nivel de riesgo.
Relaciones y vínculos;Dependencia emocional;Vínculo dependiente;medio;Reestructuración cognitiva;Evidencias a favor y en contra;Analizar un pensamiento automático buscando pruebas que lo apoyen y lo contradigan.;Flexibilizar interpretaciones.;medio;20-30 min;media;SRC010;El profesional debe adaptar la tarea al caso, fase terapéutica y nivel de riesgo.
Relaciones y vínculos;Dependencia emocional;Vínculo dependiente;medio;Reestructuración cognitiva;Pensamiento alternativo equilibrado;Formular una interpretación alternativa más realista y útil.;Reducir impacto emocional de pensamientos disfuncionales.;medio;15-20 min;media;SRC010;El profesional debe adaptar la tarea al caso, fase terapéutica y nivel de riesgo.
Relaciones y vínculos;Dependencia emocional;Vínculo dependiente;medio;Reestructuración cognitiva;Coste-beneficio del perfeccionismo;Analizar beneficios aparentes y costes reales de estándares rígidos.;Flexibilizar reglas internas.;bajo;30 min;media;SRC010;El profesional debe adaptar la tarea al caso, fase terapéutica y nivel de riesgo.
Relaciones y vínculos;Dependencia emocional;Vínculo dependiente;medio;Reestructuración cognitiva;Experimento conductual;Probar una predicción temida y comparar resultado esperado con real.;Actualizar creencias mediante experiencia.;medio;variable;media;SRC010;El profesional debe adaptar la tarea al caso, fase terapéutica y nivel de riesgo.
Relaciones y vínculos;Dependencia emocional;Vínculo dependiente;medio;Asertividad;Practicar decir no;Ensayar una frase asertiva para rechazar una petición no deseada.;Aumentar asertividad.;bajo;15-30 min;media;SRC010;El profesional debe adaptar la tarea al caso, fase terapéutica y nivel de riesgo.
Relaciones y vínculos;Dependencia emocional;Vínculo dependiente;medio;Asertividad;Guion DEAR / petición asertiva;Preparar una petición usando descripción, emoción, petición y consecuencia razonable.;Comunicar necesidades con claridad.;bajo;20-30 min;media;SRC010;El profesional debe adaptar la tarea al caso, fase terapéutica y nivel de riesgo.
Relaciones y vínculos;Dependencia emocional;Vínculo dependiente;medio;Autocompasión;Lista de fortalezas personales;Escribir fortalezas, ejemplos y situaciones donde se han usado.;Mejorar autoconcepto.;bajo;20-30 min;media;SRC010;El profesional debe adaptar la tarea al caso, fase terapéutica y nivel de riesgo.
Relaciones y vínculos;Dependencia emocional;Vínculo dependiente;medio;Autocompasión;Diario de logros;Registrar tres acciones valiosas o logros diarios, aunque sean pequeños.;Contrarrestar sesgo negativo.;bajo;7 días;media;SRC010;El profesional debe adaptar la tarea al caso, fase terapéutica y nivel de riesgo.
Relaciones y vínculos;Dependencia emocional;Vínculo dependiente;medio;Autocompasión;Responder a la autocrítica;Escribir una respuesta amable y realista a una autocrítica frecuente.;Reducir diálogo interno punitivo.;bajo;15-20 min;media;SRC010;El profesional debe adaptar la tarea al caso, fase terapéutica y nivel de riesgo.
Relaciones y vínculos;Ruptura sentimental;Adaptación a separación;medio;Psicoeducación;Leer explicación básica del problema;Leer una ficha psicoeducativa adaptada sobre el problema seleccionado.;Comprender el problema y reducir miedo o confusión inicial.;bajo;10-20 min;alta;SRC010;El profesional debe adaptar la tarea al caso, fase terapéutica y nivel de riesgo.
Relaciones y vínculos;Ruptura sentimental;Adaptación a separación;medio;Psicoeducación;Dibujar el ciclo del problema;Completar un esquema de ciclo: situación, pensamiento, emoción, sensación, conducta y consecuencia.;Identificar mecanismos de mantenimiento.;bajo;15-30 min;alta;SRC010;El profesional debe adaptar la tarea al caso, fase terapéutica y nivel de riesgo.
Relaciones y vínculos;Ruptura sentimental;Adaptación a separación;medio;Autorregistro;Registro diario de síntomas;Registrar intensidad, duración, situación y respuesta ante síntomas relevantes.;Aumentar conciencia y facilitar análisis clínico.;bajo;7 días;alta;SRC010;El profesional debe adaptar la tarea al caso, fase terapéutica y nivel de riesgo.
Relaciones y vínculos;Ruptura sentimental;Adaptación a separación;medio;Autorregistro;Registro de emociones;Anotar emoción, intensidad, desencadenante, pensamiento asociado y conducta realizada.;Mejorar identificación emocional.;bajo;7 días;media;SRC010;El profesional debe adaptar la tarea al caso, fase terapéutica y nivel de riesgo.
Relaciones y vínculos;Ruptura sentimental;Adaptación a separación;medio;Autorregistro;Registro de ataques de pánico;Registrar síntomas, pensamientos, conducta y evolución temporal de cada crisis.;Comprender patrón de pánico.;medio;cada episodio;media;SRC010;El profesional debe adaptar la tarea al caso, fase terapéutica y nivel de riesgo.
Relaciones y vínculos;Ruptura sentimental;Adaptación a separación;medio;Autorregistro;Registro de obsesiones y compulsiones;Anotar obsesión, ansiedad, compulsión, alivio y coste a largo plazo.;Identificar mapa TOC.;medio;7 días;media;SRC010;El profesional debe adaptar la tarea al caso, fase terapéutica y nivel de riesgo.
Relaciones y vínculos;Ruptura sentimental;Adaptación a separación;medio;Autorregistro;Registro de preocupaciones nocturnas;Anotar preocupaciones antes de dormir y posponer resolución al día siguiente.;Reducir rumiación nocturna.;bajo;7 días;media;SRC010;El profesional debe adaptar la tarea al caso, fase terapéutica y nivel de riesgo.
Relaciones y vínculos;Ruptura sentimental;Adaptación a separación;medio;Autorregistro;Registro de energía;Registrar actividades que consumen o recargan energía.;Detectar patrones de burnout.;bajo;7 días;media;SRC010;El profesional debe adaptar la tarea al caso, fase terapéutica y nivel de riesgo.
Relaciones y vínculos;Ruptura sentimental;Adaptación a separación;medio;Autocompasión;Lista de fortalezas personales;Escribir fortalezas, ejemplos y situaciones donde se han usado.;Mejorar autoconcepto.;bajo;20-30 min;media;SRC010;El profesional debe adaptar la tarea al caso, fase terapéutica y nivel de riesgo.
Relaciones y vínculos;Ruptura sentimental;Adaptación a separación;medio;Autocompasión;Diario de logros;Registrar tres acciones valiosas o logros diarios, aunque sean pequeños.;Contrarrestar sesgo negativo.;bajo;7 días;media;SRC010;El profesional debe adaptar la tarea al caso, fase terapéutica y nivel de riesgo.
Relaciones y vínculos;Ruptura sentimental;Adaptación a separación;medio;Autocompasión;Responder a la autocrítica;Escribir una respuesta amable y realista a una autocrítica frecuente.;Reducir diálogo interno punitivo.;bajo;15-20 min;media;SRC010;El profesional debe adaptar la tarea al caso, fase terapéutica y nivel de riesgo.
Relaciones y vínculos;Ruptura sentimental;Adaptación a separación;medio;Autocompasión;Aceptar un cumplido;Practicar responder a un cumplido sin negarlo ni minimizarlo.;Mejorar recepción de valoración positiva.;bajo;7 días;media;SRC010;El profesional debe adaptar la tarea al caso, fase terapéutica y nivel de riesgo.
Relaciones y vínculos;Ruptura sentimental;Adaptación a separación;medio;Trabajo con valores;Trabajo con valores personales;Elegir 5 valores y una acción pequeña alineada con cada uno.;Orientar conducta hacia sentido personal.;bajo;30-45 min;media;SRC010;El profesional debe adaptar la tarea al caso, fase terapéutica y nivel de riesgo.
Relaciones y vínculos;Ruptura sentimental;Adaptación a separación;medio;Límites personales;Definir límites personales;Escribir límites necesarios, señales de invasión y forma de comunicarlos.;Mejorar autocuidado relacional.;bajo;30 min;media;SRC010;El profesional debe adaptar la tarea al caso, fase terapéutica y nivel de riesgo.
Relaciones y vínculos;Ruptura sentimental;Adaptación a separación;medio;Límites personales;Plan de desconexión laboral;Definir hora de cierre, ritual de cierre y límites de disponibilidad.;Reducir interferencia trabajo-descanso.;bajo;7 días;media;SRC010;El profesional debe adaptar la tarea al caso, fase terapéutica y nivel de riesgo.
Relaciones y vínculos;Ruptura sentimental;Adaptación a separación;medio;Autocuidado;Pausas programadas;Programar pausas breves de respiración/movimiento durante la jornada.;Reducir acumulación de tensión.;bajo;5 min varias veces/día;media;SRC010;El profesional debe adaptar la tarea al caso, fase terapéutica y nivel de riesgo.
Relaciones y vínculos;Ruptura sentimental;Adaptación a separación;medio;Red de apoyo;Contacto social mínimo;Programar un contacto social breve y seguro.;Reducir aislamiento.;bajo;1-3 veces/semana;media;SRC010;El profesional debe adaptar la tarea al caso, fase terapéutica y nivel de riesgo.
Relaciones y vínculos;Ruptura sentimental;Adaptación a separación;medio;Red de apoyo;Mapa de red de apoyo;Identificar personas, recursos y contextos de apoyo disponibles.;Aumentar apoyo percibido y real.;bajo;20 min;media;SRC010;El profesional debe adaptar la tarea al caso, fase terapéutica y nivel de riesgo.
Relaciones y vínculos;Celos problemáticos;Celos y control;medio;Psicoeducación;Leer explicación básica del problema;Leer una ficha psicoeducativa adaptada sobre el problema seleccionado.;Comprender el problema y reducir miedo o confusión inicial.;bajo;10-20 min;alta;SRC010;El profesional debe adaptar la tarea al caso, fase terapéutica y nivel de riesgo.
Relaciones y vínculos;Celos problemáticos;Celos y control;medio;Psicoeducación;Dibujar el ciclo del problema;Completar un esquema de ciclo: situación, pensamiento, emoción, sensación, conducta y consecuencia.;Identificar mecanismos de mantenimiento.;bajo;15-30 min;alta;SRC010;El profesional debe adaptar la tarea al caso, fase terapéutica y nivel de riesgo.
Relaciones y vínculos;Celos problemáticos;Celos y control;medio;Autorregistro;Registro diario de síntomas;Registrar intensidad, duración, situación y respuesta ante síntomas relevantes.;Aumentar conciencia y facilitar análisis clínico.;bajo;7 días;alta;SRC010;El profesional debe adaptar la tarea al caso, fase terapéutica y nivel de riesgo.
Relaciones y vínculos;Celos problemáticos;Celos y control;medio;Autorregistro;Registro de emociones;Anotar emoción, intensidad, desencadenante, pensamiento asociado y conducta realizada.;Mejorar identificación emocional.;bajo;7 días;media;SRC010;El profesional debe adaptar la tarea al caso, fase terapéutica y nivel de riesgo.
Relaciones y vínculos;Celos problemáticos;Celos y control;medio;Autorregistro;Registro de ataques de pánico;Registrar síntomas, pensamientos, conducta y evolución temporal de cada crisis.;Comprender patrón de pánico.;medio;cada episodio;media;SRC010;El profesional debe adaptar la tarea al caso, fase terapéutica y nivel de riesgo.
Relaciones y vínculos;Celos problemáticos;Celos y control;medio;Autorregistro;Registro de obsesiones y compulsiones;Anotar obsesión, ansiedad, compulsión, alivio y coste a largo plazo.;Identificar mapa TOC.;medio;7 días;media;SRC010;El profesional debe adaptar la tarea al caso, fase terapéutica y nivel de riesgo.
Relaciones y vínculos;Celos problemáticos;Celos y control;medio;Autorregistro;Registro de preocupaciones nocturnas;Anotar preocupaciones antes de dormir y posponer resolución al día siguiente.;Reducir rumiación nocturna.;bajo;7 días;media;SRC010;El profesional debe adaptar la tarea al caso, fase terapéutica y nivel de riesgo.
Relaciones y vínculos;Celos problemáticos;Celos y control;medio;Autorregistro;Registro de energía;Registrar actividades que consumen o recargan energía.;Detectar patrones de burnout.;bajo;7 días;media;SRC010;El profesional debe adaptar la tarea al caso, fase terapéutica y nivel de riesgo.
Relaciones y vínculos;Celos problemáticos;Celos y control;medio;Reestructuración cognitiva;Registro de pensamientos automáticos;Registrar situación, pensamiento, emoción, intensidad y respuesta alternativa.;Detectar patrones cognitivos.;bajo;7 días;alta;SRC010;El profesional debe adaptar la tarea al caso, fase terapéutica y nivel de riesgo.
Relaciones y vínculos;Celos problemáticos;Celos y control;medio;Reestructuración cognitiva;Evidencias a favor y en contra;Analizar un pensamiento automático buscando pruebas que lo apoyen y lo contradigan.;Flexibilizar interpretaciones.;medio;20-30 min;media;SRC010;El profesional debe adaptar la tarea al caso, fase terapéutica y nivel de riesgo.
Relaciones y vínculos;Celos problemáticos;Celos y control;medio;Reestructuración cognitiva;Pensamiento alternativo equilibrado;Formular una interpretación alternativa más realista y útil.;Reducir impacto emocional de pensamientos disfuncionales.;medio;15-20 min;media;SRC010;El profesional debe adaptar la tarea al caso, fase terapéutica y nivel de riesgo.
Relaciones y vínculos;Celos problemáticos;Celos y control;medio;Reestructuración cognitiva;Coste-beneficio del perfeccionismo;Analizar beneficios aparentes y costes reales de estándares rígidos.;Flexibilizar reglas internas.;bajo;30 min;media;SRC010;El profesional debe adaptar la tarea al caso, fase terapéutica y nivel de riesgo.
Relaciones y vínculos;Celos problemáticos;Celos y control;medio;Reestructuración cognitiva;Experimento conductual;Probar una predicción temida y comparar resultado esperado con real.;Actualizar creencias mediante experiencia.;medio;variable;media;SRC010;El profesional debe adaptar la tarea al caso, fase terapéutica y nivel de riesgo.
Relaciones y vínculos;Celos problemáticos;Celos y control;medio;Asertividad;Practicar decir no;Ensayar una frase asertiva para rechazar una petición no deseada.;Aumentar asertividad.;bajo;15-30 min;media;SRC010;El profesional debe adaptar la tarea al caso, fase terapéutica y nivel de riesgo.
Relaciones y vínculos;Celos problemáticos;Celos y control;medio;Asertividad;Guion DEAR / petición asertiva;Preparar una petición usando descripción, emoción, petición y consecuencia razonable.;Comunicar necesidades con claridad.;bajo;20-30 min;media;SRC010;El profesional debe adaptar la tarea al caso, fase terapéutica y nivel de riesgo.
Relaciones y vínculos;Celos problemáticos;Celos y control;medio;Manejo de impulsos;Semáforo emocional;Identificar señales verde/amarillo/rojo de activación emocional.;Prevenir escalada de ira o impulsividad.;bajo;20 min;media;SRC010;El profesional debe adaptar la tarea al caso, fase terapéutica y nivel de riesgo.
Relaciones y vínculos;Celos problemáticos;Celos y control;medio;Manejo de impulsos;Tiempo fuera pactado;Aplicar pausa conductual antes de responder en situación de ira.;Reducir respuestas impulsivas.;medio;cuando aparezca ira;media;SRC010;El profesional debe adaptar la tarea al caso, fase terapéutica y nivel de riesgo.
Relaciones y vínculos;Celos problemáticos;Celos y control;medio;Límites personales;Definir límites personales;Escribir límites necesarios, señales de invasión y forma de comunicarlos.;Mejorar autocuidado relacional.;bajo;30 min;media;SRC010;El profesional debe adaptar la tarea al caso, fase terapéutica y nivel de riesgo.
Relaciones y vínculos;Déficit de habilidades sociales;Habilidades sociales;bajo;Psicoeducación;Leer explicación básica del problema;Leer una ficha psicoeducativa adaptada sobre el problema seleccionado.;Comprender el problema y reducir miedo o confusión inicial.;bajo;10-20 min;alta;"SRC004;SRC010";El profesional debe adaptar la tarea al caso, fase terapéutica y nivel de riesgo.
Relaciones y vínculos;Déficit de habilidades sociales;Habilidades sociales;bajo;Psicoeducación;Dibujar el ciclo del problema;Completar un esquema de ciclo: situación, pensamiento, emoción, sensación, conducta y consecuencia.;Identificar mecanismos de mantenimiento.;bajo;15-30 min;alta;"SRC004;SRC010";El profesional debe adaptar la tarea al caso, fase terapéutica y nivel de riesgo.
Relaciones y vínculos;Déficit de habilidades sociales;Habilidades sociales;bajo;Autorregistro;Registro diario de síntomas;Registrar intensidad, duración, situación y respuesta ante síntomas relevantes.;Aumentar conciencia y facilitar análisis clínico.;bajo;7 días;alta;"SRC004;SRC010";El profesional debe adaptar la tarea al caso, fase terapéutica y nivel de riesgo.
Relaciones y vínculos;Déficit de habilidades sociales;Habilidades sociales;bajo;Autorregistro;Registro de emociones;Anotar emoción, intensidad, desencadenante, pensamiento asociado y conducta realizada.;Mejorar identificación emocional.;bajo;7 días;media;"SRC004;SRC010";El profesional debe adaptar la tarea al caso, fase terapéutica y nivel de riesgo.
Relaciones y vínculos;Déficit de habilidades sociales;Habilidades sociales;bajo;Autorregistro;Registro de ataques de pánico;Registrar síntomas, pensamientos, conducta y evolución temporal de cada crisis.;Comprender patrón de pánico.;medio;cada episodio;media;"SRC004;SRC010";El profesional debe adaptar la tarea al caso, fase terapéutica y nivel de riesgo.
Relaciones y vínculos;Déficit de habilidades sociales;Habilidades sociales;bajo;Autorregistro;Registro de obsesiones y compulsiones;Anotar obsesión, ansiedad, compulsión, alivio y coste a largo plazo.;Identificar mapa TOC.;medio;7 días;media;"SRC004;SRC010";El profesional debe adaptar la tarea al caso, fase terapéutica y nivel de riesgo.
Relaciones y vínculos;Déficit de habilidades sociales;Habilidades sociales;bajo;Autorregistro;Registro de preocupaciones nocturnas;Anotar preocupaciones antes de dormir y posponer resolución al día siguiente.;Reducir rumiación nocturna.;bajo;7 días;media;"SRC004;SRC010";El profesional debe adaptar la tarea al caso, fase terapéutica y nivel de riesgo.
Relaciones y vínculos;Déficit de habilidades sociales;Habilidades sociales;bajo;Autorregistro;Registro de energía;Registrar actividades que consumen o recargan energía.;Detectar patrones de burnout.;bajo;7 días;media;"SRC004;SRC010";El profesional debe adaptar la tarea al caso, fase terapéutica y nivel de riesgo.
Relaciones y vínculos;Déficit de habilidades sociales;Habilidades sociales;bajo;Exposición gradual;Jerarquía de exposición;Crear lista graduada de situaciones temidas de menor a mayor dificultad.;Preparar exposición gradual.;medio;30-45 min;alta;"SRC004;SRC010";El profesional debe adaptar la tarea al caso, fase terapéutica y nivel de riesgo.
Relaciones y vínculos;Déficit de habilidades sociales;Habilidades sociales;bajo;Exposición gradual;Exposición gradual planificada;Realizar una exposición acordada, registrando ansiedad inicial, máxima y final.;Reducir evitación y habituar/actualizar aprendizaje.;medio;variable;media;"SRC004;SRC010";El profesional debe adaptar la tarea al caso, fase terapéutica y nivel de riesgo.
Relaciones y vínculos;Déficit de habilidades sociales;Habilidades sociales;bajo;Exposición gradual;Prevención de evitación sutil;Identificar conductas de seguridad y reducir una de forma acordada.;Reducir mantenimiento de ansiedad.;medio;7 días;media;"SRC004;SRC010";El profesional debe adaptar la tarea al caso, fase terapéutica y nivel de riesgo.
Relaciones y vínculos;Déficit de habilidades sociales;Habilidades sociales;bajo;Exposición gradual;Exposición a imperfección pequeña;Realizar una tarea deliberadamente suficientemente buena, no perfecta.;Aumentar tolerancia al error.;medio;7 días;media;"SRC004;SRC010";El profesional debe adaptar la tarea al caso, fase terapéutica y nivel de riesgo.
Relaciones y vínculos;Déficit de habilidades sociales;Habilidades sociales;bajo;Asertividad;Practicar decir no;Ensayar una frase asertiva para rechazar una petición no deseada.;Aumentar asertividad.;bajo;15-30 min;media;"SRC004;SRC010";El profesional debe adaptar la tarea al caso, fase terapéutica y nivel de riesgo.
Relaciones y vínculos;Déficit de habilidades sociales;Habilidades sociales;bajo;Asertividad;Guion DEAR / petición asertiva;Preparar una petición usando descripción, emoción, petición y consecuencia razonable.;Comunicar necesidades con claridad.;bajo;20-30 min;media;"SRC004;SRC010";El profesional debe adaptar la tarea al caso, fase terapéutica y nivel de riesgo.
Relaciones y vínculos;Déficit de habilidades sociales;Habilidades sociales;bajo;Habilidades sociales;Role-playing social;Practicar una situación social concreta con terapeuta o por escrito.;Mejorar seguridad interpersonal.;bajo;supervisado;media;"SRC004;SRC010";El profesional debe adaptar la tarea al caso, fase terapéutica y nivel de riesgo.
Relaciones y vínculos;Déficit de habilidades sociales;Habilidades sociales;bajo;Habilidades sociales;Iniciar conversación breve;Realizar una interacción breve planificada y registrar resultado real.;Reducir evitación social.;medio;1-3 veces/semana;media;"SRC004;SRC010";El profesional debe adaptar la tarea al caso, fase terapéutica y nivel de riesgo.
Relaciones y vínculos;Asertividad baja;Dificultad para poner límites;bajo;Psicoeducación;Leer explicación básica del problema;Leer una ficha psicoeducativa adaptada sobre el problema seleccionado.;Comprender el problema y reducir miedo o confusión inicial.;bajo;10-20 min;alta;SRC010;El profesional debe adaptar la tarea al caso, fase terapéutica y nivel de riesgo.
Relaciones y vínculos;Asertividad baja;Dificultad para poner límites;bajo;Psicoeducación;Dibujar el ciclo del problema;Completar un esquema de ciclo: situación, pensamiento, emoción, sensación, conducta y consecuencia.;Identificar mecanismos de mantenimiento.;bajo;15-30 min;alta;SRC010;El profesional debe adaptar la tarea al caso, fase terapéutica y nivel de riesgo.
Relaciones y vínculos;Asertividad baja;Dificultad para poner límites;bajo;Autorregistro;Registro diario de síntomas;Registrar intensidad, duración, situación y respuesta ante síntomas relevantes.;Aumentar conciencia y facilitar análisis clínico.;bajo;7 días;alta;SRC010;El profesional debe adaptar la tarea al caso, fase terapéutica y nivel de riesgo.
Relaciones y vínculos;Asertividad baja;Dificultad para poner límites;bajo;Autorregistro;Registro de emociones;Anotar emoción, intensidad, desencadenante, pensamiento asociado y conducta realizada.;Mejorar identificación emocional.;bajo;7 días;media;SRC010;El profesional debe adaptar la tarea al caso, fase terapéutica y nivel de riesgo.
Relaciones y vínculos;Asertividad baja;Dificultad para poner límites;bajo;Autorregistro;Registro de ataques de pánico;Registrar síntomas, pensamientos, conducta y evolución temporal de cada crisis.;Comprender patrón de pánico.;medio;cada episodio;media;SRC010;El profesional debe adaptar la tarea al caso, fase terapéutica y nivel de riesgo.
Relaciones y vínculos;Asertividad baja;Dificultad para poner límites;bajo;Autorregistro;Registro de obsesiones y compulsiones;Anotar obsesión, ansiedad, compulsión, alivio y coste a largo plazo.;Identificar mapa TOC.;medio;7 días;media;SRC010;El profesional debe adaptar la tarea al caso, fase terapéutica y nivel de riesgo.
Relaciones y vínculos;Asertividad baja;Dificultad para poner límites;bajo;Autorregistro;Registro de preocupaciones nocturnas;Anotar preocupaciones antes de dormir y posponer resolución al día siguiente.;Reducir rumiación nocturna.;bajo;7 días;media;SRC010;El profesional debe adaptar la tarea al caso, fase terapéutica y nivel de riesgo.
Relaciones y vínculos;Asertividad baja;Dificultad para poner límites;bajo;Autorregistro;Registro de energía;Registrar actividades que consumen o recargan energía.;Detectar patrones de burnout.;bajo;7 días;media;SRC010;El profesional debe adaptar la tarea al caso, fase terapéutica y nivel de riesgo.
Relaciones y vínculos;Asertividad baja;Dificultad para poner límites;bajo;Asertividad;Practicar decir no;Ensayar una frase asertiva para rechazar una petición no deseada.;Aumentar asertividad.;bajo;15-30 min;media;SRC010;El profesional debe adaptar la tarea al caso, fase terapéutica y nivel de riesgo.
Relaciones y vínculos;Asertividad baja;Dificultad para poner límites;bajo;Asertividad;Guion DEAR / petición asertiva;Preparar una petición usando descripción, emoción, petición y consecuencia razonable.;Comunicar necesidades con claridad.;bajo;20-30 min;media;SRC010;El profesional debe adaptar la tarea al caso, fase terapéutica y nivel de riesgo.
Relaciones y vínculos;Asertividad baja;Dificultad para poner límites;bajo;Habilidades sociales;Role-playing social;Practicar una situación social concreta con terapeuta o por escrito.;Mejorar seguridad interpersonal.;bajo;supervisado;media;SRC010;El profesional debe adaptar la tarea al caso, fase terapéutica y nivel de riesgo.
Relaciones y vínculos;Asertividad baja;Dificultad para poner límites;bajo;Habilidades sociales;Iniciar conversación breve;Realizar una interacción breve planificada y registrar resultado real.;Reducir evitación social.;medio;1-3 veces/semana;media;SRC010;El profesional debe adaptar la tarea al caso, fase terapéutica y nivel de riesgo.
Relaciones y vínculos;Asertividad baja;Dificultad para poner límites;bajo;Límites personales;Definir límites personales;Escribir límites necesarios, señales de invasión y forma de comunicarlos.;Mejorar autocuidado relacional.;bajo;30 min;media;SRC010;El profesional debe adaptar la tarea al caso, fase terapéutica y nivel de riesgo.
Relaciones y vínculos;Asertividad baja;Dificultad para poner límites;bajo;Límites personales;Plan de desconexión laboral;Definir hora de cierre, ritual de cierre y límites de disponibilidad.;Reducir interferencia trabajo-descanso.;bajo;7 días;media;SRC010;El profesional debe adaptar la tarea al caso, fase terapéutica y nivel de riesgo.
Autoestima e identidad;Baja autoestima;Autoconcepto negativo;bajo;Psicoeducación;Leer explicación básica del problema;Leer una ficha psicoeducativa adaptada sobre el problema seleccionado.;Comprender el problema y reducir miedo o confusión inicial.;bajo;10-20 min;alta;SRC010;El profesional debe adaptar la tarea al caso, fase terapéutica y nivel de riesgo.
Autoestima e identidad;Baja autoestima;Autoconcepto negativo;bajo;Psicoeducación;Dibujar el ciclo del problema;Completar un esquema de ciclo: situación, pensamiento, emoción, sensación, conducta y consecuencia.;Identificar mecanismos de mantenimiento.;bajo;15-30 min;alta;SRC010;El profesional debe adaptar la tarea al caso, fase terapéutica y nivel de riesgo.
Autoestima e identidad;Baja autoestima;Autoconcepto negativo;bajo;Autorregistro;Registro diario de síntomas;Registrar intensidad, duración, situación y respuesta ante síntomas relevantes.;Aumentar conciencia y facilitar análisis clínico.;bajo;7 días;alta;SRC010;El profesional debe adaptar la tarea al caso, fase terapéutica y nivel de riesgo.
Autoestima e identidad;Baja autoestima;Autoconcepto negativo;bajo;Autorregistro;Registro de emociones;Anotar emoción, intensidad, desencadenante, pensamiento asociado y conducta realizada.;Mejorar identificación emocional.;bajo;7 días;media;SRC010;El profesional debe adaptar la tarea al caso, fase terapéutica y nivel de riesgo.
Autoestima e identidad;Baja autoestima;Autoconcepto negativo;bajo;Autorregistro;Registro de ataques de pánico;Registrar síntomas, pensamientos, conducta y evolución temporal de cada crisis.;Comprender patrón de pánico.;medio;cada episodio;media;SRC010;El profesional debe adaptar la tarea al caso, fase terapéutica y nivel de riesgo.
Autoestima e identidad;Baja autoestima;Autoconcepto negativo;bajo;Autorregistro;Registro de obsesiones y compulsiones;Anotar obsesión, ansiedad, compulsión, alivio y coste a largo plazo.;Identificar mapa TOC.;medio;7 días;media;SRC010;El profesional debe adaptar la tarea al caso, fase terapéutica y nivel de riesgo.
Autoestima e identidad;Baja autoestima;Autoconcepto negativo;bajo;Autorregistro;Registro de preocupaciones nocturnas;Anotar preocupaciones antes de dormir y posponer resolución al día siguiente.;Reducir rumiación nocturna.;bajo;7 días;media;SRC010;El profesional debe adaptar la tarea al caso, fase terapéutica y nivel de riesgo.
Autoestima e identidad;Baja autoestima;Autoconcepto negativo;bajo;Autorregistro;Registro de energía;Registrar actividades que consumen o recargan energía.;Detectar patrones de burnout.;bajo;7 días;media;SRC010;El profesional debe adaptar la tarea al caso, fase terapéutica y nivel de riesgo.
Autoestima e identidad;Baja autoestima;Autoconcepto negativo;bajo;Reestructuración cognitiva;Registro de pensamientos automáticos;Registrar situación, pensamiento, emoción, intensidad y respuesta alternativa.;Detectar patrones cognitivos.;bajo;7 días;alta;SRC010;El profesional debe adaptar la tarea al caso, fase terapéutica y nivel de riesgo.
Autoestima e identidad;Baja autoestima;Autoconcepto negativo;bajo;Reestructuración cognitiva;Evidencias a favor y en contra;Analizar un pensamiento automático buscando pruebas que lo apoyen y lo contradigan.;Flexibilizar interpretaciones.;medio;20-30 min;media;SRC010;El profesional debe adaptar la tarea al caso, fase terapéutica y nivel de riesgo.
Autoestima e identidad;Baja autoestima;Autoconcepto negativo;bajo;Reestructuración cognitiva;Pensamiento alternativo equilibrado;Formular una interpretación alternativa más realista y útil.;Reducir impacto emocional de pensamientos disfuncionales.;medio;15-20 min;media;SRC010;El profesional debe adaptar la tarea al caso, fase terapéutica y nivel de riesgo.
Autoestima e identidad;Baja autoestima;Autoconcepto negativo;bajo;Reestructuración cognitiva;Coste-beneficio del perfeccionismo;Analizar beneficios aparentes y costes reales de estándares rígidos.;Flexibilizar reglas internas.;bajo;30 min;media;SRC010;El profesional debe adaptar la tarea al caso, fase terapéutica y nivel de riesgo.
Autoestima e identidad;Baja autoestima;Autoconcepto negativo;bajo;Reestructuración cognitiva;Experimento conductual;Probar una predicción temida y comparar resultado esperado con real.;Actualizar creencias mediante experiencia.;medio;variable;media;SRC010;El profesional debe adaptar la tarea al caso, fase terapéutica y nivel de riesgo.
Autoestima e identidad;Baja autoestima;Autoconcepto negativo;bajo;Autocompasión;Lista de fortalezas personales;Escribir fortalezas, ejemplos y situaciones donde se han usado.;Mejorar autoconcepto.;bajo;20-30 min;media;SRC010;El profesional debe adaptar la tarea al caso, fase terapéutica y nivel de riesgo.
Autoestima e identidad;Baja autoestima;Autoconcepto negativo;bajo;Autocompasión;Diario de logros;Registrar tres acciones valiosas o logros diarios, aunque sean pequeños.;Contrarrestar sesgo negativo.;bajo;7 días;media;SRC010;El profesional debe adaptar la tarea al caso, fase terapéutica y nivel de riesgo.
Autoestima e identidad;Baja autoestima;Autoconcepto negativo;bajo;Autocompasión;Responder a la autocrítica;Escribir una respuesta amable y realista a una autocrítica frecuente.;Reducir diálogo interno punitivo.;bajo;15-20 min;media;SRC010;El profesional debe adaptar la tarea al caso, fase terapéutica y nivel de riesgo.
Autoestima e identidad;Baja autoestima;Autoconcepto negativo;bajo;Autocompasión;Aceptar un cumplido;Practicar responder a un cumplido sin negarlo ni minimizarlo.;Mejorar recepción de valoración positiva.;bajo;7 días;media;SRC010;El profesional debe adaptar la tarea al caso, fase terapéutica y nivel de riesgo.
Autoestima e identidad;Baja autoestima;Autoconcepto negativo;bajo;Trabajo con valores;Trabajo con valores personales;Elegir 5 valores y una acción pequeña alineada con cada uno.;Orientar conducta hacia sentido personal.;bajo;30-45 min;media;SRC010;El profesional debe adaptar la tarea al caso, fase terapéutica y nivel de riesgo.
Autoestima e identidad;Vergüenza corporal o imagen corporal;Insatisfacción corporal;medio;Psicoeducación;Leer explicación básica del problema;Leer una ficha psicoeducativa adaptada sobre el problema seleccionado.;Comprender el problema y reducir miedo o confusión inicial.;bajo;10-20 min;alta;"SRC003;SRC010";El profesional debe adaptar la tarea al caso, fase terapéutica y nivel de riesgo.
Autoestima e identidad;Vergüenza corporal o imagen corporal;Insatisfacción corporal;medio;Psicoeducación;Dibujar el ciclo del problema;Completar un esquema de ciclo: situación, pensamiento, emoción, sensación, conducta y consecuencia.;Identificar mecanismos de mantenimiento.;bajo;15-30 min;alta;"SRC003;SRC010";El profesional debe adaptar la tarea al caso, fase terapéutica y nivel de riesgo.
Autoestima e identidad;Vergüenza corporal o imagen corporal;Insatisfacción corporal;medio;Autorregistro;Registro diario de síntomas;Registrar intensidad, duración, situación y respuesta ante síntomas relevantes.;Aumentar conciencia y facilitar análisis clínico.;bajo;7 días;alta;"SRC003;SRC010";El profesional debe adaptar la tarea al caso, fase terapéutica y nivel de riesgo.
Autoestima e identidad;Vergüenza corporal o imagen corporal;Insatisfacción corporal;medio;Autorregistro;Registro de emociones;Anotar emoción, intensidad, desencadenante, pensamiento asociado y conducta realizada.;Mejorar identificación emocional.;bajo;7 días;media;"SRC003;SRC010";El profesional debe adaptar la tarea al caso, fase terapéutica y nivel de riesgo.
Autoestima e identidad;Vergüenza corporal o imagen corporal;Insatisfacción corporal;medio;Autorregistro;Registro de ataques de pánico;Registrar síntomas, pensamientos, conducta y evolución temporal de cada crisis.;Comprender patrón de pánico.;medio;cada episodio;media;"SRC003;SRC010";El profesional debe adaptar la tarea al caso, fase terapéutica y nivel de riesgo.
Autoestima e identidad;Vergüenza corporal o imagen corporal;Insatisfacción corporal;medio;Autorregistro;Registro de obsesiones y compulsiones;Anotar obsesión, ansiedad, compulsión, alivio y coste a largo plazo.;Identificar mapa TOC.;medio;7 días;media;"SRC003;SRC010";El profesional debe adaptar la tarea al caso, fase terapéutica y nivel de riesgo.
Autoestima e identidad;Vergüenza corporal o imagen corporal;Insatisfacción corporal;medio;Autorregistro;Registro de preocupaciones nocturnas;Anotar preocupaciones antes de dormir y posponer resolución al día siguiente.;Reducir rumiación nocturna.;bajo;7 días;media;"SRC003;SRC010";El profesional debe adaptar la tarea al caso, fase terapéutica y nivel de riesgo.
Autoestima e identidad;Vergüenza corporal o imagen corporal;Insatisfacción corporal;medio;Autorregistro;Registro de energía;Registrar actividades que consumen o recargan energía.;Detectar patrones de burnout.;bajo;7 días;media;"SRC003;SRC010";El profesional debe adaptar la tarea al caso, fase terapéutica y nivel de riesgo.
Autoestima e identidad;Vergüenza corporal o imagen corporal;Insatisfacción corporal;medio;Reestructuración cognitiva;Registro de pensamientos automáticos;Registrar situación, pensamiento, emoción, intensidad y respuesta alternativa.;Detectar patrones cognitivos.;bajo;7 días;alta;"SRC003;SRC010";El profesional debe adaptar la tarea al caso, fase terapéutica y nivel de riesgo.
Autoestima e identidad;Vergüenza corporal o imagen corporal;Insatisfacción corporal;medio;Reestructuración cognitiva;Evidencias a favor y en contra;Analizar un pensamiento automático buscando pruebas que lo apoyen y lo contradigan.;Flexibilizar interpretaciones.;medio;20-30 min;media;"SRC003;SRC010";El profesional debe adaptar la tarea al caso, fase terapéutica y nivel de riesgo.
Autoestima e identidad;Vergüenza corporal o imagen corporal;Insatisfacción corporal;medio;Reestructuración cognitiva;Pensamiento alternativo equilibrado;Formular una interpretación alternativa más realista y útil.;Reducir impacto emocional de pensamientos disfuncionales.;medio;15-20 min;media;"SRC003;SRC010";El profesional debe adaptar la tarea al caso, fase terapéutica y nivel de riesgo.
Autoestima e identidad;Vergüenza corporal o imagen corporal;Insatisfacción corporal;medio;Reestructuración cognitiva;Coste-beneficio del perfeccionismo;Analizar beneficios aparentes y costes reales de estándares rígidos.;Flexibilizar reglas internas.;bajo;30 min;media;"SRC003;SRC010";El profesional debe adaptar la tarea al caso, fase terapéutica y nivel de riesgo.
Autoestima e identidad;Vergüenza corporal o imagen corporal;Insatisfacción corporal;medio;Reestructuración cognitiva;Experimento conductual;Probar una predicción temida y comparar resultado esperado con real.;Actualizar creencias mediante experiencia.;medio;variable;media;"SRC003;SRC010";El profesional debe adaptar la tarea al caso, fase terapéutica y nivel de riesgo.
Autoestima e identidad;Vergüenza corporal o imagen corporal;Insatisfacción corporal;medio;Exposición gradual;Jerarquía de exposición;Crear lista graduada de situaciones temidas de menor a mayor dificultad.;Preparar exposición gradual.;medio;30-45 min;alta;"SRC003;SRC010";El profesional debe adaptar la tarea al caso, fase terapéutica y nivel de riesgo.
Autoestima e identidad;Vergüenza corporal o imagen corporal;Insatisfacción corporal;medio;Exposición gradual;Exposición gradual planificada;Realizar una exposición acordada, registrando ansiedad inicial, máxima y final.;Reducir evitación y habituar/actualizar aprendizaje.;medio;variable;media;"SRC003;SRC010";El profesional debe adaptar la tarea al caso, fase terapéutica y nivel de riesgo.
Autoestima e identidad;Vergüenza corporal o imagen corporal;Insatisfacción corporal;medio;Exposición gradual;Prevención de evitación sutil;Identificar conductas de seguridad y reducir una de forma acordada.;Reducir mantenimiento de ansiedad.;medio;7 días;media;"SRC003;SRC010";El profesional debe adaptar la tarea al caso, fase terapéutica y nivel de riesgo.
Autoestima e identidad;Vergüenza corporal o imagen corporal;Insatisfacción corporal;medio;Exposición gradual;Exposición a imperfección pequeña;Realizar una tarea deliberadamente suficientemente buena, no perfecta.;Aumentar tolerancia al error.;medio;7 días;media;"SRC003;SRC010";El profesional debe adaptar la tarea al caso, fase terapéutica y nivel de riesgo.
Autoestima e identidad;Vergüenza corporal o imagen corporal;Insatisfacción corporal;medio;Autocompasión;Lista de fortalezas personales;Escribir fortalezas, ejemplos y situaciones donde se han usado.;Mejorar autoconcepto.;bajo;20-30 min;media;"SRC003;SRC010";El profesional debe adaptar la tarea al caso, fase terapéutica y nivel de riesgo.
Regulación emocional;Control de ira;Ira problemática;medio;Psicoeducación;Leer explicación básica del problema;Leer una ficha psicoeducativa adaptada sobre el problema seleccionado.;Comprender el problema y reducir miedo o confusión inicial.;bajo;10-20 min;alta;SRC010;El profesional debe adaptar la tarea al caso, fase terapéutica y nivel de riesgo.
Regulación emocional;Control de ira;Ira problemática;medio;Psicoeducación;Dibujar el ciclo del problema;Completar un esquema de ciclo: situación, pensamiento, emoción, sensación, conducta y consecuencia.;Identificar mecanismos de mantenimiento.;bajo;15-30 min;alta;SRC010;El profesional debe adaptar la tarea al caso, fase terapéutica y nivel de riesgo.
Regulación emocional;Control de ira;Ira problemática;medio;Autorregistro;Registro diario de síntomas;Registrar intensidad, duración, situación y respuesta ante síntomas relevantes.;Aumentar conciencia y facilitar análisis clínico.;bajo;7 días;alta;SRC010;El profesional debe adaptar la tarea al caso, fase terapéutica y nivel de riesgo.
Regulación emocional;Control de ira;Ira problemática;medio;Autorregistro;Registro de emociones;Anotar emoción, intensidad, desencadenante, pensamiento asociado y conducta realizada.;Mejorar identificación emocional.;bajo;7 días;media;SRC010;El profesional debe adaptar la tarea al caso, fase terapéutica y nivel de riesgo.
Regulación emocional;Control de ira;Ira problemática;medio;Autorregistro;Registro de ataques de pánico;Registrar síntomas, pensamientos, conducta y evolución temporal de cada crisis.;Comprender patrón de pánico.;medio;cada episodio;media;SRC010;El profesional debe adaptar la tarea al caso, fase terapéutica y nivel de riesgo.
Regulación emocional;Control de ira;Ira problemática;medio;Autorregistro;Registro de obsesiones y compulsiones;Anotar obsesión, ansiedad, compulsión, alivio y coste a largo plazo.;Identificar mapa TOC.;medio;7 días;media;SRC010;El profesional debe adaptar la tarea al caso, fase terapéutica y nivel de riesgo.
Regulación emocional;Control de ira;Ira problemática;medio;Autorregistro;Registro de preocupaciones nocturnas;Anotar preocupaciones antes de dormir y posponer resolución al día siguiente.;Reducir rumiación nocturna.;bajo;7 días;media;SRC010;El profesional debe adaptar la tarea al caso, fase terapéutica y nivel de riesgo.
Regulación emocional;Control de ira;Ira problemática;medio;Autorregistro;Registro de energía;Registrar actividades que consumen o recargan energía.;Detectar patrones de burnout.;bajo;7 días;media;SRC010;El profesional debe adaptar la tarea al caso, fase terapéutica y nivel de riesgo.
Regulación emocional;Control de ira;Ira problemática;medio;Respiración diafragmática;Respiración diafragmática diaria;Practicar respiración lenta abdominal durante 10 minutos.;Reducir activación fisiológica.;bajo;10 min/día;alta;SRC010;El profesional debe adaptar la tarea al caso, fase terapéutica y nivel de riesgo.
Regulación emocional;Control de ira;Ira problemática;medio;Respiración diafragmática;Plan personal ante crisis de pánico;Crear una tarjeta con pasos de afrontamiento durante una crisis.;Aumentar sensación de control.;bajo;20 min;media;SRC010;El profesional debe adaptar la tarea al caso, fase terapéutica y nivel de riesgo.
Regulación emocional;Control de ira;Ira problemática;medio;Reestructuración cognitiva;Registro de pensamientos automáticos;Registrar situación, pensamiento, emoción, intensidad y respuesta alternativa.;Detectar patrones cognitivos.;bajo;7 días;alta;SRC010;El profesional debe adaptar la tarea al caso, fase terapéutica y nivel de riesgo.
Regulación emocional;Control de ira;Ira problemática;medio;Reestructuración cognitiva;Evidencias a favor y en contra;Analizar un pensamiento automático buscando pruebas que lo apoyen y lo contradigan.;Flexibilizar interpretaciones.;medio;20-30 min;media;SRC010;El profesional debe adaptar la tarea al caso, fase terapéutica y nivel de riesgo.
Regulación emocional;Control de ira;Ira problemática;medio;Reestructuración cognitiva;Pensamiento alternativo equilibrado;Formular una interpretación alternativa más realista y útil.;Reducir impacto emocional de pensamientos disfuncionales.;medio;15-20 min;media;SRC010;El profesional debe adaptar la tarea al caso, fase terapéutica y nivel de riesgo.
Regulación emocional;Control de ira;Ira problemática;medio;Reestructuración cognitiva;Coste-beneficio del perfeccionismo;Analizar beneficios aparentes y costes reales de estándares rígidos.;Flexibilizar reglas internas.;bajo;30 min;media;SRC010;El profesional debe adaptar la tarea al caso, fase terapéutica y nivel de riesgo.
Regulación emocional;Control de ira;Ira problemática;medio;Reestructuración cognitiva;Experimento conductual;Probar una predicción temida y comparar resultado esperado con real.;Actualizar creencias mediante experiencia.;medio;variable;media;SRC010;El profesional debe adaptar la tarea al caso, fase terapéutica y nivel de riesgo.
Regulación emocional;Control de ira;Ira problemática;medio;Manejo de impulsos;Semáforo emocional;Identificar señales verde/amarillo/rojo de activación emocional.;Prevenir escalada de ira o impulsividad.;bajo;20 min;media;SRC010;El profesional debe adaptar la tarea al caso, fase terapéutica y nivel de riesgo.
Regulación emocional;Control de ira;Ira problemática;medio;Manejo de impulsos;Tiempo fuera pactado;Aplicar pausa conductual antes de responder en situación de ira.;Reducir respuestas impulsivas.;medio;cuando aparezca ira;media;SRC010;El profesional debe adaptar la tarea al caso, fase terapéutica y nivel de riesgo.
Regulación emocional;Control de ira;Ira problemática;medio;Análisis funcional;Análisis de episodio de ira;Revisar antecedentes, interpretación, emoción, conducta y consecuencias.;Aprender de episodios y prevenir repetición.;medio;20-30 min;media;SRC010;El profesional debe adaptar la tarea al caso, fase terapéutica y nivel de riesgo.
Regulación emocional;Gestión emocional;Regulación emocional general;bajo;Psicoeducación;Leer explicación básica del problema;Leer una ficha psicoeducativa adaptada sobre el problema seleccionado.;Comprender el problema y reducir miedo o confusión inicial.;bajo;10-20 min;alta;SRC010;El profesional debe adaptar la tarea al caso, fase terapéutica y nivel de riesgo.
Regulación emocional;Gestión emocional;Regulación emocional general;bajo;Psicoeducación;Dibujar el ciclo del problema;Completar un esquema de ciclo: situación, pensamiento, emoción, sensación, conducta y consecuencia.;Identificar mecanismos de mantenimiento.;bajo;15-30 min;alta;SRC010;El profesional debe adaptar la tarea al caso, fase terapéutica y nivel de riesgo.
Regulación emocional;Gestión emocional;Regulación emocional general;bajo;Autorregistro;Registro diario de síntomas;Registrar intensidad, duración, situación y respuesta ante síntomas relevantes.;Aumentar conciencia y facilitar análisis clínico.;bajo;7 días;alta;SRC010;El profesional debe adaptar la tarea al caso, fase terapéutica y nivel de riesgo.
Regulación emocional;Gestión emocional;Regulación emocional general;bajo;Autorregistro;Registro de emociones;Anotar emoción, intensidad, desencadenante, pensamiento asociado y conducta realizada.;Mejorar identificación emocional.;bajo;7 días;media;SRC010;El profesional debe adaptar la tarea al caso, fase terapéutica y nivel de riesgo.
Regulación emocional;Gestión emocional;Regulación emocional general;bajo;Autorregistro;Registro de ataques de pánico;Registrar síntomas, pensamientos, conducta y evolución temporal de cada crisis.;Comprender patrón de pánico.;medio;cada episodio;media;SRC010;El profesional debe adaptar la tarea al caso, fase terapéutica y nivel de riesgo.
Regulación emocional;Gestión emocional;Regulación emocional general;bajo;Autorregistro;Registro de obsesiones y compulsiones;Anotar obsesión, ansiedad, compulsión, alivio y coste a largo plazo.;Identificar mapa TOC.;medio;7 días;media;SRC010;El profesional debe adaptar la tarea al caso, fase terapéutica y nivel de riesgo.
Regulación emocional;Gestión emocional;Regulación emocional general;bajo;Autorregistro;Registro de preocupaciones nocturnas;Anotar preocupaciones antes de dormir y posponer resolución al día siguiente.;Reducir rumiación nocturna.;bajo;7 días;media;SRC010;El profesional debe adaptar la tarea al caso, fase terapéutica y nivel de riesgo.
Regulación emocional;Gestión emocional;Regulación emocional general;bajo;Autorregistro;Registro de energía;Registrar actividades que consumen o recargan energía.;Detectar patrones de burnout.;bajo;7 días;media;SRC010;El profesional debe adaptar la tarea al caso, fase terapéutica y nivel de riesgo.
Regulación emocional;Gestión emocional;Regulación emocional general;bajo;Mindfulness / atención plena;Pausa consciente de 3 minutos;Hacer una pausa breve observando respiración, cuerpo y entorno.;Interrumpir automatismos y bajar activación.;bajo;3 min;media;SRC010;El profesional debe adaptar la tarea al caso, fase terapéutica y nivel de riesgo.
Regulación emocional;Gestión emocional;Regulación emocional general;bajo;Grounding;Grounding 5-4-3-2-1;Nombrar 5 cosas que ve, 4 que siente, 3 que oye, 2 que huele, 1 que saborea.;Anclarse al presente.;bajo;3-5 min;media;SRC010;El profesional debe adaptar la tarea al caso, fase terapéutica y nivel de riesgo.
Regulación emocional;Gestión emocional;Regulación emocional general;bajo;Autocompasión;Lista de fortalezas personales;Escribir fortalezas, ejemplos y situaciones donde se han usado.;Mejorar autoconcepto.;bajo;20-30 min;media;SRC010;El profesional debe adaptar la tarea al caso, fase terapéutica y nivel de riesgo.
Regulación emocional;Gestión emocional;Regulación emocional general;bajo;Autocompasión;Diario de logros;Registrar tres acciones valiosas o logros diarios, aunque sean pequeños.;Contrarrestar sesgo negativo.;bajo;7 días;media;SRC010;El profesional debe adaptar la tarea al caso, fase terapéutica y nivel de riesgo.
Regulación emocional;Gestión emocional;Regulación emocional general;bajo;Autocompasión;Responder a la autocrítica;Escribir una respuesta amable y realista a una autocrítica frecuente.;Reducir diálogo interno punitivo.;bajo;15-20 min;media;SRC010;El profesional debe adaptar la tarea al caso, fase terapéutica y nivel de riesgo.
Regulación emocional;Gestión emocional;Regulación emocional general;bajo;Autocompasión;Aceptar un cumplido;Practicar responder a un cumplido sin negarlo ni minimizarlo.;Mejorar recepción de valoración positiva.;bajo;7 días;media;SRC010;El profesional debe adaptar la tarea al caso, fase terapéutica y nivel de riesgo.
Regulación emocional;Gestión emocional;Regulación emocional general;bajo;Manejo de impulsos;Semáforo emocional;Identificar señales verde/amarillo/rojo de activación emocional.;Prevenir escalada de ira o impulsividad.;bajo;20 min;media;SRC010;El profesional debe adaptar la tarea al caso, fase terapéutica y nivel de riesgo.
Regulación emocional;Gestión emocional;Regulación emocional general;bajo;Manejo de impulsos;Tiempo fuera pactado;Aplicar pausa conductual antes de responder en situación de ira.;Reducir respuestas impulsivas.;medio;cuando aparezca ira;media;SRC010;El profesional debe adaptar la tarea al caso, fase terapéutica y nivel de riesgo.
Regulación emocional;Gestión emocional;Regulación emocional general;bajo;Comunicación emocional;Carta no enviada;Escribir una carta para expresar emociones sin enviarla.;Procesar emociones y necesidades.;bajo;30-60 min;media;SRC010;El profesional debe adaptar la tarea al caso, fase terapéutica y nivel de riesgo.
Regulación emocional;Gestión emocional;Regulación emocional general;bajo;Comunicación emocional;Ritual simbólico de cierre;Diseñar un gesto simbólico de despedida o cierre, si el paciente lo desea.;Facilitar procesamiento de pérdida.;medio;variable;media;SRC010;El profesional debe adaptar la tarea al caso, fase terapéutica y nivel de riesgo.
Neurodesarrollo y organización;TDAH adulto;Dificultades atencionales y ejecutivas;medio;Psicoeducación;Leer explicación básica del problema;Leer una ficha psicoeducativa adaptada sobre el problema seleccionado.;Comprender el problema y reducir miedo o confusión inicial.;bajo;10-20 min;alta;SRC006;El profesional debe adaptar la tarea al caso, fase terapéutica y nivel de riesgo.
Neurodesarrollo y organización;TDAH adulto;Dificultades atencionales y ejecutivas;medio;Psicoeducación;Dibujar el ciclo del problema;Completar un esquema de ciclo: situación, pensamiento, emoción, sensación, conducta y consecuencia.;Identificar mecanismos de mantenimiento.;bajo;15-30 min;alta;SRC006;El profesional debe adaptar la tarea al caso, fase terapéutica y nivel de riesgo.
Neurodesarrollo y organización;TDAH adulto;Dificultades atencionales y ejecutivas;medio;Autorregistro;Registro diario de síntomas;Registrar intensidad, duración, situación y respuesta ante síntomas relevantes.;Aumentar conciencia y facilitar análisis clínico.;bajo;7 días;alta;SRC006;El profesional debe adaptar la tarea al caso, fase terapéutica y nivel de riesgo.
Neurodesarrollo y organización;TDAH adulto;Dificultades atencionales y ejecutivas;medio;Autorregistro;Registro de emociones;Anotar emoción, intensidad, desencadenante, pensamiento asociado y conducta realizada.;Mejorar identificación emocional.;bajo;7 días;media;SRC006;El profesional debe adaptar la tarea al caso, fase terapéutica y nivel de riesgo.
Neurodesarrollo y organización;TDAH adulto;Dificultades atencionales y ejecutivas;medio;Autorregistro;Registro de ataques de pánico;Registrar síntomas, pensamientos, conducta y evolución temporal de cada crisis.;Comprender patrón de pánico.;medio;cada episodio;media;SRC006;El profesional debe adaptar la tarea al caso, fase terapéutica y nivel de riesgo.
Neurodesarrollo y organización;TDAH adulto;Dificultades atencionales y ejecutivas;medio;Autorregistro;Registro de obsesiones y compulsiones;Anotar obsesión, ansiedad, compulsión, alivio y coste a largo plazo.;Identificar mapa TOC.;medio;7 días;media;SRC006;El profesional debe adaptar la tarea al caso, fase terapéutica y nivel de riesgo.
Neurodesarrollo y organización;TDAH adulto;Dificultades atencionales y ejecutivas;medio;Autorregistro;Registro de preocupaciones nocturnas;Anotar preocupaciones antes de dormir y posponer resolución al día siguiente.;Reducir rumiación nocturna.;bajo;7 días;media;SRC006;El profesional debe adaptar la tarea al caso, fase terapéutica y nivel de riesgo.
Neurodesarrollo y organización;TDAH adulto;Dificultades atencionales y ejecutivas;medio;Autorregistro;Registro de energía;Registrar actividades que consumen o recargan energía.;Detectar patrones de burnout.;bajo;7 días;media;SRC006;El profesional debe adaptar la tarea al caso, fase terapéutica y nivel de riesgo.
Neurodesarrollo y organización;TDAH adulto;Dificultades atencionales y ejecutivas;medio;Organización y funciones ejecutivas;Matriz urgente/importante;Clasificar tareas laborales según urgencia e importancia.;Priorizar y reducir sobrecarga.;bajo;20 min;media;SRC006;El profesional debe adaptar la tarea al caso, fase terapéutica y nivel de riesgo.
Neurodesarrollo y organización;TDAH adulto;Dificultades atencionales y ejecutivas;medio;Organización y funciones ejecutivas;Agenda con bloques de tiempo;Planificar el día en bloques concretos con descansos visibles.;Mejorar organización ejecutiva.;bajo;diario;media;SRC006;El profesional debe adaptar la tarea al caso, fase terapéutica y nivel de riesgo.
Neurodesarrollo y organización;TDAH adulto;Dificultades atencionales y ejecutivas;medio;Organización y funciones ejecutivas;Tarea dividida en micro-pasos;Dividir una tarea evitada en pasos de menos de 10-15 minutos.;Reducir barrera de inicio.;bajo;20 min;media;SRC006;El profesional debe adaptar la tarea al caso, fase terapéutica y nivel de riesgo.
Neurodesarrollo y organización;TDAH adulto;Dificultades atencionales y ejecutivas;medio;Organización y funciones ejecutivas;Técnica Pomodoro adaptada;Trabajar en bloques breves con pausa y registro de avance.;Aumentar inicio y mantenimiento de tarea.;bajo;25+5 min;media;SRC006;El profesional debe adaptar la tarea al caso, fase terapéutica y nivel de riesgo.
Neurodesarrollo y organización;TDAH adulto;Dificultades atencionales y ejecutivas;medio;Organización y funciones ejecutivas;Eliminar distractores;Crear una lista de distractores y retirar uno durante el bloque de trabajo.;Mejorar concentración.;bajo;7 días;media;SRC006;El profesional debe adaptar la tarea al caso, fase terapéutica y nivel de riesgo.
Neurodesarrollo y organización;TDAH adulto;Dificultades atencionales y ejecutivas;medio;Manejo de impulsos;Semáforo emocional;Identificar señales verde/amarillo/rojo de activación emocional.;Prevenir escalada de ira o impulsividad.;bajo;20 min;media;SRC006;El profesional debe adaptar la tarea al caso, fase terapéutica y nivel de riesgo.
Neurodesarrollo y organización;TDAH adulto;Dificultades atencionales y ejecutivas;medio;Manejo de impulsos;Tiempo fuera pactado;Aplicar pausa conductual antes de responder en situación de ira.;Reducir respuestas impulsivas.;medio;cuando aparezca ira;media;SRC006;El profesional debe adaptar la tarea al caso, fase terapéutica y nivel de riesgo.
Neurodesarrollo y organización;TDAH adulto;Dificultades atencionales y ejecutivas;medio;Autocuidado;Pausas programadas;Programar pausas breves de respiración/movimiento durante la jornada.;Reducir acumulación de tensión.;bajo;5 min varias veces/día;media;SRC006;El profesional debe adaptar la tarea al caso, fase terapéutica y nivel de riesgo.
Neurodesarrollo y organización;TDAH adulto;Dificultades atencionales y ejecutivas;medio;Prevención de recaídas;Plan de prevención de recaídas;Identificar señales tempranas, acciones preventivas y apoyos.;Mantener mejoría y actuar pronto.;bajo;45 min;alta;SRC006;El profesional debe adaptar la tarea al caso, fase terapéutica y nivel de riesgo.
Neurodesarrollo y organización;TDAH adulto;Dificultades atencionales y ejecutivas;medio;Prevención de recaídas;Tarjeta de afrontamiento;Crear tarjeta breve con frases, pasos y recursos útiles.;Facilitar uso de estrategias en momentos difíciles.;bajo;15 min;media;SRC006;El profesional debe adaptar la tarea al caso, fase terapéutica y nivel de riesgo.
Conducta y hábitos;Procrastinación;Postergación problemática;bajo;Psicoeducación;Leer explicación básica del problema;Leer una ficha psicoeducativa adaptada sobre el problema seleccionado.;Comprender el problema y reducir miedo o confusión inicial.;bajo;10-20 min;alta;SRC010;El profesional debe adaptar la tarea al caso, fase terapéutica y nivel de riesgo.
Conducta y hábitos;Procrastinación;Postergación problemática;bajo;Psicoeducación;Dibujar el ciclo del problema;Completar un esquema de ciclo: situación, pensamiento, emoción, sensación, conducta y consecuencia.;Identificar mecanismos de mantenimiento.;bajo;15-30 min;alta;SRC010;El profesional debe adaptar la tarea al caso, fase terapéutica y nivel de riesgo.
Conducta y hábitos;Procrastinación;Postergación problemática;bajo;Autorregistro;Registro diario de síntomas;Registrar intensidad, duración, situación y respuesta ante síntomas relevantes.;Aumentar conciencia y facilitar análisis clínico.;bajo;7 días;alta;SRC010;El profesional debe adaptar la tarea al caso, fase terapéutica y nivel de riesgo.
Conducta y hábitos;Procrastinación;Postergación problemática;bajo;Autorregistro;Registro de emociones;Anotar emoción, intensidad, desencadenante, pensamiento asociado y conducta realizada.;Mejorar identificación emocional.;bajo;7 días;media;SRC010;El profesional debe adaptar la tarea al caso, fase terapéutica y nivel de riesgo.
Conducta y hábitos;Procrastinación;Postergación problemática;bajo;Autorregistro;Registro de ataques de pánico;Registrar síntomas, pensamientos, conducta y evolución temporal de cada crisis.;Comprender patrón de pánico.;medio;cada episodio;media;SRC010;El profesional debe adaptar la tarea al caso, fase terapéutica y nivel de riesgo.
Conducta y hábitos;Procrastinación;Postergación problemática;bajo;Autorregistro;Registro de obsesiones y compulsiones;Anotar obsesión, ansiedad, compulsión, alivio y coste a largo plazo.;Identificar mapa TOC.;medio;7 días;media;SRC010;El profesional debe adaptar la tarea al caso, fase terapéutica y nivel de riesgo.
Conducta y hábitos;Procrastinación;Postergación problemática;bajo;Autorregistro;Registro de preocupaciones nocturnas;Anotar preocupaciones antes de dormir y posponer resolución al día siguiente.;Reducir rumiación nocturna.;bajo;7 días;media;SRC010;El profesional debe adaptar la tarea al caso, fase terapéutica y nivel de riesgo.
Conducta y hábitos;Procrastinación;Postergación problemática;bajo;Autorregistro;Registro de energía;Registrar actividades que consumen o recargan energía.;Detectar patrones de burnout.;bajo;7 días;media;SRC010;El profesional debe adaptar la tarea al caso, fase terapéutica y nivel de riesgo.
Conducta y hábitos;Procrastinación;Postergación problemática;bajo;Reestructuración cognitiva;Registro de pensamientos automáticos;Registrar situación, pensamiento, emoción, intensidad y respuesta alternativa.;Detectar patrones cognitivos.;bajo;7 días;alta;SRC010;El profesional debe adaptar la tarea al caso, fase terapéutica y nivel de riesgo.
Conducta y hábitos;Procrastinación;Postergación problemática;bajo;Reestructuración cognitiva;Evidencias a favor y en contra;Analizar un pensamiento automático buscando pruebas que lo apoyen y lo contradigan.;Flexibilizar interpretaciones.;medio;20-30 min;media;SRC010;El profesional debe adaptar la tarea al caso, fase terapéutica y nivel de riesgo.
Conducta y hábitos;Procrastinación;Postergación problemática;bajo;Reestructuración cognitiva;Pensamiento alternativo equilibrado;Formular una interpretación alternativa más realista y útil.;Reducir impacto emocional de pensamientos disfuncionales.;medio;15-20 min;media;SRC010;El profesional debe adaptar la tarea al caso, fase terapéutica y nivel de riesgo.
Conducta y hábitos;Procrastinación;Postergación problemática;bajo;Reestructuración cognitiva;Coste-beneficio del perfeccionismo;Analizar beneficios aparentes y costes reales de estándares rígidos.;Flexibilizar reglas internas.;bajo;30 min;media;SRC010;El profesional debe adaptar la tarea al caso, fase terapéutica y nivel de riesgo.
Conducta y hábitos;Procrastinación;Postergación problemática;bajo;Reestructuración cognitiva;Experimento conductual;Probar una predicción temida y comparar resultado esperado con real.;Actualizar creencias mediante experiencia.;medio;variable;media;SRC010;El profesional debe adaptar la tarea al caso, fase terapéutica y nivel de riesgo.
Conducta y hábitos;Procrastinación;Postergación problemática;bajo;Planificación de actividades;Plan semanal de actividades;Crear calendario con actividades de autocuidado, obligación y disfrute.;Estructurar rutina y evitar inactividad.;bajo;semanal;media;SRC010;El profesional debe adaptar la tarea al caso, fase terapéutica y nivel de riesgo.
Conducta y hábitos;Procrastinación;Postergación problemática;bajo;Organización y funciones ejecutivas;Matriz urgente/importante;Clasificar tareas laborales según urgencia e importancia.;Priorizar y reducir sobrecarga.;bajo;20 min;media;SRC010;El profesional debe adaptar la tarea al caso, fase terapéutica y nivel de riesgo.
Conducta y hábitos;Procrastinación;Postergación problemática;bajo;Organización y funciones ejecutivas;Agenda con bloques de tiempo;Planificar el día en bloques concretos con descansos visibles.;Mejorar organización ejecutiva.;bajo;diario;media;SRC010;El profesional debe adaptar la tarea al caso, fase terapéutica y nivel de riesgo.
Conducta y hábitos;Procrastinación;Postergación problemática;bajo;Organización y funciones ejecutivas;Tarea dividida en micro-pasos;Dividir una tarea evitada en pasos de menos de 10-15 minutos.;Reducir barrera de inicio.;bajo;20 min;media;SRC010;El profesional debe adaptar la tarea al caso, fase terapéutica y nivel de riesgo.
Conducta y hábitos;Procrastinación;Postergación problemática;bajo;Organización y funciones ejecutivas;Técnica Pomodoro adaptada;Trabajar en bloques breves con pausa y registro de avance.;Aumentar inicio y mantenimiento de tarea.;bajo;25+5 min;media;SRC010;El profesional debe adaptar la tarea al caso, fase terapéutica y nivel de riesgo.
Conducta y hábitos;Hábitos saludables y adherencia;Cambio de hábitos;bajo;Psicoeducación;Leer explicación básica del problema;Leer una ficha psicoeducativa adaptada sobre el problema seleccionado.;Comprender el problema y reducir miedo o confusión inicial.;bajo;10-20 min;alta;SRC010;El profesional debe adaptar la tarea al caso, fase terapéutica y nivel de riesgo.
Conducta y hábitos;Hábitos saludables y adherencia;Cambio de hábitos;bajo;Psicoeducación;Dibujar el ciclo del problema;Completar un esquema de ciclo: situación, pensamiento, emoción, sensación, conducta y consecuencia.;Identificar mecanismos de mantenimiento.;bajo;15-30 min;alta;SRC010;El profesional debe adaptar la tarea al caso, fase terapéutica y nivel de riesgo.
Conducta y hábitos;Hábitos saludables y adherencia;Cambio de hábitos;bajo;Autorregistro;Registro diario de síntomas;Registrar intensidad, duración, situación y respuesta ante síntomas relevantes.;Aumentar conciencia y facilitar análisis clínico.;bajo;7 días;alta;SRC010;El profesional debe adaptar la tarea al caso, fase terapéutica y nivel de riesgo.
Conducta y hábitos;Hábitos saludables y adherencia;Cambio de hábitos;bajo;Autorregistro;Registro de emociones;Anotar emoción, intensidad, desencadenante, pensamiento asociado y conducta realizada.;Mejorar identificación emocional.;bajo;7 días;media;SRC010;El profesional debe adaptar la tarea al caso, fase terapéutica y nivel de riesgo.
Conducta y hábitos;Hábitos saludables y adherencia;Cambio de hábitos;bajo;Autorregistro;Registro de ataques de pánico;Registrar síntomas, pensamientos, conducta y evolución temporal de cada crisis.;Comprender patrón de pánico.;medio;cada episodio;media;SRC010;El profesional debe adaptar la tarea al caso, fase terapéutica y nivel de riesgo.
Conducta y hábitos;Hábitos saludables y adherencia;Cambio de hábitos;bajo;Autorregistro;Registro de obsesiones y compulsiones;Anotar obsesión, ansiedad, compulsión, alivio y coste a largo plazo.;Identificar mapa TOC.;medio;7 días;media;SRC010;El profesional debe adaptar la tarea al caso, fase terapéutica y nivel de riesgo.
Conducta y hábitos;Hábitos saludables y adherencia;Cambio de hábitos;bajo;Autorregistro;Registro de preocupaciones nocturnas;Anotar preocupaciones antes de dormir y posponer resolución al día siguiente.;Reducir rumiación nocturna.;bajo;7 días;media;SRC010;El profesional debe adaptar la tarea al caso, fase terapéutica y nivel de riesgo.
Conducta y hábitos;Hábitos saludables y adherencia;Cambio de hábitos;bajo;Autorregistro;Registro de energía;Registrar actividades que consumen o recargan energía.;Detectar patrones de burnout.;bajo;7 días;media;SRC010;El profesional debe adaptar la tarea al caso, fase terapéutica y nivel de riesgo.
Conducta y hábitos;Hábitos saludables y adherencia;Cambio de hábitos;bajo;Planificación de actividades;Plan semanal de actividades;Crear calendario con actividades de autocuidado, obligación y disfrute.;Estructurar rutina y evitar inactividad.;bajo;semanal;media;SRC010;El profesional debe adaptar la tarea al caso, fase terapéutica y nivel de riesgo.
Conducta y hábitos;Hábitos saludables y adherencia;Cambio de hábitos;bajo;Trabajo con valores;Trabajo con valores personales;Elegir 5 valores y una acción pequeña alineada con cada uno.;Orientar conducta hacia sentido personal.;bajo;30-45 min;media;SRC010;El profesional debe adaptar la tarea al caso, fase terapéutica y nivel de riesgo.
Conducta y hábitos;Hábitos saludables y adherencia;Cambio de hábitos;bajo;Prevención de recaídas;Plan de prevención de recaídas;Identificar señales tempranas, acciones preventivas y apoyos.;Mantener mejoría y actuar pronto.;bajo;45 min;alta;SRC010;El profesional debe adaptar la tarea al caso, fase terapéutica y nivel de riesgo.
Conducta y hábitos;Hábitos saludables y adherencia;Cambio de hábitos;bajo;Prevención de recaídas;Tarjeta de afrontamiento;Crear tarjeta breve con frases, pasos y recursos útiles.;Facilitar uso de estrategias en momentos difíciles.;bajo;15 min;media;SRC010;El profesional debe adaptar la tarea al caso, fase terapéutica y nivel de riesgo.
Conducta y hábitos;Hábitos saludables y adherencia;Cambio de hábitos;bajo;Prevención de recaídas;Identificar señales tempranas;Listar señales corporales, emocionales y conductuales de empeoramiento.;Detectar recaída o crisis incipiente.;bajo;20 min;media;SRC010;El profesional debe adaptar la tarea al caso, fase terapéutica y nivel de riesgo.
Conducta y hábitos;Hábitos saludables y adherencia;Cambio de hábitos;bajo;Prevención de recaídas;Plan de seguridad / crisis;Definir contactos, señales de alarma y pasos ante riesgo elevado.;Aumentar seguridad y coordinación clínica.;alto;supervisado;media;SRC010;El profesional debe adaptar la tarea al caso, fase terapéutica y nivel de riesgo.
Conducta y hábitos;Hábitos saludables y adherencia;Cambio de hábitos;bajo;Autocuidado;Pausas programadas;Programar pausas breves de respiración/movimiento durante la jornada.;Reducir acumulación de tensión.;bajo;5 min varias veces/día;media;SRC010;El profesional debe adaptar la tarea al caso, fase terapéutica y nivel de riesgo.
Somatización y salud;Síntomas somáticos asociados a ansiedad;Somatización ansiosa;medio;Psicoeducación;Leer explicación básica del problema;Leer una ficha psicoeducativa adaptada sobre el problema seleccionado.;Comprender el problema y reducir miedo o confusión inicial.;bajo;10-20 min;alta;"SRC001;SRC007";El profesional debe adaptar la tarea al caso, fase terapéutica y nivel de riesgo.
Somatización y salud;Síntomas somáticos asociados a ansiedad;Somatización ansiosa;medio;Psicoeducación;Dibujar el ciclo del problema;Completar un esquema de ciclo: situación, pensamiento, emoción, sensación, conducta y consecuencia.;Identificar mecanismos de mantenimiento.;bajo;15-30 min;alta;"SRC001;SRC007";El profesional debe adaptar la tarea al caso, fase terapéutica y nivel de riesgo.
Somatización y salud;Síntomas somáticos asociados a ansiedad;Somatización ansiosa;medio;Autorregistro;Registro diario de síntomas;Registrar intensidad, duración, situación y respuesta ante síntomas relevantes.;Aumentar conciencia y facilitar análisis clínico.;bajo;7 días;alta;"SRC001;SRC007";El profesional debe adaptar la tarea al caso, fase terapéutica y nivel de riesgo.
Somatización y salud;Síntomas somáticos asociados a ansiedad;Somatización ansiosa;medio;Autorregistro;Registro de emociones;Anotar emoción, intensidad, desencadenante, pensamiento asociado y conducta realizada.;Mejorar identificación emocional.;bajo;7 días;media;"SRC001;SRC007";El profesional debe adaptar la tarea al caso, fase terapéutica y nivel de riesgo.
Somatización y salud;Síntomas somáticos asociados a ansiedad;Somatización ansiosa;medio;Autorregistro;Registro de ataques de pánico;Registrar síntomas, pensamientos, conducta y evolución temporal de cada crisis.;Comprender patrón de pánico.;medio;cada episodio;media;"SRC001;SRC007";El profesional debe adaptar la tarea al caso, fase terapéutica y nivel de riesgo.
Somatización y salud;Síntomas somáticos asociados a ansiedad;Somatización ansiosa;medio;Autorregistro;Registro de obsesiones y compulsiones;Anotar obsesión, ansiedad, compulsión, alivio y coste a largo plazo.;Identificar mapa TOC.;medio;7 días;media;"SRC001;SRC007";El profesional debe adaptar la tarea al caso, fase terapéutica y nivel de riesgo.
Somatización y salud;Síntomas somáticos asociados a ansiedad;Somatización ansiosa;medio;Autorregistro;Registro de preocupaciones nocturnas;Anotar preocupaciones antes de dormir y posponer resolución al día siguiente.;Reducir rumiación nocturna.;bajo;7 días;media;"SRC001;SRC007";El profesional debe adaptar la tarea al caso, fase terapéutica y nivel de riesgo.
Somatización y salud;Síntomas somáticos asociados a ansiedad;Somatización ansiosa;medio;Autorregistro;Registro de energía;Registrar actividades que consumen o recargan energía.;Detectar patrones de burnout.;bajo;7 días;media;"SRC001;SRC007";El profesional debe adaptar la tarea al caso, fase terapéutica y nivel de riesgo.
Somatización y salud;Síntomas somáticos asociados a ansiedad;Somatización ansiosa;medio;Respiración diafragmática;Respiración diafragmática diaria;Practicar respiración lenta abdominal durante 10 minutos.;Reducir activación fisiológica.;bajo;10 min/día;alta;"SRC001;SRC007";El profesional debe adaptar la tarea al caso, fase terapéutica y nivel de riesgo.
Somatización y salud;Síntomas somáticos asociados a ansiedad;Somatización ansiosa;medio;Respiración diafragmática;Plan personal ante crisis de pánico;Crear una tarjeta con pasos de afrontamiento durante una crisis.;Aumentar sensación de control.;bajo;20 min;media;"SRC001;SRC007";El profesional debe adaptar la tarea al caso, fase terapéutica y nivel de riesgo.
Somatización y salud;Síntomas somáticos asociados a ansiedad;Somatización ansiosa;medio;Relajación muscular progresiva;Relajación muscular por grupos;Practicar tensión-distensión de grupos musculares siguiendo una guía.;Reducir tensión corporal.;bajo;15-20 min;media;"SRC001;SRC007";El profesional debe adaptar la tarea al caso, fase terapéutica y nivel de riesgo.
Somatización y salud;Síntomas somáticos asociados a ansiedad;Somatización ansiosa;medio;Reestructuración cognitiva;Registro de pensamientos automáticos;Registrar situación, pensamiento, emoción, intensidad y respuesta alternativa.;Detectar patrones cognitivos.;bajo;7 días;alta;"SRC001;SRC007";El profesional debe adaptar la tarea al caso, fase terapéutica y nivel de riesgo.
Somatización y salud;Síntomas somáticos asociados a ansiedad;Somatización ansiosa;medio;Reestructuración cognitiva;Evidencias a favor y en contra;Analizar un pensamiento automático buscando pruebas que lo apoyen y lo contradigan.;Flexibilizar interpretaciones.;medio;20-30 min;media;"SRC001;SRC007";El profesional debe adaptar la tarea al caso, fase terapéutica y nivel de riesgo.
Somatización y salud;Síntomas somáticos asociados a ansiedad;Somatización ansiosa;medio;Reestructuración cognitiva;Pensamiento alternativo equilibrado;Formular una interpretación alternativa más realista y útil.;Reducir impacto emocional de pensamientos disfuncionales.;medio;15-20 min;media;"SRC001;SRC007";El profesional debe adaptar la tarea al caso, fase terapéutica y nivel de riesgo.
Somatización y salud;Síntomas somáticos asociados a ansiedad;Somatización ansiosa;medio;Reestructuración cognitiva;Coste-beneficio del perfeccionismo;Analizar beneficios aparentes y costes reales de estándares rígidos.;Flexibilizar reglas internas.;bajo;30 min;media;"SRC001;SRC007";El profesional debe adaptar la tarea al caso, fase terapéutica y nivel de riesgo.
Somatización y salud;Síntomas somáticos asociados a ansiedad;Somatización ansiosa;medio;Reestructuración cognitiva;Experimento conductual;Probar una predicción temida y comparar resultado esperado con real.;Actualizar creencias mediante experiencia.;medio;variable;media;"SRC001;SRC007";El profesional debe adaptar la tarea al caso, fase terapéutica y nivel de riesgo.
Somatización y salud;Síntomas somáticos asociados a ansiedad;Somatización ansiosa;medio;Mindfulness / atención plena;Pausa consciente de 3 minutos;Hacer una pausa breve observando respiración, cuerpo y entorno.;Interrumpir automatismos y bajar activación.;bajo;3 min;media;"SRC001;SRC007";El profesional debe adaptar la tarea al caso, fase terapéutica y nivel de riesgo.
Somatización y salud;Síntomas somáticos asociados a ansiedad;Somatización ansiosa;medio;Grounding;Grounding 5-4-3-2-1;Nombrar 5 cosas que ve, 4 que siente, 3 que oye, 2 que huele, 1 que saborea.;Anclarse al presente.;bajo;3-5 min;media;"SRC001;SRC007";El profesional debe adaptar la tarea al caso, fase terapéutica y nivel de riesgo.
